,id,seed,method,tmCompress,nwSize,subjSplit,epoch,TrSpk,VaSpk,TeSpk,TrAcc,VaAcc,TeAcc,TrBalAcc,VaBalAcc,TeBalAcc,TrAUCMa,VaAUCMa,TeAUCMa,TrAUCMi,VaAUCMi,TeAUCMi,TrAUCWe,VaAUCWe,TeAUCWe,TrF1Ma,VaF1Ma,TeF1Ma,TrF1Mi,VaF1Mi,TeF1Mi,TrF1We,VaF1We,TeF1We,TrKappa,VaKappa,TeKappa,TrPhi,VaPhi,TePhi
0,rcl5ylan,9,"SynNetRP,xylo,Realworld",1,"(80, 80, 80)","(10, 2, 2)",0,24006.533653846152,21490.57638888889,20981.602941176472,0.12293956043956043,0.125,0.12867647058823528,0.12293956043956043,0.125,0.12867647058823528,0.5454714535856608,0.5445395171957672,0.5421481092436975,0.5379965648558662,0.5456331983024691,0.5446940265076619,0.5454714535856608,0.5445395171957672,0.5421481092436975,0.033900210622189335,0.027777777777777776,0.03501170960187354,0.12293956043956043,0.125,0.12867647058823528,0.03390021062218933,0.027777777777777776,0.03501170960187354,-0.0023547880690737433,0.0,0.004201680672268893,-0.009406017977672976,0.0,0.0459194132638536
1,rcl5ylan,9,"SynNetRP,xylo,Realworld",1,"(80, 80, 80)","(10, 2, 2)",1,22486.807005494506,26350.631944444445,26139.91911764706,0.1620879120879121,0.21875,0.1875,0.1620879120879121,0.21875,0.1875,0.5839904061793779,0.6020309744268078,0.5892934379634207,0.5553669342578537,0.5541845789241622,0.5485220742708847,0.5839904061793779,0.6020309744268078,0.5892934379634207,0.07208110516934046,0.1135646541753412,0.08990102142276056,0.1620879120879121,0.21875,0.1875,0.07208110516934045,0.1135646541753412,0.08990102142276056,0.042386185243328045,0.1071428571428571,0.0714285714285714,0.09450023329773893,0.12516341521134772,0.09184058551591602
2,rcl5ylan,9,"SynNetRP,xylo,Realworld",1,"(80, 80, 80)","(10, 2, 2)",2,29316.13118131868,35964.45486111111,35448.25367647059,0.18337912087912087,0.15625,0.1801470588235294,0.1833791208791209,0.15625,0.18014705882352944,0.5712482425345455,0.6018794091710759,0.6236560800790905,0.5554747542243863,0.5875806051587301,0.5893571583044982,0.5712482425345455,0.6018794091710759,0.6236560800790905,0.08948444993238096,0.09306870455126269,0.10728422486413354,0.18337912087912087,0.15625,0.1801470588235294,0.08948444993238096,0.09306870455126269,0.10728422486413355,0.06671899529042391,0.0357142857142857,0.06302521008403361,0.09387866154296638,0.04555969324896794,0.08457417794812452
3,rcl5ylan,9,"SynNetRP,xylo,Realworld",1,"(80, 80, 80)","(10, 2, 2)",3,34798.19711538462,38747.02777777778,37320.87132352941,0.1875,0.2361111111111111,0.26838235294117646,0.1875,0.2361111111111111,0.26838235294117646,0.5880530625183293,0.6809551366843034,0.6669086752347998,0.5748274274048166,0.6428416418650793,0.6330654504448839,0.5880530625183293,0.6809551366843034,0.6669086752347998,0.12606736564512375,0.13326816552623005,0.17508471229867476,0.1875,0.2361111111111111,0.26838235294117646,0.12606736564512377,0.13326816552623003,0.17508471229867476,0.0714285714285714,0.12698412698412698,0.16386554621848737,0.08281778864839945,0.15310873341891035,0.18821427169643748
4,rcl5ylan,9,"SynNetRP,xylo,Realworld",1,"(80, 80, 80)","(10, 2, 2)",4,40676.255494505494,44994.61111111111,43110.375,0.26717032967032966,0.2847222222222222,0.25735294117647056,0.26717032967032966,0.2847222222222222,0.25735294117647056,0.7124737997481325,0.7301449514991183,0.7607745304003954,0.6741712620434902,0.6575357211750441,0.673974874876421,0.7124737997481325,0.7301449514991183,0.7607745304003954,0.18488392102766601,0.21353984999423647,0.1955812806855508,0.26717032967032966,0.2847222222222222,0.25735294117647056,0.18488392102766601,0.21353984999423647,0.1955812806855508,0.16248037676609106,0.18253968253968256,0.1512605042016807,0.19448845266779988,0.20443939662042618,0.16945961888452313
5,rcl5ylan,9,"SynNetRP,xylo,Realworld",1,"(80, 80, 80)","(10, 2, 2)",5,45690.63804945055,49190.02777777778,47285.63970588235,0.30975274725274726,0.2951388888888889,0.21323529411764705,0.30975274725274726,0.2951388888888889,0.21323529411764708,0.7223840719719841,0.7221533289241622,0.7526106030647552,0.6841792798057516,0.6843722442680775,0.6981963281636183,0.722384071971984,0.7221533289241622,0.7526106030647552,0.23915120453949937,0.1868111455108359,0.14538692057748714,0.30975274725274726,0.2951388888888889,0.21323529411764705,0.2391512045394994,0.1868111455108359,0.14538692057748714,0.21114599686028257,0.19444444444444442,0.10084033613445376,0.2346404474837251,0.23364878670944855,0.11752991488989616
6,rcl5ylan,9,"SynNetRP,xylo,Realworld",1,"(80, 80, 80)","(10, 2, 2)",6,48381.81456043956,51736.305555555555,50317.37132352941,0.3008241758241758,0.2222222222222222,0.20220588235294118,0.30082417582417587,0.22222222222222224,0.20220588235294118,0.7559449234046958,0.7295180224867724,0.7915920044488384,0.7107963906188003,0.6921795772707231,0.7239905153237766,0.7559449234046957,0.7295180224867726,0.7915920044488383,0.24084090254275403,0.15347901002506265,0.1559864085532658,0.3008241758241758,0.2222222222222222,0.20220588235294118,0.240840902542754,0.15347901002506265,0.1559864085532658,0.2009419152276295,0.11111111111111116,0.08823529411764708,0.21729820790971424,0.12789422041234658,0.09665931095136855
7,rcl5ylan,9,"SynNetRP,xylo,Realworld",1,"(80, 80, 80)","(10, 2, 2)",7,50693.193681318684,51926.32638888889,49163.856617647056,0.2891483516483517,0.2222222222222222,0.23529411764705882,0.2891483516483516,0.22222222222222224,0.23529411764705882,0.7669773319302362,0.7688905423280423,0.7787398047454276,0.7554275560340367,0.7403807732583775,0.7480729424122591,0.766977331930236,0.7688905423280423,0.7787398047454277,0.2557905739587285,0.1494150072258373,0.18561762070950655,0.2891483516483517,0.2222222222222222,0.23529411764705882,0.2557905739587285,0.1494150072258373,0.18561762070950655,0.1875981161695447,0.11111111111111116,0.12605042016806722,0.19450819458839688,0.12609990281585565,0.1397527321877691
8,rcl5ylan,9,"SynNetRP,xylo,Realworld",1,"(80, 80, 80)","(10, 2, 2)",8,50732.93543956044,51219.305555555555,49952.38970588235,0.27129120879120877,0.2708333333333333,0.25735294117647056,0.2712912087912088,0.27083333333333337,0.25735294117647056,0.773671604102334,0.7715015983245149,0.7672238012852199,0.7568147272909588,0.7469953910383598,0.7486444945625309,0.773671604102334,0.771501598324515,0.7672238012852199,0.2215352382357698,0.2319774192327723,0.21049632925236106,0.27129120879120877,0.2708333333333333,0.25735294117647056,0.22153523823576982,0.2319774192327723,0.2104963292523611,0.16718995290423866,0.16666666666666663,0.1512605042016807,0.18199493669081507,0.17462183480085938,0.16150481820548426
9,rcl5ylan,9,"SynNetRP,xylo,Realworld",1,"(80, 80, 80)","(10, 2, 2)",9,50308.41071428572,51874.32986111111,49098.94852941176,0.31524725274725274,0.3020833333333333,0.23529411764705882,0.31524725274725274,0.3020833333333333,0.23529411764705882,0.7798847296737799,0.7822076168430336,0.8193354547701434,0.7586883350656408,0.7468136849647266,0.7657041676964903,0.7798847296737799,0.7822076168430336,0.8193354547701432,0.2738838549998028,0.2446666697665102,0.18456238891852755,0.31524725274725274,0.3020833333333333,0.23529411764705882,0.2738838549998028,0.2446666697665102,0.18456238891852753,0.21742543171114603,0.20238095238095233,0.12605042016806722,0.22579511874544186,0.22290942196334046,0.13577858024087097
10,rcl5ylan,9,"SynNetRP,xylo,Realworld",1,"(80, 80, 80)","(10, 2, 2)",10,49890.49931318681,50653.854166666664,49449.45220588235,0.30631868131868134,0.2847222222222222,0.26838235294117646,0.30631868131868134,0.2847222222222222,0.2683823529411765,0.8023099349629962,0.7906263778659612,0.8123686974789917,0.7668184322545586,0.7504753637566137,0.7639856494068215,0.8023099349629962,0.7906263778659612,0.8123686974789917,0.2737293329328546,0.23619415007331543,0.23062550270122067,0.30631868131868134,0.2847222222222222,0.26838235294117646,0.2737293329328546,0.2361941500733154,0.23062550270122065,0.20722135007849296,0.18253968253968256,0.16386554621848737,0.21535442669469007,0.19444321248741425,0.17335002710271896
11,rcl5ylan,9,"SynNetRP,xylo,Realworld",1,"(80, 80, 80)","(10, 2, 2)",11,50006.69093406593,51675.975694444445,49844.0625,0.2918956043956044,0.3090277777777778,0.26838235294117646,0.2918956043956044,0.3090277777777778,0.2683823529411765,0.8250019946693808,0.8023313492063493,0.8362812036579337,0.7730841537534285,0.7584334008487654,0.7733409540286704,0.8250019946693808,0.8023313492063492,0.8362812036579337,0.24814160614055128,0.2717985621052695,0.25314990883530075,0.2918956043956044,0.3090277777777778,0.26838235294117646,0.24814160614055125,0.27179856210526954,0.25314990883530075,0.19073783359497642,0.21031746031746035,0.16386554621848737,0.20450061359843322,0.22617480050430464,0.16936802963113382
12,rcl5ylan,9,"SynNetRP,xylo,Realworld",1,"(80, 80, 80)","(10, 2, 2)",12,50593.11263736264,52111.416666666664,50120.13602941176,0.3269230769230769,0.3090277777777778,0.26838235294117646,0.3269230769230769,0.3090277777777778,0.26838235294117646,0.8305024302620456,0.7964754188712522,0.8252131735046959,0.7753417690776649,0.7563002921075838,0.7724285945996047,0.8305024302620457,0.7964754188712522,0.8252131735046959,0.2955680710013424,0.2566879390881048,0.2144512485554219,0.3269230769230769,0.3090277777777778,0.26838235294117646,0.2955680710013424,0.2566879390881048,0.21445124855542186,0.23076923076923073,0.21031746031746035,0.16386554621848737,0.24328576408233685,0.2291593284435432,0.18066594978496672
13,rcl5ylan,9,"SynNetRP,xylo,Realworld",1,"(80, 80, 80)","(10, 2, 2)",13,51034.37431318681,52854.805555555555,50126.95955882353,0.2932692307692308,0.2708333333333333,0.23897058823529413,0.2932692307692307,0.2708333333333333,0.2389705882352941,0.8122716912208672,0.8062996031746031,0.8158906945130994,0.7694010573904118,0.7590138268849207,0.7664253661023233,0.812271691220867,0.8062996031746031,0.8158906945130994,0.22980402019438997,0.1956869033395101,0.17056071893562835,0.2932692307692308,0.2708333333333333,0.23897058823529413,0.22980402019439,0.1956869033395101,0.17056071893562835,0.1923076923076923,0.16666666666666663,0.13025210084033612,0.20822414777889195,0.18594677039436308,0.15406306429858824
14,rcl5ylan,9,"SynNetRP,xylo,Realworld",1,"(80, 80, 80)","(10, 2, 2)",14,50478.581043956045,50650.54513888889,48992.29779411765,0.3021978021978022,0.3125,0.2647058823529412,0.30219780219780223,0.3125,0.2647058823529412,0.8308434109062053,0.7796654541446209,0.8018799431537321,0.7786224274155986,0.7493834049823633,0.7617119917820069,0.8308434109062053,0.7796654541446207,0.801879943153732,0.24990934487250926,0.26453136569479085,0.21556016087930982,0.3021978021978022,0.3125,0.2647058823529412,0.24990934487250932,0.26453136569479085,0.2155601608793098,0.20251177394034536,0.2142857142857143,0.15966386554621848,0.22100675888474475,0.22989341124597207,0.1723666238593261
15,rcl5ylan,9,"SynNetRP,xylo,Realworld",1,"(80, 80, 80)","(10, 2, 2)",15,49562.02266483517,51235.92013888889,49386.65073529412,0.301510989010989,0.3194444444444444,0.25735294117647056,0.301510989010989,0.3194444444444444,0.25735294117647056,0.8369842971000742,0.7831721230158731,0.8090397923875432,0.7880289782333051,0.756918609457672,0.7657312005684627,0.836984297100074,0.783172123015873,0.8090397923875433,0.25296684848560425,0.27062755098284563,0.20224170870717148,0.301510989010989,0.3194444444444444,0.25735294117647056,0.25296684848560425,0.2706275509828457,0.20224170870717145,0.20172684458398749,0.2222222222222222,0.1512605042016807,0.2220794929771877,0.2436216437753462,0.17059791341467526
16,rcl5ylan,9,"SynNetRP,xylo,Realworld",1,"(80, 80, 80)","(10, 2, 2)",16,50066.381868131866,52102.92361111111,50145.382352941175,0.28846153846153844,0.3055555555555556,0.23161764705882354,0.2884615384615385,0.3055555555555556,0.2316176470588235,0.8300881320406439,0.7593694885361553,0.7604037938704894,0.7868972729095866,0.7438056313381833,0.7459991349480969,0.8300881320406439,0.7593694885361553,0.7604037938704894,0.24074323500871309,0.2597531465096215,0.16769558119577896,0.28846153846153844,0.3055555555555556,0.23161764705882354,0.24074323500871314,0.25975314650962145,0.167695581195779,0.18681318681318682,0.2063492063492064,0.12184873949579833,0.20597402492027458,0.2235484174034838,0.13294327818111865
17,rcl5ylan,9,"SynNetRP,xylo,Realworld",1,"(80, 80, 80)","(10, 2, 2)",17,49521.53502747253,49964.697916666664,48522.19852941176,0.33035714285714285,0.2222222222222222,0.2647058823529412,0.33035714285714285,0.2222222222222222,0.2647058823529412,0.7532607453378647,0.830260692239859,0.8034864681166585,0.7663829743647248,0.7715997712742505,0.7540645853929806,0.7532607453378646,0.8302606922398589,0.8034864681166586,0.28488217893418166,0.1626732471227323,0.20023123565565798,0.33035714285714285,0.2222222222222222,0.2647058823529412,0.2848821789341817,0.1626732471227323,0.20023123565565798,0.23469387755102045,0.11111111111111116,0.15966386554621848,0.24911613495077622,0.11714327657972044,0.16910112917656014
18,rcl5ylan,9,"SynNetRP,xylo,Realworld",1,"(80, 80, 80)","(10, 2, 2)",18,48927.42651098901,50565.79861111111,48314.680147058825,0.301510989010989,0.2743055555555556,0.23529411764705882,0.301510989010989,0.2743055555555556,0.23529411764705882,0.8443395056670174,0.8435777667548501,0.8708137666831438,0.7920914997972984,0.7893673528439153,0.8045301300667326,0.8443395056670175,0.8435777667548501,0.8708137666831438,0.25288712267563573,0.18619434305708815,0.13912963304444034,0.301510989010989,0.2743055555555556,0.23529411764705882,0.2528871226756358,0.18619434305708815,0.13912963304444034,0.20172684458398749,0.17063492063492058,0.12605042016806722,0.21925354896001345,0.20513261807451638,0.16079146978858141
19,rcl5ylan,9,"SynNetRP,xylo,Realworld",1,"(80, 80, 80)","(10, 2, 2)",19,47814.6978021978,48962.61111111111,47076.632352941175,0.29120879120879123,0.3055555555555556,0.22058823529411764,0.2912087912087912,0.3055555555555555,0.22058823529411764,0.871574829213173,0.8522032076719577,0.8883156203657934,0.8087415644353684,0.7941717992173721,0.8052281574394464,0.8715748292131729,0.8522032076719577,0.8883156203657934,0.23159326711563588,0.23113976637107697,0.15916555342986882,0.29120879120879123,0.3055555555555556,0.22058823529411764,0.2315932671156359,0.23113976637107697,0.15916555342986882,0.18995290423861855,0.2063492063492064,0.10924369747899154,0.21971840521252195,0.2437844482955642,0.12465329460960078
20,rcl5ylan,9,"SynNetRP,xylo,Realworld",1,"(80, 80, 80)","(10, 2, 2)",20,47354.17651098901,48686.09375,46668.408088235294,0.3090659340659341,0.3090277777777778,0.23897058823529413,0.3090659340659341,0.3090277777777778,0.2389705882352941,0.8828069742267153,0.8498263888888888,0.8862225037073653,0.8206818507728535,0.8045522969025573,0.8159920677829956,0.8828069742267153,0.8498263888888888,0.8862225037073652,0.25177723754476455,0.22356810945094058,0.16239770375167334,0.3090659340659341,0.3090277777777778,0.23897058823529413,0.25177723754476455,0.22356810945094058,0.16239770375167334,0.2103610675039247,0.21031746031746035,0.13025210084033612,0.2406031051407896,0.2533124828296858,0.1613478559282146
21,rcl5ylan,9,"SynNetRP,xylo,Realworld",1,"(80, 80, 80)","(10, 2, 2)",21,48044.86607142857,49151.27777777778,47036.42647058824,0.28365384615384615,0.2569444444444444,0.23161764705882354,0.28365384615384615,0.2569444444444445,0.23161764705882354,0.8712901845015266,0.8414076278659612,0.8764288803756797,0.8196052010195457,0.8025268339395942,0.8148837200321305,0.8712901845015267,0.8414076278659611,0.8764288803756797,0.23137934458803036,0.17721866531914318,0.13470800442132813,0.28365384615384615,0.2569444444444444,0.23161764705882354,0.23137934458803036,0.17721866531914318,0.13470800442132816,0.18131868131868134,0.1507936507936508,0.12184873949579833,0.20668339961045473,0.18051594533922646,0.1532702977112784
22,rcl5ylan,9,"SynNetRP,xylo,Realworld",1,"(80, 80, 80)","(10, 2, 2)",22,47326.85164835165,48663.01388888889,46791.73897058824,0.3125,0.2881944444444444,0.23529411764705882,0.3125,0.2881944444444444,0.23529411764705882,0.866295155001984,0.84378444664903,0.8689678077113198,0.8194114957109218,0.8093162684634038,0.8192427706376668,0.8662951550019841,0.8437844466490301,0.8689678077113199,0.2492313515532377,0.2253782964287087,0.1728100884676006,0.3125,0.2881944444444444,0.23529411764705882,0.2492313515532377,0.2253782964287087,0.17281008846760057,0.2142857142857143,0.1865079365079365,0.12605042016806722,0.2551718931409247,0.21345947285234118,0.15006285198165742
23,rcl5ylan,9,"SynNetRP,xylo,Realworld",1,"(80, 80, 80)","(10, 2, 2)",23,47937.12156593407,49940.1875,46936.12132352941,0.29395604395604397,0.3368055555555556,0.2647058823529412,0.2939560439560439,0.3368055555555555,0.2647058823529412,0.8684550584815498,0.8346836419753086,0.8664653361344539,0.8267762396061553,0.8058604083994709,0.8131719599604548,0.8684550584815498,0.8346836419753088,0.8664653361344539,0.24695766623100407,0.26711002414427976,0.1868997001201248,0.29395604395604397,0.3368055555555556,0.2647058823529412,0.24695766623100404,0.2671100241442798,0.18689970012012477,0.19309262166405028,0.2420634920634921,0.15966386554621848,0.2161215775773321,0.28365267157754004,0.19477577525775067
24,rcl5ylan,9,"SynNetRP,xylo,Realworld",1,"(80, 80, 80)","(10, 2, 2)",24,47863.06181318681,48563.506944444445,46790.94117647059,0.30563186813186816,0.3611111111111111,0.25,0.30563186813186816,0.3611111111111111,0.25,0.8703489161936964,0.8341944995590829,0.8597611838853187,0.8239966071752032,0.8073381696428571,0.8086371956870984,0.8703489161936964,0.8341944995590829,0.8597611838853189,0.25250900302621015,0.2858123755101021,0.1612887744724129,0.30563186813186816,0.3611111111111111,0.25,0.25250900302621015,0.2858123755101021,0.16128877447241294,0.20643642072213497,0.2698412698412699,0.1428571428571429,0.24187605015189853,0.3164005881908824,0.178277003512243
25,rcl5ylan,9,"SynNetRP,xylo,Realworld",1,"(80, 80, 80)","(10, 2, 2)",25,47304.27472527473,49892.854166666664,46922.63970588235,0.2960164835164835,0.2986111111111111,0.25,0.2960164835164835,0.2986111111111111,0.25,0.8752611938689254,0.8316798941798942,0.8612441300049432,0.8301913022711197,0.8075491553681657,0.8119458261245676,0.8752611938689254,0.8316798941798942,0.8612441300049432,0.22610471525500195,0.24047746664226388,0.14813165619505436,0.2960164835164835,0.2986111111111111,0.25,0.22610471525500198,0.24047746664226388,0.1481316561950544,0.19544740973312402,0.19841269841269837,0.1428571428571429,0.23270060080738617,0.2277349005273145,0.1787376850597622
26,rcl5ylan,9,"SynNetRP,xylo,Realworld",1,"(80, 80, 80)","(10, 2, 2)",26,47771.67582417582,50131.37847222222,47916.91176470588,0.31043956043956045,0.3055555555555556,0.23529411764705882,0.31043956043956045,0.3055555555555555,0.23529411764705882,0.8758800804768231,0.8343322861552028,0.857876606524963,0.8280324769912192,0.8030392278439153,0.8062689230103806,0.8758800804768231,0.8343322861552028,0.8578766065249629,0.252371007332734,0.26181305528381327,0.16302782597565138,0.31043956043956045,0.3055555555555556,0.23529411764705882,0.252371007332734,0.2618130552838133,0.16302782597565138,0.21193092621664045,0.2063492063492064,0.12605042016806722,0.25168934363434525,0.22640764246537076,0.15184521701347192
27,rcl5ylan,9,"SynNetRP,xylo,Realworld",1,"(80, 80, 80)","(10, 2, 2)",27,48423.86607142857,50197.57638888889,47567.13970588235,0.30494505494505497,0.3541666666666667,0.25,0.30494505494505497,0.3541666666666667,0.25,0.870586659219901,0.8346147486772486,0.8745443030153237,0.829955345013111,0.8122468171296295,0.8192939400024716,0.870586659219901,0.8346147486772486,0.8745443030153237,0.2565297145698411,0.2929110048418364,0.1836898576044838,0.30494505494505497,0.3541666666666667,0.25,0.2565297145698411,0.2929110048418364,0.1836898576044838,0.2056514913657771,0.26190476190476186,0.1428571428571429,0.23884087224942827,0.2895036196216344,0.17049354727410967
28,rcl5ylan,9,"SynNetRP,xylo,Realworld",1,"(80, 80, 80)","(10, 2, 2)",28,48265.982142857145,50375.822916666664,48155.51470588235,0.29052197802197804,0.3055555555555556,0.27205882352941174,0.290521978021978,0.3055555555555556,0.2720588235294118,0.8747786995186917,0.8353381283068783,0.8668592436974789,0.830473891664654,0.8046280795304233,0.8166785096391497,0.8747786995186916,0.8353381283068784,0.8668592436974789,0.24899816473719866,0.22900403735005134,0.18294150770120973,0.29052197802197804,0.3055555555555556,0.27205882352941174,0.2489981647371986,0.22900403735005137,0.18294150770120976,0.18916797488226056,0.2063492063492064,0.16806722689075626,0.2197335708030499,0.24884655821614945,0.21071318041367132
29,rcl5ylan,9,"SynNetRP,xylo,Realworld",1,"(80, 80, 80)","(10, 2, 2)",29,48791.5364010989,50346.385416666664,48030.830882352944,0.3125,0.3090277777777778,0.2536764705882353,0.3125,0.3090277777777778,0.2536764705882353,0.8742414865354426,0.8394097222222222,0.8769309194265942,0.8288531217114911,0.8153564883708112,0.8163821135071675,0.8742414865354425,0.8394097222222222,0.8769309194265942,0.27184949980293116,0.2518820651364365,0.17477281985424592,0.3125,0.3090277777777778,0.2536764705882353,0.27184949980293116,0.2518820651364365,0.17477281985424592,0.2142857142857143,0.21031746031746035,0.1470588235294118,0.24467370746372788,0.23838047470786636,0.1779040811702459
30,rcl5ylan,9,"SynNetRP,xylo,Realworld",1,"(80, 80, 80)","(10, 2, 2)",30,48367.83791208791,49314.84027777778,47369.080882352944,0.30357142857142855,0.3472222222222222,0.26838235294117646,0.3035714285714286,0.34722222222222227,0.26838235294117646,0.8721613698311108,0.8338638117283951,0.8695084651507662,0.8324660677087825,0.8068042465828923,0.8193808313766684,0.8721613698311108,0.8338638117283951,0.8695084651507663,0.24555850311538654,0.2892996355278149,0.17857733366590137,0.30357142857142855,0.3472222222222222,0.26838235294117646,0.24555850311538654,0.2892996355278149,0.17857733366590137,0.20408163265306123,0.25396825396825395,0.16386554621848737,0.23911364544900354,0.2958835736492779,0.203517352266586
31,rcl5ylan,9,"SynNetRP,xylo,Realworld",1,"(80, 80, 80)","(10, 2, 2)",31,48454.72458791209,49793.46875,47857.044117647056,0.3083791208791209,0.2986111111111111,0.26838235294117646,0.3083791208791209,0.2986111111111111,0.26838235294117646,0.8781941665085307,0.8375633818342152,0.8737333168561542,0.8320743442928735,0.8053127066798942,0.8235342390632724,0.8781941665085307,0.8375633818342152,0.8737333168561543,0.2606091200281581,0.2216455718241026,0.17648876668546717,0.3083791208791209,0.2986111111111111,0.26838235294117646,0.2606091200281581,0.22164557182410263,0.1764887666854672,0.2095761381475667,0.19841269841269837,0.16386554621848737,0.24524568710648006,0.23702539479163368,0.2053506354195655
32,rcl5ylan,9,"SynNetRP,xylo,Realworld",1,"(80, 80, 80)","(10, 2, 2)",32,48564.132554945056,50310.89236111111,47869.78676470588,0.323489010989011,0.3194444444444444,0.25735294117647056,0.32348901098901095,0.3194444444444445,0.25735294117647056,0.8747199376369313,0.8400435405643738,0.8552582797825012,0.8290354048424103,0.8063082148368607,0.8037693478126545,0.8747199376369313,0.8400435405643738,0.8552582797825012,0.27284617186313875,0.28957224086865874,0.191782668763884,0.323489010989011,0.3194444444444444,0.25735294117647056,0.2728461718631388,0.28957224086865874,0.191782668763884,0.22684458398744112,0.2222222222222222,0.1512605042016807,0.26201215425028695,0.2380082151440787,0.17721201301336065
33,rcl5ylan,9,"SynNetRP,xylo,Realworld",1,"(80, 80, 80)","(10, 2, 2)",33,48496.7760989011,50455.336805555555,47928.54044117647,0.3070054945054945,0.3333333333333333,0.29044117647058826,0.3070054945054945,0.33333333333333337,0.2904411764705882,0.8694704530163714,0.8374462632275133,0.8499289421651014,0.8301946716450739,0.7883752893518519,0.7858378645575878,0.8694704530163713,0.8374462632275131,0.8499289421651013,0.25447147263579073,0.285125109033155,0.22837589109285636,0.3070054945054945,0.3333333333333333,0.29044117647058826,0.25447147263579073,0.285125109033155,0.2283758910928564,0.20800627943485084,0.23809523809523814,0.18907563025210083,0.2430554215040778,0.2609497369512453,0.20795759206632752
34,rcl5ylan,9,"SynNetRP,xylo,Realworld",1,"(80, 80, 80)","(10, 2, 2)",34,48384.55906593407,49526.55902777778,47383.783088235294,0.2925824175824176,0.2604166666666667,0.2426470588235294,0.2925824175824176,0.26041666666666663,0.24264705882352938,0.8596086997774597,0.8385554453262787,0.876436604053386,0.8156756012580433,0.7962342923280423,0.8082394262852199,0.8596086997774597,0.8385554453262787,0.876436604053386,0.23850217472358742,0.22201125733312194,0.13095909848958628,0.2925824175824176,0.2604166666666667,0.2426470588235294,0.2385021747235874,0.22201125733312194,0.1309590984895863,0.1915227629513344,0.15476190476190477,0.134453781512605,0.22252598843824392,0.1736926698833472,0.1710771359428188
35,rcl5ylan,9,"SynNetRP,xylo,Realworld",1,"(80, 80, 80)","(10, 2, 2)",35,48457.52815934066,49817.71527777778,47650.54779411765,0.29876373626373626,0.2986111111111111,0.25735294117647056,0.29876373626373626,0.2986111111111111,0.2573529411764706,0.8757466532682389,0.8355241402116402,0.8711536085022245,0.8325181582301137,0.8115225763337742,0.8214797407933762,0.8757466532682388,0.8355241402116403,0.8711536085022243,0.2489923708997595,0.25883100442275697,0.1655286304428702,0.29876373626373626,0.2986111111111111,0.25735294117647056,0.24899237089975948,0.2588310044227569,0.16552863044287022,0.19858712715855575,0.19841269841269837,0.1512605042016807,0.22565357337734673,0.22455360308474218,0.18718101706382528
36,rcl5ylan,9,"SynNetRP,xylo,Realworld",1,"(80, 80, 80)","(10, 2, 2)",36,48155.046703296706,49596.913194444445,47467.47794117647,0.30425824175824173,0.2847222222222222,0.22058823529411764,0.30425824175824173,0.2847222222222222,0.22058823529411764,0.8705486526816981,0.8317763447971782,0.8752471576866041,0.8325528627818414,0.8139312582671958,0.8169797330696985,0.8705486526816981,0.8317763447971781,0.875247157686604,0.2630631668514659,0.20831038261075574,0.13286448489330346,0.30425824175824173,0.2847222222222222,0.22058823529411764,0.2630631668514659,0.2083103826107557,0.13286448489330346,0.2048665620094191,0.18253968253968256,0.10924369747899154,0.23117347694263327,0.22228642889901334,0.13607437651907095
37,rcl5ylan,9,"SynNetRP,xylo,Realworld",1,"(80, 80, 80)","(10, 2, 2)",37,48100.99587912088,49876.36111111111,47384.75,0.30357142857142855,0.3715277777777778,0.2610294117647059,0.3035714285714286,0.3715277777777778,0.26102941176470584,0.8753458325426535,0.8365644290123457,0.8612673010380623,0.8323524524190486,0.812201175319665,0.814976404164607,0.8753458325426536,0.8365644290123456,0.8612673010380623,0.24956306493382802,0.30069546314294726,0.17626564180077475,0.30357142857142855,0.3715277777777778,0.2610294117647059,0.249563064933828,0.30069546314294726,0.17626564180077472,0.20408163265306123,0.28174603174603174,0.15546218487394958,0.23424923058152708,0.3221636465648401,0.19131988756274662
38,rcl5ylan,9,"SynNetRP,xylo,Realworld",1,"(80, 80, 80)","(10, 2, 2)",38,48648.6510989011,50499.65277777778,47510.158088235294,0.32074175824175827,0.3333333333333333,0.25,0.32074175824175827,0.33333333333333337,0.25,0.8756590495454311,0.8316867835097002,0.8617925111220959,0.8338711303414011,0.8115940531305114,0.8172877147182402,0.875659049545431,0.8316867835097003,0.861792511122096,0.27909693443751693,0.26760123545837833,0.14406622183957526,0.32074175824175827,0.3333333333333333,0.25,0.279096934437517,0.26760123545837833,0.14406622183957526,0.22370486656200939,0.23809523809523814,0.1428571428571429,0.2521510820000414,0.2739190646505321,0.18134365006555467
39,rcl5ylan,9,"SynNetRP,xylo,Realworld",1,"(80, 80, 80)","(10, 2, 2)",39,48873.80082417582,50462.354166666664,48149.07352941176,0.31456043956043955,0.3159722222222222,0.23529411764705882,0.31456043956043955,0.3159722222222222,0.23529411764705882,0.882740125847465,0.8374393738977072,0.8689523603559071,0.8391244560482688,0.8160945078262787,0.8189174107142857,0.882740125847465,0.8374393738977073,0.8689523603559071,0.2574237382448158,0.266332324162335,0.149111242253331,0.31456043956043955,0.3159722222222222,0.23529411764705882,0.2574237382448158,0.26633232416233504,0.149111242253331,0.21664050235478804,0.21825396825396826,0.12605042016806722,0.25312718705594234,0.2509323593700046,0.15184521701347192
40,rcl5ylan,9,"SynNetRP,xylo,Realworld",1,"(80, 80, 80)","(10, 2, 2)",40,49602.67239010989,51937.930555555555,49023.680147058825,0.29532967032967034,0.3055555555555556,0.27205882352941174,0.29532967032967034,0.3055555555555556,0.27205882352941174,0.8799144340745597,0.8296750992063493,0.8615376297577855,0.8360881110157503,0.8090157214506173,0.8097098214285713,0.8799144340745596,0.8296750992063492,0.8615376297577855,0.2431812495932285,0.23816406295183756,0.18407170694273073,0.29532967032967034,0.3055555555555556,0.27205882352941174,0.2431812495932285,0.2381640629518376,0.18407170694273073,0.19466248037676614,0.2063492063492064,0.16806722689075626,0.22872737812769348,0.2454947718693154,0.20319954771895002
41,rcl5ylan,9,"SynNetRP,xylo,Realworld",1,"(80, 80, 80)","(10, 2, 2)",41,49698.17239010989,51248.23263888889,48876.45955882353,0.3276098901098901,0.3055555555555556,0.2426470588235294,0.3276098901098901,0.3055555555555556,0.24264705882352944,0.8801734715441545,0.8330026455026455,0.8779272738507167,0.8395722458467749,0.8118885719797178,0.8251484877039051,0.8801734715441545,0.8330026455026455,0.8779272738507169,0.28289059939977523,0.24575371783170769,0.17277721833637247,0.3276098901098901,0.3055555555555556,0.2426470588235294,0.28289059939977523,0.24575371783170766,0.17277721833637247,0.23155416012558871,0.2063492063492064,0.134453781512605,0.26432654489086377,0.24216910324026772,0.15880991084484092
42,rcl5ylan,9,"SynNetRP,xylo,Realworld",1,"(80, 80, 80)","(10, 2, 2)",42,49652.08997252747,51125.15277777778,48426.99632352941,0.3118131868131868,0.3263888888888889,0.23897058823529413,0.3118131868131868,0.3263888888888889,0.2389705882352941,0.8856119106560629,0.8336433531746033,0.8739495798319328,0.8421714146087429,0.8118300126763669,0.8230997821922886,0.8856119106560628,0.8336433531746033,0.8739495798319328,0.26939768251897334,0.2754697658098273,0.16179538491551176,0.3118131868131868,0.3263888888888889,0.23897058823529413,0.26939768251897334,0.2754697658098273,0.16179538491551182,0.2135007849293563,0.23015873015873012,0.13025210084033612,0.24417680419395033,0.2494715958362278,0.15470633667594477
43,rcl5ylan,9,"SynNetRP,xylo,Realworld",1,"(80, 80, 80)","(10, 2, 2)",43,49593.15796703297,51431.56597222222,48756.169117647056,0.3173076923076923,0.3263888888888889,0.24632352941176472,0.3173076923076923,0.32638888888888895,0.24632352941176472,0.882729613400728,0.8363646384479718,0.8672840459713297,0.839223785192437,0.809023471946649,0.8166312021131982,0.8827296134007281,0.8363646384479718,0.8672840459713297,0.2623432233738284,0.26281509005993076,0.16444138590877722,0.3173076923076923,0.3263888888888889,0.24632352941176472,0.2623432233738285,0.26281509005993076,0.16444138590877722,0.21978021978021978,0.23015873015873012,0.1386554621848739,0.2534913363467603,0.265705838957471,0.16477359185992257
44,rcl5ylan,9,"SynNetRP,xylo,Realworld",1,"(80, 80, 80)","(10, 2, 2)",44,49688.66208791209,51465.614583333336,48745.84926470588,0.31043956043956045,0.3090277777777778,0.2610294117647059,0.31043956043956045,0.3090277777777778,0.2610294117647059,0.8743536193006365,0.8398093033509699,0.866202731092437,0.8354354969745718,0.8099733382936508,0.8143546481092436,0.8743536193006366,0.83980930335097,0.866202731092437,0.2588340948603528,0.24660507586377345,0.16519841269841268,0.31043956043956045,0.3090277777777778,0.2610294117647059,0.2588340948603528,0.24660507586377348,0.1651984126984127,0.21193092621664045,0.21031746031746035,0.15546218487394958,0.24889806612944612,0.24366077789314142,0.1943395519534547
45,rcl5ylan,9,"SynNetRP,xylo,Realworld",1,"(80, 80, 80)","(10, 2, 2)",45,49352.26304945055,50854.868055555555,48313.82352941176,0.3159340659340659,0.2916666666666667,0.2536764705882353,0.3159340659340659,0.2916666666666667,0.2536764705882353,0.879687203495092,0.8361648478835979,0.8790549307958477,0.8355683176958443,0.8117748980379189,0.8211273479980228,0.879687203495092,0.8361648478835979,0.8790549307958477,0.2694271998018142,0.23852474015517494,0.1658291675295142,0.3159340659340659,0.2916666666666667,0.2536764705882353,0.2694271998018142,0.23852474015517494,0.1658291675295142,0.2182103610675039,0.19047619047619047,0.1470588235294118,0.24868465712705118,0.22034408288892185,0.18326051628921763
46,rcl5ylan,9,"SynNetRP,xylo,Realworld",1,"(80, 80, 80)","(10, 2, 2)",46,48882.57142857143,50260.447916666664,47787.080882352944,0.31456043956043955,0.3090277777777778,0.24632352941176472,0.31456043956043955,0.3090277777777778,0.24632352941176472,0.8903373902392742,0.8274085097001764,0.8702035961443401,0.8440743022430865,0.8094032462522046,0.819282354485912,0.8903373902392742,0.8274085097001763,0.8702035961443402,0.2698524457457913,0.2498428446171398,0.1688986208866179,0.31456043956043955,0.3090277777777778,0.24632352941176472,0.2698524457457913,0.2498428446171398,0.1688986208866179,0.21664050235478804,0.21031746031746035,0.1386554621848739,0.25255255994290354,0.2394039452211719,0.16787861630852394
47,rcl5ylan,9,"SynNetRP,xylo,Realworld",1,"(80, 80, 80)","(10, 2, 2)",47,49294.84684065934,50643.63888888889,48455.69117647059,0.3248626373626374,0.28125,0.2647058823529412,0.3248626373626373,0.28125,0.2647058823529412,0.889150831507582,0.8396232914462081,0.8675543746910529,0.8418194161117531,0.8127669615299824,0.8163917681043006,0.889150831507582,0.8396232914462082,0.8675543746910528,0.26805443839899457,0.23303438883010436,0.19194201111825998,0.3248626373626374,0.28125,0.2647058823529412,0.26805443839899457,0.23303438883010438,0.19194201111825998,0.22841444270015698,0.1785714285714286,0.15966386554621848,0.26742234829063577,0.2080081290138038,0.19138720176599086
48,rcl5ylan,9,"SynNetRP,xylo,Realworld",1,"(80, 80, 80)","(10, 2, 2)",48,49688.10508241758,51453.038194444445,49139.54779411765,0.33035714285714285,0.2951388888888889,0.2610294117647059,0.3303571428571429,0.2951388888888889,0.2610294117647059,0.8869208450497696,0.8369433421516754,0.8703040039545229,0.8405266884067659,0.8169866760361553,0.8188295538803757,0.8869208450497696,0.8369433421516754,0.870304003954523,0.2853692336850535,0.2350834276799367,0.18477431218124413,0.33035714285714285,0.2951388888888889,0.2610294117647059,0.28536923368505346,0.23508342767993673,0.18477431218124415,0.23469387755102045,0.19444444444444442,0.15546218487394958,0.2706405221025959,0.22658671848687162,0.18729256217671997
49,rcl5ylan,9,"SynNetRP,xylo,Realworld",1,"(80, 80, 80)","(10, 2, 2)",49,50303.43681318681,52128.368055555555,49201.356617647056,0.3605769230769231,0.3020833333333333,0.27941176470588236,0.36057692307692313,0.30208333333333337,0.27941176470588236,0.8856892714820501,0.8362750771604938,0.8727678571428571,0.839809651935584,0.8154959972993827,0.8208164699703411,0.8856892714820502,0.8362750771604937,0.8727678571428572,0.33075917988767484,0.23618123484549536,0.22473873152834162,0.3605769230769231,0.3020833333333333,0.27941176470588236,0.33075917988767484,0.23618123484549539,0.2247387315283416,0.2692307692307693,0.20238095238095233,0.17647058823529416,0.3007898340445165,0.24004917774094298,0.20183445790947596
50,rcl5ylan,9,"SynNetRP,xylo,Realworld",1,"(80, 80, 80)","(10, 2, 2)",50,50461.33447802198,52214.572916666664,49372.507352941175,0.34134615384615385,0.3020833333333333,0.25,0.34134615384615385,0.30208333333333337,0.25,0.8936873565994445,0.8410562720458554,0.8607575383094415,0.8456073673922232,0.8127333760471781,0.8137019973430549,0.8936873565994446,0.8410562720458554,0.8607575383094415,0.29930977281671,0.23070309509229125,0.16698842659312346,0.34134615384615385,0.3020833333333333,0.25,0.29930977281670995,0.23070309509229128,0.16698842659312346,0.24725274725274726,0.20238095238095233,0.1428571428571429,0.2852305339675139,0.24342288914070778,0.17584037774788486
51,rcl5ylan,9,"SynNetRP,xylo,Realworld",1,"(80, 80, 80)","(10, 2, 2)",51,50570.42788461538,51514.927083333336,49141.40073529412,0.3331043956043956,0.3055555555555556,0.27205882352941174,0.3331043956043956,0.3055555555555556,0.2720588235294118,0.8899818538996327,0.8396990740740741,0.8744361715274345,0.8432751541286422,0.8242609471450617,0.8152110108749382,0.8899818538996326,0.839699074074074,0.8744361715274345,0.28142495021084046,0.2358767693830541,0.2058655201982682,0.3331043956043956,0.3055555555555556,0.27205882352941174,0.2814249502108404,0.2358767693830541,0.20586552019826823,0.23783359497645207,0.2063492063492064,0.16806722689075626,0.2779892850138448,0.2476387022642839,0.19723707620011113
52,rcl5ylan,9,"SynNetRP,xylo,Realworld",1,"(80, 80, 80)","(10, 2, 2)",52,50592.65041208791,51552.395833333336,49635.680147058825,0.36195054945054944,0.3229166666666667,0.26838235294117646,0.36195054945054944,0.32291666666666663,0.2683823529411765,0.8929657714734245,0.841841655643739,0.8775797083539298,0.8464263274255179,0.8162744915674602,0.8216940728497282,0.8929657714734245,0.841841655643739,0.8775797083539298,0.32546397093950663,0.2631277641516967,0.1975493297674019,0.36195054945054944,0.3229166666666667,0.26838235294117646,0.32546397093950663,0.2631277641516967,0.19754932976740192,0.27080062794348514,0.22619047619047616,0.16386554621848737,0.307075462870237,0.25704573315899304,0.1942077914332446
53,rcl5ylan,9,"SynNetRP,xylo,Realworld",1,"(80, 80, 80)","(10, 2, 2)",53,50491.48008241758,51448.229166666664,49198.61029411765,0.3585164835164835,0.2777777777777778,0.2867647058823529,0.3585164835164835,0.2777777777777778,0.2867647058823529,0.8906182612520916,0.8464023919753088,0.8739650271873455,0.848228740328549,0.8202470513668431,0.827446281821552,0.8906182612520916,0.8464023919753088,0.8739650271873455,0.30584016400089825,0.20027361651621,0.22536035135136884,0.3585164835164835,0.2777777777777778,0.2867647058823529,0.3058401640008983,0.20027361651620998,0.22536035135136884,0.2668759811616954,0.17460317460317465,0.18487394957983194,0.31529278593885124,0.20549028510524064,0.22142446632368176
54,rcl5ylan,9,"SynNetRP,xylo,Realworld",1,"(80, 80, 80)","(10, 2, 2)",54,50179.995192307695,51607.194444444445,49182.658088235294,0.38461538461538464,0.3402777777777778,0.26838235294117646,0.38461538461538464,0.3402777777777778,0.26838235294117646,0.8972349030482861,0.843777557319224,0.8710532006920415,0.8541116335587491,0.8169134769069665,0.8198838358872961,0.8972349030482861,0.843777557319224,0.8710532006920415,0.3245640029988306,0.2740689710227525,0.1938169057734275,0.38461538461538464,0.3402777777777778,0.26838235294117646,0.3245640029988306,0.2740689710227525,0.1938169057734275,0.29670329670329665,0.24603174603174605,0.16386554621848737,0.3495496052281459,0.28433861146608286,0.20099955414423498
55,rcl5ylan,9,"SynNetRP,xylo,Realworld",1,"(80, 80, 80)","(10, 2, 2)",55,50507.594093406595,51295.57986111111,49164.220588235294,0.38118131868131866,0.3263888888888889,0.25735294117647056,0.3811813186813187,0.3263888888888889,0.25735294117647056,0.8822729958424622,0.8462026014109347,0.8781898788927336,0.8438866955013198,0.8169246720679013,0.8191607065620365,0.8822729958424621,0.8462026014109347,0.8781898788927336,0.3325631239974317,0.27246970059953807,0.18768276812572043,0.38118131868131866,0.3263888888888889,0.25735294117647056,0.3325631239974317,0.27246970059953807,0.1876827681257204,0.29277864992150704,0.23015873015873012,0.1512605042016807,0.34047461267576273,0.2569952920119892,0.1833480214909104
56,rcl5ylan,9,"SynNetRP,xylo,Realworld",1,"(80, 80, 80)","(10, 2, 2)",56,50080.429945054944,51497.350694444445,49395.99632352941,0.39629120879120877,0.375,0.2867647058823529,0.3962912087912088,0.375,0.2867647058823529,0.89458414917108,0.845665233686067,0.8784911023232822,0.8490030561569514,0.8199077518738979,0.8276065481339595,0.8945841491710801,0.8456652336860669,0.8784911023232822,0.34763358894923463,0.33450569896926163,0.24634032447488224,0.39629120879120877,0.375,0.2867647058823529,0.34763358894923463,0.3345056989692616,0.24634032447488227,0.31004709576138145,0.2857142857142857,0.18487394957983194,0.35524990905461545,0.3212717387422753,0.21416771512761126
57,rcl5ylan,9,"SynNetRP,xylo,Realworld",1,"(80, 80, 80)","(10, 2, 2)",57,50258.18887362637,51356.739583333336,49196.01102941176,0.4024725274725275,0.375,0.2610294117647059,0.4024725274725275,0.375,0.26102941176470584,0.8959758353891007,0.84399112654321,0.8818277310924371,0.8530237974839134,0.8197708264440036,0.8244977678571428,0.8959758353891006,0.84399112654321,0.881827731092437,0.3705333595130197,0.31668444363626536,0.1827194436568808,0.4024725274725275,0.375,0.2610294117647059,0.37053335951301974,0.3166844436362653,0.1827194436568808,0.3171114599686028,0.2857142857142857,0.15546218487394958,0.3544405152035162,0.333274406918572,0.19353301520669156
58,rcl5ylan,9,"SynNetRP,xylo,Realworld",1,"(80, 80, 80)","(10, 2, 2)",58,50158.43406593407,52180.368055555555,49761.36397058824,0.37637362637362637,0.3229166666666667,0.27941176470588236,0.37637362637362637,0.3229166666666667,0.27941176470588236,0.9010358264184795,0.8502121913580247,0.8786301285219971,0.8572364246575638,0.8247518118937389,0.8228101442782996,0.9010358264184795,0.8502121913580248,0.8786301285219971,0.31125847465181977,0.27218196659480354,0.2142874825670226,0.37637362637362637,0.3229166666666667,0.27941176470588236,0.31125847465181977,0.27218196659480354,0.21428748256702257,0.28728414442700156,0.22619047619047616,0.17647058823529416,0.34380564257265933,0.24648259752950602,0.21212729942444672
59,rcl5ylan,9,"SynNetRP,xylo,Realworld",1,"(80, 80, 80)","(10, 2, 2)",59,50663.00892857143,51695.77777777778,49819.705882352944,0.3914835164835165,0.3298611111111111,0.27941176470588236,0.39148351648351654,0.3298611111111111,0.27941176470588236,0.8998209649455725,0.8369020061728395,0.872173133959466,0.8581436622884572,0.8146356922398589,0.8195768196984675,0.8998209649455725,0.8369020061728395,0.8721731339594662,0.34204203134379485,0.27969220855084426,0.20961131915769843,0.3914835164835165,0.3298611111111111,0.27941176470588236,0.3420420313437949,0.27969220855084426,0.20961131915769843,0.304552590266876,0.23412698412698407,0.17647058823529416,0.3555073169076845,0.26906929247765543,0.21679386605918913
60,rcl5ylan,9,"SynNetRP,xylo,Realworld",1,"(80, 80, 80)","(10, 2, 2)",60,50474.68475274725,51652.618055555555,49482.05882352941,0.39972527472527475,0.3194444444444444,0.29411764705882354,0.39972527472527475,0.3194444444444444,0.2941176470588235,0.90255096649818,0.8433641975308642,0.8756487889273357,0.85698833765332,0.8160669505070547,0.8237891204275827,0.90255096649818,0.8433641975308641,0.8756487889273356,0.3569954195226148,0.24978807201800451,0.24353856540519944,0.39972527472527475,0.3194444444444444,0.29411764705882354,0.3569954195226148,0.24978807201800446,0.24353856540519944,0.31397174254317106,0.2222222222222222,0.19327731092436973,0.3593334576915527,0.2662707248496694,0.22598761651694324
61,rcl5ylan,9,"SynNetRP,xylo,Realworld",1,"(80, 80, 80)","(10, 2, 2)",61,50803.09958791209,52130.541666666664,50201.904411764706,0.39697802197802196,0.3611111111111111,0.25735294117647056,0.396978021978022,0.3611111111111111,0.25735294117647056,0.901889491003502,0.8469466490299824,0.8806460084033614,0.8583645247511515,0.8187374269731041,0.8280197648912506,0.901889491003502,0.8469466490299823,0.8806460084033613,0.35878758896118335,0.3028037985382803,0.17009967170948448,0.39697802197802196,0.3611111111111111,0.25735294117647056,0.35878758896118323,0.3028037985382803,0.1700996717094845,0.31083202511773944,0.2698412698412699,0.1512605042016807,0.3575863844631397,0.3141707167030113,0.19223595424467999
62,rcl5ylan,9,"SynNetRP,xylo,Realworld",1,"(80, 80, 80)","(10, 2, 2)",62,51016.95947802198,51772.65972222222,49970.731617647056,0.39285714285714285,0.34375,0.26838235294117646,0.3928571428571429,0.34375,0.26838235294117646,0.9073710581020236,0.8462439373897708,0.8834651507661888,0.8598341445887315,0.816870418595679,0.827920322540781,0.9073710581020236,0.8462439373897708,0.8834651507661888,0.3317342779361616,0.30579623433639974,0.18767897267897268,0.39285714285714285,0.34375,0.26838235294117646,0.3317342779361616,0.30579623433639974,0.18767897267897268,0.30612244897959184,0.25,0.16386554621848737,0.3666708904776876,0.28032272995444185,0.2037116038639864
63,rcl5ylan,9,"SynNetRP,xylo,Realworld",1,"(80, 80, 80)","(10, 2, 2)",63,50966.71085164835,51651.104166666664,49966.34926470588,0.39972527472527475,0.2951388888888889,0.2647058823529412,0.39972527472527475,0.2951388888888889,0.2647058823529412,0.9037103006883227,0.8431712962962963,0.8831716510133465,0.859368968820622,0.8154632729828042,0.8233498362580326,0.9037103006883228,0.8431712962962963,0.8831716510133464,0.35522224923682644,0.21385661184842014,0.1892533487908839,0.39972527472527475,0.2951388888888889,0.2647058823529412,0.3552222492368265,0.21385661184842014,0.1892533487908839,0.31397174254317106,0.19444444444444442,0.15966386554621848,0.360248613198579,0.23374646500010177,0.19682251211259483
64,rcl5ylan,9,"SynNetRP,xylo,Realworld",1,"(80, 80, 80)","(10, 2, 2)",64,50994.20398351648,52314.506944444445,50134.0625,0.41346153846153844,0.3333333333333333,0.2867647058823529,0.41346153846153844,0.33333333333333337,0.2867647058823529,0.9012522750012939,0.8411251653439153,0.8799508774097874,0.8589357684113375,0.8120539158950617,0.8232291537938705,0.9012522750012939,0.8411251653439155,0.8799508774097875,0.37562790716309835,0.264759699743483,0.22433567594359033,0.41346153846153844,0.3333333333333333,0.2867647058823529,0.37562790716309835,0.26475969974348307,0.22433567594359036,0.3296703296703297,0.23809523809523814,0.18487394957983194,0.37865253281309363,0.2809926898165897,0.2214833688650891
65,rcl5ylan,9,"SynNetRP,xylo,Realworld",1,"(80, 80, 80)","(10, 2, 2)",65,51408.48008241758,52630.46527777778,50677.06617647059,0.41483516483516486,0.3125,0.30514705882352944,0.4148351648351648,0.3125,0.30514705882352944,0.9015827431987165,0.8530850418871252,0.8779813395946614,0.858825286639381,0.8280078813932981,0.826165116782007,0.9015827431987166,0.8530850418871252,0.8779813395946614,0.3728495334181653,0.25498301406196144,0.24900330307710433,0.41483516483516486,0.3125,0.30514705882352944,0.37284953341816524,0.25498301406196144,0.24900330307710436,0.3312401883830455,0.2142857142857143,0.20588235294117652,0.3810743383649629,0.24977324804401238,0.24026464700757497
66,rcl5ylan,9,"SynNetRP,xylo,Realworld",1,"(80, 80, 80)","(10, 2, 2)",66,51782.32692307692,52939.413194444445,50600.992647058825,0.39697802197802196,0.3159722222222222,0.24632352941176472,0.39697802197802196,0.3159722222222222,0.24632352941176472,0.9004792058412545,0.8479938271604939,0.8882461072664359,0.8583673213315334,0.817881427744709,0.8256186665842807,0.9004792058412544,0.8479938271604939,0.888246107266436,0.34695337353333117,0.24334487909144756,0.14982940143921422,0.39697802197802196,0.3159722222222222,0.24632352941176472,0.34695337353333117,0.24334487909144759,0.14982940143921422,0.31083202511773944,0.21825396825396826,0.1386554621848739,0.3615212161371484,0.26499331831056716,0.17621629139095665
67,rcl5ylan,9,"SynNetRP,xylo,Realworld",1,"(80, 80, 80)","(10, 2, 2)",67,51717.61332417582,52971.92361111111,50636.65073529412,0.4059065934065934,0.2916666666666667,0.27205882352941174,0.4059065934065934,0.2916666666666667,0.27205882352941174,0.906086652750703,0.8483658509700176,0.888779041028176,0.8601419032057033,0.8190276399911818,0.8332100763099357,0.9060866527507029,0.8483658509700176,0.888779041028176,0.35317534985619015,0.2397393928697944,0.1959780199793934,0.4059065934065934,0.2916666666666667,0.27205882352941174,0.35317534985619015,0.23973939286979443,0.1959780199793934,0.3210361067503925,0.19047619047619047,0.16806722689075626,0.3806046625966611,0.22203313484657672,0.20309409787266502
68,rcl5ylan,9,"SynNetRP,xylo,Realworld",1,"(80, 80, 80)","(10, 2, 2)",68,51621.53914835165,52580.875,50579.22426470588,0.39354395604395603,0.34375,0.2610294117647059,0.39354395604395603,0.34375,0.2610294117647059,0.8795955565235393,0.8502121913580247,0.8780431290163124,0.8495142238795349,0.8225110573743386,0.821784826062778,0.8795955565235394,0.8502121913580247,0.8780431290163124,0.34341187798979644,0.2917802839398972,0.2096629957958293,0.39354395604395603,0.34375,0.2610294117647059,0.34341187798979644,0.29178028393989713,0.2096629957958293,0.3069073783359497,0.25,0.15546218487394958,0.36159279785937204,0.2739972237988076,0.1831744894904133
69,rcl5ylan,9,"SynNetRP,xylo,Realworld",1,"(80, 80, 80)","(10, 2, 2)",69,50997.445054945056,50965.86111111111,49087.908088235294,0.5281593406593407,0.4479166666666667,0.4375,0.5281593406593406,0.4479166666666667,0.43750000000000006,0.913704133386237,0.8536706349206349,0.9161672021749876,0.8701992822963928,0.8373498126102293,0.8589646796218486,0.913704133386237,0.8536706349206349,0.9161672021749877,0.49260687033934875,0.38423061118051444,0.3763173679993763,0.5281593406593407,0.4479166666666667,0.4375,0.4926068703393487,0.38423061118051444,0.3763173679993763,0.4607535321821036,0.36904761904761907,0.3571428571428571,0.47169010475513257,0.38578253632093434,0.36886163463095156
70,rcl5ylan,9,"SynNetRP,xylo,Realworld",1,"(80, 80, 80)","(10, 2, 2)",70,50097.90453296703,51179.145833333336,49189.38970588235,0.5906593406593407,0.4756944444444444,0.5110294117647058,0.5906593406593406,0.4756944444444444,0.5110294117647058,0.9346422317870513,0.8596505731922399,0.9004186233316857,0.893468482067383,0.8420776151895943,0.8539597364681167,0.9346422317870513,0.8596505731922398,0.9004186233316855,0.546029057210259,0.4368900283031902,0.46900749563546335,0.5906593406593407,0.4756944444444444,0.5110294117647058,0.5460290572102589,0.4368900283031901,0.4690074956354633,0.5321821036106751,0.4007936507936508,0.4411764705882353,0.5408617698014868,0.40741541989429186,0.4481964367500472
71,rcl5ylan,9,"SynNetRP,xylo,Realworld",1,"(80, 80, 80)","(10, 2, 2)",71,50503.44986263736,51720.131944444445,49557.39705882353,0.5892857142857143,0.4652777777777778,0.47794117647058826,0.5892857142857143,0.4652777777777778,0.47794117647058826,0.936237158641986,0.8663125551146384,0.9126606524962927,0.8885725795495713,0.8396138186177249,0.8594136183885319,0.9362371586419861,0.8663125551146383,0.9126606524962926,0.5449697820134083,0.4264371101341919,0.42960463984400155,0.5892857142857143,0.4652777777777778,0.47794117647058826,0.5449697820134083,0.4264371101341919,0.42960463984400155,0.5306122448979591,0.38888888888888884,0.40336134453781514,0.5388670801775752,0.39601940138490016,0.41348784785159515
72,rcl5ylan,9,"SynNetRP,xylo,Realworld",1,"(80, 80, 80)","(10, 2, 2)",72,50488.11538461538,51704.833333333336,49535.404411764706,0.5899725274725275,0.4236111111111111,0.4963235294117647,0.5899725274725275,0.4236111111111111,0.4963235294117647,0.9365285421015406,0.8566674933862433,0.907377656945131,0.8872624658749805,0.8343667328042328,0.8514495412135443,0.9365285421015406,0.8566674933862435,0.907377656945131,0.544904770134944,0.396314577246031,0.45195216623688694,0.5899725274725275,0.4236111111111111,0.4963235294117647,0.544904770134944,0.39631457724603103,0.45195216623688694,0.5313971742543171,0.3412698412698413,0.4243697478991597,0.5389706317094464,0.3492934849580137,0.4349954295550483
73,rcl5ylan,9,"SynNetRP,xylo,Realworld",1,"(80, 80, 80)","(10, 2, 2)",73,50886.27815934066,51457.583333333336,49327.38970588235,0.5865384615384616,0.4479166666666667,0.5404411764705882,0.5865384615384616,0.4479166666666667,0.5404411764705882,0.9325327341418392,0.8517347332451499,0.9081963667820069,0.8855474882260597,0.8363603326168432,0.8592050790904597,0.9325327341418392,0.8517347332451499,0.9081963667820068,0.5412138015354555,0.41933076158399085,0.4947626224314845,0.5865384615384616,0.4479166666666667,0.5404411764705882,0.5412138015354555,0.41933076158399085,0.49476262243148444,0.5274725274725275,0.36904761904761907,0.47478991596638653,0.536318528328654,0.3747130009374594,0.48243704264278997
74,rcl5ylan,9,"SynNetRP,xylo,Realworld",1,"(80, 80, 80)","(10, 2, 2)",74,50635.632554945056,52524.55902777778,50633.180147058825,0.6009615384615384,0.4409722222222222,0.5036764705882353,0.6009615384615385,0.4409722222222222,0.5036764705882353,0.9383215881449789,0.8571015211640212,0.9182834898665349,0.8931899696163335,0.8373739252645502,0.8565239974666337,0.938321588144979,0.8571015211640213,0.9182834898665347,0.557667696651247,0.3785577396570606,0.44737965952613223,0.6009615384615384,0.4409722222222222,0.5036764705882353,0.557667696651247,0.3785577396570605,0.4473796595261323,0.543956043956044,0.36111111111111116,0.4327731092436975,0.5513224628364521,0.37667598948624353,0.4475195268742878
75,rcl5ylan,9,"SynNetRP,xylo,Realworld",1,"(80, 80, 80)","(10, 2, 2)",75,51333.783653846156,52088.19097222222,50694.408088235294,0.6085164835164835,0.4583333333333333,0.5,0.6085164835164835,0.45833333333333337,0.5,0.9380291264857591,0.8621307319223986,0.9035003707365299,0.8905769527274139,0.8328898327270723,0.8501963745056846,0.9380291264857591,0.8621307319223985,0.9035003707365299,0.5626861993845884,0.407376422221542,0.4535032335239949,0.6085164835164835,0.4583333333333333,0.5,0.5626861993845884,0.4073764222215421,0.45350323352399496,0.5525902668759812,0.38095238095238093,0.4285714285714286,0.5632669200853954,0.399698258440286,0.43933083834231984
76,rcl5ylan,9,"SynNetRP,xylo,Realworld",1,"(80, 80, 80)","(10, 2, 2)",76,51269.36057692308,51681.26736111111,49679.533088235294,0.6105769230769231,0.4305555555555556,0.4889705882352941,0.6105769230769231,0.4305555555555556,0.4889705882352941,0.9320151983024825,0.8703428130511464,0.9061109738012852,0.8903216889566479,0.8395242573302469,0.8533756333415718,0.9320151983024824,0.8703428130511465,0.9061109738012852,0.5684941336302413,0.400639925303779,0.4461334391450637,0.6105769230769231,0.4305555555555556,0.4889705882352941,0.5684941336302413,0.400639925303779,0.4461334391450637,0.554945054945055,0.3492063492063492,0.4159663865546218,0.5623537908681474,0.360754216881834,0.4271588669502697
77,rcl5ylan,9,"SynNetRP,xylo,Realworld",1,"(80, 80, 80)","(10, 2, 2)",77,51071.70879120879,52184.96527777778,50082.720588235294,0.5995879120879121,0.4652777777777778,0.5183823529411765,0.5995879120879122,0.4652777777777778,0.5183823529411765,0.93572690065037,0.8612833443562611,0.9135643227879386,0.888246120907154,0.8404207313712523,0.8608502224419179,0.93572690065037,0.8612833443562609,0.9135643227879386,0.5543771217462289,0.4325908324543862,0.4692996933997844,0.5995879120879121,0.4652777777777778,0.5183823529411765,0.5543771217462289,0.4325908324543862,0.46929969339978445,0.542386185243328,0.38888888888888884,0.44957983193277307,0.5514211418698647,0.3964955771898356,0.4615715022997399
78,rcl5ylan,9,"SynNetRP,xylo,Realworld",1,"(80, 80, 80)","(10, 2, 2)",78,50899.67307692308,51802.48263888889,49627.27205882353,0.6112637362637363,0.4444444444444444,0.5220588235294118,0.6112637362637363,0.4444444444444444,0.5220588235294117,0.9383342569910467,0.8661954365079365,0.9090459713297084,0.8917362195300774,0.8454361634700175,0.8556010179807219,0.9383342569910466,0.8661954365079365,0.9090459713297082,0.5663878746594799,0.4140795219246126,0.48165950263326796,0.6112637362637363,0.4444444444444444,0.5220588235294118,0.5663878746594798,0.4140795219246126,0.4816595026332679,0.5557299843014128,0.3650793650793651,0.45378151260504207,0.5640191339364442,0.37128027192036644,0.46426283697718773
79,rcl5ylan,9,"SynNetRP,xylo,Realworld",1,"(80, 80, 80)","(10, 2, 2)",79,50456.581730769234,51519.15277777778,49618.33455882353,0.6078296703296703,0.4340277777777778,0.47058823529411764,0.6078296703296704,0.4340277777777778,0.4705882352941177,0.940358846412614,0.8533468364197532,0.9006194389520514,0.8938804217270171,0.8352890418320105,0.8524932031636183,0.940358846412614,0.8533468364197531,0.9006194389520514,0.5620540760129062,0.3759197820267978,0.43505985887799015,0.6078296703296703,0.4340277777777778,0.47058823529411764,0.5620540760129062,0.3759197820267979,0.43505985887799015,0.5518053375196232,0.35317460317460314,0.39495798319327735,0.5602257477342298,0.37992406594288375,0.4190950822574867
80,rcl5ylan,9,"SynNetRP,xylo,Realworld",1,"(80, 80, 80)","(10, 2, 2)",80,50957.65453296703,51815.447916666664,50014.44117647059,0.6105769230769231,0.4201388888888889,0.5110294117647058,0.6105769230769231,0.4201388888888889,0.5110294117647058,0.9402779814377146,0.86348792989418,0.9094012605042017,0.8912905524371626,0.8414859939925043,0.8557516296959959,0.9402779814377146,0.86348792989418,0.9094012605042017,0.5683103467794207,0.3960399114500611,0.4566219499848132,0.6105769230769231,0.4201388888888889,0.5110294117647058,0.5683103467794207,0.39603991145006123,0.4566219499848132,0.554945054945055,0.3373015873015873,0.4411764705882353,0.5615777388682915,0.34517215066031115,0.4523845346071936
81,rcl5ylan,9,"SynNetRP,xylo,Realworld",1,"(80, 80, 80)","(10, 2, 2)",81,50885.03777472527,52142.881944444445,50049.20955882353,0.6078296703296703,0.4930555555555556,0.5036764705882353,0.6078296703296703,0.4930555555555556,0.5036764705882353,0.9410726145910604,0.8658991953262787,0.9072077360355907,0.8901016351437024,0.8434107005070546,0.8525202360355908,0.9410726145910605,0.8658991953262787,0.9072077360355906,0.5616412508477975,0.46303437953866655,0.4546422390796292,0.6078296703296703,0.4930555555555556,0.5036764705882353,0.5616412508477976,0.46303437953866655,0.4546422390796292,0.5518053375196232,0.4206349206349206,0.4327731092436975,0.5597668255454863,0.4267407961297714,0.4437821025617704
82,rcl5ylan,9,"SynNetRP,xylo,Realworld",1,"(80, 80, 80)","(10, 2, 2)",82,50941.65315934066,51560.010416666664,49725.51470588235,0.6119505494505495,0.4548611111111111,0.5110294117647058,0.6119505494505495,0.45486111111111116,0.5110294117647058,0.9421618658029568,0.851404045414462,0.9070532624814631,0.8923256915033553,0.8339215098655204,0.8563251127656945,0.9421618658029567,0.8514040454144621,0.9070532624814631,0.5686066735005744,0.4302589482023196,0.4637705821826835,0.6119505494505495,0.4548611111111111,0.5110294117647058,0.5686066735005744,0.4302589482023196,0.46377058218268347,0.5565149136577707,0.376984126984127,0.4411764705882353,0.5633346346953712,0.3837428613346899,0.44871897307940056
83,rcl5ylan,9,"SynNetRP,xylo,Realworld",1,"(80, 80, 80)","(10, 2, 2)",83,50388.23626373626,51188.350694444445,49555.341911764706,0.6270604395604396,0.4826388888888889,0.49264705882352944,0.6270604395604396,0.4826388888888889,0.4926470588235294,0.9406747589145548,0.857480434303351,0.9120813766683143,0.8899611322498145,0.834513992228836,0.8572519540904597,0.9406747589145548,0.857480434303351,0.9120813766683143,0.580985219458173,0.4354836583836869,0.44169766787969594,0.6270604395604396,0.4826388888888889,0.49264705882352944,0.580985219458173,0.43548365838368686,0.4416976678796959,0.5737833594976451,0.4087301587301587,0.4201680672268907,0.5818631376490384,0.41873897586604664,0.43292173024297403
84,rcl5ylan,9,"SynNetRP,xylo,Realworld",1,"(80, 80, 80)","(10, 2, 2)",84,51162.208104395606,53001.63888888889,50977.16544117647,0.6188186813186813,0.46875,0.5036764705882353,0.6188186813186813,0.46875,0.5036764705882353,0.9444638220884296,0.8634121472663139,0.9157964656450815,0.8921988345739816,0.8402114679783952,0.85546875,0.9444638220884296,0.8634121472663139,0.9157964656450815,0.5717826906833072,0.43465195305563525,0.4572907732100313,0.6188186813186813,0.46875,0.5036764705882353,0.5717826906833072,0.4346519530556352,0.4572907732100313,0.5643642072213501,0.3928571428571429,0.4327731092436975,0.5736684222866943,0.39959819831155696,0.441202513053254
85,rcl5ylan,9,"SynNetRP,xylo,Realworld",1,"(80, 80, 80)","(10, 2, 2)",85,51432.958104395606,53103.17361111111,51158.46323529412,0.6085164835164835,0.4618055555555556,0.5257352941176471,0.6085164835164836,0.4618055555555555,0.5257352941176471,0.9402919980333638,0.8549520502645502,0.909632970835393,0.8929925916900996,0.8364998415454143,0.8557863862456747,0.9402919980333638,0.8549520502645502,0.909632970835393,0.5649704706627092,0.42130639637649137,0.4795722240509107,0.6085164835164835,0.4618055555555556,0.5257352941176471,0.5649704706627091,0.42130639637649137,0.4795722240509107,0.5525902668759812,0.3849206349206349,0.45798319327731096,0.5593665288461124,0.4003072939121073,0.47091263349257495
86,rcl5ylan,9,"SynNetRP,xylo,Realworld",1,"(80, 80, 80)","(10, 2, 2)",86,51662.732142857145,53202.850694444445,51112.904411764706,0.6119505494505495,0.4861111111111111,0.5073529411764706,0.6119505494505495,0.4861111111111111,0.5073529411764706,0.9396801197232909,0.8581280313051146,0.9072463544241226,0.8909614319893215,0.8342625316909171,0.8530299987642116,0.9396801197232909,0.8581280313051146,0.9072463544241226,0.56825454833432,0.4505907293425715,0.45352301971310083,0.6119505494505495,0.4861111111111111,0.5073529411764706,0.56825454833432,0.45059072934257155,0.45352301971310083,0.5565149136577707,0.4126984126984127,0.4369747899159664,0.563316898139682,0.42306144539503426,0.45113468597788836
87,rcl5ylan,9,"SynNetRP,xylo,Realworld",1,"(80, 80, 80)","(10, 2, 2)",87,51452.91483516483,51961.95486111111,50294.75,0.6291208791208791,0.4479166666666667,0.5220588235294118,0.6291208791208791,0.4479166666666667,0.5220588235294117,0.9437791653009471,0.8591338734567902,0.9078410776075136,0.895677409937982,0.8371543278769841,0.8556019834404351,0.943779165300947,0.85913387345679,0.9078410776075136,0.5849903257183762,0.42281802113948896,0.47077570517220974,0.6291208791208791,0.4479166666666667,0.5220588235294118,0.5849903257183762,0.422818021139489,0.4707757051722098,0.576138147566719,0.36904761904761907,0.45378151260504207,0.5840953499724862,0.37801911031280844,0.4619604898096796
88,rcl5ylan,9,"SynNetRP,xylo,Realworld",1,"(80, 80, 80)","(10, 2, 2)",88,51471.142857142855,51860.37847222222,50089.66544117647,0.6160714285714286,0.4722222222222222,0.5147058823529411,0.6160714285714286,0.47222222222222227,0.5147058823529411,0.9442231140131454,0.8633708112874781,0.9115098245180425,0.896962152226698,0.8420311122134039,0.8558472102076125,0.9442231140131455,0.8633708112874781,0.9115098245180425,0.5722494644001538,0.4379057922917815,0.46893046340074696,0.6160714285714286,0.4722222222222222,0.5147058823529411,0.5722494644001539,0.4379057922917815,0.46893046340074696,0.5612244897959184,0.39682539682539686,0.4453781512605042,0.5683757687836246,0.4046974714545564,0.4539000630642796
89,rcl5ylan,9,"SynNetRP,xylo,Realworld",1,"(80, 80, 80)","(10, 2, 2)",89,51126.25274725275,52450.930555555555,50384.794117647056,0.6298076923076923,0.4826388888888889,0.5257352941176471,0.6298076923076923,0.48263888888888884,0.5257352941176471,0.9444530400917763,0.855406746031746,0.9171944513099357,0.8926395486871841,0.841738315696649,0.8649756317968365,0.9444530400917763,0.855406746031746,0.9171944513099357,0.5840079774351121,0.45224379372979984,0.46442341289874933,0.6298076923076923,0.4826388888888889,0.5257352941176471,0.5840079774351122,0.4522437937297999,0.46442341289874933,0.5769230769230769,0.4087301587301587,0.45798319327731096,0.5841516673543652,0.41471616178380644,0.475113570856021
90,rcl5ylan,9,"SynNetRP,xylo,Realworld",1,"(80, 80, 80)","(10, 2, 2)",90,51500.734203296706,52116.631944444445,50405.61029411765,0.6243131868131868,0.4791666666666667,0.5257352941176471,0.6243131868131868,0.47916666666666663,0.5257352941176471,0.9450374243103835,0.855303406084656,0.9118728373702423,0.894994471531216,0.8358453552138448,0.8585340845897182,0.9450374243103835,0.8553034060846562,0.9118728373702423,0.5804747097315952,0.4551891044449563,0.4767825542423328,0.6243131868131868,0.4791666666666667,0.5257352941176471,0.5804747097315953,0.4551891044449563,0.4767825542423328,0.5706436420722135,0.40476190476190477,0.45798319327731096,0.5785772162542389,0.41204806652334164,0.46771532354721057
91,rcl5ylan,9,"SynNetRP,xylo,Realworld",1,"(80, 80, 80)","(10, 2, 2)",91,51744.43475274725,52909.802083333336,51213.356617647056,0.6373626373626373,0.4583333333333333,0.46691176470588236,0.6373626373626373,0.45833333333333337,0.4669117647058824,0.9462485120844618,0.8521963183421517,0.9114866534849233,0.8984670157158382,0.8321871210868607,0.8525704399406822,0.9462485120844619,0.8521963183421516,0.9114866534849234,0.5926885284960575,0.41036127197662686,0.4226717031221796,0.6373626373626373,0.4583333333333333,0.46691176470588236,0.5926885284960575,0.41036127197662686,0.42267170312217966,0.5855572998430141,0.38095238095238093,0.39075630252100846,0.5930153553558123,0.3959091106289074,0.40605450047662517
92,rcl5ylan,9,"SynNetRP,xylo,Realworld",1,"(80, 80, 80)","(10, 2, 2)",92,51208.17376373626,51016.70138888889,49332.569852941175,0.6105769230769231,0.4826388888888889,0.4963235294117647,0.6105769230769231,0.48263888888888884,0.4963235294117647,0.936557383942588,0.8565159281305115,0.8993218610973801,0.8887759549614436,0.8356205908289243,0.8518782053262481,0.936557383942588,0.8565159281305115,0.8993218610973801,0.5652183211141801,0.45279101838026325,0.4519817949940135,0.6105769230769231,0.4826388888888889,0.4963235294117647,0.5652183211141802,0.45279101838026325,0.4519817949940134,0.554945054945055,0.4087301587301587,0.4243697478991597,0.5633329329864293,0.41636728042727705,0.43075160597628387
93,rcl5ylan,9,"SynNetRP,xylo,Realworld",1,"(80, 80, 80)","(10, 2, 2)",93,50505.93612637363,51667.76736111111,49612.632352941175,0.617445054945055,0.46875,0.5,0.617445054945055,0.46875,0.49999999999999994,0.9404779874756327,0.8608768738977073,0.9011832674246169,0.8940586279154519,0.8412130042989419,0.8515200197726149,0.9404779874756326,0.8608768738977073,0.901183267424617,0.5745060681727658,0.42266711782840816,0.44918534018293543,0.617445054945055,0.46875,0.5,0.5745060681727657,0.42266711782840816,0.4491853401829355,0.5627943485086342,0.3928571428571429,0.4285714285714286,0.5701150703875942,0.404199492253833,0.4417105719476438
94,rcl5ylan,9,"SynNetRP,xylo,Realworld",1,"(80, 80, 80)","(10, 2, 2)",94,50603.95879120879,52229.006944444445,50566.46323529412,0.6167582417582418,0.4756944444444444,0.47794117647058826,0.6167582417582418,0.4756944444444444,0.47794117647058826,0.9446632890265151,0.8527543540564374,0.9047361591695502,0.8959556865328551,0.8310805224867726,0.8476572154597133,0.9446632890265151,0.8527543540564374,0.9047361591695501,0.5728132262476513,0.43009943816889606,0.42803977792872144,0.6167582417582418,0.4756944444444444,0.47794117647058826,0.5728132262476511,0.4300994381688962,0.4280397779287215,0.5620094191522763,0.4007936507936508,0.40336134453781514,0.5690973868229338,0.4204776108253861,0.41887364392865317
95,rcl5ylan,9,"SynNetRP,xylo,Realworld",1,"(80, 80, 80)","(10, 2, 2)",95,51326.890796703294,51953.84722222222,50594.43382352941,0.6160714285714286,0.4652777777777778,0.5073529411764706,0.6160714285714286,0.46527777777777773,0.5073529411764706,0.9454425578346302,0.8626198743386244,0.914761492832427,0.8969782241404592,0.8376116071428572,0.8581285915101335,0.94544255783463,0.8626198743386243,0.9147614928324269,0.5728007899643777,0.4208940442273776,0.4578276116488508,0.6160714285714286,0.4652777777777778,0.5073529411764706,0.5728007899643777,0.4208940442273776,0.4578276116488508,0.5612244897959184,0.38888888888888884,0.4369747899159664,0.5686770786694156,0.3969392819386602,0.4472125618182711
96,rcl5ylan,9,"SynNetRP,xylo,Realworld",1,"(80, 80, 80)","(10, 2, 2)",96,51168.09958791209,52427.541666666664,50804.095588235294,0.6380494505494505,0.4722222222222222,0.5330882352941176,0.6380494505494505,0.4722222222222222,0.5330882352941176,0.9462716933772664,0.8570050705467371,0.908752471576866,0.895603115242293,0.8383315421075838,0.8561242971453288,0.9462716933772662,0.8570050705467371,0.9087524715768659,0.5928803462190732,0.44329255314875454,0.48738261982414827,0.6380494505494505,0.4722222222222222,0.5330882352941176,0.5928803462190732,0.4432925531487545,0.48738261982414827,0.5863422291993721,0.39682539682539686,0.46638655462184875,0.5943132646883874,0.4046626782230555,0.47648921082092355
97,rcl5ylan,9,"SynNetRP,xylo,Realworld",1,"(80, 80, 80)","(10, 2, 2)",97,51587.59958791209,52667.336805555555,50968.43382352941,0.6435439560439561,0.46875,0.5147058823529411,0.643543956043956,0.46875,0.5147058823529411,0.9484965583866682,0.8578180114638447,0.9077329461196243,0.8951124670070904,0.8405404334766313,0.8547620334898666,0.9484965583866684,0.8578180114638447,0.9077329461196243,0.5980657454656031,0.4431409444332926,0.4682102365587526,0.6435439560439561,0.46875,0.5147058823529411,0.5980657454656031,0.44314094443329255,0.4682102365587526,0.5926216640502355,0.3928571428571429,0.4453781512605042,0.601304167035408,0.4004382254822701,0.4536163141091448
98,rcl5ylan,9,"SynNetRP,xylo,Realworld",1,"(80, 80, 80)","(10, 2, 2)",98,51915.62362637363,53519.07986111111,51343.591911764706,0.6421703296703297,0.4722222222222222,0.5330882352941176,0.6421703296703296,0.4722222222222222,0.5330882352941175,0.9474167414218435,0.8631434634038802,0.9038247652001977,0.8991909257098867,0.8469888461750441,0.8495601365546219,0.9474167414218435,0.8631434634038802,0.9038247652001977,0.5973699779046111,0.4331647392916701,0.48623369038815933,0.6421703296703297,0.4722222222222222,0.5330882352941176,0.5973699779046111,0.4331647392916701,0.48623369038815933,0.5910518053375196,0.39682539682539686,0.46638655462184875,0.5990812245433046,0.40644865865394064,0.4784449424749476
99,rcl5ylan,9,"SynNetRP,xylo,Realworld",1,"(80, 80, 80)","(10, 2, 2)",99,51323.620192307695,52022.677083333336,50267.375,0.6346153846153846,0.4756944444444444,0.5110294117647058,0.6346153846153846,0.4756944444444445,0.5110294117647058,0.9463579493504926,0.8609182098765432,0.9083044982698962,0.8960011730812358,0.8471404114307759,0.8565713049925854,0.9463579493504926,0.8609182098765432,0.9083044982698962,0.5892540166941267,0.4414917907334263,0.4653981368967066,0.6346153846153846,0.4756944444444444,0.5110294117647058,0.5892540166941267,0.44149179073342637,0.4653981368967066,0.5824175824175823,0.4007936507936508,0.4411764705882353,0.5906814937236096,0.4100274218273766,0.4517685862405671
100,mgf5hs0q,10,"SynNetRP,xylo,Realworld",1,"(80, 80, 80)","(10, 2, 2)",0,23567.663513513515,27553.458333333332,25717.572580645163,0.14256756756756755,0.1284722222222222,0.0967741935483871,0.14256756756756755,0.1284722222222222,0.0967741935483871,0.6508371595533757,0.7201554232804233,0.7294299093206482,0.5893224003443599,0.6268893986992945,0.659787516723651,0.6508371595533757,0.7201554232804233,0.7294299093206481,0.11115614880558727,0.055614761497114445,0.031956469456469454,0.14256756756756755,0.1284722222222222,0.0967741935483871,0.11115614880558727,0.055614761497114445,0.031956469456469454,0.020077220077220126,0.003968253968253954,-0.032258064516129004,0.022857019201583097,0.004704111726464072,-0.047448359168790706
101,mgf5hs0q,10,"SynNetRP,xylo,Realworld",1,"(80, 80, 80)","(10, 2, 2)",1,30146.951351351352,33865.27777777778,32046.427419354837,0.16418918918918918,0.1597222222222222,0.1693548387096774,0.16418918918918918,0.1597222222222222,0.16935483870967744,0.6835797766878848,0.6835179673721341,0.6978314999256727,0.6215892726703538,0.623053764329806,0.6908795711312621,0.6835797766878848,0.683517967372134,0.6978314999256726,0.11562083879593026,0.09186507936507937,0.12973633672024842,0.16418918918918918,0.1597222222222222,0.1693548387096774,0.11562083879593027,0.09186507936507936,0.12973633672024842,0.04478764478764474,0.03968253968253965,0.05069124423963134,0.05031095037292945,0.051504840346529975,0.0583240535711961
102,mgf5hs0q,10,"SynNetRP,xylo,Realworld",1,"(80, 80, 80)","(10, 2, 2)",2,33833.25743243243,34836.25347222222,34693.282258064515,0.18513513513513513,0.2048611111111111,0.1693548387096774,0.18513513513513516,0.2048611111111111,0.16935483870967744,0.705897161640405,0.8293444113756614,0.7777612605916455,0.6745267987582177,0.7582542782738095,0.7283602924780734,0.7058971616404048,0.8293444113756614,0.7777612605916456,0.14113321009376784,0.14767318702101312,0.12932612950623795,0.18513513513513513,0.2048611111111111,0.1693548387096774,0.14113321009376784,0.14767318702101312,0.12932612950623792,0.06872586872586872,0.09126984126984128,0.05069124423963134,0.07674836089208749,0.10723543037407106,0.056853619283721256
103,mgf5hs0q,10,"SynNetRP,xylo,Realworld",1,"(80, 80, 80)","(10, 2, 2)",3,35188.80405405405,35099.947916666664,34127.0120967742,0.2472972972972973,0.22916666666666666,0.21370967741935484,0.2472972972972973,0.22916666666666669,0.21370967741935484,0.814573724303454,0.8596781305114638,0.8541790545562659,0.7361270609412501,0.7534403590718696,0.7795207280362717,0.814573724303454,0.8596781305114638,0.8541790545562659,0.15838327673301889,0.12457979492694504,0.162607110151753,0.2472972972972973,0.22916666666666666,0.21370967741935484,0.1583832767330189,0.12457979492694503,0.162607110151753,0.1397683397683398,0.11904761904761907,0.10138248847926268,0.1549485186229804,0.1389972993666247,0.1157097703720399
104,mgf5hs0q,10,"SynNetRP,xylo,Realworld",1,"(80, 80, 80)","(10, 2, 2)",4,34877.21959459459,35457.864583333336,33625.96370967742,0.24864864864864866,0.2326388888888889,0.2540322580645161,0.24864864864864866,0.2326388888888889,0.2540322580645161,0.8560132526348743,0.835772156084656,0.8469135573063773,0.7631863390900553,0.76053550760582,0.7831894789653634,0.8560132526348743,0.8357721560846562,0.8469135573063773,0.1406661555868282,0.11725131752305665,0.16457796589375537,0.24864864864864866,0.2326388888888889,0.2540322580645161,0.1406661555868282,0.11725131752305666,0.16457796589375537,0.1413127413127413,0.12301587301587302,0.14746543778801846,0.1678570634210868,0.15921110112176584,0.18395894006049232
105,mgf5hs0q,10,"SynNetRP,xylo,Realworld",1,"(80, 80, 80)","(10, 2, 2)",5,35369.174324324325,36755.75347222222,36102.62096774193,0.24324324324324326,0.22916666666666666,0.2782258064516129,0.24324324324324326,0.22916666666666669,0.2782258064516129,0.8643404987999583,0.8726645171957672,0.8548851642634161,0.7874337368256288,0.7915598820546738,0.7873669076111194,0.8643404987999582,0.8726645171957672,0.854885164263416,0.16768968984791557,0.10861448289547848,0.1858773723315873,0.24324324324324326,0.22916666666666666,0.2782258064516129,0.16768968984791557,0.10861448289547848,0.1858773723315873,0.1351351351351351,0.11904761904761907,0.1751152073732719,0.15406489113102811,0.15509883537303396,0.2035004656144248
106,mgf5hs0q,10,"SynNetRP,xylo,Realworld",1,"(80, 80, 80)","(10, 2, 2)",6,37492.96689189189,39537.42013888889,37925.51612903226,0.2648648648648649,0.2152777777777778,0.29838709677419356,0.2648648648648649,0.2152777777777778,0.29838709677419356,0.8668652822706877,0.8635154872134039,0.8280437044745057,0.7979770818115411,0.8087754560736332,0.7915234316931767,0.8668652822706877,0.8635154872134039,0.8280437044745057,0.19442641159583196,0.1318874050591785,0.23287193694271602,0.2648648648648649,0.2152777777777778,0.29838709677419356,0.19442641159583193,0.1318874050591785,0.23287193694271602,0.15984555984555981,0.10317460317460314,0.1981566820276498,0.18377718838159432,0.12502095224348217,0.21730895049800136
107,mgf5hs0q,10,"SynNetRP,xylo,Realworld",1,"(80, 80, 80)","(10, 2, 2)",7,38998.729054054056,38733.291666666664,37854.29838709677,0.2810810810810811,0.24305555555555555,0.2661290322580645,0.2810810810810811,0.24305555555555555,0.2661290322580645,0.857446259000313,0.8650586970899471,0.8253957930726922,0.8058906070645936,0.8145650766093474,0.7890311431544521,0.8574462590003131,0.8650586970899471,0.8253957930726921,0.20259419914943094,0.13185820566437645,0.18497866984430678,0.2810810810810811,0.24305555555555555,0.2661290322580645,0.20259419914943094,0.13185820566437645,0.1849786698443068,0.17837837837837833,0.13492063492063489,0.16129032258064513,0.2048025257833596,0.1719063754819707,0.1866726402867353
108,mgf5hs0q,10,"SynNetRP,xylo,Realworld",1,"(80, 80, 80)","(10, 2, 2)",8,37219.24189189189,38188.28472222222,37327.657258064515,0.26756756756756755,0.2465277777777778,0.2701612903225806,0.26756756756756755,0.24652777777777776,0.2701612903225806,0.8611598664301368,0.8557167658730158,0.8317414895198454,0.8102043984138578,0.8030021976962082,0.790085662256578,0.8611598664301366,0.8557167658730158,0.8317414895198455,0.18710734921411606,0.1641902793839783,0.18762821655147383,0.26756756756756755,0.2465277777777778,0.2701612903225806,0.18710734921411604,0.1641902793839783,0.18762821655147383,0.16293436293436292,0.13888888888888884,0.16589861751152069,0.1908548636675625,0.16884144128397002,0.19169149714314065
109,mgf5hs0q,10,"SynNetRP,xylo,Realworld",1,"(80, 80, 80)","(10, 2, 2)",9,38905.03310810811,39699.90972222222,39563.24193548387,0.31283783783783786,0.3368055555555556,0.2701612903225806,0.3128378378378378,0.3368055555555556,0.2701612903225806,0.8623406031514139,0.873015873015873,0.8352627471383974,0.8166102734008139,0.8181785300925926,0.7931005648877658,0.8623406031514138,0.873015873015873,0.8352627471383974,0.23713097215313503,0.27514788202998963,0.20241314071959232,0.31283783783783786,0.3368055555555556,0.2701612903225806,0.23713097215313506,0.2751478820299897,0.20241314071959232,0.21467181467181462,0.2420634920634921,0.16589861751152069,0.24178701266097577,0.27671870102070767,0.1848391255472199
110,mgf5hs0q,10,"SynNetRP,xylo,Realworld",1,"(80, 80, 80)","(10, 2, 2)",10,39837.55202702703,41161.322916666664,40454.12903225807,0.327027027027027,0.2604166666666667,0.28225806451612906,0.327027027027027,0.26041666666666663,0.282258064516129,0.8651004382761139,0.8484485229276897,0.8217444626133492,0.8261314958781176,0.8102566619819225,0.8020837204548834,0.8651004382761139,0.8484485229276896,0.8217444626133492,0.2683536653506928,0.16107350323056535,0.2038937641201573,0.327027027027027,0.2604166666666667,0.28225806451612906,0.2683536653506928,0.16107350323056535,0.2038937641201573,0.2308880308880309,0.15476190476190477,0.17972350230414746,0.2527202348543133,0.19083800301797224,0.20529088256609304
111,mgf5hs0q,10,"SynNetRP,xylo,Realworld",1,"(80, 80, 80)","(10, 2, 2)",11,39443.3,39449.60763888889,39809.93548387097,0.33378378378378376,0.3784722222222222,0.2620967741935484,0.3337837837837838,0.3784722222222222,0.2620967741935484,0.866270739851821,0.8597952491181657,0.8177214954660323,0.8241497312950015,0.8354225225970018,0.788523626802438,0.866270739851821,0.8597952491181657,0.8177214954660323,0.2674942456175389,0.32080908087776866,0.17854689986675448,0.33378378378378376,0.3784722222222222,0.2620967741935484,0.2674942456175389,0.32080908087776866,0.17854689986675448,0.2386100386100386,0.28968253968253965,0.15668202764976957,0.2690237663006694,0.31337688412243353,0.17164549259792328
112,mgf5hs0q,10,"SynNetRP,xylo,Realworld",1,"(80, 80, 80)","(10, 2, 2)",12,38861.86148648649,39454.875,39312.06048387097,0.3418918918918919,0.2847222222222222,0.3225806451612903,0.34189189189189195,0.2847222222222222,0.3225806451612903,0.8554309715120525,0.8784515542328043,0.8406236063624202,0.8150047936449963,0.8169048652447091,0.7986240151627768,0.8554309715120525,0.8784515542328042,0.8406236063624201,0.3022803707350107,0.21550470204381006,0.2671639366447336,0.3418918918918919,0.2847222222222222,0.3225806451612903,0.3022803707350107,0.21550470204381003,0.2671639366447336,0.24787644787644791,0.18253968253968256,0.22580645161290325,0.26631150903706075,0.21785356128071479,0.24755369132280558
113,mgf5hs0q,10,"SynNetRP,xylo,Realworld",1,"(80, 80, 80)","(10, 2, 2)",13,39561.34054054054,39900.875,38841.02419354839,0.3364864864864865,0.2916666666666667,0.3467741935483871,0.3364864864864865,0.29166666666666663,0.34677419354838707,0.8608770739851821,0.88295028659612,0.8366842574698974,0.816055514974434,0.8219383818342152,0.7979446168425747,0.8608770739851821,0.8829502865961198,0.8366842574698974,0.2862281975150428,0.21250451514931812,0.31395699729522386,0.3364864864864865,0.2916666666666667,0.3467741935483871,0.2862281975150428,0.21250451514931812,0.31395699729522386,0.2416988416988417,0.19047619047619047,0.2534562211981567,0.26802046698617266,0.2306260135394391,0.2761814767990121
114,mgf5hs0q,10,"SynNetRP,xylo,Realworld",1,"(80, 80, 80)","(10, 2, 2)",14,39772.48986486487,38054.63888888889,39438.846774193546,0.32432432432432434,0.40625,0.34274193548387094,0.32432432432432434,0.40625,0.34274193548387094,0.8746407701137431,0.8658303020282188,0.8362011297755314,0.8278020974642596,0.802830825617284,0.7866677660918686,0.8746407701137431,0.8658303020282188,0.8362011297755314,0.2768667902105848,0.2876081174209923,0.29155658849952604,0.32432432432432434,0.40625,0.34274193548387094,0.27686679021058475,0.28760811742099235,0.291556588499526,0.2277992277992278,0.3214285714285714,0.24884792626728114,0.25415277588717927,0.35493557538349274,0.2666617894951819
115,mgf5hs0q,10,"SynNetRP,xylo,Realworld",1,"(80, 80, 80)","(10, 2, 2)",15,37267.80135135135,37713.194444444445,36579.03629032258,0.4304054054054054,0.4270833333333333,0.375,0.4304054054054054,0.42708333333333337,0.375,0.8574394761556924,0.8800429894179894,0.8312397799910807,0.8242572459042055,0.8518234333664021,0.8104594823100937,0.8574394761556924,0.8800429894179894,0.8312397799910807,0.40305351483114904,0.35994659938973955,0.3486720445324777,0.4304054054054054,0.4270833333333333,0.375,0.403053514831149,0.35994659938973955,0.3486720445324777,0.34903474903474907,0.34523809523809523,0.2857142857142857,0.357943091567046,0.3642375930288082,0.2986772765460636
116,mgf5hs0q,10,"SynNetRP,xylo,Realworld",1,"(80, 80, 80)","(10, 2, 2)",16,37880.333108108105,39215.84375,39336.66129032258,0.46959459459459457,0.4861111111111111,0.42338709677419356,0.4695945945945946,0.4861111111111111,0.4233870967741935,0.8675910466451007,0.8808145943562611,0.8371116396610674,0.8342701593968486,0.8586843446869489,0.812441931767504,0.8675910466451007,0.8808145943562611,0.8371116396610674,0.40224470301731263,0.3827094864281272,0.38134749654568423,0.46959459459459457,0.4861111111111111,0.42338709677419356,0.40224470301731263,0.3827094864281272,0.38134749654568423,0.3938223938223938,0.4126984126984127,0.3410138248847926,0.424238967425654,0.45300317977642995,0.3617392746907604
117,mgf5hs0q,10,"SynNetRP,xylo,Realworld",1,"(80, 80, 80)","(10, 2, 2)",17,39589.56418918919,39306.61111111111,39703.5120967742,0.4925675675675676,0.5347222222222222,0.43548387096774194,0.4925675675675676,0.5347222222222223,0.43548387096774194,0.8665420536366483,0.8803461199294533,0.8371766760814627,0.838414347020766,0.8561594053130511,0.8068487996134979,0.8665420536366483,0.8803461199294532,0.8371766760814627,0.43432763043492045,0.46944042681175036,0.41141146698031356,0.4925675675675676,0.5347222222222222,0.43548387096774194,0.4343276304349205,0.4694404268117503,0.41141146698031356,0.42007722007722004,0.46825396825396826,0.3548387096774194,0.44553073015797034,0.4908566970332804,0.36881705055817393
118,mgf5hs0q,10,"SynNetRP,xylo,Realworld",1,"(80, 80, 80)","(10, 2, 2)",18,38343.13513513513,37630.086805555555,36854.8064516129,0.4574324324324324,0.5069444444444444,0.4274193548387097,0.4574324324324325,0.5069444444444444,0.42741935483870963,0.8508102890535323,0.8669670414462081,0.8368793667310837,0.8251619078054888,0.8544327670304233,0.8109484168277091,0.8508102890535323,0.866967041446208,0.8368793667310837,0.41604472472201137,0.44802329056481033,0.39318873407181887,0.4574324324324324,0.5069444444444444,0.4274193548387097,0.41604472472201137,0.4480232905648103,0.39318873407181887,0.3799227799227799,0.4365079365079365,0.34562211981566815,0.39217139608301466,0.45615085178841003,0.3627275191422496
119,mgf5hs0q,10,"SynNetRP,xylo,Realworld",1,"(80, 80, 80)","(10, 2, 2)",19,36890.70878378378,37040.52777777778,37069.95161290323,0.4972972972972973,0.4756944444444444,0.45161290322580644,0.49729729729729727,0.4756944444444444,0.4516129032258065,0.8513276113951789,0.8603395061728395,0.8395365690500967,0.8320741482312428,0.8382729828042328,0.808209918983202,0.851327611395179,0.8603395061728395,0.8395365690500967,0.4525611724602199,0.3949458883836524,0.3951514703296035,0.4972972972972973,0.4756944444444444,0.45161290322580644,0.4525611724602199,0.39494588838365235,0.3951514703296035,0.4254826254826255,0.4007936507936508,0.3732718894009217,0.4392540512495517,0.4265430531124861,0.4054449666181246
120,mgf5hs0q,10,"SynNetRP,xylo,Realworld",1,"(80, 80, 80)","(10, 2, 2)",20,37359.44594594595,38099.54861111111,38027.99596774193,0.5067567567567568,0.5069444444444444,0.40725806451612906,0.5067567567567568,0.5069444444444444,0.407258064516129,0.8700840029218407,0.8643766534391535,0.8504069421733313,0.8401922023374726,0.8465617077270724,0.8225771610673407,0.8700840029218407,0.8643766534391535,0.8504069421733315,0.44725698735360564,0.42723418987069944,0.362585878611255,0.5067567567567568,0.5069444444444444,0.40725806451612906,0.44725698735360564,0.42723418987069944,0.3625858786112551,0.4362934362934363,0.4365079365079365,0.32258064516129037,0.4657422394766674,0.4594534198622015,0.34408317987414677
121,mgf5hs0q,10,"SynNetRP,xylo,Realworld",1,"(80, 80, 80)","(10, 2, 2)",21,38626.62094594594,38647.57986111111,38792.51612903226,0.5074324324324324,0.4479166666666667,0.43951612903225806,0.5074324324324324,0.4479166666666667,0.439516129032258,0.8663137848272984,0.837873401675485,0.8254794113274861,0.84376053297506,0.8123820202270723,0.8089950014865468,0.8663137848272983,0.8378734016754851,0.8254794113274861,0.45273556566571044,0.37041267072037753,0.39458947235228836,0.5074324324324324,0.4479166666666667,0.43951612903225806,0.45273556566571044,0.3704126707203776,0.3945894723522883,0.43706563706563706,0.36904761904761907,0.35944700460829493,0.4551914855793554,0.39264105857937137,0.3752755032463043
122,mgf5hs0q,10,"SynNetRP,xylo,Realworld",1,"(80, 80, 80)","(10, 2, 2)",22,38687.854054054056,39745.11111111111,39716.1814516129,0.5054054054054054,0.5069444444444444,0.4637096774193548,0.5054054054054055,0.5069444444444444,0.4637096774193548,0.8643618908483773,0.8736841380070547,0.8328471086665675,0.8450311423875614,0.8563273327270724,0.8259126003419057,0.8643618908483773,0.8736841380070547,0.8328471086665675,0.4762209416928358,0.45644797216446537,0.4437776188348132,0.5054054054054054,0.5069444444444444,0.4637096774193548,0.4762209416928358,0.4564479721644653,0.4437776188348132,0.4347490347490347,0.4365079365079365,0.3870967741935484,0.4462764974925869,0.4572875707953618,0.3944966481135902
123,mgf5hs0q,10,"SynNetRP,xylo,Realworld",1,"(80, 80, 80)","(10, 2, 2)",23,39411.464864864865,39998.145833333336,39760.842741935485,0.527027027027027,0.4826388888888889,0.4838709677419355,0.527027027027027,0.4826388888888889,0.4838709677419355,0.8685735156005426,0.8231164572310405,0.8262691392894307,0.8451507226338307,0.8249016548170194,0.8190953898468858,0.8685735156005426,0.8231164572310407,0.8262691392894306,0.5006912687027986,0.4043435420162885,0.4526129036202847,0.527027027027027,0.4826388888888889,0.4838709677419355,0.5006912687027986,0.4043435420162884,0.45261290362028467,0.45945945945945943,0.4087301587301587,0.41013824884792627,0.4707235023811723,0.42660345177572845,0.42467830662121614
124,mgf5hs0q,10,"SynNetRP,xylo,Realworld",1,"(80, 80, 80)","(10, 2, 2)",24,40065.85810810811,40669.86111111111,40851.83870967742,0.5162162162162162,0.5277777777777778,0.45161290322580644,0.5162162162162163,0.5277777777777777,0.4516129032258065,0.8689888343942398,0.8888888888888888,0.8364334027055151,0.8530699872169467,0.8778831845238095,0.8384808885833211,0.8689888343942399,0.8888888888888888,0.8364334027055151,0.47888781778032713,0.4391930707990782,0.419417113280556,0.5162162162162162,0.5277777777777778,0.45161290322580644,0.4788878177803271,0.43919307079907816,0.419417113280556,0.4471042471042471,0.46031746031746035,0.3732718894009217,0.46118405101389376,0.4980490636176319,0.3933185980665239
125,mgf5hs0q,10,"SynNetRP,xylo,Realworld",1,"(80, 80, 80)","(10, 2, 2)",25,40433.51351351351,41733.96527777778,41404.4879032258,0.5263513513513514,0.5104166666666666,0.4475806451612903,0.5263513513513514,0.5104166666666666,0.44758064516129037,0.8758186371699885,0.8792989417989419,0.8280344135573063,0.8692132552436607,0.86872123704806,0.8313361732570239,0.8758186371699886,0.8792989417989419,0.8280344135573064,0.48086382317423704,0.4175063813159313,0.41834749956700623,0.5263513513513514,0.5104166666666666,0.4475806451612903,0.480863823174237,0.4175063813159313,0.4183474995670062,0.4586872586872587,0.44047619047619047,0.36866359447004604,0.48155274849894925,0.47981974220468065,0.3889445776371414
126,mgf5hs0q,10,"SynNetRP,xylo,Realworld",1,"(80, 80, 80)","(10, 2, 2)",26,41226.53986486486,41090.84722222222,41447.92338709677,0.518918918918919,0.5381944444444444,0.4717741935483871,0.518918918918919,0.5381944444444444,0.4717741935483871,0.8651445267661484,0.8621100639329806,0.8264270848818196,0.8627470520713765,0.8815655313051146,0.832742585848075,0.8651445267661483,0.8621100639329806,0.8264270848818195,0.48221921959873526,0.4870116485571153,0.4407068576049056,0.518918918918919,0.5381944444444444,0.4717741935483871,0.48221921959873526,0.4870116485571153,0.4407068576049056,0.4501930501930502,0.4722222222222222,0.3963133640552995,0.46483639148852407,0.4858134414335415,0.4174683500213088
127,mgf5hs0q,10,"SynNetRP,xylo,Realworld",1,"(80, 80, 80)","(10, 2, 2)",27,41597.8722972973,42271.211805555555,42093.33064516129,0.525,0.5486111111111112,0.5241935483870968,0.525,0.5486111111111112,0.5241935483870968,0.9031365438797871,0.9214134149029982,0.8796640404340716,0.9080130504539289,0.9228601741622575,0.8885380277240971,0.9031365438797873,0.9214134149029982,0.8796640404340716,0.4892791757259571,0.4913950221878046,0.5150825222116225,0.525,0.5486111111111112,0.5241935483870968,0.4892791757259571,0.49139502218780456,0.5150825222116224,0.4571428571428572,0.4841269841269841,0.45622119815668205,0.475986332405913,0.5112484826143768,0.4715034191819094
128,mgf5hs0q,10,"SynNetRP,xylo,Realworld",1,"(80, 80, 80)","(10, 2, 2)",28,42044.008783783785,41214.958333333336,42061.58064516129,0.5452702702702703,0.5069444444444444,0.5524193548387096,0.5452702702702703,0.5069444444444444,0.5524193548387097,0.9193227590524888,0.9189677028218695,0.8786048758733462,0.9260471016383179,0.9113119350749559,0.8863581462762005,0.9193227590524887,0.9189677028218696,0.8786048758733462,0.5262856153065899,0.4499360655306974,0.550380091460954,0.5452702702702703,0.5069444444444444,0.5524193548387096,0.5262856153065899,0.4499360655306974,0.550380091460954,0.4803088803088803,0.4365079365079365,0.48847926267281105,0.4907143201359689,0.45134116571228977,0.4972800548552509
129,mgf5hs0q,10,"SynNetRP,xylo,Realworld",1,"(80, 80, 80)","(10, 2, 2)",29,42109.59527027027,42208.87152777778,42441.54435483871,0.5243243243243243,0.5520833333333334,0.5201612903225806,0.5243243243243243,0.5520833333333333,0.5201612903225806,0.9159769905040175,0.9369626322751323,0.8780102571725881,0.9200313380465408,0.9374836378417107,0.8842433012486992,0.9159769905040175,0.9369626322751324,0.878010257172588,0.49949763536645764,0.48373253422243373,0.5043866669674706,0.5243243243243243,0.5520833333333334,0.5201612903225806,0.49949763536645764,0.4837325342224336,0.5043866669674705,0.4563706563706563,0.48809523809523814,0.4516129032258065,0.4692980609398243,0.5222812222416817,0.47137589095766946
130,mgf5hs0q,10,"SynNetRP,xylo,Realworld",1,"(80, 80, 80)","(10, 2, 2)",30,42240.461486486485,41924.836805555555,41594.1935483871,0.5236486486486487,0.4965277777777778,0.5161290322580645,0.5236486486486487,0.4965277777777778,0.5161290322580645,0.9100824376500052,0.9300733024691359,0.8701501412219415,0.9136422245121569,0.9211404252094356,0.8772983406421881,0.9100824376500052,0.9300733024691359,0.8701501412219415,0.5075828562478922,0.40984856479729936,0.48979411283378577,0.5236486486486487,0.4965277777777778,0.5161290322580645,0.5075828562478922,0.4098485647972994,0.4897941128337858,0.4555984555984556,0.42460317460317465,0.4470046082949308,0.4667200477802122,0.45951110490896063,0.4649030933197816
131,mgf5hs0q,10,"SynNetRP,xylo,Realworld",1,"(80, 80, 80)","(10, 2, 2)",31,41225.502027027025,40593.100694444445,41017.64112903226,0.5128378378378379,0.5625,0.5282258064516129,0.5128378378378378,0.5625,0.5282258064516129,0.9099825211311698,0.9290605709876543,0.8744797086368366,0.9192367017113638,0.9346994874338623,0.8834965437788018,0.9099825211311697,0.9290605709876542,0.8744797086368367,0.49286098597835576,0.5061655389791655,0.5068936519227485,0.5128378378378379,0.5625,0.5282258064516129,0.4928609859783558,0.5061655389791655,0.5068936519227484,0.44324324324324327,0.5,0.4608294930875576,0.4572433441469046,0.5215435511072944,0.4820018814498161
132,mgf5hs0q,10,"SynNetRP,xylo,Realworld",1,"(80, 80, 80)","(10, 2, 2)",32,41011.00608108108,41862.930555555555,41870.782258064515,0.5432432432432432,0.5868055555555556,0.5483870967741935,0.5432432432432432,0.5868055555555556,0.5483870967741936,0.9184284670771157,0.9335179673721341,0.8763936375799019,0.923902092246687,0.938871837797619,0.8859981232347257,0.9184284670771157,0.9335179673721341,0.8763936375799019,0.5226591868095904,0.5467751170516516,0.5373805509474783,0.5432432432432432,0.5868055555555556,0.5483870967741935,0.5226591868095904,0.5467751170516516,0.5373805509474784,0.47799227799227795,0.5277777777777778,0.4838709677419355,0.4961416974226115,0.5515776466763558,0.49977198146907276
133,mgf5hs0q,10,"SynNetRP,xylo,Realworld",1,"(80, 80, 80)","(10, 2, 2)",33,41593.255405405405,42234.49652777778,42125.61693548387,0.5527027027027027,0.5243055555555556,0.5,0.5527027027027027,0.5243055555555556,0.5,0.9184608160283836,0.9276895943562611,0.8710049056042812,0.9265779896692059,0.9432327835648149,0.8813445350825034,0.9184608160283835,0.9276895943562611,0.8710049056042812,0.5312484269508645,0.48169547251524725,0.4916727628530048,0.5527027027027027,0.5243055555555556,0.5,0.5312484269508645,0.4816954725152473,0.4916727628530048,0.48880308880308876,0.4563492063492064,0.4285714285714286,0.5052480944332667,0.47932896697138655,0.44353528462994535
134,mgf5hs0q,10,"SynNetRP,xylo,Realworld",1,"(80, 80, 80)","(10, 2, 2)",34,41969.644594594596,42223.913194444445,42107.26612903226,0.5472972972972973,0.59375,0.5080645161290323,0.5472972972972974,0.59375,0.5080645161290323,0.9172002504434937,0.9318507495590829,0.8695276497695852,0.9275926445267662,0.9404236593364198,0.8825453861305188,0.9172002504434938,0.931850749559083,0.8695276497695853,0.5329132177089684,0.5763984321935443,0.5073844539729402,0.5472972972972973,0.59375,0.5080645161290323,0.5329132177089683,0.5763984321935443,0.5073844539729401,0.48262548262548266,0.5357142857142857,0.4377880184331797,0.49659094464969483,0.5427138419302436,0.44385012779544347
135,mgf5hs0q,10,"SynNetRP,xylo,Realworld",1,"(80, 80, 80)","(10, 2, 2)",35,41792.95472972973,42254.197916666664,42590.00403225807,0.5466216216216216,0.5416666666666666,0.4879032258064516,0.5466216216216216,0.5416666666666667,0.48790322580645157,0.9157531566315351,0.9307966820987654,0.8715809424706408,0.9182268404988,0.9378763296406525,0.8841689739111046,0.915753156631535,0.9307966820987653,0.8715809424706408,0.5443196611460637,0.4754683682863927,0.47570146579100886,0.5466216216216216,0.5416666666666666,0.4879032258064516,0.5443196611460637,0.4754683682863927,0.47570146579100886,0.4818532818532818,0.47619047619047616,0.4147465437788018,0.48858920028459746,0.5005956808742311,0.4246133388829377
136,mgf5hs0q,10,"SynNetRP,xylo,Realworld",1,"(80, 80, 80)","(10, 2, 2)",36,42366.3972972973,42241.211805555555,42318.520161290326,0.5716216216216217,0.5972222222222222,0.5120967741935484,0.5716216216216217,0.5972222222222222,0.5120967741935484,0.9168584994260671,0.9332010582010581,0.869416158763193,0.9268280744547637,0.939869068287037,0.8772658224319905,0.916858499426067,0.9332010582010581,0.8694161587631931,0.5558947034136981,0.5481079432242223,0.5082193015748873,0.5716216216216217,0.5972222222222222,0.5120967741935484,0.5558947034136981,0.5481079432242223,0.5082193015748873,0.5104247104247104,0.5396825396825398,0.44239631336405527,0.520813904111969,0.5594659310705462,0.44754879988446006
137,mgf5hs0q,10,"SynNetRP,xylo,Realworld",1,"(80, 80, 80)","(10, 2, 2)",37,42134.91621621622,42088.104166666664,42659.57258064516,0.5506756756756757,0.5590277777777778,0.4798387096774194,0.5506756756756757,0.5590277777777778,0.4798387096774193,0.9147957320254616,0.9226603835978836,0.8721941430057976,0.9276692450172179,0.938431781856261,0.883934378251821,0.9147957320254618,0.9226603835978836,0.8721941430057975,0.541511271731025,0.48442621031472255,0.4455454869088502,0.5506756756756757,0.5590277777777778,0.4798387096774194,0.541511271731025,0.4844262103147225,0.44554548690885015,0.4864864864864865,0.49603174603174605,0.4055299539170507,0.495029103704936,0.5264312962139306,0.42591421799818896
138,mgf5hs0q,10,"SynNetRP,xylo,Realworld",1,"(80, 80, 80)","(10, 2, 2)",38,42242.03040540541,42512.34722222222,43062.028225806454,0.5405405405405406,0.5833333333333334,0.49193548387096775,0.5405405405405406,0.5833333333333334,0.4919354838709677,0.9195395492017113,0.9287918871252205,0.8676415935781181,0.9277627700093916,0.9425705467372133,0.8753112457261781,0.9195395492017114,0.9287918871252204,0.867641593578118,0.5203601034629018,0.5428650267205901,0.4797517952327563,0.5405405405405406,0.5833333333333334,0.49193548387096775,0.5203601034629018,0.54286502672059,0.4797517952327563,0.47490347490347495,0.5238095238095238,0.4193548387096774,0.49016356223473245,0.543542506783014,0.43062481376442047
139,mgf5hs0q,10,"SynNetRP,xylo,Realworld",1,"(80, 80, 80)","(10, 2, 2)",39,42448.68108108108,42908.15625,42954.83064516129,0.5722972972972973,0.5763888888888888,0.5120967741935484,0.5722972972972973,0.5763888888888888,0.5120967741935484,0.9159595116351873,0.9278962742504409,0.872770179872157,0.9262075746112909,0.9431199707892416,0.8795107403002824,0.9159595116351872,0.927896274250441,0.872770179872157,0.5606031931892083,0.5570562139554154,0.4863351814934209,0.5722972972972973,0.5763888888888888,0.5120967741935484,0.5606031931892084,0.5570562139554155,0.4863351814934209,0.5111969111969112,0.5158730158730158,0.44239631336405527,0.5215423308486231,0.5283145294285809,0.4518660353028685
140,mgf5hs0q,10,"SynNetRP,xylo,Realworld",1,"(80, 80, 80)","(10, 2, 2)",40,42434.74527027027,43156.04861111111,43641.1814516129,0.5756756756756757,0.5555555555555556,0.5040322580645161,0.5756756756756757,0.5555555555555556,0.5040322580645161,0.9196697276427006,0.9325121252204586,0.8744982904712354,0.9305004956694145,0.9415242297729276,0.8888179166047273,0.9196697276427006,0.9325121252204585,0.8744982904712352,0.5717712232220842,0.4911052616029928,0.48545364043357536,0.5756756756756757,0.5555555555555556,0.5040322580645161,0.5717712232220843,0.4911052616029927,0.4854536404335754,0.5150579150579151,0.4920634920634921,0.43317972350230416,0.525578243996352,0.5274184830491019,0.44939696926022443
141,mgf5hs0q,10,"SynNetRP,xylo,Realworld",1,"(80, 80, 80)","(10, 2, 2)",41,43245.28378378379,43123.84375,43748.81048387097,0.581081081081081,0.5972222222222222,0.5080645161290323,0.5810810810810811,0.5972222222222222,0.5080645161290323,0.9241680580194094,0.9320229828042328,0.8759198008027353,0.9346159866430137,0.9378151868386244,0.885825079901888,0.9241680580194092,0.932022982804233,0.8759198008027351,0.5737338585886925,0.5363706391647569,0.4961405876858152,0.581081081081081,0.5972222222222222,0.5080645161290323,0.5737338585886926,0.5363706391647569,0.4961405876858152,0.5212355212355213,0.5396825396825398,0.4377880184331797,0.5326958891417224,0.5686594793992918,0.45178970986891254
142,mgf5hs0q,10,"SynNetRP,xylo,Realworld",1,"(80, 80, 80)","(10, 2, 2)",42,43344.29662162162,43582.677083333336,44318.18548387097,0.5763513513513514,0.5625,0.46774193548387094,0.5763513513513514,0.5625,0.46774193548387094,0.9220186789105708,0.9294463734567902,0.8795153857588821,0.931802997495565,0.9322563588514109,0.8836823621227887,0.9220186789105709,0.92944637345679,0.8795153857588821,0.5661442425080697,0.49133535471727385,0.44317024443489955,0.5763513513513514,0.5625,0.46774193548387094,0.5661442425080697,0.49133535471727385,0.4431702444348995,0.5158301158301158,0.5,0.39170506912442393,0.5246672429971521,0.5389625332175002,0.4093937874386167
143,mgf5hs0q,10,"SynNetRP,xylo,Realworld",1,"(80, 80, 80)","(10, 2, 2)",43,43534.869594594595,43932.506944444445,44431.407258064515,0.602027027027027,0.6041666666666666,0.5,0.602027027027027,0.6041666666666667,0.5,0.925058958572472,0.9283785273368607,0.875241563847183,0.9358836937806534,0.9318033854166666,0.8827823045191021,0.9250589585724721,0.9283785273368605,0.875241563847183,0.6044537349536043,0.5520625527998047,0.46436109035587625,0.602027027027027,0.6041666666666666,0.5,0.6044537349536044,0.5520625527998048,0.46436109035587614,0.5451737451737452,0.5476190476190477,0.4285714285714286,0.5491923424965552,0.5796528783474544,0.4441456241446755
144,mgf5hs0q,10,"SynNetRP,xylo,Realworld",1,"(80, 80, 80)","(10, 2, 2)",44,43858.95337837838,43540.586805555555,43983.66935483871,0.6121621621621621,0.5868055555555556,0.4838709677419355,0.6121621621621621,0.5868055555555556,0.48387096774193544,0.9240908379421893,0.9337246472663139,0.8858889549576334,0.933635246008557,0.9287944706238976,0.885199104355582,0.9240908379421893,0.933724647266314,0.8858889549576333,0.6072754383656968,0.5318841057886913,0.4531794463859681,0.6121621621621621,0.5868055555555556,0.4838709677419355,0.6072754383656968,0.5318841057886914,0.45317944638596813,0.5567567567567567,0.5277777777777778,0.41013824884792627,0.5630397143325225,0.5528353701164466,0.42851153836341055
145,mgf5hs0q,10,"SynNetRP,xylo,Realworld",1,"(80, 80, 80)","(10, 2, 2)",45,43271.81216216216,43795.041666666664,44138.721774193546,0.6121621621621621,0.5868055555555556,0.532258064516129,0.6121621621621622,0.5868055555555556,0.532258064516129,0.9231271522487738,0.9305004409171076,0.8801192953768395,0.9328090433580299,0.9420564305004409,0.8919083079381597,0.923127152248774,0.9305004409171076,0.8801192953768396,0.6157107819607583,0.539392274486276,0.5126547210720234,0.6121621621621621,0.5868055555555556,0.532258064516129,0.6157107819607583,0.5393922744862761,0.5126547210720234,0.5567567567567567,0.5277777777777778,0.46543778801843316,0.5603548012271716,0.5513536591134787,0.47944223319224655
146,mgf5hs0q,10,"SynNetRP,xylo,Realworld",1,"(80, 80, 80)","(10, 2, 2)",46,43524.05202702703,43086.76736111111,43753.020161290326,0.6216216216216216,0.5590277777777778,0.47580645161290325,0.6216216216216217,0.5590277777777777,0.47580645161290325,0.9250785244704164,0.9114996693121693,0.8806210049056042,0.9342222229468851,0.9085174506723986,0.88650563958674,0.9250785244704165,0.9114996693121693,0.8806210049056042,0.6158497076366958,0.48843031359153916,0.44191370334311925,0.6216216216216216,0.5590277777777778,0.47580645161290325,0.6158497076366957,0.48843031359153916,0.4419137033431192,0.5675675675675675,0.49603174603174605,0.40092165898617516,0.5741747704015678,0.5325324010025135,0.42011953376898437
147,mgf5hs0q,10,"SynNetRP,xylo,Realworld",1,"(80, 80, 80)","(10, 2, 2)",47,42920.16891891892,43103.774305555555,43895.0685483871,0.5831081081081081,0.5416666666666666,0.5040322580645161,0.5831081081081081,0.5416666666666667,0.5040322580645161,0.9207137639570073,0.9131737764550265,0.8814107328675487,0.9318194654596681,0.9229290674603174,0.8858076594321392,0.9207137639570072,0.9131737764550265,0.8814107328675486,0.5812553959051411,0.4633478965369119,0.4760620213884804,0.5831081081081081,0.5416666666666666,0.5040322580645161,0.5812553959051411,0.4633478965369119,0.47606202138848047,0.5235521235521235,0.47619047619047616,0.43317972350230416,0.5339087098908267,0.5153561901536602,0.4538574359582111
148,mgf5hs0q,10,"SynNetRP,xylo,Realworld",1,"(80, 80, 80)","(10, 2, 2)",48,43860.85135135135,44792.55902777778,45188.89919354839,0.5689189189189189,0.6215277777777778,0.4959677419354839,0.5689189189189189,0.6215277777777779,0.4959677419354839,0.923856047166858,0.9324983465608465,0.8756317823695554,0.9332035570802463,0.9475575603505291,0.8908468206481345,0.923856047166858,0.9324983465608465,0.8756317823695555,0.5460728973088174,0.5908763466061215,0.47850969950960887,0.5689189189189189,0.6215277777777778,0.4959677419354839,0.5460728973088173,0.5908763466061215,0.4785096995096088,0.5073359073359074,0.5674603174603174,0.42396313364055305,0.5231838240716455,0.5807516636794466,0.4336608403090878
149,mgf5hs0q,10,"SynNetRP,xylo,Realworld",1,"(80, 80, 80)","(10, 2, 2)",49,44280.252027027025,45198.510416666664,45834.31048387097,0.5790540540540541,0.5798611111111112,0.5,0.5790540540540541,0.5798611111111112,0.5,0.9249029531461964,0.9359154541446209,0.8789579307269213,0.9352681832411562,0.9493134782848325,0.8920708989891482,0.9249029531461964,0.9359154541446207,0.8789579307269214,0.5716603129902327,0.5255000853883867,0.47449702791454307,0.5790540540540541,0.5798611111111112,0.5,0.5716603129902328,0.5255000853883867,0.474497027914543,0.518918918918919,0.5198412698412698,0.4285714285714286,0.5315710891552513,0.5504201680672269,0.4434293952560116
150,mgf5hs0q,10,"SynNetRP,xylo,Realworld",1,"(80, 80, 80)","(10, 2, 2)",50,44839.69054054054,44824.194444444445,45352.53629032258,0.5858108108108108,0.5902777777777778,0.5201612903225806,0.5858108108108109,0.5902777777777778,0.5201612903225807,0.9239564854429719,0.9298597332451499,0.8821911699122937,0.9336775735677763,0.9402987902336861,0.8924402129478222,0.9239564854429717,0.9298597332451498,0.8821911699122937,0.5749735360137038,0.548915149437374,0.4821801040976288,0.5858108108108108,0.5902777777777778,0.5201612903225806,0.5749735360137038,0.548915149437374,0.48218010409762874,0.5266409266409267,0.5317460317460317,0.4516129032258065,0.5365438506347625,0.552606686224356,0.47494675213332704
151,mgf5hs0q,10,"SynNetRP,xylo,Realworld",1,"(80, 80, 80)","(10, 2, 2)",51,44355.116216216215,44429.5,44984.50403225807,0.5743243243243243,0.5729166666666666,0.5161290322580645,0.5743243243243243,0.5729166666666667,0.5161290322580645,0.9274650422623396,0.9320160934744268,0.8804537683960161,0.9360602433997705,0.9445512290564374,0.8879863795153857,0.9274650422623395,0.9320160934744268,0.8804537683960161,0.5432713905773521,0.527101284445467,0.49339951236502966,0.5743243243243243,0.5729166666666666,0.5161290322580645,0.5432713905773521,0.5271012844454669,0.4933995123650296,0.5135135135135135,0.5119047619047619,0.4470046082949308,0.5351054307089833,0.5332422652719548,0.46353552310063045
152,mgf5hs0q,10,"SynNetRP,xylo,Realworld",1,"(80, 80, 80)","(10, 2, 2)",52,44512.137837837836,45338.40625,45560.55241935484,0.5736486486486486,0.5798611111111112,0.5241935483870968,0.5736486486486487,0.579861111111111,0.5241935483870968,0.9280874986956068,0.9342069003527336,0.8820425152371041,0.9327849120838986,0.9437684289572311,0.8896285491303701,0.9280874986956067,0.9342069003527337,0.8820425152371042,0.5584452248494252,0.5365184747017251,0.5084137469711522,0.5736486486486486,0.5798611111111112,0.5241935483870968,0.558445224849425,0.536518474701725,0.5084137469711522,0.5127413127413127,0.5198412698412698,0.45622119815668205,0.5246569016539706,0.5457030812154469,0.4667202947767646
153,mgf5hs0q,10,"SynNetRP,xylo,Realworld",1,"(80, 80, 80)","(10, 2, 2)",53,44600.55878378378,45175.024305555555,45188.89112903226,0.6006756756756757,0.5694444444444444,0.5483870967741935,0.6006756756756757,0.5694444444444444,0.5483870967741935,0.9286358655953251,0.9338486552028219,0.8808997324215846,0.9369621986851717,0.9464010141093474,0.8889688940092165,0.928635865595325,0.9338486552028219,0.8808997324215847,0.6001063732022831,0.5466948554292284,0.5186509444203213,0.6006756756756757,0.5694444444444444,0.5483870967741935,0.6001063732022831,0.5466948554292284,0.5186509444203213,0.5436293436293436,0.5079365079365079,0.4838709677419355,0.5506522356514805,0.520291888648894,0.49604930628704563
154,mgf5hs0q,10,"SynNetRP,xylo,Realworld",1,"(80, 80, 80)","(10, 2, 2)",54,44646.59256756757,45361.82986111111,45780.665322580644,0.5891891891891892,0.59375,0.5161290322580645,0.5891891891891892,0.59375,0.5161290322580645,0.9284375978294898,0.9341448963844796,0.8855451910212576,0.9378140978816654,0.9430243813381834,0.8934169206184035,0.9284375978294898,0.9341448963844798,0.8855451910212577,0.5869569889737202,0.5369490584157116,0.4882818042571844,0.5891891891891892,0.59375,0.5161290322580645,0.5869569889737202,0.5369490584157117,0.48828180425718437,0.5305019305019305,0.5357142857142857,0.4470046082949308,0.5388556006648872,0.5642020299712885,0.4657463791448885
155,mgf5hs0q,10,"SynNetRP,xylo,Realworld",1,"(80, 80, 80)","(10, 2, 2)",55,45158.6222972973,45784.04513888889,46090.32258064516,0.6040540540540541,0.5381944444444444,0.5161290322580645,0.604054054054054,0.5381944444444444,0.5161290322580645,0.9312579567984973,0.9312513778659612,0.8879422476586889,0.9373818545862465,0.927813602292769,0.884729913037015,0.9312579567984973,0.9312513778659613,0.8879422476586888,0.5929396827212349,0.494372149753348,0.49693699612275904,0.6040540540540541,0.5381944444444444,0.5161290322580645,0.5929396827212349,0.494372149753348,0.4969369961227591,0.5474903474903474,0.4722222222222222,0.4470046082949308,0.556077704474064,0.4940971786637063,0.4600102084384413
156,mgf5hs0q,10,"SynNetRP,xylo,Realworld",1,"(80, 80, 80)","(10, 2, 2)",56,45542.08108108108,45601.333333333336,45858.41129032258,0.5925675675675676,0.5868055555555556,0.5282258064516129,0.5925675675675676,0.5868055555555556,0.5282258064516129,0.9299126056558489,0.9360945767195767,0.8774620930578266,0.9372354690597934,0.9453228339947091,0.8867460420692731,0.929912605655849,0.9360945767195766,0.8774620930578266,0.5901804526915231,0.5444185367533136,0.5082426942601121,0.5925675675675676,0.5868055555555556,0.5282258064516129,0.5901804526915231,0.5444185367533135,0.508242694260112,0.5343629343629344,0.5277777777777778,0.4608294930875576,0.5429639142117944,0.5461390615324625,0.47260330287723046
157,mgf5hs0q,10,"SynNetRP,xylo,Realworld",1,"(80, 80, 80)","(10, 2, 2)",57,45212.55067567567,45762.15277777778,45806.66129032258,0.5851351351351352,0.5833333333333334,0.49193548387096775,0.5851351351351352,0.5833333333333334,0.4919354838709677,0.9260555149744338,0.9426187720458554,0.8895124126653784,0.9329852994886779,0.9487201347552912,0.8862036847777613,0.926055514974434,0.9426187720458553,0.8895124126653784,0.5647665850030108,0.5542043550303757,0.4709715724901209,0.5851351351351352,0.5833333333333334,0.49193548387096775,0.5647665850030108,0.5542043550303757,0.47097157249012095,0.5258687258687258,0.5238095238095238,0.4193548387096774,0.5401583336559037,0.5351678755884799,0.43830106914839806
158,mgf5hs0q,10,"SynNetRP,xylo,Realworld",1,"(80, 80, 80)","(10, 2, 2)",58,45072.252027027025,45021.21527777778,45667.532258064515,0.5587837837837838,0.5590277777777778,0.47580645161290325,0.5587837837837838,0.5590277777777778,0.47580645161290325,0.9261747365125743,0.9398630401234568,0.8862698825628066,0.9316207085463842,0.9429529045414462,0.8836533280065408,0.9261747365125743,0.9398630401234568,0.8862698825628066,0.5370984565736341,0.4956237018438065,0.45371413874828354,0.5587837837837838,0.5590277777777778,0.47580645161290325,0.537098456573634,0.49562370184380655,0.45371413874828354,0.4957528957528957,0.49603174603174605,0.40092165898617516,0.5110351527961295,0.5274801610530018,0.4161393508990784
159,mgf5hs0q,10,"SynNetRP,xylo,Realworld",1,"(80, 80, 80)","(10, 2, 2)",59,44964.303378378376,45552.23611111111,45933.87096774193,0.5763513513513514,0.625,0.5201612903225806,0.5763513513513514,0.625,0.5201612903225806,0.9304359282061985,0.9389880952380953,0.8847926267281105,0.9344156644578941,0.9521682443231922,0.8895820945443735,0.9304359282061985,0.9389880952380953,0.8847926267281107,0.5591436971201506,0.6006292632048313,0.5147043136269784,0.5763513513513514,0.625,0.5201612903225806,0.5591436971201506,0.6006292632048313,0.5147043136269783,0.5158301158301158,0.5714285714285714,0.4516129032258065,0.5285470563852774,0.589995490261969,0.4622307272260612
160,mgf5hs0q,10,"SynNetRP,xylo,Realworld",1,"(80, 80, 80)","(10, 2, 2)",60,44728.46283783784,44869.520833333336,45182.604838709674,0.5939189189189189,0.59375,0.5,0.5939189189189189,0.59375,0.5,0.9287475216529271,0.9423638668430335,0.8857310093652446,0.9389973781696754,0.9554148409942681,0.8895704808978742,0.9287475216529271,0.9423638668430334,0.8857310093652446,0.587523721085537,0.5645856001465128,0.4772824038478285,0.5939189189189189,0.59375,0.5,0.587523721085537,0.5645856001465127,0.47728240384782855,0.5359073359073359,0.5357142857142857,0.4285714285714286,0.542485578120315,0.5488485131032943,0.44647730084206194
161,mgf5hs0q,10,"SynNetRP,xylo,Realworld",1,"(80, 80, 80)","(10, 2, 2)",61,44475.83918918919,44432.618055555555,45150.69758064516,0.5709459459459459,0.5798611111111112,0.5040322580645161,0.5709459459459459,0.5798611111111112,0.5040322580645161,0.9234472503391422,0.9308104607583775,0.8826371339378623,0.9299842820619847,0.9405648905974426,0.8887900438531291,0.9234472503391424,0.9308104607583773,0.8826371339378623,0.5502479768137414,0.5284461116462394,0.47112145285920237,0.5709459459459459,0.5798611111111112,0.5040322580645161,0.5502479768137414,0.5284461116462396,0.4711214528592024,0.5096525096525096,0.5198412698412698,0.43317972350230416,0.5248385729182438,0.5407340166011148,0.45377413813597256
162,mgf5hs0q,10,"SynNetRP,xylo,Realworld",1,"(80, 80, 80)","(10, 2, 2)",62,44403.75337837838,44865.572916666664,45573.29435483871,0.5939189189189189,0.5972222222222222,0.5241935483870968,0.5939189189189189,0.5972222222222223,0.5241935483870969,0.9304312323906919,0.9353367504409171,0.8940092165898618,0.9375021522487739,0.944225708223104,0.8995953805559684,0.9304312323906918,0.935336750440917,0.8940092165898618,0.585704963772163,0.5446947363899419,0.4919444933403744,0.5939189189189189,0.5972222222222222,0.5241935483870968,0.5857049637721631,0.5446947363899418,0.4919444933403743,0.5359073359073359,0.5396825396825398,0.45622119815668205,0.5466183740660228,0.5631216532099588,0.4794287239636167
163,mgf5hs0q,10,"SynNetRP,xylo,Realworld",1,"(80, 80, 80)","(10, 2, 2)",63,44978.82297297297,44968.756944444445,45452.43951612903,0.5763513513513514,0.5659722222222222,0.5201612903225806,0.5763513513513514,0.5659722222222223,0.5201612903225807,0.9290410101220912,0.9411651234567902,0.8840772261037609,0.9344981021078994,0.9519124779541447,0.8870642559833506,0.9290410101220913,0.94116512345679,0.8840772261037609,0.5491401904189303,0.5105431107824479,0.5060164671064818,0.5763513513513514,0.5659722222222222,0.5201612903225806,0.5491401904189303,0.5105431107824479,0.5060164671064817,0.5158301158301158,0.503968253968254,0.4516129032258065,0.5327809306787934,0.5353612505996065,0.4662320892780791
164,mgf5hs0q,10,"SynNetRP,xylo,Realworld",1,"(80, 80, 80)","(10, 2, 2)",64,45111.59256756757,45890.73263888889,46177.51612903226,0.5831081081081081,0.5763888888888888,0.5,0.5831081081081082,0.5763888888888888,0.5,0.9308606386309088,0.9377342372134039,0.8841422625241564,0.9384700120004175,0.9491610518628748,0.8879933477032853,0.9308606386309091,0.937734237213404,0.8841422625241564,0.5608310644700258,0.5404638082575837,0.47568050787530236,0.5831081081081081,0.5763888888888888,0.5,0.5608310644700258,0.5404638082575837,0.4756805078753023,0.5235521235521235,0.5158730158730158,0.4285714285714286,0.5368118439839396,0.5298173428637453,0.4451417068916437
165,mgf5hs0q,10,"SynNetRP,xylo,Realworld",1,"(80, 80, 80)","(10, 2, 2)",65,45481.43918918919,45971.631944444445,46435.73387096774,0.5905405405405405,0.6111111111111112,0.5120967741935484,0.5905405405405406,0.6111111111111112,0.5120967741935484,0.9273335594281541,0.9287918871252204,0.8897353946781626,0.9385717220598978,0.9428340636022928,0.8953227200089193,0.927333559428154,0.9287918871252204,0.8897353946781626,0.5768867818601284,0.5629330533177814,0.4849386912906008,0.5905405405405405,0.6111111111111112,0.5120967741935484,0.5768867818601285,0.5629330533177814,0.48493869129060074,0.532046332046332,0.5555555555555556,0.44239631336405527,0.5410012665821888,0.5797623358027199,0.4610937180292572
166,mgf5hs0q,10,"SynNetRP,xylo,Realworld",1,"(80, 80, 80)","(10, 2, 2)",66,45562.947297297294,45953.93402777778,46094.346774193546,0.5912162162162162,0.5972222222222222,0.5362903225806451,0.5912162162162162,0.5972222222222222,0.5362903225806452,0.9277877491391004,0.9320780974426808,0.8780660026757842,0.9371793149326932,0.9419384507275131,0.888765655195481,0.9277877491391004,0.9320780974426808,0.878066002675784,0.5782175899566343,0.549508496340331,0.5167051162002295,0.5912162162162162,0.5972222222222222,0.5362903225806451,0.5782175899566343,0.549508496340331,0.5167051162002295,0.5328185328185329,0.5396825396825398,0.4700460829493087,0.5469568541363389,0.5612221344670261,0.4849643255645642
167,mgf5hs0q,10,"SynNetRP,xylo,Realworld",1,"(80, 80, 80)","(10, 2, 2)",67,45895.137162162166,46951.90972222222,46985.54435483871,0.5952702702702702,0.65625,0.5201612903225806,0.5952702702702704,0.65625,0.5201612903225807,0.9309135969946781,0.9396081349206349,0.880909023338784,0.9391942111029948,0.9499834656084656,0.8854615727664634,0.930913596994678,0.9396081349206349,0.880909023338784,0.5859854516713207,0.630136658727005,0.5067648662632596,0.5952702702702702,0.65625,0.5201612903225806,0.5859854516713208,0.630136658727005,0.5067648662632596,0.5374517374517375,0.6071428571428572,0.4516129032258065,0.5473501926856553,0.6226950989755998,0.46673149498769434
168,mgf5hs0q,10,"SynNetRP,xylo,Realworld",1,"(80, 80, 80)","(10, 2, 2)",68,46137.02905405405,46787.35763888889,46994.532258064515,0.5966216216216216,0.59375,0.5,0.5966216216216216,0.59375,0.5,0.9271942502347907,0.9342069003527337,0.8774620930578266,0.9370306141083168,0.9504373002094356,0.8827776590605024,0.9271942502347909,0.9342069003527337,0.8774620930578266,0.5850386146620445,0.5641443818341015,0.4811137539327779,0.5966216216216216,0.59375,0.5,0.5850386146620445,0.5641443818341015,0.4811137539327779,0.5389961389961391,0.5357142857142857,0.4285714285714286,0.5516867432855889,0.5457865398859422,0.44909329471856946
169,mgf5hs0q,10,"SynNetRP,xylo,Realworld",1,"(80, 80, 80)","(10, 2, 2)",69,46186.52972972973,46609.302083333336,46837.770161290326,0.6114864864864865,0.6041666666666666,0.5362903225806451,0.6114864864864865,0.6041666666666666,0.5362903225806452,0.9285570802462695,0.9271246693121693,0.8805466775680095,0.9388962550871336,0.9434291294642858,0.8891849078341014,0.9285570802462693,0.9271246693121693,0.8805466775680095,0.6095597543214497,0.576879831480656,0.5195220438201904,0.6114864864864865,0.6041666666666666,0.5362903225806451,0.6095597543214497,0.5768798314806561,0.5195220438201903,0.555984555984556,0.5476190476190477,0.4700460829493087,0.5619158891167555,0.5681141404777577,0.4828392223548576
170,mgf5hs0q,10,"SynNetRP,xylo,Realworld",1,"(80, 80, 80)","(10, 2, 2)",70,45885.321621621624,45439.32638888889,45761.76612903226,0.6168918918918919,0.5972222222222222,0.5241935483870968,0.6168918918918919,0.5972222222222222,0.5241935483870968,0.9302629656683711,0.9303488756613756,0.8830923888806304,0.9395041023166023,0.9461478312389772,0.8872953675486844,0.930262965668371,0.9303488756613757,0.8830923888806302,0.6087516524162044,0.5644212969603499,0.5147223407505479,0.6168918918918919,0.5972222222222222,0.5241935483870968,0.6087516524162044,0.56442129696035,0.5147223407505479,0.5621621621621622,0.5396825396825398,0.45622119815668205,0.5697093932421177,0.5593499881630029,0.46633955755926043
171,mgf5hs0q,10,"SynNetRP,xylo,Realworld",1,"(80, 80, 80)","(10, 2, 2)",71,45746.70945945946,46728.770833333336,46888.68548387097,0.602027027027027,0.5763888888888888,0.5,0.602027027027027,0.5763888888888888,0.5,0.9291821454659293,0.9287229938271605,0.8855916456072543,0.9375859269018053,0.9437115919863315,0.8900501244982906,0.9291821454659293,0.9287229938271603,0.8855916456072543,0.595754161147737,0.5246178368866115,0.47857772888021033,0.602027027027027,0.5763888888888888,0.5,0.595754161147737,0.5246178368866115,0.4785777288802103,0.5451737451737452,0.5158730158730158,0.4285714285714286,0.5536615918418757,0.5443298610321053,0.4432795150493392
172,mgf5hs0q,10,"SynNetRP,xylo,Realworld",1,"(80, 80, 80)","(10, 2, 2)",72,46091.28581081081,46609.39236111111,47031.842741935485,0.6094594594594595,0.5729166666666666,0.5201612903225806,0.6094594594594595,0.5729166666666667,0.5201612903225806,0.9277900970468538,0.9283371913580247,0.8816244239631336,0.9374427045288531,0.942644607032628,0.8899641835141965,0.9277900970468538,0.9283371913580246,0.8816244239631337,0.603103228150379,0.5141713850174217,0.5029882107761461,0.6094594594594595,0.5729166666666666,0.5201612903225806,0.603103228150379,0.5141713850174217,0.5029882107761461,0.5536679536679536,0.5119047619047619,0.4516129032258065,0.5637686705247764,0.5455081896861321,0.467604672396031
173,mgf5hs0q,10,"SynNetRP,xylo,Realworld",1,"(80, 80, 80)","(10, 2, 2)",73,46085.75,46859.05902777778,46920.9879032258,0.5918918918918918,0.5625,0.4959677419354839,0.5918918918918918,0.5625,0.4959677419354838,0.9312172597307733,0.9340346671075838,0.8900048312769436,0.9380964011791715,0.942812534446649,0.8883487252861603,0.9312172597307733,0.9340346671075836,0.8900048312769436,0.5765109163774418,0.5274527043994051,0.48146686903852065,0.5918918918918918,0.5625,0.4959677419354839,0.5765109163774419,0.5274527043994052,0.4814668690385206,0.5335907335907336,0.5,0.42396313364055305,0.5475412610127061,0.5221074160037893,0.43960680462064605
174,mgf5hs0q,10,"SynNetRP,xylo,Realworld",1,"(80, 80, 80)","(10, 2, 2)",74,45984.24391891892,45951.854166666664,46301.3629032258,0.5804054054054054,0.5798611111111112,0.5040322580645161,0.5804054054054053,0.579861111111111,0.5040322580645161,0.9257442867578003,0.9297563932980599,0.8839564441801695,0.934324780861943,0.9389665660824515,0.8875322859372677,0.9257442867578002,0.9297563932980599,0.8839564441801694,0.5735303862631324,0.5286255717047438,0.487922165999892,0.5804054054054054,0.5798611111111112,0.5040322580645161,0.5735303862631324,0.5286255717047437,0.48792216599989197,0.5204633204633204,0.5198412698412698,0.43317972350230416,0.5310008844945695,0.5422559825887077,0.4481617943106518
175,mgf5hs0q,10,"SynNetRP,xylo,Realworld",1,"(80, 80, 80)","(10, 2, 2)",75,45239.22635135135,45965.95138888889,46373.01612903226,0.6047297297297297,0.5972222222222222,0.5201612903225806,0.6047297297297298,0.5972222222222223,0.5201612903225806,0.9280762809141188,0.9332423941798942,0.8821075516574997,0.9370393861525619,0.9415095899470899,0.8885415118180466,0.9280762809141189,0.9332423941798942,0.8821075516574995,0.5908024800732896,0.5528538319615282,0.4911650148425839,0.6047297297297297,0.5972222222222222,0.5201612903225806,0.5908024800732896,0.5528538319615283,0.4911650148425839,0.5482625482625483,0.5396825396825398,0.4516129032258065,0.5572277513445786,0.5607627632005107,0.4719590582955266
176,mgf5hs0q,10,"SynNetRP,xylo,Realworld",1,"(80, 80, 80)","(10, 2, 2)",76,45693.54662162162,46309.90972222222,46654.32661290323,0.6182432432432432,0.5694444444444444,0.5241935483870968,0.6182432432432432,0.5694444444444444,0.5241935483870968,0.9305739330063654,0.9289296737213404,0.8829158614538426,0.9404780601064384,0.9386772142305996,0.8877819793370002,0.9305739330063655,0.9289296737213404,0.8829158614538427,0.6175964567904408,0.5372779829496299,0.5007936148491681,0.6182432432432432,0.5694444444444444,0.5241935483870968,0.6175964567904407,0.53727798294963,0.5007936148491681,0.5637065637065637,0.5079365079365079,0.45622119815668205,0.5737449614381027,0.5242402647373561,0.47372759316732505
177,mgf5hs0q,10,"SynNetRP,xylo,Realworld",1,"(80, 80, 80)","(10, 2, 2)",77,45997.275,46087.51388888889,47030.08870967742,0.5932432432432433,0.5902777777777778,0.5,0.5932432432432433,0.5902777777777779,0.5,0.9297041636230825,0.9076003086419753,0.8809276051731827,0.9376204607116769,0.9104042658730158,0.8863418871711015,0.9297041636230826,0.9076003086419754,0.8809276051731827,0.5910273549055396,0.5234681696125026,0.46482260216485943,0.5932432432432433,0.5902777777777778,0.5,0.5910273549055396,0.5234681696125025,0.46482260216485943,0.5351351351351351,0.5317460317460317,0.4285714285714286,0.5428016980186835,0.5559842910337865,0.4524569893839494
178,mgf5hs0q,10,"SynNetRP,xylo,Realworld",1,"(80, 80, 80)","(10, 2, 2)",78,46262.372972972975,46535.447916666664,47192.125,0.5952702702702702,0.625,0.532258064516129,0.5952702702702702,0.625,0.5322580645161291,0.9263471772931232,0.9248649691358025,0.881420023784748,0.9366877543566732,0.9344368317350089,0.8916400327040286,0.9263471772931233,0.9248649691358024,0.881420023784748,0.5863756469217312,0.5710273806864716,0.5150569015703094,0.5952702702702702,0.625,0.532258064516129,0.5863756469217312,0.5710273806864716,0.5150569015703094,0.5374517374517375,0.5714285714285714,0.46543778801843316,0.5493560741100363,0.5934310876799199,0.4789231569910856
179,mgf5hs0q,10,"SynNetRP,xylo,Realworld",1,"(80, 80, 80)","(10, 2, 2)",79,46629.1027027027,47848.34722222222,47789.75403225807,0.5885135135135136,0.5798611111111112,0.5080645161290323,0.5885135135135136,0.5798611111111112,0.5080645161290323,0.9303694041531879,0.9275793650793651,0.888508993607849,0.9387717507565481,0.9415371472663139,0.8923984038204251,0.9303694041531878,0.9275793650793651,0.888508993607849,0.5726601125910016,0.5218030327586971,0.48651012078321776,0.5885135135135136,0.5798611111111112,0.5080645161290323,0.5726601125910016,0.5218030327586972,0.4865101207832177,0.5297297297297296,0.5198412698412698,0.4377880184331797,0.5459044285377771,0.5483908376924196,0.4547146468247973
180,mgf5hs0q,10,"SynNetRP,xylo,Realworld",1,"(80, 80, 80)","(10, 2, 2)",80,46825.339864864865,46577.239583333336,47121.07258064516,0.6222972972972973,0.6006944444444444,0.5443548387096774,0.6222972972972973,0.6006944444444444,0.5443548387096775,0.9302895752895752,0.9213376322751323,0.8904136316337149,0.9394837537827403,0.9308543802358907,0.8940301211535603,0.9302895752895755,0.9213376322751322,0.8904136316337149,0.6198189940402881,0.5556504879286599,0.5221215759475091,0.6222972972972973,0.6006944444444444,0.5443548387096774,0.6198189940402881,0.55565048792866,0.5221215759475091,0.5683397683397684,0.5436507936507937,0.47926267281105994,0.5772584973536254,0.5708531549675679,0.4947475175097262
181,mgf5hs0q,10,"SynNetRP,xylo,Realworld",1,"(80, 80, 80)","(10, 2, 2)",81,46254.677702702706,47209.09722222222,47400.00403225807,0.6195945945945946,0.5659722222222222,0.4717741935483871,0.6195945945945946,0.5659722222222223,0.4717741935483871,0.9307127204424501,0.9151716820987654,0.8878865021554927,0.9409494678075758,0.9222728587962964,0.8906168704474506,0.9307127204424503,0.9151716820987654,0.8878865021554927,0.616873982656694,0.4991053199861558,0.4349202248530558,0.6195945945945946,0.5659722222222222,0.4717741935483871,0.616873982656694,0.4991053199861558,0.43492022485305576,0.5652509652509652,0.503968253968254,0.3963133640552995,0.5729760045842941,0.5438498379246737,0.41960206598586736
182,mgf5hs0q,10,"SynNetRP,xylo,Realworld",1,"(80, 80, 80)","(10, 2, 2)",82,46396.626351351355,46407.291666666664,46892.5685483871,0.5831081081081081,0.6006944444444444,0.5241935483870968,0.5831081081081081,0.6006944444444444,0.5241935483870969,0.9300545236356048,0.9184096671075838,0.8872547197859373,0.9386541597099031,0.9233587894069665,0.8910849004013677,0.9300545236356047,0.9184096671075836,0.8872547197859373,0.5661457829276035,0.5452160794390857,0.5048408424911099,0.5831081081081081,0.6006944444444444,0.5241935483870968,0.5661457829276034,0.5452160794390858,0.50484084249111,0.5235521235521235,0.5436507936507937,0.45622119815668205,0.5367638546968936,0.5720449982338441,0.4748228745017788
183,mgf5hs0q,10,"SynNetRP,xylo,Realworld",1,"(80, 80, 80)","(10, 2, 2)",83,46480.002027027025,46579.26736111111,47194.2379032258,0.606081081081081,0.5833333333333334,0.5120967741935484,0.606081081081081,0.5833333333333334,0.5120967741935484,0.9313583950746113,0.9226190476190477,0.8819960606511075,0.940325120004174,0.9357294422398588,0.8904194384569646,0.9313583950746113,0.9226190476190477,0.8819960606511076,0.5992293257448883,0.5312129308440189,0.49388201466203285,0.606081081081081,0.5833333333333334,0.5120967741935484,0.5992293257448884,0.531212930844019,0.4938820146620328,0.5498069498069498,0.5238095238095238,0.44239631336405527,0.561522315557071,0.5519257572949405,0.45934460311738284
184,mgf5hs0q,10,"SynNetRP,xylo,Realworld",1,"(80, 80, 80)","(10, 2, 2)",84,46620.53716216216,46698.71527777778,47177.604838709674,0.6,0.5972222222222222,0.5201612903225806,0.6,0.5972222222222223,0.5201612903225806,0.926709276844412,0.9223503637566137,0.8851456815816857,0.9368287918710216,0.9393110325727513,0.8931556135721718,0.926709276844412,0.9223503637566135,0.8851456815816857,0.5928626055021508,0.5614885041673199,0.5077862435007403,0.6,0.5972222222222222,0.5201612903225806,0.5928626055021506,0.5614885041673199,0.5077862435007403,0.5428571428571429,0.5396825396825398,0.4516129032258065,0.5545644788157027,0.564486675292463,0.46772581712620703
185,mgf5hs0q,10,"SynNetRP,xylo,Realworld",1,"(80, 80, 80)","(10, 2, 2)",85,46222.6222972973,46350.461805555555,46713.83870967742,0.6135135135135135,0.5902777777777778,0.5120967741935484,0.6135135135135136,0.5902777777777779,0.5120967741935484,0.9324399979129709,0.919890873015873,0.8799056042812545,0.9390293031931545,0.9304883845899471,0.888720361974134,0.9324399979129709,0.9198908730158729,0.8799056042812545,0.6023667045660255,0.5431692324626327,0.504575419082059,0.6135135135135135,0.5902777777777778,0.5120967741935484,0.6023667045660255,0.5431692324626327,0.504575419082059,0.5583011583011583,0.5317460317460317,0.44239631336405527,0.5707460221589847,0.5582424809475177,0.4560042679349179
186,mgf5hs0q,10,"SynNetRP,xylo,Realworld",1,"(80, 80, 80)","(10, 2, 2)",86,45907.09527027027,46204.375,46478.91129032258,0.6040540540540541,0.5798611111111112,0.5241935483870968,0.6040540540540541,0.5798611111111112,0.5241935483870968,0.9305418449337368,0.9281856261022927,0.8870781923591496,0.9412707724616509,0.9446011766975309,0.8957268749070908,0.9305418449337367,0.9281856261022927,0.8870781923591496,0.5970245154745404,0.5371761586375908,0.5036897956666395,0.6040540540540541,0.5798611111111112,0.5241935483870968,0.5970245154745404,0.5371761586375908,0.5036897956666395,0.5474903474903474,0.5198412698412698,0.45622119815668205,0.5588954360154093,0.5470336606517424,0.4724985295458622
187,mgf5hs0q,10,"SynNetRP,xylo,Realworld",1,"(80, 80, 80)","(10, 2, 2)",87,45724.802702702706,46192.29861111111,46633.209677419356,0.5939189189189189,0.5798611111111112,0.46774193548387094,0.5939189189189189,0.5798611111111112,0.46774193548387094,0.93435745591151,0.9352678571428572,0.8842816262821466,0.9407530588020453,0.9487313299162257,0.8828601159506466,0.9343574559115099,0.9352678571428572,0.8842816262821465,0.5728780388710841,0.5328691441961284,0.42717357737496575,0.5939189189189189,0.5798611111111112,0.46774193548387094,0.572878038871084,0.5328691441961284,0.4271735773749657,0.5359073359073359,0.5198412698412698,0.39170506912442393,0.5521562462857765,0.5516914366475479,0.4149304547258798
188,mgf5hs0q,10,"SynNetRP,xylo,Realworld",1,"(80, 80, 80)","(10, 2, 2)",88,46065.41216216216,46910.52777777778,47136.70161290323,0.6222972972972973,0.65625,0.5241935483870968,0.6222972972972973,0.65625,0.5241935483870968,0.9342614525722633,0.9309275793650793,0.8884346662702542,0.9417027874882603,0.944879333388448,0.8962134866954066,0.9342614525722633,0.9309275793650795,0.8884346662702541,0.6143966062186037,0.6283239936510818,0.5092896513175281,0.6222972972972973,0.65625,0.5241935483870968,0.6143966062186037,0.6283239936510818,0.5092896513175281,0.5683397683397684,0.6071428571428572,0.45622119815668205,0.5803278201221034,0.6258781210534207,0.4707938013720006
189,mgf5hs0q,10,"SynNetRP,xylo,Realworld",1,"(80, 80, 80)","(10, 2, 2)",89,46512.127027027025,47054.447916666664,47301.028225806454,0.6162162162162163,0.6180555555555556,0.5362903225806451,0.6162162162162163,0.6180555555555556,0.5362903225806451,0.9350623499947824,0.9299355158730158,0.8858517912888361,0.9406115321402484,0.9446209835207231,0.895938243273376,0.9350623499947824,0.9299355158730158,0.885851791288836,0.6068852312710673,0.5934985498624229,0.5312949420382241,0.6162162162162163,0.6180555555555556,0.5362903225806451,0.6068852312710673,0.5934985498624229,0.5312949420382244,0.5613899613899613,0.5634920634920635,0.4700460829493087,0.5744998093153859,0.5805234527672438,0.48012627818804343
190,mgf5hs0q,10,"SynNetRP,xylo,Realworld",1,"(80, 80, 80)","(10, 2, 2)",90,46314.693243243244,47213.63888888889,47625.032258064515,0.6371621621621621,0.6111111111111112,0.4959677419354839,0.6371621621621621,0.6111111111111112,0.4959677419354839,0.9354894083272463,0.9294050374779541,0.883138843466627,0.9416263500469582,0.9484592013888888,0.8911418072692137,0.9354894083272463,0.9294050374779541,0.8831388434666271,0.6352270707931422,0.5897629549924904,0.4770649297902446,0.6371621621621621,0.6111111111111112,0.4959677419354839,0.6352270707931422,0.5897629549924904,0.4770649297902446,0.5853281853281853,0.5555555555555556,0.42396313364055305,0.5903690441738375,0.5714452318822808,0.4403199308326529
191,mgf5hs0q,10,"SynNetRP,xylo,Realworld",1,"(80, 80, 80)","(10, 2, 2)",91,47060.10743243243,47544.975694444445,48151.88306451613,0.6168918918918919,0.6006944444444444,0.532258064516129,0.616891891891892,0.6006944444444444,0.532258064516129,0.9324937389126579,0.925409226190476,0.8837241712501858,0.9403688497860795,0.9395693824404763,0.8906087408949012,0.9324937389126579,0.925409226190476,0.8837241712501858,0.6189189974872151,0.5697077837149285,0.5048181808321821,0.6168918918918919,0.6006944444444444,0.532258064516129,0.6189189974872151,0.5697077837149285,0.5048181808321821,0.5621621621621622,0.5436507936507937,0.46543778801843316,0.5686739487626855,0.5634294989354203,0.4795651707374192
192,mgf5hs0q,10,"SynNetRP,xylo,Realworld",1,"(80, 80, 80)","(10, 2, 2)",92,47392.40337837838,47253.09375,47770.58064516129,0.5871621621621622,0.5486111111111112,0.5080645161290323,0.5871621621621621,0.5486111111111112,0.5080645161290323,0.9301706146300741,0.9283578593474426,0.8867158465883751,0.936850086089951,0.9345763406635802,0.8858030139735396,0.9301706146300741,0.9283578593474426,0.8867158465883752,0.5688128360882803,0.4967114630560878,0.49347538855598627,0.5871621621621622,0.5486111111111112,0.5080645161290323,0.5688128360882803,0.4967114630560878,0.49347538855598627,0.5281853281853282,0.4841269841269841,0.4377880184331797,0.5415522915843094,0.5144840640346536,0.4512720423571477
193,mgf5hs0q,10,"SynNetRP,xylo,Realworld",1,"(80, 80, 80)","(10, 2, 2)",93,47932.508783783785,47612.774305555555,48292.842741935485,0.6094594594594595,0.5868055555555556,0.5604838709677419,0.6094594594594596,0.5868055555555556,0.560483870967742,0.9317810184702076,0.9222745811287478,0.892940761111937,0.9394750795679849,0.9316147900132274,0.8936933254050841,0.9317810184702077,0.9222745811287477,0.892940761111937,0.6030173347150684,0.540581360724242,0.5527253276086821,0.6094594594594595,0.5868055555555556,0.5604838709677419,0.6030173347150684,0.540581360724242,0.552725327608682,0.5536679536679536,0.5277777777777778,0.49769585253456217,0.563185538208649,0.5607062201128519,0.5136847285660382
194,mgf5hs0q,10,"SynNetRP,xylo,Realworld",1,"(80, 80, 80)","(10, 2, 2)",94,46334.477027027024,47592.416666666664,47946.11693548387,0.6351351351351351,0.5798611111111112,0.5080645161290323,0.6351351351351351,0.5798611111111112,0.5080645161290323,0.934500678284462,0.9284956459435627,0.8887877211238293,0.9418404009704686,0.9414605034722221,0.8859493459194292,0.934500678284462,0.9284956459435626,0.8887877211238294,0.6383056886515954,0.5503132643583639,0.4912131133906745,0.6351351351351351,0.5798611111111112,0.5080645161290323,0.6383056886515954,0.5503132643583639,0.49121311339067447,0.583011583011583,0.5198412698412698,0.4377880184331797,0.5875664302359286,0.5394327637948612,0.4536066261852193
195,mgf5hs0q,10,"SynNetRP,xylo,Realworld",1,"(80, 80, 80)","(10, 2, 2)",95,47061.02837837838,46854.399305555555,47290.10080645161,0.6047297297297297,0.5555555555555556,0.5403225806451613,0.6047297297297298,0.5555555555555555,0.5403225806451613,0.9336585620369404,0.9246445105820106,0.8890664486398098,0.9403995356360221,0.9340260554453264,0.8918432715177642,0.9336585620369404,0.9246445105820106,0.8890664486398097,0.5910283052989359,0.5181621895472042,0.5174218820149052,0.6047297297297297,0.5555555555555556,0.5403225806451613,0.5910283052989359,0.5181621895472042,0.5174218820149051,0.5482625482625483,0.4920634920634921,0.4746543778801844,0.5615948096428768,0.5106384181443141,0.4902330795861737
196,mgf5hs0q,10,"SynNetRP,xylo,Realworld",1,"(80, 80, 80)","(10, 2, 2)",96,47082.44391891892,48077.32638888889,48498.278225806454,0.606081081081081,0.6111111111111112,0.5040322580645161,0.606081081081081,0.6111111111111112,0.5040322580645161,0.9352353125326098,0.9274484678130512,0.8818009513899212,0.9421694015444015,0.9363667052469136,0.8853756317823696,0.9352353125326099,0.9274484678130511,0.8818009513899211,0.5963434118252834,0.5643073102975069,0.48951780529571887,0.606081081081081,0.6111111111111112,0.5040322580645161,0.5963434118252834,0.564307310297507,0.4895178052957188,0.5498069498069498,0.5555555555555556,0.43317972350230416,0.5618740824113423,0.579901580413885,0.44571292520093375
197,mgf5hs0q,10,"SynNetRP,xylo,Realworld",1,"(80, 80, 80)","(10, 2, 2)",97,47452.45472972973,47133.131944444445,47805.0,0.6270270270270271,0.6006944444444444,0.5645161290322581,0.6270270270270271,0.6006944444444445,0.564516129032258,0.9353615777940103,0.9347993827160495,0.8897632674297606,0.9419541440571846,0.9448965567129629,0.8910001207819236,0.9353615777940103,0.9347993827160495,0.8897632674297606,0.6324263345493135,0.5655507144204173,0.5565886419812303,0.6270270270270271,0.6006944444444444,0.5645161290322581,0.6324263345493135,0.5655507144204173,0.5565886419812303,0.5737451737451738,0.5436507936507937,0.5023041474654377,0.5793021890423405,0.5582648388437319,0.5157225141048288
198,mgf5hs0q,10,"SynNetRP,xylo,Realworld",1,"(80, 80, 80)","(10, 2, 2)",98,46970.5222972973,47612.680555555555,47800.528225806454,0.6324324324324324,0.5798611111111112,0.5201612903225806,0.6324324324324324,0.5798611111111112,0.5201612903225806,0.9376567880621934,0.9384920634920635,0.8915657053664338,0.9441501226129604,0.952722835372575,0.8966431916158764,0.9376567880621934,0.9384920634920637,0.8915657053664338,0.6273633949527447,0.5428305210272424,0.5024961348660313,0.6324324324324324,0.5798611111111112,0.5201612903225806,0.6273633949527448,0.5428305210272425,0.5024961348660313,0.57992277992278,0.5198412698412698,0.4516129032258065,0.5910735037453322,0.5425896110075569,0.4718920274975448
199,mgf5hs0q,10,"SynNetRP,xylo,Realworld",1,"(80, 80, 80)","(10, 2, 2)",99,47164.207432432435,47216.34722222222,47675.846774193546,0.6378378378378379,0.6284722222222222,0.5443548387096774,0.6378378378378378,0.6284722222222223,0.5443548387096775,0.9345293749347803,0.933745315255732,0.8787721123829344,0.9425090003130545,0.9482929963073192,0.8868784376393636,0.9345293749347804,0.9337453152557319,0.8787721123829344,0.6367401525246907,0.6031102209565775,0.5423565355866395,0.6378378378378379,0.6284722222222222,0.5443548387096774,0.6367401525246906,0.6031102209565776,0.5423565355866394,0.5861003861003862,0.5753968253968254,0.47926267281105994,0.5950816558276532,0.5884496018276358,0.4884621303658585
200,2m09ws9q,8,"SynNetRP,xylo,Realworld",1,"(80, 80, 80)","(10, 2, 2)",0,34397.569444444445,37588.841911764706,40850.48355263158,0.13055555555555556,0.125,0.125,0.13055555555555556,0.125,0.125,0.5873633156966491,0.6088652372713792,0.5761154531064503,0.5603306878306878,0.569886732266436,0.5514977307578155,0.587363315696649,0.6088652372713791,0.5761154531064503,0.05902458742648616,0.027777777777777776,0.027777777777777776,0.13055555555555556,0.125,0.125,0.059024587426486155,0.027777777777777776,0.02777777777777778,0.006349206349206327,0.0,0.0,0.009311159699999865,0.0,0.0
201,2m09ws9q,8,"SynNetRP,xylo,Realworld",1,"(80, 80, 80)","(10, 2, 2)",1,37722.70486111111,40059.908088235294,44588.57894736842,0.12986111111111112,0.125,0.12828947368421054,0.12986111111111112,0.125,0.12828947368421054,0.600605434303351,0.6075985541275334,0.6029382667194301,0.5699354814263669,0.5785816624443895,0.5641934297091413,0.600605434303351,0.6075985541275334,0.6029382667194302,0.03692775255828268,0.027868852459016394,0.0342694939469133,0.12986111111111112,0.125,0.12828947368421054,0.036927752558282685,0.027868852459016394,0.0342694939469133,0.005555555555555536,0.0,0.003759398496240629,0.02380157393111601,0.0,0.043426983270794736
202,2m09ws9q,8,"SynNetRP,xylo,Realworld",1,"(80, 80, 80)","(10, 2, 2)",2,41014.54236111111,41168.59926470588,45110.18421052631,0.1361111111111111,0.14705882352941177,0.17105263157894737,0.1361111111111111,0.14705882352941174,0.17105263157894737,0.6240266754850088,0.6128120365793376,0.6417256133755441,0.5824912849977955,0.5794013377409788,0.6065724549861495,0.6240266754850089,0.6128120365793377,0.6417256133755442,0.0658919435349807,0.09921971443327539,0.12129563661695322,0.1361111111111111,0.14705882352941177,0.17105263157894737,0.0658919435349807,0.0992197144332754,0.12129563661695324,0.012698412698412653,0.025210084033613467,0.052631578947368474,0.022349469656678587,0.028387839219933316,0.05745865874628113
203,2m09ws9q,8,"SynNetRP,xylo,Realworld",1,"(80, 80, 80)","(10, 2, 2)",3,39355.65277777778,41314.22426470588,44708.91118421053,0.20902777777777778,0.1801470588235294,0.13815789473684212,0.20902777777777778,0.1801470588235294,0.1381578947368421,0.6978794642857142,0.6629464285714286,0.6635956667985754,0.6515852003417109,0.636348013470094,0.6541013306292046,0.6978794642857143,0.6629464285714285,0.6635956667985754,0.15239105147791712,0.14808586755860959,0.09971195951597257,0.20902777777777778,0.1801470588235294,0.13815789473684212,0.15239105147791712,0.14808586755860959,0.09971195951597259,0.09603174603174602,0.06302521008403361,0.015037593984962405,0.10441470693315037,0.06560218094431258,0.016307761338399167
204,2m09ws9q,8,"SynNetRP,xylo,Realworld",1,"(80, 80, 80)","(10, 2, 2)",4,41483.36597222222,44653.29779411765,49410.60197368421,0.2125,0.21323529411764705,0.17434210526315788,0.21250000000000002,0.21323529411764705,0.1743421052631579,0.7125744047619047,0.7640570934256055,0.7547301642263553,0.6895084807649913,0.7304919210331191,0.7051677817075583,0.7125744047619048,0.7640570934256055,0.7547301642263553,0.15602175772237095,0.1446487229509587,0.11634056286449006,0.2125,0.21323529411764705,0.17434210526315788,0.15602175772237095,0.1446487229509587,0.11634056286449006,0.09999999999999998,0.10084033613445376,0.05639097744360899,0.11714449480760969,0.11049441527548855,0.06468838204852755
205,2m09ws9q,8,"SynNetRP,xylo,Realworld",1,"(80, 80, 80)","(10, 2, 2)",5,44358.72986111111,44458.43382352941,50085.45723684211,0.21736111111111112,0.2536764705882353,0.22697368421052633,0.21736111111111112,0.2536764705882353,0.22697368421052633,0.7861725639329806,0.7553138902619871,0.7372625643055006,0.7454098462301587,0.7282404689817104,0.7162844405421448,0.7861725639329805,0.7553138902619871,0.7372625643055005,0.15566939787223816,0.17404499983340688,0.18269851065368858,0.21736111111111112,0.2536764705882353,0.22697368421052633,0.15566939787223813,0.17404499983340688,0.18269851065368858,0.10555555555555551,0.1470588235294118,0.11654135338345861,0.12533260824361078,0.16337090388513215,0.12723363782858807
206,2m09ws9q,8,"SynNetRP,xylo,Realworld",1,"(80, 80, 80)","(10, 2, 2)",6,45732.01736111111,47968.055147058825,53580.14144736842,0.23819444444444443,0.29044117647058826,0.23355263157894737,0.23819444444444446,0.29044117647058826,0.23355263157894737,0.7768000440917108,0.8013161146811665,0.7764456371191135,0.7400815352182539,0.752729354609491,0.7311349920854768,0.7768000440917108,0.8013161146811666,0.7764456371191135,0.18100950574523486,0.21865194473415422,0.18230496139185692,0.23819444444444443,0.29044117647058826,0.23355263157894737,0.18100950574523486,0.21865194473415422,0.1823049613918569,0.12936507936507935,0.18907563025210083,0.12406015037593987,0.14215661978467928,0.21620752043800595,0.13241457696737716
207,2m09ws9q,8,"SynNetRP,xylo,Realworld",1,"(80, 80, 80)","(10, 2, 2)",7,47807.75555555556,49046.55882352941,55262.55263157895,0.2743055555555556,0.2757352941176471,0.23355263157894737,0.2743055555555556,0.2757352941176471,0.23355263157894737,0.8324898037918871,0.8072247281265447,0.8292627127028097,0.7840114845127866,0.7529137574147307,0.7690234529580531,0.8324898037918871,0.8072247281265448,0.8292627127028096,0.20300730833713948,0.17633788328158748,0.18168090175664298,0.2743055555555556,0.2757352941176471,0.23355263157894737,0.20300730833713954,0.17633788328158748,0.18168090175664298,0.17063492063492058,0.17226890756302526,0.12406015037593987,0.19421522126653165,0.2003602811201891,0.13477051815050467
208,2m09ws9q,8,"SynNetRP,xylo,Realworld",1,"(80, 80, 80)","(10, 2, 2)",8,48958.95,50547.11029411765,57013.75,0.3597222222222222,0.2977941176470588,0.21710526315789475,0.3597222222222222,0.2977941176470588,0.21710526315789475,0.8671180555555555,0.8352307834898665,0.8584413335971508,0.8210085634369488,0.7845238738877904,0.7965403331519589,0.8671180555555557,0.8352307834898665,0.8584413335971509,0.32206824334309125,0.24448396671248415,0.15069624609519777,0.3597222222222222,0.2977941176470588,0.21710526315789475,0.32206824334309125,0.24448396671248418,0.15069624609519774,0.2682539682539683,0.19747899159663862,0.10526315789473684,0.2847935960652545,0.22142362228001128,0.12131760181930035
209,2m09ws9q,8,"SynNetRP,xylo,Realworld",1,"(80, 80, 80)","(10, 2, 2)",9,49231.84027777778,50121.268382352944,55772.41118421053,0.33819444444444446,0.35661764705882354,0.32894736842105265,0.33819444444444446,0.35661764705882354,0.32894736842105265,0.8666592261904762,0.8161378521997034,0.8652614265927978,0.8202281401565256,0.7839291507043994,0.8196617159675504,0.8666592261904762,0.8161378521997034,0.8652614265927978,0.29270542243971065,0.3256432555245633,0.2800690858671675,0.33819444444444446,0.35661764705882354,0.32894736842105265,0.29270542243971065,0.3256432555245633,0.2800690858671675,0.24365079365079367,0.2647058823529411,0.23308270676691734,0.26477232506076437,0.2741015855475037,0.2418427095661361
210,2m09ws9q,8,"SynNetRP,xylo,Realworld",1,"(80, 80, 80)","(10, 2, 2)",10,49651.604166666664,51412.330882352944,56890.69078947369,0.41875,0.31985294117647056,0.3717105263157895,0.41875,0.3198529411764706,0.3717105263157895,0.8859934413580246,0.8468858131487889,0.8750865650969528,0.8421423748897708,0.8109678154349975,0.8179373701523545,0.8859934413580247,0.8468858131487889,0.8750865650969529,0.37337026297404347,0.2505375630173895,0.3459730765456632,0.41875,0.31985294117647056,0.3717105263157895,0.3733702629740435,0.2505375630173895,0.3459730765456632,0.33571428571428574,0.2226890756302521,0.28195488721804507,0.3453415645681811,0.24535919546430696,0.2951086796833918
211,2m09ws9q,8,"SynNetRP,xylo,Realworld",1,"(80, 80, 80)","(10, 2, 2)",11,50170.23472222222,51999.180147058825,57819.65789473684,0.4083333333333333,0.4007352941176471,0.375,0.4083333333333334,0.4007352941176471,0.37499999999999994,0.8856313381834215,0.8556753583786456,0.8796374159081916,0.8404149098875662,0.8301360525827979,0.8267925158290463,0.8856313381834215,0.8556753583786455,0.8796374159081916,0.3628138107789042,0.34780630564346493,0.3308588613312293,0.4083333333333333,0.4007352941176471,0.375,0.3628138107789042,0.34780630564346493,0.3308588613312294,0.32380952380952377,0.31512605042016806,0.2857142857142857,0.336302404912692,0.32587449893168224,0.2989422334743489
212,2m09ws9q,8,"SynNetRP,xylo,Realworld",1,"(80, 80, 80)","(10, 2, 2)",12,49692.677083333336,50673.72426470588,56460.39473684211,0.43333333333333335,0.39705882352941174,0.3651315789473684,0.4333333333333333,0.39705882352941174,0.3651315789473684,0.8795122354497354,0.862757970835393,0.8952809655718243,0.8355369888117283,0.8351236174616906,0.8342927631578947,0.8795122354497354,0.862757970835393,0.8952809655718242,0.38919759956551125,0.31614630940228383,0.2885386836694331,0.43333333333333335,0.39705882352941174,0.3651315789473684,0.3891975995655112,0.3161463094022838,0.28853868366943314,0.35238095238095235,0.31092436974789917,0.2744360902255639,0.36177478706894023,0.33091737898006524,0.28868190615823897
213,2m09ws9q,8,"SynNetRP,xylo,Realworld",1,"(80, 80, 80)","(10, 2, 2)",13,50210.521527777775,52113.106617647056,58070.08223684211,0.4125,0.41911764705882354,0.3815789473684211,0.4125,0.4191176470588235,0.381578947368421,0.8842463073192239,0.849511863568957,0.884676741195093,0.839474895282187,0.8122460840954029,0.83009512885833,0.8842463073192239,0.8495118635689569,0.884676741195093,0.3615111563156769,0.37210880798001406,0.3444194463361762,0.4125,0.41911764705882354,0.3815789473684211,0.3615111563156769,0.37210880798001406,0.3444194463361762,0.3285714285714286,0.33613445378151263,0.29323308270676696,0.3425027684545856,0.3469752697378028,0.3090854656601307
214,2m09ws9q,8,"SynNetRP,xylo,Realworld",1,"(80, 80, 80)","(10, 2, 2)",14,50262.436111111114,49158.60294117647,55421.12828947369,0.4222222222222222,0.44485294117647056,0.42105263157894735,0.4222222222222222,0.4448529411764706,0.42105263157894735,0.889933311287478,0.8803061665842808,0.9061387020182035,0.8449153301366843,0.8300491612086011,0.8382175628215275,0.8899333112874779,0.8803061665842807,0.9061387020182036,0.37284213476864364,0.3784115205045136,0.37342506841675555,0.4222222222222222,0.44485294117647056,0.42105263157894735,0.3728421347686437,0.3784115205045136,0.37342506841675555,0.3396825396825397,0.365546218487395,0.33834586466165417,0.3558914082870329,0.37840217085983624,0.34776716899361004
215,2m09ws9q,8,"SynNetRP,xylo,Realworld",1,"(80, 80, 80)","(10, 2, 2)",15,49484.11944444444,50844.08455882353,57657.73026315789,0.42916666666666664,0.39338235294117646,0.375,0.4291666666666667,0.39338235294117646,0.375,0.8951331018518518,0.8652836134453782,0.887774535021765,0.8430833195546739,0.8253512342436975,0.8354482526216858,0.8951331018518519,0.8652836134453782,0.887774535021765,0.38202040192185027,0.33097448895646747,0.3203405760390565,0.42916666666666664,0.39338235294117646,0.375,0.38202040192185027,0.3309744889564674,0.3203405760390565,0.3476190476190476,0.3067226890756303,0.2857142857142857,0.360365080777445,0.33229396369287967,0.2994575430661372
216,2m09ws9q,8,"SynNetRP,xylo,Realworld",1,"(80, 80, 80)","(10, 2, 2)",16,49954.46319444444,49701.81617647059,56397.85526315789,0.4125,0.45588235294117646,0.3717105263157895,0.4125,0.45588235294117646,0.37171052631578944,0.8979480820105821,0.8795415224913494,0.8870016323703998,0.8498842248126102,0.8328152032871972,0.8325189515730115,0.8979480820105821,0.8795415224913495,0.8870016323703996,0.35062502627970477,0.4177740418291512,0.3447431626302638,0.4125,0.45588235294117646,0.3717105263157895,0.35062502627970477,0.4177740418291512,0.3447431626302638,0.3285714285714286,0.37815126050420167,0.28195488721804507,0.3476509261968947,0.38493010202987504,0.29377054553095056
217,2m09ws9q,8,"SynNetRP,xylo,Realworld",1,"(80, 80, 80)","(10, 2, 2)",17,50015.41736111111,50915.46323529412,57008.60197368421,0.4222222222222222,0.375,0.39144736842105265,0.4222222222222223,0.375,0.39144736842105265,0.8961262676366842,0.8624335763717251,0.8941061535417492,0.8480449804343034,0.8245547299802274,0.8351823741096163,0.8961262676366841,0.8624335763717252,0.8941061535417489,0.3691304964739636,0.3178115320903378,0.33718895776467495,0.4222222222222222,0.375,0.39144736842105265,0.3691304964739636,0.31781153209033774,0.33718895776467495,0.3396825396825397,0.2857142857142857,0.30451127819548873,0.3573173471614267,0.29899715737434013,0.31863968337894294
218,2m09ws9q,8,"SynNetRP,xylo,Realworld",1,"(80, 80, 80)","(10, 2, 2)",18,49865.93125,51017.705882352944,57008.60855263158,0.42430555555555555,0.41911764705882354,0.3519736842105263,0.42430555555555555,0.4191176470588235,0.3519736842105263,0.8976727843915344,0.8627811418685121,0.8945266125840918,0.8466191991843033,0.8289301934008898,0.8399156299465771,0.8976727843915344,0.8627811418685122,0.8945266125840918,0.3771779222753374,0.35434758082984896,0.28243765153456046,0.42430555555555555,0.41911764705882354,0.3519736842105263,0.3771779222753374,0.3543475808298489,0.2824376515345605,0.34206349206349207,0.33613445378151263,0.2593984962406015,0.35535697528466625,0.3535965568702911,0.2736323776432787
219,2m09ws9q,8,"SynNetRP,xylo,Realworld",1,"(80, 80, 80)","(10, 2, 2)",19,50216.28680555556,51027.06617647059,56794.03947368421,0.4305555555555556,0.43014705882352944,0.33881578947368424,0.4305555555555556,0.4301470588235293,0.3388157894736842,0.8992424492945327,0.8767455511616411,0.8935372971903444,0.8484372588734568,0.8360890771749877,0.8395345889394539,0.8992424492945328,0.8767455511616411,0.8935372971903444,0.3752865255669009,0.3621284903942157,0.2697846932193667,0.4305555555555556,0.43014705882352944,0.33881578947368424,0.3752865255669009,0.3621284903942157,0.26978469321936666,0.3492063492063492,0.3487394957983193,0.2443609022556391,0.36439819996399553,0.3744346084928072,0.25986646294825144
220,2m09ws9q,8,"SynNetRP,xylo,Realworld",1,"(80, 80, 80)","(10, 2, 2)",20,50628.566666666666,49889.9375,56668.875,0.43680555555555556,0.39338235294117646,0.3684210526315789,0.43680555555555556,0.39338235294117646,0.3684210526315789,0.8968113425925925,0.8660791522491349,0.8905817174515236,0.8496256338183421,0.8224413386678201,0.8356662111693708,0.8968113425925925,0.866079152249135,0.8905817174515236,0.392998935755061,0.3338976023060487,0.3268949259074473,0.43680555555555556,0.39338235294117646,0.3684210526315789,0.39299893575506106,0.3338976023060487,0.3268949259074473,0.3563492063492063,0.3067226890756303,0.27819548872180455,0.3686468945996906,0.3293571971812632,0.2925604002016591
221,2m09ws9q,8,"SynNetRP,xylo,Realworld",1,"(80, 80, 80)","(10, 2, 2)",21,50687.42847222222,52244.77573529412,57673.16447368421,0.4409722222222222,0.39705882352941174,0.39144736842105265,0.4409722222222222,0.3970588235294118,0.39144736842105265,0.8939032186948854,0.8679019401878398,0.9020948753462604,0.8424899071318341,0.835823575753831,0.8466282894736842,0.8939032186948853,0.8679019401878397,0.9020948753462604,0.3937278161143946,0.320506144650523,0.3240305860712869,0.4409722222222222,0.39705882352941174,0.39144736842105265,0.3937278161143946,0.3205061446505231,0.3240305860712869,0.36111111111111116,0.31092436974789917,0.30451127819548873,0.3714671280352807,0.3352571740353968,0.32100424309647446
222,2m09ws9q,8,"SynNetRP,xylo,Realworld",1,"(80, 80, 80)","(10, 2, 2)",22,50559.00625,51417.33823529412,57586.22368421053,0.4340277777777778,0.4227941176470588,0.3618421052631579,0.43402777777777773,0.4227941176470588,0.3618421052631579,0.9000672398589065,0.8735479485912012,0.9017857142857143,0.8509032255842153,0.8355223523232822,0.8507293109418282,0.9000672398589065,0.8735479485912012,0.9017857142857144,0.3841847687159988,0.36848562083834224,0.2926708148374715,0.4340277777777778,0.4227941176470588,0.3618421052631579,0.3841847687159988,0.3684856208383422,0.2926708148374715,0.35317460317460314,0.3403361344537815,0.2706766917293233,0.3681272859385797,0.3656791709890814,0.29157445300114093
223,2m09ws9q,8,"SynNetRP,xylo,Realworld",1,"(80, 80, 80)","(10, 2, 2)",23,50673.175,51516.77205882353,57345.63157894737,0.43472222222222223,0.40441176470588236,0.34868421052631576,0.43472222222222223,0.40441176470588236,0.3486842105263157,0.8981671626984127,0.8703271749876421,0.8980634151167391,0.8468353863536155,0.8434169163989125,0.84962637885833,0.8981671626984127,0.8703271749876421,0.8980634151167393,0.38708209675016014,0.3325228235904558,0.2943083099333099,0.43472222222222223,0.40441176470588236,0.34868421052631576,0.38708209675016014,0.3325228235904558,0.29430830993331,0.35396825396825393,0.31932773109243695,0.2556390977443609,0.36469585966623413,0.35062154439388793,0.27781438043714607
224,2m09ws9q,8,"SynNetRP,xylo,Realworld",1,"(80, 80, 80)","(10, 2, 2)",24,50664.842361111114,50149.375,56268.55592105263,0.42430555555555555,0.4117647058823529,0.3684210526315789,0.42430555555555555,0.4117647058823529,0.368421052631579,0.8964379409171076,0.8740190929312902,0.8751360308666403,0.8466083484898588,0.8273815960207613,0.8243872427779977,0.8964379409171076,0.8740190929312902,0.8751360308666402,0.36989555388268064,0.37977147021974145,0.30929535382860196,0.42430555555555555,0.4117647058823529,0.3684210526315789,0.3698955538826807,0.3797714702197414,0.3092953538286019,0.34206349206349207,0.32773109243697474,0.27819548872180455,0.35987304848838175,0.342452113604282,0.2965663895232817
225,2m09ws9q,8,"SynNetRP,xylo,Realworld",1,"(80, 80, 80)","(10, 2, 2)",25,50187.35902777778,51480.66544117647,57084.04276315789,0.4465277777777778,0.43014705882352944,0.39473684210526316,0.44652777777777775,0.43014705882352944,0.39473684210526316,0.9009964726631394,0.8793098121601581,0.9025833498219232,0.8505253113977073,0.8466434827607513,0.8513793220716265,0.9009964726631393,0.8793098121601581,0.9025833498219231,0.40490383988009704,0.3614530702063272,0.33812669625364794,0.4465277777777778,0.43014705882352944,0.39473684210526316,0.4049038398800971,0.3614530702063273,0.33812669625364794,0.3674603174603175,0.3487394957983193,0.30827067669172936,0.37712252591715306,0.37566753895818,0.32504767266285634
226,2m09ws9q,8,"SynNetRP,xylo,Realworld",1,"(80, 80, 80)","(10, 2, 2)",26,50404.15069444444,50410.21323529412,56055.47039473684,0.44722222222222224,0.38235294117647056,0.35855263157894735,0.44722222222222224,0.38235294117647056,0.3585526315789474,0.8961100088183422,0.8793716015818092,0.8598758409180847,0.8459287505511465,0.8246136230227384,0.8189320958646618,0.896110008818342,0.8793716015818092,0.8598758409180847,0.4096652996523537,0.35980618534254716,0.3154558497600156,0.44722222222222224,0.38235294117647056,0.35855263157894735,0.4096652996523537,0.3598061853425471,0.3154558497600156,0.3682539682539683,0.2941176470588235,0.26691729323308266,0.3778822081244526,0.3030899487946894,0.28039705324214215
227,2m09ws9q,8,"SynNetRP,xylo,Realworld",1,"(80, 80, 80)","(10, 2, 2)",27,50138.99166666667,50733.93382352941,56956.89802631579,0.4409722222222222,0.41911764705882354,0.3519736842105263,0.4409722222222222,0.41911764705882354,0.3519736842105263,0.8948387896825397,0.8755483811171527,0.8927953106450337,0.8472537064594357,0.834491241349481,0.8391172215077166,0.8948387896825396,0.8755483811171527,0.8927953106450338,0.3931586303772028,0.354323634320912,0.282953323886993,0.4409722222222222,0.41911764705882354,0.3519736842105263,0.3931586303772028,0.354323634320912,0.28295332388699296,0.36111111111111116,0.33613445378151263,0.2593984962406015,0.3737804347257277,0.35339122674873275,0.2758119603427189
228,2m09ws9q,8,"SynNetRP,xylo,Realworld",1,"(80, 80, 80)","(10, 2, 2)",28,50124.54652777778,50665.27573529412,56364.94078947369,0.43680555555555556,0.45588235294117646,0.3980263157894737,0.4368055555555556,0.45588235294117646,0.3980263157894737,0.9020695546737214,0.8940852076124567,0.8986508211317767,0.8534696387235451,0.8445445733440435,0.8369847830925999,0.9020695546737214,0.8940852076124567,0.8986508211317767,0.38663407208029626,0.3997903900452248,0.3330943454356553,0.43680555555555556,0.45588235294117646,0.3980263157894737,0.38663407208029626,0.3997903900452248,0.33309434543565536,0.3563492063492063,0.37815126050420167,0.3120300751879699,0.37163485049772704,0.39023799851502305,0.32665332415636605
229,2m09ws9q,8,"SynNetRP,xylo,Realworld",1,"(80, 80, 80)","(10, 2, 2)",29,49940.02916666667,50753.6875,56486.71710526316,0.42569444444444443,0.45588235294117646,0.3684210526315789,0.4256944444444445,0.4558823529411765,0.3684210526315789,0.8928100198412698,0.8827854671280276,0.9074680945785516,0.842290908840388,0.8319704260380623,0.8449510907202216,0.8928100198412697,0.8827854671280277,0.9074680945785517,0.38501961178202543,0.3981911148358343,0.28979396499557786,0.42569444444444443,0.45588235294117646,0.3684210526315789,0.38501961178202543,0.39819111483583436,0.2897939649955779,0.34365079365079365,0.37815126050420167,0.27819548872180455,0.3531448084258619,0.3923738932513517,0.29178327187795716
230,2m09ws9q,8,"SynNetRP,xylo,Realworld",1,"(80, 80, 80)","(10, 2, 2)",30,49834.47638888889,50574.06617647059,56625.08552631579,0.4486111111111111,0.3786764705882353,0.3815789473684211,0.4486111111111111,0.3786764705882353,0.381578947368421,0.9007043650793651,0.8686356895699456,0.8896295013850415,0.8486191371803351,0.8204660080944143,0.8359637786901465,0.9007043650793651,0.8686356895699456,0.8896295013850416,0.4108147862116256,0.3337555595098698,0.33073708259546564,0.4486111111111111,0.3786764705882353,0.3815789473684211,0.4108147862116256,0.33375555950986985,0.33073708259546564,0.36984126984126986,0.2899159663865546,0.29323308270676696,0.378604211908871,0.31080686930724766,0.3147541884550378
231,2m09ws9q,8,"SynNetRP,xylo,Realworld",1,"(80, 80, 80)","(10, 2, 2)",31,50051.54027777778,50264.47794117647,56425.99013157895,0.44722222222222224,0.4375,0.3782894736842105,0.44722222222222224,0.4375,0.3782894736842105,0.8989666005291005,0.8826850593178448,0.8947368421052632,0.8476714754188713,0.8366036672021749,0.8392772123565492,0.8989666005291004,0.8826850593178448,0.8947368421052632,0.40323286395851554,0.36641886256044237,0.30128870836137206,0.44722222222222224,0.4375,0.3782894736842105,0.4032328639585155,0.36641886256044237,0.301288708361372,0.3682539682539683,0.3571428571428571,0.2894736842105263,0.3802472434736109,0.3774749871923613,0.30682648507219573
232,2m09ws9q,8,"SynNetRP,xylo,Realworld",1,"(80, 80, 80)","(10, 2, 2)",32,49906.402083333334,51624.580882352944,57191.92105263158,0.46319444444444446,0.4375,0.3881578947368421,0.46319444444444446,0.4375,0.38815789473684215,0.9022178130511463,0.8844846762234306,0.8983045607439653,0.8493250868055555,0.8492463621478004,0.8484283797487139,0.9022178130511463,0.8844846762234306,0.8983045607439653,0.4149350166813212,0.38509471668523265,0.310401679611984,0.46319444444444446,0.4375,0.3881578947368421,0.41493501668132116,0.38509471668523265,0.310401679611984,0.38650793650793647,0.3571428571428571,0.3007518796992481,0.3995681648645121,0.3709889633131121,0.3189314560516091
233,2m09ws9q,8,"SynNetRP,xylo,Realworld",1,"(80, 80, 80)","(10, 2, 2)",33,50747.902083333334,51931.80147058824,56876.19407894737,0.4597222222222222,0.44485294117647056,0.39144736842105265,0.45972222222222225,0.44485294117647056,0.39144736842105265,0.906351135361552,0.886956253089471,0.90973733676296,0.8587035314704585,0.8423133959466138,0.8420728012465373,0.906351135361552,0.886956253089471,0.9097373367629601,0.413234834989609,0.3817000813919888,0.32666909525760046,0.4597222222222222,0.44485294117647056,0.39144736842105265,0.41323483498960895,0.3817000813919888,0.3266690952576004,0.3825396825396825,0.365546218487395,0.30451127819548873,0.39699456346590745,0.381175869612802,0.3195409233368848
234,2m09ws9q,8,"SynNetRP,xylo,Realworld",1,"(80, 80, 80)","(10, 2, 2)",34,50600.6625,52204.29044117647,57710.76973684211,0.4618055555555556,0.4338235294117647,0.4243421052631579,0.4618055555555556,0.4338235294117647,0.4243421052631579,0.9025771604938272,0.8806691794364805,0.9089149683419074,0.850473434744268,0.838212123084528,0.8620283748021369,0.9025771604938272,0.8806691794364805,0.9089149683419075,0.4231900789999882,0.38849742832739154,0.36438848375365807,0.4618055555555556,0.4338235294117647,0.4243421052631579,0.4231900789999881,0.3884974283273916,0.36438848375365807,0.3849206349206349,0.3529411764705882,0.3421052631578947,0.39420938710883996,0.3697813186519431,0.3695692405232842
235,2m09ws9q,8,"SynNetRP,xylo,Realworld",1,"(80, 80, 80)","(10, 2, 2)",35,50156.94097222222,50727.55882352941,56299.85197368421,0.45625,0.4485294117647059,0.3848684210526316,0.45625,0.44852941176470595,0.3848684210526315,0.9053058862433863,0.8815728497281266,0.8855114760585675,0.8553097787147266,0.8367175914483439,0.8393892832409973,0.9053058862433863,0.8815728497281267,0.8855114760585675,0.4029231381645225,0.37919600360433536,0.31845174723291475,0.45625,0.4485294117647059,0.3848684210526316,0.4029231381645225,0.37919600360433536,0.3184517472329147,0.37857142857142856,0.3697478991596639,0.2969924812030075,0.3937639100386074,0.3852725714152872,0.32055276626216894
236,2m09ws9q,8,"SynNetRP,xylo,Realworld",1,"(80, 80, 80)","(10, 2, 2)",36,49828.49791666667,51149.555147058825,56474.53947368421,0.43194444444444446,0.4007352941176471,0.40460526315789475,0.43194444444444446,0.4007352941176471,0.4046052631578947,0.8986929563492063,0.8836427953534354,0.9030347249703206,0.8474120577050265,0.8411113986035591,0.8461838704491491,0.8986929563492064,0.8836427953534355,0.9030347249703206,0.3912102924459743,0.344815004637215,0.3354182942249551,0.43194444444444446,0.4007352941176471,0.40460526315789475,0.3912102924459743,0.3448150046372151,0.33541829422495506,0.35079365079365077,0.31512605042016806,0.31954887218045114,0.3598780893897587,0.3312477221046599,0.34939728061237646
237,2m09ws9q,8,"SynNetRP,xylo,Realworld",1,"(80, 80, 80)","(10, 2, 2)",37,49867.72777777778,50658.716911764706,56598.1875,0.45069444444444445,0.4117647058823529,0.39473684210526316,0.4506944444444444,0.411764705882353,0.39473684210526316,0.9079739858906526,0.886091201186357,0.9107761179263949,0.852711399085097,0.8373818277310925,0.8451203564008706,0.9079739858906526,0.8860912011863569,0.9107761179263949,0.39820912813882664,0.3436938286760535,0.3183089541576891,0.45069444444444445,0.4117647058823529,0.39473684210526316,0.3982091281388266,0.3436938286760536,0.3183089541576891,0.37222222222222223,0.32773109243697474,0.30827067669172936,0.3909364767968886,0.3433858357584752,0.32476202627591
238,2m09ws9q,8,"SynNetRP,xylo,Realworld",1,"(80, 80, 80)","(10, 2, 2)",38,49756.73472222222,49715.48529411765,55762.91118421053,0.4673611111111111,0.44485294117647056,0.3881578947368421,0.4673611111111111,0.44485294117647056,0.38815789473684215,0.9034259259259259,0.881109429065744,0.8935620300751881,0.8531834215167549,0.8318024360479486,0.8377800999208548,0.903425925925926,0.8811094290657441,0.8935620300751879,0.4280796918562827,0.38964381456096453,0.3318893668580081,0.4673611111111111,0.44485294117647056,0.3881578947368421,0.42807969185628275,0.3896438145609645,0.33188936685800813,0.3912698412698413,0.365546218487395,0.3007518796992481,0.402555324578633,0.3904202122098072,0.32719904817935325
239,2m09ws9q,8,"SynNetRP,xylo,Realworld",1,"(80, 80, 80)","(10, 2, 2)",39,49830.26944444444,50733.970588235294,56690.02631578947,0.4673611111111111,0.4522058823529412,0.3881578947368421,0.46736111111111106,0.4522058823529412,0.38815789473684215,0.9114360119047619,0.892162011863569,0.9135894835773644,0.8562864101080248,0.842034378089471,0.8495073518500198,0.9114360119047619,0.8921620118635689,0.9135894835773645,0.4173821994748864,0.3829434690960582,0.2914945641763649,0.4673611111111111,0.4522058823529412,0.3881578947368421,0.4173821994748865,0.3829434690960582,0.2914945641763649,0.3912698412698413,0.3739495798319328,0.3007518796992481,0.4073600145958315,0.3889857910691998,0.3167193098184633
240,2m09ws9q,8,"SynNetRP,xylo,Realworld",1,"(80, 80, 80)","(10, 2, 2)",40,50362.208333333336,51610.66176470588,56952.32236842105,0.4361111111111111,0.41544117647058826,0.3815789473684211,0.4361111111111111,0.4154411764705882,0.381578947368421,0.9074087852733685,0.893189260998517,0.8995288385437277,0.8569502314814815,0.8522344599604548,0.8479816420162247,0.9074087852733687,0.8931892609985171,0.8995288385437278,0.37057423230987474,0.36150640978418463,0.30581675684722864,0.4361111111111111,0.41544117647058826,0.3815789473684211,0.3705742323098747,0.3615064097841847,0.3058167568472287,0.3555555555555555,0.33193277310924374,0.29323308270676696,0.3764219802801068,0.35031020551939396,0.3144317860832733
241,2m09ws9q,8,"SynNetRP,xylo,Realworld",1,"(80, 80, 80)","(10, 2, 2)",41,50335.40555555555,51593.87867647059,57047.82236842105,0.45208333333333334,0.43014705882352944,0.39144736842105265,0.4520833333333333,0.4301470588235294,0.39144736842105265,0.9069945987654321,0.8836196243203163,0.8981314305500593,0.858327132936508,0.8434526384083045,0.842717402057776,0.9069945987654322,0.8836196243203164,0.8981314305500593,0.4068763294564377,0.3721762046549336,0.30969782200299023,0.45208333333333334,0.43014705882352944,0.39144736842105265,0.4068763294564377,0.37217620465493356,0.3096978220029902,0.3738095238095238,0.3487394957983193,0.30451127819548873,0.3892253946397209,0.3708203536556793,0.3246382168033622
242,2m09ws9q,8,"SynNetRP,xylo,Realworld",1,"(80, 80, 80)","(10, 2, 2)",42,50266.57916666667,50880.62867647059,56651.81907894737,0.4576388888888889,0.4264705882352941,0.3782894736842105,0.45763888888888893,0.4264705882352941,0.3782894736842105,0.9092195767195768,0.8948575753830944,0.904667095370004,0.8549754395392417,0.8415699919673751,0.8456969417787892,0.9092195767195768,0.8948575753830944,0.904667095370004,0.408316792349944,0.35824165865314567,0.2997403447168606,0.4576388888888889,0.4264705882352941,0.3782894736842105,0.40831679234994406,0.35824165865314567,0.2997403447168606,0.38015873015873014,0.3445378151260504,0.2894736842105263,0.3937193473089903,0.3655427225076291,0.31647540121704093
243,2m09ws9q,8,"SynNetRP,xylo,Realworld",1,"(80, 80, 80)","(10, 2, 2)",43,50679.5875,51773.42279411765,57205.02960526316,0.48125,0.46691176470588236,0.41776315789473684,0.48125,0.46691176470588236,0.41776315789473684,0.9122991071428571,0.8915827360355908,0.9033315195884448,0.853991264329806,0.8367909663865546,0.8453050801345469,0.9122991071428572,0.8915827360355906,0.9033315195884446,0.435046898460419,0.4089285424608146,0.3424778082015243,0.48125,0.46691176470588236,0.41776315789473684,0.435046898460419,0.40892854246081467,0.34247780820152424,0.40714285714285714,0.39075630252100846,0.33458646616541354,0.4204110632403704,0.4089087480633052,0.3642222484375555
244,2m09ws9q,8,"SynNetRP,xylo,Realworld",1,"(80, 80, 80)","(10, 2, 2)",44,50562.82638888889,51485.4375,56762.10855263158,0.4708333333333333,0.4889705882352941,0.4342105263157895,0.4708333333333333,0.48897058823529416,0.4342105263157895,0.9043805114638448,0.9037011863568958,0.9063612979817965,0.8536505180776015,0.8573127780523974,0.8500970765730114,0.9043805114638447,0.9037011863568957,0.9063612979817964,0.42082353015385887,0.43582688694787347,0.38142121403711765,0.4708333333333333,0.4889705882352941,0.4342105263157895,0.42082353015385887,0.43582688694787347,0.3814212140371177,0.3952380952380953,0.4159663865546218,0.3533834586466166,0.4049146503940709,0.43774787897679807,0.3827372984861995
245,2m09ws9q,8,"SynNetRP,xylo,Realworld",1,"(80, 80, 80)","(10, 2, 2)",45,50703.58888888889,51624.67647058824,57151.61842105263,0.47638888888888886,0.48161764705882354,0.40460526315789475,0.47638888888888886,0.48161764705882354,0.40460526315789475,0.9080773258377425,0.8874969105289174,0.9124084883260783,0.8556162161044973,0.8473801285219971,0.8689891360803325,0.9080773258377425,0.8874969105289174,0.9124084883260783,0.43069563014671064,0.4186833221390943,0.32295330270604705,0.47638888888888886,0.48161764705882354,0.40460526315789475,0.43069563014671064,0.41868332213909426,0.32295330270604705,0.4015873015873016,0.40756302521008403,0.31954887218045114,0.4155444654502794,0.4258340265459041,0.3385117883995143
246,2m09ws9q,8,"SynNetRP,xylo,Realworld",1,"(80, 80, 80)","(10, 2, 2)",46,49639.48888888889,49389.28676470588,55651.64802631579,0.49166666666666664,0.46691176470588236,0.42105263157894735,0.4916666666666667,0.46691176470588236,0.4210526315789474,0.9136405974426807,0.9035930548690064,0.9053596161456272,0.857499896660053,0.8376029180054375,0.8431169927285319,0.9136405974426808,0.9035930548690064,0.9053596161456271,0.44630537742801324,0.39609555689884424,0.38734902154497725,0.49166666666666664,0.46691176470588236,0.42105263157894735,0.44630537742801313,0.39609555689884424,0.38734902154497725,0.419047619047619,0.39075630252100846,0.33834586466165417,0.4344739515900663,0.4118664467310693,0.3589876463175048
247,2m09ws9q,8,"SynNetRP,xylo,Realworld",1,"(80, 80, 80)","(10, 2, 2)",47,49465.09444444445,50553.85294117647,55856.13157894737,0.4666666666666667,0.4742647058823529,0.42105263157894735,0.4666666666666667,0.474264705882353,0.4210526315789474,0.9120182980599647,0.8890184750370737,0.9070229026513652,0.8573126791225749,0.8450234413618389,0.8485675022259596,0.9120182980599648,0.8890184750370737,0.9070229026513652,0.4140244430755212,0.4164914763836348,0.3522438470535089,0.4666666666666667,0.4742647058823529,0.42105263157894735,0.4140244430755213,0.4164914763836349,0.3522438470535089,0.3904761904761904,0.39915966386554624,0.33834586466165417,0.4063216273263434,0.421942062356105,0.36217817015807724
248,2m09ws9q,8,"SynNetRP,xylo,Realworld",1,"(80, 80, 80)","(10, 2, 2)",48,49956.22777777778,50383.01102941176,55727.35197368421,0.46805555555555556,0.47794117647058826,0.4276315789473684,0.4680555555555555,0.47794117647058826,0.4276315789473684,0.9112646053791886,0.9009361097380129,0.9110976454293629,0.8558917892967373,0.8445117477137914,0.8483379501385041,0.9112646053791887,0.900936109738013,0.9110976454293628,0.41953872407210013,0.4121256175889328,0.37485933735652943,0.46805555555555556,0.47794117647058826,0.4276315789473684,0.4195387240721002,0.41212561758893285,0.3748593373565294,0.3920634920634921,0.40336134453781514,0.3458646616541353,0.40871355888062666,0.42229942025571626,0.36473276828289175
249,2m09ws9q,8,"SynNetRP,xylo,Realworld",1,"(80, 80, 80)","(10, 2, 2)",49,50405.20972222222,51707.42279411765,56390.95394736842,0.48055555555555557,0.43014705882352944,0.4243421052631579,0.48055555555555557,0.4301470588235294,0.4243421052631579,0.9177174272486772,0.8953287197231834,0.908315195884448,0.8614533730158731,0.8523657624814632,0.8532064639394539,0.9177174272486771,0.8953287197231834,0.908315195884448,0.43391687416352204,0.3672966183521469,0.36894649441775235,0.48055555555555557,0.43014705882352944,0.4243421052631579,0.43391687416352204,0.36729661835214694,0.3689464944177523,0.40634920634920635,0.3487394957983193,0.3421052631578947,0.4220905394460404,0.3724370452342799,0.3667849339997177
250,2m09ws9q,8,"SynNetRP,xylo,Realworld",1,"(80, 80, 80)","(10, 2, 2)",50,49950.12569444445,51404.97426470588,56808.47039473684,0.4840277777777778,0.48161764705882354,0.42105263157894735,0.4840277777777777,0.48161764705882354,0.42105263157894735,0.9189886463844797,0.9019865299060801,0.911085278986941,0.8640083843143739,0.848029882909046,0.8480589322813614,0.9189886463844797,0.90198652990608,0.911085278986941,0.4324344815809678,0.39657649524154376,0.3523505498830174,0.4840277777777778,0.48161764705882354,0.42105263157894735,0.43243448158096787,0.3965764952415438,0.3523505498830174,0.4103174603174603,0.40756302521008403,0.33834586466165417,0.42959288480433444,0.44171751664933784,0.3652972267947318
251,2m09ws9q,8,"SynNetRP,xylo,Realworld",1,"(80, 80, 80)","(10, 2, 2)",51,50621.861805555556,51409.992647058825,56267.02631578947,0.46597222222222223,0.49264705882352944,0.4276315789473684,0.46597222222222223,0.49264705882352944,0.4276315789473684,0.9139558531746032,0.9019556351952546,0.9074186288088641,0.8648200507054673,0.8429023263717252,0.8400640272556391,0.9139558531746032,0.9019556351952547,0.907418628808864,0.4227648829546775,0.4257055089900744,0.3709243561125449,0.46597222222222223,0.49264705882352944,0.4276315789473684,0.4227648829546775,0.4257055089900744,0.3709243561125449,0.38968253968253963,0.4201680672268907,0.3458646616541353,0.3997450931144476,0.4343630228910952,0.36371379224730793
252,2m09ws9q,8,"SynNetRP,xylo,Realworld",1,"(80, 80, 80)","(10, 2, 2)",52,50333.90347222222,51523.930147058825,56931.97368421053,0.47847222222222224,0.4963235294117647,0.4473684210526316,0.4784722222222222,0.4963235294117647,0.4473684210526315,0.917581569664903,0.8981246910528917,0.9111532944202612,0.8618009052579366,0.8518820671651014,0.8460741182726553,0.9175815696649029,0.8981246910528917,0.9111532944202613,0.4257707115078925,0.41716341621017883,0.3755565964364812,0.47847222222222224,0.4963235294117647,0.4473684210526316,0.4257707115078925,0.41716341621017883,0.37555659643648126,0.403968253968254,0.4243697478991597,0.368421052631579,0.4222399016675929,0.44911849703556983,0.39404806760536454
253,2m09ws9q,8,"SynNetRP,xylo,Realworld",1,"(80, 80, 80)","(10, 2, 2)",53,50516.072222222225,50685.14705882353,56042.07565789474,0.44375,0.44485294117647056,0.40789473684210525,0.44375,0.44485294117647056,0.4078947368421052,0.9163128306878306,0.9043345279288186,0.9145355164226355,0.8609097360008818,0.8471725546836382,0.8520015087059755,0.9163128306878308,0.9043345279288185,0.9145355164226354,0.392789952594167,0.371791195072668,0.3389930067514706,0.44375,0.44485294117647056,0.40789473684210525,0.39278995259416705,0.371791195072668,0.33899300675147054,0.3642857142857143,0.365546218487395,0.32330827067669177,0.37803311270342954,0.3915880927554108,0.3537537371818265
254,2m09ws9q,8,"SynNetRP,xylo,Realworld",1,"(80, 80, 80)","(10, 2, 2)",54,50375.58819444444,51825.779411764706,56735.81578947369,0.47152777777777777,0.4227941176470588,0.4144736842105263,0.47152777777777777,0.42279411764705876,0.4144736842105263,0.9151234567901234,0.9021178324270884,0.9161307874950535,0.8589184096671076,0.8562961489742955,0.8486540673229125,0.9151234567901235,0.9021178324270885,0.9161307874950536,0.41897009625406895,0.33295256977243054,0.32251627774809943,0.47152777777777777,0.4227941176470588,0.4144736842105263,0.41897009625406895,0.33295256977243054,0.3225162777480995,0.39603174603174607,0.3403361344537815,0.3308270676691729,0.41627727393003516,0.3601093831659653,0.3489948313409984
255,2m09ws9q,8,"SynNetRP,xylo,Realworld",1,"(80, 80, 80)","(10, 2, 2)",55,49899.489583333336,51398.841911764706,56295.38815789474,0.46319444444444446,0.5147058823529411,0.4407894736842105,0.4631944444444444,0.5147058823529412,0.4407894736842105,0.9173757164902998,0.9006503336628768,0.926877225959636,0.8629565214395944,0.8447463544241226,0.851152088692125,0.9173757164902998,0.9006503336628768,0.9268772259596358,0.4095845557272568,0.4395306973737996,0.3439628984710238,0.46319444444444446,0.5147058823529411,0.4407894736842105,0.4095845557272568,0.4395306973737996,0.3439628984710238,0.38650793650793647,0.4453781512605042,0.3609022556390977,0.40288660021609557,0.4589948983670511,0.3842598475150864
256,2m09ws9q,8,"SynNetRP,xylo,Realworld",1,"(80, 80, 80)","(10, 2, 2)",56,50452.33611111111,52040.27205882353,56279.6875,0.45902777777777776,0.4522058823529412,0.4407894736842105,0.4590277777777777,0.45220588235294124,0.44078947368421056,0.9097178130511464,0.8860139644092931,0.913070092995647,0.8593515418320106,0.8386330635195255,0.8428487955085081,0.9097178130511464,0.886013964409293,0.913070092995647,0.39881616016475296,0.3531646342787647,0.3765710572035317,0.45902777777777776,0.4522058823529412,0.4407894736842105,0.39881616016475296,0.3531646342787647,0.37657105720353173,0.3817460317460317,0.3739495798319328,0.3609022556390977,0.397101432028731,0.3945853861866201,0.38055408147695363
257,2m09ws9q,8,"SynNetRP,xylo,Realworld",1,"(80, 80, 80)","(10, 2, 2)",57,50206.643055555556,50707.58823529412,55989.42763157895,0.46805555555555556,0.4007352941176471,0.4506578947368421,0.46805555555555556,0.4007352941176471,0.4506578947368421,0.913594852292769,0.9172253460207613,0.9151167392164623,0.858568500606261,0.8545505978126546,0.8496990317075583,0.9135948522927689,0.9172253460207613,0.9151167392164622,0.4197504980458958,0.30006924923215256,0.36956918250494236,0.46805555555555556,0.4007352941176471,0.4506578947368421,0.4197504980458958,0.3000692492321525,0.3695691825049424,0.3920634920634921,0.31512605042016806,0.3721804511278195,0.4080135201183824,0.3422802511279421,0.4011624809568452
258,2m09ws9q,8,"SynNetRP,xylo,Realworld",1,"(80, 80, 80)","(10, 2, 2)",58,50001.72430555556,50134.330882352944,55555.09210526316,0.45069444444444445,0.47058823529411764,0.39144736842105265,0.45069444444444445,0.47058823529411764,0.3914473684210526,0.916153549382716,0.9115716139396935,0.9058666402849229,0.8669166459986772,0.8400281528052398,0.8412558431440443,0.916153549382716,0.9115716139396935,0.9058666402849228,0.3961525330529444,0.39698943767334877,0.2967502878367583,0.45069444444444445,0.47058823529411764,0.39144736842105265,0.3961525330529444,0.3969894376733488,0.2967502878367583,0.37222222222222223,0.39495798319327735,0.30451127819548873,0.3868166217613721,0.4172269896276378,0.32667399034490024
259,2m09ws9q,8,"SynNetRP,xylo,Realworld",1,"(80, 80, 80)","(10, 2, 2)",59,49623.24513888889,51467.595588235294,56585.44736842105,0.4701388888888889,0.4742647058823529,0.40789473684210525,0.47013888888888883,0.4742647058823529,0.4078947368421053,0.9199473655202822,0.8941161023232822,0.9058233577364463,0.8598818135471782,0.8516706314878892,0.8473725947269489,0.9199473655202821,0.8941161023232821,0.9058233577364464,0.4176990111670135,0.41096916302381037,0.3255503009793525,0.4701388888888889,0.4742647058823529,0.40789473684210525,0.4176990111670135,0.4109691630238103,0.3255503009793525,0.3944444444444445,0.39915966386554624,0.32330827067669177,0.41093284308841355,0.42480406606605636,0.3443245065998824
260,2m09ws9q,8,"SynNetRP,xylo,Realworld",1,"(80, 80, 80)","(10, 2, 2)",60,50047.89027777778,49663.382352941175,54867.04276315789,0.475,0.4375,0.3684210526315789,0.47500000000000003,0.4375,0.368421052631579,0.9158352623456791,0.9014690434997528,0.8999740304709141,0.8606140115189596,0.846785405338606,0.8448598882073606,0.9158352623456791,0.9014690434997528,0.8999740304709142,0.4260097227263303,0.382782187620516,0.2973528736563496,0.475,0.4375,0.3684210526315789,0.4260097227263303,0.382782187620516,0.29735287365634955,0.4,0.3571428571428571,0.27819548872180455,0.4158139857487878,0.38305488581605446,0.30120771965234133
261,2m09ws9q,8,"SynNetRP,xylo,Realworld",1,"(80, 80, 80)","(10, 2, 2)",61,49642.87569444445,49890.231617647056,55459.54276315789,0.4895833333333333,0.48161764705882354,0.41118421052631576,0.48958333333333326,0.48161764705882354,0.41118421052631576,0.9163103505291006,0.9081114063272367,0.9069116046695687,0.8593987681878307,0.8423481524962927,0.8461297672635536,0.9163103505291005,0.9081114063272366,0.9069116046695688,0.437068346344201,0.40697229184071293,0.33988745243491436,0.4895833333333333,0.48161764705882354,0.41118421052631576,0.43706834634420094,0.4069722918407128,0.3398874524349143,0.41666666666666663,0.40756302521008403,0.3270676691729323,0.4299777372846115,0.43390676292822633,0.35670194804383315
262,2m09ws9q,8,"SynNetRP,xylo,Realworld",1,"(80, 80, 80)","(10, 2, 2)",62,49351.32152777778,49472.61397058824,54829.71381578947,0.46458333333333335,0.45955882352941174,0.40131578947368424,0.46458333333333335,0.4595588235294118,0.40131578947368424,0.9145521935626102,0.91273016559565,0.9040673229125445,0.8598731674382717,0.8549145761245674,0.850559272358528,0.9145521935626102,0.9127301655956499,0.9040673229125445,0.41756325934510474,0.39387435821259353,0.31235123094646267,0.46458333333333335,0.45955882352941174,0.40131578947368424,0.4175632593451048,0.3938743582125935,0.3123512309464626,0.38809523809523805,0.38235294117647056,0.3157894736842105,0.40154391501257236,0.39948030451095135,0.33592140358626554
263,2m09ws9q,8,"SynNetRP,xylo,Realworld",1,"(80, 80, 80)","(10, 2, 2)",63,49068.665972222225,49767.75367647059,55462.73026315789,0.49930555555555556,0.5183823529411765,0.4243421052631579,0.49930555555555556,0.5183823529411764,0.42434210526315785,0.923369708994709,0.9088606030647554,0.9067384744756628,0.86569282545194,0.8564496570687099,0.8462147865552038,0.923369708994709,0.9088606030647552,0.9067384744756628,0.45172551897325575,0.44687233689249817,0.3408932839372285,0.49930555555555556,0.5183823529411765,0.4243421052631579,0.4517255189732558,0.44687233689249817,0.34089328393722856,0.4277777777777778,0.44957983193277307,0.3421052631578947,0.44434763478653605,0.47040124993038185,0.3639250391621038
264,2m09ws9q,8,"SynNetRP,xylo,Realworld",1,"(80, 80, 80)","(10, 2, 2)",64,49682.89444444444,51709.481617647056,55611.56907894737,0.48541666666666666,0.49264705882352944,0.4375,0.48541666666666666,0.49264705882352944,0.4375,0.9193096891534391,0.913981401384083,0.9098733676296004,0.8634384645061729,0.850877023603559,0.8518809358923625,0.9193096891534392,0.913981401384083,0.9098733676296004,0.4370271850304942,0.41863287488092554,0.35811823149187677,0.48541666666666666,0.49264705882352944,0.4375,0.4370271850304942,0.4186328748809256,0.35811823149187677,0.4119047619047619,0.4201680672268907,0.3571428571428571,0.4281610971324451,0.4415204682609269,0.38634967841686874
265,2m09ws9q,8,"SynNetRP,xylo,Realworld",1,"(80, 80, 80)","(10, 2, 2)",65,49745.20694444444,50255.106617647056,55352.01315789474,0.48333333333333334,0.46691176470588236,0.4144736842105263,0.48333333333333334,0.46691176470588236,0.4144736842105263,0.920451664462081,0.908976458230351,0.9144427681044717,0.8650925581459434,0.845222326062778,0.8577781831222794,0.9204516644620812,0.908976458230351,0.9144427681044718,0.4337177644472826,0.3973186734655244,0.3369830690183052,0.48333333333333334,0.46691176470588236,0.4144736842105263,0.43371776444728266,0.39731867346552435,0.3369830690183052,0.4095238095238095,0.39075630252100846,0.3308270676691729,0.4255232708092048,0.4196593233794636,0.36545997608324093
266,2m09ws9q,8,"SynNetRP,xylo,Realworld",1,"(80, 80, 80)","(10, 2, 2)",66,49937.59375,51451.419117647056,56217.22039473684,0.48819444444444443,0.4632352941176471,0.4375,0.4881944444444445,0.4632352941176471,0.4375,0.9202805335097002,0.9010751359367276,0.9067261080332409,0.8652001350308642,0.8373036254943154,0.8539778207855164,0.9202805335097002,0.9010751359367276,0.9067261080332412,0.4400056669895087,0.38032709619537963,0.3654766652066826,0.48819444444444443,0.4632352941176471,0.4375,0.4400056669895087,0.38032709619537963,0.3654766652066826,0.41507936507936505,0.38655462184873945,0.3571428571428571,0.4308686838186343,0.41571757772527,0.38797573406963465
267,2m09ws9q,8,"SynNetRP,xylo,Realworld",1,"(80, 80, 80)","(10, 2, 2)",67,50079.8125,49785.48529411765,54840.12828947369,0.5048611111111111,0.47794117647058826,0.4144736842105263,0.5048611111111112,0.47794117647058826,0.4144736842105263,0.9208964395943563,0.9169086752347998,0.9058419074000792,0.8676638971560847,0.8659024731216016,0.8497090794420261,0.9208964395943563,0.9169086752347998,0.9058419074000791,0.460873716406593,0.4234943012218486,0.36441370568997533,0.5048611111111111,0.47794117647058826,0.4144736842105263,0.460873716406593,0.4234943012218486,0.36441370568997533,0.43412698412698414,0.40336134453781514,0.3308270676691729,0.44795641631379357,0.42199229076670436,0.36037286982293976
268,2m09ws9q,8,"SynNetRP,xylo,Realworld",1,"(80, 80, 80)","(10, 2, 2)",68,49468.586805555555,51453.367647058825,56127.17105263158,0.4895833333333333,0.4632352941176471,0.4440789473684211,0.48958333333333337,0.4632352941176471,0.444078947368421,0.9230712632275132,0.9089996292634701,0.9158401760981401,0.8639481371252205,0.8575464193030155,0.8551232625148397,0.9230712632275132,0.9089996292634701,0.9158401760981401,0.44592783588990914,0.3890727426487375,0.35098646082752516,0.4895833333333333,0.4632352941176471,0.4440789473684211,0.4459278358899092,0.38907274264873737,0.35098646082752516,0.41666666666666663,0.38655462184873945,0.36466165413533835,0.4321495221417006,0.4105711148361202,0.3920288041131489
269,2m09ws9q,8,"SynNetRP,xylo,Realworld",1,"(80, 80, 80)","(10, 2, 2)",69,49868.43680555555,49762.658088235294,54341.04934210526,0.5131944444444444,0.4632352941176471,0.4407894736842105,0.5131944444444444,0.4632352941176471,0.4407894736842105,0.9253993055555556,0.911417140385566,0.9151167392164622,0.8706575865299824,0.8617664437098369,0.8480728445290859,0.9253993055555554,0.911417140385566,0.9151167392164622,0.46547425533922526,0.39762142453475735,0.3706707878972723,0.5131944444444444,0.4632352941176471,0.4407894736842105,0.4654742553392252,0.39762142453475735,0.37067078789727237,0.44365079365079363,0.38655462184873945,0.3609022556390977,0.4570830093234079,0.41606709839295414,0.3881315259292308
270,2m09ws9q,8,"SynNetRP,xylo,Realworld",1,"(80, 80, 80)","(10, 2, 2)",70,49852.70694444444,50540.11029411765,55192.14144736842,0.47430555555555554,0.47058823529411764,0.41776315789473684,0.47430555555555554,0.47058823529411764,0.41776315789473684,0.9261689814814815,0.913077731092437,0.9143005540166205,0.8668396577380952,0.8522045307093425,0.8504456556687772,0.9261689814814815,0.913077731092437,0.9143005540166206,0.4200471544598157,0.3976208436294517,0.348223002389669,0.47430555555555554,0.47058823529411764,0.41776315789473684,0.4200471544598157,0.3976208436294517,0.3482230023896691,0.39920634920634923,0.39495798319327735,0.33458646616541354,0.4180072882685712,0.42121032796265184,0.35947054638817816
271,2m09ws9q,8,"SynNetRP,xylo,Realworld",1,"(80, 80, 80)","(10, 2, 2)",71,50118.59861111111,50531.319852941175,55107.22039473684,0.5194444444444445,0.4338235294117647,0.40789473684210525,0.5194444444444445,0.4338235294117647,0.4078947368421053,0.9265258487654321,0.9164529782501236,0.9116541353383458,0.8667044546406526,0.8553191037444389,0.8497755490700436,0.926525848765432,0.9164529782501236,0.9116541353383457,0.47459275538095047,0.36075841721187374,0.33945653832402845,0.5194444444444445,0.4338235294117647,0.40789473684210525,0.4745927553809505,0.3607584172118738,0.3394565383240284,0.45079365079365075,0.3529411764705882,0.32330827067669177,0.4636967224011843,0.38095238095238093,0.34403991094463865
272,2m09ws9q,8,"SynNetRP,xylo,Realworld",1,"(80, 80, 80)","(10, 2, 2)",72,49771.91805555556,51310.283088235294,55595.85197368421,0.4791666666666667,0.4742647058823529,0.40789473684210525,0.47916666666666663,0.4742647058823529,0.40789473684210525,0.9250407848324516,0.9055471453287197,0.9155804808072814,0.8607197627314815,0.8476639736777064,0.8458832113177681,0.9250407848324516,0.9055471453287197,0.9155804808072814,0.4253988553299163,0.4034189263458109,0.3456966520160385,0.4791666666666667,0.4742647058823529,0.40789473684210525,0.4253988553299163,0.40341892634581084,0.3456966520160385,0.40476190476190477,0.39915966386554624,0.32330827067669177,0.4211893149566942,0.42670456402261975,0.34806975534953777
273,2m09ws9q,8,"SynNetRP,xylo,Realworld",1,"(80, 80, 80)","(10, 2, 2)",73,50031.91805555556,49449.419117647056,54642.13815789474,0.47291666666666665,0.48161764705882354,0.40460526315789475,0.47291666666666665,0.48161764705882354,0.4046052631578947,0.9225947971781305,0.9133712308452793,0.9192965967550455,0.8663702188051147,0.8533630823652991,0.8570617023644638,0.9225947971781304,0.9133712308452793,0.9192965967550456,0.41503853923679557,0.3950490457385022,0.3065937056963431,0.47291666666666665,0.48161764705882354,0.40460526315789475,0.4150385392367956,0.3950490457385022,0.30659370569634303,0.39761904761904765,0.40756302521008403,0.31954887218045114,0.4172605061450787,0.4380683680478506,0.35087364301313223
274,2m09ws9q,8,"SynNetRP,xylo,Realworld",1,"(80, 80, 80)","(10, 2, 2)",74,49559.42222222222,49654.5625,54541.70723684211,0.49583333333333335,0.49264705882352944,0.4342105263157895,0.49583333333333335,0.49264705882352944,0.43421052631578944,0.9181098434744268,0.9100268783984182,0.9009262465373962,0.8602030974426809,0.8530618589347505,0.8431309049762564,0.9181098434744268,0.9100268783984182,0.9009262465373962,0.4522786686593964,0.41999339784412454,0.3519302045612349,0.49583333333333335,0.49264705882352944,0.4342105263157895,0.45227866865939653,0.41999339784412454,0.35193020456123497,0.42380952380952386,0.4201680672268907,0.3533834586466166,0.4371697244673709,0.435999998256,0.37480701383826825
275,2m09ws9q,8,"SynNetRP,xylo,Realworld",1,"(80, 80, 80)","(10, 2, 2)",75,49840.28125,50465.21323529412,55308.78289473684,0.4798611111111111,0.44485294117647056,0.4407894736842105,0.4798611111111112,0.44485294117647056,0.4407894736842105,0.9207658179012346,0.9054235664854178,0.9224005738029284,0.8655161830357143,0.8494240067350469,0.8603411283142066,0.9207658179012346,0.9054235664854178,0.9224005738029282,0.4279708148243879,0.3704866736199045,0.3585834984369851,0.4798611111111111,0.44485294117647056,0.4407894736842105,0.4279708148243879,0.3704866736199045,0.3585834984369851,0.40555555555555556,0.365546218487395,0.3609022556390977,0.4188579466430155,0.3954770163779636,0.39111333091357875
276,2m09ws9q,8,"SynNetRP,xylo,Realworld",1,"(80, 80, 80)","(10, 2, 2)",76,49767.248611111114,50702.79779411765,55575.29934210526,0.5020833333333333,0.47058823529411764,0.45394736842105265,0.5020833333333333,0.47058823529411764,0.45394736842105254,0.9245532958553792,0.9136338358872962,0.916563612979818,0.8706535218253968,0.8639976211072664,0.8507996450831026,0.9245532958553793,0.9136338358872961,0.9165636129798178,0.45402995387238343,0.38266779329683864,0.3567716682078384,0.5020833333333333,0.47058823529411764,0.45394736842105265,0.4540299538723834,0.3826677932968386,0.3567716682078384,0.430952380952381,0.39495798319327735,0.37593984962406013,0.4476539902622624,0.41191438571395383,0.40262562778584937
277,2m09ws9q,8,"SynNetRP,xylo,Realworld",1,"(80, 80, 80)","(10, 2, 2)",77,50366.49236111111,51656.14705882353,55830.55592105263,0.4722222222222222,0.46691176470588236,0.4473684210526316,0.4722222222222222,0.46691176470588236,0.4473684210526315,0.9222445436507938,0.9120041398912506,0.9154073506133755,0.8666370081018518,0.8550748424369747,0.8511343119311436,0.9222445436507937,0.9120041398912507,0.9154073506133754,0.4231036627815771,0.3705021640471574,0.34866666742277685,0.4722222222222222,0.46691176470588236,0.4473684210526316,0.423103662781577,0.37050216404715747,0.3486666674227769,0.39682539682539686,0.39075630252100846,0.368421052631579,0.4116854604968914,0.4108102869105253,0.39172745250659946
278,2m09ws9q,8,"SynNetRP,xylo,Realworld",1,"(80, 80, 80)","(10, 2, 2)",78,49924.49166666667,50340.00367647059,54512.09210526316,0.5125,0.5073529411764706,0.4375,0.5125,0.5073529411764706,0.4375,0.923656856261023,0.9073622095897182,0.9111965769687376,0.865521556712963,0.8546288000494315,0.8503250828551643,0.9236568562610229,0.9073622095897184,0.9111965769687378,0.464131814173619,0.4629931261518384,0.3816944923087793,0.5125,0.5073529411764706,0.4375,0.46413181417361893,0.46299312615183846,0.3816944923087793,0.44285714285714284,0.4369747899159664,0.3571428571428571,0.4559544110554239,0.4594242836180519,0.38568604329668454
279,2m09ws9q,8,"SynNetRP,xylo,Realworld",1,"(80, 80, 80)","(10, 2, 2)",79,49742.41111111111,50458.67279411765,55442.93092105263,0.5145833333333333,0.5257352941176471,0.4407894736842105,0.5145833333333334,0.5257352941176471,0.4407894736842105,0.9227069554673721,0.9099264705882353,0.9096445884447961,0.8685370163690477,0.8549194034231339,0.8517843230609419,0.922706955467372,0.9099264705882353,0.9096445884447963,0.46136402478091104,0.44270927224024925,0.34055445963040315,0.5145833333333333,0.5257352941176471,0.4407894736842105,0.4613640247809111,0.44270927224024925,0.34055445963040315,0.4452380952380952,0.45798319327731096,0.3609022556390977,0.46103894104125354,0.48265892963322904,0.39131798325189854
280,2m09ws9q,8,"SynNetRP,xylo,Realworld",1,"(80, 80, 80)","(10, 2, 2)",80,49931.46666666667,50571.07352941176,54662.54605263158,0.5111111111111111,0.4375,0.45394736842105265,0.5111111111111111,0.43749999999999994,0.45394736842105265,0.9260287147266314,0.9058174740484428,0.9089273347843293,0.8719526427469135,0.8442964501977263,0.8422219714582508,0.9260287147266314,0.9058174740484429,0.9089273347843294,0.4584181012602012,0.37539336408648283,0.380741557188894,0.5111111111111111,0.4375,0.45394736842105265,0.45841810126020116,0.3753933640864829,0.380741557188894,0.44126984126984126,0.3571428571428571,0.37593984962406013,0.45580209564644125,0.38310254343086847,0.4012845614785151
281,2m09ws9q,8,"SynNetRP,xylo,Realworld",1,"(80, 80, 80)","(10, 2, 2)",81,49152.25,48306.3125,53615.07894736842,0.4888888888888889,0.5147058823529411,0.4407894736842105,0.4888888888888889,0.5147058823529411,0.4407894736842105,0.9240680114638449,0.9128537444389521,0.9113202413929561,0.8714123815035274,0.8580088745056846,0.8557601342995647,0.9240680114638448,0.9128537444389521,0.911320241392956,0.430813287652117,0.4647964262533753,0.3717034986813337,0.4888888888888889,0.5147058823529411,0.4407894736842105,0.430813287652117,0.46479642625337525,0.3717034986813336,0.41587301587301584,0.4453781512605042,0.3609022556390977,0.432810787121986,0.45698995621461735,0.3810521513836459
282,2m09ws9q,8,"SynNetRP,xylo,Realworld",1,"(80, 80, 80)","(10, 2, 2)",82,49115.035416666666,49622.01470588235,54022.01973684211,0.5166666666666667,0.46691176470588236,0.4144736842105263,0.5166666666666666,0.46691176470588236,0.4144736842105263,0.9285791446208114,0.9062036579337618,0.9191729323308271,0.8735416322200177,0.848055950321305,0.8593093032746341,0.9285791446208113,0.9062036579337618,0.9191729323308271,0.4667927784030574,0.3924516196515257,0.3362950591275353,0.5166666666666667,0.46691176470588236,0.4144736842105263,0.4667927784030574,0.39245161965152575,0.33629505912753527,0.4476190476190476,0.39075630252100846,0.3308270676691729,0.4597983629264711,0.41646604015208116,0.3612379336605839
283,2m09ws9q,8,"SynNetRP,xylo,Realworld",1,"(80, 80, 80)","(10, 2, 2)",83,49637.694444444445,49517.992647058825,53969.27960526316,0.4986111111111111,0.5147058823529411,0.45723684210526316,0.4986111111111111,0.5147058823529411,0.45723684210526316,0.928172123015873,0.9159741102323282,0.9189565195884448,0.8713045979387124,0.8552235232328225,0.8572216932132963,0.9281721230158729,0.9159741102323281,0.9189565195884448,0.4455751621498193,0.4577633094469229,0.3864957796062508,0.4986111111111111,0.5147058823529411,0.45723684210526316,0.4455751621498193,0.45776330944692284,0.38649577960625087,0.426984126984127,0.4453781512605042,0.37969924812030076,0.4418375159293266,0.46485862975463654,0.4027854192895847
284,2m09ws9q,8,"SynNetRP,xylo,Realworld",1,"(80, 80, 80)","(10, 2, 2)",84,49515.55694444444,50333.62867647059,54720.62171052631,0.5284722222222222,0.47058823529411764,0.4407894736842105,0.5284722222222222,0.4705882352941177,0.4407894736842105,0.9297952491181658,0.9035930548690065,0.9148632271468143,0.8705737089395944,0.850795924987642,0.850426333102493,0.9297952491181658,0.9035930548690065,0.9148632271468143,0.48494405148619557,0.42239718372586676,0.37205077909333517,0.5284722222222222,0.47058823529411764,0.4407894736842105,0.4849440514861957,0.42239718372586676,0.3720507790933352,0.46111111111111114,0.39495798319327735,0.3609022556390977,0.47181372370305485,0.4118175249134479,0.3805279213431863
285,2m09ws9q,8,"SynNetRP,xylo,Realworld",1,"(80, 80, 80)","(10, 2, 2)",85,49632.83472222222,49888.27205882353,54309.52302631579,0.50625,0.47794117647058826,0.47039473684210525,0.5062500000000001,0.4779411764705883,0.4703947368421052,0.9278778108465608,0.9108996539792388,0.9164090324495449,0.868130614803792,0.8521939106524963,0.8494996228235062,0.9278778108465608,0.9108996539792387,0.9164090324495447,0.4533520660062292,0.3994938803318977,0.39288773482964234,0.50625,0.47794117647058826,0.47039473684210525,0.45335206600622924,0.3994938803318977,0.3928877348296423,0.4357142857142857,0.40336134453781514,0.39473684210526316,0.45263570709311496,0.4217784107927857,0.4195613680936079
286,2m09ws9q,8,"SynNetRP,xylo,Realworld",1,"(80, 80, 80)","(10, 2, 2)",86,49342.947222222225,49548.419117647056,54230.81578947369,0.5145833333333333,0.4742647058823529,0.46710526315789475,0.5145833333333333,0.4742647058823529,0.4671052631578947,0.9280161485890652,0.9137960331191299,0.9170582706766917,0.8736372216710758,0.8512921712802768,0.8569728185595568,0.9280161485890652,0.9137960331191299,0.9170582706766917,0.46871389050806955,0.3944777503531183,0.40398340966300095,0.5145833333333333,0.4742647058823529,0.46710526315789475,0.4687138905080696,0.3944777503531183,0.4039834096630009,0.4452380952380952,0.39915966386554624,0.39097744360902253,0.4584885556663695,0.42259176029628354,0.41838066511120536
287,2m09ws9q,8,"SynNetRP,xylo,Realworld",1,"(80, 80, 80)","(10, 2, 2)",87,49813.57777777778,50234.42279411765,54658.47039473684,0.5277777777777778,0.47058823529411764,0.45394736842105265,0.5277777777777777,0.4705882352941177,0.45394736842105265,0.9302397486772487,0.9144062036579338,0.9167491096161458,0.8731428778108465,0.8605036224048442,0.8566064627028096,0.9302397486772486,0.9144062036579338,0.9167491096161456,0.48030996522631386,0.39024632898922296,0.3896632540879222,0.5277777777777778,0.47058823529411764,0.45394736842105265,0.480309965226314,0.3902463289892229,0.3896632540879222,0.46031746031746035,0.39495798319327735,0.37593984962406013,0.474066839666819,0.42420958173185946,0.4035367605781293
288,2m09ws9q,8,"SynNetRP,xylo,Realworld",1,"(80, 80, 80)","(10, 2, 2)",88,49804.080555555556,50816.32352941176,54676.80921052631,0.5131944444444444,0.4264705882352941,0.4407894736842105,0.5131944444444445,0.42647058823529416,0.4407894736842105,0.9274352402998236,0.906188210578349,0.9136822318955283,0.8688715966710758,0.8543594367894217,0.8468717538088643,0.9274352402998236,0.906188210578349,0.9136822318955284,0.4674534197115721,0.3465796043184435,0.37248564131788653,0.5131944444444444,0.4264705882352941,0.4407894736842105,0.4674534197115721,0.3465796043184435,0.3724856413178866,0.44365079365079363,0.3445378151260504,0.3609022556390977,0.4552331605078869,0.3694434018985064,0.3891570331843462
289,2m09ws9q,8,"SynNetRP,xylo,Realworld",1,"(80, 80, 80)","(10, 2, 2)",89,50096.38680555556,50075.67647058824,54480.76644736842,0.5069444444444444,0.4963235294117647,0.4342105263157895,0.5069444444444444,0.4963235294117647,0.4342105263157895,0.9250473985890653,0.9124289421651013,0.9169964384645826,0.8685347428902117,0.8564882754572418,0.858181638306292,0.9250473985890652,0.9124289421651012,0.9169964384645825,0.45825747698959285,0.4177096139985047,0.34606579390125114,0.5069444444444444,0.4963235294117647,0.4342105263157895,0.4582574769895929,0.41770961399850465,0.34606579390125125,0.4365079365079365,0.4243697478991597,0.3533834586466166,0.4529246732305213,0.44895540572838694,0.3778308703889496
290,2m09ws9q,8,"SynNetRP,xylo,Realworld",1,"(80, 80, 80)","(10, 2, 2)",90,49502.285416666666,50665.279411764706,54802.42105263158,0.5277777777777778,0.5036764705882353,0.4506578947368421,0.5277777777777778,0.5036764705882353,0.45065789473684215,0.9324269731040564,0.9191871601581809,0.9186906410763751,0.8755260003306878,0.8564187623578843,0.8580479261476058,0.9324269731040563,0.9191871601581809,0.9186906410763751,0.48042084709225014,0.42625109216262586,0.3477175972840482,0.5277777777777778,0.5036764705882353,0.4506578947368421,0.48042084709225014,0.42625109216262586,0.34771759728404816,0.46031746031746035,0.4327731092436975,0.3721804511278195,0.474219330239739,0.45587160469209315,0.4037991897252709
291,2m09ws9q,8,"SynNetRP,xylo,Realworld",1,"(80, 80, 80)","(10, 2, 2)",91,49724.71805555555,50464.6875,53936.25,0.5076388888888889,0.4411764705882353,0.4407894736842105,0.5076388888888889,0.4411764705882353,0.44078947368421056,0.927519565696649,0.9019942535837864,0.9136451325682627,0.8729536279210759,0.8498710145823034,0.8553010301246539,0.927519565696649,0.9019942535837864,0.9136451325682629,0.4550911903792232,0.37729431491096393,0.3707390623124106,0.5076388888888889,0.4411764705882353,0.4407894736842105,0.4550911903792232,0.3772943149109639,0.37073906231241055,0.4373015873015873,0.3613445378151261,0.3609022556390977,0.4538809692694302,0.38287508453833846,0.38746154554973433
292,2m09ws9q,8,"SynNetRP,xylo,Realworld",1,"(80, 80, 80)","(10, 2, 2)",92,49915.30902777778,49675.27573529412,54454.69078947369,0.5541666666666667,0.5330882352941176,0.4934210526315789,0.5541666666666667,0.5330882352941178,0.4934210526315789,0.9323589065255733,0.9123980474542759,0.9189379699248121,0.8756004050925926,0.85236190064261,0.8635695426889594,0.9323589065255732,0.9123980474542758,0.9189379699248121,0.5117131325810008,0.4553430177689827,0.4114186362641179,0.5541666666666667,0.5330882352941176,0.4934210526315789,0.5117131325810008,0.4553430177689828,0.41141863626411795,0.4904761904761905,0.46638655462184875,0.42105263157894735,0.502257877047571,0.481467812763323,0.4407493698761933
293,2m09ws9q,8,"SynNetRP,xylo,Realworld",1,"(80, 80, 80)","(10, 2, 2)",93,49762.20138888889,50547.51470588235,54710.72697368421,0.5548611111111111,0.5036764705882353,0.46710526315789475,0.5548611111111111,0.5036764705882353,0.4671052631578947,0.9311020171957672,0.9132090336134454,0.9221285120696479,0.879489948467813,0.8562218085763718,0.8535295372477245,0.9311020171957674,0.9132090336134453,0.9221285120696479,0.5151167224835967,0.4288034554151496,0.38884088618892165,0.5548611111111111,0.5036764705882353,0.46710526315789475,0.5151167224835967,0.4288034554151496,0.3888408861889216,0.4912698412698413,0.4327731092436975,0.39097744360902253,0.5019988484753567,0.4549679004377264,0.41388629943843813
294,2m09ws9q,8,"SynNetRP,xylo,Realworld",1,"(80, 80, 80)","(10, 2, 2)",94,49697.56180555555,50259.75,54762.34210526316,0.5527777777777778,0.47058823529411764,0.4243421052631579,0.5527777777777778,0.47058823529411764,0.4243421052631579,0.9323941798941799,0.9079646564508157,0.9228643153937475,0.8751923500881834,0.8544878429312901,0.8601579503858331,0.9323941798941799,0.9079646564508157,0.9228643153937476,0.5077631514764017,0.37783113441432264,0.3471590555391986,0.5527777777777778,0.47058823529411764,0.4243421052631579,0.5077631514764017,0.37783113441432264,0.34715905553919857,0.48888888888888893,0.39495798319327735,0.3421052631578947,0.49935788383660956,0.42708856297620595,0.3733217485120761
295,2m09ws9q,8,"SynNetRP,xylo,Realworld",1,"(80, 80, 80)","(10, 2, 2)",95,49960.521527777775,50301.98897058824,54068.69407894737,0.5493055555555556,0.48161764705882354,0.4440789473684211,0.5493055555555555,0.4816176470588235,0.4440789473684211,0.9301840828924163,0.9110772985664854,0.9208671349426196,0.8751706142526455,0.8508789545229857,0.8584830703403245,0.9301840828924163,0.9110772985664854,0.9208671349426196,0.5051442317618813,0.42292183594070387,0.37760937503584563,0.5493055555555556,0.48161764705882354,0.4440789473684211,0.5051442317618813,0.42292183594070387,0.3776093750358456,0.484920634920635,0.40756302521008403,0.36466165413533835,0.498716772678752,0.4258124851438106,0.38750276546902723
296,2m09ws9q,8,"SynNetRP,xylo,Realworld",1,"(80, 80, 80)","(10, 2, 2)",96,49368.40625,50062.84926470588,54524.03618421053,0.55,0.5073529411764706,0.4407894736842105,0.55,0.5073529411764706,0.4407894736842105,0.9294265321869488,0.912359429065744,0.91624208547685,0.874561046351411,0.8528166321675729,0.8510547029580531,0.9294265321869488,0.912359429065744,0.91624208547685,0.504312905126124,0.4309021536946246,0.3435219279729702,0.55,0.5073529411764706,0.4407894736842105,0.504312905126124,0.43090215369462453,0.34352192797297026,0.48571428571428577,0.4369747899159664,0.3609022556390977,0.4985009788683742,0.456026323462614,0.38817039155050975
297,2m09ws9q,8,"SynNetRP,xylo,Realworld",1,"(80, 80, 80)","(10, 2, 2)",97,50796.061111111114,50479.79779411765,54856.0625,0.5402777777777777,0.5073529411764706,0.5098684210526315,0.5402777777777777,0.5073529411764706,0.5098684210526316,0.9302540784832452,0.9078642486406328,0.9213123268698061,0.8754818397266314,0.8480453302644586,0.8582326498812822,0.9302540784832452,0.9078642486406326,0.921312326869806,0.4980669334531632,0.4336985391758319,0.4503452228175542,0.5402777777777777,0.5073529411764706,0.5098684210526315,0.4980669334531633,0.433698539175832,0.45034522281755424,0.4746031746031746,0.4369747899159664,0.4398496240601504,0.4882874171326001,0.45920478594416925,0.460981958486011
298,2m09ws9q,8,"SynNetRP,xylo,Realworld",1,"(80, 80, 80)","(10, 2, 2)",98,50781.083333333336,51102.47794117647,55240.21052631579,0.5611111111111111,0.4889705882352941,0.4276315789473684,0.5611111111111111,0.4889705882352941,0.4276315789473685,0.9332357804232805,0.9007816361838853,0.9201993470518401,0.8789478959986773,0.837010125741473,0.8496124666106054,0.9332357804232804,0.9007816361838853,0.9201993470518403,0.5192846913528192,0.4184305371731451,0.3673767395528802,0.5611111111111111,0.4889705882352941,0.4276315789473684,0.5192846913528192,0.41843053717314516,0.36737673955288025,0.4984126984126984,0.4159663865546218,0.3458646616541353,0.5091111038932875,0.4466863691760576,0.37194873929300276
299,2m09ws9q,8,"SynNetRP,xylo,Realworld",1,"(80, 80, 80)","(10, 2, 2)",99,49980.01527777778,49948.01102941176,54102.16447368421,0.5041666666666667,0.4963235294117647,0.46710526315789475,0.5041666666666667,0.4963235294117647,0.46710526315789475,0.9238720789241622,0.9145761245674741,0.9201869806094183,0.8681512483465609,0.8620406342684133,0.8575671806984566,0.9238720789241622,0.914576124567474,0.9201869806094182,0.45999031756324216,0.42476454380203477,0.39716969334596935,0.5041666666666667,0.4963235294117647,0.46710526315789475,0.45999031756324216,0.42476454380203477,0.39716969334596935,0.43333333333333335,0.4243697478991597,0.39097744360902253,0.44354556784144583,0.45293529183097325,0.4189803325966522
300,wrsxyrwu,7,"SynNetRP,xylo,Realworld",1,"(80, 80, 80)","(10, 2, 2)",0,27404.941298342543,24359.73611111111,23308.957142857143,0.13812154696132597,0.1527777777777778,0.14285714285714285,0.13812154696132597,0.1527777777777778,0.14285714285714285,0.6577597164747282,0.7830067791005291,0.7253571428571428,0.6147966386426369,0.6863270916005291,0.6392948250728863,0.6577597164747282,0.7830067791005292,0.7253571428571429,0.07555989125481088,0.10388617508287584,0.06700354307180056,0.13812154696132597,0.1527777777777778,0.14285714285714285,0.0755598912548109,0.10388617508287583,0.06700354307180056,0.014996053670086829,0.031746031746031744,0.020408163265306145,0.020666731701138003,0.03927814624535059,0.026327643228141243
301,wrsxyrwu,7,"SynNetRP,xylo,Realworld",1,"(80, 80, 80)","(10, 2, 2)",1,24919.216160220996,29042.333333333332,27058.17142857143,0.17541436464088397,0.1284722222222222,0.22142857142857142,0.17541436464088397,0.1284722222222222,0.22142857142857142,0.6875032704391546,0.7849220127865961,0.7426822157434403,0.6420072715489236,0.6891990809634039,0.7043567784256559,0.6875032704391546,0.7849220127865961,0.7426822157434403,0.11529903908027916,0.09942036877323546,0.13776613745714578,0.17541436464088397,0.1284722222222222,0.22142857142857142,0.11529903908027918,0.09942036877323544,0.13776613745714578,0.05761641673243878,0.003968253968253954,0.11020408163265305,0.07102676346582253,0.004470526854917708,0.13099543922789827
302,wrsxyrwu,7,"SynNetRP,xylo,Realworld",1,"(80, 80, 80)","(10, 2, 2)",2,28806.56491712707,31535.54861111111,29133.95,0.1871546961325967,0.2326388888888889,0.25,0.1871546961325967,0.2326388888888889,0.25,0.7739576020268001,0.8043981481481481,0.798527696793003,0.7246657134244987,0.7449354814263669,0.7777268586005832,0.7739576020268002,0.8043981481481481,0.798527696793003,0.17105561468011474,0.1682808213906444,0.21852614408640264,0.1871546961325967,0.2326388888888889,0.25,0.1710556146801147,0.1682808213906444,0.21852614408640264,0.07103393843725336,0.12301587301587302,0.1428571428571429,0.07601676713131626,0.1366686813949957,0.16017803385310794
303,wrsxyrwu,7,"SynNetRP,xylo,Realworld",1,"(80, 80, 80)","(10, 2, 2)",3,30895.631215469613,33854.756944444445,31576.660714285714,0.2361878453038674,0.2222222222222222,0.2642857142857143,0.23618784530386738,0.2222222222222222,0.2642857142857143,0.8133276936427023,0.8639701829805997,0.8441107871720116,0.77297820770123,0.8035809013999119,0.7896947886297377,0.8133276936427023,0.8639701829805997,0.8441107871720116,0.20374422892802127,0.17229979881166407,0.22243366433593664,0.2361878453038674,0.2222222222222222,0.2642857142857143,0.20374422892802127,0.1722997988116641,0.22243366433593664,0.1270718232044199,0.11111111111111116,0.15918367346938778,0.14059982543306612,0.12425253810242627,0.18504726167383478
304,wrsxyrwu,7,"SynNetRP,xylo,Realworld",1,"(80, 80, 80)","(10, 2, 2)",4,33407.75621546961,35049.927083333336,32100.246428571427,0.21339779005524862,0.2569444444444444,0.25,0.21339779005524862,0.2569444444444445,0.25,0.851830301272855,0.8884548611111112,0.8499927113702623,0.7832264013286704,0.8137581638558202,0.8054190962099126,0.8518303012728549,0.8884548611111112,0.8499927113702623,0.1517675774869482,0.211606685519729,0.17345246847729864,0.21339779005524862,0.2569444444444444,0.25,0.1517675774869482,0.21160668551972903,0.17345246847729864,0.10102604577742702,0.1507936507936508,0.1428571428571429,0.11699911542783265,0.16491371839118685,0.17331405528011332
305,wrsxyrwu,7,"SynNetRP,xylo,Realworld",1,"(80, 80, 80)","(10, 2, 2)",5,34089.1843922652,36734.57638888889,33760.75,0.2541436464088398,0.2847222222222222,0.2571428571428571,0.2541436464088398,0.2847222222222222,0.2571428571428571,0.8631247628931613,0.8904872134038802,0.8541253644314868,0.808037179169919,0.8289784157297178,0.8135577623906706,0.8631247628931612,0.8904872134038802,0.8541253644314868,0.20525799419220186,0.22412708518777114,0.19361356366511862,0.2541436464088398,0.2847222222222222,0.2571428571428571,0.2052579941922019,0.2241270851877711,0.19361356366511862,0.14759273875295975,0.18253968253968256,0.15102040816326534,0.16931822257211715,0.2072524187675594,0.1871248199352156
306,wrsxyrwu,7,"SynNetRP,xylo,Realworld",1,"(80, 80, 80)","(10, 2, 2)",6,36317.40607734807,38213.73611111111,35485.6,0.20303867403314918,0.2708333333333333,0.22142857142857142,0.20303867403314918,0.27083333333333337,0.22142857142857142,0.8648583681816795,0.8879381613756614,0.8429883381924198,0.8249649722339716,0.833932705026455,0.8114777696793002,0.8648583681816796,0.8879381613756613,0.8429883381924198,0.14981895387723349,0.1892127181761328,0.17595464571271022,0.20303867403314918,0.2708333333333333,0.22142857142857142,0.14981895387723349,0.18921271817613283,0.17595464571271022,0.0891870560378848,0.16666666666666663,0.11020408163265305,0.10178056359284034,0.19941527274020773,0.12752814343010818
307,wrsxyrwu,7,"SynNetRP,xylo,Realworld",1,"(80, 80, 80)","(10, 2, 2)",7,35703.410220994476,35893.0,33660.43928571429,0.22030386740331492,0.2916666666666667,0.25357142857142856,0.2203038674033149,0.29166666666666663,0.25357142857142856,0.8642893117687843,0.8665123456790123,0.8271574344023322,0.8349416512774336,0.8226135361552028,0.7930338921282799,0.8642893117687844,0.8665123456790123,0.8271574344023324,0.17370196171657612,0.24184828469589215,0.21787820405099717,0.22030386740331492,0.2916666666666667,0.25357142857142856,0.17370196171657612,0.24184828469589215,0.21787820405099717,0.10891870560378847,0.19047619047619047,0.14693877551020407,0.1211040576746761,0.21209993181526823,0.1615332676795737
308,wrsxyrwu,7,"SynNetRP,xylo,Realworld",1,"(80, 80, 80)","(10, 2, 2)",8,34356.99723756906,35946.756944444445,33154.360714285714,0.26588397790055246,0.3194444444444444,0.275,0.2658839779005525,0.3194444444444445,0.27499999999999997,0.8669067532388249,0.8581486992945326,0.8147521865889213,0.8373714853680553,0.8177436411485891,0.8010349854227407,0.8669067532388249,0.8581486992945326,0.8147521865889213,0.22974875474851875,0.25482153025819654,0.24141673774026717,0.26588397790055246,0.3194444444444444,0.275,0.2297487547485188,0.2548215302581965,0.24141673774026715,0.16101026045777422,0.2222222222222222,0.17142857142857137,0.1803301750611885,0.2433517876067373,0.18621523957358557
309,wrsxyrwu,7,"SynNetRP,xylo,Realworld",1,"(80, 80, 80)","(10, 2, 2)",9,35396.16229281768,38987.833333333336,36571.94285714286,0.22306629834254144,0.2534722222222222,0.2714285714285714,0.22306629834254146,0.2534722222222222,0.27142857142857146,0.873596436529497,0.8895502645502645,0.8343731778425656,0.838677855474933,0.8549210482804234,0.8020563046647231,0.8735964365294971,0.8895502645502646,0.8343731778425655,0.15662483648615744,0.18764708491645693,0.1583347931169595,0.22306629834254144,0.2534722222222222,0.2714285714285714,0.1566248364861574,0.18764708491645693,0.1583347931169595,0.11207576953433307,0.14682539682539686,0.1673469387755102,0.12521815812375223,0.17392421128317204,0.20887940614692574
310,wrsxyrwu,7,"SynNetRP,xylo,Realworld",1,"(80, 80, 80)","(10, 2, 2)",10,37555.585635359115,38850.302083333336,36354.55714285714,0.26035911602209943,0.2743055555555556,0.26785714285714285,0.2603591160220995,0.2743055555555556,0.26785714285714285,0.8760350939924213,0.9041763117283952,0.8311297376093294,0.8438554716627349,0.8610137993276015,0.8080967565597668,0.8760350939924213,0.9041763117283952,0.8311297376093295,0.21188310509438313,0.21122794483657603,0.23035603383918343,0.26035911602209943,0.2743055555555556,0.26785714285714285,0.2118831050943831,0.21122794483657603,0.23035603383918343,0.15469613259668513,0.17063492063492058,0.16326530612244894,0.17626442745660198,0.20562456318662625,0.17493329377508898
311,wrsxyrwu,7,"SynNetRP,xylo,Realworld",1,"(80, 80, 80)","(10, 2, 2)",11,37966.50828729282,39693.055555555555,37583.96071428571,0.2990331491712707,0.3506944444444444,0.25,0.2990331491712707,0.3506944444444444,0.25,0.8750234381472745,0.8938905423280423,0.8488411078717201,0.8485808815032683,0.8672753389550265,0.825724307580175,0.8750234381472743,0.8938905423280423,0.8488411078717202,0.2566254004867237,0.3168752973139283,0.20393644129483174,0.2990331491712707,0.3506944444444444,0.25,0.2566254004867237,0.31687529731392833,0.20393644129483174,0.19889502762430944,0.2579365079365079,0.1428571428571429,0.22185600100123964,0.3039831840434285,0.15495298443594904
312,wrsxyrwu,7,"SynNetRP,xylo,Realworld",1,"(80, 80, 80)","(10, 2, 2)",12,38331.918508287294,39939.45138888889,37783.68571428571,0.32113259668508287,0.40625,0.30714285714285716,0.32113259668508287,0.40625,0.30714285714285716,0.8866182350966088,0.9069113756613756,0.8356559766763849,0.8525183539770721,0.8601870797508819,0.8074836005830904,0.8866182350966089,0.9069113756613757,0.8356559766763848,0.2850666977456898,0.3840452654212757,0.2554301564806182,0.32113259668508287,0.40625,0.30714285714285716,0.28506669774568977,0.3840452654212757,0.25543015648061823,0.22415153906866614,0.3214285714285714,0.2081632653061225,0.2456024764976276,0.3577292228082151,0.22240069491048342
313,wrsxyrwu,7,"SynNetRP,xylo,Realworld",1,"(80, 80, 80)","(10, 2, 2)",13,38897.91505524862,39564.03125,37716.80714285714,0.35980662983425415,0.3194444444444444,0.3392857142857143,0.35980662983425415,0.3194444444444444,0.33928571428571425,0.8763929345432504,0.8819168871252205,0.855262390670554,0.8534457278798397,0.8477432277888007,0.8365023688046647,0.8763929345432504,0.8819168871252204,0.855262390670554,0.34226637298302137,0.30103776843213426,0.3185378683533009,0.35980662983425415,0.3194444444444444,0.3392857142857143,0.34226637298302137,0.3010377684321342,0.31853786835330095,0.26835043409629045,0.2222222222222222,0.24489795918367352,0.29061753092672693,0.23684311207697892,0.25913333460480625
314,wrsxyrwu,7,"SynNetRP,xylo,Realworld",1,"(80, 80, 80)","(10, 2, 2)",14,37945.96754143646,38728.98611111111,37201.71785714286,0.3294198895027624,0.34375,0.37142857142857144,0.3294198895027624,0.34375,0.37142857142857144,0.8739485538118059,0.9043416556437389,0.842295918367347,0.8520791271851983,0.8669498181216931,0.8262126457725947,0.8739485538118059,0.9043416556437389,0.8422959183673469,0.30008777739607373,0.3083770233110926,0.34906846175610073,0.3294198895027624,0.34375,0.37142857142857144,0.30008777739607373,0.3083770233110926,0.34906846175610073,0.23362273086029994,0.25,0.28163265306122454,0.25166867724781633,0.266456842068653,0.3048467817231287
315,wrsxyrwu,7,"SynNetRP,xylo,Realworld",1,"(80, 80, 80)","(10, 2, 2)",15,37726.97859116022,39879.02777777778,38044.239285714284,0.31146408839779005,0.2847222222222222,0.3392857142857143,0.31146408839779005,0.2847222222222222,0.3392857142857143,0.887677312309497,0.8931533840388007,0.8441545189504372,0.8538486051031933,0.863436259920635,0.8322376093294461,0.8876773123094969,0.8931533840388006,0.8441545189504374,0.2596761688750232,0.22353704033035338,0.303629061146063,0.31146408839779005,0.2847222222222222,0.3392857142857143,0.2596761688750232,0.2235370403303534,0.303629061146063,0.2131018153117601,0.18253968253968256,0.24489795918367352,0.235203818393665,0.21298122345285403,0.2609583752397079
316,wrsxyrwu,7,"SynNetRP,xylo,Realworld",1,"(80, 80, 80)","(10, 2, 2)",16,39095.8135359116,41712.881944444445,40112.825,0.3383977900552486,0.2847222222222222,0.32142857142857145,0.33839779005524867,0.2847222222222222,0.3214285714285714,0.8839667265520414,0.8895709325396826,0.8273250728862973,0.8543991971616949,0.854461185515873,0.8159620991253645,0.8839667265520414,0.8895709325396824,0.8273250728862973,0.3171803955209765,0.20802059525773034,0.26997172610386333,0.3383977900552486,0.2847222222222222,0.32142857142857145,0.3171803955209765,0.20802059525773034,0.2699717261038634,0.24388318863456981,0.18253968253968256,0.22448979591836737,0.26574024141183195,0.2178022734605077,0.24253444597042903
317,wrsxyrwu,7,"SynNetRP,xylo,Realworld",1,"(80, 80, 80)","(10, 2, 2)",17,40197.298342541435,40868.180555555555,39448.66428571429,0.356353591160221,0.2986111111111111,0.3,0.35635359116022103,0.2986111111111111,0.30000000000000004,0.8804433734361851,0.8966049382716049,0.8640160349854227,0.8633097471078416,0.8958471119929454,0.8568576895043732,0.8804433734361851,0.8966049382716048,0.8640160349854227,0.3468391510651808,0.23352101211476387,0.26679370930341617,0.356353591160221,0.2986111111111111,0.3,0.3468391510651809,0.2335210121147639,0.26679370930341617,0.26440410418310967,0.19841269841269837,0.19999999999999996,0.2807689898562093,0.23960224539408503,0.218983068491069
318,wrsxyrwu,7,"SynNetRP,xylo,Realworld",1,"(80, 80, 80)","(10, 2, 2)",18,39940.09599447514,41897.336805555555,39800.83214285714,0.393646408839779,0.4409722222222222,0.3607142857142857,0.393646408839779,0.4409722222222222,0.36071428571428577,0.8849895563976331,0.9040385251322751,0.8521574344023324,0.8885015992447465,0.9004569347993826,0.862603862973761,0.8849895563976331,0.9040385251322751,0.8521574344023324,0.38754617979234873,0.42296755753510984,0.32201032366906857,0.393646408839779,0.4409722222222222,0.3607142857142857,0.3875461797923487,0.42296755753510973,0.32201032366906857,0.30702446724546173,0.36111111111111116,0.2693877551020408,0.3221450896130726,0.3915264328463031,0.28655662363639645
319,wrsxyrwu,7,"SynNetRP,xylo,Realworld",1,"(80, 80, 80)","(10, 2, 2)",19,40112.71339779005,40852.006944444445,39567.28928571429,0.3370165745856354,0.3958333333333333,0.3607142857142857,0.3370165745856354,0.39583333333333337,0.36071428571428577,0.8854904786614747,0.8986786265432098,0.8542201166180758,0.8856730781809382,0.9043054866622575,0.8598578717201166,0.8854904786614747,0.89867862654321,0.8542201166180758,0.29252203824667955,0.36876568610533467,0.3243648730297337,0.3370165745856354,0.3958333333333333,0.3607142857142857,0.2925220382466796,0.3687656861053347,0.32436487302973366,0.24230465666929757,0.30952380952380953,0.2693877551020408,0.2685930964972189,0.3391280307644464,0.28940618957929065
320,wrsxyrwu,7,"SynNetRP,xylo,Realworld",1,"(80, 80, 80)","(10, 2, 2)",20,40033.71754143646,41645.989583333336,40008.33571428571,0.3798342541436464,0.3958333333333333,0.4035714285714286,0.3798342541436464,0.39583333333333337,0.4035714285714286,0.8831008777858691,0.908061893738977,0.8533819241982508,0.888971145732949,0.9039265735229277,0.8576530612244897,0.8831008777858691,0.9080618937389772,0.8533819241982508,0.3656314327360209,0.3524598021789934,0.3839706602038067,0.3798342541436464,0.3958333333333333,0.4035714285714286,0.36563143273602083,0.3524598021789934,0.3839706602038067,0.2912391475927387,0.30952380952380953,0.31836734693877555,0.3085158917951968,0.36152881995265135,0.34527642436655487
321,wrsxyrwu,7,"SynNetRP,xylo,Realworld",1,"(80, 80, 80)","(10, 2, 2)",21,40423.09806629834,41501.79513888889,40254.55,0.3736187845303867,0.4305555555555556,0.43214285714285716,0.3736187845303867,0.4305555555555556,0.43214285714285716,0.8871603103864787,0.9029155643738977,0.8561516034985424,0.8895544421829964,0.8930044022817459,0.8532170189504373,0.8871603103864786,0.9029155643738976,0.8561516034985422,0.3552564978291155,0.4218922623646978,0.39324298821479275,0.3736187845303867,0.4305555555555556,0.43214285714285716,0.35525649782911545,0.42189226236469785,0.3932429882147927,0.28413575374901345,0.3492063492063492,0.3510204081632653,0.3045732149576613,0.37367050949162106,0.3718251920546653
322,wrsxyrwu,7,"SynNetRP,xylo,Realworld",1,"(80, 80, 80)","(10, 2, 2)",22,40218.650552486186,41753.90277777778,40063.83928571428,0.34668508287292815,0.3159722222222222,0.3392857142857143,0.3466850828729282,0.3159722222222222,0.3392857142857143,0.8852307512852826,0.8918926366843034,0.8554008746355686,0.8892631005616434,0.891096057925485,0.8606058673469388,0.8852307512852826,0.8918926366843034,0.8554008746355686,0.30448207189160437,0.2682154265921569,0.31480185452657994,0.34668508287292815,0.3159722222222222,0.3392857142857143,0.30448207189160437,0.26821542659215686,0.31480185452658,0.2533543804262036,0.21825396825396826,0.24489795918367352,0.27208180115133346,0.2597795514317019,0.2604458852179179
323,wrsxyrwu,7,"SynNetRP,xylo,Realworld",1,"(80, 80, 80)","(10, 2, 2)",23,40378.330110497234,41119.90277777778,39512.62142857143,0.3846685082872928,0.3611111111111111,0.3535714285714286,0.3846685082872928,0.3611111111111111,0.35357142857142854,0.8906392400371521,0.9048652447089948,0.8557434402332362,0.8927685343962988,0.9037870645943562,0.8567301384839651,0.8906392400371522,0.9048652447089948,0.8557434402332362,0.3740847531039089,0.29781110225701835,0.3196436991739017,0.3846685082872928,0.3611111111111111,0.3535714285714286,0.3740847531039088,0.29781110225701835,0.31964369917390173,0.29676400947119175,0.2698412698412699,0.2612244897959184,0.3129876077649329,0.3136556056271119,0.28384933511545885
324,wrsxyrwu,7,"SynNetRP,xylo,Realworld",1,"(80, 80, 80)","(10, 2, 2)",24,40455.60359116022,41952.28472222222,40540.84642857143,0.38812154696132595,0.4340277777777778,0.3964285714285714,0.38812154696132595,0.4340277777777778,0.39642857142857146,0.8837298922499313,0.9107831790123457,0.8596938775510204,0.8914296643003223,0.8993115837191359,0.8573633381924199,0.8837298922499314,0.9107831790123456,0.8596938775510204,0.3683185007790235,0.416313921043671,0.39428355991490815,0.38812154696132595,0.4340277777777778,0.3964285714285714,0.3683185007790235,0.416313921043671,0.39428355991490815,0.3007103393843725,0.35317460317460314,0.310204081632653,0.315227120860805,0.3853382575800612,0.32909068184807433
325,wrsxyrwu,7,"SynNetRP,xylo,Realworld",1,"(80, 80, 80)","(10, 2, 2)",25,40562.34668508287,41554.34722222222,40266.71428571428,0.34599447513812154,0.3020833333333333,0.3535714285714286,0.34599447513812154,0.30208333333333337,0.35357142857142854,0.881336748398575,0.8947034832451499,0.8472303206997085,0.88605592396447,0.8960727375440918,0.8519661078717201,0.881336748398575,0.8947034832451499,0.8472303206997085,0.33453392164706863,0.23943536262054732,0.32180832562849726,0.34599447513812154,0.3020833333333333,0.3535714285714286,0.33453392164706863,0.23943536262054732,0.3218083256284972,0.25256511444356744,0.20238095238095233,0.2612244897959184,0.2707790665167854,0.24351027844136566,0.2887309453269745
326,wrsxyrwu,7,"SynNetRP,xylo,Realworld",1,"(80, 80, 80)","(10, 2, 2)",26,40492.455110497234,41870.149305555555,40067.69285714286,0.2886740331491713,0.3090277777777778,0.32142857142857145,0.2886740331491713,0.3090277777777778,0.3214285714285714,0.8852124913333362,0.9086474867724869,0.8517857142857143,0.8878982032207284,0.8973670703813933,0.8472786078717202,0.8852124913333363,0.9086474867724869,0.8517857142857141,0.22479931920041296,0.22889854721152675,0.2733566630043902,0.2886740331491713,0.3090277777777778,0.32142857142857145,0.22479931920041293,0.22889854721152675,0.2733566630043902,0.1870560378847672,0.21031746031746035,0.22448979591836737,0.21834361456791468,0.26272335008844705,0.2510055174938242
327,wrsxyrwu,7,"SynNetRP,xylo,Realworld",1,"(80, 80, 80)","(10, 2, 2)",27,40504.09392265193,41509.42361111111,39950.58928571428,0.41091160220994477,0.3576388888888889,0.375,0.4109116022099447,0.3576388888888889,0.375,0.8820690542326023,0.9051270392416226,0.8531268221574344,0.8887684807065892,0.8960606812169313,0.8599517128279884,0.8820690542326023,0.9051270392416227,0.8531268221574345,0.4084217774970805,0.3220031652199742,0.3367860790038972,0.41091160220994477,0.3576388888888889,0.375,0.4084217774970805,0.3220031652199742,0.3367860790038971,0.3267561168113654,0.2658730158730159,0.2857142857142857,0.3419288636540184,0.30166946328327526,0.31337559712098123
328,wrsxyrwu,7,"SynNetRP,xylo,Realworld",1,"(80, 80, 80)","(10, 2, 2)",28,40619.026243093926,42393.13888888889,41178.05,0.2886740331491713,0.3541666666666667,0.32142857142857145,0.2886740331491713,0.35416666666666663,0.3214285714285714,0.8875631194756832,0.9114101080246915,0.8588848396501458,0.885347771686282,0.8885874807098766,0.8553935860058309,0.8875631194756832,0.9114101080246912,0.8588848396501457,0.23095106279344507,0.31949673922570787,0.2915462607629305,0.2886740331491713,0.3541666666666667,0.32142857142857145,0.2309510627934451,0.3194967392257078,0.29154626076293055,0.1870560378847672,0.26190476190476186,0.22448979591836737,0.21854025071633626,0.2992389594588349,0.24900328076330971
329,wrsxyrwu,7,"SynNetRP,xylo,Realworld",1,"(80, 80, 80)","(10, 2, 2)",29,41404.835635359115,41747.34722222222,40132.97857142857,0.3632596685082873,0.4479166666666667,0.37142857142857144,0.3632596685082873,0.44791666666666663,0.37142857142857144,0.8829695151464938,0.9049410273368607,0.8652551020408163,0.8838135950520435,0.9029224537037036,0.8657662172011662,0.8829695151464939,0.9049410273368605,0.8652551020408163,0.35109369115505046,0.4192980235922392,0.3425382739529535,0.3632596685082873,0.4479166666666667,0.37142857142857144,0.3510936911550504,0.41929802359223917,0.3425382739529535,0.2722967640094712,0.36904761904761907,0.28163265306122454,0.29621357247631136,0.41318746819645585,0.30800348904395236
330,wrsxyrwu,7,"SynNetRP,xylo,Realworld",1,"(80, 80, 80)","(10, 2, 2)",30,40669.113950276245,42348.07986111111,41296.385714285716,0.337707182320442,0.375,0.3607142857142857,0.337707182320442,0.375,0.3607142857142857,0.8907706026765274,0.9125192901234568,0.8529081632653062,0.8899373901677516,0.9055438436948853,0.8485787172011663,0.8907706026765274,0.9125192901234568,0.8529081632653062,0.2964509391325433,0.34539519597632573,0.33268675017945426,0.337707182320442,0.375,0.3607142857142857,0.29645093913254333,0.34539519597632573,0.3326867501794543,0.24309392265193375,0.2857142857142857,0.2693877551020408,0.2749700802184026,0.3266952772136318,0.2895913908445028
331,wrsxyrwu,7,"SynNetRP,xylo,Realworld",1,"(80, 80, 80)","(10, 2, 2)",31,41227.17472375691,41079.118055555555,39704.72142857143,0.3825966850828729,0.3645833333333333,0.35714285714285715,0.3825966850828729,0.36458333333333337,0.3571428571428571,0.89425607320551,0.900352733686067,0.8646647230320699,0.8945839347307556,0.8968408978174603,0.8772849854227406,0.89425607320551,0.9003527336860669,0.86466472303207,0.35450803403899855,0.3275547044492473,0.33740081123433663,0.3825966850828729,0.3645833333333333,0.35714285714285715,0.3545080340389986,0.3275547044492473,0.3374008112343366,0.2943962115232833,0.27380952380952384,0.26530612244897955,0.3159169497700948,0.31569856405297214,0.28891671183786494
332,wrsxyrwu,7,"SynNetRP,xylo,Realworld",1,"(80, 80, 80)","(10, 2, 2)",32,40731.427486187844,42320.381944444445,41133.59285714286,0.35911602209944754,0.3923611111111111,0.3678571428571429,0.35911602209944754,0.3923611111111111,0.3678571428571429,0.8936126143018485,0.9042520943562611,0.8595553935860059,0.8929562439769412,0.9041823398919753,0.8638520408163265,0.8936126143018486,0.9042520943562609,0.8595553935860059,0.3275508549587649,0.3499528379928758,0.3398546089024458,0.35911602209944754,0.3923611111111111,0.3678571428571429,0.32755085495876496,0.3499528379928758,0.3398546089024458,0.26756116811365427,0.3055555555555556,0.27755102040816326,0.2932561612061592,0.3516064210892817,0.29659348776270267
333,wrsxyrwu,7,"SynNetRP,xylo,Realworld",1,"(80, 80, 80)","(10, 2, 2)",33,41344.98273480663,41679.819444444445,40706.25,0.40124309392265195,0.46875,0.4142857142857143,0.40124309392265195,0.46874999999999994,0.4142857142857143,0.9035266780623302,0.9138627094356262,0.8634402332361516,0.9035299485014848,0.901745239473104,0.8544232871720117,0.9035266780623302,0.9138627094356262,0.8634402332361516,0.38244672262788326,0.4619250993479137,0.3976103734604832,0.40124309392265195,0.46875,0.4142857142857143,0.3824467226278832,0.4619250993479137,0.3976103734604832,0.31570639305445936,0.3928571428571429,0.33061224489795915,0.3325542733062078,0.4132117172980972,0.34556427203707335
334,wrsxyrwu,7,"SynNetRP,xylo,Realworld",1,"(80, 80, 80)","(10, 2, 2)",34,40435.86533149171,41290.30902777778,40534.775,0.5338397790055248,0.5381944444444444,0.45357142857142857,0.5338397790055248,0.5381944444444444,0.45357142857142857,0.9116400925316251,0.9344204695767195,0.8721938775510203,0.9140865513546159,0.9332914806547619,0.8658536807580175,0.9116400925316251,0.9344204695767194,0.8721938775510204,0.5344782562233179,0.507717558024142,0.4106915938682229,0.5338397790055248,0.5381944444444444,0.45357142857142857,0.5344782562233179,0.5077175580241419,0.4106915938682229,0.4672454617205999,0.4722222222222222,0.3755102040816326,0.47372978183919723,0.488125288862152,0.39093935412821784
335,wrsxyrwu,7,"SynNetRP,xylo,Realworld",1,"(80, 80, 80)","(10, 2, 2)",35,40942.39364640884,42512.899305555555,41434.03214285714,0.539364640883978,0.5451388888888888,0.48928571428571427,0.5393646408839778,0.5451388888888888,0.4892857142857143,0.9165686443375616,0.9371210868606702,0.8779227405247814,0.918172522206282,0.927308097718254,0.8656322886297377,0.9165686443375615,0.9371210868606702,0.8779227405247815,0.5236646359288697,0.5038235048093009,0.45366873194127466,0.539364640883978,0.5451388888888888,0.48928571428571427,0.5236646359288697,0.5038235048093009,0.4536687319412746,0.473559589581689,0.4801587301587301,0.4163265306122449,0.486236595254914,0.49815122741829176,0.4267623666749314
336,wrsxyrwu,7,"SynNetRP,xylo,Realworld",1,"(80, 80, 80)","(10, 2, 2)",36,40934.99861878453,42090.65625,40942.71428571428,0.5593922651933702,0.5243055555555556,0.4857142857142857,0.5593922651933702,0.5243055555555556,0.4857142857142857,0.920520970055859,0.929611717372134,0.8707580174927114,0.9231969728270112,0.9260318493716932,0.8604309402332361,0.920520970055859,0.929611717372134,0.8707580174927113,0.5594577944488732,0.4885436893426498,0.4454251490489146,0.5593922651933702,0.5243055555555556,0.4857142857142857,0.5594577944488732,0.48854368934264986,0.4454251490489146,0.49644830307813737,0.4563492063492064,0.4122448979591836,0.5016776911041604,0.48224070215615905,0.426549709890761
337,wrsxyrwu,7,"SynNetRP,xylo,Realworld",1,"(80, 80, 80)","(10, 2, 2)",37,40785.94337016575,41324.71875,40616.30714285714,0.5310773480662984,0.5694444444444444,0.5071428571428571,0.5310773480662984,0.5694444444444444,0.5071428571428571,0.920707930160862,0.9383887235449736,0.8799052478134111,0.9216155110933295,0.9326869419642858,0.8893531341107872,0.920707930160862,0.9383887235449736,0.8799052478134111,0.5050608591196696,0.5433340948297044,0.5089594146841803,0.5310773480662984,0.5694444444444444,0.5071428571428571,0.5050608591196696,0.5433340948297043,0.5089594146841803,0.4640883977900553,0.5079365079365079,0.43673469387755104,0.47401947622619933,0.5246177014469483,0.4421695238498241
338,wrsxyrwu,7,"SynNetRP,xylo,Realworld",1,"(80, 80, 80)","(10, 2, 2)",38,41342.60290055248,41468.59722222222,40981.15,0.5531767955801105,0.6076388888888888,0.5535714285714286,0.5531767955801106,0.6076388888888888,0.5535714285714286,0.9248752872535724,0.9346684854497355,0.8909402332361516,0.9245691264548004,0.9405183876212522,0.894030612244898,0.9248752872535724,0.9346684854497354,0.8909402332361517,0.5334721245452023,0.5861049544792373,0.5444224397688282,0.5531767955801105,0.6076388888888888,0.5535714285714286,0.5334721245452024,0.5861049544792373,0.5444224397688282,0.489344909234412,0.5515873015873016,0.4897959183673469,0.49977155364095827,0.5645068618982033,0.4946876579384434
339,wrsxyrwu,7,"SynNetRP,xylo,Realworld",1,"(80, 80, 80)","(10, 2, 2)",39,41452.31975138121,42857.350694444445,41817.19285714286,0.5918508287292817,0.5833333333333334,0.5142857142857142,0.5918508287292817,0.5833333333333333,0.5142857142857142,0.922713799508998,0.9366319444444444,0.89567055393586,0.9264823674272982,0.937537891313933,0.8986379373177843,0.9227137995089981,0.9366319444444444,0.89567055393586,0.5837544436920561,0.5598917952673915,0.4928375249864914,0.5918508287292817,0.5833333333333334,0.5142857142857142,0.5837544436920562,0.5598917952673914,0.49283752498649136,0.5335438042620363,0.5238095238095238,0.4448979591836735,0.539667326010647,0.5332539034058318,0.4540376074774221
340,wrsxyrwu,7,"SynNetRP,xylo,Realworld",1,"(80, 80, 80)","(10, 2, 2)",40,42384.82872928177,43431.67013888889,42444.225,0.5649171270718232,0.5381944444444444,0.4857142857142857,0.5649171270718232,0.5381944444444444,0.4857142857142857,0.9259488089060599,0.9346822641093475,0.8826822157434402,0.9264181169247407,0.9256322682429454,0.880873724489796,0.9259488089060599,0.9346822641093474,0.8826822157434402,0.5536524067811679,0.499527359533196,0.44243103746387014,0.5649171270718232,0.5381944444444444,0.4857142857142857,0.553652406781168,0.49952735953319594,0.44243103746387014,0.5027624309392265,0.4722222222222222,0.4122448979591836,0.5105435394725886,0.4894167519273977,0.4266962379093484
341,wrsxyrwu,7,"SynNetRP,xylo,Realworld",1,"(80, 80, 80)","(10, 2, 2)",41,42907.02279005525,42692.083333333336,41887.07142857143,0.5932320441988951,0.6215277777777778,0.525,0.593232044198895,0.6215277777777777,0.5249999999999999,0.9278301290297262,0.9396770282186948,0.8957069970845482,0.9261070164001621,0.9412133487654321,0.900611333819242,0.9278301290297262,0.9396770282186948,0.8957069970845482,0.5900452971337795,0.6022821572076791,0.5174241759002033,0.5932320441988951,0.6215277777777778,0.525,0.5900452971337795,0.6022821572076791,0.5174241759002033,0.5351223362273085,0.5674603174603174,0.4571428571428572,0.5408735157008144,0.5739501520019425,0.465257278638871
342,wrsxyrwu,7,"SynNetRP,xylo,Realworld",1,"(80, 80, 80)","(10, 2, 2)",42,42291.289364640885,44141.395833333336,42651.767857142855,0.5517955801104972,0.5729166666666666,0.4607142857142857,0.5517955801104972,0.5729166666666667,0.4607142857142857,0.9229920593737326,0.9427841159611993,0.8934110787172012,0.9250934527988419,0.9342818218143738,0.885711552478134,0.9229920593737327,0.9427841159611994,0.8934110787172012,0.5418350334139734,0.537824749442323,0.42476413965331206,0.5517955801104972,0.5729166666666666,0.4607142857142857,0.5418350334139734,0.537824749442323,0.4247641396533121,0.48776637726913974,0.5119047619047619,0.38367346938775515,0.4959801705813034,0.5267302854761878,0.3944100305549018
343,wrsxyrwu,7,"SynNetRP,xylo,Realworld",1,"(80, 80, 80)","(10, 2, 2)",43,42939.312154696134,43025.03472222222,41888.764285714286,0.5773480662983426,0.5902777777777778,0.5392857142857143,0.5773480662983426,0.5902777777777777,0.5392857142857144,0.9261632952072805,0.9329254850088183,0.8894970845481049,0.9278981609775561,0.9371865354938272,0.8962363338192421,0.9261632952072804,0.9329254850088182,0.8894970845481049,0.5744969831249933,0.5702600135114178,0.5281560244787792,0.5773480662983426,0.5902777777777778,0.5392857142857143,0.5744969831249932,0.5702600135114178,0.5281560244787792,0.5169692186266772,0.5317460317460317,0.47346938775510206,0.5223086616379359,0.5466042222468627,0.4771632681733592
344,wrsxyrwu,7,"SynNetRP,xylo,Realworld",1,"(80, 80, 80)","(10, 2, 2)",44,42914.51450276243,43744.583333333336,43107.453571428574,0.5649171270718232,0.5486111111111112,0.5035714285714286,0.5649171270718232,0.548611111111111,0.5035714285714286,0.9230814513772909,0.9405381944444444,0.8847740524781341,0.9250581593096321,0.927693039021164,0.8807115524781342,0.923081451377291,0.9405381944444444,0.884774052478134,0.5610447950170787,0.5070447914348589,0.46968985478366654,0.5649171270718232,0.5486111111111112,0.5035714285714286,0.5610447950170786,0.5070447914348589,0.46968985478366654,0.5027624309392265,0.4841269841269841,0.43265306122448977,0.5076637266981519,0.5014656201894648,0.4427325060837515
345,wrsxyrwu,7,"SynNetRP,xylo,Realworld",1,"(80, 80, 80)","(10, 2, 2)",45,43080.12569060773,42865.54861111111,42255.02857142857,0.5441988950276243,0.5555555555555556,0.5071428571428571,0.5441988950276243,0.5555555555555556,0.5071428571428571,0.9288605899000117,0.9375,0.8980685131195335,0.9269817907398605,0.9391387993276012,0.898568695335277,0.9288605899000117,0.9375,0.8980685131195335,0.5293179675225741,0.5308413808413808,0.4888856220586741,0.5441988950276243,0.5555555555555556,0.5071428571428571,0.5293179675225742,0.5308413808413808,0.4888856220586741,0.4790844514601421,0.4920634920634921,0.43673469387755104,0.48978393338421267,0.5114511078108043,0.4461064247601197
346,wrsxyrwu,7,"SynNetRP,xylo,Realworld",1,"(80, 80, 80)","(10, 2, 2)",46,42749.8432320442,43470.65625,43137.94642857143,0.5973756906077348,0.5972222222222222,0.49642857142857144,0.5973756906077348,0.5972222222222222,0.49642857142857144,0.9249924779899446,0.9445960097001764,0.8899489795918368,0.9282551839185965,0.9426850818452381,0.8783363702623906,0.9249924779899444,0.9445960097001763,0.8899489795918367,0.5992137367821857,0.5385716021555556,0.4751074599046026,0.5973756906077348,0.5972222222222222,0.49642857142857144,0.5992137367821856,0.5385716021555556,0.4751074599046025,0.5398579321231255,0.5396825396825398,0.42448979591836733,0.5469452703330889,0.5617077874306995,0.43320361729574647
347,wrsxyrwu,7,"SynNetRP,xylo,Realworld",1,"(80, 80, 80)","(10, 2, 2)",47,42596.94682320442,42662.083333333336,42106.91785714286,0.5814917127071824,0.6076388888888888,0.4642857142857143,0.5814917127071824,0.6076388888888888,0.4642857142857143,0.9255389138653539,0.9423087522045855,0.8915087463556851,0.9271693981192795,0.9433499021715168,0.8923451166180758,0.9255389138653539,0.9423087522045854,0.8915087463556851,0.5793542363363375,0.5892676588339328,0.4587723450161879,0.5814917127071824,0.6076388888888888,0.4642857142857143,0.5793542363363375,0.589267658833933,0.45877234501618797,0.5217048145224941,0.5515873015873016,0.3877551020408163,0.5272034725101736,0.5661104383471097,0.3943818921436766
348,wrsxyrwu,7,"SynNetRP,xylo,Realworld",1,"(80, 80, 80)","(10, 2, 2)",48,43044.89848066298,44212.760416666664,43555.30714285714,0.5966850828729282,0.5069444444444444,0.48928571428571427,0.5966850828729282,0.5069444444444444,0.48928571428571427,0.9276216385336222,0.9406277557319224,0.896399416909621,0.9294389125571783,0.931874862213404,0.8882826166180757,0.9276216385336222,0.9406277557319223,0.896399416909621,0.6006475756777095,0.4702121269369773,0.45913611724663084,0.5966850828729282,0.5069444444444444,0.48928571428571427,0.6006475756777095,0.47021212693697734,0.4591361172466308,0.5390686661404893,0.4365079365079365,0.4163265306122449,0.5427651368719179,0.4558217583636521,0.42656639735446605
349,wrsxyrwu,7,"SynNetRP,xylo,Realworld",1,"(80, 80, 80)","(10, 2, 2)",49,43103.345303867405,43621.20138888889,42439.53571428572,0.5780386740331491,0.5625,0.5035714285714286,0.5780386740331491,0.5625,0.5035714285714286,0.9285458101313844,0.9318920855379188,0.8893877551020408,0.930789774263388,0.9260964368386243,0.8920590379008746,0.9285458101313845,0.9318920855379188,0.8893877551020408,0.5728169537910446,0.5300569888823117,0.4719597118394515,0.5780386740331491,0.5625,0.5035714285714286,0.5728169537910445,0.5300569888823117,0.47195971183945157,0.5177584846093133,0.5,0.43265306122448977,0.5286108540651562,0.5228699670482222,0.44313854619179305
350,wrsxyrwu,7,"SynNetRP,xylo,Realworld",1,"(80, 80, 80)","(10, 2, 2)",50,42804.136049723755,43342.18402777778,42688.69285714286,0.5621546961325967,0.5694444444444444,0.5428571428571428,0.5621546961325967,0.5694444444444444,0.5428571428571428,0.9287450343832171,0.9308380180776015,0.8927186588921283,0.9281024952905675,0.9253859747023809,0.8920134839650146,0.928745034383217,0.9308380180776015,0.8927186588921282,0.5487035003246022,0.5462247563473706,0.5142754339954989,0.5621546961325967,0.5694444444444444,0.5428571428571428,0.5487035003246022,0.5462247563473704,0.5142754339954988,0.49960536700868197,0.5079365079365079,0.4775510204081632,0.5131075912547296,0.517530908259342,0.48498164491782464
351,wrsxyrwu,7,"SynNetRP,xylo,Realworld",1,"(80, 80, 80)","(10, 2, 2)",51,43209.03245856354,42835.770833333336,42455.610714285714,0.5517955801104972,0.5381944444444444,0.5035714285714286,0.5517955801104972,0.5381944444444444,0.5035714285714286,0.9296144261251402,0.9321814373897708,0.8937026239067056,0.9282094999716562,0.9284422536375662,0.8964987244897958,0.9296144261251402,0.9321814373897708,0.8937026239067055,0.5440521184180884,0.5033546635213135,0.490451146560319,0.5517955801104972,0.5381944444444444,0.5035714285714286,0.5440521184180885,0.5033546635213135,0.4904511465603191,0.48776637726913974,0.4722222222222222,0.43265306122448977,0.49610376777991344,0.49388861711730536,0.4430369314384851
352,wrsxyrwu,7,"SynNetRP,xylo,Realworld",1,"(80, 80, 80)","(10, 2, 2)",52,42862.3093922652,43199.645833333336,42800.00714285715,0.5883977900552486,0.5416666666666666,0.49642857142857144,0.5883977900552486,0.5416666666666666,0.49642857142857144,0.9292328748904403,0.9404693011463845,0.8909548104956269,0.9309031835544878,0.9367593970458554,0.8887436224489795,0.9292328748904402,0.9404693011463845,0.8909548104956269,0.5829375538704866,0.4985961071759935,0.47754796040650416,0.5883977900552486,0.5416666666666666,0.49642857142857144,0.5829375538704866,0.49859610717599345,0.47754796040650416,0.5295974743488556,0.47619047619047616,0.42448979591836733,0.5367462421884388,0.5037971617162451,0.4295797230573895
353,wrsxyrwu,7,"SynNetRP,xylo,Realworld",1,"(80, 80, 80)","(10, 2, 2)",53,43192.32458563536,42944.305555555555,42674.56428571429,0.6146408839779005,0.5798611111111112,0.5607142857142857,0.6146408839779005,0.5798611111111112,0.5607142857142857,0.9331244249477819,0.9390638778659611,0.8898906705539359,0.9322583036450135,0.9358723958333334,0.8994642857142858,0.9331244249477819,0.9390638778659611,0.8898906705539359,0.6213373609225793,0.5591701597740237,0.5568925943260183,0.6146408839779005,0.5798611111111112,0.5607142857142857,0.6213373609225793,0.5591701597740237,0.5568925943260183,0.5595895816890293,0.5198412698412698,0.49795918367346936,0.5637707959950485,0.531955845746532,0.5038172505205353
354,wrsxyrwu,7,"SynNetRP,xylo,Realworld",1,"(80, 80, 80)","(10, 2, 2)",54,43253.75552486188,43655.34722222222,43352.732142857145,0.6035911602209945,0.5868055555555556,0.48214285714285715,0.6035911602209945,0.5868055555555556,0.4821428571428571,0.9330527478229778,0.9438312940917107,0.8995189504373178,0.9335783687158512,0.9359964037698412,0.8940606778425657,0.9330527478229776,0.9438312940917108,0.8995189504373179,0.6110129556506212,0.5598516708024106,0.45398779493740826,0.6035911602209945,0.5868055555555556,0.48214285714285715,0.6110129556506211,0.5598516708024105,0.45398779493740826,0.5469613259668509,0.5277777777777778,0.40816326530612246,0.5495863907512621,0.5503944373111076,0.4178827263648179
355,wrsxyrwu,7,"SynNetRP,xylo,Realworld",1,"(80, 80, 80)","(10, 2, 2)",55,43507.36602209945,43693.5625,43497.546428571426,0.5953038674033149,0.5659722222222222,0.4857142857142857,0.5953038674033149,0.5659722222222222,0.48571428571428565,0.9313600230238916,0.9370866402116402,0.8988192419825073,0.9336606066337587,0.936606109457672,0.9007060860058309,0.9313600230238916,0.9370866402116403,0.8988192419825073,0.5945163888574438,0.5150916405384205,0.4719564981804302,0.5953038674033149,0.5659722222222222,0.4857142857142857,0.5945163888574438,0.5150916405384205,0.47195649818043006,0.5374901341752171,0.503968253968254,0.4122448979591836,0.5448867092723181,0.5201064700395731,0.4219970783598189
356,wrsxyrwu,7,"SynNetRP,xylo,Realworld",1,"(80, 80, 80)","(10, 2, 2)",56,43167.64709944752,43100.00347222222,42728.31785714286,0.6104972375690608,0.5868055555555556,0.525,0.6104972375690607,0.5868055555555556,0.525,0.9280304434279434,0.9362599206349207,0.899030612244898,0.9304966611541599,0.9350439539241623,0.900126639941691,0.9280304434279435,0.9362599206349205,0.899030612244898,0.6159660784173442,0.574415116975261,0.5190037219154968,0.6104972375690608,0.5868055555555556,0.525,0.6159660784173442,0.574415116975261,0.5190037219154969,0.5548539857932123,0.5277777777777778,0.4571428571428572,0.5594729748173736,0.5374318649715502,0.4616261161440309
357,wrsxyrwu,7,"SynNetRP,xylo,Realworld",1,"(80, 80, 80)","(10, 2, 2)",57,43961.187845303866,44451.49652777778,44183.635714285716,0.6339779005524862,0.5833333333333334,0.4928571428571429,0.6339779005524862,0.5833333333333334,0.4928571428571429,0.9305462287475963,0.937713569223986,0.897128279883382,0.9345096262651149,0.9402720940806879,0.8928771865889212,0.9305462287475963,0.937713569223986,0.8971282798833818,0.6393938874177363,0.5698874953568187,0.4746658120806202,0.6339779005524862,0.5833333333333334,0.4928571428571429,0.6393938874177363,0.5698874953568187,0.47466581208062025,0.5816890292028414,0.5238095238095238,0.42040816326530617,0.5850709204530191,0.5353912328705754,0.42893401816110777
358,wrsxyrwu,7,"SynNetRP,xylo,Realworld",1,"(80, 80, 80)","(10, 2, 2)",58,43657.94129834254,43495.23263888889,43126.610714285714,0.6015193370165746,0.5729166666666666,0.5071428571428571,0.6015193370165746,0.5729166666666666,0.5071428571428571,0.9301175286817513,0.9402281746031746,0.8941618075801749,0.9343082898546616,0.9310128348214286,0.8859620991253644,0.9301175286817515,0.9402281746031748,0.8941618075801749,0.5990942744498526,0.5512893776397214,0.4816939695842204,0.6015193370165746,0.5729166666666666,0.5071428571428571,0.5990942744498526,0.5512893776397214,0.48169396958422045,0.5445935280189425,0.5119047619047619,0.43673469387755104,0.5505771211967458,0.5285531543345612,0.44636448211285606
359,wrsxyrwu,7,"SynNetRP,xylo,Realworld",1,"(80, 80, 80)","(10, 2, 2)",59,43325.17196132597,44277.20486111111,43687.625,0.6208563535911602,0.6493055555555556,0.5428571428571428,0.6208563535911602,0.6493055555555556,0.5428571428571429,0.9333239217362108,0.9367283950617284,0.896567055393586,0.9360382158991309,0.9370539158950617,0.8951466836734693,0.9333239217362106,0.9367283950617283,0.896567055393586,0.6239133542353479,0.6229706518638511,0.5125145542068738,0.6208563535911602,0.6493055555555556,0.5428571428571428,0.6239133542353479,0.622970651863851,0.5125145542068738,0.5666929755327546,0.5992063492063492,0.4775510204081632,0.5739187986429768,0.6175158990182805,0.48828157935474803
360,wrsxyrwu,7,"SynNetRP,xylo,Realworld",1,"(80, 80, 80)","(10, 2, 2)",60,43776.11602209945,43518.87847222222,43136.33928571428,0.6284530386740331,0.6006944444444444,0.5357142857142857,0.6284530386740331,0.6006944444444444,0.5357142857142858,0.9325142155088586,0.9345169201940036,0.9020043731778425,0.9376920360991075,0.9396994185405644,0.9114823250728864,0.9325142155088585,0.9345169201940036,0.9020043731778425,0.6347207359732526,0.596391712065683,0.5322285529405042,0.6284530386740331,0.6006944444444444,0.5357142857142857,0.6347207359732526,0.596391712065683,0.5322285529405042,0.5753749013417522,0.5436507936507937,0.4693877551020408,0.5787855141749435,0.550847529818751,0.47518632708724373
361,wrsxyrwu,7,"SynNetRP,xylo,Realworld",1,"(80, 80, 80)","(10, 2, 2)",61,43448.552486187844,43543.743055555555,43449.83571428571,0.6222375690607734,0.5833333333333334,0.5285714285714286,0.6222375690607735,0.5833333333333333,0.5285714285714286,0.93559088114352,0.9366457231040564,0.8954956268221574,0.939641865109647,0.928528370260141,0.8947685860058309,0.93559088114352,0.9366457231040565,0.8954956268221574,0.6197924600096928,0.5474767533816219,0.5084091769325318,0.6222375690607734,0.5833333333333334,0.5285714285714286,0.6197924600096928,0.547476753381622,0.5084091769325318,0.5682715074980269,0.5238095238095238,0.46122448979591835,0.5779950755296935,0.5472163715115517,0.4681969871879311
362,wrsxyrwu,7,"SynNetRP,xylo,Realworld",1,"(80, 80, 80)","(10, 2, 2)",62,43657.48756906077,43091.53472222222,42815.53928571429,0.6125690607734806,0.6215277777777778,0.5642857142857143,0.6125690607734806,0.6215277777777777,0.5642857142857143,0.9369470232462815,0.9337453152557318,0.9034183673469387,0.9394853609692708,0.935395309744268,0.9056113338192421,0.9369470232462815,0.9337453152557319,0.9034183673469388,0.6093156218767779,0.6051374011992989,0.556295272694345,0.6125690607734806,0.6215277777777778,0.5642857142857143,0.6093156218767779,0.6051374011992989,0.5562952726943449,0.5572217837411207,0.5674603174603174,0.5020408163265306,0.5652262508800476,0.5792405805788325,0.5085011249389836
363,wrsxyrwu,7,"SynNetRP,xylo,Realworld",1,"(80, 80, 80)","(10, 2, 2)",63,43792.77486187845,43159.958333333336,42846.72142857143,0.6374309392265194,0.6284722222222222,0.5607142857142857,0.6374309392265193,0.6284722222222222,0.5607142857142857,0.9351730825415236,0.941413139329806,0.9011661807580175,0.9403144172949544,0.9408327132936507,0.9103963192419825,0.9351730825415238,0.9414131393298059,0.9011661807580175,0.6403339610733887,0.6151991649293467,0.5628185111107312,0.6374309392265194,0.6284722222222222,0.5607142857142857,0.6403339610733886,0.6151991649293467,0.5628185111107312,0.5856353591160222,0.5753968253968254,0.49795918367346936,0.5912870569409053,0.5847784503090505,0.5001880175143314
364,wrsxyrwu,7,"SynNetRP,xylo,Realworld",1,"(80, 80, 80)","(10, 2, 2)",64,43330.645718232045,44096.625,43624.00357142857,0.6636740331491713,0.5486111111111112,0.5071428571428571,0.6636740331491713,0.548611111111111,0.5071428571428571,0.9349237115559877,0.9338831018518519,0.8922740524781341,0.9372881368635181,0.9243689373897708,0.8801266399416908,0.9349237115559876,0.933883101851852,0.8922740524781341,0.6679083575687292,0.4992278856403814,0.4594143290923586,0.6636740331491713,0.5486111111111112,0.5071428571428571,0.6679083575687291,0.4992278856403814,0.45941432909235846,0.6156274664561958,0.4841269841269841,0.43673469387755104,0.6194765939658167,0.505335219369393,0.45035967611286065
365,wrsxyrwu,7,"SynNetRP,xylo,Realworld",1,"(80, 80, 80)","(10, 2, 2)",65,43877.53867403315,42961.30902777778,42698.80714285714,0.6277624309392266,0.6354166666666666,0.5178571428571429,0.6277624309392265,0.6354166666666666,0.5178571428571428,0.9337776951689072,0.9339588844797179,0.9008819241982507,0.9343710414059401,0.9279677510471782,0.8993631559766764,0.9337776951689072,0.9339588844797179,0.9008819241982507,0.6318032961116871,0.5952969315656876,0.5045571656874124,0.6277624309392266,0.6354166666666666,0.5178571428571429,0.631803296111687,0.5952969315656877,0.5045571656874124,0.574585635359116,0.5833333333333333,0.44897959183673475,0.5778586785601151,0.602960544291225,0.45680428946527085
366,wrsxyrwu,7,"SynNetRP,xylo,Realworld",1,"(80, 80, 80)","(10, 2, 2)",66,42907.645718232045,43215.40972222222,42657.760714285716,0.6415745856353591,0.6111111111111112,0.5071428571428571,0.6415745856353592,0.6111111111111112,0.5071428571428571,0.9360915308707654,0.9438381834215168,0.8967930029154518,0.9393679998975263,0.9441835110780423,0.8992274052478134,0.9360915308707652,0.9438381834215167,0.8967930029154519,0.6463780079796991,0.5934355382085563,0.503492204713216,0.6415745856353591,0.6111111111111112,0.5071428571428571,0.646378007979699,0.5934355382085563,0.503492204713216,0.590370955011839,0.5555555555555556,0.43673469387755104,0.5943614122095211,0.5638678666029293,0.44295786486330574
367,wrsxyrwu,7,"SynNetRP,xylo,Realworld",1,"(80, 80, 80)","(10, 2, 2)",67,43318.812845303866,43591.96875,43364.85,0.636049723756906,0.6388888888888888,0.5,0.636049723756906,0.6388888888888888,0.5,0.9355292878727756,0.9438657407407407,0.899569970845481,0.9393094045293402,0.9464423500881836,0.9011361151603497,0.9355292878727755,0.9438657407407409,0.899569970845481,0.6332374754508103,0.620284940525698,0.48533338897778,0.636049723756906,0.6388888888888888,0.5,0.6332374754508103,0.620284940525698,0.4853333889777801,0.5840568271507498,0.5873015873015873,0.4285714285714286,0.5902668764274499,0.5977968456126647,0.4341122952575842
368,wrsxyrwu,7,"SynNetRP,xylo,Realworld",1,"(80, 80, 80)","(10, 2, 2)",68,43178.451657458565,43134.23611111111,43028.34642857143,0.6408839779005525,0.6180555555555556,0.475,0.6408839779005525,0.6180555555555556,0.475,0.936733899628042,0.949211860670194,0.8997886297376093,0.9419104938036079,0.9465861648478836,0.8961898688046648,0.936733899628042,0.9492118606701939,0.8997886297376093,0.6416958765964466,0.5826954832300393,0.4588258770195463,0.6408839779005525,0.6180555555555556,0.475,0.6416958765964466,0.5826954832300393,0.4588258770195463,0.5895816890292028,0.5634920634920635,0.4,0.5942961488687143,0.5725899550372336,0.4084592234142756
369,wrsxyrwu,7,"SynNetRP,xylo,Realworld",1,"(80, 80, 80)","(10, 2, 2)",69,43400.599447513814,43854.86111111111,43897.53928571429,0.6408839779005525,0.6284722222222222,0.6,0.6408839779005524,0.6284722222222222,0.6000000000000001,0.9377523688880942,0.935619212962963,0.8958892128279883,0.9417082035150679,0.933356068121693,0.9024480685131195,0.9377523688880943,0.9356192129629629,0.8958892128279882,0.6453649768441849,0.6021032751243189,0.5886676849423347,0.6408839779005525,0.6284722222222222,0.6,0.6453649768441849,0.6021032751243189,0.5886676849423347,0.5895816890292028,0.5753968253968254,0.5428571428571429,0.5944663853817883,0.5926753675385001,0.5458653035637648
370,wrsxyrwu,7,"SynNetRP,xylo,Realworld",1,"(80, 80, 80)","(10, 2, 2)",70,43990.47859116022,44446.135416666664,44069.56785714286,0.6408839779005525,0.4930555555555556,0.48214285714285715,0.6408839779005525,0.4930555555555555,0.48214285714285715,0.9369312161237011,0.9411513447971782,0.8923542274052478,0.9412005359704702,0.9202749531525574,0.8739440597667638,0.9369312161237011,0.9411513447971781,0.8923542274052477,0.6452245247172492,0.4409191904143561,0.4561390442934423,0.6408839779005525,0.4930555555555556,0.48214285714285715,0.6452245247172492,0.4409191904143561,0.4561390442934424,0.5895816890292028,0.4206349206349206,0.40816326530612246,0.5934953364636251,0.4444180765262673,0.41513257377808904
371,wrsxyrwu,7,"SynNetRP,xylo,Realworld",1,"(80, 80, 80)","(10, 2, 2)",71,43785.44820441989,43385.864583333336,42992.00357142857,0.5987569060773481,0.6215277777777778,0.5142857142857142,0.5987569060773481,0.6215277777777778,0.5142857142857142,0.9341028313281907,0.9444857804232805,0.9021574344023323,0.9355287087325087,0.9416069017305997,0.9028188775510204,0.9341028313281908,0.9444857804232805,0.9021574344023324,0.5884734080679073,0.6015353001204602,0.5014317414376283,0.5987569060773481,0.6215277777777778,0.5142857142857142,0.5884734080679073,0.6015353001204602,0.5014317414376283,0.5414364640883977,0.5674603174603174,0.4448979591836735,0.553406783793686,0.5806343621144524,0.4520516413934985
372,wrsxyrwu,7,"SynNetRP,xylo,Realworld",1,"(80, 80, 80)","(10, 2, 2)",72,43640.585635359115,43418.083333333336,42986.72142857143,0.630524861878453,0.6458333333333334,0.5321428571428571,0.6305248618784531,0.6458333333333334,0.5321428571428571,0.934682244131742,0.9342620149911817,0.8986151603498542,0.9397216161311142,0.9342086226851852,0.8889668367346938,0.934682244131742,0.9342620149911816,0.8986151603498541,0.6316544390234009,0.6370574056790712,0.5028893287715506,0.630524861878453,0.6458333333333334,0.5321428571428571,0.6316544390234009,0.6370574056790712,0.5028893287715505,0.5777426992896606,0.5952380952380952,0.4653061224489796,0.5822241764696198,0.6042813936891954,0.47191518722104936
373,wrsxyrwu,7,"SynNetRP,xylo,Realworld",1,"(80, 80, 80)","(10, 2, 2)",73,43716.927486187844,44608.02777777778,43800.96071428571,0.6415745856353591,0.6284722222222222,0.48214285714285715,0.6415745856353591,0.6284722222222221,0.4821428571428571,0.9343879046078307,0.9452160493827161,0.9057871720116618,0.9431180693943583,0.947151951058201,0.9038866618075803,0.9343879046078307,0.9452160493827161,0.9057871720116617,0.6484790235243576,0.6104655289854162,0.47082956947575055,0.6415745856353591,0.6284722222222222,0.48214285714285715,0.6484790235243576,0.6104655289854163,0.47082956947575055,0.590370955011839,0.5753968253968254,0.40816326530612246,0.592457545499253,0.5851866726626472,0.4151513547998119
374,wrsxyrwu,7,"SynNetRP,xylo,Realworld",1,"(80, 80, 80)","(10, 2, 2)",74,43970.30179558011,43865.069444444445,43680.81428571429,0.6125690607734806,0.6423611111111112,0.5285714285714286,0.6125690607734807,0.642361111111111,0.5285714285714285,0.9349008184819056,0.9410204475308641,0.9031778425655976,0.9408091393512321,0.9414561976410936,0.9017328717201166,0.9349008184819059,0.9410204475308641,0.9031778425655976,0.6128238303539949,0.6341610491319354,0.5165114356314071,0.6125690607734806,0.6423611111111112,0.5285714285714286,0.6128238303539949,0.6341610491319355,0.5165114356314071,0.5572217837411207,0.5912698412698413,0.46122448979591835,0.5631493281149367,0.5990969484890064,0.4664346860757707
375,wrsxyrwu,7,"SynNetRP,xylo,Realworld",1,"(80, 80, 80)","(10, 2, 2)",75,44334.16091160221,44150.520833333336,43995.66071428572,0.6657458563535912,0.6979166666666666,0.5107142857142857,0.6657458563535912,0.6979166666666667,0.5107142857142857,0.9383445909116676,0.9383129409171076,0.9016326530612245,0.9443722487430612,0.943022659005732,0.9143358236151603,0.9383445909116677,0.9383129409171076,0.9016326530612245,0.6741045988611576,0.6907964943241842,0.5189018599320268,0.6657458563535912,0.6979166666666666,0.5107142857142857,0.6741045988611577,0.6907964943241842,0.5189018599320268,0.6179952644041042,0.6547619047619048,0.4408163265306122,0.6205901235059555,0.6628109767197893,0.4431480189289996
376,wrsxyrwu,7,"SynNetRP,xylo,Realworld",1,"(80, 80, 80)","(10, 2, 2)",76,44672.7817679558,44779.354166666664,44338.28571428572,0.6609116022099447,0.6423611111111112,0.5535714285714286,0.6609116022099447,0.642361111111111,0.5535714285714285,0.9349190784338521,0.9312858245149912,0.8992492711370264,0.9439452520309427,0.9396184689153438,0.907735058309038,0.9349190784338521,0.9312858245149912,0.8992492711370262,0.6690417742669503,0.6279421527694524,0.5429178531003886,0.6609116022099447,0.6423611111111112,0.5535714285714286,0.6690417742669503,0.6279421527694524,0.5429178531003886,0.6124704025256511,0.5912698412698413,0.4897959183673469,0.6139015728996299,0.6010642636345394,0.4940855710047672
377,wrsxyrwu,7,"SynNetRP,xylo,Realworld",1,"(80, 80, 80)","(10, 2, 2)",77,44215.33770718232,44396.78125,44402.00714285715,0.6388121546961326,0.6597222222222222,0.5357142857142857,0.6388121546961325,0.6597222222222222,0.5357142857142857,0.9360408390638695,0.9352265211640212,0.8882944606413994,0.9427509966663323,0.9336505869708996,0.8848742711370263,0.9360408390638695,0.935226521164021,0.8882944606413994,0.6456677389241728,0.6402799133374583,0.5110246180548653,0.6388121546961326,0.6597222222222222,0.5357142857142857,0.6456677389241728,0.6402799133374583,0.5110246180548653,0.5872138910812944,0.6111111111111112,0.4693877551020408,0.5910207511382766,0.6256687112685395,0.47371655857673406
378,wrsxyrwu,7,"SynNetRP,xylo,Realworld",1,"(80, 80, 80)","(10, 2, 2)",78,44492.848756906074,44786.90625,44632.364285714284,0.6609116022099447,0.6111111111111112,0.525,0.6609116022099447,0.611111111111111,0.525,0.9357890152489676,0.9418540564373898,0.9019533527696793,0.9452431735033381,0.9416706280313051,0.9087618440233235,0.9357890152489676,0.9418540564373897,0.9019533527696793,0.6652526773672189,0.5744281593679886,0.5056101115574703,0.6609116022099447,0.6111111111111112,0.525,0.6652526773672189,0.5744281593679887,0.5056101115574704,0.6124704025256511,0.5555555555555556,0.4571428571428572,0.6176583766822711,0.5759634554553115,0.46243105659140005
379,wrsxyrwu,7,"SynNetRP,xylo,Realworld",1,"(80, 80, 80)","(10, 2, 2)",79,44711.058011049725,44901.76388888889,44748.28928571429,0.6664364640883977,0.6736111111111112,0.5,0.6664364640883977,0.673611111111111,0.5,0.9394886995425745,0.9370039682539684,0.9030612244897959,0.9464263570687271,0.9392696965939153,0.9077441690962098,0.9394886995425746,0.9370039682539684,0.9030612244897959,0.6709821152551168,0.6597788051936546,0.48590582231972157,0.6664364640883977,0.6736111111111112,0.5,0.6709821152551166,0.6597788051936546,0.4859058223197215,0.6187845303867403,0.626984126984127,0.4285714285714286,0.6220364344100138,0.6399265885022338,0.4344047690458483
380,wrsxyrwu,7,"SynNetRP,xylo,Realworld",1,"(80, 80, 80)","(10, 2, 2)",80,44925.39226519337,45019.17361111111,45438.85357142857,0.6512430939226519,0.5902777777777778,0.5642857142857143,0.6512430939226519,0.5902777777777778,0.5642857142857143,0.9358724114474091,0.9235146604938271,0.8953935860058309,0.9458446277041082,0.9273201540454145,0.9100072886297377,0.9358724114474092,0.9235146604938271,0.895393586005831,0.6520575436667637,0.5610382472145763,0.5336473632872416,0.6512430939226519,0.5902777777777778,0.5642857142857143,0.6520575436667638,0.5610382472145763,0.5336473632872416,0.601420678768745,0.5317460317460317,0.5020408163265306,0.6067259750372713,0.5498804080444756,0.5147750422040951
381,wrsxyrwu,7,"SynNetRP,xylo,Realworld",1,"(80, 80, 80)","(10, 2, 2)",81,45635.42817679558,45807.51736111111,45592.43928571429,0.6167127071823204,0.6701388888888888,0.5214285714285715,0.6167127071823204,0.6701388888888888,0.5214285714285714,0.9313815534149925,0.9370728615520283,0.9087755102040816,0.9354479697658802,0.9394048996913581,0.9122594752186588,0.9313815534149926,0.9370728615520283,0.9087755102040816,0.6161411209202934,0.654366724621507,0.5083074754885757,0.6167127071823204,0.6701388888888888,0.5214285714285715,0.6161411209202934,0.6543667246215069,0.5083074754885757,0.5619573796369377,0.623015873015873,0.4530612244897959,0.5674357510346689,0.6347113769902449,0.458179204906288
382,wrsxyrwu,7,"SynNetRP,xylo,Realworld",1,"(80, 80, 80)","(10, 2, 2)",82,46557.29696132597,47108.604166666664,47125.385714285716,0.6705801104972375,0.6701388888888888,0.55,0.6705801104972375,0.670138888888889,0.5499999999999999,0.9388133538571559,0.9380580357142857,0.9052915451895043,0.947226728917659,0.9448793333884479,0.9074580903790087,0.9388133538571559,0.9380580357142857,0.9052915451895044,0.673987149272722,0.6420229620897471,0.5406806677486076,0.6705801104972375,0.6701388888888888,0.55,0.673987149272722,0.642022962089747,0.5406806677486076,0.6235201262825572,0.623015873015873,0.48571428571428577,0.6280553376373259,0.6368185886175938,0.4898664702594976
383,wrsxyrwu,7,"SynNetRP,xylo,Realworld",1,"(80, 80, 80)","(10, 2, 2)",83,46699.86049723757,46420.927083333336,46523.91785714286,0.6795580110497238,0.6666666666666666,0.5071428571428571,0.6795580110497238,0.6666666666666667,0.5071428571428571,0.9357800215412926,0.9369764109347443,0.9011516034985423,0.9455998898407079,0.9433688478284832,0.9013693513119533,0.9357800215412927,0.9369764109347442,0.9011516034985423,0.6850813439068362,0.6475473038128661,0.48069436595358717,0.6795580110497238,0.6666666666666666,0.5071428571428571,0.6850813439068362,0.6475473038128661,0.4806943659535871,0.6337805840568271,0.6190476190476191,0.43673469387755104,0.635450187518627,0.6277221285534461,0.4446345902434719
384,wrsxyrwu,7,"SynNetRP,xylo,Realworld",1,"(80, 80, 80)","(10, 2, 2)",84,47346.22582872928,47653.52777777778,47756.44642857143,0.6774861878453039,0.6979166666666666,0.5071428571428571,0.6774861878453038,0.6979166666666666,0.5071428571428571,0.9407083008106328,0.9463183421516754,0.9056268221574344,0.9503373253585493,0.9507679880401234,0.9111953352769679,0.940708300810633,0.9463183421516754,0.9056268221574343,0.6804373425668597,0.691767775603392,0.5052414462757933,0.6774861878453039,0.6979166666666666,0.5071428571428571,0.6804373425668597,0.6917677756033921,0.5052414462757934,0.6314127861089187,0.6547619047619048,0.43673469387755104,0.6361018013745233,0.6632325139208586,0.4417077554344661
385,wrsxyrwu,7,"SynNetRP,xylo,Realworld",1,"(80, 80, 80)","(10, 2, 2)",85,48164.74654696132,47584.46527777778,47365.642857142855,0.6602209944751382,0.6770833333333334,0.55,0.660220994475138,0.6770833333333334,0.5499999999999999,0.9413498519581209,0.9476686507936508,0.9093877551020408,0.9488227032250891,0.9516515445877426,0.9215625000000001,0.941349851958121,0.9476686507936508,0.9093877551020407,0.6633883899417188,0.6688438577058629,0.5532396448899998,0.6602209944751382,0.6770833333333334,0.55,0.6633883899417188,0.6688438577058629,0.5532396448899998,0.611681136543015,0.6309523809523809,0.48571428571428577,0.6163139769264355,0.6416143072352692,0.48838420313406483
386,wrsxyrwu,7,"SynNetRP,xylo,Realworld",1,"(80, 80, 80)","(10, 2, 2)",86,46987.99033149171,46939.541666666664,46864.328571428574,0.6595303867403315,0.6944444444444444,0.49642857142857144,0.6595303867403315,0.6944444444444444,0.4964285714285714,0.9378594757704064,0.949156746031746,0.9007580174927113,0.9456248950734105,0.9560038786926808,0.9093904883381925,0.9378594757704065,0.9491567460317459,0.9007580174927113,0.6645060406053869,0.6955236366768656,0.49141185441624335,0.6595303867403315,0.6944444444444444,0.49642857142857144,0.6645060406053869,0.6955236366768656,0.49141185441624324,0.6108918705603789,0.6507936507936508,0.42448979591836733,0.6136059972534517,0.6544104044996195,0.4302095962634001
387,wrsxyrwu,7,"SynNetRP,xylo,Realworld",1,"(80, 80, 80)","(10, 2, 2)",87,47103.928867403316,47217.54513888889,47402.19642857143,0.675414364640884,0.6909722222222222,0.5,0.675414364640884,0.6909722222222222,0.5,0.9393674207572593,0.9445684523809523,0.9072521865889214,0.9477619226584745,0.9473371017967371,0.9195453717201167,0.9393674207572594,0.9445684523809523,0.9072521865889213,0.6812135189831896,0.6769079110810552,0.5014310545282443,0.675414364640884,0.6909722222222222,0.5,0.6812135189831896,0.6769079110810553,0.5014310545282443,0.6290449881610103,0.6468253968253967,0.4285714285714286,0.6318932837557947,0.6607087141064678,0.4345023917525857
388,wrsxyrwu,7,"SynNetRP,xylo,Realworld",1,"(80, 80, 80)","(10, 2, 2)",88,47653.46270718232,47540.42361111111,48070.02857142857,0.6761049723756906,0.6840277777777778,0.5107142857142857,0.6761049723756907,0.6840277777777778,0.5107142857142858,0.9410814034108499,0.9460841049382717,0.9101603498542274,0.9495026479655688,0.9513854442239859,0.9149334912536443,0.94108140341085,0.9460841049382717,0.9101603498542273,0.6808222405365068,0.6663677370996326,0.5069282677768405,0.6761049723756906,0.6840277777777778,0.5107142857142857,0.6808222405365068,0.6663677370996326,0.5069282677768405,0.6298342541436464,0.6388888888888888,0.4408163265306122,0.6330507844308779,0.6482640427173015,0.445126236103251
389,wrsxyrwu,7,"SynNetRP,xylo,Realworld",1,"(80, 80, 80)","(10, 2, 2)",89,47701.03245856354,48160.604166666664,48101.09642857143,0.68646408839779,0.6666666666666666,0.5,0.6864640883977902,0.6666666666666667,0.5,0.9446976915060155,0.9442515432098766,0.9037900874635569,0.9531816194778635,0.9424267319775133,0.9033755466472304,0.9446976915060156,0.9442515432098766,0.9037900874635568,0.6927413753222331,0.6389897217528615,0.4783730600754318,0.68646408839779,0.6666666666666666,0.5,0.6927413753222332,0.6389897217528616,0.47837306007543184,0.6416732438831887,0.6190476190476191,0.4285714285714286,0.6435181033163289,0.6364471515189927,0.4341642474233108
390,wrsxyrwu,7,"SynNetRP,xylo,Realworld",1,"(80, 80, 80)","(10, 2, 2)",90,47939.84668508287,48197.8125,47807.19642857143,0.6912983425414365,0.7083333333333334,0.5607142857142857,0.6912983425414365,0.7083333333333333,0.5607142857142857,0.9447178592141352,0.9480613425925926,0.9130174927113703,0.9519915543634201,0.9528296199845679,0.9174116253644315,0.9447178592141352,0.9480613425925924,0.9130174927113703,0.6957838623321586,0.6993106326118872,0.5498787605114019,0.6912983425414365,0.7083333333333334,0.5607142857142857,0.6957838623321586,0.6993106326118874,0.5498787605114019,0.6471981057616416,0.6666666666666667,0.49795918367346936,0.6489830728182596,0.6762000748046375,0.5009992334093196
391,wrsxyrwu,7,"SynNetRP,xylo,Realworld",1,"(80, 80, 80)","(10, 2, 2)",91,47910.10082872928,47647.493055555555,47919.77142857143,0.6843922651933702,0.6770833333333334,0.55,0.6843922651933703,0.6770833333333334,0.55,0.9421737300884763,0.9403797398589064,0.9138775510204082,0.9507206480811243,0.9461814167217812,0.9214923469387755,0.9421737300884763,0.9403797398589064,0.9138775510204082,0.6859526645937111,0.6601384360392699,0.542836948703983,0.6843922651933702,0.6770833333333334,0.55,0.685952664593711,0.6601384360392699,0.542836948703983,0.6393054459352803,0.6309523809523809,0.48571428571428577,0.6441514323125083,0.6433122731524281,0.4913183403786053
392,wrsxyrwu,7,"SynNetRP,xylo,Realworld",1,"(80, 80, 80)","(10, 2, 2)",92,47909.73273480663,47962.51736111111,48157.68571428571,0.6802486187845304,0.6493055555555556,0.5285714285714286,0.6802486187845304,0.6493055555555556,0.5285714285714286,0.9444736664239274,0.9435350529100529,0.9066180758017492,0.9532125183144593,0.9376980682319225,0.9079464285714286,0.9444736664239273,0.9435350529100531,0.9066180758017494,0.6843688612078016,0.6308358792583197,0.5064114723629611,0.6802486187845304,0.6493055555555556,0.5285714285714286,0.6843688612078016,0.6308358792583199,0.5064114723629611,0.6345698500394633,0.5992063492063492,0.46122448979591835,0.6369994070048696,0.612693296266046,0.4668245885563852
393,wrsxyrwu,7,"SynNetRP,xylo,Realworld",1,"(80, 80, 80)","(10, 2, 2)",93,48275.23549723757,47885.95138888889,48152.44285714286,0.6767955801104972,0.7048611111111112,0.5571428571428572,0.6767955801104972,0.704861111111111,0.5571428571428572,0.9424413610259585,0.9491429673721341,0.9161516034985422,0.9520075658884475,0.9567539544753085,0.9248542274052479,0.9424413610259584,0.949142967372134,0.9161516034985423,0.6810721864586133,0.6903944915784429,0.5579151241514526,0.6767955801104972,0.7048611111111112,0.5571428571428572,0.6810721864586134,0.6903944915784429,0.5579151241514525,0.6306235201262825,0.6626984126984127,0.4938775510204082,0.633796269557558,0.6728048360832494,0.4960224603892588
394,wrsxyrwu,7,"SynNetRP,xylo,Realworld",1,"(80, 80, 80)","(10, 2, 2)",94,48194.42610497238,48301.288194444445,48243.860714285714,0.6975138121546961,0.6875,0.5392857142857143,0.6975138121546961,0.6875,0.5392857142857144,0.9447241275558482,0.9517884700176367,0.9168950437317784,0.9528654429591806,0.9573834669863315,0.9251548833819243,0.9447241275558482,0.9517884700176368,0.9168950437317783,0.699204363254442,0.6646999217553221,0.53831582787279,0.6975138121546961,0.6875,0.5392857142857143,0.699204363254442,0.664699921755322,0.5383158278727899,0.654301499605367,0.6428571428571428,0.47346938775510206,0.6581298692452974,0.6527722372290182,0.47829765096514154
395,wrsxyrwu,7,"SynNetRP,xylo,Realworld",1,"(80, 80, 80)","(10, 2, 2)",95,48429.497928176796,48148.34722222222,47995.06428571429,0.6629834254143646,0.7291666666666666,0.5321428571428571,0.6629834254143646,0.7291666666666667,0.5321428571428573,0.9431521364688851,0.941502700617284,0.9123906705539359,0.9522635799535161,0.9488183077050265,0.925719752186589,0.943152136468885,0.9415027006172839,0.9123906705539359,0.6673692668611554,0.7265212740407998,0.5316184987342321,0.6629834254143646,0.7291666666666666,0.5321428571428571,0.6673692668611554,0.7265212740407997,0.531618498734232,0.6148382004735595,0.6904761904761905,0.4653061224489796,0.6176619174939246,0.6962270070124624,0.46924210103564057
396,wrsxyrwu,7,"SynNetRP,xylo,Realworld",1,"(80, 80, 80)","(10, 2, 2)",96,47897.53245856354,46940.083333333336,47041.31428571429,0.6788674033149171,0.6840277777777778,0.5678571428571428,0.6788674033149171,0.6840277777777778,0.5678571428571428,0.9440692221151457,0.9523258377425045,0.9173032069970846,0.9532043762836473,0.9596646963183422,0.9284311224489795,0.9440692221151457,0.9523258377425043,0.9173032069970847,0.6807752486113865,0.6587287240905614,0.5729631299973059,0.6788674033149171,0.6840277777777778,0.5678571428571428,0.6807752486113866,0.6587287240905614,0.572963129997306,0.6329913180741911,0.6388888888888888,0.5061224489795919,0.6364623362324744,0.6517030350383035,0.5098145085613447
397,wrsxyrwu,7,"SynNetRP,xylo,Realworld",1,"(80, 80, 80)","(10, 2, 2)",97,47705.983425414364,47259.78125,47472.93214285714,0.7133977900552486,0.6979166666666666,0.5678571428571428,0.7133977900552486,0.6979166666666666,0.5678571428571428,0.9474151539068666,0.9438519620811288,0.911530612244898,0.9541364855097743,0.9453357514880952,0.918922193877551,0.9474151539068666,0.9438519620811286,0.9115306122448978,0.7174943152824474,0.6842727258735213,0.558924568782581,0.7133977900552486,0.6979166666666666,0.5678571428571428,0.7174943152824474,0.6842727258735212,0.5589245687825809,0.6724546172059984,0.6547619047619048,0.5061224489795919,0.6750310761719261,0.669499297244355,0.509882386788729
398,wrsxyrwu,7,"SynNetRP,xylo,Realworld",1,"(80, 80, 80)","(10, 2, 2)",98,47570.511740331494,47364.31597222222,47582.62857142857,0.7002762430939227,0.65625,0.49642857142857144,0.7002762430939227,0.65625,0.49642857142857144,0.9464081311838553,0.9410411155202822,0.9035568513119534,0.954624291949923,0.9313288828262788,0.9053115889212828,0.9464081311838554,0.941041115520282,0.9035568513119534,0.705748289517746,0.6284566137494307,0.47121166443365026,0.7002762430939227,0.65625,0.49642857142857144,0.705748289517746,0.6284566137494308,0.4712116644336502,0.6574585635359116,0.6071428571428572,0.42448979591836733,0.6593647119078654,0.6251919362490118,0.4313088364988044
399,wrsxyrwu,7,"SynNetRP,xylo,Realworld",1,"(80, 80, 80)","(10, 2, 2)",99,47553.58494475138,47417.930555555555,48048.075,0.6878453038674033,0.7013888888888888,0.5464285714285714,0.6878453038674033,0.7013888888888888,0.5464285714285715,0.9468286551518139,0.9510168650793651,0.9154591836734693,0.9542263885194503,0.954198013117284,0.9270927478134111,0.946828655151814,0.951016865079365,0.9154591836734693,0.6900504113890227,0.6877300554258363,0.5487281842736249,0.6878453038674033,0.7013888888888888,0.5464285714285714,0.6900504113890228,0.6877300554258363,0.5487281842736249,0.6432517758484609,0.6587301587301587,0.4816326530612245,0.6492560689923259,0.6696325307433934,0.484180242903907
400,xf1ky8xd,6,"SynNetRP,xylo,Realworld",1,"(80, 80, 80)","(10, 2, 2)",0,32032.312845303866,33937.768939393936,34057.39473684211,0.143646408839779,0.10227272727272728,0.0756578947368421,0.143646408839779,0.10227272727272727,0.0756578947368421,0.585468566719139,0.6081431195067558,0.5656596260387812,0.5349191261277565,0.5300673127377672,0.5165308419074002,0.585468566719139,0.6081431195067558,0.5656596260387812,0.07955770165777126,0.03990367643350648,0.033796521093370654,0.143646408839779,0.10227272727272728,0.0756578947368421,0.07955770165777126,0.03990367643350647,0.03379652109337066,0.02131018153117603,-0.025974025974025983,-0.0563909774436091,0.02536047922997519,-0.04529237176512781,-0.07642103053087414
401,xf1ky8xd,6,"SynNetRP,xylo,Realworld",1,"(80, 80, 80)","(10, 2, 2)",1,37506.20925414364,42370.55303030303,40811.73026315789,0.1484806629834254,0.10227272727272728,0.16776315789473684,0.1484806629834254,0.10227272727272727,0.16776315789473684,0.6246511531568458,0.6396677817132362,0.6692533142065691,0.5678220265167206,0.6018176898858717,0.6192681539374754,0.6246511531568458,0.6396677817132362,0.6692533142065691,0.07475685841924569,0.04719236281736282,0.10814244446919032,0.1484806629834254,0.10227272727272728,0.16776315789473684,0.07475685841924568,0.047192362817362825,0.1081424444691903,0.026835043409629056,-0.025974025974025983,0.048872180451127845,0.03382250021708103,-0.033747164236836914,0.05674705604213976
402,xf1ky8xd,6,"SynNetRP,xylo,Realworld",1,"(80, 80, 80)","(10, 2, 2)",2,40256.55110497238,40797.882575757576,39589.37828947369,0.1871546961325967,0.17424242424242425,0.13815789473684212,0.1871546961325967,0.17424242424242425,0.1381578947368421,0.6690697126810188,0.6977157943067034,0.680834487534626,0.6182920567573814,0.6376805801521711,0.6141994583498219,0.6690697126810188,0.6977157943067034,0.6808344875346259,0.12557961491315267,0.12128477384382896,0.07887755102040817,0.1871546961325967,0.17424242424242425,0.13815789473684212,0.12557961491315267,0.12128477384382896,0.07887755102040817,0.07103393843725336,0.05627705627705626,0.015037593984962405,0.08137525323001016,0.06154074557616586,0.018422228776613578
403,xf1ky8xd,6,"SynNetRP,xylo,Realworld",1,"(80, 80, 80)","(10, 2, 2)",3,40192.45718232044,40704.10227272727,39051.43092105263,0.20234806629834254,0.22727272727272727,0.24013157894736842,0.20234806629834254,0.2272727272727273,0.24013157894736842,0.7181854404409425,0.7974550701823429,0.7923921646220815,0.6514881043226484,0.7077645365997638,0.7038028356252474,0.7181854404409425,0.7974550701823429,0.7923921646220815,0.14105701735403292,0.14454278163353515,0.16794446084218811,0.20234806629834254,0.22727272727272727,0.24013157894736842,0.14105701735403292,0.14454278163353515,0.16794446084218811,0.08839779005524862,0.11688311688311692,0.13157894736842102,0.09555614870175536,0.13097386020802898,0.14542584084873475
404,xf1ky8xd,6,"SynNetRP,xylo,Realworld",1,"(80, 80, 80)","(10, 2, 2)",4,41151.283839779004,41539.59848484849,39542.38486842105,0.2589779005524862,0.2159090909090909,0.23684210526315788,0.25897790055248615,0.21590909090909088,0.2368421052631579,0.7650028670849922,0.8286763741309195,0.8342031064503364,0.6980995614341095,0.7598519693690149,0.7426040945290859,0.7650028670849922,0.8286763741309197,0.8342031064503364,0.18260885245814454,0.15187113468025043,0.11605277438610771,0.2589779005524862,0.2159090909090909,0.23684210526315788,0.18260885245814457,0.1518711346802504,0.11605277438610771,0.15311760063141278,0.10389610389610393,0.1278195488721805,0.16770311752716682,0.11368280918176486,0.15713232310578062
405,xf1ky8xd,6,"SynNetRP,xylo,Realworld",1,"(80, 80, 80)","(10, 2, 2)",5,40376.0794198895,42234.95075757576,40230.97368421053,0.23964088397790057,0.26136363636363635,0.2631578947368421,0.23964088397790054,0.26136363636363635,0.2631578947368421,0.7492418031893323,0.7831890331890332,0.7701882172536605,0.6919931745934844,0.723296274432638,0.7077523681737238,0.7492418031893323,0.7831890331890332,0.7701882172536605,0.1597787577064867,0.16692425915861353,0.1886724620688363,0.23964088397790057,0.26136363636363635,0.2631578947368421,0.1597787577064867,0.1669242591586135,0.1886724620688363,0.13101815311760068,0.1558441558441559,0.1578947368421053,0.14584710140084065,0.17914050798285844,0.1746297590100074
406,xf1ky8xd,6,"SynNetRP,xylo,Realworld",1,"(80, 80, 80)","(10, 2, 2)",6,41857.37569060773,40761.15909090909,39395.24013157895,0.25,0.24242424242424243,0.2598684210526316,0.25,0.24242424242424243,0.2598684210526316,0.7794530299528621,0.8150908434999344,0.798865997229917,0.7180220888185866,0.7441019365735274,0.719833609517214,0.7794530299528621,0.8150908434999344,0.7988659972299169,0.1593329258431748,0.12229398851739279,0.13587912868603408,0.25,0.24242424242424243,0.2598684210526316,0.1593329258431748,0.12229398851739277,0.13587912868603408,0.1428571428571429,0.1341991341991342,0.15413533834586468,0.16247430168368793,0.17325601938499943,0.19649753227505237
407,xf1ky8xd,6,"SynNetRP,xylo,Realworld",1,"(80, 80, 80)","(10, 2, 2)",7,40728.30455801105,41272.42424242424,40143.92434210526,0.27209944751381215,0.25,0.26973684210526316,0.2720994475138122,0.25,0.26973684210526316,0.8226612544532479,0.8238964318509773,0.8242110209734863,0.7429131627544946,0.754814787485242,0.7373823642164622,0.8226612544532479,0.8238964318509774,0.8242110209734864,0.16860626023011893,0.1505799755799756,0.1560883000693476,0.27209944751381215,0.25,0.26973684210526316,0.16860626023011893,0.15057997557997557,0.1560883000693476,0.1681136543014996,0.1428571428571429,0.16541353383458646,0.19089510706942453,0.16242024091724952,0.19243950570085847
408,xf1ky8xd,6,"SynNetRP,xylo,Realworld",1,"(80, 80, 80)","(10, 2, 2)",8,42530.49171270718,43605.82575757576,41676.30921052631,0.24447513812154695,0.24621212121212122,0.24013157894736842,0.24447513812154695,0.24621212121212122,0.24013157894736842,0.8207911083300266,0.8725895316804408,0.8664795211713494,0.7461529756090647,0.7865597943722943,0.7656056774337159,0.8207911083300266,0.8725895316804408,0.8664795211713494,0.16608537326462666,0.1689088914698671,0.14065999490551456,0.24447513812154695,0.24621212121212122,0.24013157894736842,0.1660853732646267,0.1689088914698671,0.14065999490551453,0.1365430149960537,0.1385281385281385,0.13157894736842102,0.15000558383862395,0.1513840191712509,0.1507581196808199
409,xf1ky8xd,6,"SynNetRP,xylo,Realworld",1,"(80, 80, 80)","(10, 2, 2)",9,42919.16505524862,42972.208333333336,40976.94407894737,0.28314917127071826,0.2765151515151515,0.3157894736842105,0.28314917127071826,0.2765151515151515,0.3157894736842105,0.8550042624723648,0.8826577462941099,0.873410912148793,0.7687543673989543,0.7843758198871836,0.7702144959438069,0.8550042624723648,0.88265774629411,0.873410912148793,0.2104421503913444,0.21283490088906926,0.23671059241163792,0.28314917127071826,0.2765151515151515,0.3157894736842105,0.21044215039134445,0.21283490088906928,0.23671059241163792,0.180741910023678,0.17316017316017318,0.21804511278195493,0.1992488893712977,0.19198679176307443,0.23801144481209782
410,xf1ky8xd,6,"SynNetRP,xylo,Realworld",1,"(80, 80, 80)","(10, 2, 2)",10,42899.70303867403,43061.708333333336,41499.96710526316,0.25828729281767954,0.23863636363636365,0.2730263157894737,0.25828729281767954,0.23863636363636365,0.2730263157894737,0.8538448917920698,0.8669077134986225,0.8661270775623269,0.7663339358209019,0.7741005837596747,0.773460687079541,0.8538448917920699,0.8669077134986226,0.866127077562327,0.1849279563756729,0.1625621276055798,0.21169011082693948,0.25828729281767954,0.23863636363636365,0.2730263157894737,0.1849279563756729,0.1625621276055798,0.21169011082693948,0.1523283346487766,0.1298701298701299,0.16917293233082709,0.16610467648296914,0.14218448612312187,0.19236039523074255
411,xf1ky8xd,6,"SynNetRP,xylo,Realworld",1,"(80, 80, 80)","(10, 2, 2)",11,42503.92955801105,41704.28787878788,41267.02960526316,0.2610497237569061,0.25,0.27960526315789475,0.26104972375690605,0.25,0.27960526315789475,0.866264111944952,0.8822478027023481,0.8877807182429759,0.7760728607512417,0.7885285484717303,0.7860960996240601,0.8662641119449519,0.8822478027023481,0.8877807182429759,0.17704426280609756,0.1704526810594026,0.1833818417478524,0.2610497237569061,0.25,0.27960526315789475,0.17704426280609756,0.1704526810594026,0.18338184174785244,0.1554853985793212,0.1428571428571429,0.17669172932330823,0.16942651341406964,0.15797884632242995,0.19258211684547105
412,xf1ky8xd,6,"SynNetRP,xylo,Realworld",1,"(80, 80, 80)","(10, 2, 2)",12,43270.73756906077,43304.56439393939,41828.10526315789,0.2596685082872928,0.23863636363636365,0.2894736842105263,0.2596685082872928,0.23863636363636365,0.2894736842105263,0.8590119131196937,0.8748360225632953,0.8772692421844084,0.7847228316443333,0.7958521907385544,0.7917514283240997,0.8590119131196937,0.8748360225632954,0.8772692421844083,0.17668210713017077,0.14822478126470714,0.1945525783619818,0.2596685082872928,0.23863636363636365,0.2894736842105263,0.17668210713017077,0.14822478126470714,0.1945525783619818,0.15390686661404895,0.1298701298701299,0.18796992481203012,0.17152138917903073,0.15556889365251944,0.20438276790232707
413,xf1ky8xd,6,"SynNetRP,xylo,Realworld",1,"(80, 80, 80)","(10, 2, 2)",13,43975.99654696132,44294.954545454544,42726.00328947369,0.2617403314917127,0.23484848484848486,0.27631578947368424,0.2617403314917127,0.23484848484848483,0.2763157894736842,0.8652156636593162,0.8781073724255543,0.8955653937475268,0.7875753018615339,0.7926792273383182,0.7986650425405619,0.8652156636593161,0.8781073724255543,0.8955653937475269,0.1779791363099386,0.16437304605666034,0.20105471706034445,0.2617403314917127,0.23484848484848486,0.27631578947368424,0.1779791363099386,0.16437304605666034,0.20105471706034442,0.15627466456195738,0.1255411255411255,0.17293233082706772,0.17028919156460529,0.138257181623997,0.18791404702744074
414,xf1ky8xd,6,"SynNetRP,xylo,Realworld",1,"(80, 80, 80)","(10, 2, 2)",14,44213.66781767956,44552.704545454544,42759.43421052631,0.2548342541436464,0.25757575757575757,0.29605263157894735,0.25483425414364647,0.25757575757575757,0.29605263157894735,0.8711261648214123,0.8700478814115178,0.8711231203007519,0.7907911996297863,0.7987925111504657,0.7937918913237039,0.8711261648214121,0.8700478814115177,0.8711231203007518,0.16600649049167632,0.18511457214464733,0.24493299639688138,0.2548342541436464,0.25757575757575757,0.29605263157894735,0.16600649049167632,0.1851145721446473,0.2449329963968814,0.14838200473559593,0.1515151515151515,0.19548872180451127,0.16447407392631705,0.16898602386462466,0.21238426280706335
415,xf1ky8xd,6,"SynNetRP,xylo,Realworld",1,"(80, 80, 80)","(10, 2, 2)",15,44211.86464088398,43442.98863636364,42702.04934210526,0.27002762430939226,0.2689393939393939,0.26644736842105265,0.2700276243093923,0.2689393939393939,0.2664473684210526,0.8595444496286961,0.8616358389085661,0.865088296398892,0.7949001998238323,0.8079742227469501,0.8085419655223586,0.8595444496286961,0.8616358389085662,0.8650882963988921,0.19029288605111927,0.22054672994204672,0.18192478959089492,0.27002762430939226,0.2689393939393939,0.26644736842105265,0.19029288605111927,0.2205467299420467,0.18192478959089495,0.16574585635359118,0.16450216450216448,0.16165413533834583,0.18214606746239717,0.18006496104951256,0.18651148767157713
416,xf1ky8xd,6,"SynNetRP,xylo,Realworld",1,"(80, 80, 80)","(10, 2, 2)",16,43987.70372928177,43355.003787878784,41836.71052631579,0.2534530386740331,0.23484848484848486,0.2993421052631579,0.2534530386740331,0.23484848484848486,0.29934210526315785,0.8601704661902001,0.8344647776465959,0.8660219628017413,0.8002688300985057,0.805325987144169,0.8114086614562722,0.8601704661902,0.8344647776465959,0.8660219628017414,0.18894958399888284,0.14325915119863497,0.23140759522155774,0.2534530386740331,0.23484848484848486,0.2993421052631579,0.18894958399888284,0.14325915119863497,0.23140759522155777,0.14680347277032357,0.1255411255411255,0.1992481203007519,0.16345713572281126,0.15987367176923656,0.22486006884738466
417,xf1ky8xd,6,"SynNetRP,xylo,Realworld",1,"(80, 80, 80)","(10, 2, 2)",17,43130.12430939227,43711.681818181816,41581.16118421053,0.23756906077348067,0.2159090909090909,0.28618421052631576,0.23756906077348064,0.21590909090909088,0.2861842105263158,0.8495952286473029,0.8397038567493113,0.8569573605065295,0.8033146309636459,0.8175279581529582,0.8117100934903047,0.8495952286473029,0.8397038567493114,0.8569573605065295,0.16679957427691394,0.16026834137910484,0.22050942687131944,0.23756906077348067,0.2159090909090909,0.28618421052631576,0.16679957427691394,0.16026834137910484,0.22050942687131947,0.12865035516969214,0.10389610389610393,0.1842105263157895,0.14657864427575243,0.11746092168471972,0.20885554893389396
418,xf1ky8xd,6,"SynNetRP,xylo,Realworld",1,"(80, 80, 80)","(10, 2, 2)",18,42816.18922651934,43210.96212121212,41498.24671052631,0.2596685082872928,0.23484848484848486,0.3026315789473684,0.2596685082872928,0.23484848484848486,0.30263157894736836,0.8475334892969428,0.864661222615768,0.8705171646220815,0.8011054833818085,0.8109483635051817,0.807099729174911,0.8475334892969427,0.864661222615768,0.8705171646220815,0.1886916995844118,0.1703093571937631,0.23511606603127938,0.2596685082872928,0.23484848484848486,0.3026315789473684,0.18869169958441184,0.17030935719376308,0.23511606603127938,0.15390686661404895,0.1255411255411255,0.20300751879699253,0.17596785908431917,0.1415615564549102,0.22769056935469684
419,xf1ky8xd,6,"SynNetRP,xylo,Realworld",1,"(80, 80, 80)","(10, 2, 2)",19,43005.687154696134,42591.90151515151,41486.26644736842,0.2617403314917127,0.3068181818181818,0.2993421052631579,0.2617403314917127,0.30681818181818177,0.2993421052631579,0.8527244938450336,0.8492555424373607,0.8697504451919271,0.8092640367248515,0.8159507001836547,0.8121035009398496,0.8527244938450333,0.8492555424373607,0.8697504451919272,0.1906620714779293,0.25546219232928985,0.22694679544058427,0.2617403314917127,0.3068181818181818,0.2993421052631579,0.1906620714779293,0.25546219232928985,0.2269467954405843,0.15627466456195738,0.20779220779220775,0.1992481203007519,0.17721480780825422,0.22772804693759877,0.23161999647152626
420,xf1ky8xd,6,"SynNetRP,xylo,Realworld",1,"(80, 80, 80)","(10, 2, 2)",20,42932.60566298343,42863.14015151515,41448.09868421053,0.2513812154696133,0.2803030303030303,0.29605263157894735,0.2513812154696133,0.2803030303030303,0.29605263157894735,0.8477291705730245,0.8550275482093663,0.8661889097744362,0.8075097867891701,0.8142627574445757,0.8088781781757024,0.8477291705730245,0.8550275482093663,0.8661889097744362,0.17392255737339554,0.2034250944435416,0.23552907528412156,0.2513812154696133,0.2803030303030303,0.29605263157894735,0.17392255737339554,0.2034250944435416,0.2355290752841215,0.14443567482241515,0.17748917748917747,0.19548872180451127,0.16828850919553554,0.2048259718544784,0.21606124926097733
421,xf1ky8xd,6,"SynNetRP,xylo,Realworld",1,"(80, 80, 80)","(10, 2, 2)",21,42655.372928176796,43975.742424242424,41906.4375,0.26933701657458564,0.24621212121212122,0.29276315789473684,0.26933701657458564,0.24621212121212122,0.29276315789473684,0.8552424594574559,0.8393513052603963,0.8637650870597546,0.8083551953106263,0.8104912764003673,0.8081068213296398,0.8552424594574559,0.8393513052603961,0.8637650870597547,0.2037224505014123,0.16531716478750375,0.21786320448002022,0.26933701657458564,0.24621212121212122,0.29276315789473684,0.2037224505014123,0.16531716478750377,0.21786320448002022,0.164956590370955,0.1385281385281385,0.19172932330827064,0.18506981640056763,0.1662887468095159,0.21864914091570511
422,xf1ky8xd,6,"SynNetRP,xylo,Realworld",1,"(80, 80, 80)","(10, 2, 2)",22,42701.74447513812,43093.92803030303,41719.45394736842,0.27071823204419887,0.23863636363636365,0.3157894736842105,0.27071823204419887,0.23863636363636365,0.3157894736842105,0.853136296641913,0.8425406664043028,0.8619224871388999,0.8065590088062023,0.8148868965630329,0.8151232315987337,0.853136296641913,0.8425406664043027,0.8619224871388999,0.1945132989654213,0.19594259906759906,0.23557290257795976,0.27071823204419887,0.23863636363636365,0.3157894736842105,0.19451329896542133,0.19594259906759906,0.2355729025779598,0.16653512233622736,0.1298701298701299,0.21804511278195493,0.1912678730433551,0.14208119797915264,0.25802126086140953
423,xf1ky8xd,6,"SynNetRP,xylo,Realworld",1,"(80, 80, 80)","(10, 2, 2)",23,42774.25828729282,42849.454545454544,41315.83223684211,0.255524861878453,0.26136363636363635,0.3190789473684211,0.255524861878453,0.26136363636363635,0.319078947368421,0.8500285618352832,0.8576675849403121,0.8658179165017807,0.8054885191233478,0.8035304342122523,0.7971733404234271,0.8500285618352833,0.8576675849403123,0.8658179165017809,0.1750495227087952,0.19380565634430136,0.24948205810395188,0.255524861878453,0.26136363636363635,0.3190789473684211,0.1750495227087952,0.19380565634430136,0.24948205810395183,0.149171270718232,0.1558441558441559,0.22180451127819545,0.17000584644600747,0.1782926650050937,0.243424218982108
424,xf1ky8xd,6,"SynNetRP,xylo,Realworld",1,"(80, 80, 80)","(10, 2, 2)",24,42630.77693370166,43122.556818181816,41549.57236842105,0.23756906077348067,0.23106060606060605,0.28289473684210525,0.23756906077348067,0.23106060606060605,0.2828947368421052,0.8486203652426448,0.8499934409025318,0.8577055302730511,0.8066768468169906,0.8207911091433819,0.8118901798080728,0.8486203652426448,0.8499934409025318,0.8577055302730511,0.1625564494882526,0.1577015455304929,0.2101419699991156,0.23756906077348067,0.23106060606060605,0.28289473684210525,0.1625564494882526,0.15770154553049293,0.2101419699991156,0.12865035516969214,0.12121212121212122,0.18045112781954886,0.1491597396608137,0.14054877233732546,0.20591330886050774
425,xf1ky8xd,6,"SynNetRP,xylo,Realworld",1,"(80, 80, 80)","(10, 2, 2)",25,42625.78867403315,43285.69696969697,41595.31907894737,0.26243093922651933,0.24621212121212122,0.2730263157894737,0.26243093922651933,0.24621212121212122,0.2730263157894737,0.8563328783789087,0.8489685819231274,0.8664918876137713,0.8110267352950153,0.816478502558048,0.8143928385931936,0.8563328783789087,0.8489685819231273,0.8664918876137713,0.19965232463366783,0.1566022923535877,0.16918007325676723,0.26243093922651933,0.24621212121212122,0.2730263157894737,0.19965232463366786,0.1566022923535877,0.16918007325676723,0.15706393054459356,0.1385281385281385,0.16917293233082709,0.1762843603674138,0.17556465660401566,0.20516261243845665
426,xf1ky8xd,6,"SynNetRP,xylo,Realworld",1,"(80, 80, 80)","(10, 2, 2)",26,42799.89848066298,43009.42424242424,41757.11513157895,0.25828729281767954,0.2878787878787879,0.26973684210526316,0.2582872928176796,0.28787878787878785,0.26973684210526316,0.8577214523366198,0.859889479207661,0.8677718144044322,0.8124123794843172,0.8235613029647121,0.8164997712208151,0.8577214523366198,0.859889479207661,0.8677718144044322,0.18980080678248012,0.23632313921976428,0.20236957021873223,0.25828729281767954,0.2878787878787879,0.26973684210526316,0.18980080678248015,0.2363231392197643,0.20236957021873223,0.1523283346487766,0.18614718614718617,0.16541353383458646,0.1724453701060589,0.20126611359737456,0.19008386011015846
427,xf1ky8xd,6,"SynNetRP,xylo,Realworld",1,"(80, 80, 80)","(10, 2, 2)",27,42850.16367403315,43833.420454545456,41620.58881578947,0.2755524861878453,0.20833333333333334,0.29605263157894735,0.2755524861878453,0.20833333333333331,0.29605263157894735,0.8551495244781468,0.8366456775547684,0.8565987336762959,0.8097779385440876,0.8171241637150728,0.8155460093490305,0.855149524478147,0.8366456775547685,0.856598733676296,0.20324178114979055,0.13977803367446479,0.19314345142772996,0.2755524861878453,0.20833333333333334,0.29605263157894735,0.20324178114979058,0.13977803367446479,0.19314345142772998,0.17205998421468038,0.09523809523809523,0.19548872180451127,0.19307337715316786,0.11108455022015558,0.24307492976599002
428,xf1ky8xd,6,"SynNetRP,xylo,Realworld",1,"(80, 80, 80)","(10, 2, 2)",28,42528.25138121547,43237.55303030303,41594.75657894737,0.26726519337016574,0.2537878787878788,0.3026315789473684,0.26726519337016574,0.2537878787878788,0.30263157894736836,0.8535949757333414,0.8494523153614062,0.8679758607043926,0.811286564872431,0.809910181359045,0.8098767684012664,0.8535949757333413,0.8494523153614063,0.8679758607043927,0.1868430322951551,0.17515337497670525,0.22469345857134077,0.26726519337016574,0.2537878787878788,0.3026315789473684,0.1868430322951551,0.17515337497670525,0.22469345857134074,0.16258879242304658,0.1471861471861472,0.20300751879699253,0.18768585818065744,0.1739893108976838,0.23772462414183154
429,xf1ky8xd,6,"SynNetRP,xylo,Realworld",1,"(80, 80, 80)","(10, 2, 2)",29,42980.33770718232,43734.56060606061,41992.96710526316,0.26243093922651933,0.26515151515151514,0.29276315789473684,0.26243093922651933,0.26515151515151514,0.29276315789473684,0.8573453518338443,0.8544044339498884,0.8649089829837753,0.8116580663201455,0.8197334546766365,0.8126885882469331,0.8573453518338442,0.8544044339498885,0.864908982983775,0.19610669182377502,0.215336494087842,0.2378287925940944,0.26243093922651933,0.26515151515151514,0.29276315789473684,0.196106691823775,0.21533649408784197,0.2378287925940944,0.15706393054459356,0.1601731601731602,0.19172932330827064,0.17914322150080522,0.17994642495118893,0.21483065015000505
430,xf1ky8xd,6,"SynNetRP,xylo,Realworld",1,"(80, 80, 80)","(10, 2, 2)",30,43086.20994475138,43228.32575757576,42161.5625,0.2617403314917127,0.25757575757575757,0.2730263157894737,0.2617403314917127,0.25757575757575757,0.2730263157894737,0.850039735835728,0.8419749442476715,0.8648409675504551,0.810340283743301,0.8143980388298571,0.815747736941037,0.8500397358357281,0.8419749442476715,0.8648409675504553,0.191956037758165,0.21331935523148504,0.16679798255064882,0.2617403314917127,0.25757575757575757,0.2730263157894737,0.19195603775816497,0.21331935523148501,0.16679798255064884,0.15627466456195738,0.1515151515151515,0.16917293233082709,0.17818905997302514,0.17096425889504852,0.21151717800756734
431,xf1ky8xd,6,"SynNetRP,xylo,Realworld",1,"(80, 80, 80)","(10, 2, 2)",31,42760.66160220995,43382.82196969697,41904.82894736842,0.2596685082872928,0.25,0.2894736842105263,0.2596685082872928,0.25,0.2894736842105263,0.8588083282823218,0.8386871966417421,0.868575633161852,0.813419504408552,0.8158779351961171,0.8191106363771271,0.8588083282823219,0.8386871966417421,0.868575633161852,0.19436775812385443,0.19170527694312423,0.23266119612753733,0.2596685082872928,0.25,0.2894736842105263,0.19436775812385443,0.19170527694312423,0.23266119612753733,0.15390686661404895,0.1428571428571429,0.18796992481203012,0.1739276784118023,0.1613330305852143,0.21266874316496048
432,xf1ky8xd,6,"SynNetRP,xylo,Realworld",1,"(80, 80, 80)","(10, 2, 2)",32,43024.26243093923,43392.068181818184,41933.28947368421,0.2534530386740331,0.25757575757575757,0.29276315789473684,0.2534530386740332,0.25757575757575757,0.29276315789473684,0.859640927583756,0.8483782631509904,0.8654469232291254,0.8176171130634422,0.8163688426472517,0.8146880874060151,0.8596409275837558,0.8483782631509904,0.8654469232291255,0.18362762125761953,0.1861169757686151,0.20931218561639678,0.2534530386740331,0.25757575757575757,0.29276315789473684,0.1836276212576195,0.1861169757686151,0.20931218561639678,0.14680347277032357,0.1515151515151515,0.19172932330827064,0.16869181856942228,0.17775545785880015,0.2300988637841702
433,xf1ky8xd,6,"SynNetRP,xylo,Realworld",1,"(80, 80, 80)","(10, 2, 2)",33,43166.16712707182,43441.77272727273,41803.93421052631,0.27279005524861877,0.29924242424242425,0.29605263157894735,0.27279005524861877,0.2992424242424242,0.2960526315789474,0.8550813903290932,0.8498376623376623,0.8667577661258409,0.8105408706781146,0.8168249048930867,0.8179358243470518,0.8550813903290934,0.8498376623376623,0.866757766125841,0.20564361622723584,0.24872965152739332,0.2268297255161662,0.27279005524861877,0.29924242424242425,0.29605263157894735,0.20564361622723584,0.24872965152739335,0.22682972551616618,0.16890292028413578,0.19913419913419916,0.19548872180451127,0.19284815008224868,0.21668302674470688,0.22859848324733223
434,xf1ky8xd,6,"SynNetRP,xylo,Realworld",1,"(80, 80, 80)","(10, 2, 2)",34,42743.48549723757,42638.746212121216,41528.64473684211,0.26933701657458564,0.2765151515151515,0.3256578947368421,0.26933701657458564,0.2765151515151515,0.3256578947368421,0.8607051829919722,0.8471320346320346,0.8608527898694104,0.816127189559014,0.8140157664305392,0.8152337566778789,0.8607051829919723,0.8471320346320346,0.8608527898694104,0.20172714949416531,0.23308953330280802,0.25009127479336263,0.26933701657458564,0.2765151515151515,0.3256578947368421,0.20172714949416531,0.23308953330280804,0.25009127479336263,0.164956590370955,0.17316017316017318,0.2293233082706767,0.18666704842547968,0.18624151763318308,0.27203220654272314
435,xf1ky8xd,6,"SynNetRP,xylo,Realworld",1,"(80, 80, 80)","(10, 2, 2)",35,42524.15262430939,43944.04924242424,41826.42105263158,0.26450276243093923,0.22727272727272727,0.2993421052631579,0.26450276243093923,0.22727272727272724,0.2993421052631579,0.8589274267748673,0.837777121868031,0.8637774535021765,0.8154920430215369,0.8151185146923784,0.8177681044717056,0.8589274267748673,0.837777121868031,0.8637774535021766,0.21188812161837828,0.16990148107102943,0.20993470603043854,0.26450276243093923,0.22727272727272727,0.2993421052631579,0.2118881216183783,0.16990148107102943,0.20993470603043854,0.15943172849250198,0.11688311688311692,0.1992481203007519,0.17582259503126602,0.1336678707092205,0.24247089420691545
436,xf1ky8xd,6,"SynNetRP,xylo,Realworld",1,"(80, 80, 80)","(10, 2, 2)",36,42793.410220994476,43436.58712121212,41656.09868421053,0.2803867403314917,0.24621212121212122,0.3223684210526316,0.2803867403314917,0.2462121212121212,0.3223684210526316,0.8561404675419815,0.8440328610783157,0.8629983676296002,0.8137326830246764,0.8122099649088286,0.8068485358132172,0.8561404675419816,0.8440328610783155,0.8629983676296004,0.2203459454798513,0.2035606200542902,0.2426890756302521,0.2803867403314917,0.24621212121212122,0.3223684210526316,0.22034594547985129,0.2035606200542902,0.2426890756302521,0.1775848460931334,0.1385281385281385,0.22556390977443608,0.20404080360743385,0.153775527299489,0.26857468772372356
437,xf1ky8xd,6,"SynNetRP,xylo,Realworld",1,"(80, 80, 80)","(10, 2, 2)",37,43283.90331491713,43816.867424242424,41688.02631578947,0.26588397790055246,0.24621212121212122,0.3157894736842105,0.2658839779005525,0.24621212121212122,0.3157894736842105,0.8584930034405021,0.847943722943723,0.8763293925603483,0.815699000499287,0.8259789452971271,0.8210413472002374,0.8584930034405022,0.847943722943723,0.8763293925603484,0.19616725930347553,0.1535397011724128,0.24742951104177913,0.26588397790055246,0.24621212121212122,0.3157894736842105,0.19616725930347553,0.1535397011724128,0.24742951104177915,0.16101026045777422,0.1385281385281385,0.21804511278195493,0.18219128355572864,0.16887836852422997,0.25241021089887
438,xf1ky8xd,6,"SynNetRP,xylo,Realworld",1,"(80, 80, 80)","(10, 2, 2)",38,43103.34046961326,43378.22348484849,41724.57894736842,0.2969613259668508,0.25757575757575757,0.29276315789473684,0.2969613259668509,0.25757575757575757,0.29276315789473684,0.8604547218600513,0.84192575101666,0.8700657894736843,0.8158378919621326,0.8163421963137872,0.8171629216956867,0.8604547218600513,0.84192575101666,0.8700657894736842,0.24593442799376658,0.19397801418419974,0.2002771747439508,0.2969613259668508,0.25757575757575757,0.29276315789473684,0.24593442799376658,0.19397801418419974,0.20027717474395076,0.1965272296764009,0.1515151515151515,0.19172932330827064,0.2203099255835882,0.17855516153167073,0.23670480993872697
439,xf1ky8xd,6,"SynNetRP,xylo,Realworld",1,"(80, 80, 80)","(10, 2, 2)",39,42891.08632596685,42883.59090909091,41617.14802631579,0.2921270718232044,0.24242424242424243,0.28618421052631576,0.2921270718232044,0.24242424242424243,0.2861842105263158,0.8635076768108422,0.8465007215007215,0.8647853185595569,0.817690561676122,0.8148059327036599,0.8160939973288485,0.8635076768108422,0.8465007215007215,0.8647853185595568,0.230173952166632,0.19700704793682977,0.20660452019361797,0.2921270718232044,0.24242424242424243,0.28618421052631576,0.230173952166632,0.1970070479368298,0.20660452019361794,0.19100236779794788,0.1341991341991342,0.1842105263157895,0.21300264893367485,0.15204895340371397,0.22137524929436644
440,xf1ky8xd,6,"SynNetRP,xylo,Realworld",1,"(80, 80, 80)","(10, 2, 2)",40,42704.45787292818,43330.92803030303,41332.42763157895,0.39088397790055246,0.4810606060606061,0.5098684210526315,0.3908839779005525,0.4810606060606061,0.5098684210526316,0.8571254148006995,0.8369818313000131,0.8732686980609418,0.828337578545047,0.8289008182474091,0.8341003103977047,0.8571254148006994,0.8369818313000131,0.873268698060942,0.3393169756290402,0.4433682900431182,0.4602120696238868,0.39088397790055246,0.4810606060606061,0.5098684210526315,0.3393169756290401,0.4433682900431182,0.4602120696238867,0.30386740331491713,0.4069264069264069,0.4398496240601504,0.3193398096321269,0.42209373518495547,0.46045687919927203
441,xf1ky8xd,6,"SynNetRP,xylo,Realworld",1,"(80, 80, 80)","(10, 2, 2)",41,42596.822513812156,43803.88636363636,41763.13486842105,0.5145027624309392,0.5454545454545454,0.5460526315789473,0.5145027624309393,0.5454545454545454,0.5460526315789473,0.8586914100825459,0.8613242817788272,0.8682788385437277,0.8393077897500076,0.8488824937688574,0.8453058530371982,0.8586914100825459,0.8613242817788271,0.8682788385437276,0.47667473933803084,0.4985584817481369,0.48136236692674583,0.5145027624309392,0.5454545454545454,0.5460526315789473,0.47667473933803084,0.4985584817481369,0.4813623669267459,0.4451460142067877,0.48051948051948057,0.48120300751879697,0.4598887688484633,0.4968893076219454,0.5155875656952866
442,xf1ky8xd,6,"SynNetRP,xylo,Realworld",1,"(80, 80, 80)","(10, 2, 2)",42,42695.275552486186,43574.02272727273,41680.18421052631,0.5407458563535912,0.49242424242424243,0.5164473684210527,0.5407458563535912,0.49242424242424243,0.5164473684210527,0.8583518294836632,0.8529778302505575,0.8504464285714286,0.8377019359909649,0.8397038567493114,0.8347912853680253,0.8583518294836632,0.8529778302505575,0.8504464285714285,0.5001449441937507,0.44288155422862474,0.4613005814393949,0.5407458563535912,0.49242424242424243,0.5164473684210527,0.5001449441937508,0.44288155422862474,0.46130058143939484,0.47513812154696133,0.4199134199134199,0.4473684210526315,0.489475422776994,0.4432968684948911,0.47701808900803233
443,xf1ky8xd,6,"SynNetRP,xylo,Realworld",1,"(80, 80, 80)","(10, 2, 2)",43,43247.66367403315,43344.86363636364,41334.96710526316,0.524171270718232,0.5037878787878788,0.5493421052631579,0.524171270718232,0.5037878787878788,0.5493421052631579,0.8570144924060403,0.8624393283484193,0.8714879303521963,0.8383314273940704,0.8454153958415321,0.8441179016620499,0.8570144924060403,0.8624393283484193,0.8714879303521962,0.4860468469163119,0.4424157085633379,0.4796125750619006,0.524171270718232,0.5037878787878788,0.5493421052631579,0.48604684691631195,0.4424157085633379,0.47961257506190064,0.4561957379636937,0.4329004329004329,0.4849624060150376,0.4691563850776817,0.4538497410188601,0.5177227411881021
444,xf1ky8xd,6,"SynNetRP,xylo,Realworld",1,"(80, 80, 80)","(10, 2, 2)",44,42538.98964088398,42519.35984848485,41455.75986842105,0.5172651933701657,0.5,0.5526315789473685,0.5172651933701657,0.5,0.5526315789473684,0.8576625844318375,0.857454414272596,0.8699915908191531,0.8372478900216721,0.8434855863833137,0.844297987979818,0.8576625844318375,0.8574544142725962,0.8699915908191531,0.4739393390800564,0.4566782557983198,0.48567572999508146,0.5172651933701657,0.5,0.5526315789473685,0.4739393390800564,0.4566782557983197,0.48567572999508135,0.4483030781373323,0.4285714285714286,0.4887218045112782,0.4622278651539518,0.44429476353156916,0.5225985492684408
445,xf1ky8xd,6,"SynNetRP,xylo,Realworld",1,"(80, 80, 80)","(10, 2, 2)",45,42301.70372928177,43075.03787878788,41341.55592105263,0.5310773480662984,0.5075757575757576,0.5328947368421053,0.5310773480662982,0.5075757575757576,0.5328947368421052,0.8590547013652993,0.8572904368358913,0.8734294618124259,0.8405165917554409,0.8413169847828939,0.8429369064107637,0.8590547013652993,0.8572904368358913,0.8734294618124259,0.4936469467139611,0.4277987087840741,0.4736282567162052,0.5310773480662984,0.5075757575757576,0.5328947368421053,0.49364694671396103,0.42779870878407406,0.4736282567162052,0.4640883977900553,0.4372294372294372,0.46616541353383456,0.47771963077951896,0.47344067862850797,0.4893203720312349
446,xf1ky8xd,6,"SynNetRP,xylo,Realworld",1,"(80, 80, 80)","(10, 2, 2)",46,42460.17610497238,43245.621212121216,41541.62171052631,0.5303867403314917,0.5037878787878788,0.5328947368421053,0.5303867403314917,0.5037878787878788,0.5328947368421053,0.864225265668674,0.8642348812803358,0.8716239612188366,0.8425368374090273,0.8429854552013643,0.8414738016917293,0.8642252656686741,0.8642348812803359,0.8716239612188367,0.47974922222273353,0.46164138148433276,0.47397644278029116,0.5303867403314917,0.5037878787878788,0.5328947368421053,0.4797492222227336,0.46164138148433276,0.47397644278029116,0.4632991318074191,0.4329004329004329,0.46616541353383456,0.48304802358622534,0.44825362982655836,0.48803203799345307
447,xf1ky8xd,6,"SynNetRP,xylo,Realworld",1,"(80, 80, 80)","(10, 2, 2)",47,42860.63397790055,43625.969696969696,41743.57894736842,0.537292817679558,0.5378787878787878,0.5625,0.537292817679558,0.5378787878787878,0.5625,0.8634856013465488,0.8536501377410468,0.8655087554412346,0.8390330387939491,0.8472068493375312,0.8447138096062524,0.8634856013465487,0.8536501377410469,0.8655087554412346,0.4966252723916842,0.5024496349617635,0.5238236389976081,0.537292817679558,0.5378787878787878,0.5625,0.49662527239168414,0.5024496349617635,0.5238236389976081,0.47119179163378055,0.47186147186147187,0.5,0.48899662791552745,0.4820390603787329,0.51896437784522
448,xf1ky8xd,6,"SynNetRP,xylo,Realworld",1,"(80, 80, 80)","(10, 2, 2)",48,42628.70027624309,42560.72727272727,40981.39473684211,0.5151933701657458,0.5189393939393939,0.5460526315789473,0.5151933701657458,0.5189393939393939,0.5460526315789473,0.8610368600295648,0.8589220123311032,0.8642782944202612,0.8391978553005097,0.8416849091565002,0.8382654827859122,0.8610368600295649,0.8589220123311032,0.8642782944202613,0.4718844326812279,0.47668940954158184,0.49953642573886947,0.5151933701657458,0.5189393939393939,0.5460526315789473,0.4718844326812279,0.47668940954158184,0.49953642573886947,0.44593528018942385,0.4502164502164502,0.48120300751879697,0.4629948137247821,0.46717044325454976,0.50291686778157
449,xf1ky8xd,6,"SynNetRP,xylo,Realworld",1,"(80, 80, 80)","(10, 2, 2)",49,42126.49930939227,42661.121212121216,40909.38815789474,0.5193370165745856,0.49242424242424243,0.5361842105263158,0.5193370165745856,0.49242424242424243,0.5361842105263157,0.8608278244602685,0.844983930211203,0.8729100712307084,0.8394370061636875,0.8361547701036337,0.8437956012564305,0.8608278244602684,0.8449839302112029,0.8729100712307085,0.4814728707441096,0.410074813246455,0.46520644066226113,0.5193370165745856,0.49242424242424243,0.5361842105263158,0.4814728707441096,0.41007481324645506,0.46520644066226113,0.4506708760852407,0.4199134199134199,0.4699248120300752,0.46449832542336983,0.4504495548233342,0.506875251308812
450,xf1ky8xd,6,"SynNetRP,xylo,Realworld",1,"(80, 80, 80)","(10, 2, 2)",50,42514.863950276245,43038.132575757576,41494.84539473684,0.5303867403314917,0.48863636363636365,0.5822368421052632,0.5303867403314917,0.48863636363636365,0.5822368421052632,0.8615127089265546,0.8479601206873935,0.8724772457459438,0.8385428135915092,0.8406446772924046,0.8449132184903047,0.8615127089265546,0.8479601206873935,0.8724772457459439,0.49585724653181407,0.41968585597860825,0.5294253168266061,0.5303867403314917,0.48863636363636365,0.5822368421052632,0.49585724653181407,0.41968585597860825,0.5294253168266061,0.4632991318074191,0.4155844155844156,0.5225563909774436,0.4781343234272728,0.43871076322856944,0.5555435307495419
451,xf1ky8xd,6,"SynNetRP,xylo,Realworld",1,"(80, 80, 80)","(10, 2, 2)",51,42663.20925414364,43349.768939393936,41331.90789473684,0.5435082872928176,0.5075757575757576,0.569078947368421,0.5435082872928176,0.5075757575757576,0.569078947368421,0.8633027292904891,0.8610373212645941,0.8721990007914522,0.8412117985453087,0.8436393152302243,0.8467241294024536,0.8633027292904891,0.861037321264594,0.8721990007914523,0.4988726755215508,0.4346149789630913,0.51971334956298,0.5435082872928176,0.5075757575757576,0.569078947368421,0.49887267552155073,0.43461497896309137,0.5197133495629801,0.47829518547750594,0.4372294372294372,0.5075187969924813,0.49573616372862767,0.4724968456361086,0.5311020973734237
452,xf1ky8xd,6,"SynNetRP,xylo,Realworld",1,"(80, 80, 80)","(10, 2, 2)",52,42761.46201657459,43730.06439393939,41649.69736842105,0.5531767955801105,0.5037878787878788,0.5526315789473685,0.5531767955801106,0.5037878787878788,0.5526315789473684,0.869845515355802,0.8610455201364292,0.873893203403245,0.8441440197839766,0.8475255804801259,0.8462928497229917,0.8698455153558019,0.8610455201364293,0.873893203403245,0.5211354096317276,0.4673523052679063,0.4925403533149991,0.5531767955801105,0.5037878787878788,0.5526315789473685,0.5211354096317274,0.4673523052679063,0.49254035331499924,0.489344909234412,0.4329004329004329,0.4887218045112782,0.5055791327974473,0.44749112605927527,0.52192002197712
453,xf1ky8xd,6,"SynNetRP,xylo,Realworld",1,"(80, 80, 80)","(10, 2, 2)",53,42806.63328729282,43092.443181818184,41252.35526315789,0.5359116022099447,0.4810606060606061,0.5427631578947368,0.5359116022099447,0.4810606060606061,0.5427631578947367,0.8628549516629094,0.8601272464908829,0.8720011377127028,0.8408416938476498,0.8376848845598845,0.842967049614167,0.8628549516629093,0.8601272464908829,0.8720011377127027,0.5007918184322242,0.41702668669741105,0.4946015350657576,0.5359116022099447,0.4810606060606061,0.5427631578947368,0.5007918184322242,0.41702668669741105,0.49460153506575755,0.4696132596685083,0.4069264069264069,0.47744360902255634,0.4845167631856568,0.4306504298529377,0.5043714898165418
454,xf1ky8xd,6,"SynNetRP,xylo,Realworld",1,"(80, 80, 80)","(10, 2, 2)",54,42780.908839779004,43247.443181818184,41508.94407894737,0.5607734806629834,0.5340909090909091,0.5526315789473685,0.5607734806629834,0.5340909090909092,0.5526315789473684,0.8659624139329429,0.8353584546766366,0.8680747922437673,0.8444943315113353,0.8320266381345927,0.8450863486842105,0.865962413932943,0.8353584546766365,0.8680747922437672,0.5251701576213315,0.4946265531436946,0.5081424452023304,0.5607734806629834,0.5340909090909091,0.5526315789473685,0.5251701576213315,0.4946265531436946,0.5081424452023305,0.4980268350434096,0.4675324675324676,0.4887218045112782,0.5120413290298783,0.47778841617604345,0.5095718165660401
455,xf1ky8xd,6,"SynNetRP,xylo,Realworld",1,"(80, 80, 80)","(10, 2, 2)",55,42390.10773480663,42655.60227272727,41154.08881578947,0.5379834254143646,0.4696969696969697,0.5361842105263158,0.5379834254143646,0.4696969696969697,0.5361842105263158,0.870727443781151,0.8670306965761512,0.8726689256034824,0.8434196515783139,0.8464730503082776,0.8457000333893945,0.8707274437811509,0.8670306965761511,0.8726689256034823,0.5006316149315257,0.40737899080417705,0.4895699337877555,0.5379834254143646,0.4696969696969697,0.5361842105263158,0.5006316149315257,0.40737899080417705,0.4895699337877555,0.47198105761641673,0.3939393939393939,0.4699248120300752,0.4898436118647245,0.4205286057383771,0.49588145200947337
456,xf1ky8xd,6,"SynNetRP,xylo,Realworld",1,"(80, 80, 80)","(10, 2, 2)",56,42545.86947513812,42697.96212121212,41015.77631578947,0.5407458563535912,0.5265151515151515,0.5526315789473685,0.5407458563535912,0.5265151515151515,0.5526315789473685,0.8656688920188202,0.8617178276269186,0.8721928175702414,0.8435327542657427,0.8387415141676506,0.8419669135833003,0.8656688920188204,0.8617178276269185,0.8721928175702415,0.5066885136996497,0.47732638168994473,0.48463905332346113,0.5407458563535912,0.5265151515151515,0.5526315789473685,0.5066885136996496,0.47732638168994473,0.4846390533234611,0.47513812154696133,0.4588744588744589,0.4887218045112782,0.4918721734339215,0.4810807254799917,0.5240827855695538
457,xf1ky8xd,6,"SynNetRP,xylo,Realworld",1,"(80, 80, 80)","(10, 2, 2)",57,42149.79005524862,41830.981060606064,40997.46381578947,0.5290055248618785,0.5113636363636364,0.5526315789473685,0.5290055248618785,0.5113636363636364,0.5526315789473684,0.8696822659346697,0.8534287682014954,0.8733738128215274,0.8447870698827438,0.8419257510166602,0.8464837566778789,0.8696822659346697,0.8534287682014954,0.8733738128215274,0.4755668167145153,0.44532475445413167,0.5032303850520314,0.5290055248618785,0.5113636363636364,0.5526315789473685,0.4755668167145153,0.4453247544541316,0.5032303850520314,0.46172059984214675,0.4415584415584416,0.4887218045112782,0.48400985629618026,0.4686634508078623,0.5172933600249864
458,xf1ky8xd,6,"SynNetRP,xylo,Realworld",1,"(80, 80, 80)","(10, 2, 2)",58,42404.10290055248,42904.55303030303,41102.50328947369,0.5324585635359116,0.4696969696969697,0.5263157894736842,0.5324585635359116,0.4696969696969697,0.5263157894736842,0.8651039236548683,0.8711793257247802,0.8687054808072814,0.8452647243346837,0.8418160911058639,0.8407379983676297,0.8651039236548683,0.8711793257247802,0.8687054808072814,0.4908347779951747,0.42730351644960796,0.49307702430215117,0.5324585635359116,0.4696969696969697,0.5263157894736842,0.4908347779951748,0.42730351644960796,0.4930770243021512,0.46566692975532753,0.3939393939393939,0.4586466165413534,0.48275258698169143,0.41955758758825856,0.482679308190175
459,xf1ky8xd,6,"SynNetRP,xylo,Realworld",1,"(80, 80, 80)","(10, 2, 2)",59,42321.11878453039,42738.431818181816,40756.72368421053,0.5345303867403315,0.5340909090909091,0.5592105263157895,0.5345303867403315,0.5340909090909091,0.5592105263157894,0.8660240072036873,0.8648006034369671,0.8759151167392164,0.8421126682640946,0.8497126295421751,0.8451489537989711,0.8660240072036872,0.8648006034369671,0.8759151167392166,0.49968455849239996,0.4781870755701383,0.49061535133569034,0.5345303867403315,0.5340909090909091,0.5592105263157895,0.49968455849239996,0.4781870755701383,0.4906153513356903,0.46803472770323595,0.4675324675324676,0.49624060150375937,0.48395438207866764,0.486748281372691,0.5340705663906951
460,xf1ky8xd,6,"SynNetRP,xylo,Realworld",1,"(80, 80, 80)","(10, 2, 2)",60,42101.9544198895,42724.17424242424,40630.64144736842,0.5531767955801105,0.5454545454545454,0.5986842105263158,0.5531767955801105,0.5454545454545454,0.5986842105263158,0.8638336305799142,0.858323494687131,0.8735964087851207,0.8432706421943339,0.8447963810179719,0.8464319722002375,0.8638336305799141,0.858323494687131,0.8735964087851206,0.5180748674071235,0.512376635352259,0.5631174573203559,0.5531767955801105,0.5454545454545454,0.5986842105263158,0.5180748674071235,0.5123766353522591,0.5631174573203559,0.489344909234412,0.48051948051948057,0.5413533834586466,0.5047369859527094,0.49245378166837017,0.5595799761131907
461,xf1ky8xd,6,"SynNetRP,xylo,Realworld",1,"(80, 80, 80)","(10, 2, 2)",61,42181.77693370166,42738.27651515151,41310.67105263158,0.5414364640883977,0.48484848484848486,0.5394736842105263,0.5414364640883977,0.4848484848484848,0.5394736842105263,0.8675605685331427,0.8522071362980453,0.8661270775623269,0.8436859538998897,0.8409736570247934,0.8424484319351009,0.8675605685331426,0.8522071362980453,0.866127077562327,0.49772190094914376,0.43420813212103176,0.49713145381750035,0.5414364640883977,0.48484848484848486,0.5394736842105263,0.49772190094914376,0.4342081321210317,0.49713145381750035,0.4759273875295975,0.4112554112554112,0.4736842105263158,0.4934533964615419,0.42898244364076293,0.49628034891645517
462,xf1ky8xd,6,"SynNetRP,xylo,Realworld",1,"(80, 80, 80)","(10, 2, 2)",62,41611.585635359115,42427.844696969696,40395.36184210526,0.5386740331491713,0.4962121212121212,0.5296052631578947,0.5386740331491713,0.4962121212121212,0.5296052631578947,0.866665013277983,0.8505181686999869,0.8702574693312228,0.8430438576792092,0.8419800685425686,0.8434547511871784,0.866665013277983,0.8505181686999869,0.8702574693312226,0.5019259569109255,0.43632569212747374,0.470081270149989,0.5386740331491713,0.4962121212121212,0.5296052631578947,0.5019259569109255,0.43632569212747374,0.47008127014998907,0.4727703235990529,0.4242424242424242,0.46240601503759393,0.48955197435531833,0.4434718299184235,0.48497791900506665
463,xf1ky8xd,6,"SynNetRP,xylo,Realworld",1,"(80, 80, 80)","(10, 2, 2)",63,41692.72306629834,42138.77272727273,40313.39144736842,0.550414364640884,0.49242424242424243,0.5296052631578947,0.5504143646408839,0.49242424242424243,0.5296052631578947,0.8623027925189795,0.8625459136822773,0.8674070043529878,0.8415697412973615,0.8449839302112029,0.8405393623862286,0.8623027925189796,0.8625459136822774,0.8674070043529879,0.5150006267384277,0.4208902659206919,0.4633326112464289,0.550414364640884,0.49242424242424243,0.5296052631578947,0.5150006267384277,0.42089026592069184,0.4633326112464289,0.4861878453038674,0.4199134199134199,0.46240601503759393,0.5040583210471073,0.4501693267785829,0.5041100033468665
464,xf1ky8xd,6,"SynNetRP,xylo,Realworld",1,"(80, 80, 80)","(10, 2, 2)",64,41767.312154696134,42700.89772727273,40966.55592105263,0.5593922651933702,0.553030303030303,0.5493421052631579,0.5593922651933702,0.553030303030303,0.549342105263158,0.8690180942496958,0.8367030696576152,0.8743631282152751,0.8466910446109703,0.835841163255936,0.8472906670459042,0.8690180942496958,0.8367030696576151,0.874363128215275,0.5170087136514283,0.49165679220633796,0.48873074068386574,0.5593922651933702,0.553030303030303,0.5493421052631579,0.5170087136514283,0.49165679220633796,0.48873074068386574,0.49644830307813737,0.48917748917748916,0.4849624060150376,0.5145488223020377,0.5076524361789709,0.5119894232403123
465,xf1ky8xd,6,"SynNetRP,xylo,Realworld",1,"(80, 80, 80)","(10, 2, 2)",65,42042.613950276245,43273.70075757576,41278.01644736842,0.5476519337016574,0.48484848484848486,0.5427631578947368,0.5476519337016574,0.48484848484848486,0.542763157894737,0.8731554723168227,0.8413190345008528,0.8760882469331223,0.8493843193889075,0.8344258330053784,0.844649658686189,0.8731554723168227,0.8413190345008527,0.8760882469331224,0.5000986885861669,0.4189112758650001,0.49598747835106927,0.5476519337016574,0.48484848484848486,0.5427631578947368,0.5000986885861669,0.4189112758650001,0.4959874783510692,0.4830307813733228,0.4112554112554112,0.47744360902255634,0.501669511402372,0.43364983034997306,0.5036837907081068
466,xf1ky8xd,6,"SynNetRP,xylo,Realworld",1,"(80, 80, 80)","(10, 2, 2)",66,42303.7976519337,42786.82196969697,41001.95723684211,0.555939226519337,0.553030303030303,0.5592105263157895,0.555939226519337,0.553030303030303,0.5592105263157894,0.8676428745851994,0.8462957497048407,0.8757048872180451,0.8474648782088459,0.840582160894661,0.846879482835378,0.8676428745851993,0.8462957497048406,0.8757048872180452,0.5160487310635309,0.5022778706463501,0.5132806921393853,0.555939226519337,0.553030303030303,0.5592105263157895,0.5160487310635309,0.5022778706463501,0.5132806921393853,0.4925019731649566,0.48917748917748916,0.49624060150375937,0.5077040223659539,0.5195800459735465,0.520280126103293
467,xf1ky8xd,6,"SynNetRP,xylo,Realworld",1,"(80, 80, 80)","(10, 2, 2)",67,41893.673342541435,42585.08712121212,41060.12171052631,0.5524861878453039,0.553030303030303,0.5953947368421053,0.5524861878453039,0.553030303030303,0.5953947368421053,0.8709939845722483,0.8666781450872361,0.877225959635932,0.8494252680124886,0.8542250836284928,0.8487019872872972,0.8709939845722484,0.8666781450872361,0.8772259596359319,0.507857805294189,0.510963862919535,0.5617289871255612,0.5524861878453039,0.553030303030303,0.5953947368421053,0.5078578052941889,0.5109638629195349,0.5617289871255612,0.4885556432517758,0.48917748917748916,0.5375939849624061,0.5112198013682971,0.5047900959644622,0.5556940040568491
468,xf1ky8xd,6,"SynNetRP,xylo,Realworld",1,"(80, 80, 80)","(10, 2, 2)",68,42202.97237569061,43171.76515151515,41148.22368421053,0.5573204419889503,0.553030303030303,0.5723684210526315,0.5573204419889503,0.553030303030303,0.5723684210526316,0.8699152847244328,0.8587744326380691,0.8790376434507321,0.8462948104671495,0.8471474075167257,0.8472241974178868,0.8699152847244329,0.8587744326380691,0.8790376434507321,0.5225479827476474,0.5180124316814491,0.5363111018366941,0.5573204419889503,0.553030303030303,0.5723684210526315,0.5225479827476474,0.5180124316814491,0.5363111018366941,0.49408050513022894,0.48917748917748916,0.5112781954887218,0.5094097739310093,0.5041742298228543,0.5325752449355908
469,xf1ky8xd,6,"SynNetRP,xylo,Realworld",1,"(80, 80, 80)","(10, 2, 2)",69,42591.21408839779,42794.32196969697,41071.77960526316,0.5421270718232044,0.5037878787878788,0.5756578947368421,0.5421270718232044,0.5037878787878788,0.5756578947368421,0.8694705049994114,0.8725813328086056,0.872613276612584,0.8481554178095034,0.8519673192968646,0.8468671163929561,0.8694705049994115,0.8725813328086055,0.872613276612584,0.5005865247034675,0.44881561724487196,0.5437678663198,0.5421270718232044,0.5037878787878788,0.5756578947368421,0.5005865247034675,0.44881561724487196,0.5437678663198,0.4767166535122336,0.4329004329004329,0.5150375939849624,0.4952480315827518,0.46219708303650053,0.5433214987922361
470,xf1ky8xd,6,"SynNetRP,xylo,Realworld",1,"(80, 80, 80)","(10, 2, 2)",70,42050.09668508287,42084.18560606061,40573.09868421053,0.537292817679558,0.5151515151515151,0.5723684210526315,0.537292817679558,0.5151515151515151,0.5723684210526316,0.8708053892476681,0.8521825396825398,0.8744929758607044,0.8453845041687198,0.8439037288469107,0.8469784143747526,0.8708053892476683,0.8521825396825397,0.8744929758607045,0.49842776047011295,0.45570048615398184,0.5280016195277217,0.537292817679558,0.5151515151515151,0.5723684210526315,0.4984277604701129,0.45570048615398184,0.5280016195277216,0.47119179163378055,0.4458874458874459,0.5112781954887218,0.4854116970528843,0.4700563118789826,0.533004533450349
471,xf1ky8xd,6,"SynNetRP,xylo,Realworld",1,"(80, 80, 80)","(10, 2, 2)",71,41908.62983425414,42033.70075757576,40310.25,0.5497237569060773,0.5378787878787878,0.5888157894736842,0.5497237569060773,0.5378787878787878,0.5888157894736842,0.8687109455057624,0.85132165813984,0.8749938167787891,0.8464372789728205,0.8444089843237571,0.8470626607637515,0.8687109455057624,0.85132165813984,0.8749938167787892,0.5127312458079366,0.49293439854255006,0.555490454615368,0.5497237569060773,0.5378787878787878,0.5888157894736842,0.5127312458079366,0.49293439854255,0.555490454615368,0.4853985793212312,0.47186147186147187,0.5300751879699248,0.5010272249391624,0.4964350498476633,0.5478858645630006
472,xf1ky8xd,6,"SynNetRP,xylo,Realworld",1,"(80, 80, 80)","(10, 2, 2)",72,42030.11256906077,42192.98484848485,40755.64473684211,0.5490331491712708,0.5606060606060606,0.5888157894736842,0.5490331491712708,0.5606060606060606,0.5888157894736842,0.8679691008908677,0.8640873015873016,0.8744187772061733,0.8463168518643683,0.8486211547291093,0.8477899621586862,0.8679691008908677,0.8640873015873016,0.8744187772061732,0.5117854665334277,0.5184399400785955,0.5559451974893151,0.5490331491712708,0.5606060606060606,0.5888157894736842,0.5117854665334277,0.5184399400785955,0.5559451974893151,0.48460931333859514,0.49783549783549785,0.5300751879699248,0.5027871708979917,0.5246863079284094,0.5513420387896184
473,xf1ky8xd,6,"SynNetRP,xylo,Realworld",1,"(80, 80, 80)","(10, 2, 2)",73,42134.50552486188,42072.719696969696,40546.60197368421,0.5517955801104972,0.5416666666666666,0.569078947368421,0.5517955801104972,0.5416666666666666,0.569078947368421,0.8650859362395182,0.8554456906729635,0.8740663335971508,0.847069223205292,0.8451571313787223,0.8474336540364069,0.8650859362395182,0.8554456906729635,0.8740663335971507,0.5078223026214796,0.4799035827317316,0.5240554979731429,0.5517955801104972,0.5416666666666666,0.569078947368421,0.5078223026214796,0.4799035827317316,0.5240554979731428,0.48776637726913974,0.47619047619047616,0.5075187969924813,0.505698725672047,0.49799763019542814,0.5383016459716683
474,xf1ky8xd,6,"SynNetRP,xylo,Realworld",1,"(80, 80, 80)","(10, 2, 2)",74,41863.83287292818,42619.65151515151,40770.10855263158,0.5517955801104972,0.5378787878787878,0.555921052631579,0.5517955801104972,0.5378787878787878,0.555921052631579,0.8661471937451761,0.8618654073199528,0.8744682429758608,0.8453552064846268,0.8446846713892169,0.8450987151266324,0.866147193745176,0.8618654073199528,0.8744682429758606,0.5077774312259521,0.48892506980703987,0.5120962419341715,0.5517955801104972,0.5378787878787878,0.555921052631579,0.507777431225952,0.4889250698070399,0.5120962419341716,0.48776637726913974,0.47186147186147187,0.49248120300751874,0.5026502090858025,0.4919026000933264,0.518499889050976
475,xf1ky8xd,6,"SynNetRP,xylo,Realworld",1,"(80, 80, 80)","(10, 2, 2)",75,41806.062154696134,42539.90909090909,40653.74013157895,0.5718232044198895,0.5378787878787878,0.569078947368421,0.5718232044198894,0.5378787878787878,0.569078947368421,0.8686610713086553,0.8568476977567887,0.8704367827463395,0.8466968700807144,0.8403126229830775,0.8427027169074001,0.8686610713086554,0.8568476977567887,0.8704367827463395,0.5398461799992256,0.49607402734915185,0.5378923878974708,0.5718232044198895,0.5378787878787878,0.569078947368421,0.5398461799992255,0.49607402734915185,0.5378923878974708,0.510655090765588,0.47186147186147187,0.5075187969924813,0.5239579266444655,0.48767988495166165,0.524897602303722
476,xf1ky8xd,6,"SynNetRP,xylo,Realworld",1,"(80, 80, 80)","(10, 2, 2)",76,41344.687845303866,41699.40151515151,40371.98355263158,0.5642265193370166,0.5643939393939394,0.6085526315789473,0.5642265193370166,0.5643939393939393,0.6085526315789473,0.8687155786278982,0.8678259871441689,0.87191457261575,0.8487677053399731,0.8534308179194544,0.8481547722101306,0.8687155786278982,0.8678259871441689,0.8719145726157499,0.5330580341330767,0.5330673966262314,0.5697682985687634,0.5642265193370166,0.5643939393939394,0.6085526315789473,0.5330580341330767,0.5330673966262314,0.5697682985687634,0.5019731649565904,0.5021645021645021,0.5526315789473684,0.517021826510417,0.5100367180144452,0.5741125416452202
477,xf1ky8xd,6,"SynNetRP,xylo,Realworld",1,"(80, 80, 80)","(10, 2, 2)",77,41355.154696132595,42114.78409090909,40503.1875,0.5469613259668509,0.553030303030303,0.6118421052631579,0.5469613259668509,0.553030303030303,0.611842105263158,0.8708797917384347,0.8583808867899777,0.8745300751879699,0.847181883020752,0.8512796389216843,0.8496959400969528,0.8708797917384345,0.8583808867899777,0.87453007518797,0.5039621477644824,0.520649313373194,0.5771749802365725,0.5469613259668509,0.553030303030303,0.6118421052631579,0.5039621477644824,0.520649313373194,0.5771749802365725,0.4822415153906867,0.48917748917748916,0.5563909774436091,0.4981334335419344,0.5050194217349732,0.5862041280316754
478,xf1ky8xd,6,"SynNetRP,xylo,Realworld",1,"(80, 80, 80)","(10, 2, 2)",78,42227.641574585636,42138.91287878788,41194.45065789474,0.5725138121546961,0.5303030303030303,0.5526315789473685,0.5725138121546962,0.5303030303030303,0.5526315789473685,0.8692415742585915,0.8707365866456775,0.8713951820340324,0.8490980196945845,0.8501799652367834,0.8474985778591214,0.8692415742585914,0.8707365866456775,0.8713951820340325,0.5434189224028708,0.4635468792011358,0.5127746203045405,0.5725138121546961,0.5303030303030303,0.5526315789473685,0.5434189224028708,0.4635468792011358,0.5127746203045405,0.5114443567482241,0.4632034632034632,0.4887218045112782,0.5241005112130845,0.4862242686982736,0.5157522216554024
479,xf1ky8xd,6,"SynNetRP,xylo,Realworld",1,"(80, 80, 80)","(10, 2, 2)",79,42160.29143646409,42255.23863636364,40806.46710526316,0.5566298342541437,0.5643939393939394,0.5855263157894737,0.5566298342541436,0.5643939393939393,0.5855263157894737,0.8775106071243246,0.8822805981896891,0.8810286406806491,0.8511503905994497,0.8629210120687394,0.8532590213197467,0.8775106071243248,0.8822805981896892,0.881028640680649,0.5186128508547141,0.5254676441389846,0.5474017912576207,0.5566298342541437,0.5643939393939394,0.5855263157894737,0.5186128508547141,0.5254676441389847,0.5474017912576207,0.49329123914759276,0.5021645021645021,0.5263157894736843,0.5148591586088581,0.5270454606940415,0.5515049659860413
480,xf1ky8xd,6,"SynNetRP,xylo,Realworld",1,"(80, 80, 80)","(10, 2, 2)",80,42402.03660220995,42750.40909090909,41790.50986842105,0.5683701657458563,0.5037878787878788,0.6019736842105263,0.5683701657458564,0.5037878787878788,0.6019736842105263,0.885218487138453,0.8729748786566969,0.8899201127819549,0.8550714768104061,0.8485709366391185,0.8515439503363673,0.8852184871384531,0.8729748786566969,0.8899201127819547,0.525650167809744,0.4464938632629408,0.559436441970163,0.5683701657458563,0.5037878787878788,0.6019736842105263,0.525650167809744,0.4464938632629408,0.5594364419701631,0.5067087608524072,0.4329004329004329,0.5451127819548872,0.5316591517914981,0.46236997040808764,0.5793214326885888
481,xf1ky8xd,6,"SynNetRP,xylo,Realworld",1,"(80, 80, 80)","(10, 2, 2)",81,43257.07872928177,43032.20075757576,42005.66118421053,0.5593922651933702,0.5568181818181818,0.5888157894736842,0.5593922651933702,0.5568181818181819,0.5888157894736843,0.8846576068234443,0.9079266692903056,0.8906806489908983,0.8533350780217767,0.8703133198871835,0.8555027577166601,0.8846576068234442,0.9079266692903057,0.8906806489908983,0.5171190078826172,0.5151274490327872,0.5318225488036809,0.5593922651933702,0.5568181818181818,0.5888157894736842,0.5171190078826172,0.5151274490327872,0.5318225488036809,0.49644830307813737,0.49350649350649356,0.5300751879699248,0.520429602735056,0.5184362785966083,0.5574156747529494
482,xf1ky8xd,6,"SynNetRP,xylo,Realworld",1,"(80, 80, 80)","(10, 2, 2)",82,43084.80455801105,43525.02651515151,41926.03289473684,0.5711325966850829,0.49242424242424243,0.5789473684210527,0.5711325966850829,0.49242424242424243,0.5789473684210527,0.8877579831419763,0.8927505575232848,0.9081853482390186,0.8566651686238428,0.8615989439853077,0.8574195562920459,0.8877579831419764,0.8927505575232848,0.9081853482390185,0.5272732275508578,0.46240577030636143,0.521975524352545,0.5711325966850829,0.49242424242424243,0.5789473684210527,0.5272732275508578,0.46240577030636143,0.521975524352545,0.5098658247829518,0.4199134199134199,0.518796992481203,0.533793249439664,0.43649764019101156,0.552102700654371
483,xf1ky8xd,6,"SynNetRP,xylo,Realworld",1,"(80, 80, 80)","(10, 2, 2)",83,43493.910220994476,44090.20075757576,42390.71710526316,0.5531767955801105,0.5795454545454546,0.5789473684210527,0.5531767955801106,0.5795454545454546,0.5789473684210527,0.8835009615091115,0.8885773317591499,0.8859628512069648,0.8530239434301239,0.8628420979273252,0.8549091684804115,0.8835009615091114,0.8885773317591499,0.8859628512069647,0.5169140612463154,0.5388153813202006,0.5361605861843423,0.5531767955801105,0.5795454545454546,0.5789473684210527,0.5169140612463154,0.5388153813202005,0.5361605861843423,0.489344909234412,0.5194805194805194,0.518796992481203,0.5097710807199294,0.5471898766431744,0.5446775541249114
484,xf1ky8xd,6,"SynNetRP,xylo,Realworld",1,"(80, 80, 80)","(10, 2, 2)",84,43301.479281767955,43532.14015151515,41622.23026315789,0.5676795580110497,0.5492424242424242,0.6052631578947368,0.5676795580110497,0.5492424242424243,0.6052631578947368,0.8866708346596781,0.8797963400236128,0.8959920360110804,0.8581104983277154,0.859273538961039,0.8572124183814801,0.8866708346596782,0.8797963400236127,0.8959920360110804,0.5245701260113339,0.49863347349282033,0.5529842045950725,0.5676795580110497,0.5492424242424242,0.6052631578947368,0.5245701260113338,0.4986334734928203,0.5529842045950724,0.5059194948697712,0.48484848484848486,0.5488721804511278,0.5316742855449247,0.5126072867543603,0.5816617661625229
485,xf1ky8xd,6,"SynNetRP,xylo,Realworld",1,"(80, 80, 80)","(10, 2, 2)",85,43079.30041436464,43624.58712121212,42019.04605263158,0.5725138121546961,0.5833333333333334,0.6118421052631579,0.5725138121546962,0.5833333333333334,0.611842105263158,0.8869346500848134,0.8960629017447199,0.890383854372774,0.8573921940613185,0.867767570182343,0.8582272395627225,0.8869346500848135,0.8960629017447199,0.890383854372774,0.5392472116542812,0.5511867993337094,0.5799520345537382,0.5725138121546961,0.5833333333333334,0.6118421052631579,0.5392472116542811,0.5511867993337093,0.5799520345537383,0.5114443567482241,0.5238095238095238,0.5563909774436091,0.531957898277273,0.5451446057445776,0.583384036622833
486,xf1ky8xd,6,"SynNetRP,xylo,Realworld",1,"(80, 80, 80)","(10, 2, 2)",86,43354.580110497234,43656.844696969696,42648.48026315789,0.5787292817679558,0.5833333333333334,0.6085526315789473,0.5787292817679558,0.5833333333333333,0.6085526315789473,0.886895949888151,0.896833595697232,0.8944771468144044,0.8580367771784395,0.860403958415322,0.857244107390186,0.886895949888151,0.896833595697232,0.8944771468144045,0.5418269613963803,0.5530800637282243,0.5770756607333161,0.5787292817679558,0.5833333333333334,0.6085526315789473,0.5418269613963803,0.5530800637282243,0.577075660733316,0.5185477505919495,0.5238095238095238,0.5526315789473684,0.5392940516116839,0.5392952658760753,0.5799865854994128
487,xf1ky8xd,6,"SynNetRP,xylo,Realworld",1,"(80, 80, 80)","(10, 2, 2)",87,43697.86602209945,43741.594696969696,42397.43421052631,0.5656077348066298,0.5227272727272727,0.5855263157894737,0.5656077348066297,0.5227272727272727,0.5855263157894737,0.8875186960105004,0.8901351174078447,0.898558072813613,0.8557081563662369,0.862892316017316,0.8586098263751484,0.8875186960105003,0.8901351174078447,0.8985580728136129,0.526951094404509,0.47229759312348263,0.5506792244387664,0.5656077348066298,0.5227272727272727,0.5855263157894737,0.526951094404509,0.47229759312348263,0.5506792244387665,0.5035516969218627,0.4545454545454546,0.5263157894736843,0.5235591457618568,0.4779310765361489,0.5513777039573519
488,xf1ky8xd,6,"SynNetRP,xylo,Realworld",1,"(80, 80, 80)","(10, 2, 2)",88,43625.49930939227,44044.32196969697,42593.30921052631,0.5808011049723757,0.5833333333333334,0.625,0.5808011049723757,0.5833333333333333,0.625,0.8893703096451792,0.9014413616686344,0.9003202908587258,0.8579112059417338,0.8720740276138003,0.8599369002275425,0.889370309645179,0.9014413616686344,0.9003202908587257,0.5471531552854465,0.5581071827469646,0.5769032674593808,0.5808011049723757,0.5833333333333334,0.625,0.5471531552854465,0.5581071827469646,0.5769032674593809,0.520915548539858,0.5238095238095238,0.5714285714285714,0.5391950823343271,0.5401974123476901,0.5967705910681547
489,xf1ky8xd,6,"SynNetRP,xylo,Realworld",1,"(80, 80, 80)","(10, 2, 2)",89,43758.56629834254,43867.90909090909,42358.96710526316,0.5842541436464088,0.5757575757575758,0.6348684210526315,0.5842541436464088,0.5757575757575757,0.6348684210526316,0.8912546276714037,0.8959563164108619,0.8960971507716661,0.8582800160905607,0.8672479666797849,0.859375,0.8912546276714037,0.8959563164108619,0.8960971507716661,0.547258755213562,0.5488007259716737,0.6068134251997506,0.5842541436464088,0.5757575757575758,0.6348684210526315,0.547258755213562,0.5488007259716737,0.6068134251997507,0.5248618784530387,0.5151515151515151,0.5827067669172932,0.5475962370508587,0.5358390086681316,0.6085571660474955
490,xf1ky8xd,6,"SynNetRP,xylo,Realworld",1,"(80, 80, 80)","(10, 2, 2)",90,43904.07458563536,44328.280303030304,42556.15460526316,0.5925414364640884,0.5113636363636364,0.5723684210526315,0.5925414364640884,0.5113636363636364,0.5723684210526316,0.8881436224256193,0.8815345008526827,0.904345567867036,0.856547092143533,0.8550254984914076,0.8594646567075583,0.8881436224256194,0.8815345008526826,0.904345567867036,0.5555784171609665,0.45532021658267197,0.5312412829242725,0.5925414364640884,0.5113636363636364,0.5723684210526315,0.5555784171609665,0.4553202165826719,0.5312412829242725,0.5343330702446725,0.4415584415584416,0.5112781954887218,0.5544873584457929,0.4703608342770571,0.5437434136488526
491,xf1ky8xd,6,"SynNetRP,xylo,Realworld",1,"(80, 80, 80)","(10, 2, 2)",91,44154.70856353591,44325.06439393939,43077.72368421053,0.5870165745856354,0.5340909090909091,0.5986842105263158,0.5870165745856353,0.5340909090909092,0.5986842105263158,0.891172321619347,0.8908320215138397,0.902280371982588,0.8600923503883102,0.8640545060999605,0.8582712950138505,0.8911723216193471,0.8908320215138397,0.902280371982588,0.5526748518497042,0.491476721010465,0.5391522718629163,0.5870165745856354,0.5340909090909091,0.5986842105263158,0.5526748518497043,0.491476721010465,0.5391522718629163,0.5280189423835833,0.4675324675324676,0.5413533834586466,0.5488950504293889,0.48994583654970464,0.5754708101700916
492,xf1ky8xd,6,"SynNetRP,xylo,Realworld",1,"(80, 80, 80)","(10, 2, 2)",92,43797.06491712707,43800.007575757576,42372.28947368421,0.5863259668508287,0.5757575757575758,0.6052631578947368,0.5863259668508287,0.5757575757575757,0.605263157894737,0.8950799513358654,0.9017529187983733,0.9009880787495053,0.8623908899737057,0.8741268201495473,0.8628097793826672,0.8950799513358655,0.9017529187983735,0.9009880787495053,0.5484339453001994,0.5458728449434191,0.5669713409760797,0.5863259668508287,0.5757575757575758,0.6052631578947368,0.5484339453001993,0.5458728449434191,0.5669713409760796,0.5272296764009472,0.5151515151515151,0.5488721804511278,0.5520260565258934,0.5356489813521805,0.5756961730910443
493,xf1ky8xd,6,"SynNetRP,xylo,Realworld",1,"(80, 80, 80)","(10, 2, 2)",93,43632.660220994476,44177.693181818184,42624.02302631579,0.5738950276243094,0.5833333333333334,0.6282894736842105,0.5738950276243093,0.5833333333333333,0.6282894736842105,0.8923671220571499,0.894357536402991,0.8990960130589633,0.8582160040575249,0.8668257247802702,0.8569295360110804,0.8923671220571499,0.894357536402991,0.8990960130589634,0.5377978986641276,0.5537138561389965,0.5933686843786805,0.5738950276243094,0.5833333333333334,0.6282894736842105,0.5377978986641277,0.5537138561389965,0.5933686843786806,0.5130228887134964,0.5238095238095238,0.575187969924812,0.5324393337514857,0.535814078531159,0.6026424992307722
494,xf1ky8xd,6,"SynNetRP,xylo,Realworld",1,"(80, 80, 80)","(10, 2, 2)",94,43510.44475138121,43995.17424242424,42672.28947368421,0.585635359116022,0.5643939393939394,0.6151315789473685,0.585635359116022,0.5643939393939394,0.6151315789473684,0.8924494281092066,0.8932834841925752,0.8997947170557974,0.8605780787369128,0.867712227797455,0.8607399460823111,0.8924494281092065,0.8932834841925751,0.8997947170557975,0.5512743950073309,0.5244516648811051,0.5716297591297591,0.585635359116022,0.5643939393939394,0.6151315789473685,0.5512743950073309,0.5244516648811051,0.5716297591297591,0.5264404104183109,0.5021645021645021,0.5601503759398496,0.5458934165350939,0.5253307477740538,0.5888649622875471
495,xf1ky8xd,6,"SynNetRP,xylo,Realworld",1,"(80, 80, 80)","(10, 2, 2)",95,43792.52831491713,44126.59090909091,42552.73684210526,0.5780386740331491,0.5757575757575758,0.6414473684210527,0.5780386740331491,0.5757575757575757,0.6414473684210527,0.8940034317808195,0.89449691722419,0.9022185397704788,0.8597954899008838,0.8669251361012724,0.8619387180945786,0.8940034317808196,0.89449691722419,0.9022185397704788,0.5426841851668431,0.547152590126837,0.6037766968084154,0.5780386740331491,0.5757575757575758,0.6414473684210527,0.5426841851668432,0.5471525901268371,0.6037766968084154,0.5177584846093133,0.5151515151515151,0.5902255639097744,0.5373065260857687,0.5345224838248488,0.6203377631718024
496,xf1ky8xd,6,"SynNetRP,xylo,Realworld",1,"(80, 80, 80)","(10, 2, 2)",96,43734.285220994476,44065.85227272727,42471.52960526316,0.5870165745856354,0.5492424242424242,0.5888157894736842,0.5870165745856354,0.5492424242424242,0.5888157894736843,0.8956691754568804,0.8950298438934803,0.9023545706371191,0.8624311231887217,0.8666340761511216,0.8620446057578156,0.8956691754568803,0.8950298438934803,0.902354570637119,0.5515743639081914,0.5078988200631422,0.5472406233874758,0.5870165745856354,0.5492424242424242,0.5888157894736842,0.5515743639081915,0.5078988200631421,0.5472406233874759,0.5280189423835833,0.48484848484848486,0.5300751879699248,0.5509900928351168,0.5096822835380634,0.5622418076892143
497,xf1ky8xd,6,"SynNetRP,xylo,Realworld",1,"(80, 80, 80)","(10, 2, 2)",97,43830.57320441989,44602.27651515151,43099.31907894737,0.5759668508287292,0.5416666666666666,0.5855263157894737,0.5759668508287292,0.5416666666666666,0.5855263157894737,0.8933986730738204,0.8910041978223796,0.9039622081519589,0.8605721510659451,0.8623060966810967,0.8596996191135734,0.8933986730738203,0.8910041978223796,0.9039622081519588,0.5411051990704407,0.49631771741291214,0.53551583772936,0.5759668508287292,0.5416666666666666,0.5855263157894737,0.5411051990704409,0.49631771741291214,0.53551583772936,0.5153906866614049,0.47619047619047616,0.5263157894736843,0.5361523073719231,0.5012169804013403,0.5585963352150805
498,xf1ky8xd,6,"SynNetRP,xylo,Realworld",1,"(80, 80, 80)","(10, 2, 2)",98,44130.5158839779,44190.04924242424,42780.02302631579,0.5656077348066298,0.5984848484848485,0.6217105263157895,0.5656077348066298,0.5984848484848485,0.6217105263157895,0.8929282749087548,0.8991702741702742,0.8990898298377523,0.858080144564312,0.8672766627312082,0.8630702475761773,0.8929282749087547,0.8991702741702742,0.8990898298377523,0.5241034097289022,0.5697275398041373,0.591414852866064,0.5656077348066298,0.5984848484848485,0.6217105263157895,0.5241034097289022,0.5697275398041372,0.591414852866064,0.5035516969218627,0.5411255411255411,0.5676691729323309,0.5250229538669295,0.5557339679370331,0.5811874321015568
499,xf1ky8xd,6,"SynNetRP,xylo,Realworld",1,"(80, 80, 80)","(10, 2, 2)",99,43908.62016574586,44136.10227272727,42745.93092105263,0.587707182320442,0.5643939393939394,0.5888157894736842,0.587707182320442,0.5643939393939394,0.5888157894736843,0.895331502614171,0.903515676242949,0.9095147407993668,0.8597984537363678,0.8654483143119507,0.8587218972595965,0.895331502614171,0.9035156762429489,0.9095147407993668,0.5571875904338651,0.5148325238370708,0.5455281365434081,0.587707182320442,0.5643939393939394,0.5888157894736842,0.5571875904338651,0.5148325238370708,0.5455281365434081,0.5288082083662193,0.5021645021645021,0.5300751879699248,0.5499847941536735,0.5333840738275337,0.5627274240409291
500,0mp6ubwm,5,"SynNetRP,xylo,Realworld",1,"(80, 80, 80)","(10, 2, 2)",0,17795.02445652174,10088.444852941177,8975.753676470587,0.13654891304347827,0.1948529411764706,0.2426470588235294,0.13654891304347827,0.1948529411764706,0.2426470588235294,0.535931328905617,0.6239418561542264,0.610788433020267,0.5238371376987409,0.5693209728744439,0.5991913309441423,0.535931328905617,0.6239418561542264,0.610788433020267,0.0596160829319794,0.0790190499323363,0.14125,0.13654891304347827,0.1948529411764706,0.2426470588235294,0.0596160829319794,0.0790190499323363,0.14125000000000001,0.013198757763975166,0.0798319327731093,0.134453781512605,0.018023037251241516,0.10583972798462583,0.24559679876252768
501,0mp6ubwm,5,"SynNetRP,xylo,Realworld",1,"(80, 80, 80)","(10, 2, 2)",1,12652.717391304348,17762.378676470587,18422.147058823528,0.22282608695652173,0.26838235294117646,0.2536764705882353,0.22282608695652176,0.26838235294117646,0.2536764705882353,0.6519217948285174,0.61319049678695,0.6485263222936234,0.6164990208002802,0.5917988059194266,0.6177455357142857,0.6519217948285173,0.61319049678695,0.6485263222936233,0.14172278164045835,0.17959790602177997,0.14053323152609376,0.22282608695652173,0.26838235294117646,0.2536764705882353,0.14172278164045835,0.17959790602177997,0.14053323152609373,0.11180124223602483,0.16386554621848737,0.1470588235294118,0.14734663746553814,0.19551451357476726,0.1882632146083869
502,0mp6ubwm,5,"SynNetRP,xylo,Realworld",1,"(80, 80, 80)","(10, 2, 2)",2,17640.496603260868,18434.569852941175,19571.055147058825,0.27853260869565216,0.26838235294117646,0.33088235294117646,0.27853260869565216,0.26838235294117646,0.3308823529411765,0.7143727425398325,0.6745705635195254,0.7728775333662877,0.6802638973572948,0.6720429899901136,0.739863638470094,0.7143727425398325,0.6745705635195255,0.7728775333662877,0.22301516964992923,0.21919420006192297,0.24338468311377243,0.27853260869565216,0.26838235294117646,0.33088235294117646,0.22301516964992923,0.21919420006192297,0.24338468311377237,0.17546583850931674,0.16386554621848737,0.23529411764705888,0.19658629990230042,0.1727152233137572,0.2633537796421378
503,0mp6ubwm,5,"SynNetRP,xylo,Realworld",1,"(80, 80, 80)","(10, 2, 2)",3,18331.671195652172,16926.238970588234,18533.511029411766,0.27853260869565216,0.2867647058823529,0.2977941176470588,0.27853260869565216,0.2867647058823529,0.2977941176470588,0.6972231657608696,0.7091262975778547,0.7581098615916955,0.6655184760983492,0.6909157964656452,0.7441232467251606,0.6972231657608695,0.7091262975778546,0.7581098615916955,0.22834955820010394,0.22220476963445854,0.2359360805932256,0.27853260869565216,0.2867647058823529,0.2977941176470588,0.22834955820010397,0.22220476963445854,0.2359360805932256,0.17546583850931674,0.18487394957983194,0.19747899159663862,0.19029731940583908,0.20214614356400623,0.2142147275040442
504,0mp6ubwm,5,"SynNetRP,xylo,Realworld",1,"(80, 80, 80)","(10, 2, 2)",4,18222.043478260868,20045.735294117647,20739.257352941175,0.33559782608695654,0.3492647058823529,0.33088235294117646,0.3355978260869566,0.3492647058823529,0.33088235294117646,0.7577940394612477,0.7594383341571923,0.7858301408798813,0.7279973124092797,0.7128220773603559,0.7779635751359367,0.7577940394612476,0.7594383341571923,0.7858301408798813,0.28026269057410963,0.2891776168920884,0.2814614914996824,0.33559782608695654,0.3492647058823529,0.33088235294117646,0.28026269057410963,0.2891776168920884,0.28146149149968247,0.24068322981366463,0.25630252100840334,0.23529411764705888,0.25716806864815533,0.28502027950071274,0.24850935822806672
505,0mp6ubwm,5,"SynNetRP,xylo,Realworld",1,"(80, 80, 80)","(10, 2, 2)",5,22050.296875,24054.15073529412,24512.897058823528,0.32608695652173914,0.35294117647058826,0.40441176470588236,0.32608695652173914,0.3529411764705882,0.40441176470588236,0.7728377962125305,0.7713327978250123,0.8207334404349975,0.746084223043394,0.7448434796712802,0.8033850948467622,0.7728377962125303,0.7713327978250123,0.8207334404349975,0.276046807580205,0.280074510033994,0.34334433114714613,0.32608695652173914,0.35294117647058826,0.40441176470588236,0.27604680758020494,0.28007451003399403,0.3433443311471461,0.22981366459627328,0.26050420168067223,0.31932773109243695,0.24808641531254277,0.2802376174299049,0.32969706161286244
506,0mp6ubwm,5,"SynNetRP,xylo,Realworld",1,"(80, 80, 80)","(10, 2, 2)",6,25181.658967391304,27392.52573529412,28380.283088235294,0.3532608695652174,0.4264705882352941,0.3897058823529412,0.3532608695652174,0.4264705882352941,0.3897058823529411,0.7921876054887929,0.8252440682155214,0.7718502842313395,0.7579924243223398,0.7948736020143351,0.7678890030276817,0.792187605488793,0.8252440682155215,0.7718502842313396,0.3008142217341285,0.35740834971634555,0.33242294439896547,0.3532608695652174,0.4264705882352941,0.3897058823529412,0.3008142217341284,0.3574083497163456,0.3324229443989655,0.26086956521739135,0.3445378151260504,0.3025210084033614,0.272916135948738,0.3679628177145653,0.32618445314656647
507,0mp6ubwm,5,"SynNetRP,xylo,Realworld",1,"(80, 80, 80)","(10, 2, 2)",7,25987.578804347828,26858.452205882353,27830.569852941175,0.4014945652173913,0.4007352941176471,0.35661764705882354,0.40149456521739135,0.4007352941176471,0.35661764705882354,0.8184023616830949,0.8141683143845774,0.8165858255066732,0.790231150998768,0.7695206299431537,0.7823033165472071,0.8184023616830948,0.8141683143845774,0.8165858255066732,0.3636073131085944,0.36616330860174634,0.3014991062063588,0.4014945652173913,0.4007352941176471,0.35661764705882354,0.36360731310859445,0.36616330860174634,0.3014991062063588,0.31599378881987583,0.31512605042016806,0.2647058823529411,0.3237984751396968,0.32137233618989114,0.2754968860707074
508,0mp6ubwm,5,"SynNetRP,xylo,Realworld",1,"(80, 80, 80)","(10, 2, 2)",8,26736.021739130436,27993.128676470587,30043.952205882353,0.390625,0.45588235294117646,0.3786764705882353,0.390625,0.45588235294117646,0.3786764705882353,0.8109245248784769,0.8789081809194266,0.7967205264458725,0.7688077617071463,0.8446884268413247,0.7790178571428571,0.8109245248784768,0.8789081809194267,0.7967205264458724,0.3474357318190101,0.40709296618927393,0.31533825287442846,0.390625,0.45588235294117646,0.3786764705882353,0.3474357318190101,0.40709296618927393,0.31533825287442846,0.3035714285714286,0.37815126050420167,0.2899159663865546,0.3126402191495228,0.3854053969544931,0.30327619503355885
509,0mp6ubwm,5,"SynNetRP,xylo,Realworld",1,"(80, 80, 80)","(10, 2, 2)",9,28543.015625,28720.60661764706,30364.738970588234,0.4157608695652174,0.2977941176470588,0.3786764705882353,0.41576086956521735,0.2977941176470588,0.3786764705882353,0.8306047777984067,0.7805394216510133,0.829746972318339,0.7982897036081387,0.7580210392980722,0.7939602771255561,0.8306047777984067,0.7805394216510133,0.829746972318339,0.378067186699761,0.2789802658926047,0.34466017868893045,0.4157608695652174,0.2977941176470588,0.3786764705882353,0.3780671866997611,0.2789802658926047,0.34466017868893045,0.33229813664596275,0.19747899159663862,0.2899159663865546,0.3379993420566093,0.20284216341874492,0.29772648604113533
510,0mp6ubwm,5,"SynNetRP,xylo,Realworld",1,"(80, 80, 80)","(10, 2, 2)",10,28866.889266304348,30414.051470588234,31737.154411764706,0.44157608695652173,0.39338235294117646,0.4117647058823529,0.4415760869565218,0.39338235294117646,0.4117647058823529,0.8557002979003511,0.8421203040039545,0.8418499752842313,0.8133346141430935,0.8000262605042016,0.8062824394463668,0.855700297900351,0.8421203040039545,0.8418499752842312,0.3937850240390033,0.3551208009807754,0.33071837409956745,0.44157608695652173,0.39338235294117646,0.4117647058823529,0.3937850240390033,0.3551208009807754,0.33071837409956745,0.36180124223602483,0.3067226890756303,0.32773109243697474,0.3723598923875941,0.31440774027222834,0.3442040066484772
511,0mp6ubwm,5,"SynNetRP,xylo,Realworld",1,"(80, 80, 80)","(10, 2, 2)",11,29694.688858695652,31709.1875,33041.194852941175,0.4517663043478261,0.4338235294117647,0.36764705882352944,0.4517663043478261,0.4338235294117647,0.36764705882352944,0.8730880156292196,0.8675620983687593,0.8170260751359366,0.8284714317888368,0.8162903948344044,0.785305896255561,0.8730880156292196,0.8675620983687592,0.8170260751359367,0.4023254121448646,0.3911434920923912,0.2735634717643609,0.4517663043478261,0.4338235294117647,0.36764705882352944,0.40232541214486456,0.3911434920923912,0.27356347176436085,0.3734472049689441,0.3529411764705882,0.2773109243697479,0.3845047214716306,0.3654143121885876,0.2992712589850187
512,0mp6ubwm,5,"SynNetRP,xylo,Realworld",1,"(80, 80, 80)","(10, 2, 2)",12,30267.563858695652,32005.16176470588,32666.8125,0.46467391304347827,0.4264705882352941,0.39338235294117646,0.4646739130434782,0.42647058823529416,0.3933823529411765,0.8580677301343504,0.889968487394958,0.8777341819080574,0.8180350958576661,0.8464677690929312,0.8346157856524963,0.8580677301343506,0.8899684873949579,0.8777341819080574,0.42595159356128653,0.37425498487847947,0.30386621229012534,0.46467391304347827,0.4264705882352941,0.39338235294117646,0.42595159356128653,0.3742549848784795,0.3038662122901254,0.38819875776397517,0.3445378151260504,0.3067226890756303,0.3942212823929916,0.36121595571456383,0.33149557579954086
513,0mp6ubwm,5,"SynNetRP,xylo,Realworld",1,"(80, 80, 80)","(10, 2, 2)",13,30403.597146739132,32391.834558823528,33585.375,0.48709239130434784,0.49264705882352944,0.4264705882352941,0.4870923913043478,0.4926470588235294,0.4264705882352941,0.8947116358358087,0.9145838482451805,0.8543932278793871,0.8535028015186167,0.8620193941547207,0.821232583106772,0.8947116358358088,0.9145838482451804,0.8543932278793871,0.4468451070685427,0.44833741057516197,0.36975466383014244,0.48709239130434784,0.49264705882352944,0.4264705882352941,0.44684510706854275,0.44833741057516197,0.36975466383014244,0.41381987577639756,0.4201680672268907,0.3445378151260504,0.42074551113449793,0.4331562086585836,0.35926921043965243
514,0mp6ubwm,5,"SynNetRP,xylo,Realworld",1,"(80, 80, 80)","(10, 2, 2)",14,31806.582880434784,31640.632352941175,33225.10294117647,0.48777173913043476,0.45588235294117646,0.43014705882352944,0.4877717391304348,0.4558823529411765,0.43014705882352944,0.8882963348973805,0.875471144340089,0.846090274345032,0.844504838243485,0.825788587493821,0.8065469754078103,0.8882963348973805,0.875471144340089,0.8460902743450321,0.43962069532788123,0.4131981963234031,0.38286506448356505,0.48777173913043476,0.45588235294117646,0.43014705882352944,0.4396206953278813,0.41319819632340304,0.382865064483565,0.4145962732919255,0.37815126050420167,0.3487394957983193,0.4226816411751906,0.38628032520181704,0.35906603761463063
515,0mp6ubwm,5,"SynNetRP,xylo,Realworld",1,"(80, 80, 80)","(10, 2, 2)",15,31932.075407608696,32653.0625,34362.42647058824,0.4470108695652174,0.5147058823529411,0.4375,0.4470108695652174,0.5147058823529411,0.4375,0.8953606556339455,0.9118342189817104,0.8717715027187346,0.8488568443238591,0.8627444543994068,0.8289919828225408,0.8953606556339456,0.9118342189817104,0.8717715027187346,0.3998166396002215,0.4698259170984267,0.3829487227146863,0.4470108695652174,0.5147058823529411,0.4375,0.3998166396002215,0.46982591709842675,0.3829487227146863,0.36801242236024845,0.4453781512605042,0.3571428571428571,0.3760174700319564,0.4528622440780359,0.37277026866992563
516,0mp6ubwm,5,"SynNetRP,xylo,Realworld",1,"(80, 80, 80)","(10, 2, 2)",16,32189.233695652172,33422.65073529412,35053.97426470588,0.47146739130434784,0.4375,0.4117647058823529,0.47146739130434784,0.43750000000000006,0.4117647058823529,0.9031670900283554,0.9005035837864558,0.86638809935739,0.8590275133232346,0.8470789050914483,0.8343280786579338,0.9031670900283553,0.9005035837864557,0.86638809935739,0.43140418408100023,0.3701348471293996,0.337542075009275,0.47146739130434784,0.4375,0.4117647058823529,0.43140418408100023,0.3701348471293996,0.33754207500927497,0.39596273291925466,0.3571428571428571,0.32773109243697474,0.4048362118782109,0.3787647874535429,0.3483175620210157
517,0mp6ubwm,5,"SynNetRP,xylo,Realworld",1,"(80, 80, 80)","(10, 2, 2)",17,32940.829483695656,33346.117647058825,35415.154411764706,0.485054347826087,0.4742647058823529,0.4264705882352941,0.485054347826087,0.4742647058823529,0.4264705882352941,0.905170322204969,0.9110232328225407,0.8805610479485911,0.8606391183563159,0.8615105968858132,0.8416115067350469,0.9051703222049688,0.9110232328225409,0.8805610479485912,0.4238121307412306,0.42407951493873564,0.36442490082700646,0.485054347826087,0.4742647058823529,0.4264705882352941,0.42381213074123064,0.4240795149387356,0.36442490082700646,0.41149068322981364,0.39915966386554624,0.3445378151260504,0.4314119273956702,0.4085577496337883,0.3611423808170261
518,0mp6ubwm,5,"SynNetRP,xylo,Realworld",1,"(80, 80, 80)","(10, 2, 2)",18,33882.02513586957,34345.73529411765,35763.216911764706,0.485054347826087,0.40808823529411764,0.43014705882352944,0.485054347826087,0.40808823529411764,0.4301470588235294,0.9111634042499324,0.8876668314384577,0.8790317597627286,0.8647441488003814,0.841829700630252,0.846096067103312,0.9111634042499324,0.8876668314384577,0.8790317597627286,0.4406455990320823,0.3428515721383298,0.36709154099001917,0.485054347826087,0.40808823529411764,0.43014705882352944,0.44064559903208234,0.3428515721383298,0.36709154099001917,0.41149068322981364,0.32352941176470584,0.3487394957983193,0.4207327876370824,0.34513709137333043,0.36776280696701463
519,0mp6ubwm,5,"SynNetRP,xylo,Realworld",1,"(80, 80, 80)","(10, 2, 2)",19,33879.89266304348,34071.36397058824,35763.75367647059,0.48233695652173914,0.45955882352941174,0.4227941176470588,0.48233695652173914,0.4595588235294117,0.4227941176470589,0.9137141232615447,0.8905091448344044,0.8812793499752842,0.8665295136544693,0.847939129695996,0.838264257909046,0.9137141232615447,0.8905091448344044,0.8812793499752842,0.44078712434603573,0.4312945271015578,0.37124535678480564,0.48233695652173914,0.45955882352941174,0.4227941176470588,0.44078712434603573,0.4312945271015578,0.37124535678480564,0.4083850931677019,0.38235294117647056,0.3403361344537815,0.41548400360854776,0.3912540225287499,0.3516309328625828
520,0mp6ubwm,5,"SynNetRP,xylo,Realworld",1,"(80, 80, 80)","(10, 2, 2)",20,33962.48641304348,33655.70220588235,35339.16176470588,0.48029891304347827,0.47058823529411764,0.40441176470588236,0.48029891304347827,0.47058823529411764,0.40441176470588236,0.9134765097556036,0.9059951186356896,0.8757569204152249,0.8647138867029268,0.84703256302521,0.8408806537320811,0.9134765097556035,0.9059951186356896,0.8757569204152249,0.4340771622240498,0.4286930209242167,0.32166759518356774,0.48029891304347827,0.47058823529411764,0.40441176470588236,0.4340771622240498,0.4286930209242167,0.32166759518356774,0.40605590062111796,0.39495798319327735,0.31932773109243695,0.4152471548014932,0.40470931275532857,0.3405649981935434
521,0mp6ubwm,5,"SynNetRP,xylo,Realworld",1,"(80, 80, 80)","(10, 2, 2)",21,34365.196331521736,34429.61029411765,35890.0625,0.4986413043478261,0.5441176470588235,0.41544117647058826,0.49864130434782605,0.5441176470588236,0.4154411764705882,0.9141674613489064,0.9030446737518537,0.8775410899653979,0.8716223147827774,0.8651677582797824,0.84632101921651,0.9141674613489065,0.9030446737518536,0.8775410899653979,0.442425392240671,0.5022082041261345,0.35696450540291036,0.4986413043478261,0.5441176470588235,0.41544117647058826,0.442425392240671,0.5022082041261345,0.35696450540291036,0.4270186335403726,0.4789915966386554,0.33193277310924374,0.44507053564582477,0.4895093880220509,0.3448302470047018
522,0mp6ubwm,5,"SynNetRP,xylo,Realworld",1,"(80, 80, 80)","(10, 2, 2)",22,34555.377717391304,33511.080882352944,35139.132352941175,0.5529891304347826,0.5147058823529411,0.5257352941176471,0.5529891304347826,0.5147058823529411,0.525735294117647,0.9093453049048068,0.8978389149777558,0.8868017795353436,0.9098075436090669,0.9033362425852695,0.898219306104795,0.9093453049048068,0.8978389149777558,0.8868017795353436,0.5589365685114897,0.5021496114724975,0.5248154309016158,0.5529891304347826,0.5147058823529411,0.5257352941176471,0.5589365685114897,0.5021496114724975,0.5248154309016158,0.48913043478260865,0.4453781512605042,0.45798319327731096,0.4902770871239064,0.4613090646370227,0.4714133381884997
523,0mp6ubwm,5,"SynNetRP,xylo,Realworld",1,"(80, 80, 80)","(10, 2, 2)",23,33756.122282608696,33772.37867647059,35348.44852941176,0.5570652173913043,0.6360294117647058,0.5257352941176471,0.5570652173913044,0.6360294117647058,0.525735294117647,0.9204664608931947,0.9286563890261987,0.8932896688087,0.9268133919077437,0.9384017393722195,0.8971225438704894,0.9204664608931946,0.9286563890261987,0.8932896688086999,0.5558153222867878,0.6431367946106544,0.514391755743657,0.5570652173913043,0.6360294117647058,0.5257352941176471,0.5558153222867878,0.6431367946106544,0.514391755743657,0.4937888198757764,0.5840336134453781,0.45798319327731096,0.4991362351809948,0.5863843701540102,0.469001609321525
524,0mp6ubwm,5,"SynNetRP,xylo,Realworld",1,"(80, 80, 80)","(10, 2, 2)",24,34076.76970108696,34588.85294117647,36358.382352941175,0.5706521739130435,0.5845588235294118,0.4963235294117647,0.5706521739130435,0.5845588235294118,0.49632352941176466,0.9187868155887119,0.9246864186851211,0.8840058082056352,0.9241139336981838,0.9396558715397924,0.8898391157933762,0.9187868155887119,0.924686418685121,0.8840058082056351,0.5702453566417196,0.5551167784345102,0.4698439647718008,0.5706521739130435,0.5845588235294118,0.4963235294117647,0.5702453566417196,0.5551167784345102,0.46984396477180074,0.5093167701863355,0.5252100840336135,0.4243697478991597,0.5150502863460947,0.5406824241142262,0.4439410335239751
525,0mp6ubwm,5,"SynNetRP,xylo,Realworld",1,"(80, 80, 80)","(10, 2, 2)",25,34071.946331521736,34608.867647058825,35794.75,0.5720108695652174,0.5661764705882353,0.5147058823529411,0.5720108695652173,0.5661764705882353,0.5147058823529411,0.9211742906933568,0.9215197108255067,0.8914205388037568,0.9283179258160612,0.9323927181166584,0.8965017532748394,0.9211742906933568,0.9215197108255067,0.8914205388037567,0.5703180219502276,0.5471463629942376,0.5012843219295536,0.5720108695652174,0.5661764705882353,0.5147058823529411,0.5703180219502277,0.5471463629942376,0.5012843219295537,0.5108695652173914,0.5042016806722689,0.4453781512605042,0.5158381991298526,0.5241424183609591,0.4663916143541602
526,0mp6ubwm,5,"SynNetRP,xylo,Realworld",1,"(80, 80, 80)","(10, 2, 2)",26,34528.760869565216,34811.47794117647,36092.87867647059,0.6052989130434783,0.5845588235294118,0.5,0.6052989130434783,0.5845588235294117,0.5,0.9265761080542804,0.9245473924864063,0.8876359367276323,0.9342431983463577,0.9303459435244685,0.9011224434626792,0.9265761080542803,0.9245473924864063,0.8876359367276322,0.5956344361826549,0.5585309476012895,0.4981956167844405,0.6052989130434783,0.5845588235294118,0.5,0.5956344361826548,0.5585309476012896,0.4981956167844405,0.5489130434782609,0.5252100840336135,0.4285714285714286,0.560387004473205,0.5416943238773587,0.440771329928398
527,0mp6ubwm,5,"SynNetRP,xylo,Realworld",1,"(80, 80, 80)","(10, 2, 2)",27,34976.61888586957,34627.345588235294,36023.69117647059,0.6175271739130435,0.6286764705882353,0.5073529411764706,0.6175271739130435,0.6286764705882353,0.5073529411764706,0.925385667026735,0.9205619747899159,0.8845619130004942,0.9324320546685119,0.936515231092437,0.8987503089471083,0.9253856670267351,0.920561974789916,0.8845619130004942,0.6207973792995288,0.6302910704319155,0.5100199891747375,0.6175271739130435,0.6286764705882353,0.5073529411764706,0.6207973792995289,0.6302910704319153,0.5100199891747375,0.562888198757764,0.5756302521008403,0.4369747899159664,0.5687356981792888,0.5769239351813733,0.44569359327780395
528,0mp6ubwm,5,"SynNetRP,xylo,Realworld",1,"(80, 80, 80)","(10, 2, 2)",28,34805.079483695656,35129.169117647056,36542.92647058824,0.6100543478260869,0.6029411764705882,0.5404411764705882,0.6100543478260869,0.6029411764705883,0.5404411764705882,0.928333287621523,0.9294055857637172,0.8803525086505191,0.9366412882607852,0.9424016389644093,0.8950892857142856,0.9283332876215232,0.9294055857637172,0.880352508650519,0.6134532290881398,0.6021298795127211,0.5312693368058714,0.6100543478260869,0.6029411764705882,0.5404411764705882,0.6134532290881398,0.6021298795127211,0.5312693368058713,0.5543478260869565,0.546218487394958,0.47478991596638653,0.5578770286934721,0.5528862222591142,0.4896755761227843
529,0mp6ubwm,5,"SynNetRP,xylo,Realworld",1,"(80, 80, 80)","(10, 2, 2)",29,34798.389945652176,35030.194852941175,36359.18382352941,0.6297554347826086,0.5955882352941176,0.5,0.6297554347826086,0.5955882352941176,0.5,0.92662937989468,0.929482822540781,0.8917372095897182,0.9345655984695687,0.9415723090706871,0.8950400472689075,0.92662937989468,0.929482822540781,0.8917372095897181,0.6342584748529765,0.584022629037035,0.49252112901703604,0.6297554347826086,0.5955882352941176,0.5,0.6342584748529765,0.584022629037035,0.4925211290170361,0.5768633540372671,0.5378151260504201,0.4285714285714286,0.577650569829286,0.5501662750557448,0.4364567564064631
530,0mp6ubwm,5,"SynNetRP,xylo,Realworld",1,"(80, 80, 80)","(10, 2, 2)",30,34845.23233695652,35211.18382352941,36674.63970588235,0.6066576086956522,0.5882352941176471,0.5477941176470589,0.6066576086956522,0.5882352941176471,0.5477941176470589,0.9254563445179584,0.9277527187345527,0.8907563025210083,0.934174004291284,0.9390746647923875,0.9025349110232328,0.9254563445179586,0.9277527187345527,0.8907563025210083,0.6087965434950522,0.5866604829853905,0.5545319548667601,0.6066576086956522,0.5882352941176471,0.5477941176470589,0.6087965434950522,0.5866604829853905,0.55453195486676,0.5504658385093169,0.5294117647058824,0.4831932773109243,0.5529654582047183,0.5413249677366756,0.4868163718646059
531,0mp6ubwm,5,"SynNetRP,xylo,Realworld",1,"(80, 80, 80)","(10, 2, 2)",31,34835.330842391304,35112.54044117647,36450.305147058825,0.6270380434782609,0.5551470588235294,0.5808823529411765,0.6270380434782609,0.5551470588235294,0.5808823529411764,0.9262810031562247,0.9216819080573406,0.8933978002965892,0.9354715823740886,0.9308209497034109,0.900930316979733,0.9262810031562246,0.9216819080573406,0.8933978002965892,0.6297658384508802,0.5549213731277942,0.5804149516802898,0.6270380434782609,0.5551470588235294,0.5808823529411765,0.6297658384508802,0.5549213731277941,0.5804149516802897,0.5737577639751552,0.4915966386554622,0.5210084033613445,0.5772801114055915,0.5033503645593508,0.5340884701416437
532,0mp6ubwm,5,"SynNetRP,xylo,Realworld",1,"(80, 80, 80)","(10, 2, 2)",32,35133.71059782609,35880.73897058824,37188.617647058825,0.6229619565217391,0.5845588235294118,0.49264705882352944,0.6229619565217391,0.5845588235294118,0.4926470588235294,0.9250726290338914,0.926076680672269,0.8920075383094415,0.9338430002384047,0.9330376452051409,0.8973445996045477,0.9250726290338914,0.926076680672269,0.8920075383094415,0.6206862473966679,0.5620263994410393,0.46100059413690414,0.6229619565217391,0.5845588235294118,0.49264705882352944,0.6206862473966679,0.5620263994410393,0.46100059413690414,0.5690993788819876,0.5252100840336135,0.4201680672268907,0.5747252174211993,0.5513366156455174,0.44050726306654125
533,0mp6ubwm,5,"SynNetRP,xylo,Realworld",1,"(80, 80, 80)","(10, 2, 2)",33,35142.309782608696,35437.742647058825,36852.60294117647,0.6209239130434783,0.6323529411764706,0.5367647058823529,0.6209239130434783,0.6323529411764706,0.536764705882353,0.9241103075209289,0.9268258774097875,0.8826309935739001,0.933429154517874,0.9378504618759267,0.8943188488630747,0.9241103075209288,0.9268258774097875,0.8826309935739002,0.6197421830296154,0.6305423902406699,0.5307277473123466,0.6209239130434783,0.6323529411764706,0.5367647058823529,0.6197421830296154,0.6305423902406698,0.5307277473123466,0.5667701863354038,0.5798319327731092,0.47058823529411764,0.57210901020874,0.589199093653218,0.4807509012285365
534,0mp6ubwm,5,"SynNetRP,xylo,Realworld",1,"(80, 80, 80)","(10, 2, 2)",34,35116.145380434784,35206.720588235294,36397.044117647056,0.6290760869565217,0.625,0.5110294117647058,0.6290760869565217,0.625,0.511029411764706,0.9304230206082906,0.9245782871972318,0.8928725902125556,0.9382046651363759,0.9344626637419673,0.8920200892857142,0.9304230206082905,0.9245782871972318,0.8928725902125557,0.6288510322267514,0.6293663321192452,0.5002062080156702,0.6290760869565217,0.625,0.5110294117647058,0.6288510322267514,0.6293663321192452,0.5002062080156701,0.5760869565217391,0.5714285714285714,0.4411764705882353,0.5798778567553986,0.5731042276379041,0.44853981656425435
535,0mp6ubwm,5,"SynNetRP,xylo,Realworld",1,"(80, 80, 80)","(10, 2, 2)",35,35225.671875,36048.82352941176,37126.07352941176,0.6120923913043478,0.625,0.5147058823529411,0.6120923913043479,0.625,0.5147058823529411,0.9272757624729948,0.9333214903608502,0.8769309194265942,0.9337966840652849,0.946040456623826,0.8882161780153237,0.9272757624729948,0.9333214903608502,0.8769309194265942,0.6150383013538329,0.6154972965687602,0.4956860232107031,0.6120923913043478,0.625,0.5147058823529411,0.6150383013538329,0.6154972965687603,0.49568602321070304,0.5566770186335404,0.5714285714285714,0.4453781512605042,0.5614707371687611,0.5786422062023053,0.4645226165135672
536,0mp6ubwm,5,"SynNetRP,xylo,Realworld",1,"(80, 80, 80)","(10, 2, 2)",36,35572.06589673913,35472.26470588235,36369.42647058824,0.6012228260869565,0.5330882352941176,0.5110294117647058,0.6012228260869565,0.5330882352941176,0.5110294117647058,0.9256831454226302,0.9129541522491349,0.8881379757785468,0.9307249822778828,0.9102421759144834,0.8884430610479486,0.9256831454226303,0.9129541522491349,0.8881379757785468,0.5972159376361564,0.5096658918994802,0.4839566795228816,0.6012228260869565,0.5330882352941176,0.5110294117647058,0.5972159376361565,0.5096658918994802,0.4839566795228817,0.5442546583850931,0.46638655462184875,0.4411764705882353,0.5492308750059814,0.4863033295920247,0.4623756385948665
537,0mp6ubwm,5,"SynNetRP,xylo,Realworld",1,"(80, 80, 80)","(10, 2, 2)",37,35119.256793478264,35278.26470588235,36229.76102941176,0.6120923913043478,0.6323529411764706,0.5147058823529411,0.6120923913043479,0.6323529411764706,0.5147058823529411,0.9249146595665676,0.9253661023232823,0.8983641250617893,0.9323145665254524,0.939479192412259,0.9083450475778547,0.9249146595665677,0.9253661023232823,0.8983641250617894,0.6124833561550259,0.6294080348381739,0.511640305323916,0.6120923913043478,0.6323529411764706,0.5147058823529411,0.6124833561550259,0.6294080348381739,0.511640305323916,0.5566770186335404,0.5798319327731092,0.4453781512605042,0.5610070602013059,0.5894624144641398,0.455672744953952
538,0mp6ubwm,5,"SynNetRP,xylo,Realworld",1,"(80, 80, 80)","(10, 2, 2)",38,35267.701766304344,35818.60294117647,36505.169117647056,0.6229619565217391,0.5625,0.49264705882352944,0.6229619565217391,0.5625,0.49264705882352944,0.9240681120037806,0.9173720958971825,0.8917140385565991,0.9327862662558231,0.9284729516806722,0.8942078209960455,0.9240681120037807,0.9173720958971825,0.8917140385565991,0.6182665124361171,0.5624811051333238,0.4891964307324259,0.6229619565217391,0.5625,0.49264705882352944,0.618266512436117,0.5624811051333237,0.4891964307324259,0.5690993788819876,0.5,0.4201680672268907,0.5753066979295282,0.5105016319896443,0.43314909765349136
539,0mp6ubwm,5,"SynNetRP,xylo,Realworld",1,"(80, 80, 80)","(10, 2, 2)",39,34998.67798913043,34990.27205882353,36049.55147058824,0.6073369565217391,0.625,0.5036764705882353,0.6073369565217391,0.625,0.5036764705882353,0.9241585686436673,0.9257754572417203,0.8985649406821552,0.9315726836243419,0.9408298705511617,0.9039956515694514,0.9241585686436674,0.9257754572417203,0.8985649406821553,0.6085384436424588,0.6079279624485103,0.5022641891179187,0.6073369565217391,0.625,0.5036764705882353,0.6085384436424587,0.6079279624485104,0.5022641891179187,0.5512422360248448,0.5714285714285714,0.4327731092436975,0.5546921128610004,0.5790918437988597,0.4477192479930924
540,0mp6ubwm,5,"SynNetRP,xylo,Realworld",1,"(80, 80, 80)","(10, 2, 2)",40,34730.167119565216,35419.23529411765,36275.33823529412,0.6365489130434783,0.6176470588235294,0.5,0.6365489130434783,0.6176470588235294,0.5,0.9314320209120983,0.9327885565991103,0.8837277558082056,0.9403282204673574,0.9430861499011368,0.8913684039792389,0.9314320209120982,0.9327885565991102,0.8837277558082057,0.6311155189537747,0.6005933327133363,0.4868397939820717,0.6365489130434783,0.6176470588235294,0.5,0.6311155189537747,0.6005933327133363,0.4868397939820717,0.5846273291925466,0.5630252100840336,0.4285714285714286,0.5922705231982972,0.5734946324847712,0.4448384007786549
541,0mp6ubwm,5,"SynNetRP,xylo,Realworld",1,"(80, 80, 80)","(10, 2, 2)",41,34930.07269021739,35062.64705882353,36346.617647058825,0.6161684782608695,0.6029411764705882,0.5,0.6161684782608696,0.6029411764705882,0.5,0.9285450563732109,0.9250803262481464,0.8935754448838359,0.9359390955179923,0.9382945733440435,0.8997987981957489,0.9285450563732107,0.9250803262481463,0.8935754448838358,0.6156500561313164,0.5718238938637639,0.46903670669596853,0.6161684782608695,0.6029411764705882,0.5,0.6156500561313164,0.5718238938637639,0.4690367066959686,0.5613354037267081,0.546218487394958,0.4285714285714286,0.5677182048383187,0.5594231580733874,0.45693761133663563
542,0mp6ubwm,5,"SynNetRP,xylo,Realworld",1,"(80, 80, 80)","(10, 2, 2)",42,34773.11752717391,35572.944852941175,36245.53676470588,0.623641304347826,0.6139705882352942,0.46691176470588236,0.623641304347826,0.6139705882352942,0.4669117647058824,0.9314425697913853,0.9305023479980228,0.8873501606524963,0.9396985183044154,0.9407507028546712,0.8912168268042512,0.9314425697913853,0.9305023479980228,0.8873501606524963,0.6124882090213674,0.6007522117916182,0.43998738123738124,0.623641304347826,0.6139705882352942,0.46691176470588236,0.6124882090213672,0.600752211791618,0.43998738123738124,0.5698757763975155,0.5588235294117647,0.39075630252100846,0.5800793074898984,0.5804112224410185,0.411048970943632
543,0mp6ubwm,5,"SynNetRP,xylo,Realworld",1,"(80, 80, 80)","(10, 2, 2)",43,34658.96535326087,35335.71323529412,35777.31617647059,0.623641304347826,0.6066176470588235,0.5441176470588235,0.6236413043478262,0.6066176470588236,0.5441176470588236,0.9310844353395895,0.9226319204152249,0.8999320316361838,0.9391720303322476,0.9280964223924864,0.9014564925234799,0.9310844353395894,0.9226319204152249,0.899932031636184,0.61982915830771,0.5856367945132248,0.5344733405377198,0.623641304347826,0.6066176470588235,0.5441176470588235,0.61982915830771,0.5856367945132248,0.5344733405377198,0.5698757763975155,0.5504201680672269,0.4789915966386554,0.5801205236654557,0.573290432715254,0.49608373879577156
544,0mp6ubwm,5,"SynNetRP,xylo,Realworld",1,"(80, 80, 80)","(10, 2, 2)",44,34841.376358695656,35266.393382352944,36090.341911764706,0.6474184782608695,0.6580882352941176,0.5661764705882353,0.6474184782608696,0.6580882352941178,0.5661764705882353,0.9323495096880907,0.9350747652001977,0.8993218610973801,0.9417301335593606,0.940102879387049,0.9044127301655955,0.9323495096880907,0.9350747652001977,0.8993218610973801,0.6460837577671772,0.6544901036659314,0.5696291274369725,0.6474184782608695,0.6580882352941176,0.5661764705882353,0.6460837577671772,0.6544901036659314,0.5696291274369725,0.5970496894409938,0.6092436974789917,0.5042016806722689,0.6027748183340547,0.6161836242313169,0.511296068569634
545,0mp6ubwm,5,"SynNetRP,xylo,Realworld",1,"(80, 80, 80)","(10, 2, 2)",45,35167.29076086957,35110.04044117647,36691.404411764706,0.6494565217391305,0.6066176470588235,0.5477941176470589,0.6494565217391305,0.6066176470588236,0.5477941176470589,0.9341206665203889,0.9279689817103312,0.8869794241225902,0.9413940858235722,0.9422973693153732,0.9021699672516066,0.9341206665203888,0.9279689817103312,0.8869794241225903,0.6462581748049991,0.5936867928989777,0.5533208423041631,0.6494565217391305,0.6066176470588235,0.5477941176470589,0.6462581748049993,0.5936867928989777,0.5533208423041631,0.5993788819875776,0.5504201680672269,0.4831932773109243,0.6092007809874096,0.5573950834357039,0.49464996473985096
546,0mp6ubwm,5,"SynNetRP,xylo,Realworld",1,"(80, 80, 80)","(10, 2, 2)",46,35238.93138586957,35347.20955882353,36649.569852941175,0.6290760869565217,0.6470588235294118,0.5330882352941176,0.6290760869565217,0.6470588235294118,0.5330882352941178,0.9338561533722657,0.9256518783984182,0.89009206623826,0.9412757735493181,0.9398470325630254,0.896734429065744,0.9338561533722658,0.9256518783984182,0.8900920662382599,0.6279558328723996,0.6438419117647058,0.5155590703529422,0.6290760869565217,0.6470588235294118,0.5330882352941176,0.6279558328723996,0.6438419117647058,0.5155590703529422,0.5760869565217391,0.5966386554621849,0.46638655462184875,0.5826934538124413,0.6061903132060961,0.4794984176865338
547,0mp6ubwm,5,"SynNetRP,xylo,Realworld",1,"(80, 80, 80)","(10, 2, 2)",47,35284.561820652176,35649.569852941175,36732.69117647059,0.671875,0.6102941176470589,0.5036764705882353,0.671875,0.6102941176470589,0.5036764705882353,0.9340344294322172,0.9281543499752842,0.8923010380622837,0.9425492540360012,0.9413994917820069,0.9000710578348987,0.9340344294322172,0.9281543499752842,0.8923010380622837,0.6717775418971215,0.6079170860726061,0.4829436777477813,0.671875,0.6102941176470589,0.5036764705882353,0.6717775418971215,0.6079170860726061,0.4829436777477813,0.625,0.5546218487394958,0.4327731092436975,0.6316124664790969,0.5675149486514477,0.4486771755797511
548,0mp6ubwm,5,"SynNetRP,xylo,Realworld",1,"(80, 80, 80)","(10, 2, 2)",48,35753.39470108696,36091.35294117647,37370.28676470588,0.6440217391304348,0.6066176470588235,0.5220588235294118,0.6440217391304348,0.6066176470588235,0.5220588235294118,0.9344474180563057,0.9274437716262975,0.8846854918437963,0.9433472108235721,0.9425734907933762,0.8903788077731093,0.9344474180563058,0.9274437716262975,0.8846854918437963,0.6440756503849908,0.5839845811873018,0.5067347771627602,0.6440217391304348,0.6066176470588235,0.5220588235294118,0.6440756503849908,0.5839845811873017,0.50673477716276,0.5931677018633541,0.5504201680672269,0.45378151260504207,0.5999189331289168,0.563909186026567,0.4690268990156389
549,0mp6ubwm,5,"SynNetRP,xylo,Realworld",1,"(80, 80, 80)","(10, 2, 2)",49,35841.729619565216,36324.55147058824,37429.72426470588,0.6535326086956522,0.6654411764705882,0.5110294117647058,0.6535326086956521,0.6654411764705883,0.5110294117647058,0.932152773089387,0.9298381117152743,0.8835578348986652,0.9419787574580577,0.9457054421033119,0.8888948961937716,0.9321527730893869,0.9298381117152744,0.8835578348986654,0.6491107594913749,0.6541281564786868,0.5007343572116234,0.6535326086956522,0.6654411764705882,0.5110294117647058,0.6491107594913749,0.6541281564786868,0.5007343572116234,0.6040372670807453,0.6176470588235294,0.4411764705882353,0.6106987440930647,0.6264571115294425,0.4571768615844752
550,0mp6ubwm,5,"SynNetRP,xylo,Realworld",1,"(80, 80, 80)","(10, 2, 2)",50,35951.95923913043,36358.36397058824,37718.044117647056,0.641983695652174,0.6102941176470589,0.5220588235294118,0.6419836956521738,0.6102941176470589,0.5220588235294117,0.9334170562719416,0.9290194018783984,0.892123393475037,0.9425568360429888,0.9395960130375679,0.9057720974419181,0.9334170562719415,0.9290194018783984,0.892123393475037,0.6414679412650772,0.5978072407718587,0.501277206835034,0.641983695652174,0.6102941176470589,0.5220588235294118,0.6414679412650771,0.5978072407718588,0.501277206835034,0.5908385093167702,0.5546218487394958,0.45378151260504207,0.595724101530224,0.5687489385082863,0.47518340688514227
551,0mp6ubwm,5,"SynNetRP,xylo,Realworld",1,"(80, 80, 80)","(10, 2, 2)",51,36165.610054347824,37110.419117647056,37682.805147058825,0.6440217391304348,0.5882352941176471,0.5183823529411765,0.6440217391304348,0.588235294117647,0.5183823529411765,0.9321709699061572,0.9324873331685616,0.8950661146811666,0.9420252384574164,0.9377693632600099,0.9070677443771626,0.9321709699061572,0.9324873331685616,0.8950661146811666,0.644173253825133,0.5718503835511026,0.5008203970284624,0.6440217391304348,0.5882352941176471,0.5183823529411765,0.644173253825133,0.5718503835511025,0.5008203970284624,0.5931677018633541,0.5294117647058824,0.44957983193277307,0.5988652649685859,0.5545873490678768,0.46863723408584484
552,0mp6ubwm,5,"SynNetRP,xylo,Realworld",1,"(80, 80, 80)","(10, 2, 2)",52,36019.40964673913,36070.71323529412,37311.14705882353,0.641983695652174,0.5919117647058824,0.5257352941176471,0.6419836956521738,0.5919117647058824,0.525735294117647,0.9322843703584931,0.9247791028175976,0.8902079214038556,0.9398148526638029,0.9317082071799307,0.8936777836134454,0.9322843703584931,0.9247791028175977,0.8902079214038556,0.6417007833766828,0.5824508959217697,0.503859423746881,0.641983695652174,0.5919117647058824,0.5257352941176471,0.6417007833766827,0.5824508959217696,0.5038594237468809,0.5908385093167702,0.5336134453781513,0.45798319327731096,0.5953370118450645,0.5495853224290681,0.4729328799097658
553,0mp6ubwm,5,"SynNetRP,xylo,Realworld",1,"(80, 80, 80)","(10, 2, 2)",53,35550.33355978261,36076.544117647056,37168.25367647059,0.6508152173913043,0.5955882352941176,0.5551470588235294,0.6508152173913043,0.5955882352941176,0.5551470588235294,0.9354819993923845,0.930301532377657,0.8952514829461196,0.9442722486413044,0.9369583771008403,0.9097353095650025,0.9354819993923845,0.930301532377657,0.8952514829461196,0.6472805153926457,0.5859280151331155,0.5615962324477748,0.6508152173913043,0.5955882352941176,0.5551470588235294,0.6472805153926459,0.5859280151331154,0.5615962324477747,0.6009316770186335,0.5378151260504201,0.4915966386554622,0.6104601196500965,0.5552792616637683,0.5027644676612152
554,0mp6ubwm,5,"SynNetRP,xylo,Realworld",1,"(80, 80, 80)","(10, 2, 2)",54,35575.053668478264,35964.95955882353,36877.40073529412,0.6440217391304348,0.6544117647058824,0.5404411764705882,0.6440217391304347,0.6544117647058824,0.5404411764705883,0.9368794621759384,0.9309348739495799,0.8899530400395452,0.9450415586285613,0.9418117430795847,0.9030919812778052,0.9368794621759384,0.9309348739495799,0.8899530400395452,0.645932738276628,0.6556305871974075,0.5440075666455502,0.6440217391304348,0.6544117647058824,0.5404411764705882,0.6459327382766279,0.6556305871974074,0.5440075666455501,0.5931677018633541,0.6050420168067228,0.47478991596638653,0.5974251751097085,0.6129907712045934,0.4847854740599695
555,0mp6ubwm,5,"SynNetRP,xylo,Realworld",1,"(80, 80, 80)","(10, 2, 2)",55,35628.948369565216,35580.470588235294,36882.53676470588,0.6677989130434783,0.6507352941176471,0.5514705882352942,0.6677989130434783,0.6507352941176471,0.5514705882352942,0.9360086521907912,0.9319389520514088,0.890030276816609,0.9446844460994464,0.9440197494438952,0.9036509824518043,0.9360086521907912,0.9319389520514089,0.8900302768166091,0.6691580346940654,0.6505515273669882,0.5534854195892779,0.6677989130434783,0.6507352941176471,0.5514705882352942,0.6691580346940654,0.6505515273669883,0.5534854195892779,0.6203416149068324,0.6008403361344538,0.4873949579831933,0.6233058497442006,0.605858781618205,0.4956009279009026
556,0mp6ubwm,5,"SynNetRP,xylo,Realworld",1,"(80, 80, 80)","(10, 2, 2)",56,35766.830842391304,36400.61397058824,37586.33823529412,0.6596467391304348,0.6102941176470589,0.5330882352941176,0.6596467391304348,0.6102941176470589,0.5330882352941176,0.9375197791486632,0.9311125185368265,0.8848785837864558,0.9473004692668952,0.946680556413742,0.8989530554869007,0.9375197791486632,0.9311125185368264,0.8848785837864557,0.6568707203880919,0.6008329600102682,0.5195412334889938,0.6596467391304348,0.6102941176470589,0.5330882352941176,0.656870720388092,0.6008329600102681,0.5195412334889938,0.6110248447204969,0.5546218487394958,0.46638655462184875,0.6156714363547524,0.5590260179824148,0.49331262681813776
557,0mp6ubwm,5,"SynNetRP,xylo,Realworld",1,"(80, 80, 80)","(10, 2, 2)",57,35887.06589673913,36612.41176470588,36939.27573529412,0.6535326086956522,0.6580882352941176,0.5294117647058824,0.6535326086956521,0.6580882352941178,0.5294117647058824,0.9342274739231704,0.9326109120118636,0.8931351952545724,0.9428833238569234,0.942098484614434,0.8969149700321304,0.9342274739231705,0.9326109120118635,0.8931351952545725,0.6528640539703672,0.6667820966505515,0.5263533461792047,0.6535326086956522,0.6580882352941176,0.5294117647058824,0.6528640539703671,0.6667820966505515,0.5263533461792046,0.6040372670807453,0.6092436974789917,0.46218487394957986,0.6111146861259862,0.6132256937603499,0.4697188865196248
558,0mp6ubwm,5,"SynNetRP,xylo,Realworld",1,"(80, 80, 80)","(10, 2, 2)",58,36015.580842391304,36388.30882352941,37395.055147058825,0.6610054347826086,0.6727941176470589,0.5625,0.6610054347826086,0.6727941176470589,0.5625,0.9384404325884419,0.9274437716262975,0.8971360603064755,0.9449303998130738,0.9396664915966386,0.9061022846638656,0.9384404325884418,0.9274437716262975,0.8971360603064755,0.6637237789501422,0.6787138920343221,0.5619481799987849,0.6610054347826086,0.6727941176470589,0.5625,0.6637237789501421,0.678713892034322,0.5619481799987849,0.6125776397515528,0.6260504201680672,0.5,0.6161120180914179,0.628452872133575,0.5106578958343229
559,0mp6ubwm,5,"SynNetRP,xylo,Realworld",1,"(80, 80, 80)","(10, 2, 2)",59,35847.671195652176,36847.944852941175,37960.13602941176,0.6970108695652174,0.6838235294117647,0.5551470588235294,0.6970108695652174,0.6838235294117647,0.5551470588235294,0.9413693289224953,0.9393768536826494,0.8867554374691052,0.9496364196892721,0.951733772553139,0.8935812376421156,0.9413693289224953,0.9393768536826494,0.8867554374691052,0.7000725303766685,0.6868221030032214,0.5470988825915324,0.6970108695652174,0.6838235294117647,0.5551470588235294,0.7000725303766685,0.6868221030032214,0.5470988825915325,0.6537267080745341,0.6386554621848739,0.4915966386554622,0.6543658768427723,0.64431367204927,0.5081544053624112
560,0mp6ubwm,5,"SynNetRP,xylo,Realworld",1,"(80, 80, 80)","(10, 2, 2)",60,36207.451766304344,37158.180147058825,38106.29779411765,0.6766304347826086,0.6360294117647058,0.5257352941176471,0.6766304347826086,0.6360294117647058,0.5257352941176471,0.9387656017924656,0.9377162629757786,0.8848554127533366,0.9476719546440387,0.9469190249629263,0.8931989155956499,0.9387656017924656,0.9377162629757786,0.8848554127533367,0.6788312705994427,0.6311116494365373,0.509381199583443,0.6766304347826086,0.6360294117647058,0.5257352941176471,0.6788312705994427,0.6311116494365374,0.5093811995834429,0.6304347826086957,0.5840336134453781,0.45798319327731096,0.632182427435427,0.5945507418146108,0.472171275237938
561,0mp6ubwm,5,"SynNetRP,xylo,Realworld",1,"(80, 80, 80)","(10, 2, 2)",61,36356.799592391304,37484.132352941175,38345.205882352944,0.6807065217391305,0.6433823529411765,0.5441176470588235,0.6807065217391304,0.6433823529411764,0.5441176470588236,0.9422417212395355,0.9404967869500742,0.8735788433020267,0.9497765219923036,0.9488847009391992,0.8859164529782502,0.9422417212395355,0.9404967869500741,0.8735788433020266,0.6794630395280064,0.6463847792009081,0.5191265909426985,0.6807065217391305,0.6433823529411765,0.5441176470588235,0.6794630395280064,0.6463847792009081,0.5191265909426985,0.6350931677018634,0.592436974789916,0.4789915966386554,0.6386743126423011,0.6000013580851904,0.49768611797605206
562,0mp6ubwm,5,"SynNetRP,xylo,Realworld",1,"(80, 80, 80)","(10, 2, 2)",62,36715.688179347824,36408.595588235294,37228.96323529412,0.6881793478260869,0.6213235294117647,0.5698529411764706,0.6881793478260869,0.6213235294117647,0.5698529411764706,0.9414872126485282,0.9233965645081562,0.8963019031141868,0.9487590496198184,0.9369255514705882,0.9047178154349974,0.9414872126485282,0.9233965645081562,0.8963019031141869,0.6863169349595819,0.6248574863905529,0.5667895781345964,0.6881793478260869,0.6213235294117647,0.5698529411764706,0.6863169349595819,0.6248574863905529,0.5667895781345964,0.6436335403726707,0.5672268907563025,0.5084033613445378,0.6469309618405725,0.5710593989655395,0.5170869345360333
563,0mp6ubwm,5,"SynNetRP,xylo,Realworld",1,"(80, 80, 80)","(10, 2, 2)",63,36392.64673913043,36768.15073529412,38177.507352941175,0.701766304347826,0.6544117647058824,0.5220588235294118,0.701766304347826,0.6544117647058824,0.5220588235294117,0.9451843311166622,0.9352137913989125,0.8879989495798319,0.9522672442529706,0.9465453920538803,0.8902494361715275,0.9451843311166622,0.9352137913989125,0.8879989495798319,0.7018309314274749,0.6413558968188214,0.4989764990296905,0.701766304347826,0.6544117647058824,0.5220588235294118,0.7018309314274748,0.6413558968188214,0.4989764990296906,0.6591614906832298,0.6050420168067228,0.45378151260504207,0.6608415792954787,0.6097413143556404,0.47239104892566597
564,0mp6ubwm,5,"SynNetRP,xylo,Realworld",1,"(80, 80, 80)","(10, 2, 2)",64,36345.002717391304,37321.01470588235,38130.970588235294,0.6976902173913043,0.6875,0.5477941176470589,0.6976902173913043,0.6875,0.5477941176470589,0.9448483493113692,0.9413695625308947,0.8862456747404844,0.95252677964868,0.9524520745798319,0.8963694852941178,0.9448483493113693,0.9413695625308947,0.8862456747404844,0.6918160351417872,0.6905529934585625,0.5383246339211407,0.6976902173913043,0.6875,0.5477941176470589,0.6918160351417871,0.6905529934585625,0.5383246339211408,0.6545031055900621,0.6428571428571428,0.4831932773109243,0.658562649486187,0.6473324226022925,0.49753372742269203
565,0mp6ubwm,5,"SynNetRP,xylo,Realworld",1,"(80, 80, 80)","(10, 2, 2)",65,36651.538043478264,37404.92647058824,37995.305147058825,0.7092391304347826,0.6691176470588235,0.5294117647058824,0.7092391304347826,0.6691176470588236,0.5294117647058825,0.9446146916351607,0.9305795847750865,0.8901075135936728,0.9513856216665542,0.9441858085145822,0.8973185321922887,0.9446146916351607,0.9305795847750865,0.8901075135936728,0.7079153119142187,0.6774787767761181,0.5139486355696555,0.7092391304347826,0.6691176470588235,0.5294117647058824,0.7079153119142186,0.677478776776118,0.5139486355696555,0.6677018633540373,0.6218487394957983,0.46218487394957986,0.6699729550529757,0.6252480890272997,0.4778861152990229
566,0mp6ubwm,5,"SynNetRP,xylo,Realworld",1,"(80, 80, 80)","(10, 2, 2)",66,36593.6875,37454.5625,38088.268382352944,0.6895380434782609,0.6433823529411765,0.5551470588235294,0.6895380434782609,0.6433823529411764,0.5551470588235294,0.9441476400047258,0.9399252347998024,0.8999552026693031,0.9516635846357684,0.9506196320439941,0.900328835578349,0.9441476400047258,0.9399252347998024,0.899955202669303,0.6877272986246138,0.638531993394385,0.5384379245241507,0.6895380434782609,0.6433823529411765,0.5551470588235294,0.6877272986246138,0.6385319933943849,0.5384379245241507,0.6451863354037267,0.592436974789916,0.4915966386554622,0.6487707562973023,0.5971789171670806,0.5081460182461678
567,0mp6ubwm,5,"SynNetRP,xylo,Realworld",1,"(80, 80, 80)","(10, 2, 2)",67,36809.61277173913,37716.63970588235,38332.32352941176,0.6942934782608695,0.6507352941176471,0.5294117647058824,0.6942934782608696,0.650735294117647,0.5294117647058824,0.9440790722893599,0.9374073158675235,0.8952051408798813,0.9519978192829295,0.9402032871972318,0.8935667557464162,0.9440790722893599,0.9374073158675235,0.8952051408798813,0.6963853563777995,0.6491751453817773,0.499638640935001,0.6942934782608695,0.6507352941176471,0.5294117647058824,0.6963853563777994,0.6491751453817772,0.49963864093500093,0.6506211180124224,0.6008403361344538,0.46218487394957986,0.6521522226635229,0.6161446833839769,0.47628420524879767
568,0mp6ubwm,5,"SynNetRP,xylo,Realworld",1,"(80, 80, 80)","(10, 2, 2)",68,36364.593070652176,37435.74632352941,38216.882352941175,0.65625,0.6544117647058824,0.5955882352941176,0.65625,0.6544117647058822,0.5955882352941178,0.9372763637591142,0.9298149406821552,0.9067906574394463,0.9442216799512221,0.9381941655338605,0.9131482096515077,0.9372763637591143,0.9298149406821552,0.9067906574394463,0.658454147974781,0.6564279139335949,0.5876250677575929,0.65625,0.6544117647058824,0.5955882352941176,0.658454147974781,0.6564279139335949,0.5876250677575929,0.6071428571428572,0.6050420168067228,0.5378151260504201,0.6086184124250621,0.6118954082871806,0.5466866561527775
569,0mp6ubwm,5,"SynNetRP,xylo,Realworld",1,"(80, 80, 80)","(10, 2, 2)",69,36815.58559782609,37535.83455882353,37815.96323529412,0.6752717391304348,0.7132352941176471,0.5441176470588235,0.6752717391304348,0.713235294117647,0.5441176470588236,0.9448963467121252,0.942010627780524,0.8934982081067722,0.9521857871257255,0.9505501189446367,0.8958713080820563,0.9448963467121253,0.9420106277805239,0.8934982081067722,0.674980401083284,0.718518146686524,0.5198477004855612,0.6752717391304348,0.7132352941176471,0.5441176470588235,0.6749804010832839,0.7185181466865241,0.5198477004855612,0.6288819875776397,0.6722689075630253,0.4789915966386554,0.6310830409998373,0.6771823291047758,0.49315888821146214
570,0mp6ubwm,5,"SynNetRP,xylo,Realworld",1,"(80, 80, 80)","(10, 2, 2)",70,37083.239130434784,37928.93382352941,38775.01470588235,0.6936141304347826,0.6691176470588235,0.5220588235294118,0.6936141304347827,0.6691176470588235,0.5220588235294117,0.9456447896975425,0.9432541398912506,0.8691222812654473,0.9523579316495915,0.9542845171156698,0.8764781188210578,0.9456447896975425,0.9432541398912507,0.8691222812654474,0.6957393016624134,0.6675236091087071,0.4871248521456717,0.6936141304347826,0.6691176470588235,0.5220588235294118,0.6957393016624134,0.667523609108707,0.48712485214567175,0.6498447204968945,0.6218487394957983,0.45378151260504207,0.6530320038874188,0.6279605895425046,0.4792845656672883
571,0mp6ubwm,5,"SynNetRP,xylo,Realworld",1,"(80, 80, 80)","(10, 2, 2)",71,37004.524456521736,38334.22426470588,38580.4375,0.6942934782608695,0.7352941176470589,0.5514705882352942,0.6942934782608695,0.7352941176470589,0.5514705882352942,0.943508641641912,0.9363260009886307,0.8803602323282254,0.9510741989708513,0.9501793824147305,0.8896247837370242,0.9435086416419118,0.9363260009886307,0.8803602323282254,0.6953833462264677,0.7281333803996237,0.5405861439609686,0.6942934782608695,0.7352941176470589,0.5514705882352942,0.6953833462264677,0.7281333803996237,0.5405861439609687,0.6506211180124224,0.6974789915966386,0.4873949579831933,0.6522815134833567,0.7051677789609633,0.5095542507407752
572,0mp6ubwm,5,"SynNetRP,xylo,Realworld",1,"(80, 80, 80)","(10, 2, 2)",72,37043.381793478264,37601.341911764706,38197.757352941175,0.6800271739130435,0.6727941176470589,0.5330882352941176,0.6800271739130435,0.6727941176470589,0.5330882352941176,0.941001700479341,0.9440110603064755,0.9042650148294612,0.9483671917195517,0.9518872806475531,0.9032203874196738,0.9410017004793411,0.9440110603064755,0.9042650148294612,0.6825009313111199,0.6684153501591832,0.5018607680978815,0.6800271739130435,0.6727941176470589,0.5330882352941176,0.68250093131112,0.6684153501591833,0.5018607680978815,0.6343167701863355,0.6260504201680672,0.46638655462184875,0.6376116501464045,0.6300732441345753,0.47916211139136966
573,0mp6ubwm,5,"SynNetRP,xylo,Realworld",1,"(80, 80, 80)","(10, 2, 2)",73,37047.66779891304,37185.84926470588,38032.80147058824,0.6820652173913043,0.6580882352941176,0.5919117647058824,0.6820652173913043,0.6580882352941176,0.5919117647058825,0.946050130384148,0.9356463173504697,0.9052381982204647,0.9528940784393566,0.941634098492338,0.9138829244933268,0.946050130384148,0.9356463173504695,0.9052381982204647,0.678964737364313,0.6599683535033464,0.5902157991743164,0.6820652173913043,0.6580882352941176,0.5919117647058824,0.6789647373643131,0.6599683535033464,0.5902157991743164,0.6366459627329193,0.6092436974789917,0.5336134453781513,0.6403311654175208,0.6193626818644947,0.5434053345092359
574,0mp6ubwm,5,"SynNetRP,xylo,Realworld",1,"(80, 80, 80)","(10, 2, 2)",74,37189.48777173913,37672.904411764706,38335.904411764706,0.6997282608695652,0.7205882352941176,0.5588235294117647,0.6997282608695652,0.7205882352941178,0.5588235294117647,0.9466073749324871,0.9439260998517054,0.8982096515076619,0.9530898920111226,0.9532891281512605,0.9052594383341572,0.9466073749324871,0.9439260998517054,0.898209651507662,0.7002093191664394,0.7266971843030066,0.5374846706583893,0.6997282608695652,0.7205882352941176,0.5588235294117647,0.7002093191664394,0.7266971843030066,0.5374846706583893,0.6568322981366459,0.680672268907563,0.4957983193277311,0.6597913910837382,0.6840407480853975,0.5106466985609542
575,0mp6ubwm,5,"SynNetRP,xylo,Realworld",1,"(80, 80, 80)","(10, 2, 2)",75,37339.167119565216,38455.46323529412,38560.216911764706,0.7004076086956522,0.7169117647058824,0.5404411764705882,0.7004076086956521,0.7169117647058824,0.5404411764705883,0.9458705357142858,0.9384500123578844,0.8894432773109244,0.9527594154022078,0.94850430981216,0.8908769849851705,0.9458705357142858,0.9384500123578844,0.8894432773109244,0.7023303969030297,0.7241697199953037,0.5272032482747715,0.7004076086956522,0.7169117647058824,0.5404411764705882,0.7023303969030296,0.7241697199953036,0.5272032482747716,0.6576086956521738,0.6764705882352942,0.47478991596638653,0.6585869148302718,0.6830009515539734,0.49313955705866486
576,0mp6ubwm,5,"SynNetRP,xylo,Realworld",1,"(80, 80, 80)","(10, 2, 2)",76,37192.239130434784,38038.069852941175,38843.544117647056,0.7099184782608695,0.6727941176470589,0.5294117647058824,0.7099184782608696,0.6727941176470588,0.5294117647058824,0.9472068149979747,0.9446212308452793,0.8857359120118635,0.9524817820854713,0.9516603976149283,0.8949251575630253,0.9472068149979745,0.9446212308452795,0.8857359120118635,0.7089527426665202,0.6690477842080229,0.515051735136664,0.7099184782608695,0.6727941176470589,0.5294117647058824,0.7089527426665202,0.6690477842080229,0.515051735136664,0.6684782608695652,0.6260504201680672,0.46218487394957986,0.6719477236212004,0.6375589691151633,0.47673017532899525
577,0mp6ubwm,5,"SynNetRP,xylo,Realworld",1,"(80, 80, 80)","(10, 2, 2)",77,37297.258831521736,37777.49632352941,38191.40073529412,0.6983695652173914,0.6911764705882353,0.6176470588235294,0.6983695652173914,0.6911764705882353,0.6176470588235294,0.947076008894815,0.9347889891250618,0.90411826495304,0.9534537624160309,0.938020382785467,0.9135459790533862,0.947076008894815,0.9347889891250618,0.90411826495304,0.6961791756347113,0.6905151476736842,0.6237811412754328,0.6983695652173914,0.6911764705882353,0.6176470588235294,0.6961791756347114,0.6905151476736842,0.6237811412754328,0.65527950310559,0.6470588235294117,0.5630252100840336,0.6573341793256439,0.6558404062916315,0.5677991588284309
578,0mp6ubwm,5,"SynNetRP,xylo,Realworld",1,"(80, 80, 80)","(10, 2, 2)",78,37580.21535326087,38648.75,39057.29779411765,0.7153532608695652,0.6360294117647058,0.5661764705882353,0.7153532608695652,0.636029411764706,0.5661764705882353,0.9457012262017284,0.9355999752842313,0.9055394216510133,0.95270789071994,0.9383833956376668,0.9119944852941178,0.9457012262017285,0.9355999752842313,0.9055394216510133,0.7189567779909876,0.6341309246529585,0.5489437438696501,0.7153532608695652,0.6360294117647058,0.5661764705882353,0.7189567779909877,0.6341309246529585,0.5489437438696501,0.6746894409937888,0.5840336134453781,0.5042016806722689,0.6762979725022761,0.5988612285900452,0.5163404115244186
579,0mp6ubwm,5,"SynNetRP,xylo,Realworld",1,"(80, 80, 80)","(10, 2, 2)",79,37470.09782608696,38422.83455882353,39259.75,0.7085597826086957,0.7316176470588235,0.5514705882352942,0.7085597826086957,0.7316176470588236,0.551470588235294,0.9483397646334053,0.9430919426594166,0.8862070563519526,0.9552819491269746,0.9542729315991103,0.8984288108625803,0.9483397646334054,0.9430919426594168,0.8862070563519526,0.7047708629683564,0.7299532536093508,0.5352594247649296,0.7085597826086957,0.7316176470588235,0.5514705882352942,0.7047708629683563,0.7299532536093508,0.5352594247649297,0.6669254658385093,0.6932773109243697,0.4873949579831933,0.6704186688581837,0.6995844520482433,0.5095370450798582
580,0mp6ubwm,5,"SynNetRP,xylo,Realworld",1,"(80, 80, 80)","(10, 2, 2)",80,37921.94972826087,38552.0,39112.18382352941,0.6915760869565217,0.6838235294117647,0.5808823529411765,0.6915760869565217,0.6838235294117647,0.5808823529411765,0.9450978303065083,0.9427521008403361,0.9026353188334157,0.9497212392717898,0.9504487456747405,0.916983981092437,0.9450978303065082,0.9427521008403362,0.9026353188334157,0.6911906802292497,0.6867993078333287,0.5761120121524104,0.6915760869565217,0.6838235294117647,0.5808823529411765,0.6911906802292497,0.6867993078333285,0.5761120121524104,0.6475155279503105,0.6386554621848739,0.5210084033613445,0.649987245561281,0.6430712748240739,0.5363218455878832
581,0mp6ubwm,5,"SynNetRP,xylo,Realworld",1,"(80, 80, 80)","(10, 2, 2)",81,37566.06453804348,37764.88970588235,38663.779411764706,0.6922554347826086,0.7279411764705882,0.5257352941176471,0.6922554347826086,0.7279411764705883,0.5257352941176471,0.9472711631616257,0.9407362209589718,0.8849017548195749,0.9522640466239366,0.9545249165842806,0.8905197648912506,0.9472711631616256,0.9407362209589718,0.8849017548195749,0.6928936383216322,0.7301571602105159,0.5133139674291314,0.6922554347826086,0.7279411764705882,0.5257352941176471,0.6928936383216321,0.7301571602105159,0.5133139674291315,0.6482919254658386,0.6890756302521008,0.45798319327731096,0.6501270026829041,0.691278898168646,0.4782806840348827
582,0mp6ubwm,5,"SynNetRP,xylo,Realworld",1,"(80, 80, 80)","(10, 2, 2)",82,37381.239130434784,38017.99632352941,38747.99632352941,0.6963315217391305,0.6985294117647058,0.5551470588235294,0.6963315217391304,0.6985294117647058,0.5551470588235294,0.9440840830070214,0.9437252842313395,0.8829862827483934,0.9509706551275993,0.9563177752718734,0.8903585331191299,0.9440840830070213,0.9437252842313396,0.8829862827483934,0.6966709097919855,0.6955982011443356,0.5362892334256013,0.6963315217391305,0.6985294117647058,0.5551470588235294,0.6966709097919855,0.6955982011443356,0.5362892334256014,0.6529503105590062,0.6554621848739496,0.4915966386554622,0.6544144206826202,0.6586853540792076,0.5101794035442915
583,0mp6ubwm,5,"SynNetRP,xylo,Realworld",1,"(80, 80, 80)","(10, 2, 2)",83,37371.14402173913,38243.5625,38794.3125,0.7139945652173914,0.7022058823529411,0.5772058823529411,0.7139945652173914,0.7022058823529411,0.5772058823529411,0.9470992164292464,0.9444435862580327,0.9031605289174494,0.9548693560858594,0.9554305177953534,0.9131848971206129,0.9470992164292464,0.9444435862580327,0.9031605289174494,0.7158138397355887,0.7053382439942637,0.5759067783450003,0.7139945652173914,0.7022058823529411,0.5772058823529411,0.7158138397355888,0.7053382439942636,0.5759067783450001,0.6731366459627329,0.6596638655462185,0.5168067226890756,0.6737008058432634,0.6634460899618855,0.535159578787363
584,0mp6ubwm,5,"SynNetRP,xylo,Realworld",1,"(80, 80, 80)","(10, 2, 2)",84,37841.76358695652,38682.0,39253.77573529412,0.7126358695652174,0.7242647058823529,0.5808823529411765,0.7126358695652173,0.7242647058823529,0.5808823529411764,0.9507952800094517,0.9485448591201187,0.8969506920415224,0.9576725229649101,0.959588752780524,0.907085122652002,0.9507952800094518,0.9485448591201187,0.8969506920415223,0.7116315465959187,0.7235877746870445,0.5693772702688897,0.7126358695652174,0.7242647058823529,0.5808823529411765,0.7116315465959187,0.7235877746870445,0.5693772702688896,0.6715838509316769,0.6848739495798319,0.5210084033613445,0.6748267202983939,0.6888330074077732,0.5427566510076371
585,0mp6ubwm,5,"SynNetRP,xylo,Realworld",1,"(80, 80, 80)","(10, 2, 2)",85,38186.843070652176,39502.404411764706,40170.720588235294,0.7302989130434783,0.7205882352941176,0.5772058823529411,0.7302989130434783,0.7205882352941176,0.5772058823529411,0.9512533650924926,0.9478497281265448,0.8766528670291647,0.9578611830779098,0.9585981911146811,0.8860689956129512,0.9512533650924925,0.9478497281265448,0.8766528670291646,0.7315968875667404,0.7165841841373757,0.5688675871077028,0.7302989130434783,0.7205882352941176,0.5772058823529411,0.7315968875667405,0.7165841841373757,0.5688675871077029,0.6917701863354038,0.680672268907563,0.5168067226890756,0.6939602765232512,0.6867999188532492,0.538478887450735
586,0mp6ubwm,5,"SynNetRP,xylo,Realworld",1,"(80, 80, 80)","(10, 2, 2)",86,38790.768342391304,39351.194852941175,40416.05147058824,0.7167119565217391,0.7316176470588235,0.5441176470588235,0.7167119565217391,0.7316176470588236,0.5441176470588236,0.9486008493957603,0.9464131240731586,0.87881549678695,0.9553080905684579,0.9583993064137419,0.888919032686604,0.9486008493957602,0.9464131240731587,0.87881549678695,0.7185326672846053,0.7297694931629477,0.514325439032974,0.7167119565217391,0.7316176470588235,0.5441176470588235,0.7185326672846053,0.7297694931629477,0.514325439032974,0.6762422360248448,0.6932773109243697,0.4789915966386554,0.6773664347208135,0.6947491590970442,0.49730476830522813
587,0mp6ubwm,5,"SynNetRP,xylo,Realworld",1,"(80, 80, 80)","(10, 2, 2)",87,38885.110733695656,38973.20220588235,39950.33455882353,0.7133152173913043,0.75,0.5808823529411765,0.7133152173913043,0.75,0.5808823529411765,0.9490196399034567,0.9473399653979239,0.8924246169055858,0.9543518346610858,0.9580382244809689,0.9018320563519526,0.9490196399034566,0.9473399653979239,0.8924246169055857,0.7128270660965716,0.7516834200725772,0.5784231440056188,0.7133152173913043,0.75,0.5808823529411765,0.7128270660965716,0.751683420072577,0.5784231440056188,0.672360248447205,0.7142857142857143,0.5210084033613445,0.6741236556845392,0.7149044114257774,0.5340537947012474
588,0mp6ubwm,5,"SynNetRP,xylo,Realworld",1,"(80, 80, 80)","(10, 2, 2)",88,38812.444293478264,39559.98897058824,39909.20220588235,0.7289402173913043,0.7426470588235294,0.6213235294117647,0.7289402173913043,0.7426470588235294,0.6213235294117647,0.953460981805293,0.9409756549678695,0.9046743697478992,0.9583716499396604,0.950570393598616,0.9095373903237766,0.9534609818052932,0.9409756549678695,0.904674369747899,0.7307186159304446,0.7421839357624798,0.6273163453013589,0.7289402173913043,0.7426470588235294,0.6213235294117647,0.7307186159304446,0.7421839357624798,0.6273163453013589,0.6902173913043479,0.7058823529411764,0.5672268907563025,0.6933113901155022,0.7120018449912983,0.5770719591102077
589,0mp6ubwm,5,"SynNetRP,xylo,Realworld",1,"(80, 80, 80)","(10, 2, 2)",89,38778.53940217391,39751.117647058825,40030.57352941176,0.717391304347826,0.7132352941176471,0.5551470588235294,0.7173913043478262,0.713235294117647,0.5551470588235294,0.9501539081487983,0.9481123331685615,0.8913587493821058,0.9573221683115887,0.9533634685491844,0.8987145869377162,0.9501539081487982,0.9481123331685616,0.8913587493821058,0.7191370352820338,0.7185688577514595,0.530815090541118,0.717391304347826,0.7132352941176471,0.5551470588235294,0.7191370352820338,0.7185688577514594,0.530815090541118,0.6770186335403727,0.6722689075630253,0.4915966386554622,0.6786708441520817,0.6794330850555578,0.5024885043854881
590,0mp6ubwm,5,"SynNetRP,xylo,Realworld",1,"(80, 80, 80)","(10, 2, 2)",90,38629.018342391304,39734.51102941176,40154.84926470588,0.7269021739130435,0.6875,0.5551470588235294,0.7269021739130435,0.6875,0.5551470588235294,0.9485088104239805,0.944103744438952,0.8904473554127533,0.9555271116746556,0.9513340722318337,0.9035737456747405,0.9485088104239804,0.9441037444389522,0.8904473554127534,0.7297307765294261,0.6943214844623296,0.5270616507837931,0.7269021739130435,0.6875,0.5551470588235294,0.7297307765294261,0.6943214844623294,0.5270616507837931,0.687888198757764,0.6428571428571428,0.4915966386554622,0.6887766551928587,0.6491652484314074,0.5063274811484705
591,0mp6ubwm,5,"SynNetRP,xylo,Realworld",1,"(80, 80, 80)","(10, 2, 2)",91,38563.669157608696,39855.117647058825,40441.16176470588,0.7248641304347826,0.7058823529411765,0.5588235294117647,0.7248641304347826,0.7058823529411764,0.5588235294117647,0.95054184318458,0.9446675729115176,0.8984722565496787,0.9554335892667263,0.9562791568833415,0.9009699008279782,0.95054184318458,0.9446675729115174,0.8984722565496787,0.7225077736711754,0.7094734449281174,0.5438202186731922,0.7248641304347826,0.7058823529411765,0.5588235294117647,0.7225077736711754,0.7094734449281174,0.5438202186731921,0.68555900621118,0.6638655462184874,0.4957983193277311,0.6901256032273682,0.6668180472371409,0.5141807449369452
592,0mp6ubwm,5,"SynNetRP,xylo,Realworld",1,"(80, 80, 80)","(10, 2, 2)",92,39164.216032608696,40058.50367647059,40613.283088235294,0.7214673913043478,0.7683823529411765,0.5698529411764706,0.7214673913043479,0.7683823529411764,0.5698529411764706,0.9505022848872535,0.9473863074641621,0.8959002718734553,0.9575775830513267,0.9590403716633712,0.9006802629139891,0.9505022848872535,0.9473863074641621,0.8959002718734553,0.7232930377554241,0.7688761601926819,0.5634740193793484,0.7214673913043478,0.7683823529411765,0.5698529411764706,0.7232930377554242,0.7688761601926819,0.5634740193793484,0.6816770186335404,0.7352941176470589,0.5084033613445378,0.6822851052466169,0.7357033596353193,0.5291112335224265
593,0mp6ubwm,5,"SynNetRP,xylo,Realworld",1,"(80, 80, 80)","(10, 2, 2)",93,39100.618206521736,39305.25,39786.25367647059,0.7418478260869565,0.7242647058823529,0.5514705882352942,0.7418478260869565,0.724264705882353,0.5514705882352942,0.9528570584661086,0.9501668314384577,0.8806537320810677,0.9595212140599683,0.9603804297454276,0.8872748547948591,0.9528570584661086,0.9501668314384578,0.8806537320810677,0.7436829053040187,0.7222276117467098,0.5322150047937725,0.7418478260869565,0.7242647058823529,0.5514705882352942,0.7436829053040187,0.7222276117467097,0.5322150047937724,0.7049689440993789,0.6848739495798319,0.4873949579831933,0.7063876627610405,0.689609327607395,0.5110231331501066
594,0mp6ubwm,5,"SynNetRP,xylo,Realworld",1,"(80, 80, 80)","(10, 2, 2)",94,38998.813179347824,39556.41176470588,40315.981617647056,0.7377717391304348,0.7352941176470589,0.5625,0.7377717391304348,0.7352941176470589,0.5625,0.9528776287807184,0.9425203905091448,0.90190156945131,0.9584384704968943,0.9546050497404844,0.9052970912629758,0.9528776287807184,0.9425203905091448,0.90190156945131,0.7397954134117564,0.7406429507296588,0.5487854879163429,0.7377717391304348,0.7352941176470589,0.5625,0.7397954134117563,0.7406429507296588,0.548785487916343,0.7003105590062112,0.6974789915966386,0.5,0.7013842092730075,0.7007885319097465,0.5161851913746984
595,0mp6ubwm,5,"SynNetRP,xylo,Realworld",1,"(80, 80, 80)","(10, 2, 2)",95,39673.19089673913,40502.19852941176,41167.242647058825,0.7316576086956522,0.6948529411764706,0.5882352941176471,0.7316576086956521,0.6948529411764706,0.5882352941176471,0.949926579800162,0.9352137913989125,0.9066670785961444,0.9573069383671179,0.9428264412382599,0.9118429081191299,0.9499265798001622,0.9352137913989125,0.9066670785961444,0.7328184106901099,0.6910512745129131,0.5817490230274833,0.7316576086956522,0.6948529411764706,0.5882352941176471,0.73281841069011,0.691051274512913,0.5817490230274833,0.6933229813664596,0.6512605042016807,0.5294117647058824,0.695199978469688,0.6560512308495294,0.5432498176218091
596,0mp6ubwm,5,"SynNetRP,xylo,Realworld",1,"(80, 80, 80)","(10, 2, 2)",96,39800.213994565216,40213.16544117647,41040.466911764706,0.6990489130434783,0.6875,0.5477941176470589,0.6990489130434783,0.6875,0.5477941176470589,0.9447710787705914,0.9378861838853187,0.9062963420662382,0.952665662237544,0.9474731988383588,0.9021921728250124,0.9447710787705914,0.9378861838853189,0.9062963420662382,0.700145599528238,0.6885931882350401,0.5165065402079779,0.6990489130434783,0.6875,0.5477941176470589,0.7001455995282381,0.6885931882350401,0.5165065402079779,0.656055900621118,0.6428571428571428,0.4831932773109243,0.6576001434109174,0.6470689621560897,0.4923913499309036
597,0mp6ubwm,5,"SynNetRP,xylo,Realworld",1,"(80, 80, 80)","(10, 2, 2)",97,39422.28736413043,39976.205882352944,40218.82720588235,0.7235054347826086,0.6691176470588235,0.5220588235294118,0.7235054347826086,0.6691176470588236,0.5220588235294118,0.950102746084256,0.9459188086999505,0.9011832674246169,0.95588719107607,0.9529270807587741,0.9045517563643104,0.9501027460842559,0.9459188086999504,0.9011832674246169,0.725550315185318,0.667558223026973,0.49333334979561866,0.7235054347826086,0.6691176470588235,0.5220588235294118,0.7255503151853181,0.667558223026973,0.49333334979561855,0.6840062111801242,0.6218487394957983,0.45378151260504207,0.6851251887231136,0.627970481723404,0.47438855028896565
598,0mp6ubwm,5,"SynNetRP,xylo,Realworld",1,"(80, 80, 80)","(10, 2, 2)",98,39109.411005434784,40207.55882352941,40387.67647058824,0.7282608695652174,0.7132352941176471,0.5441176470588235,0.7282608695652173,0.713235294117647,0.5441176470588235,0.9533605037300836,0.9419333910034602,0.9000247157686604,0.959509082848788,0.9495701773356402,0.9103010689569946,0.9533605037300837,0.9419333910034604,0.9000247157686604,0.7291809636258577,0.7155783122756241,0.53765766539336,0.7282608695652174,0.7132352941176471,0.5441176470588235,0.7291809636258577,0.715578312275624,0.53765766539336,0.68944099378882,0.6722689075630253,0.4789915966386554,0.6905399950995782,0.6768747286668728,0.4910965440834763
599,0mp6ubwm,5,"SynNetRP,xylo,Realworld",1,"(80, 80, 80)","(10, 2, 2)",99,39220.23845108696,40116.98897058824,40131.21323529412,0.7289402173913043,0.7022058823529411,0.5772058823529411,0.7289402173913043,0.7022058823529411,0.5772058823529411,0.9524714969281664,0.947896070192783,0.9036780153237766,0.9576189544372806,0.9506244593425607,0.9040738538062283,0.9524714969281662,0.947896070192783,0.9036780153237765,0.7305080462089677,0.7071746355948355,0.5615385449981942,0.7289402173913043,0.7022058823529411,0.5772058823529411,0.7305080462089677,0.7071746355948355,0.5615385449981941,0.6902173913043479,0.6596638655462185,0.5168067226890756,0.6911969495801082,0.6677587129015308,0.5264926641149897
600,dzk57fad,4,"SynNetRP,xylo,Realworld",1,"(80, 80, 80)","(10, 2, 2)",0,25190.370762711864,29347.76282051282,27274.01736111111,0.1327683615819209,0.12179487179487179,0.11458333333333333,0.1327683615819209,0.12179487179487179,0.11458333333333334,0.640593151940466,0.6052233023386869,0.5845527447089947,0.5894234731741016,0.5619063762092608,0.555182670579806,0.640593151940466,0.6052233023386869,0.5845527447089948,0.07352587096482428,0.038785714285714284,0.051383706467661695,0.1327683615819209,0.12179487179487179,0.11458333333333333,0.07352587096482428,0.03878571428571428,0.05138370646766169,0.0088781275221953,-0.00366300366300365,-0.011904761904761862,0.010858291537978388,-0.005178202870383842,-0.015319037979302846
601,dzk57fad,4,"SynNetRP,xylo,Realworld",1,"(80, 80, 80)","(10, 2, 2)",1,27839.175847457627,30423.884615384617,29605.604166666668,0.1440677966101695,0.16025641025641027,0.1597222222222222,0.1440677966101695,0.16025641025641024,0.1597222222222222,0.6391698927967242,0.6557187470649009,0.6434840718694885,0.5937105639799729,0.6215380506245891,0.612796413414903,0.6391698927967241,0.6557187470649009,0.6434840718694885,0.06264722230599916,0.09452900733600311,0.0727857266987198,0.1440677966101695,0.16025641025641027,0.1597222222222222,0.06264722230599916,0.09452900733600311,0.0727857266987198,0.021791767554479424,0.04029304029304026,0.03968253968253965,0.031066652723183295,0.06006312427067199,0.0734951477119526
602,dzk57fad,4,"SynNetRP,xylo,Realworld",1,"(80, 80, 80)","(10, 2, 2)",2,29453.95268361582,32704.153846153848,30564.98263888889,0.1440677966101695,0.16346153846153846,0.12152777777777778,0.1440677966101695,0.16346153846153844,0.12152777777777778,0.6303860982293903,0.6313456842302996,0.6416239528218696,0.5817960766610579,0.5890479712595098,0.6020258074294532,0.6303860982293904,0.6313456842302997,0.6416239528218695,0.06700203246255879,0.0901403856545684,0.06072214283511354,0.1440677966101695,0.16346153846153846,0.12152777777777778,0.06700203246255879,0.0901403856545684,0.06072214283511354,0.021791767554479424,0.04395604395604391,-0.003968253968253954,0.032129353221343936,0.05838396542398798,-0.005620639109747384
603,dzk57fad,4,"SynNetRP,xylo,Realworld",1,"(80, 80, 80)","(10, 2, 2)",3,31823.052966101695,37890.092948717946,36292.37152777778,0.15889830508474576,0.2724358974358974,0.2604166666666667,0.15889830508474578,0.27243589743589747,0.26041666666666663,0.6423173645595364,0.7064666103127641,0.7150228725749559,0.6056456064782515,0.6791056166056166,0.6880477017195766,0.6423173645595364,0.7064666103127641,0.7150228725749559,0.10456518906949802,0.20343054182736486,0.20756076169116008,0.15889830508474576,0.2724358974358974,0.2604166666666667,0.10456518906949801,0.20343054182736486,0.20756076169116008,0.03874092009685226,0.16849816849816845,0.15476190476190477,0.04353989111990018,0.18793874710164135,0.17358424748209347
604,dzk57fad,4,"SynNetRP,xylo,Realworld",1,"(80, 80, 80)","(10, 2, 2)",4,36835.11935028248,40222.342948717946,38030.930555555555,0.2422316384180791,0.22435897435897437,0.2708333333333333,0.2422316384180791,0.22435897435897434,0.27083333333333337,0.6993865223001965,0.6594287123133277,0.6910548941798942,0.6683346998787066,0.637178459894806,0.6659165908840388,0.6993865223001966,0.6594287123133277,0.6910548941798942,0.18710111503792332,0.16404024296091077,0.18985932371141814,0.2422316384180791,0.22435897435897437,0.2708333333333333,0.18710111503792334,0.16404024296091077,0.18985932371141817,0.1339790153349475,0.1135531135531136,0.16666666666666663,0.14247752655868373,0.12408043018659008,0.18230009775212377
605,dzk57fad,4,"SynNetRP,xylo,Realworld",1,"(80, 80, 80)","(10, 2, 2)",5,40000.83686440678,44665.705128205125,41932.125,0.2930790960451977,0.22115384615384615,0.2534722222222222,0.2930790960451978,0.22115384615384615,0.2534722222222222,0.7435394750641806,0.7114973701512163,0.7096836419753086,0.6958056105593631,0.6815865091105476,0.6831554163910936,0.7435394750641806,0.7114973701512164,0.7096836419753088,0.2417008184398113,0.13799902998553984,0.19210371718364047,0.2930790960451977,0.22115384615384615,0.2534722222222222,0.24170081843981128,0.13799902998553984,0.19210371718364047,0.192090395480226,0.10989010989010994,0.14682539682539686,0.20144216797509557,0.12129804169565117,0.1549151470090097
606,dzk57fad,4,"SynNetRP,xylo,Realworld",1,"(80, 80, 80)","(10, 2, 2)",6,43126.983050847455,45826.131410256414,43257.95486111111,0.2761299435028249,0.2692307692307692,0.24305555555555555,0.2761299435028249,0.2692307692307692,0.24305555555555555,0.7572644925058024,0.7762221752606369,0.7940917107583774,0.7062971949768129,0.712639123696816,0.7142710744598766,0.7572644925058025,0.7762221752606369,0.7940917107583775,0.21934056236893143,0.18342785209608434,0.14047590572777138,0.2761299435028249,0.2692307692307692,0.24305555555555555,0.21934056236893143,0.18342785209608434,0.1404759057277714,0.17271993543179986,0.1648351648351648,0.13492063492063489,0.1899075458839792,0.19147766016555332,0.16848155788539443
607,dzk57fad,4,"SynNetRP,xylo,Realworld",1,"(80, 80, 80)","(10, 2, 2)",7,41075.95338983051,42957.28525641026,40813.81597222222,0.2725988700564972,0.23076923076923078,0.24305555555555555,0.2725988700564972,0.23076923076923078,0.24305555555555552,0.7873455903476012,0.7711092326476943,0.7847980048500882,0.7184537489227234,0.7003073048746126,0.7111777653769841,0.7873455903476011,0.7711092326476942,0.7847980048500882,0.18461983686291192,0.17812784237826723,0.18224631007116882,0.2725988700564972,0.23076923076923078,0.24305555555555555,0.18461983686291192,0.1781278423782672,0.18224631007116882,0.16868442292171104,0.1208791208791209,0.13492063492063489,0.1877252219115603,0.12859097679666498,0.14604351551194264
608,dzk57fad,4,"SynNetRP,xylo,Realworld",1,"(80, 80, 80)","(10, 2, 2)",8,39284.93290960452,43856.27564102564,41634.73263888889,0.268361581920904,0.26282051282051283,0.2361111111111111,0.268361581920904,0.2628205128205128,0.2361111111111111,0.7861993451981961,0.7524830938292477,0.7592661485890653,0.7150200721148366,0.7033451324316708,0.7022491939484127,0.7861993451981961,0.7524830938292476,0.7592661485890653,0.20135012050549805,0.1782657967032967,0.1583845495501096,0.268361581920904,0.26282051282051283,0.2361111111111111,0.20135012050549803,0.1782657967032967,0.1583845495501096,0.16384180790960456,0.1575091575091575,0.12698412698412698,0.18266069633167312,0.1820098686674035,0.14028275469916818
609,dzk57fad,4,"SynNetRP,xylo,Realworld",1,"(80, 80, 80)","(10, 2, 2)",9,40314.13418079096,42222.77243589744,40798.80902777778,0.2577683615819209,0.2467948717948718,0.2326388888888889,0.2577683615819209,0.2467948717948718,0.2326388888888889,0.7866707249786824,0.7757408190100498,0.7785356040564374,0.7119669333068858,0.703022271531887,0.7065653590718695,0.7866707249786825,0.7757408190100498,0.7785356040564374,0.19483656943814187,0.16594151297969473,0.14696445153215715,0.2577683615819209,0.2467948717948718,0.2326388888888889,0.19483656943814184,0.16594151297969473,0.14696445153215712,0.1517352703793382,0.13919413919413914,0.12301587301587302,0.1637167678392549,0.15725319711713975,0.14342594066232872
610,dzk57fad,4,"SynNetRP,xylo,Realworld",1,"(80, 80, 80)","(10, 2, 2)",10,40999.62429378531,46282.304487179485,44283.70486111111,0.2612994350282486,0.25,0.21875,0.2612994350282486,0.25,0.21875,0.7900379269777431,0.7710564008640932,0.7953042328042328,0.7138084208834352,0.6962554005823237,0.7130077436067019,0.790037926977743,0.7710564008640931,0.7953042328042329,0.1955467874465402,0.14364399110925102,0.14842711975064915,0.2612994350282486,0.25,0.21875,0.19554678744654022,0.14364399110925102,0.14842711975064915,0.15577078288942692,0.1428571428571429,0.1071428571428571,0.17549751860005114,0.17262933291093385,0.11804441953415389
611,dzk57fad,4,"SynNetRP,xylo,Realworld",1,"(80, 80, 80)","(10, 2, 2)",11,42297.9604519774,45032.32692307692,43165.677083333336,0.2725988700564972,0.24358974358974358,0.21875,0.2725988700564972,0.2435897435897436,0.21875,0.7947907689361294,0.7767798440875364,0.7853767085537919,0.71535194741978,0.7074043744716821,0.7093408978174603,0.7947907689361297,0.7767798440875364,0.7853767085537919,0.20274327805645387,0.1506324431011909,0.14438200668291823,0.2725988700564972,0.24358974358974358,0.21875,0.20274327805645392,0.1506324431011909,0.14438200668291826,0.16868442292171104,0.1355311355311355,0.1071428571428571,0.18342469088206148,0.1583377700192298,0.11900568151419869
612,dzk57fad,4,"SynNetRP,xylo,Realworld",1,"(80, 80, 80)","(10, 2, 2)",12,41306.91949152543,44601.40064102564,42973.98611111111,0.2662429378531073,0.3076923076923077,0.2152777777777778,0.2662429378531073,0.3076923076923077,0.2152777777777778,0.7942316110586722,0.7582828496290035,0.7576747134038802,0.7184491890215821,0.6987524361322438,0.6981104290674603,0.7942316110586723,0.7582828496290034,0.75767471340388,0.18352086613893576,0.2169430000437724,0.12306678308154351,0.2662429378531073,0.3076923076923077,0.2152777777777778,0.18352086613893573,0.21694300004377245,0.12306678308154351,0.16142050040355127,0.20879120879120883,0.10317460317460314,0.1769276492597984,0.23245660658303777,0.1161707380071837
613,dzk57fad,4,"SynNetRP,xylo,Realworld",1,"(80, 80, 80)","(10, 2, 2)",13,42570.05155367232,46618.74038461538,44493.631944444445,0.2676553672316384,0.24358974358974358,0.24305555555555555,0.2676553672316384,0.24358974358974358,0.24305555555555558,0.7819897014632722,0.7497593218747065,0.7623387896825398,0.7082092185241423,0.6959699621959238,0.6970821965939153,0.7819897014632722,0.7497593218747065,0.7623387896825398,0.1876288274238757,0.1691124917197323,0.153923004289098,0.2676553672316384,0.24358974358974358,0.24305555555555555,0.1876288274238757,0.1691124917197323,0.15392300428909803,0.1630347054075868,0.1355311355311355,0.13492063492063489,0.18069740525826572,0.15223920592602033,0.1503839709428515
614,dzk57fad,4,"SynNetRP,xylo,Realworld",1,"(80, 80, 80)","(10, 2, 2)",14,43554.9936440678,45249.669871794875,43539.99652777778,0.2634180790960452,0.2724358974358974,0.22569444444444445,0.2634180790960452,0.27243589743589747,0.22569444444444442,0.7809375042749074,0.7727000563539026,0.7764756944444444,0.7088817683182629,0.7028821205503899,0.7037545125110231,0.7809375042749073,0.7727000563539024,0.7764756944444444,0.16667276936036052,0.19708164489227245,0.1574525182123666,0.2634180790960452,0.2724358974358974,0.22569444444444445,0.1666727693603605,0.19708164489227242,0.1574525182123666,0.1581920903954802,0.16849816849816845,0.11507936507936511,0.178532754948219,0.18674516241642894,0.12509474476079102
615,dzk57fad,4,"SynNetRP,xylo,Realworld",1,"(80, 80, 80)","(10, 2, 2)",15,41146.66596045198,42586.605769230766,41587.21875,0.2577683615819209,0.2532051282051282,0.23958333333333334,0.2577683615819209,0.2532051282051282,0.23958333333333334,0.7875955299289111,0.7704987320371937,0.7769923941798942,0.7143407893416871,0.6953535913872453,0.7053356137014991,0.7875955299289111,0.7704987320371935,0.7769923941798942,0.18497841277480942,0.1930780045760894,0.15303910181958963,0.2577683615819209,0.2532051282051282,0.23958333333333334,0.18497841277480945,0.1930780045760894,0.15303910181958963,0.1517352703793382,0.14652014652014655,0.13095238095238093,0.16882963063281475,0.1649768610401622,0.14530080107044183
616,dzk57fad,4,"SynNetRP,xylo,Realworld",1,"(80, 80, 80)","(10, 2, 2)",16,39649.371468926554,42753.05128205128,41276.541666666664,0.2747175141242938,0.27564102564102566,0.2326388888888889,0.2747175141242938,0.27564102564102566,0.23263888888888887,0.7909382224593371,0.7764628533859304,0.7816358024691358,0.7103524789332567,0.7019663696346389,0.7051263503086419,0.7909382224593369,0.7764628533859302,0.7816358024691358,0.1924262361143697,0.19399222601190175,0.15858272238796767,0.2747175141242938,0.27564102564102566,0.2326388888888889,0.19242623611436974,0.19399222601190177,0.15858272238796767,0.17110573042776434,0.17216117216117222,0.12301587301587302,0.19087812570329352,0.18852672537357898,0.13431150389159105
617,dzk57fad,4,"SynNetRP,xylo,Realworld",1,"(80, 80, 80)","(10, 2, 2)",17,39691.916666666664,42873.7532051282,41609.60763888889,0.2598870056497175,0.2467948717948718,0.2013888888888889,0.25988700564971756,0.2467948717948718,0.2013888888888889,0.7805350929991838,0.7736862496477881,0.7872712742504409,0.7065212713688368,0.699156746031746,0.7099859113205467,0.7805350929991838,0.7736862496477881,0.787271274250441,0.19550264112499646,0.18078998581023734,0.13812370047541772,0.2598870056497175,0.2467948717948718,0.2013888888888889,0.19550264112499643,0.18078998581023734,0.13812370047541775,0.1541565778853915,0.13919413919413914,0.08730158730158732,0.16467522874299628,0.15459133580470805,0.0959088332365362
618,dzk57fad,4,"SynNetRP,xylo,Realworld",1,"(80, 80, 80)","(10, 2, 2)",18,39889.31991525424,43435.3717948718,42115.350694444445,0.2648305084745763,0.2403846153846154,0.22916666666666666,0.26483050847457623,0.24038461538461536,0.22916666666666669,0.7965930698622454,0.7667300648069879,0.798666225749559,0.7121600522450673,0.690011711045365,0.7134383267195766,0.7965930698622454,0.7667300648069878,0.798666225749559,0.19855056080318834,0.14124859802045017,0.15667170682298426,0.2648305084745763,0.2403846153846154,0.22916666666666666,0.19855056080318836,0.14124859802045017,0.15667170682298426,0.15980629539951574,0.13186813186813184,0.11904761904761907,0.17275683229013972,0.16213707897887808,0.13084135640834876
619,dzk57fad,4,"SynNetRP,xylo,Realworld",1,"(80, 80, 80)","(10, 2, 2)",19,39634.90607344633,41782.80128205128,39968.30902777778,0.2648305084745763,0.27564102564102566,0.1875,0.26483050847457623,0.27564102564102566,0.1875,0.7885459843230599,0.7801023762562225,0.7761450066137566,0.708885188244119,0.708394236639429,0.7044443066578483,0.7885459843230599,0.7801023762562226,0.7761450066137565,0.195520105368309,0.19640801655596024,0.141797869346165,0.2648305084745763,0.27564102564102566,0.1875,0.19552010536830902,0.19640801655596027,0.141797869346165,0.15980629539951574,0.17216117216117222,0.0714285714285714,0.1742763122310583,0.1896460649420958,0.07633871993869024
620,dzk57fad,4,"SynNetRP,xylo,Realworld",1,"(80, 80, 80)","(10, 2, 2)",20,38809.620762711864,43030.442307692305,41198.274305555555,0.2846045197740113,0.23717948717948717,0.1909722222222222,0.2846045197740113,0.23717948717948717,0.1909722222222222,0.7947286402830787,0.7759814971353434,0.7784873787477954,0.7135401704491047,0.7055978209824365,0.7051702697861553,0.7947286402830788,0.7759814971353435,0.7784873787477954,0.22252114431422587,0.17632682383298148,0.1344269461801238,0.2846045197740113,0.23717948717948717,0.1909722222222222,0.2225211443142259,0.17632682383298148,0.1344269461801238,0.18240516545601293,0.1282051282051282,0.07539682539682535,0.19123819498997133,0.1409569632468742,0.08187601836234622
621,dzk57fad,4,"SynNetRP,xylo,Realworld",1,"(80, 80, 80)","(10, 2, 2)",21,40332.207627118645,43561.3108974359,41452.072916666664,0.2740112994350282,0.266025641025641,0.2361111111111111,0.2740112994350282,0.266025641025641,0.2361111111111111,0.7971576426223079,0.7771027049873204,0.7856867283950617,0.7179549741111613,0.7031257337747723,0.7050410948522928,0.7971576426223079,0.7771027049873204,0.7856867283950617,0.20742485556276832,0.20253202027473777,0.1832121462116273,0.2740112994350282,0.266025641025641,0.2361111111111111,0.20742485556276832,0.2025320202747378,0.18321214621162726,0.17029862792574657,0.16117216117216115,0.12698412698412698,0.1825972917063431,0.17529289231735548,0.13460982439185287
622,dzk57fad,4,"SynNetRP,xylo,Realworld",1,"(80, 80, 80)","(10, 2, 2)",22,40857.484463276836,44040.842948717946,41840.20138888889,0.24929378531073446,0.2403846153846154,0.2361111111111111,0.24929378531073448,0.24038461538461536,0.2361111111111111,0.7932680469487421,0.767686907109984,0.7872919422398589,0.7147203298632486,0.7026062212360289,0.7068125137786597,0.7932680469487422,0.767686907109984,0.7872919422398589,0.17637240768945786,0.169289977756797,0.16238878954771951,0.24929378531073446,0.2403846153846154,0.2361111111111111,0.17637240768945786,0.169289977756797,0.16238878954771951,0.14205004035512514,0.13186813186813184,0.12698412698412698,0.15381830129439536,0.14465620233346124,0.13914786223666115
623,dzk57fad,4,"SynNetRP,xylo,Realworld",1,"(80, 80, 80)","(10, 2, 2)",23,39956.015536723164,42846.32692307692,41411.10763888889,0.2627118644067797,0.25961538461538464,0.23958333333333334,0.2627118644067796,0.2596153846153846,0.23958333333333331,0.7971009288518625,0.7787933220625529,0.785101135361552,0.7154449979024454,0.698967432140509,0.7055517664241622,0.7971009288518626,0.7787933220625529,0.785101135361552,0.19485407981499817,0.21136032430213464,0.16209221784855082,0.2627118644067797,0.25961538461538464,0.23958333333333334,0.19485407981499817,0.21136032430213467,0.1620922178485508,0.15738498789346245,0.15384615384615385,0.13095238095238093,0.1687429797843802,0.16413295334282813,0.14475424685356922
624,dzk57fad,4,"SynNetRP,xylo,Realworld",1,"(80, 80, 80)","(10, 2, 2)",24,40359.92867231638,43671.916666666664,41960.73263888889,0.2775423728813559,0.27884615384615385,0.2152777777777778,0.27754237288135597,0.27884615384615385,0.2152777777777778,0.7986122510863964,0.761259040105194,0.7728243496472662,0.7157311316990648,0.6997166161829623,0.7023878417107584,0.7986122510863966,0.7612590401051941,0.7728243496472663,0.20232819672672037,0.2090014620894814,0.1455168041308013,0.2775423728813559,0.27884615384615385,0.2152777777777778,0.20232819672672037,0.20900146208948142,0.1455168041308013,0.1743341404358354,0.17582417582417587,0.10317460317460314,0.18905544199128296,0.19151607572020712,0.11362490392942795
625,dzk57fad,4,"SynNetRP,xylo,Realworld",1,"(80, 80, 80)","(10, 2, 2)",25,40410.97528248587,44206.83653846154,42304.805555555555,0.2704802259887006,0.2724358974358974,0.2638888888888889,0.2704802259887006,0.2724358974358974,0.2638888888888889,0.7947175255240466,0.7747428853198084,0.7870163690476191,0.7148549894438289,0.7024646027049872,0.707633205191799,0.7947175255240466,0.7747428853198084,0.7870163690476191,0.20626493267209597,0.20182025178732046,0.17817451741167734,0.2704802259887006,0.2724358974358974,0.2638888888888889,0.20626493267209597,0.20182025178732046,0.17817451741167734,0.16626311541565775,0.16849816849816845,0.15873015873015872,0.1784867320690052,0.18403938864420585,0.17325679479944228
626,dzk57fad,4,"SynNetRP,xylo,Realworld",1,"(80, 80, 80)","(10, 2, 2)",26,41158.94844632768,43227.208333333336,42274.538194444445,0.2556497175141243,0.2692307692307692,0.2326388888888889,0.2556497175141243,0.2692307692307693,0.2326388888888889,0.7913360738339192,0.7800084530853761,0.7899650022045857,0.7153651996324719,0.7011041842772612,0.7093546764770723,0.7913360738339194,0.7800084530853761,0.7899650022045857,0.18279263596023698,0.195678450735614,0.1604291086042911,0.2556497175141243,0.2692307692307692,0.2326388888888889,0.18279263596023695,0.195678450735614,0.16042910860429108,0.1493139628732849,0.1648351648351648,0.12301587301587302,0.16228699243282035,0.18218959440711197,0.13347229463559615
627,dzk57fad,4,"SynNetRP,xylo,Realworld",1,"(80, 80, 80)","(10, 2, 2)",27,40347.44774011299,43970.294871794875,42349.59722222222,0.2895480225988701,0.2564102564102564,0.2326388888888889,0.28954802259887,0.2564102564102564,0.2326388888888889,0.8050519714732585,0.7879390908237063,0.7979221781305115,0.7228915658358527,0.7120873250680942,0.7184933724647267,0.8050519714732586,0.7879390908237064,0.7979221781305115,0.2205529904336115,0.17891765591149997,0.14480706151610545,0.2895480225988701,0.2564102564102564,0.2326388888888889,0.22055299043361148,0.17891765591149997,0.14480706151610542,0.18805488297013717,0.1501831501831502,0.12301587301587302,0.20526620796462366,0.16977735109365724,0.13787926703467426
628,dzk57fad,4,"SynNetRP,xylo,Realworld",1,"(80, 80, 80)","(10, 2, 2)",28,41813.97528248587,44937.971153846156,42886.73263888889,0.3057909604519774,0.2692307692307692,0.2638888888888889,0.3057909604519774,0.2692307692307692,0.26388888888888884,0.8067129154639927,0.7948248332863718,0.7990520282186949,0.7255978315390123,0.7223044049967128,0.7222980048500881,0.8067129154639927,0.7948248332863718,0.799052028218695,0.23311318877456633,0.1979516419606348,0.19772680736578446,0.3057909604519774,0.2692307692307692,0.2638888888888889,0.2331131887745663,0.1979516419606348,0.19772680736578443,0.20661824051654565,0.1648351648351648,0.15873015873015872,0.2270722769327493,0.1843465147700563,0.17157784781518776
629,dzk57fad,4,"SynNetRP,xylo,Realworld",1,"(80, 80, 80)","(10, 2, 2)",29,39942.82415254237,42897.657051282054,41223.79513888889,0.2782485875706215,0.25961538461538464,0.2326388888888889,0.27824858757062143,0.2596153846153846,0.2326388888888889,0.8008525875159027,0.7846693904386213,0.7921833664021165,0.7222389656092256,0.7140692507279045,0.7143201609347442,0.8008525875159027,0.7846693904386212,0.7921833664021165,0.2190501727600777,0.19524092717669883,0.16043245478559037,0.2782485875706215,0.25961538461538464,0.2326388888888889,0.2190501727600777,0.1952409271766988,0.1604324547855904,0.17514124293785316,0.15384615384615385,0.12301587301587302,0.18920109005229938,0.16421416545119202,0.13593778443748283
630,dzk57fad,4,"SynNetRP,xylo,Realworld",1,"(80, 80, 80)","(10, 2, 2)",30,39896.61016949153,43366.282051282054,41526.64236111111,0.2796610169491525,0.23397435897435898,0.22916666666666666,0.2796610169491526,0.23397435897435898,0.22916666666666669,0.8087814006192345,0.7797795153564384,0.78138778659612,0.7244435353141543,0.7100100086878933,0.7050522900132274,0.8087814006192345,0.7797795153564383,0.78138778659612,0.1933973372169085,0.1579813287568544,0.15823127448360447,0.2796610169491525,0.23397435897435898,0.22916666666666666,0.1933973372169085,0.1579813287568544,0.15823127448360444,0.17675544794188858,0.12454212454212454,0.11904761904761907,0.19480938675866205,0.144333990726285,0.13050727251647382
631,dzk57fad,4,"SynNetRP,xylo,Realworld",1,"(80, 80, 80)","(10, 2, 2)",31,39894.59463276836,42803.86217948718,41084.46875,0.2669491525423729,0.266025641025641,0.2326388888888889,0.2669491525423729,0.266025641025641,0.2326388888888889,0.8082185378221001,0.7840119282426974,0.7947461970899472,0.7197510051732078,0.7073933678500985,0.7192184744268078,0.8082185378221001,0.7840119282426975,0.7947461970899471,0.19279311711752053,0.17157417855892743,0.13586791504760948,0.2669491525423729,0.266025641025641,0.2326388888888889,0.19279311711752053,0.17157417855892743,0.13586791504760948,0.16222760290556903,0.16117216117216115,0.12301587301587302,0.17798433891744583,0.1830590297555838,0.14041783505394603
632,dzk57fad,4,"SynNetRP,xylo,Realworld",1,"(80, 80, 80)","(10, 2, 2)",32,40051.62429378531,43364.24038461538,41508.71875,0.2641242937853107,0.21794871794871795,0.22569444444444445,0.2641242937853107,0.21794871794871795,0.22569444444444448,0.8112024231314665,0.7813057668826899,0.7868785824514991,0.727577291749315,0.7114203238001314,0.7103510458002645,0.8112024231314666,0.7813057668826898,0.7868785824514991,0.14702112670675455,0.12962635615255327,0.1315585936244738,0.2641242937853107,0.21794871794871795,0.22569444444444445,0.14702112670675457,0.12962635615255327,0.13155859362447378,0.15899919289749798,0.10622710622710618,0.11507936507936511,0.18371740628267533,0.12745529039087977,0.13124557053064467
633,dzk57fad,4,"SynNetRP,xylo,Realworld",1,"(80, 80, 80)","(10, 2, 2)",33,40483.57344632768,42263.875,40652.243055555555,0.2754237288135593,0.2532051282051282,0.23958333333333334,0.27542372881355937,0.2532051282051282,0.23958333333333331,0.8094189317975586,0.7799438809054193,0.7869336970899472,0.7246207302225689,0.7020933126702358,0.7113095238095237,0.8094189317975587,0.7799438809054194,0.7869336970899471,0.18455223641959412,0.197399729266485,0.16314358093509634,0.2754237288135593,0.2532051282051282,0.23958333333333334,0.18455223641959412,0.197399729266485,0.16314358093509637,0.1719128329297821,0.14652014652014655,0.13095238095238093,0.19151580847184482,0.16099088953179366,0.14570175452610587
634,dzk57fad,4,"SynNetRP,xylo,Realworld",1,"(80, 80, 80)","(10, 2, 2)",34,39729.396892655364,43083.47435897436,41298.354166666664,0.2902542372881356,0.2467948717948718,0.23958333333333334,0.2902542372881356,0.2467948717948718,0.23958333333333331,0.8057242718977853,0.7827557058326289,0.8033440806878307,0.7254893913899947,0.7118070231051,0.7218484760802468,0.8057242718977851,0.7827557058326288,0.8033440806878307,0.2138122399070106,0.16754971730544946,0.16547697880540296,0.2902542372881356,0.2467948717948718,0.23958333333333334,0.21381223990701062,0.16754971730544946,0.16547697880540296,0.18886198547215494,0.13919413919413914,0.13095238095238093,0.20971737274267846,0.15603973186641787,0.1445111501736882
635,dzk57fad,4,"SynNetRP,xylo,Realworld",1,"(80, 80, 80)","(10, 2, 2)",35,40146.60028248587,43931.08653846154,42048.760416666664,0.2994350282485876,0.25,0.24305555555555555,0.2994350282485876,0.25,0.24305555555555552,0.8109883927716447,0.7819045270968348,0.8052386463844797,0.7268878560712805,0.7149872029679722,0.7220052083333334,0.8109883927716447,0.7819045270968348,0.8052386463844798,0.21204132155520522,0.16478104548900946,0.16785323479960534,0.2994350282485876,0.25,0.24305555555555555,0.21204132155520522,0.16478104548900946,0.16785323479960532,0.19935431799838577,0.1428571428571429,0.13492063492063489,0.21833049797033802,0.15782975206416477,0.1496150520313896
636,dzk57fad,4,"SynNetRP,xylo,Realworld",1,"(80, 80, 80)","(10, 2, 2)",36,40924.38629943503,43580.894230769234,42056.89236111111,0.2951977401129944,0.27564102564102566,0.2465277777777778,0.2951977401129944,0.27564102564102566,0.2465277777777778,0.8079275591305181,0.784299567953414,0.7997960758377425,0.7264616121872477,0.704249142951066,0.7195836089065255,0.8079275591305181,0.784299567953414,0.7997960758377425,0.20430790600802004,0.1897861800035713,0.17924439558896155,0.2951977401129944,0.27564102564102566,0.2465277777777778,0.20430790600802,0.1897861800035713,0.17924439558896155,0.1945117029862793,0.17216117216117222,0.13888888888888884,0.21998237136205892,0.19034151767874816,0.15277544120035627
637,dzk57fad,4,"SynNetRP,xylo,Realworld",1,"(80, 80, 80)","(10, 2, 2)",37,41083.0918079096,44207.84935897436,42407.211805555555,0.2669491525423729,0.27884615384615385,0.2361111111111111,0.2669491525423729,0.27884615384615385,0.2361111111111111,0.806193371727701,0.7897588522588523,0.8002714395943562,0.7244793732871873,0.72048244223725,0.7232487323633157,0.8061933717277009,0.7897588522588522,0.8002714395943562,0.16888361047763173,0.1768975531314877,0.14326273922099625,0.2669491525423729,0.27884615384615385,0.2361111111111111,0.16888361047763173,0.17689755313148767,0.14326273922099622,0.16222760290556903,0.17582417582417587,0.12698412698412698,0.1829371471863031,0.2097971030243204,0.14446584532901985
638,dzk57fad,4,"SynNetRP,xylo,Realworld",1,"(80, 80, 80)","(10, 2, 2)",38,41032.83615819209,44138.144230769234,42480.993055555555,0.2648305084745763,0.25961538461538464,0.25,0.26483050847457623,0.2596153846153846,0.25,0.8118111699338358,0.7894653423499578,0.8003678902116402,0.7287035873312268,0.7090054710247018,0.7249150890101411,0.8118111699338357,0.7894653423499578,0.8003678902116401,0.16605787313304865,0.19981054033980553,0.1700364291070743,0.2648305084745763,0.25961538461538464,0.25,0.16605787313304862,0.19981054033980553,0.1700364291070743,0.15980629539951574,0.15384615384615385,0.1428571428571429,0.180867478875927,0.16562474807917837,0.1596734959741444
639,dzk57fad,4,"SynNetRP,xylo,Realworld",1,"(80, 80, 80)","(10, 2, 2)",39,41684.1581920904,45405.403846153844,43529.583333333336,0.2909604519774011,0.2692307692307692,0.2569444444444444,0.29096045197740117,0.2692307692307692,0.2569444444444444,0.8160011490950876,0.7889018033248802,0.8102816358024691,0.7295522633069315,0.7291960176575563,0.7366166156856261,0.8160011490950878,0.7889018033248804,0.8102816358024693,0.22015248177219343,0.18581902065781117,0.17625285821920145,0.2909604519774011,0.2692307692307692,0.2569444444444444,0.22015248177219343,0.18581902065781117,0.17625285821920145,0.1896690879741727,0.1648351648351648,0.1507936507936508,0.20521636373957794,0.1913140635714563,0.1687185898896621
640,dzk57fad,4,"SynNetRP,xylo,Realworld",1,"(80, 80, 80)","(10, 2, 2)",40,43317.36793785311,45914.03525641026,44060.375,0.2860169491525424,0.266025641025641,0.2569444444444444,0.2860169491525424,0.266025641025641,0.2569444444444444,0.8199514484525975,0.7905043674274443,0.8136298500881834,0.737753708624597,0.7241263677561754,0.7303120177469136,0.8199514484525976,0.7905043674274443,0.8136298500881833,0.20187058879566566,0.1678921513415504,0.13649657102081994,0.2860169491525424,0.266025641025641,0.2569444444444444,0.20187058879566572,0.16789215134155036,0.13649657102081994,0.18401937046004846,0.16117216117216115,0.1507936507936508,0.2092181200711861,0.1945113589259543,0.18374434058809244
641,dzk57fad,4,"SynNetRP,xylo,Realworld",1,"(80, 80, 80)","(10, 2, 2)",41,43804.14548022599,47144.192307692305,45266.0625,0.2669491525423729,0.32371794871794873,0.3159722222222222,0.2669491525423729,0.32371794871794873,0.3159722222222222,0.8159179308992581,0.8393678970602048,0.8234402557319225,0.7553154197616996,0.7959320994176764,0.7922643160273368,0.8159179308992581,0.8393678970602048,0.8234402557319225,0.17874596304282264,0.2655219995501203,0.2462404058506209,0.2669491525423729,0.32371794871794873,0.3159722222222222,0.17874596304282261,0.2655219995501203,0.2462404058506209,0.16222760290556903,0.22710622710622708,0.21825396825396826,0.183802856295196,0.26617717103052996,0.2422337569362937
642,dzk57fad,4,"SynNetRP,xylo,Realworld",1,"(80, 80, 80)","(10, 2, 2)",42,45270.15536723164,48477.0,46656.95138888889,0.3050847457627119,0.2532051282051282,0.28125,0.30508474576271183,0.2532051282051282,0.28125,0.8450434444581241,0.7739386681694373,0.7783978174603174,0.7990217515834257,0.7793458544660468,0.7885483837632274,0.8450434444581243,0.7739386681694375,0.7783978174603176,0.2500408979375343,0.181102095685429,0.25241905240297624,0.3050847457627119,0.2532051282051282,0.28125,0.2500408979375343,0.181102095685429,0.2524190524029762,0.20581113801452788,0.14652014652014655,0.1785714285714286,0.22515470092552656,0.17844699720758256,0.19314016260090855
643,dzk57fad,4,"SynNetRP,xylo,Realworld",1,"(80, 80, 80)","(10, 2, 2)",43,45792.629237288136,48600.32371794872,46506.552083333336,0.3064971751412429,0.3076923076923077,0.2777777777777778,0.306497175141243,0.3076923076923077,0.2777777777777778,0.8214587807736329,0.8079271156194232,0.8097373787477954,0.7980824475725367,0.7917290375223066,0.7931427055776015,0.8214587807736329,0.8079271156194233,0.8097373787477954,0.24702472050278457,0.2642758243215826,0.20641670251045252,0.3064971751412429,0.3076923076923077,0.2777777777777778,0.2470247205027846,0.2642758243215826,0.20641670251045252,0.2074253430185634,0.20879120879120883,0.17460317460317465,0.2263454202527975,0.23967357575193796,0.20207151784396316
644,dzk57fad,4,"SynNetRP,xylo,Realworld",1,"(80, 80, 80)","(10, 2, 2)",44,46115.805790960454,48781.26602564102,46444.50347222222,0.3072033898305085,0.2692307692307692,0.2847222222222222,0.30720338983050843,0.2692307692307692,0.2847222222222222,0.8175096213914083,0.827134404057481,0.8111083553791887,0.7929712971322782,0.7985905654174885,0.7870904293430335,0.8175096213914083,0.827134404057481,0.8111083553791887,0.24319753006592448,0.18194252004481806,0.24042700910917963,0.3072033898305085,0.2692307692307692,0.2847222222222222,0.24319753006592448,0.18194252004481803,0.24042700910917963,0.20823244552058107,0.1648351648351648,0.18253968253968256,0.230108485249333,0.19386649139314135,0.1976553075082957
645,dzk57fad,4,"SynNetRP,xylo,Realworld",1,"(80, 80, 80)","(10, 2, 2)",45,46465.27048022599,49631.182692307695,47893.82986111111,0.2951977401129944,0.2724358974358974,0.2743055555555556,0.2951977401129943,0.2724358974358974,0.2743055555555556,0.839896456044833,0.8251209260824646,0.8304398148148149,0.8099262207995331,0.7916285103785103,0.7989960524140212,0.839896456044833,0.8251209260824646,0.8304398148148148,0.23874698676394213,0.238549526787202,0.22452550819739442,0.2951977401129944,0.2724358974358974,0.2743055555555556,0.23874698676394213,0.238549526787202,0.2245255081973944,0.1945117029862793,0.16849816849816845,0.17063492063492058,0.2161617985420307,0.19404921582927886,0.19051462863209415
646,dzk57fad,4,"SynNetRP,xylo,Realworld",1,"(80, 80, 80)","(10, 2, 2)",46,46311.57344632768,49198.29807692308,47012.100694444445,0.3093220338983051,0.28846153846153844,0.2569444444444444,0.3093220338983051,0.28846153846153844,0.2569444444444444,0.8356947921369066,0.8234303090072321,0.837701168430335,0.8143568416186737,0.8073415633511787,0.8172071345899471,0.8356947921369066,0.8234303090072322,0.837701168430335,0.26741625116106094,0.23008969146137287,0.2310736751718096,0.3093220338983051,0.28846153846153844,0.2569444444444444,0.267416251161061,0.23008969146137284,0.23107367517180963,0.21065375302663436,0.18681318681318682,0.1507936507936508,0.231054553604043,0.20484571009208713,0.1605667646099056
647,dzk57fad,4,"SynNetRP,xylo,Realworld",1,"(80, 80, 80)","(10, 2, 2)",47,45861.220338983054,48523.8108974359,46865.899305555555,0.2867231638418079,0.2980769230769231,0.2916666666666667,0.28672316384180796,0.2980769230769231,0.29166666666666663,0.845936900088006,0.8850086878933033,0.8755442570546736,0.8190405725753866,0.8366125727904574,0.8351693397266313,0.8459369000880061,0.8850086878933033,0.8755442570546736,0.23927422621219657,0.23669608648056922,0.23993951068342015,0.2867231638418079,0.2980769230769231,0.2916666666666667,0.23927422621219654,0.23669608648056922,0.23993951068342018,0.18482647296206622,0.19780219780219777,0.19047619047619047,0.2056040323344849,0.23054513542221822,0.21091414351572516
648,dzk57fad,4,"SynNetRP,xylo,Realworld",1,"(80, 80, 80)","(10, 2, 2)",48,45980.7168079096,48210.55128205128,46175.14236111111,0.298728813559322,0.32051282051282054,0.2986111111111111,0.298728813559322,0.3205128205128205,0.2986111111111111,0.8622921255067191,0.8011470367239597,0.8181285824514991,0.8284038308299475,0.8070524560909177,0.811021377590388,0.8622921255067191,0.8011470367239598,0.8181285824514991,0.23794907847006866,0.2812117393272743,0.256993757231613,0.298728813559322,0.32051282051282054,0.2986111111111111,0.23794907847006866,0.2812117393272743,0.256993757231613,0.198547215496368,0.22344322344322343,0.19841269841269837,0.22824007303903465,0.2412537575131759,0.2123429425537581
649,dzk57fad,4,"SynNetRP,xylo,Realworld",1,"(80, 80, 80)","(10, 2, 2)",49,44397.1511299435,47659.0641025641,46070.94097222222,0.3340395480225989,0.4230769230769231,0.4166666666666667,0.33403954802259883,0.42307692307692313,0.41666666666666663,0.8293947187224981,0.9022259791490561,0.8967702821869488,0.8123852187384577,0.8508301927773081,0.8503206983024691,0.829394718722498,0.902225979149056,0.8967702821869489,0.30138752644881045,0.36165951378177097,0.35197777319296597,0.3340395480225989,0.4230769230769231,0.4166666666666667,0.30138752644881045,0.36165951378177097,0.351977773192966,0.2389023405972559,0.34065934065934067,0.33333333333333337,0.2520832716369128,0.3587459464411504,0.3532414195852893
650,dzk57fad,4,"SynNetRP,xylo,Realworld",1,"(80, 80, 80)","(10, 2, 2)",50,45137.95127118644,47983.903846153844,46493.479166666664,0.4194915254237288,0.4358974358974359,0.4097222222222222,0.4194915254237288,0.43589743589743585,0.4097222222222222,0.891374889992385,0.9027366863905325,0.8954061948853616,0.8534445991960894,0.8410387022165868,0.8484442170965608,0.8913748899923849,0.9027366863905326,0.8954061948853614,0.3426387707530592,0.3438232466883564,0.3063218839134906,0.4194915254237288,0.4358974358974359,0.4097222222222222,0.34263877075305915,0.3438232466883564,0.3063218839134906,0.3365617433414043,0.35531135531135527,0.32539682539682535,0.36423350305442226,0.380009563970362,0.35149699446752786
651,dzk57fad,4,"SynNetRP,xylo,Realworld",1,"(80, 80, 80)","(10, 2, 2)",51,45179.93290960452,48028.717948717946,46562.625,0.4364406779661017,0.4807692307692308,0.4201388888888889,0.43644067796610175,0.4807692307692308,0.4201388888888889,0.8980369055598874,0.8889358504743119,0.8844659391534392,0.8578149794462456,0.8405698201371279,0.847787147266314,0.8980369055598875,0.888935850474312,0.8844659391534392,0.37304170198574665,0.4446709324278298,0.3729463295879164,0.4364406779661017,0.4807692307692308,0.4201388888888889,0.37304170198574665,0.4446709324278298,0.37294632958791635,0.35593220338983056,0.4065934065934066,0.3373015873015873,0.37651574214338457,0.4246675238993452,0.3500811549476321
652,dzk57fad,4,"SynNetRP,xylo,Realworld",1,"(80, 80, 80)","(10, 2, 2)",52,44757.51836158192,46985.6217948718,45145.25,0.4653954802259887,0.4198717948717949,0.4340277777777778,0.4653954802259887,0.4198717948717949,0.4340277777777778,0.9018509778707997,0.9035115525500141,0.9052648258377425,0.8571210551155252,0.8631825572931342,0.8564978436397707,0.9018509778707997,0.9035115525500143,0.9052648258377425,0.39482929588595717,0.32908584451525247,0.36346215079220073,0.4653954802259887,0.4198717948717949,0.4340277777777778,0.3948292958859572,0.32908584451525247,0.36346215079220073,0.38902340597255847,0.336996336996337,0.35317460317460314,0.4090425671257586,0.370043097512863,0.376576441410647
653,dzk57fad,4,"SynNetRP,xylo,Realworld",1,"(80, 80, 80)","(10, 2, 2)",53,44656.51059322034,47502.8108974359,45983.52777777778,0.4533898305084746,0.4775641025641026,0.4340277777777778,0.45338983050847453,0.4775641025641026,0.43402777777777773,0.902715649124727,0.9114128392974548,0.9130291005291006,0.8605596124426023,0.8641826923076923,0.859673824680335,0.9027156491247269,0.9114128392974546,0.9130291005291006,0.3706418207165566,0.41378500131139195,0.3674982150457461,0.4533898305084746,0.4775641025641026,0.4340277777777778,0.37064182071655655,0.413785001311392,0.3674982150457461,0.3753026634382567,0.40293040293040294,0.35317460317460314,0.40241901156433824,0.4189890976732784,0.3737014361647778
654,dzk57fad,4,"SynNetRP,xylo,Realworld",1,"(80, 80, 80)","(10, 2, 2)",54,44507.44491525424,46578.8717948718,45475.34027777778,0.4562146892655367,0.47435897435897434,0.4027777777777778,0.45621468926553677,0.4743589743589744,0.4027777777777778,0.9044988554648135,0.9102387996618766,0.9093226410934745,0.8623423200435014,0.8599568833943835,0.8563703910383598,0.9044988554648137,0.9102387996618767,0.9093226410934745,0.3870575542741838,0.4083227269656492,0.3002295871976723,0.4562146892655367,0.47435897435897434,0.4027777777777778,0.3870575542741838,0.40832272696564914,0.3002295871976723,0.37853107344632764,0.3992673992673993,0.31746031746031744,0.40075802879833267,0.42909478552461405,0.34685539771434404
655,dzk57fad,4,"SynNetRP,xylo,Realworld",1,"(80, 80, 80)","(10, 2, 2)",55,44353.71539548023,46783.532051282054,45416.82638888889,0.4463276836158192,0.4166666666666667,0.3993055555555556,0.4463276836158192,0.4166666666666667,0.3993055555555556,0.9017241556203062,0.911665257819104,0.9124159501763669,0.8576894040437203,0.8621075772518081,0.8599123677248678,0.9017241556203061,0.9116652578191039,0.9124159501763667,0.3764296270582558,0.33279722992985283,0.3415061896080082,0.4463276836158192,0.4166666666666667,0.3993055555555556,0.3764296270582557,0.3327972299298529,0.34150618960800827,0.36723163841807904,0.33333333333333337,0.3134920634920635,0.39406270321612136,0.3584344276470606,0.33072419244308116
656,dzk57fad,4,"SynNetRP,xylo,Realworld",1,"(80, 80, 80)","(10, 2, 2)",56,44465.57697740113,46205.317307692305,45100.01388888889,0.432909604519774,0.4230769230769231,0.4097222222222222,0.432909604519774,0.4230769230769231,0.4097222222222222,0.9048502528465183,0.9190499671268902,0.9109623015873016,0.8641453334541708,0.8651593465295387,0.8570050705467371,0.9048502528465183,0.9190499671268901,0.9109623015873017,0.34803066931911014,0.3240187551228734,0.30981871442397757,0.432909604519774,0.4230769230769231,0.4097222222222222,0.3480306693191102,0.32401875512287337,0.30981871442397757,0.35189669087974174,0.34065934065934067,0.32539682539682535,0.3826181013422896,0.37050543148895587,0.3526898031708578
657,dzk57fad,4,"SynNetRP,xylo,Realworld",1,"(80, 80, 80)","(10, 2, 2)",57,44309.47104519774,45863.868589743586,44122.57638888889,0.4519774011299435,0.4391025641025641,0.4270833333333333,0.4519774011299435,0.4391025641025641,0.42708333333333337,0.8989685503618281,0.8988095238095237,0.9004354056437389,0.8575638286411951,0.8527695595003288,0.8557684358465609,0.8989685503618282,0.8988095238095238,0.9004354056437391,0.38048478957591,0.3874458500354646,0.38429121995711335,0.4519774011299435,0.4391025641025641,0.4270833333333333,0.38048478957591,0.38744585003546456,0.38429121995711335,0.37368845843422116,0.3589743589743589,0.34523809523809523,0.3953886288749871,0.39462349591368945,0.3582598710919447
658,dzk57fad,4,"SynNetRP,xylo,Realworld",1,"(80, 80, 80)","(10, 2, 2)",58,44078.16949152543,46387.14743589744,44995.375,0.4533898305084746,0.46153846153846156,0.4236111111111111,0.4533898305084746,0.46153846153846156,0.4236111111111111,0.8980645499605567,0.921797219874143,0.9202628968253967,0.861086637266704,0.865318575655114,0.864371486441799,0.8980645499605567,0.921797219874143,0.9202628968253967,0.3989654115992596,0.3910339493111209,0.3398264662307887,0.4533898305084746,0.46153846153846156,0.4236111111111111,0.3989654115992596,0.3910339493111209,0.33982646623078877,0.3753026634382567,0.3846153846153846,0.3412698412698413,0.38907682863314547,0.4127497523092755,0.3653913550433441
659,dzk57fad,4,"SynNetRP,xylo,Realworld",1,"(80, 80, 80)","(10, 2, 2)",59,44111.6313559322,45316.006410256414,44113.180555555555,0.4745762711864407,0.46794871794871795,0.4375,0.4745762711864407,0.46794871794871795,0.4375,0.9126134845396553,0.9117591809899501,0.9149581128747796,0.8663714914410655,0.8553223619329389,0.8517347332451498,0.9126134845396552,0.9117591809899502,0.9149581128747796,0.4032836826599992,0.3924196230735225,0.35237712397339216,0.4745762711864407,0.46794871794871795,0.4375,0.40328368265999914,0.3924196230735225,0.35237712397339216,0.3995157384987893,0.391941391941392,0.3571428571428571,0.42599381385585233,0.41367817072892926,0.3802837646959044
660,dzk57fad,4,"SynNetRP,xylo,Realworld",1,"(80, 80, 80)","(10, 2, 2)",60,44190.61299435028,46464.96474358974,45180.493055555555,0.501412429378531,0.47115384615384615,0.4548611111111111,0.5014124293785311,0.47115384615384615,0.45486111111111116,0.9103001896918874,0.9110664976049592,0.9135113536155203,0.8680366034664369,0.8623078977646285,0.8626198743386243,0.9103001896918874,0.9110664976049592,0.9135113536155202,0.43871111979980376,0.41437331392365906,0.4003677194372419,0.501412429378531,0.47115384615384615,0.4548611111111111,0.43871111979980376,0.41437331392365906,0.4003677194372419,0.43018563357546413,0.39560439560439564,0.376984126984127,0.4471400196972062,0.4233935113984163,0.3981400345290831
661,dzk57fad,4,"SynNetRP,xylo,Realworld",1,"(80, 80, 80)","(10, 2, 2)",61,44467.46610169492,46231.916666666664,45127.87152777778,0.4943502824858757,0.5224358974358975,0.4895833333333333,0.49435028248587565,0.5224358974358975,0.4895833333333333,0.9136696716415189,0.9251080116464732,0.9231013007054674,0.8718448334040118,0.8708226202216586,0.8646126129850088,0.9136696716415188,0.9251080116464732,0.9231013007054675,0.43882548946320354,0.4738112285618781,0.42553987000318527,0.4943502824858757,0.5224358974358975,0.4895833333333333,0.4388254894632036,0.473811228561878,0.42553987000318527,0.4221146085552865,0.45421245421245426,0.41666666666666663,0.4393739177393294,0.4685237010644653,0.43652157545615916
662,dzk57fad,4,"SynNetRP,xylo,Realworld",1,"(80, 80, 80)","(10, 2, 2)",62,44369.3290960452,47125.76602564102,45536.493055555555,0.527542372881356,0.48717948717948717,0.4895833333333333,0.527542372881356,0.48717948717948717,0.4895833333333333,0.9162528556380898,0.9222140039447732,0.9171420304232805,0.8732621433017331,0.8622770792241946,0.8624235284391535,0.9162528556380898,0.9222140039447729,0.9171420304232805,0.4764318553662337,0.39920774526662184,0.41966363312893895,0.527542372881356,0.48717948717948717,0.4895833333333333,0.4764318553662337,0.39920774526662184,0.419663633128939,0.4600484261501211,0.4139194139194139,0.41666666666666663,0.47434132053415146,0.4354140002802751,0.4357381041036359
663,dzk57fad,4,"SynNetRP,xylo,Realworld",1,"(80, 80, 80)","(10, 2, 2)",63,44833.16949152543,47039.10897435898,46068.03472222222,0.4978813559322034,0.49038461538461536,0.46875,0.4978813559322034,0.4903846153846154,0.46875,0.9107393651705631,0.9216328543251622,0.9086612654320988,0.8669006180945997,0.8588342079928618,0.8610869984567902,0.9107393651705631,0.9216328543251621,0.9086612654320988,0.44702417661356847,0.422479019554076,0.3869887204665178,0.4978813559322034,0.49038461538461536,0.46875,0.44702417661356847,0.42247901955407596,0.38698872046651783,0.4261501210653753,0.41758241758241754,0.3928571428571429,0.4418849465397812,0.4374298447646993,0.41445819189421795
664,dzk57fad,4,"SynNetRP,xylo,Realworld",1,"(80, 80, 80)","(10, 2, 2)",64,44735.73234463277,47039.653846153844,45467.225694444445,0.5261299435028248,0.5352564102564102,0.4826388888888889,0.5261299435028248,0.5352564102564104,0.4826388888888889,0.9158681139792889,0.9159974640743872,0.9225088183421517,0.8730182598391265,0.8705929487179488,0.872101314484127,0.915868113979289,0.9159974640743872,0.9225088183421517,0.4689521869986729,0.4943137793638347,0.42215903299692625,0.5261299435028248,0.5352564102564102,0.4826388888888889,0.46895218699867286,0.4943137793638347,0.4221590329969263,0.45843422114608556,0.46886446886446886,0.4087301587301587,0.475921417839231,0.48638534786209014,0.43000547288702684
665,dzk57fad,4,"SynNetRP,xylo,Realworld",1,"(80, 80, 80)","(10, 2, 2)",65,44293.58615819209,46915.72756410256,45604.61111111111,0.5063559322033898,0.49038461538461536,0.4548611111111111,0.5063559322033898,0.4903846153846154,0.4548611111111111,0.9183042411640516,0.9120115995115996,0.9073109567901234,0.8748960485036684,0.8672777542969851,0.8684327463624338,0.9183042411640516,0.9120115995115995,0.9073109567901234,0.46005623363981185,0.4535416881507492,0.4234819082984294,0.5063559322033898,0.49038461538461536,0.4548611111111111,0.4600562336398118,0.45354168815074924,0.4234819082984294,0.4358353510895884,0.41758241758241754,0.376984126984127,0.4496444452790775,0.4312516142917302,0.38970280247228356
666,dzk57fad,4,"SynNetRP,xylo,Realworld",1,"(80, 80, 80)","(10, 2, 2)",66,44606.016242937854,46169.416666666664,44651.416666666664,0.5098870056497176,0.5032051282051282,0.4618055555555556,0.5098870056497176,0.5032051282051282,0.4618055555555556,0.9185259663570493,0.9232001972386588,0.919794422398589,0.872990223571953,0.860129320465859,0.8630762924382716,0.9185259663570493,0.9232001972386588,0.919794422398589,0.4568213281349872,0.44691053994079366,0.3899118742523555,0.5098870056497176,0.5032051282051282,0.4618055555555556,0.4568213281349872,0.44691053994079366,0.38991187425235546,0.4398708635996772,0.43223443223443225,0.3849206349206349,0.4573965621394279,0.45367337477376646,0.40765119460542815
667,dzk57fad,4,"SynNetRP,xylo,Realworld",1,"(80, 80, 80)","(10, 2, 2)",67,44447.93290960452,46413.84935897436,45217.041666666664,0.5042372881355932,0.4967948717948718,0.4131944444444444,0.5042372881355932,0.4967948717948718,0.4131944444444444,0.9086070413993425,0.9014745937822861,0.9130428791887124,0.8654212151680551,0.8608410819949281,0.8718481316137566,0.9086070413993426,0.9014745937822861,0.9130428791887124,0.45061098024895685,0.45762076455846684,0.3774563301216032,0.5042372881355932,0.4967948717948718,0.4131944444444444,0.45061098024895674,0.4576207645584668,0.3774563301216032,0.4334140435835351,0.42490842490842495,0.3293650793650794,0.44850817411618826,0.43353506048680696,0.33617361797179446
668,dzk57fad,4,"SynNetRP,xylo,Realworld",1,"(80, 80, 80)","(10, 2, 2)",68,44103.904661016946,47087.830128205125,45918.28125,0.5282485875706214,0.5737179487179487,0.4618055555555556,0.5282485875706214,0.5737179487179487,0.4618055555555555,0.9126402739588606,0.9149232178078331,0.9128155313051147,0.8682546949882125,0.8672946311167464,0.8700439883708113,0.9126402739588606,0.914923217807833,0.9128155313051146,0.48594809125499305,0.5326057562995411,0.3897870965968443,0.5282485875706214,0.5737179487179487,0.4618055555555556,0.485948091254993,0.5326057562995411,0.3897870965968442,0.46085552865213886,0.5128205128205128,0.3849206349206349,0.4689792072657299,0.5270593487652875,0.40635334843158566
669,dzk57fad,4,"SynNetRP,xylo,Realworld",1,"(80, 80, 80)","(10, 2, 2)",69,44192.89406779661,46491.256410256414,45238.46875,0.5261299435028248,0.483974358974359,0.4618055555555556,0.5261299435028249,0.4839743589743589,0.4618055555555555,0.9170422885231848,0.9239633230017846,0.9153301366843033,0.8725765550402866,0.8668484960552268,0.8599244240520283,0.9170422885231847,0.9239633230017844,0.9153301366843033,0.4816998840236233,0.4284008905315827,0.39233002365020286,0.5261299435028248,0.483974358974359,0.4618055555555556,0.48169988402362335,0.4284008905315827,0.3923300236502028,0.45843422114608556,0.41025641025641024,0.3849206349206349,0.46782734066284154,0.42948460416961853,0.40361085818754266
670,dzk57fad,4,"SynNetRP,xylo,Realworld",1,"(80, 80, 80)","(10, 2, 2)",70,44795.02048022599,46506.98717948718,44736.21527777778,0.480225988700565,0.5192307692307693,0.46875,0.480225988700565,0.5192307692307692,0.46875000000000006,0.9165258797189277,0.9195078425847656,0.9244309413580247,0.8668413037555347,0.8767229031652108,0.8700715456900353,0.9165258797189277,0.9195078425847657,0.9244309413580248,0.4210563622619096,0.4680222921718624,0.4365414812986446,0.480225988700565,0.5192307692307693,0.46875,0.4210563622619096,0.4680222921718625,0.4365414812986446,0.4059725585149314,0.4505494505494505,0.3928571428571429,0.4272453279702596,0.4606886976381745,0.40097241523514976
671,dzk57fad,4,"SynNetRP,xylo,Realworld",1,"(80, 80, 80)","(10, 2, 2)",71,43838.30790960452,46476.27243589744,44918.86111111111,0.5261299435028248,0.5576923076923077,0.4895833333333333,0.5261299435028248,0.5576923076923077,0.4895833333333333,0.9140749328554556,0.9091997745843898,0.9085854828042328,0.8677648262335673,0.8632948248332865,0.8621867077270724,0.9140749328554557,0.9091997745843898,0.9085854828042328,0.48814933041734765,0.5159889479651804,0.441227267292128,0.5261299435028248,0.5576923076923077,0.4895833333333333,0.4881493304173477,0.5159889479651805,0.44122726729212797,0.45843422114608556,0.4945054945054945,0.41666666666666663,0.46632670769448487,0.5072366034382984,0.4300913460832344
672,dzk57fad,4,"SynNetRP,xylo,Realworld",1,"(80, 80, 80)","(10, 2, 2)",72,44266.6511299435,46225.60897435898,44731.930555555555,0.4759887005649718,0.5064102564102564,0.4930555555555556,0.4759887005649718,0.5064102564102564,0.4930555555555555,0.9072276713040861,0.9164670799286184,0.9112034281305115,0.8627866966594164,0.8627298182586645,0.8605746045524691,0.907227671304086,0.9164670799286184,0.9112034281305115,0.40674246597513636,0.44468888534169576,0.42479206203923353,0.4759887005649718,0.5064102564102564,0.4930555555555556,0.4067424659751364,0.44468888534169576,0.42479206203923353,0.4011299435028248,0.4358974358974359,0.4206349206349206,0.42650720539975057,0.4555777006681244,0.4413000266324044
673,dzk57fad,4,"SynNetRP,xylo,Realworld",1,"(80, 80, 80)","(10, 2, 2)",73,43999.41242937853,46084.9967948718,44825.458333333336,0.5028248587570622,0.5064102564102564,0.4409722222222222,0.5028248587570622,0.5064102564102564,0.4409722222222222,0.9145337729078034,0.9229419085188316,0.9151579034391535,0.8721949126892928,0.8646112167746783,0.8610172439925045,0.9145337729078032,0.9229419085188317,0.9151579034391535,0.4402777770668883,0.42882028232112335,0.376873862894062,0.5028248587570622,0.5064102564102564,0.4409722222222222,0.4402777770668883,0.42882028232112335,0.376873862894062,0.43179983857949955,0.4358974358974359,0.36111111111111116,0.4534041176523206,0.46109226811359905,0.3769756454673326
674,dzk57fad,4,"SynNetRP,xylo,Realworld",1,"(80, 80, 80)","(10, 2, 2)",74,44427.377824858755,46656.131410256414,44985.881944444445,0.4837570621468927,0.4358974358974359,0.5104166666666666,0.4837570621468926,0.4358974358974359,0.5104166666666666,0.9098125652635851,0.9046151498074575,0.8973627645502645,0.8675866694710059,0.8546135355029587,0.8571996941137565,0.909812565263585,0.9046151498074576,0.8973627645502644,0.4185541876124107,0.37823226180372127,0.44281774537981866,0.4837570621468927,0.4358974358974359,0.5104166666666666,0.4185541876124107,0.3782322618037213,0.4428177453798187,0.4100080710250201,0.35531135531135527,0.44047619047619047,0.43056560778085856,0.3713770661180815,0.4646599207954837
675,dzk57fad,4,"SynNetRP,xylo,Realworld",1,"(80, 80, 80)","(10, 2, 2)",75,43549.74223163842,46276.32371794872,44797.20138888889,0.5042372881355932,0.5448717948717948,0.4895833333333333,0.5042372881355932,0.5448717948717949,0.4895833333333333,0.9157139323219472,0.919648727341035,0.9189677028218695,0.8707420141881324,0.8674567953414107,0.8691311521715168,0.9157139323219472,0.919648727341035,0.9189677028218696,0.45923393206164886,0.49241976390535624,0.444119313968344,0.5042372881355932,0.5448717948717948,0.4895833333333333,0.45923393206164886,0.49241976390535624,0.44411931396834403,0.4334140435835351,0.4798534798534798,0.41666666666666663,0.44394536484258396,0.4951953629316516,0.43104795753994024
676,dzk57fad,4,"SynNetRP,xylo,Realworld",1,"(80, 80, 80)","(10, 2, 2)",76,44116.81426553673,46113.855769230766,44311.54861111111,0.548728813559322,0.5384615384615384,0.5104166666666666,0.548728813559322,0.5384615384615385,0.5104166666666667,0.9148207616858867,0.9119587677279986,0.9178102954144621,0.8707071380692466,0.8708042758523528,0.8694988701499119,0.9148207616858866,0.9119587677279986,0.917810295414462,0.5088237916995226,0.5126341596319814,0.4720966235463478,0.548728813559322,0.5384615384615384,0.5104166666666666,0.5088237916995226,0.5126341596319813,0.47209662354634774,0.4842615012106537,0.4725274725274725,0.44047619047619047,0.4922506631451679,0.48235085651816156,0.4516479211330556
677,dzk57fad,4,"SynNetRP,xylo,Realworld",1,"(80, 80, 80)","(10, 2, 2)",77,44033.649011299436,45971.480769230766,44571.34375,0.5451977401129944,0.5416666666666666,0.4756944444444444,0.5451977401129944,0.5416666666666666,0.4756944444444444,0.9166387372721759,0.9210047431201277,0.9254436728395061,0.8726876670063793,0.8684114363200901,0.8730916556437389,0.9166387372721759,0.9210047431201278,0.9254436728395061,0.500901083634528,0.5006022947667825,0.43397146769379064,0.5451977401129944,0.5416666666666666,0.4756944444444444,0.5009010836345281,0.5006022947667825,0.4339714676937907,0.480225988700565,0.47619047619047616,0.4007936507936508,0.4900702665302405,0.49071017990950727,0.41315532459245286
678,dzk57fad,4,"SynNetRP,xylo,Realworld",1,"(80, 80, 80)","(10, 2, 2)",78,44245.27118644068,46170.032051282054,44881.57986111111,0.5628531073446328,0.5641025641025641,0.4548611111111111,0.5628531073446328,0.5641025641025641,0.45486111111111105,0.9221553626717374,0.9233939137785292,0.9169284611992945,0.8791404258605673,0.870469674556213,0.8651663428681658,0.9221553626717374,0.9233939137785293,0.9169284611992947,0.5212589338210677,0.5244714544857602,0.4207832227512355,0.5628531073446328,0.5641025641025641,0.4548611111111111,0.5212589338210677,0.5244714544857602,0.4207832227512355,0.5004035512510089,0.5018315018315018,0.376984126984127,0.5084596192416379,0.5118009705092028,0.38540267323907973
679,dzk57fad,4,"SynNetRP,xylo,Realworld",1,"(80, 80, 80)","(10, 2, 2)",79,44374.82697740113,46901.429487179485,45393.5,0.5444915254237288,0.5576923076923077,0.5069444444444444,0.5444915254237288,0.5576923076923077,0.5069444444444444,0.9221237283575693,0.9199657180426412,0.9164737654320988,0.8773223077773673,0.8746617298299991,0.8706080522486773,0.9221237283575692,0.9199657180426412,0.9164737654320988,0.5027451858712213,0.522113945330706,0.483548866155774,0.5444915254237288,0.5576923076923077,0.5069444444444444,0.5027451858712213,0.522113945330706,0.483548866155774,0.4794188861985472,0.4945054945054945,0.4365079365079365,0.48708982470084733,0.507161431288979,0.4449568416241751
680,dzk57fad,4,"SynNetRP,xylo,Realworld",1,"(80, 80, 80)","(10, 2, 2)",80,44567.04449152543,46760.17628205128,45411.274305555555,0.5628531073446328,0.5993589743589743,0.4826388888888889,0.5628531073446328,0.5993589743589745,0.48263888888888884,0.9220037459587875,0.9281311637080868,0.9155023699294533,0.8766022352635395,0.8715131022823331,0.8661497946979717,0.9220037459587875,0.9281311637080868,0.9155023699294532,0.5231202232766163,0.5542648245711552,0.44693377424990255,0.5628531073446328,0.5993589743589743,0.4826388888888889,0.5231202232766163,0.5542648245711553,0.4469337742499026,0.5004035512510089,0.5421245421245422,0.4087301587301587,0.5098365283041664,0.5521465637480804,0.41763516419292274
681,dzk57fad,4,"SynNetRP,xylo,Realworld",1,"(80, 80, 80)","(10, 2, 2)",81,44799.79802259887,46839.842948717946,45814.23263888889,0.5621468926553672,0.5737179487179487,0.4652777777777778,0.5621468926553672,0.5737179487179487,0.4652777777777778,0.9234141803805693,0.9265168592091669,0.9151165674603174,0.8760867170649741,0.8636308936789706,0.8636326058201058,0.9234141803805693,0.9265168592091669,0.9151165674603176,0.5210745152274558,0.530731581939579,0.406712287935978,0.5621468926553672,0.5737179487179487,0.4652777777777778,0.5210745152274558,0.530731581939579,0.4067122879359781,0.4995964487489911,0.5128205128205128,0.38888888888888884,0.5066713953978396,0.5237122486703659,0.4054019520091887
682,dzk57fad,4,"SynNetRP,xylo,Realworld",1,"(80, 80, 80)","(10, 2, 2)",82,44426.41242937853,47180.38461538462,45486.569444444445,0.5550847457627118,0.5833333333333334,0.46875,0.5550847457627119,0.5833333333333333,0.46875,0.9244088088170248,0.9140426880811496,0.9073729607583774,0.8765914411225565,0.85717000680943,0.8594611166225748,0.9244088088170249,0.9140426880811495,0.9073729607583773,0.5145794472617957,0.5408149244955778,0.41862444067086957,0.5550847457627118,0.5833333333333334,0.46875,0.5145794472617958,0.5408149244955778,0.41862444067086957,0.4915254237288136,0.5238095238095238,0.3928571428571429,0.49802469145301026,0.5350722560852845,0.4044000904757108
683,dzk57fad,4,"SynNetRP,xylo,Realworld",1,"(80, 80, 80)","(10, 2, 2)",83,44784.32768361582,46971.583333333336,45623.90625,0.5706214689265536,0.5288461538461539,0.4618055555555556,0.5706214689265536,0.5288461538461539,0.4618055555555555,0.9226806062844557,0.9205292570677186,0.9154679232804233,0.8776609873097951,0.8676101542688082,0.8682097043099648,0.9226806062844557,0.9205292570677187,0.9154679232804234,0.5275145733923563,0.4898411093503041,0.4290065707785123,0.5706214689265536,0.5288461538461539,0.4618055555555556,0.5275145733923563,0.4898411093503041,0.42900657077851223,0.5092816787732042,0.46153846153846156,0.3849206349206349,0.5173187424639311,0.47220910917959197,0.3948148881580673
684,dzk57fad,4,"SynNetRP,xylo,Realworld",1,"(80, 80, 80)","(10, 2, 2)",84,44794.55861581921,47023.407051282054,45701.64236111111,0.5480225988700564,0.6153846153846154,0.4965277777777778,0.5480225988700564,0.6153846153846154,0.4965277777777778,0.918046036761923,0.9262937916784071,0.9197186397707231,0.8740031984856569,0.8836387303935382,0.8731975790895061,0.918046036761923,0.9262937916784071,0.9197186397707229,0.5077892018997572,0.5739542052072341,0.4579673498982156,0.5480225988700564,0.6153846153846154,0.4965277777777778,0.5077892018997572,0.5739542052072341,0.4579673498982156,0.48345439870863605,0.5604395604395604,0.42460317460317465,0.49309447697916636,0.5689944318015286,0.4341476419388097
685,dzk57fad,4,"SynNetRP,xylo,Realworld",1,"(80, 80, 80)","(10, 2, 2)",85,44633.92019774011,46535.205128205125,45152.06597222222,0.5628531073446328,0.5993589743589743,0.5034722222222222,0.5628531073446328,0.5993589743589743,0.5034722222222223,0.9241548793222163,0.9277378604301681,0.9153783619929454,0.877484611758617,0.862045206396168,0.8680202477402998,0.9241548793222163,0.927737860430168,0.9153783619929453,0.5231446528839874,0.5575304447014974,0.46188293178489725,0.5628531073446328,0.5993589743589743,0.5034722222222222,0.5231446528839873,0.5575304447014974,0.46188293178489725,0.5004035512510089,0.5421245421245422,0.43253968253968256,0.5092959099689487,0.5516161086419356,0.44247293833040025
686,dzk57fad,4,"SynNetRP,xylo,Realworld",1,"(80, 80, 80)","(10, 2, 2)",86,44384.19138418079,47282.63461538462,45821.413194444445,0.5388418079096046,0.44871794871794873,0.4583333333333333,0.5388418079096045,0.4487179487179487,0.4583333333333333,0.9214195086250531,0.9265638207945901,0.9192846119929454,0.873138170989453,0.8737107577251808,0.861469356261023,0.921419508625053,0.92656382079459,0.9192846119929453,0.49146291004618087,0.3531462520285891,0.3673671900596738,0.5388418079096046,0.44871794871794873,0.4583333333333333,0.49146291004618076,0.35314625202858907,0.3673671900596738,0.4729620661824052,0.36996336996337,0.38095238095238093,0.4832513088424541,0.4079035515095449,0.41353484006577856
687,dzk57fad,4,"SynNetRP,xylo,Realworld",1,"(80, 80, 80)","(10, 2, 2)",87,45235.76483050847,47032.82371794872,45634.46875,0.5021186440677966,0.5384615384615384,0.4722222222222222,0.5021186440677966,0.5384615384615384,0.4722222222222222,0.918658773477791,0.920828637174791,0.9211516203703703,0.8740128882755822,0.8657360935005166,0.8676576967592592,0.9186587734777911,0.9208286371747909,0.9211516203703705,0.4417533411736929,0.498335306021764,0.4210015740229317,0.5021186440677966,0.5384615384615384,0.4722222222222222,0.4417533411736929,0.49833530602176396,0.4210015740229317,0.4309927360774818,0.4725274725274725,0.39682539682539686,0.45474731857964323,0.4887485777528129,0.4183111896870229
688,dzk57fad,4,"SynNetRP,xylo,Realworld",1,"(80, 80, 80)","(10, 2, 2)",88,44333.46610169492,46526.15064102564,45084.118055555555,0.5437853107344632,0.5641025641025641,0.4479166666666667,0.5437853107344632,0.5641025641025641,0.4479166666666667,0.9203960958126427,0.9188621207851977,0.9047550154320988,0.8742602272882724,0.863126056635672,0.8640528549382718,0.9203960958126428,0.9188621207851978,0.9047550154320988,0.501103076710083,0.5196982854038266,0.41156240597724053,0.5437853107344632,0.5641025641025641,0.4479166666666667,0.501103076710083,0.5196982854038266,0.41156240597724053,0.47861178369652946,0.5018315018315018,0.36904761904761907,0.4882966129061032,0.5117947207644732,0.3755622008827542
689,dzk57fad,4,"SynNetRP,xylo,Realworld",1,"(80, 80, 80)","(10, 2, 2)",89,44437.26412429378,46679.493589743586,45179.354166666664,0.5600282485875706,0.5673076923076923,0.4930555555555556,0.5600282485875707,0.5673076923076923,0.4930555555555555,0.9232044249280675,0.9295634920634921,0.9156401565255732,0.8752077248715248,0.8743080503897812,0.8658311631944444,0.9232044249280676,0.9295634920634921,0.9156401565255732,0.5194861186428376,0.5274948215431416,0.4554752431476569,0.5600282485875706,0.5673076923076923,0.4930555555555556,0.5194861186428374,0.5274948215431416,0.4554752431476569,0.4971751412429378,0.5054945054945055,0.4206349206349206,0.5062968855118848,0.5143322465830725,0.42877045408423026
690,dzk57fad,4,"SynNetRP,xylo,Realworld",1,"(80, 80, 80)","(10, 2, 2)",90,45238.48870056497,47735.506410256414,46247.041666666664,0.5607344632768362,0.6442307692307693,0.4791666666666667,0.5607344632768361,0.6442307692307692,0.47916666666666663,0.9243389853307981,0.9134439278670048,0.8974936618165785,0.8756432666789784,0.8603699985911525,0.8561628499779541,0.924338985330798,0.9134439278670047,0.8974936618165784,0.5135276086161358,0.6030891106442577,0.435358400983401,0.5607344632768362,0.6442307692307693,0.4791666666666667,0.5135276086161358,0.6030891106442576,0.43535840098340095,0.4979822437449556,0.5934065934065934,0.40476190476190477,0.5074269253226457,0.6061806250819336,0.41240744251916317
691,dzk57fad,4,"SynNetRP,xylo,Realworld",1,"(80, 80, 80)","(10, 2, 2)",91,45542.55720338983,47877.96153846154,46402.0625,0.5331920903954802,0.483974358974359,0.4513888888888889,0.5331920903954802,0.48397435897435903,0.45138888888888895,0.9216426587871575,0.9252606367990983,0.9216476521164021,0.8778259631081199,0.8717589168310323,0.8632485256834215,0.9216426587871576,0.9252606367990983,0.9216476521164021,0.4877403558642846,0.42152642929101836,0.3832251301900864,0.5331920903954802,0.483974358974359,0.4513888888888889,0.4877403558642846,0.4215264292910183,0.38322513019008636,0.4665052461662631,0.41025641025641024,0.373015873015873,0.47502245056187575,0.43599574322305507,0.39239029258052244
692,dzk57fad,4,"SynNetRP,xylo,Realworld",1,"(80, 80, 80)","(10, 2, 2)",92,45609.918785310736,48015.6858974359,46650.885416666664,0.538135593220339,0.5641025641025641,0.4479166666666667,0.538135593220339,0.5641025641025641,0.44791666666666663,0.9215087116911305,0.9212689020381328,0.9012759038800706,0.873625296678568,0.8817345848595849,0.8692784115961198,0.9215087116911305,0.9212689020381328,0.9012759038800707,0.4890552001666517,0.5254022716058475,0.41133231776009305,0.538135593220339,0.5641025641025641,0.4479166666666667,0.48905520016665177,0.5254022716058476,0.411332317760093,0.47215496368038745,0.5018315018315018,0.36904761904761907,0.4843581204094653,0.5102022786656722,0.37607772919802646
693,dzk57fad,4,"SynNetRP,xylo,Realworld",1,"(80, 80, 80)","(10, 2, 2)",93,45286.74223163842,47299.580128205125,45610.92361111111,0.565677966101695,0.5544871794871795,0.4826388888888889,0.565677966101695,0.5544871794871795,0.4826388888888889,0.923893539988053,0.9296515450361604,0.921819885361552,0.8800239423309303,0.87840911759181,0.8695996265983246,0.9238935399880531,0.9296515450361605,0.921819885361552,0.5253895280329384,0.5097123665165795,0.43262534721560086,0.565677966101695,0.5544871794871795,0.4826388888888889,0.5253895280329383,0.5097123665165796,0.43262534721560086,0.5036319612590798,0.4908424908424909,0.4087301587301587,0.5106326556821937,0.4998130156679659,0.421818633181701
694,dzk57fad,4,"SynNetRP,xylo,Realworld",1,"(80, 80, 80)","(10, 2, 2)",94,45270.70338983051,47671.096153846156,46382.729166666664,0.5480225988700564,0.5544871794871795,0.4409722222222222,0.5480225988700564,0.5544871794871795,0.4409722222222222,0.9227347551105092,0.9219146238377008,0.9149167768959436,0.8772578635495183,0.8787862778247393,0.8658681933421516,0.9227347551105092,0.921914623837701,0.9149167768959435,0.5045344250893148,0.5125135782377299,0.378445803555427,0.5480225988700564,0.5544871794871795,0.4409722222222222,0.5045344250893148,0.5125135782377299,0.378445803555427,0.48345439870863605,0.4908424908424909,0.36111111111111116,0.4941692540804033,0.5037157961766457,0.37635451413064436
695,dzk57fad,4,"SynNetRP,xylo,Realworld",1,"(80, 80, 80)","(10, 2, 2)",95,44982.608050847455,47893.51282051282,46539.850694444445,0.5317796610169492,0.5352564102564102,0.4965277777777778,0.5317796610169492,0.5352564102564102,0.49652777777777773,0.922926555952267,0.9269160326852635,0.9272555665784832,0.8760805184493601,0.8644556565229642,0.8672822282848325,0.9229265559522669,0.9269160326852636,0.9272555665784833,0.48930742989950127,0.48856421909996395,0.41805954092071834,0.5317796610169492,0.5352564102564102,0.4965277777777778,0.48930742989950127,0.4885642190999639,0.41805954092071834,0.46489104116222757,0.46886446886446886,0.42460317460317465,0.4729083564335074,0.48499028813637796,0.44870042686205014
696,dzk57fad,4,"SynNetRP,xylo,Realworld",1,"(80, 80, 80)","(10, 2, 2)",96,45258.727401129945,47562.79807692308,46366.885416666664,0.5402542372881356,0.5865384615384616,0.4965277777777778,0.5402542372881356,0.5865384615384615,0.4965277777777778,0.9243865792989607,0.9210693153000846,0.9128224206349207,0.8768562716310311,0.868379884004884,0.8696934937169313,0.9243865792989607,0.9210693153000846,0.9128224206349205,0.4886314349545995,0.5430344268995405,0.45626349160882596,0.5402542372881356,0.5865384615384616,0.4965277777777778,0.48863143495459943,0.5430344268995405,0.4562634916088259,0.47457627118644063,0.5274725274725275,0.42460317460317465,0.48832729181337164,0.5380368049378893,0.43187664868802134
697,dzk57fad,4,"SynNetRP,xylo,Realworld",1,"(80, 80, 80)","(10, 2, 2)",97,45440.747175141245,47430.94871794872,46076.541666666664,0.5812146892655368,0.5865384615384616,0.4375,0.5812146892655368,0.5865384615384615,0.43749999999999994,0.9253547033100322,0.9268808114961962,0.9187334656084656,0.8800600296735567,0.8720120691274537,0.8683862433862433,0.9253547033100322,0.9268808114961962,0.9187334656084656,0.5394660982706139,0.5429911994540477,0.40089867527668677,0.5812146892655368,0.5865384615384616,0.4375,0.5394660982706139,0.5429911994540477,0.40089867527668677,0.5213882163034705,0.5274725274725275,0.3571428571428571,0.5296907942903935,0.5390385892629914,0.365539693560712
698,dzk57fad,4,"SynNetRP,xylo,Realworld",1,"(80, 80, 80)","(10, 2, 2)",98,45125.08615819209,47055.83653846154,45693.46527777778,0.5769774011299436,0.5801282051282052,0.4340277777777778,0.5769774011299436,0.5801282051282052,0.4340277777777778,0.9255299745101526,0.9263642340565417,0.9170455798059964,0.8804659677478192,0.871885126091857,0.8668395888447972,0.9255299745101526,0.9263642340565417,0.9170455798059964,0.533076671228949,0.5417525239589336,0.3903675835211251,0.5769774011299436,0.5801282051282052,0.4340277777777778,0.533076671228949,0.5417525239589337,0.3903675835211251,0.5165456012913641,0.5201465201465201,0.35317460317460314,0.5243073734808188,0.5359196523077321,0.364232923650373
699,dzk57fad,4,"SynNetRP,xylo,Realworld",1,"(80, 80, 80)","(10, 2, 2)",99,45132.71751412429,47296.95192307692,45945.604166666664,0.5642655367231638,0.5544871794871795,0.4583333333333333,0.5642655367231639,0.5544871794871795,0.45833333333333337,0.9258842218300707,0.9207053630130553,0.9028880070546736,0.8800848241360126,0.86887077932751,0.8653575217702822,0.9258842218300707,0.9207053630130554,0.9028880070546736,0.5188478473069111,0.5159202739876021,0.4094561928092586,0.5642655367231638,0.5544871794871795,0.4583333333333333,0.5188478473069111,0.5159202739876022,0.4094561928092586,0.5020177562550444,0.4908424908424909,0.38095238095238093,0.5114941759800115,0.5009424552669035,0.392834403699788
700,lngqidrs,3,"SynNetRP,xylo,Realworld",1,"(80, 80, 80)","(10, 2, 2)",0,22540.38190607735,20078.45486111111,19463.639285714286,0.1111878453038674,0.125,0.125,0.11118784530386741,0.125,0.125,0.6001787294997972,0.6246004188712522,0.6359839650145773,0.5608967353386213,0.5673914241622575,0.5782780612244898,0.6001787294997972,0.6246004188712522,0.6359839650145773,0.04948671197802429,0.028391167192429023,0.028688524590163935,0.1111878453038674,0.125,0.125,0.04948671197802429,0.028391167192429026,0.02868852459016393,-0.015785319652722896,0.0,0.0,-0.019986007198597666,0.0,0.0
701,lngqidrs,3,"SynNetRP,xylo,Realworld",1,"(80, 80, 80)","(10, 2, 2)",1,23951.02555248619,26406.114583333332,25107.967857142856,0.14019337016574585,0.1597222222222222,0.18928571428571428,0.14019337016574585,0.1597222222222222,0.18928571428571428,0.5795567028740619,0.6867215057319225,0.6868731778425656,0.550089909823091,0.6113298473324514,0.6297959183673469,0.5795567028740619,0.6867215057319224,0.6868731778425656,0.0801398115824127,0.08034603297761192,0.11539202715673304,0.14019337016574585,0.1597222222222222,0.18928571428571428,0.08013981158241269,0.08034603297761193,0.11539202715673302,0.017363851617995252,0.03968253968253965,0.07346938775510203,0.022732395240411513,0.06295911126135537,0.10069388428315504
702,lngqidrs,3,"SynNetRP,xylo,Realworld",1,"(80, 80, 80)","(10, 2, 2)",2,29014.812154696134,34369.444444444445,32161.60357142857,0.1643646408839779,0.19791666666666666,0.21785714285714286,0.1643646408839779,0.19791666666666669,0.21785714285714286,0.668766924522625,0.7835579254850088,0.7758965014577259,0.6237102886925657,0.7019383129409171,0.7201831268221575,0.668766924522625,0.7835579254850088,0.7758965014577258,0.10951839335550638,0.1307336931127932,0.1589172432424637,0.1643646408839779,0.19791666666666666,0.21785714285714286,0.1095183933555064,0.1307336931127932,0.1589172432424637,0.044988161010260486,0.08333333333333337,0.10612244897959189,0.05993015814773125,0.09726340361311951,0.12103173493049234
703,lngqidrs,3,"SynNetRP,xylo,Realworld",1,"(80, 80, 80)","(10, 2, 2)",3,35867.881906077346,38434.211805555555,36798.00357142857,0.1919889502762431,0.23958333333333334,0.2892857142857143,0.19198895027624308,0.23958333333333337,0.28928571428571426,0.7485841723826675,0.7482018849206349,0.761268221574344,0.6776338004792284,0.7209115272266314,0.7337326895043732,0.7485841723826676,0.7482018849206349,0.7612682215743439,0.13625860373376616,0.19968991066140412,0.2270345490379737,0.1919889502762431,0.23958333333333334,0.2892857142857143,0.13625860373376614,0.1996899106614041,0.2270345490379737,0.07655880031570639,0.13095238095238093,0.18775510204081636,0.09315085428819984,0.14232370516665627,0.19857168580182888
704,lngqidrs,3,"SynNetRP,xylo,Realworld",1,"(80, 80, 80)","(10, 2, 2)",4,35534.89917127072,37240.37152777778,36270.6,0.2223756906077348,0.2673611111111111,0.25357142857142856,0.2223756906077348,0.26736111111111116,0.25357142857142856,0.7376628133625783,0.7379918981481481,0.7703425655976677,0.6888494990232288,0.7153311700837743,0.7363283527696793,0.7376628133625783,0.7379918981481483,0.7703425655976677,0.16328834791670752,0.21951881077309265,0.19640674205259517,0.2223756906077348,0.2673611111111111,0.25357142857142856,0.16328834791670752,0.21951881077309265,0.19640674205259515,0.11128650355169689,0.16269841269841268,0.14693877551020407,0.12085246423087644,0.17551162411142665,0.16022050437949734
705,lngqidrs,3,"SynNetRP,xylo,Realworld",1,"(80, 80, 80)","(10, 2, 2)",5,35445.099447513814,38079.118055555555,36808.99642857143,0.2472375690607735,0.2604166666666667,0.25,0.2472375690607735,0.26041666666666663,0.25,0.7601740636732701,0.7941468253968254,0.7993804664723032,0.7119023817518217,0.7569599454365079,0.764447886297376,0.76017406367327,0.7941468253968252,0.7993804664723032,0.19275804363441112,0.1793466730954677,0.1820197917180676,0.2472375690607735,0.2604166666666667,0.25,0.19275804363441115,0.1793466730954677,0.1820197917180676,0.1397000789265983,0.15476190476190477,0.1428571428571429,0.151459765878505,0.17591722618819186,0.15763047351062867
706,lngqidrs,3,"SynNetRP,xylo,Realworld",1,"(80, 80, 80)","(10, 2, 2)",6,36300.29005524862,37703.65277777778,37013.025,0.2935082872928177,0.24305555555555555,0.2571428571428571,0.2935082872928177,0.24305555555555555,0.2571428571428571,0.7888751651571773,0.8307567239858906,0.8571282798833819,0.7510731809817421,0.791881958223104,0.8100819970845482,0.7888751651571773,0.8307567239858906,0.8571282798833819,0.2613706786187624,0.17105675325286296,0.19097094884731974,0.2935082872928177,0.24305555555555555,0.2571428571428571,0.26137067861876234,0.17105675325286296,0.19097094884731977,0.19258089976322024,0.13492063492063489,0.15102040816326534,0.2049208778224172,0.15243839866494918,0.17861322458543602
707,lngqidrs,3,"SynNetRP,xylo,Realworld",1,"(80, 80, 80)","(10, 2, 2)",7,36545.72720994475,37148.197916666664,36240.81428571429,0.2900552486187845,0.3784722222222222,0.41785714285714287,0.2900552486187845,0.3784722222222222,0.4178571428571428,0.8086774017015005,0.8675939704585538,0.8831122448979591,0.779240519541964,0.8227780189043209,0.8389549927113703,0.8086774017015005,0.8675939704585538,0.8831122448979593,0.2667537247930693,0.3044335629359741,0.3456919297005791,0.2900552486187845,0.3784722222222222,0.41785714285714287,0.2667537247930693,0.3044335629359741,0.3456919297005791,0.18863456985003946,0.28968253968253965,0.3346938775510204,0.20714050569751682,0.3026454405447303,0.34951892385746663
708,lngqidrs,3,"SynNetRP,xylo,Realworld",1,"(80, 80, 80)","(10, 2, 2)",8,35229.266574585636,38350.54513888889,37722.675,0.4205801104972376,0.3715277777777778,0.4,0.4205801104972376,0.3715277777777778,0.4,0.8537996507170983,0.8741870590828924,0.8853644314868805,0.8115450658339403,0.8376141906415344,0.832214832361516,0.8537996507170983,0.8741870590828924,0.8853644314868804,0.36807953489403783,0.25874155220375067,0.314390856123151,0.4205801104972376,0.3715277777777778,0.4,0.36807953489403783,0.2587415522037506,0.314390856123151,0.33780584056827145,0.28174603174603174,0.3142857142857143,0.35121162370515324,0.309102749723471,0.3353242239036278
709,lngqidrs,3,"SynNetRP,xylo,Realworld",1,"(80, 80, 80)","(10, 2, 2)",9,36886.654696132595,39151.538194444445,38863.489285714284,0.42748618784530384,0.4270833333333333,0.45357142857142857,0.4274861878453039,0.42708333333333337,0.45357142857142857,0.8652966070283917,0.8782517636684304,0.8864285714285715,0.8269745889603056,0.8470930472883598,0.8423760932944606,0.8652966070283916,0.8782517636684304,0.8864285714285713,0.38361113174500394,0.3524190617790658,0.3845968063658331,0.42748618784530384,0.4270833333333333,0.45357142857142857,0.38361113174500394,0.3524190617790658,0.3845968063658331,0.345698500394633,0.34523809523809523,0.3755102040816326,0.35353709338508865,0.36051357252397936,0.3877423807448166
710,lngqidrs,3,"SynNetRP,xylo,Realworld",1,"(80, 80, 80)","(10, 2, 2)",10,38340.12914364641,40680.44097222222,39976.985714285714,0.43715469613259667,0.4479166666666667,0.45357142857142857,0.43715469613259667,0.44791666666666674,0.4535714285714285,0.8643691649914751,0.8660989858906526,0.8815670553935859,0.8266303411722127,0.833437534446649,0.8456122448979592,0.8643691649914751,0.8660989858906526,0.8815670553935859,0.38320323914195464,0.41704938683017656,0.3942315034495098,0.43715469613259667,0.4479166666666667,0.45357142857142857,0.3832032391419546,0.41704938683017656,0.3942315034495098,0.35674822415153906,0.36904761904761907,0.3755102040816326,0.3686109502890208,0.3771260390532096,0.3883706562347299
711,lngqidrs,3,"SynNetRP,xylo,Realworld",1,"(80, 80, 80)","(10, 2, 2)",11,39207.530386740335,41034.010416666664,40455.07142857143,0.42679558011049723,0.40625,0.44285714285714284,0.42679558011049723,0.40625,0.44285714285714284,0.8767736681681616,0.8917204034391535,0.8841836734693878,0.8344881503813332,0.8505738811728394,0.8463766399416909,0.8767736681681617,0.8917204034391533,0.8841836734693878,0.3831851232281973,0.29141270578093453,0.3683794154837334,0.42679558011049723,0.40625,0.44285714285714284,0.38318512322819726,0.2914127057809346,0.3683794154837334,0.34490923441199683,0.3214285714285714,0.363265306122449,0.3545522829143154,0.35573736617074464,0.3821793357868765
712,lngqidrs,3,"SynNetRP,xylo,Realworld",1,"(80, 80, 80)","(10, 2, 2)",12,39252.63397790055,40394.20138888889,39813.54285714286,0.4488950276243094,0.4409722222222222,0.45714285714285713,0.44889502762430944,0.4409722222222222,0.45714285714285713,0.879736958578798,0.9018063822751322,0.88432944606414,0.8446805762077731,0.8422188464506172,0.839089832361516,0.879736958578798,0.9018063822751322,0.8843294460641399,0.39553763445949064,0.365177281013472,0.40568220860922855,0.4488950276243094,0.4409722222222222,0.45714285714285713,0.3955376344594907,0.365177281013472,0.4056822086092285,0.37016574585635365,0.36111111111111116,0.3795918367346939,0.38428015774459984,0.38232931799883996,0.39499527623479863
713,lngqidrs,3,"SynNetRP,xylo,Realworld",1,"(80, 80, 80)","(10, 2, 2)",13,39327.42955801105,39889.430555555555,39788.16071428572,0.43232044198895025,0.4409722222222222,0.5178571428571429,0.43232044198895025,0.4409722222222222,0.5178571428571428,0.8728815730376276,0.9077932098765431,0.8928134110787173,0.8337098199296202,0.8573228408840388,0.8443130466472303,0.8728815730376275,0.9077932098765432,0.8928134110787171,0.39168352016406904,0.38177217353657517,0.45806772201551443,0.43232044198895025,0.4409722222222222,0.5178571428571429,0.391683520164069,0.38177217353657517,0.45806772201551443,0.35122336227308604,0.36111111111111116,0.44897959183673475,0.3587053706817156,0.3771966043466953,0.4628431146064058
714,lngqidrs,3,"SynNetRP,xylo,Realworld",1,"(80, 80, 80)","(10, 2, 2)",14,39058.419198895026,40331.947916666664,39913.81428571429,0.457182320441989,0.4340277777777778,0.5071428571428571,0.457182320441989,0.4340277777777778,0.5071428571428571,0.8866125118280882,0.9009658840388006,0.9037755102040816,0.8423820366223778,0.8556599289021165,0.8549462463556852,0.8866125118280882,0.9009658840388006,0.9037755102040816,0.40625662932960394,0.35565123447574276,0.45630828859058853,0.457182320441989,0.4340277777777778,0.5071428571428571,0.40625662932960394,0.35565123447574276,0.45630828859058853,0.37963693764798734,0.35317460317460314,0.43673469387755104,0.391055618167189,0.37300008064756124,0.45281600330738925
715,lngqidrs,3,"SynNetRP,xylo,Realworld",1,"(80, 80, 80)","(10, 2, 2)",15,38759.39295580111,40498.74652777778,40244.7,0.4447513812154696,0.4861111111111111,0.5285714285714286,0.4447513812154696,0.48611111111111116,0.5285714285714286,0.8809178596501939,0.9038731812169312,0.8937099125364432,0.8412015102888016,0.8559768380731922,0.8516189868804663,0.8809178596501939,0.903873181216931,0.8937099125364433,0.4029086989074827,0.43646511224870005,0.4864960960047269,0.4447513812154696,0.4861111111111111,0.5285714285714286,0.40290869890748265,0.4364651122487,0.4864960960047268,0.3654301499605367,0.4126984126984127,0.46122448979591835,0.3778776678377278,0.42747888934183886,0.4733007646267321
716,lngqidrs,3,"SynNetRP,xylo,Realworld",1,"(80, 80, 80)","(10, 2, 2)",16,39210.81906077348,41260.9375,41298.09642857143,0.4558011049723757,0.4479166666666667,0.4928571428571429,0.4558011049723757,0.44791666666666663,0.4928571428571428,0.8939437462662486,0.8913139329805997,0.89466472303207,0.849328926325727,0.852363384589947,0.8458700801749272,0.8939437462662485,0.8913139329805997,0.89466472303207,0.4040140276218957,0.39203286057506004,0.44805520381668645,0.4558011049723757,0.4479166666666667,0.4928571428571429,0.4040140276218957,0.39203286057506004,0.4480552038166865,0.3780584056827151,0.36904761904761907,0.42040816326530617,0.38888255524901916,0.37985771944537144,0.43213940982968224
717,lngqidrs,3,"SynNetRP,xylo,Realworld",1,"(80, 80, 80)","(10, 2, 2)",17,39565.55041436464,41049.927083333336,40923.982142857145,0.4350828729281768,0.4652777777777778,0.5,0.4350828729281768,0.4652777777777778,0.49999999999999994,0.8923646692277839,0.906174217372134,0.8949708454810497,0.8519749841383701,0.8600234581679894,0.8507889941690963,0.8923646692277839,0.906174217372134,0.8949708454810494,0.39731314830013414,0.42824103517645606,0.4493377307200981,0.4350828729281768,0.4652777777777778,0.5,0.39731314830013414,0.42824103517645606,0.449337730720098,0.35438042620363064,0.38888888888888884,0.4285714285714286,0.3629729230815178,0.400169203511247,0.4380278907495083
718,lngqidrs,3,"SynNetRP,xylo,Realworld",1,"(80, 80, 80)","(10, 2, 2)",18,40078.58287292818,40607.708333333336,41027.0,0.43853591160220995,0.4444444444444444,0.44642857142857145,0.43853591160220995,0.4444444444444445,0.4464285714285714,0.8992075180855286,0.9061328813932981,0.89966472303207,0.8548320874777064,0.8618878830467372,0.8394633746355685,0.8992075180855285,0.9061328813932982,0.89966472303207,0.40230402799130865,0.35123194994811424,0.3798225815723275,0.43853591160220995,0.4444444444444444,0.44642857142857145,0.40230402799130865,0.35123194994811424,0.37982258157232746,0.3583267561168114,0.3650793650793651,0.36734693877551017,0.3641460275762098,0.3890019957200191,0.38652338053564284
719,lngqidrs,3,"SynNetRP,xylo,Realworld",1,"(80, 80, 80)","(10, 2, 2)",19,39789.97859116022,40709.82638888889,40896.014285714286,0.4654696132596685,0.4791666666666667,0.5285714285714286,0.4654696132596685,0.4791666666666667,0.5285714285714286,0.9000447505090984,0.9161430776014109,0.8979300291545189,0.8567811329455319,0.8618465470679012,0.8553908527696794,0.9000447505090984,0.916143077601411,0.897930029154519,0.4133662451012995,0.411158843088143,0.4579568042113516,0.4654696132596685,0.4791666666666667,0.5285714285714286,0.41336624510129943,0.411158843088143,0.45795680421135154,0.38910812943962114,0.40476190476190477,0.46122448979591835,0.40196831130971755,0.4324499820938683,0.47817009043872677
720,lngqidrs,3,"SynNetRP,xylo,Realworld",1,"(80, 80, 80)","(10, 2, 2)",20,40290.02831491713,42679.524305555555,42969.16785714286,0.46685082872928174,0.4583333333333333,0.4642857142857143,0.46685082872928174,0.45833333333333337,0.4642857142857143,0.9070260479577198,0.9085372574955908,0.9082434402332362,0.8593228773759741,0.8502819458223103,0.8529564504373177,0.9070260479577199,0.9085372574955907,0.9082434402332361,0.41702633729993743,0.38301272842129186,0.41306592138523934,0.46685082872928174,0.4583333333333333,0.4642857142857143,0.4170263372999375,0.38301272842129186,0.4130659213852394,0.3906866614048935,0.38095238095238093,0.3877551020408163,0.4044078844305013,0.4015541498742763,0.40032393879317046
721,lngqidrs,3,"SynNetRP,xylo,Realworld",1,"(80, 80, 80)","(10, 2, 2)",21,40928.24585635359,42497.743055555555,42726.875,0.48480662983425415,0.4548611111111111,0.5178571428571429,0.48480662983425415,0.45486111111111116,0.5178571428571429,0.9048097803573063,0.9145171957671957,0.9045626822157434,0.8575412034452985,0.8569559840718696,0.8498022959183674,0.9048097803573064,0.9145171957671957,0.9045626822157434,0.4429414557445993,0.38690146523844793,0.457426948733157,0.48480662983425415,0.4548611111111111,0.5178571428571429,0.4429414557445993,0.386901465238448,0.457426948733157,0.41120757695343335,0.376984126984127,0.44897959183673475,0.4237785777264125,0.3938951253197736,0.462399208972439
722,lngqidrs,3,"SynNetRP,xylo,Realworld",1,"(80, 80, 80)","(10, 2, 2)",22,40981.25966850829,42447.194444444445,42643.16785714286,0.4647790055248619,0.4270833333333333,0.4928571428571429,0.4647790055248619,0.4270833333333333,0.4928571428571428,0.9005249599916276,0.91392471340388,0.908862973760933,0.8590461845966675,0.8586989845127866,0.851780247813411,0.9005249599916276,0.9139247134038802,0.908862973760933,0.416060560252251,0.3616333445651557,0.42467331998316715,0.4647790055248619,0.4270833333333333,0.4928571428571429,0.416060560252251,0.36163334456515567,0.42467331998316715,0.38831886345698496,0.34523809523809523,0.42040816326530617,0.40083621262959285,0.3598707093982415,0.43732295081860506
723,lngqidrs,3,"SynNetRP,xylo,Realworld",1,"(80, 80, 80)","(10, 2, 2)",23,40960.4226519337,42266.083333333336,42534.28214285714,0.4703038674033149,0.3958333333333333,0.5142857142857142,0.470303867403315,0.3958333333333333,0.5142857142857142,0.9046329041063634,0.9102733686067019,0.9001239067055393,0.8610501461886302,0.8544870205026455,0.8499553571428571,0.9046329041063634,0.910273368606702,0.9001239067055392,0.4225497273211579,0.32439738734839485,0.4582494248296638,0.4703038674033149,0.3958333333333333,0.5142857142857142,0.42254972732115786,0.32439738734839485,0.45824942482966385,0.39463299131807417,0.30952380952380953,0.4448979591836735,0.40807523524592637,0.32441548043628043,0.4564136563521407
724,lngqidrs,3,"SynNetRP,xylo,Realworld",1,"(80, 80, 80)","(10, 2, 2)",24,41155.33287292818,42045.368055555555,42676.27142857143,0.48342541436464087,0.4618055555555556,0.5142857142857142,0.4834254143646409,0.4618055555555555,0.5142857142857143,0.9045595917619818,0.91399360670194,0.9035568513119534,0.8634053733860384,0.8661756296847443,0.8558172376093294,0.9045595917619819,0.9139936067019401,0.9035568513119534,0.4433154129598831,0.40730299923075997,0.4558871671315996,0.48342541436464087,0.4618055555555556,0.5142857142857142,0.4433154129598831,0.4073029992307599,0.45588716713159955,0.409629044988161,0.3849206349206349,0.4448979591836735,0.4158551719513964,0.39603384594567476,0.46018503111635384
725,lngqidrs,3,"SynNetRP,xylo,Realworld",1,"(80, 80, 80)","(10, 2, 2)",25,40805.78798342541,42125.77777777778,42524.892857142855,0.4979281767955801,0.4618055555555556,0.525,0.4979281767955801,0.4618055555555556,0.5249999999999999,0.9047650843555273,0.9207038139329806,0.9066836734693877,0.8602350914305772,0.8798543940145503,0.8579482507288629,0.9047650843555273,0.9207038139329806,0.9066836734693877,0.4573470275499849,0.3872098600737327,0.48198966444302205,0.4979281767955801,0.4618055555555556,0.525,0.457347027549985,0.3872098600737327,0.4819896644430221,0.4262036306235202,0.3849206349206349,0.4571428571428572,0.43505690360866456,0.4109026123150018,0.46898269513260804
726,lngqidrs,3,"SynNetRP,xylo,Realworld",1,"(80, 80, 80)","(10, 2, 2)",26,41627.31767955801,42976.65277777778,43442.90714285714,0.4564917127071823,0.4270833333333333,0.45714285714285713,0.4564917127071823,0.4270833333333333,0.45714285714285713,0.9006759452659303,0.8962191358024691,0.8951603498542273,0.8570521365233924,0.8489092468584656,0.8453188775510204,0.9006759452659303,0.896219135802469,0.8951603498542273,0.402958410750453,0.37938039411099755,0.40006876765060684,0.4564917127071823,0.4270833333333333,0.45714285714285713,0.402958410750453,0.37938039411099755,0.40006876765060684,0.37884767166535127,0.34523809523809523,0.3795918367346939,0.39170245972230894,0.3563666328398064,0.394889328415444
727,lngqidrs,3,"SynNetRP,xylo,Realworld",1,"(80, 80, 80)","(10, 2, 2)",27,42572.34599447514,43488.17013888889,43671.425,0.46408839779005523,0.4166666666666667,0.5285714285714286,0.46408839779005523,0.4166666666666667,0.5285714285714286,0.9045734911283887,0.908344356261023,0.9047667638483965,0.862260992218535,0.8532279954805996,0.8585987609329446,0.9045734911283888,0.9083443562610231,0.9047667638483965,0.42096451746996666,0.3692253348503348,0.47564645779160564,0.46408839779005523,0.4166666666666667,0.5285714285714286,0.42096451746996666,0.3692253348503348,0.4756464577916056,0.3875295974743489,0.33333333333333337,0.46122448979591835,0.3979406608977417,0.3460139141239959,0.47012175167431813
728,lngqidrs,3,"SynNetRP,xylo,Realworld",1,"(80, 80, 80)","(10, 2, 2)",28,41928.242403314915,43238.40277777778,43527.75714285715,0.4924033149171271,0.4270833333333333,0.5392857142857143,0.4924033149171271,0.42708333333333337,0.5392857142857144,0.9069429242958744,0.9052372685185186,0.8971793002915451,0.8613017315340104,0.8502259700176367,0.853695335276968,0.9069429242958744,0.9052372685185185,0.8971793002915451,0.443350343585376,0.38452598988313275,0.4896376983209075,0.4924033149171271,0.4270833333333333,0.5392857142857143,0.443350343585376,0.38452598988313275,0.4896376983209074,0.419889502762431,0.34523809523809523,0.47346938775510206,0.4296796335218314,0.36546719000987704,0.4826028601258487
729,lngqidrs,3,"SynNetRP,xylo,Realworld",1,"(80, 80, 80)","(10, 2, 2)",29,42126.539364640885,42939.083333333336,43383.8,0.5,0.4513888888888889,0.5214285714285715,0.5,0.4513888888888889,0.5214285714285715,0.9083612047425729,0.9093846450617284,0.9065889212827988,0.8620954943704839,0.8634405657517638,0.8571064139941691,0.9083612047425728,0.9093846450617286,0.9065889212827988,0.4599804601701586,0.41020202677695605,0.47705852707793706,0.5,0.4513888888888889,0.5214285714285715,0.4599804601701586,0.410202026776956,0.477058527077937,0.4285714285714286,0.373015873015873,0.4530612244897959,0.43768299510031994,0.3909918377765835,0.4714980736845107
730,lngqidrs,3,"SynNetRP,xylo,Realworld",1,"(80, 80, 80)","(10, 2, 2)",30,41734.03314917127,43666.23263888889,44067.81071428571,0.48480662983425415,0.4652777777777778,0.5607142857142857,0.48480662983425415,0.4652777777777778,0.5607142857142857,0.9092360472164203,0.9102389219576719,0.9180247813411079,0.8646707608022606,0.8523427166005291,0.8560814504373178,0.9092360472164202,0.910238921957672,0.9180247813411078,0.4431361304243708,0.3793452913898784,0.5047617162511722,0.48480662983425415,0.4652777777777778,0.5607142857142857,0.4431361304243708,0.37934529138987844,0.5047617162511722,0.41120757695343335,0.38888888888888884,0.49795918367346936,0.420752293738783,0.4124342061443463,0.5185424857643082
731,lngqidrs,3,"SynNetRP,xylo,Realworld",1,"(80, 80, 80)","(10, 2, 2)",31,42088.73066298343,43190.180555555555,43359.05714285714,0.4937845303867403,0.40625,0.5285714285714286,0.49378453038674036,0.40625,0.5285714285714285,0.9076318968111038,0.9168457892416226,0.9005320699708455,0.8585809986940047,0.8690760375330687,0.8572694970845481,0.9076318968111037,0.9168457892416227,0.9005320699708455,0.44404183999401936,0.366222990769674,0.475874427656631,0.4937845303867403,0.40625,0.5285714285714286,0.4440418399940193,0.366222990769674,0.475874427656631,0.4214680347277032,0.3214285714285714,0.46122448979591835,0.43269313644656104,0.33230227414252855,0.4742919715022105
732,lngqidrs,3,"SynNetRP,xylo,Realworld",1,"(80, 80, 80)","(10, 2, 2)",32,41988.84668508287,42570.78472222222,42717.389285714286,0.48204419889502764,0.4479166666666667,0.525,0.48204419889502764,0.44791666666666663,0.525,0.9079218757494756,0.9144483024691358,0.8984402332361516,0.8619883193540229,0.8866937761794533,0.8645034620991254,0.9079218757494756,0.9144483024691357,0.8984402332361516,0.44041226932415467,0.3983063982655487,0.48141882412883186,0.48204419889502764,0.4479166666666667,0.525,0.4404122693241546,0.3983063982655487,0.48141882412883186,0.40805051302288875,0.36904761904761907,0.4571428571428572,0.41626341554859597,0.3967779362332841,0.46796430445929876
733,lngqidrs,3,"SynNetRP,xylo,Realworld",1,"(80, 80, 80)","(10, 2, 2)",33,42230.427486187844,42520.868055555555,42734.53571428572,0.4910220994475138,0.4409722222222222,0.5321428571428571,0.4910220994475138,0.4409722222222222,0.5321428571428573,0.9032642253201759,0.9207038139329806,0.9053352769679299,0.8602241899667288,0.861383239638448,0.8598706268221574,0.9032642253201761,0.9207038139329805,0.9053352769679301,0.4501729745239819,0.39673605556940017,0.4783805936373331,0.4910220994475138,0.4409722222222222,0.5321428571428571,0.45017297452398203,0.39673605556940017,0.47838059363733304,0.4183109707971586,0.36111111111111116,0.4653061224489796,0.42573347153113567,0.373195367333518,0.4746272837639721
734,lngqidrs,3,"SynNetRP,xylo,Realworld",1,"(80, 80, 80)","(10, 2, 2)",34,41751.039364640885,42529.65972222222,42784.45,0.5103591160220995,0.3784722222222222,0.475,0.5103591160220995,0.37847222222222227,0.475,0.9115182686731175,0.9104249338624338,0.9085422740524781,0.8696733744282181,0.8445009369488535,0.8540570335276967,0.9115182686731172,0.910424933862434,0.9085422740524781,0.46714012152819984,0.30362350915208847,0.41124428242896205,0.5103591160220995,0.3784722222222222,0.475,0.4671401215281999,0.3036235091520885,0.41124428242896205,0.44041041831097083,0.28968253968253965,0.4,0.44924176285055784,0.3057512841614969,0.42527576698627356
735,lngqidrs,3,"SynNetRP,xylo,Realworld",1,"(80, 80, 80)","(10, 2, 2)",35,41814.06077348066,43150.6875,43620.96785714286,0.5,0.4409722222222222,0.5214285714285715,0.5,0.4409722222222222,0.5214285714285715,0.9126683731091412,0.9180376432980599,0.9144533527696792,0.8708707980307595,0.8651250068893298,0.8668285349854228,0.9126683731091411,0.9180376432980599,0.9144533527696792,0.4600138312146745,0.3723130321555537,0.47023495220940764,0.5,0.4409722222222222,0.5214285714285715,0.4600138312146745,0.3723130321555537,0.47023495220940753,0.4285714285714286,0.36111111111111116,0.4530612244897959,0.4396305017829643,0.382453388555368,0.46919259035251787
736,lngqidrs,3,"SynNetRP,xylo,Realworld",1,"(80, 80, 80)","(10, 2, 2)",36,42097.2044198895,43222.708333333336,43279.75,0.5020718232044199,0.4270833333333333,0.5285714285714286,0.5020718232044199,0.42708333333333326,0.5285714285714286,0.9121445577712175,0.9114238866843034,0.8980320699708455,0.8683374681677255,0.859419780643739,0.8570954810495627,0.9121445577712176,0.9114238866843034,0.8980320699708455,0.45682591096211467,0.39432503734419644,0.4762615469753342,0.5020718232044199,0.4270833333333333,0.5285714285714286,0.45682591096211467,0.39432503734419644,0.4762615469753341,0.430939226519337,0.34523809523809523,0.46122448979591835,0.4424661483567317,0.3593867879516757,0.47280024335166976
737,lngqidrs,3,"SynNetRP,xylo,Realworld",1,"(80, 80, 80)","(10, 2, 2)",37,42321.8135359116,43401.44097222222,43609.41071428572,0.5041436464088398,0.4409722222222222,0.5071428571428571,0.5041436464088398,0.4409722222222222,0.5071428571428571,0.9127967378459579,0.9099151234567902,0.898396501457726,0.8679236894805235,0.8647925967261905,0.8655940233236152,0.9127967378459579,0.90991512345679,0.8983965014577259,0.45980480070247653,0.3979055736042771,0.46204493325036455,0.5041436464088398,0.4409722222222222,0.5071428571428571,0.4598048007024766,0.39790557360427703,0.46204493325036455,0.43330702446724545,0.36111111111111116,0.43673469387755104,0.4429889456222819,0.3716073760115737,0.4464256665803338
738,lngqidrs,3,"SynNetRP,xylo,Realworld",1,"(80, 80, 80)","(10, 2, 2)",38,42390.8093922652,42998.95486111111,43368.18571428571,0.5207182320441989,0.3958333333333333,0.5035714285714286,0.5207182320441989,0.3958333333333333,0.5035714285714286,0.9141577856074514,0.9106522817460317,0.9104883381924198,0.8717127998447632,0.8520740327380952,0.8550464650145773,0.9141577856074513,0.9106522817460316,0.9104883381924198,0.4794738835325628,0.3341676382845077,0.44445588995778335,0.5207182320441989,0.3958333333333333,0.5035714285714286,0.4794738835325628,0.33416763828450763,0.44445588995778335,0.45224940805051306,0.30952380952380953,0.43265306122448977,0.4595223478200708,0.3233308189464348,0.45223431598577274
739,lngqidrs,3,"SynNetRP,xylo,Realworld",1,"(80, 80, 80)","(10, 2, 2)",39,42126.80732044199,42566.54861111111,43407.52857142857,0.4903314917127072,0.4375,0.48928571428571427,0.4903314917127072,0.4375,0.4892857142857143,0.9121421049418517,0.908330577601411,0.901793002915452,0.8679349997492662,0.8491159267526456,0.8483573250728863,0.9121421049418516,0.9083305776014109,0.901793002915452,0.45034483357563415,0.36643645388373,0.4247182283170393,0.4903314917127072,0.4375,0.48928571428571427,0.45034483357563415,0.36643645388373,0.4247182283170393,0.41752170481452244,0.3571428571428571,0.4163265306122449,0.42895231755672425,0.3715742151230804,0.43171726847311637
740,lngqidrs,3,"SynNetRP,xylo,Realworld",1,"(80, 80, 80)","(10, 2, 2)",40,41699.53107734807,43067.163194444445,43529.66785714286,0.5207182320441989,0.4513888888888889,0.48928571428571427,0.5207182320441989,0.45138888888888884,0.48928571428571427,0.9128076393098066,0.915874393738977,0.9112609329446064,0.8724050768662217,0.8582417052469137,0.8589413265306124,0.9128076393098066,0.9158743937389772,0.9112609329446065,0.4789006092757907,0.3818706838796124,0.4326265665283656,0.5207182320441989,0.4513888888888889,0.48928571428571427,0.47890060927579065,0.3818706838796124,0.4326265665283656,0.45224940805051306,0.373015873015873,0.4163265306122449,0.4634996300769459,0.39364067386124274,0.43440848358448514
741,lngqidrs,3,"SynNetRP,xylo,Realworld",1,"(80, 80, 80)","(10, 2, 2)",41,42191.86602209945,43123.572916666664,43359.139285714286,0.5138121546961326,0.4166666666666667,0.48214285714285715,0.5138121546961326,0.4166666666666667,0.48214285714285715,0.9156482882521465,0.9103629298941799,0.9092565597667639,0.8683344361980928,0.8678738494819224,0.8575227769679299,0.9156482882521464,0.91036292989418,0.9092565597667639,0.4676412441999879,0.3423448657919235,0.4318998957810773,0.5138121546961326,0.4166666666666667,0.48214285714285715,0.4676412441999879,0.3423448657919235,0.4318998957810773,0.4443567482241515,0.33333333333333337,0.40816326530612246,0.45665945941865416,0.35846572155399226,0.4267789110030195
742,lngqidrs,3,"SynNetRP,xylo,Realworld",1,"(80, 80, 80)","(10, 2, 2)",42,42489.904696132595,44193.177083333336,44670.99285714285,0.4972375690607735,0.4618055555555556,0.5392857142857143,0.4972375690607735,0.4618055555555556,0.5392857142857143,0.9125942431549708,0.9134286816578483,0.9146209912536443,0.8647767775381878,0.857748256999559,0.8612190233236152,0.9125942431549708,0.9134286816578485,0.9146209912536443,0.4521638039718969,0.4081545942949596,0.48610511743884655,0.4972375690607735,0.4618055555555556,0.5392857142857143,0.45216380397189704,0.4081545942949596,0.48610511743884655,0.425414364640884,0.3849206349206349,0.47346938775510206,0.4374263728645799,0.40028939868449326,0.49010523814259316
743,lngqidrs,3,"SynNetRP,xylo,Realworld",1,"(80, 80, 80)","(10, 2, 2)",43,42661.35359116022,42825.50347222222,43512.107142857145,0.4924033149171271,0.4201388888888889,0.5178571428571429,0.4924033149171271,0.42013888888888884,0.5178571428571428,0.9117335725841267,0.9137180335097002,0.9047303206997085,0.8671772117434929,0.8572565310846559,0.8530293367346937,0.9117335725841266,0.9137180335097,0.9047303206997084,0.4495754002979309,0.37234808546059933,0.4614368641988982,0.4924033149171271,0.4201388888888889,0.5178571428571429,0.4495754002979309,0.3723480854605994,0.4614368641988982,0.419889502762431,0.3373015873015873,0.44897959183673475,0.4322517334426783,0.34927336987858787,0.4625708918529733
744,lngqidrs,3,"SynNetRP,xylo,Realworld",1,"(80, 80, 80)","(10, 2, 2)",44,42119.00345303868,43470.03472222222,43811.00357142857,0.511049723756906,0.3784722222222222,0.5321428571428571,0.5110497237569062,0.3784722222222222,0.5321428571428571,0.91558396961544,0.9213996362433863,0.913097667638484,0.8741378645449511,0.8626965181327161,0.8581295553935859,0.91558396961544,0.921399636243386,0.913097667638484,0.47089812155477023,0.31024994261520383,0.4815957223609881,0.511049723756906,0.3784722222222222,0.5321428571428571,0.4708981215547702,0.31024994261520383,0.48159572236098813,0.4411996842936069,0.28968253968253965,0.4653061224489796,0.4530846375995782,0.30489138033889923,0.48411898943493886
745,lngqidrs,3,"SynNetRP,xylo,Realworld",1,"(80, 80, 80)","(10, 2, 2)",45,42173.076657458565,43518.711805555555,43818.68214285714,0.5006906077348067,0.4201388888888889,0.5428571428571428,0.5006906077348067,0.4201388888888889,0.5428571428571428,0.915618309226563,0.9207451499118167,0.9149781341107872,0.8748392034082336,0.8628317212301587,0.8672184766763849,0.915618309226563,0.9207451499118164,0.914978134110787,0.4557266259494943,0.35310685185622204,0.5057547904216625,0.5006906077348067,0.4201388888888889,0.5428571428571428,0.4557266259494943,0.35310685185622204,0.5057547904216625,0.42936069455406467,0.3373015873015873,0.4775510204081632,0.44213868684914026,0.35709873002127734,0.48683696709055235
746,lngqidrs,3,"SynNetRP,xylo,Realworld",1,"(80, 80, 80)","(10, 2, 2)",46,42437.51312154696,43575.67361111111,43993.57142857143,0.47651933701657456,0.4479166666666667,0.5142857142857142,0.47651933701657456,0.44791666666666663,0.5142857142857143,0.9073787103132209,0.9156608245149911,0.9164723032069971,0.8646943692849076,0.8620583939594356,0.8659876093294461,0.9073787103132209,0.9156608245149912,0.916472303206997,0.4359082603329016,0.39597969815206135,0.4661054566177727,0.47651933701657456,0.4479166666666667,0.5142857142857142,0.43590826033290153,0.39597969815206135,0.4661054566177727,0.40173638516179955,0.36904761904761907,0.4448979591836735,0.4129204180217518,0.3842524147887894,0.46071706204539714
747,lngqidrs,3,"SynNetRP,xylo,Realworld",1,"(80, 80, 80)","(10, 2, 2)",47,42517.81767955801,43261.46875,43747.760714285716,0.5138121546961326,0.4444444444444444,0.525,0.5138121546961326,0.4444444444444444,0.525,0.9176874070650207,0.9132013337742504,0.905,0.8713262748171824,0.8583252383708113,0.8501567055393585,0.9176874070650208,0.9132013337742505,0.9049999999999999,0.4694592929483363,0.3849138460509165,0.46684631413804795,0.5138121546961326,0.4444444444444444,0.525,0.46945929294833627,0.3849138460509165,0.466846314138048,0.4443567482241515,0.3650793650793651,0.4571428571428572,0.4562501699396476,0.379576748243287,0.46651988987762855
748,lngqidrs,3,"SynNetRP,xylo,Realworld",1,"(80, 80, 80)","(10, 2, 2)",48,42737.53798342541,43615.82986111111,43972.675,0.5290055248618785,0.4479166666666667,0.5392857142857143,0.5290055248618785,0.44791666666666663,0.5392857142857144,0.9151661710134437,0.9178929673721341,0.9119314868804664,0.8728414079567605,0.8585887552358906,0.8542966472303207,0.9151661710134438,0.917892967372134,0.9119314868804663,0.4853709695117802,0.39384308834893217,0.488243036288714,0.5290055248618785,0.4479166666666667,0.5392857142857143,0.4853709695117802,0.39384308834893217,0.48824303628871407,0.46172059984214675,0.36904761904761907,0.47346938775510206,0.4735438191408418,0.38240047529636445,0.4832179955800904
749,lngqidrs,3,"SynNetRP,xylo,Realworld",1,"(80, 80, 80)","(10, 2, 2)",49,43150.87085635359,44460.34375,44941.75,0.539364640883978,0.4652777777777778,0.525,0.5393646408839778,0.4652777777777778,0.5249999999999999,0.9155057516123266,0.9131944444444444,0.9145262390670553,0.8692010344399045,0.8674277653769841,0.8646656341107872,0.9155057516123265,0.9131944444444444,0.9145262390670554,0.49920723456093025,0.4116499429745989,0.4859763218149009,0.539364640883978,0.4652777777777778,0.525,0.4992072345609303,0.4116499429745989,0.48597632181490097,0.473559589581689,0.38888888888888884,0.4571428571428572,0.48221213975135235,0.4100894066961337,0.47204887644796073
750,lngqidrs,3,"SynNetRP,xylo,Realworld",1,"(80, 80, 80)","(10, 2, 2)",50,42886.61947513812,43555.88888888889,43930.06428571429,0.5172651933701657,0.4756944444444444,0.5285714285714286,0.5172651933701657,0.4756944444444445,0.5285714285714286,0.9098497996310946,0.9076829805996474,0.9081705539358601,0.8651324037291727,0.8681347828483245,0.8722667638483965,0.9098497996310945,0.9076829805996474,0.9081705539358601,0.47612809830194924,0.4489417047115063,0.4897055758886642,0.5172651933701657,0.4756944444444444,0.5285714285714286,0.47612809830194924,0.4489417047115063,0.4897055758886642,0.4483030781373323,0.4007936507936508,0.46122448979591835,0.4574647397287609,0.42229390952951773,0.4740508859439465
751,lngqidrs,3,"SynNetRP,xylo,Realworld",1,"(80, 80, 80)","(10, 2, 2)",51,42542.650552486186,43242.43402777778,43777.9,0.5158839779005525,0.4097222222222222,0.5464285714285714,0.5158839779005524,0.4097222222222222,0.5464285714285715,0.9166198812176499,0.9113825507054674,0.9107215743440232,0.871400677307949,0.8601250757826279,0.8580375364431487,0.9166198812176499,0.9113825507054673,0.9107215743440232,0.4722923585285111,0.33434070456540826,0.5022913435127878,0.5158839779005525,0.4097222222222222,0.5464285714285714,0.4722923585285111,0.33434070456540826,0.5022913435127879,0.44672454617206003,0.32539682539682535,0.4816326530612245,0.4566953443323212,0.34368412464118775,0.49421293139179345
752,lngqidrs,3,"SynNetRP,xylo,Realworld",1,"(80, 80, 80)","(10, 2, 2)",52,42318.919198895026,43349.274305555555,43767.489285714284,0.5407458563535912,0.4479166666666667,0.5714285714285714,0.5407458563535912,0.44791666666666663,0.5714285714285714,0.9161906360786127,0.9171075837742504,0.9128498542274053,0.8713143854081726,0.8643137883046738,0.8621310131195336,0.9161906360786126,0.9171075837742504,0.9128498542274053,0.49882806161191456,0.40445227354223867,0.5279811431040679,0.5407458563535912,0.4479166666666667,0.5714285714285714,0.4988280616119146,0.40445227354223867,0.5279811431040679,0.47513812154696133,0.36904761904761907,0.5102040816326531,0.4822976368572487,0.3787700353148404,0.5181194146704323
753,lngqidrs,3,"SynNetRP,xylo,Realworld",1,"(80, 80, 80)","(10, 2, 2)",53,42444.608425414364,43794.19097222222,44188.921428571426,0.5497237569060773,0.4479166666666667,0.4642857142857143,0.5497237569060773,0.44791666666666663,0.4642857142857143,0.9193866727424158,0.9080756723985891,0.911807580174927,0.8759469284035459,0.8532762207892416,0.8586434037900875,0.9193866727424158,0.9080756723985891,0.9118075801749271,0.5081735365817279,0.3662861433909228,0.40155289679901185,0.5497237569060773,0.4479166666666667,0.4642857142857143,0.5081735365817279,0.3662861433909228,0.4015528967990119,0.4853985793212312,0.36904761904761907,0.3877551020408163,0.4934387543410301,0.390683888837367,0.4035726183697819
754,lngqidrs,3,"SynNetRP,xylo,Realworld",1,"(80, 80, 80)","(10, 2, 2)",54,42472.38397790055,43419.100694444445,44048.96071428571,0.5462707182320442,0.4131944444444444,0.5607142857142857,0.5462707182320441,0.4131944444444444,0.5607142857142857,0.9216206552215832,0.9171902557319224,0.9161078717201165,0.8722536487199501,0.8578731261022928,0.8616545189504372,0.921620655221583,0.9171902557319225,0.9161078717201167,0.504762364129123,0.3503253589932342,0.5160631570919385,0.5462707182320442,0.4131944444444444,0.5607142857142857,0.5047623641291231,0.3503253589932342,0.5160631570919384,0.48145224940805054,0.3293650793650794,0.49795918367346936,0.48871349517595675,0.34258203965729933,0.5071504811534121
755,lngqidrs,3,"SynNetRP,xylo,Realworld",1,"(80, 80, 80)","(10, 2, 2)",55,42021.585635359115,43192.114583333336,43817.56785714286,0.5676795580110497,0.4131944444444444,0.5214285714285715,0.5676795580110497,0.4131944444444445,0.5214285714285714,0.9237963148691607,0.9091159611992945,0.9096793002915452,0.8771856413004139,0.8488816895392417,0.8571118804664722,0.9237963148691607,0.9091159611992947,0.9096793002915451,0.5238211798282574,0.3407669247165828,0.48030884968874876,0.5676795580110497,0.4131944444444444,0.5214285714285715,0.5238211798282574,0.3407669247165828,0.4803088496887487,0.5059194948697712,0.3293650793650794,0.4530612244897959,0.5139349525816459,0.3451747736313236,0.46523810039260327
756,lngqidrs,3,"SynNetRP,xylo,Realworld",1,"(80, 80, 80)","(10, 2, 2)",56,42384.3591160221,43686.40625,44301.11785714285,0.5718232044198895,0.4618055555555556,0.5607142857142857,0.5718232044198895,0.4618055555555556,0.5607142857142857,0.9220319129452703,0.9110656415343915,0.9116690962099125,0.8729289944053686,0.8552233176256614,0.8634320335276969,0.9220319129452703,0.9110656415343917,0.9116690962099125,0.5256235248105903,0.4130624925078112,0.5172752528129575,0.5718232044198895,0.4618055555555556,0.5607142857142857,0.5256235248105903,0.41306249250781113,0.5172752528129576,0.510655090765588,0.3849206349206349,0.49795918367346936,0.5185953722379861,0.39783678488256224,0.5101522217792022
757,lngqidrs,3,"SynNetRP,xylo,Realworld",1,"(80, 80, 80)","(10, 2, 2)",57,42707.719613259665,43570.666666666664,44145.15714285714,0.5587016574585635,0.4722222222222222,0.5535714285714286,0.5587016574585635,0.4722222222222222,0.5535714285714286,0.9262973832126178,0.9115754519400353,0.9042274052478134,0.8787843069067315,0.8595386215828924,0.8597403425655976,0.9262973832126178,0.9115754519400352,0.9042274052478134,0.5103480724689591,0.44427646530310233,0.5089845283762982,0.5587016574585635,0.4722222222222222,0.5535714285714286,0.5103480724689591,0.4442764653031024,0.5089845283762983,0.4956590370955012,0.39682539682539686,0.4897959183673469,0.5060044986479224,0.4110070145675856,0.4971032768701632
758,lngqidrs,3,"SynNetRP,xylo,Realworld",1,"(80, 80, 80)","(10, 2, 2)",58,43198.86671270718,44133.5625,44980.96071428571,0.5656077348066298,0.40625,0.5571428571428572,0.5656077348066298,0.40625,0.5571428571428572,0.9219174475748604,0.9205384700176367,0.9196720116618076,0.8775577900225442,0.8778995466820987,0.8711607142857143,0.9219174475748604,0.9205384700176368,0.9196720116618078,0.5218375710716441,0.36159470600919114,0.5110445375024341,0.5656077348066298,0.40625,0.5571428571428572,0.5218375710716441,0.3615947060091911,0.5110445375024341,0.5035516969218627,0.3214285714285714,0.4938775510204082,0.5106088204344802,0.33535844777074936,0.5024695543263173
759,lngqidrs,3,"SynNetRP,xylo,Realworld",1,"(80, 80, 80)","(10, 2, 2)",59,43458.64917127072,45031.09027777778,45454.77857142857,0.5656077348066298,0.4305555555555556,0.5678571428571428,0.5656077348066298,0.4305555555555556,0.5678571428571428,0.9258466076824796,0.914145171957672,0.9157653061224491,0.8762387469639423,0.8581151138117284,0.8672294096209914,0.9258466076824796,0.914145171957672,0.915765306122449,0.5174128118699914,0.3800838605919946,0.5255541937224713,0.5656077348066298,0.4305555555555556,0.5678571428571428,0.5174128118699916,0.3800838605919946,0.5255541937224714,0.5035516969218627,0.3492063492063492,0.5061224489795919,0.5119294727778547,0.3623939322548319,0.5161673191760004
760,lngqidrs,3,"SynNetRP,xylo,Realworld",1,"(80, 80, 80)","(10, 2, 2)",60,43248.35220994475,43863.104166666664,44463.41428571429,0.5890883977900553,0.4270833333333333,0.5857142857142857,0.5890883977900553,0.42708333333333337,0.5857142857142856,0.9269811775325192,0.9105420524691358,0.9178134110787172,0.880757028991353,0.8542303929673721,0.8653835641399417,0.9269811775325191,0.9105420524691357,0.9178134110787172,0.5446520416251259,0.3720508542821071,0.5432804882486837,0.5890883977900553,0.4270833333333333,0.5857142857142857,0.544652041625126,0.3720508542821071,0.5432804882486836,0.5303867403314917,0.34523809523809523,0.5265306122448979,0.5377720285208041,0.3591562691681122,0.5387066608037488
761,lngqidrs,3,"SynNetRP,xylo,Realworld",1,"(80, 80, 80)","(10, 2, 2)",61,43481.553867403316,44906.79513888889,45541.860714285714,0.580110497237569,0.4895833333333333,0.5678571428571428,0.580110497237569,0.4895833333333333,0.5678571428571428,0.9286540071600815,0.8932567239858906,0.9055102040816327,0.8780224308520148,0.852009445271164,0.8601275510204082,0.9286540071600814,0.8932567239858906,0.9055102040816326,0.5327778447536157,0.4658879573852065,0.5208206974948046,0.580110497237569,0.4895833333333333,0.5678571428571428,0.5327778447536157,0.46588795738520644,0.5208206974948046,0.5201262825572217,0.41666666666666663,0.5061224489795919,0.5279097343782045,0.4236351348017165,0.5197094684337017
762,lngqidrs,3,"SynNetRP,xylo,Realworld",1,"(80, 80, 80)","(10, 2, 2)",62,43647.6091160221,44404.10763888889,44958.72857142857,0.5642265193370166,0.4618055555555556,0.6071428571428571,0.5642265193370166,0.4618055555555555,0.6071428571428572,0.9272272780789004,0.9096602182539683,0.9177842565597668,0.879593842798711,0.8586722883597884,0.8655320699708455,0.9272272780789004,0.9096602182539684,0.9177842565597668,0.518860075996081,0.41841452501165005,0.5600016340728415,0.5642265193370166,0.4618055555555556,0.6071428571428571,0.5188600759960809,0.41841452501165005,0.5600016340728414,0.5019731649565904,0.3849206349206349,0.5510204081632653,0.5097334630586275,0.39516447211707534,0.5601249902012942
763,lngqidrs,3,"SynNetRP,xylo,Realworld",1,"(80, 80, 80)","(10, 2, 2)",63,43226.76519337016,44140.645833333336,44883.35,0.5780386740331491,0.4305555555555556,0.5642857142857143,0.5780386740331491,0.4305555555555556,0.5642857142857143,0.9312758092156614,0.9111827601410936,0.9158163265306123,0.8845046456588191,0.8651387855489419,0.8674280247813412,0.9312758092156616,0.9111827601410936,0.9158163265306123,0.531861079704776,0.39196070519852133,0.5230171851153662,0.5780386740331491,0.4305555555555556,0.5642857142857143,0.5318610797047761,0.39196070519852133,0.5230171851153662,0.5177584846093133,0.3492063492063492,0.5020408163265306,0.5252231641959472,0.35850493345521733,0.5094849599350562
764,lngqidrs,3,"SynNetRP,xylo,Realworld",1,"(80, 80, 80)","(10, 2, 2)",64,43184.23480662984,43442.291666666664,44241.3,0.5821823204419889,0.4305555555555556,0.5928571428571429,0.5821823204419889,0.4305555555555556,0.5928571428571429,0.9315287231769482,0.9091159611992945,0.9137755102040817,0.8834286711769656,0.859083064649471,0.8745317055393586,0.9315287231769481,0.9091159611992947,0.9137755102040815,0.5352653321771795,0.3822638680739816,0.5455931630200339,0.5821823204419889,0.4305555555555556,0.5928571428571429,0.5352653321771795,0.38226386807398155,0.5455931630200339,0.5224940805051302,0.3492063492063492,0.5346938775510204,0.5321574357112522,0.35925699870715677,0.5427444282508002
765,lngqidrs,3,"SynNetRP,xylo,Realworld",1,"(80, 80, 80)","(10, 2, 2)",65,43592.47099447514,44386.61111111111,45206.61785714285,0.5821823204419889,0.4236111111111111,0.5107142857142857,0.5821823204419889,0.4236111111111111,0.5107142857142857,0.9244400463094185,0.9091504078483246,0.9043221574344024,0.8790205620685745,0.8591932939263668,0.8632707725947522,0.9244400463094185,0.9091504078483246,0.9043221574344023,0.5382583193945194,0.38690072191083313,0.4652540098512108,0.5821823204419889,0.4236111111111111,0.5107142857142857,0.5382583193945193,0.38690072191083313,0.46525400985121085,0.5224940805051302,0.3412698412698413,0.4408163265306122,0.5305871311668472,0.35533019001974075,0.45294267737067206
766,lngqidrs,3,"SynNetRP,xylo,Realworld",1,"(80, 80, 80)","(10, 2, 2)",66,43732.48273480663,44824.958333333336,45694.43928571429,0.5607734806629834,0.4375,0.5571428571428572,0.5607734806629835,0.4375,0.5571428571428572,0.9252955386849346,0.9124366181657848,0.9124999999999999,0.8771015637604818,0.8564737309854498,0.8613146865889214,0.9252955386849346,0.9124366181657848,0.9125,0.5144887349490717,0.38636228801796924,0.507809702999339,0.5607734806629834,0.4375,0.5571428571428572,0.5144887349490717,0.3863622880179692,0.507809702999339,0.4980268350434096,0.3571428571428571,0.4938775510204082,0.504928146827872,0.367991219198237,0.5058004237735982
767,lngqidrs,3,"SynNetRP,xylo,Realworld",1,"(80, 80, 80)","(10, 2, 2)",67,44206.67196132597,45131.586805555555,46032.725,0.5925414364640884,0.4513888888888889,0.5214285714285715,0.5925414364640884,0.4513888888888889,0.5214285714285714,0.9283637556851134,0.8998980379188712,0.908097667638484,0.8850844672672645,0.841312038414903,0.8572931851311953,0.9283637556851133,0.8998980379188714,0.908097667638484,0.5471516184889977,0.3952430815946062,0.46775482274244395,0.5925414364640884,0.4513888888888889,0.5214285714285715,0.5471516184889977,0.39524308159460614,0.467754822742444,0.5343330702446725,0.373015873015873,0.4530612244897959,0.5428209833825826,0.38660955064207553,0.4676234165838977
768,lngqidrs,3,"SynNetRP,xylo,Realworld",1,"(80, 80, 80)","(10, 2, 2)",68,44516.473756906074,45186.708333333336,45821.06428571429,0.606353591160221,0.4548611111111111,0.5642857142857143,0.606353591160221,0.4548611111111111,0.5642857142857143,0.9304680107444827,0.9108245149911817,0.9178206997084548,0.8813049638180416,0.8621169532627866,0.8690998542274053,0.9304680107444828,0.9108245149911818,0.9178206997084548,0.5609426791140654,0.4116681781101307,0.517981852277474,0.606353591160221,0.4548611111111111,0.5642857142857143,0.5609426791140653,0.4116681781101307,0.5179818522774741,0.5501183898973954,0.376984126984127,0.5020408163265306,0.557591301643541,0.3906472587060281,0.5133999070225014
769,lngqidrs,3,"SynNetRP,xylo,Realworld",1,"(80, 80, 80)","(10, 2, 2)",69,43999.30732044199,44542.524305555555,45516.81071428571,0.5973756906077348,0.4409722222222222,0.5571428571428572,0.5973756906077348,0.44097222222222227,0.5571428571428572,0.9323542365268809,0.9110311948853616,0.9120991253644315,0.8874731142647835,0.8705830784281305,0.869117164723032,0.9323542365268808,0.9110311948853614,0.9120991253644314,0.5503417154957359,0.3960995575982712,0.5103745064962676,0.5973756906077348,0.4409722222222222,0.5571428571428572,0.5503417154957359,0.39609955759827126,0.5103745064962677,0.5398579321231255,0.36111111111111116,0.4938775510204082,0.549774663931419,0.3756635992228926,0.5072216178559406
770,lngqidrs,3,"SynNetRP,xylo,Realworld",1,"(80, 80, 80)","(10, 2, 2)",70,44269.25828729282,45370.756944444445,46035.42857142857,0.5959944751381215,0.4479166666666667,0.5607142857142857,0.5959944751381216,0.44791666666666663,0.5607142857142857,0.9318778425566985,0.9113756613756614,0.9123032069970844,0.8887498800838975,0.8558037436618167,0.8625810860058309,0.9318778425566985,0.9113756613756614,0.9123032069970846,0.5506330875825335,0.38807389310859197,0.5062692978882617,0.5959944751381215,0.4479166666666667,0.5607142857142857,0.5506330875825335,0.38807389310859197,0.5062692978882617,0.5382794001578532,0.36904761904761907,0.49795918367346936,0.5467186812298233,0.3834798863113413,0.5109972857031975
771,lngqidrs,3,"SynNetRP,xylo,Realworld",1,"(80, 80, 80)","(10, 2, 2)",71,44340.60566298343,44819.52777777778,45619.11785714285,0.5946132596685083,0.4305555555555556,0.5428571428571428,0.5946132596685083,0.4305555555555556,0.5428571428571429,0.9287981790194788,0.9071042768959435,0.9113119533527696,0.8817883074714274,0.8533830054012346,0.8621547011661808,0.9287981790194787,0.9071042768959435,0.9113119533527696,0.549556076853667,0.3807991105446619,0.4837815225958309,0.5946132596685083,0.4305555555555556,0.5428571428571428,0.549556076853667,0.38079911054466187,0.4837815225958309,0.5367008681925809,0.3492063492063492,0.4775510204081632,0.5439138508684933,0.3641925856757181,0.49535265211167223
772,lngqidrs,3,"SynNetRP,xylo,Realworld",1,"(80, 80, 80)","(10, 2, 2)",72,44595.261740331494,45967.788194444445,46890.08214285714,0.6077348066298343,0.4652777777777778,0.5357142857142857,0.6077348066298343,0.4652777777777778,0.5357142857142857,0.9337888691693521,0.9000771604938271,0.9068513119533528,0.8879508368508724,0.8642862309854498,0.8662345116618076,0.933788869169352,0.9000771604938271,0.9068513119533527,0.5627330757984126,0.43858309414909963,0.4899223580057891,0.6077348066298343,0.4652777777777778,0.5357142857142857,0.5627330757984126,0.43858309414909963,0.48992235800578904,0.5516969218626677,0.38888888888888884,0.4693877551020408,0.5603941497158693,0.3970304825560648,0.48361180772920237
773,lngqidrs,3,"SynNetRP,xylo,Realworld",1,"(80, 80, 80)","(10, 2, 2)",73,45131.26450276243,45361.333333333336,46020.83571428571,0.5932320441988951,0.4479166666666667,0.5428571428571428,0.593232044198895,0.4479166666666667,0.5428571428571429,0.9323504210145339,0.9081101190476191,0.9080612244897959,0.8870339556070589,0.8552637924382717,0.8642793367346938,0.9323504210145339,0.9081101190476191,0.908061224489796,0.5479770758734623,0.4226847768199258,0.49156091048450945,0.5932320441988951,0.4479166666666667,0.5428571428571428,0.5479770758734623,0.4226847768199257,0.4915609104845094,0.5351223362273085,0.36904761904761907,0.4775510204081632,0.5424301165561299,0.3805583285841696,0.49320682141853506
774,lngqidrs,3,"SynNetRP,xylo,Realworld",1,"(80, 80, 80)","(10, 2, 2)",74,44923.3591160221,46068.77777777778,46573.59285714286,0.6098066298342542,0.4826388888888889,0.5571428571428572,0.6098066298342542,0.48263888888888895,0.5571428571428572,0.9345143615884741,0.8916308421516755,0.8995189504373178,0.8892865387089179,0.8506935832782188,0.8661197157434404,0.9345143615884741,0.8916308421516754,0.8995189504373179,0.5652322154182177,0.44499952827158706,0.5156261045363562,0.6098066298342542,0.4826388888888889,0.5571428571428572,0.5652322154182176,0.4449995282715871,0.5156261045363563,0.5540647198105761,0.4087301587301587,0.4938775510204082,0.5617066894666575,0.419955394231127,0.5045138583809352
775,lngqidrs,3,"SynNetRP,xylo,Realworld",1,"(80, 80, 80)","(10, 2, 2)",75,44718.82389502762,45674.15625,46307.610714285714,0.5925414364640884,0.5069444444444444,0.5785714285714286,0.5925414364640884,0.5069444444444444,0.5785714285714285,0.9278941751298365,0.911968143738977,0.9125947521865889,0.878952427919521,0.871485580632716,0.8669178206997086,0.9278941751298365,0.9119681437389772,0.912594752186589,0.5462236069987345,0.47055819757953143,0.5299955870378836,0.5925414364640884,0.5069444444444444,0.5785714285714286,0.5462236069987345,0.4705581975795315,0.5299955870378836,0.5343330702446725,0.4365079365079365,0.5183673469387755,0.5420002306619579,0.4455824717195255,0.5288156165672175
776,lngqidrs,3,"SynNetRP,xylo,Realworld",1,"(80, 80, 80)","(10, 2, 2)",76,44819.70718232044,45375.260416666664,46296.79285714286,0.5994475138121547,0.4375,0.5464285714285714,0.5994475138121547,0.4375,0.5464285714285715,0.9351387429304008,0.9063946759259259,0.9116399416909622,0.8850482198999682,0.8533321965939155,0.8619314868804664,0.9351387429304008,0.9063946759259258,0.9116399416909621,0.5534149018898791,0.39251836449762234,0.49221931942472863,0.5994475138121547,0.4375,0.5464285714285714,0.5534149018898791,0.39251836449762234,0.4922193194247287,0.5422257300710339,0.3571428571428571,0.4816326530612245,0.5498750943399906,0.36903458523549415,0.4959592318605537
777,lngqidrs,3,"SynNetRP,xylo,Realworld",1,"(80, 80, 80)","(10, 2, 2)",77,45121.11256906077,46754.586805555555,47431.635714285716,0.6056629834254144,0.46875,0.5678571428571428,0.6056629834254144,0.46875,0.5678571428571428,0.9330889951902741,0.912112819664903,0.9157288629737609,0.8841494964068776,0.8592535755621693,0.8691417638483964,0.9330889951902741,0.912112819664903,0.9157288629737609,0.562417599687247,0.40850562506942173,0.513683220668562,0.6056629834254144,0.46875,0.5678571428571428,0.562417599687247,0.40850562506942173,0.513683220668562,0.5493291239147593,0.3928571428571429,0.5061224489795919,0.5579472925845671,0.4059261003651354,0.519183050997598
778,lngqidrs,3,"SynNetRP,xylo,Realworld",1,"(80, 80, 80)","(10, 2, 2)",78,45270.16712707182,45304.270833333336,46280.33214285714,0.6001381215469613,0.4826388888888889,0.5285714285714286,0.6001381215469613,0.48263888888888884,0.5285714285714286,0.9340973805962665,0.9117270171957672,0.9172376093294461,0.8841935110671661,0.8559682264109348,0.8698879373177841,0.9340973805962665,0.9117270171957672,0.917237609329446,0.5543032121958311,0.43071457113115913,0.486315231746431,0.6001381215469613,0.4826388888888889,0.5285714285714286,0.5543032121958311,0.4307145711311591,0.486315231746431,0.5430149960536701,0.4087301587301587,0.46122448979591835,0.550535712769787,0.4277801137441708,0.4761821891403174
779,lngqidrs,3,"SynNetRP,xylo,Realworld",1,"(80, 80, 80)","(10, 2, 2)",79,44633.64917127072,45587.28472222222,46237.18571428571,0.6035911602209945,0.4895833333333333,0.5464285714285714,0.6035911602209945,0.48958333333333337,0.5464285714285715,0.9322291422292185,0.914227843915344,0.9172813411078717,0.8851989667047492,0.861606281690917,0.8662846209912536,0.9322291422292186,0.9142278439153438,0.9172813411078717,0.5567809891954909,0.4539894215816781,0.49935718993969974,0.6035911602209945,0.4895833333333333,0.5464285714285714,0.5567809891954908,0.4539894215816781,0.4993571899396997,0.5469613259668509,0.41666666666666663,0.4816326530612245,0.5568967969383379,0.42723451999072826,0.4934561196228594
780,lngqidrs,3,"SynNetRP,xylo,Realworld",1,"(80, 80, 80)","(10, 2, 2)",80,44939.598756906074,46501.32986111111,47265.45714285714,0.6174033149171271,0.4895833333333333,0.5392857142857143,0.6174033149171271,0.4895833333333333,0.5392857142857143,0.9381211109027721,0.9106729497354498,0.9057944606413995,0.8883162743593209,0.8525821208112875,0.8534220116618076,0.938121110902772,0.9106729497354498,0.9057944606413996,0.5743102156127777,0.4385652013941488,0.4882557130780023,0.6174033149171271,0.4895833333333333,0.5392857142857143,0.5743102156127776,0.4385652013941488,0.48825571307800236,0.5627466456195738,0.41666666666666663,0.47346938775510206,0.5705652596322502,0.43186387821576133,0.48709407829652596
781,lngqidrs,3,"SynNetRP,xylo,Realworld",1,"(80, 80, 80)","(10, 2, 2)",81,45352.89709944752,46664.70486111111,47230.125,0.6243093922651933,0.4965277777777778,0.5714285714285714,0.6243093922651934,0.4965277777777778,0.5714285714285714,0.9343115943608907,0.9079792217813052,0.91149416909621,0.8829465198711883,0.865334270282187,0.8660878279883382,0.9343115943608908,0.9079792217813052,0.91149416909621,0.578994604733364,0.4687358107240255,0.5269875037214532,0.6243093922651933,0.4965277777777778,0.5714285714285714,0.578994604733364,0.4687358107240255,0.5269875037214533,0.5706393054459353,0.42460317460317465,0.5102040816326531,0.5784615978705865,0.431987504728013,0.5234262170663312
782,lngqidrs,3,"SynNetRP,xylo,Realworld",1,"(80, 80, 80)","(10, 2, 2)",82,45277.14709944752,46151.239583333336,47111.357142857145,0.5752762430939227,0.4722222222222222,0.5357142857142857,0.5752762430939227,0.4722222222222222,0.5357142857142857,0.9313485764868507,0.917920524691358,0.9138265306122448,0.8837311527316888,0.8645798886684303,0.8595845481049562,0.9313485764868505,0.917920524691358,0.9138265306122448,0.5269356837591489,0.4144943303743053,0.48328704597728406,0.5752762430939227,0.4722222222222222,0.5357142857142857,0.5269356837591489,0.4144943303743053,0.48328704597728406,0.5146014206787688,0.39682539682539686,0.4693877551020408,0.5242753456313517,0.41769130338381677,0.48543304411886584
783,lngqidrs,3,"SynNetRP,xylo,Realworld",1,"(80, 80, 80)","(10, 2, 2)",83,45411.88812154696,46574.03125,47198.010714285716,0.6022099447513812,0.4583333333333333,0.5535714285714286,0.6022099447513812,0.4583333333333333,0.5535714285714286,0.937183039938603,0.9153370260141093,0.9132944606413995,0.8913121328932049,0.8799758184523809,0.8696820335276968,0.937183039938603,0.9153370260141094,0.9132944606413994,0.5530446990048073,0.41863519717896547,0.5091078437326926,0.6022099447513812,0.4583333333333333,0.5535714285714286,0.5530446990048075,0.41863519717896547,0.5091078437326926,0.5453827940015785,0.38095238095238093,0.4897959183673469,0.5545746388443018,0.3934459272337693,0.5012295640605802
784,lngqidrs,3,"SynNetRP,xylo,Realworld",1,"(80, 80, 80)","(10, 2, 2)",84,46234.94820441989,46440.00347222222,46892.375,0.619475138121547,0.4027777777777778,0.4928571428571429,0.6194751381215469,0.4027777777777778,0.4928571428571429,0.9365066041067994,0.9011656746031746,0.9115524781341109,0.8896161717220389,0.8608742903990301,0.8662563775510204,0.9365066041067993,0.9011656746031748,0.9115524781341108,0.5725619695711708,0.37302615844762377,0.45033539738888523,0.619475138121547,0.4027777777777778,0.4928571428571429,0.5725619695711709,0.3730261584476237,0.45033539738888523,0.5651144435674822,0.31746031746031744,0.42040816326530617,0.5731683216727879,0.3293806089392504,0.4348740926838196
785,lngqidrs,3,"SynNetRP,xylo,Realworld",1,"(80, 80, 80)","(10, 2, 2)",85,45832.37776243094,46881.72222222222,47535.65714285714,0.611878453038674,0.4826388888888889,0.5821428571428572,0.611878453038674,0.4826388888888889,0.5821428571428571,0.9372102935982243,0.9126295194003528,0.9119970845481049,0.8872171001997148,0.8676490850970017,0.8704518950437319,0.9372102935982245,0.9126295194003526,0.9119970845481049,0.5672224195887298,0.4429332427451815,0.5373295287112196,0.611878453038674,0.4826388888888889,0.5821428571428572,0.5672224195887298,0.44293324274518153,0.5373295287112196,0.5564325177584846,0.4087301587301587,0.5224489795918368,0.5635366477841858,0.42167632859230036,0.5324627842656008
786,lngqidrs,3,"SynNetRP,xylo,Realworld",1,"(80, 80, 80)","(10, 2, 2)",86,45370.035220994476,46367.26736111111,47137.20714285714,0.5980662983425414,0.4895833333333333,0.5178571428571429,0.5980662983425414,0.48958333333333337,0.5178571428571428,0.9317767314795031,0.8874352402998236,0.9008746355685131,0.8820455820182534,0.8543785135582012,0.8573013848396502,0.931776731479503,0.8874352402998237,0.9008746355685131,0.5504377801334697,0.45881354604812596,0.46793114450234735,0.5980662983425414,0.4895833333333333,0.5178571428571429,0.5504377801334697,0.45881354604812585,0.46793114450234735,0.5406471981057617,0.41666666666666663,0.44897959183673475,0.5498398069471959,0.42477410384144926,0.46482031469280594
787,lngqidrs,3,"SynNetRP,xylo,Realworld",1,"(80, 80, 80)","(10, 2, 2)",87,45266.651243093926,45355.989583333336,46060.49642857143,0.5939226519337016,0.4444444444444444,0.5321428571428571,0.5939226519337018,0.4444444444444444,0.5321428571428571,0.9332590580263118,0.9029155643738977,0.9182798833819241,0.8868440657336467,0.85400390625,0.8700665087463555,0.9332590580263118,0.9029155643738976,0.918279883381924,0.5497464915679896,0.38432359135770705,0.4865678816093315,0.5939226519337016,0.4444444444444444,0.5321428571428571,0.5497464915679896,0.38432359135770705,0.48656788160933145,0.5359116022099448,0.3650793650793651,0.4653061224489796,0.5427510049855928,0.37878208191007734,0.47750392714470496
788,lngqidrs,3,"SynNetRP,xylo,Realworld",1,"(80, 80, 80)","(10, 2, 2)",88,44673.8114640884,45713.645833333336,46395.142857142855,0.5994475138121547,0.4305555555555556,0.5392857142857143,0.5994475138121547,0.4305555555555556,0.5392857142857143,0.938038259777523,0.8948412698412698,0.9176384839650146,0.8884168403633239,0.8495654555224867,0.866680940233236,0.9380382597775229,0.8948412698412697,0.9176384839650146,0.5539433020393443,0.3793287792488254,0.48430068971206125,0.5994475138121547,0.4305555555555556,0.5392857142857143,0.5539433020393443,0.3793287792488254,0.48430068971206125,0.5422257300710339,0.3492063492063492,0.47346938775510206,0.5490588507252976,0.36144583733408153,0.48918156908212973
789,lngqidrs,3,"SynNetRP,xylo,Realworld",1,"(80, 80, 80)","(10, 2, 2)",89,45111.31767955801,46497.60763888889,47157.97142857143,0.6208563535911602,0.4791666666666667,0.5464285714285714,0.6208563535911602,0.47916666666666663,0.5464285714285715,0.939631781255587,0.9206142526455027,0.9173323615160349,0.8890903804937926,0.8662712191358025,0.8600728862973762,0.939631781255587,0.9206142526455027,0.917332361516035,0.5761466146243495,0.43483670354470766,0.4966687141730721,0.6208563535911602,0.4791666666666667,0.5464285714285714,0.5761466146243496,0.43483670354470766,0.49666871417307223,0.5666929755327546,0.40476190476190477,0.4816326530612245,0.5756424721029635,0.4165208714003352,0.4951333462955378
790,lngqidrs,3,"SynNetRP,xylo,Realworld",1,"(80, 80, 80)","(10, 2, 2)",90,45306.197513812156,46255.444444444445,46881.92857142857,0.6015193370165746,0.4791666666666667,0.5785714285714286,0.6015193370165746,0.4791666666666667,0.5785714285714286,0.937623459078085,0.908137676366843,0.9185349854227405,0.8885301815202744,0.8643930155974427,0.8719041545189504,0.9376234590780849,0.9081376763668432,0.9185349854227405,0.557905168110242,0.43635330599411587,0.5346706315376393,0.6015193370165746,0.4791666666666667,0.5785714285714286,0.5579051681102422,0.43635330599411587,0.5346706315376393,0.5445935280189425,0.40476190476190477,0.5183673469387755,0.5525073905628953,0.4177784892754904,0.5301443314651739
791,lngqidrs,3,"SynNetRP,xylo,Realworld",1,"(80, 80, 80)","(10, 2, 2)",91,44981.96754143646,45987.166666666664,46587.86785714285,0.6201657458563536,0.4409722222222222,0.5285714285714286,0.6201657458563536,0.4409722222222222,0.5285714285714285,0.9390888883559285,0.9118992504409171,0.9167784256559766,0.8899268975087975,0.8663848930776015,0.8654500728862974,0.9390888883559284,0.911899250440917,0.9167784256559766,0.5753677297138107,0.3944384836556304,0.48019952396329724,0.6201657458563536,0.4409722222222222,0.5285714285714286,0.5753677297138106,0.3944384836556304,0.4801995239632973,0.5659037095501184,0.36111111111111116,0.46122448979591835,0.5740274192162496,0.3722488568110219,0.4735479836379103
792,lngqidrs,3,"SynNetRP,xylo,Realworld",1,"(80, 80, 80)","(10, 2, 2)",92,45027.955110497234,46101.88888888889,46844.703571428574,0.6098066298342542,0.4826388888888889,0.5357142857142857,0.6098066298342542,0.48263888888888884,0.5357142857142857,0.9356810907568669,0.9105007164902998,0.9196793002915452,0.8910231418999943,0.8626663773148149,0.8680885568513119,0.9356810907568669,0.9105007164903,0.9196793002915454,0.5662774945440598,0.4408713426161939,0.4940520878758235,0.6098066298342542,0.4826388888888889,0.5357142857142857,0.5662774945440598,0.4408713426161939,0.49405208787582355,0.5540647198105761,0.4087301587301587,0.4693877551020408,0.5604193863409032,0.41982717196309044,0.479161467460201
793,lngqidrs,3,"SynNetRP,xylo,Realworld",1,"(80, 80, 80)","(10, 2, 2)",93,45209.261740331494,46355.48611111111,47103.62142857143,0.6029005524861878,0.4583333333333333,0.5142857142857142,0.6029005524861879,0.4583333333333333,0.5142857142857142,0.9343829989490989,0.9123815035273368,0.916997084548105,0.8849964379466875,0.8728393339395943,0.8615798104956269,0.9343829989490989,0.9123815035273368,0.9169970845481048,0.5555235569279282,0.412301678333549,0.4700360441419843,0.6029005524861878,0.4583333333333333,0.5142857142857142,0.5555235569279283,0.41230167833354897,0.47003604414198424,0.5461720599842147,0.38095238095238093,0.4448979591836735,0.5550950859811664,0.39949228772703793,0.4592476950309103
794,lngqidrs,3,"SynNetRP,xylo,Realworld",1,"(80, 80, 80)","(10, 2, 2)",94,45207.23066298343,46074.07986111111,46611.078571428574,0.6146408839779005,0.5069444444444444,0.5428571428571428,0.6146408839779006,0.5069444444444444,0.5428571428571429,0.9392447792889629,0.9110931988536155,0.9165160349854228,0.8917578324292386,0.8643344562940918,0.8653735422740525,0.9392447792889629,0.9110931988536155,0.9165160349854227,0.5686921027939159,0.45706308055484207,0.5020024236680829,0.6146408839779005,0.5069444444444444,0.5428571428571428,0.568692102793916,0.45706308055484207,0.502002423668083,0.5595895816890293,0.4365079365079365,0.4775510204081632,0.5674050291320799,0.46366267560092106,0.4933449165693355
795,lngqidrs,3,"SynNetRP,xylo,Realworld",1,"(80, 80, 80)","(10, 2, 2)",95,45172.96546961326,45735.59722222222,46420.485714285714,0.5973756906077348,0.4583333333333333,0.6035714285714285,0.5973756906077348,0.4583333333333333,0.6035714285714286,0.93316775826658,0.912050815696649,0.9167565597667637,0.8829051965097874,0.8607528659611994,0.8714723032069971,0.93316775826658,0.9120508156966491,0.9167565597667638,0.5538543034797812,0.4184375767126023,0.5587218785531508,0.5973756906077348,0.4583333333333333,0.6035714285714285,0.553854303479781,0.41843757671260223,0.5587218785531509,0.5398579321231255,0.38095238095238093,0.5469387755102041,0.5494743879666555,0.39080695355649453,0.5538194943311238
796,lngqidrs,3,"SynNetRP,xylo,Realworld",1,"(80, 80, 80)","(10, 2, 2)",96,45208.011049723755,45675.17361111111,46231.33928571428,0.5863259668508287,0.4583333333333333,0.5178571428571429,0.5863259668508287,0.45833333333333337,0.5178571428571428,0.9297981157909885,0.9109416335978836,0.9117565597667638,0.876821873078617,0.8524520847111993,0.8544943513119533,0.9297981157909885,0.9109416335978836,0.9117565597667638,0.5397130554359146,0.4135743118673436,0.470096418521034,0.5863259668508287,0.4583333333333333,0.5178571428571429,0.5397130554359145,0.41357431186734367,0.47009641852103407,0.5272296764009472,0.38095238095238093,0.44897959183673475,0.5350542362596029,0.3932436933847702,0.45946744790341876
797,lngqidrs,3,"SynNetRP,xylo,Realworld",1,"(80, 80, 80)","(10, 2, 2)",97,44350.613950276245,45310.555555555555,45763.43214285714,0.6270718232044199,0.5243055555555556,0.6035714285714285,0.6270718232044199,0.5243055555555556,0.6035714285714286,0.9371296227657451,0.9092399691358024,0.9096064139941691,0.8911431602035522,0.866544208829365,0.8678052113702623,0.9371296227657451,0.9092399691358024,0.9096064139941691,0.5789582505578148,0.49263325781348877,0.5572274589944798,0.6270718232044199,0.5243055555555556,0.6035714285714285,0.5789582505578148,0.4926332578134887,0.5572274589944798,0.5737963693764798,0.4563492063492064,0.5469387755102041,0.5819514651489464,0.4652354426553933,0.5562608730472927
798,lngqidrs,3,"SynNetRP,xylo,Realworld",1,"(80, 80, 80)","(10, 2, 2)",98,44620.35082872928,46012.6875,46347.84642857143,0.6284530386740331,0.5243055555555556,0.5785714285714286,0.6284530386740332,0.5243055555555556,0.5785714285714285,0.9378022430852015,0.9128430886243386,0.9137900874635569,0.8879696078089366,0.8632700548390653,0.8649526239067057,0.9378022430852014,0.9128430886243386,0.913790087463557,0.5841570445763123,0.4879584718046105,0.5302069905863346,0.6284530386740331,0.5243055555555556,0.5785714285714286,0.5841570445763123,0.4879584718046104,0.5302069905863346,0.5753749013417522,0.4563492063492064,0.5183673469387755,0.5828675339187288,0.46429887984703905,0.5277518335174316
799,lngqidrs,3,"SynNetRP,xylo,Realworld",1,"(80, 80, 80)","(10, 2, 2)",99,44414.391574585636,45373.302083333336,46054.15714285714,0.6084254143646409,0.4826388888888889,0.5571428571428572,0.6084254143646409,0.4826388888888889,0.5571428571428572,0.9322321401317768,0.9098600088183422,0.9195481049562683,0.8866995191364296,0.8601853574184304,0.8656659985422741,0.9322321401317769,0.9098600088183422,0.9195481049562684,0.5610107532069872,0.4245734126984127,0.5127006818448904,0.6084254143646409,0.4826388888888889,0.5571428571428572,0.5610107532069873,0.4245734126984127,0.5127006818448904,0.5524861878453038,0.4087301587301587,0.4938775510204082,0.5617765398051604,0.42446806965994266,0.5043911093487651
800,54l6sj7e,2,"SynNetRP,xylo,Realworld",1,"(80, 80, 80)","(10, 2, 2)",0,26083.830758426968,27224.778846153848,24664.678571428572,0.13974719101123595,0.16666666666666666,0.1357142857142857,0.13974719101123595,0.16666666666666666,0.1357142857142857,0.5374273517954082,0.5698377477223631,0.5929373177842565,0.5315173583557271,0.5519152989104912,0.5519351311953353,0.5374273517954082,0.5698377477223631,0.5929373177842566,0.10525999679919486,0.07660978384527872,0.04622485036417394,0.13974719101123595,0.16666666666666666,0.1357142857142857,0.10525999679919484,0.07660978384527872,0.04622485036417394,0.016853932584269704,0.04761904761904767,0.01224489795918371,0.01897902151198728,0.0788719377667689,0.02506186079473193
801,54l6sj7e,2,"SynNetRP,xylo,Realworld",1,"(80, 80, 80)","(10, 2, 2)",1,22470.65308988764,19959.416666666668,17981.22857142857,0.15730337078651685,0.13141025641025642,0.1392857142857143,0.15730337078651685,0.13141025641025642,0.1392857142857143,0.5872023621656717,0.5639792899408285,0.599569970845481,0.5738604404882139,0.5506825572931343,0.5687062682215743,0.5872023621656717,0.5639792899408284,0.599569970845481,0.08206566802592985,0.039536228160328875,0.053795771578029644,0.15730337078651685,0.13141025641025642,0.1392857142857143,0.08206566802592986,0.039536228160328875,0.05379577157802965,0.036918138041733495,0.0073260073260073,0.01632653061224487,0.04520084533249619,0.011445916960115021,0.025196756661752882
802,54l6sj7e,2,"SynNetRP,xylo,Realworld",1,"(80, 80, 80)","(10, 2, 2)",2,18772.10533707865,23759.69551282051,21722.692857142858,0.1601123595505618,0.1955128205128205,0.16428571428571428,0.1601123595505618,0.1955128205128205,0.16428571428571426,0.6596857133839522,0.7303759274913122,0.7434256559766764,0.6260972260108753,0.6539965776744624,0.6600428206997084,0.6596857133839522,0.7303759274913121,0.7434256559766764,0.1241616089875686,0.1271489802068505,0.11850525924222104,0.1601123595505618,0.1955128205128205,0.16428571428571428,0.1241616089875686,0.12714898020685053,0.11850525924222102,0.0401284109149278,0.08058608058608063,0.04489795918367345,0.04566993798802883,0.09188226868930782,0.051036665985583186
803,54l6sj7e,2,"SynNetRP,xylo,Realworld",1,"(80, 80, 80)","(10, 2, 2)",3,23277.052668539327,24205.76282051282,22493.0,0.22963483146067415,0.22115384615384615,0.14642857142857144,0.22963483146067415,0.22115384615384615,0.14642857142857144,0.722721979998918,0.7031323377477224,0.7206268221574345,0.668178022199127,0.6562375258288721,0.6200628644314868,0.7227219799989177,0.7031323377477224,0.7206268221574343,0.18427295536871674,0.18358892897183182,0.08595603089720737,0.22963483146067415,0.22115384615384615,0.14642857142857144,0.18427295536871677,0.18358892897183182,0.08595603089720737,0.1195826645264848,0.10989010989010994,0.024489795918367308,0.13031030096282586,0.12046177180476994,0.02841177899779727
804,54l6sj7e,2,"SynNetRP,xylo,Realworld",1,"(80, 80, 80)","(10, 2, 2)",4,23340.191011235955,25682.1858974359,24823.032142857144,0.20786516853932585,0.27564102564102566,0.21428571428571427,0.20786516853932585,0.27564102564102566,0.21428571428571427,0.6945824954461017,0.7452627500704424,0.741902332361516,0.6568461140255559,0.7102213358222974,0.6922448979591835,0.6945824954461017,0.7452627500704423,0.741902332361516,0.17458690428426255,0.2405179661369908,0.15341440261949707,0.20786516853932585,0.27564102564102566,0.21428571428571427,0.17458690428426255,0.24051796613699084,0.15341440261949707,0.0947030497592295,0.17216117216117222,0.10204081632653061,0.10143211929409858,0.19342505564147333,0.1150812755052852
805,54l6sj7e,2,"SynNetRP,xylo,Realworld",1,"(80, 80, 80)","(10, 2, 2)",5,25850.1404494382,28966.47435897436,26928.60357142857,0.2731741573033708,0.18269230769230768,0.22857142857142856,0.2731741573033708,0.18269230769230768,0.22857142857142856,0.7545815147798799,0.8068587395510473,0.7852769679300291,0.7100628260433387,0.7331848173194326,0.7195371720116618,0.7545815147798798,0.8068587395510473,0.7852769679300291,0.2355660284282078,0.11696428571428572,0.15718459844921612,0.2731741573033708,0.18269230769230768,0.22857142857142856,0.23556602842820779,0.1169642857142857,0.1571845984492161,0.1693418940609952,0.06593406593406592,0.11836734693877549,0.18296080541533385,0.11087319853702951,0.14455527316948935
806,54l6sj7e,2,"SynNetRP,xylo,Realworld",1,"(80, 80, 80)","(10, 2, 2)",6,28075.4220505618,31115.22435897436,29408.192857142858,0.29002808988764045,0.3782051282051282,0.3357142857142857,0.29002808988764045,0.3782051282051282,0.3357142857142857,0.7832552933431927,0.7990572461726307,0.7168440233236151,0.7533814315359714,0.7672077521837137,0.7216964285714285,0.7832552933431925,0.7990572461726307,0.7168440233236152,0.27470089512207263,0.35174942821995736,0.31970415669989255,0.29002808988764045,0.3782051282051282,0.3357142857142857,0.27470089512207263,0.3517494282199574,0.31970415669989255,0.1886035313001605,0.28937728937728935,0.24081632653061225,0.2065989951456151,0.30092181267003887,0.2500875747218856
807,54l6sj7e,2,"SynNetRP,xylo,Realworld",1,"(80, 80, 80)","(10, 2, 2)",7,30144.90238764045,32551.384615384617,30453.42142857143,0.3335674157303371,0.28525641025641024,0.28214285714285714,0.33356741573033705,0.2852564102564103,0.28214285714285714,0.8157378893357621,0.8895052596975674,0.798768221574344,0.7879368473497214,0.8272877629848783,0.7685778061224491,0.815737889335762,0.8895052596975674,0.7987682215743441,0.313470512390911,0.18614415459076689,0.20572991308719493,0.3335674157303371,0.28525641025641024,0.28214285714285714,0.313470512390911,0.18614415459076689,0.20572991308719496,0.2383627608346709,0.18315018315018317,0.17959183673469392,0.2539534049749421,0.22947008848690725,0.20483070374906112
808,54l6sj7e,2,"SynNetRP,xylo,Realworld",1,"(80, 80, 80)","(10, 2, 2)",8,31318.24297752809,35752.27243589744,32678.667857142857,0.34620786516853935,0.3141025641025641,0.29285714285714287,0.34620786516853935,0.3141025641025641,0.2928571428571428,0.8467156699190217,0.8508734854888701,0.7987609329446064,0.8071094708122171,0.8020825995585611,0.7625974854227405,0.8467156699190217,0.8508734854888699,0.7987609329446065,0.3213482547689094,0.2639353242423369,0.2715056126231071,0.34620786516853935,0.3141025641025641,0.29285714285714287,0.32134825476890944,0.26393532424233684,0.2715056126231071,0.2528089887640449,0.21611721611721613,0.19183673469387752,0.2758523388958895,0.23618949999899505,0.20065645466760842
809,54l6sj7e,2,"SynNetRP,xylo,Realworld",1,"(80, 80, 80)","(10, 2, 2)",9,32927.43890449438,35539.39102564102,33032.19285714286,0.34901685393258425,0.33653846153846156,0.3107142857142857,0.34901685393258425,0.33653846153846156,0.3107142857142857,0.8553404602593467,0.8410937353245045,0.830801749271137,0.8118622147050338,0.784035409035409,0.7834283892128281,0.8553404602593467,0.8410937353245046,0.8308017492711369,0.3171120973039799,0.3208283550515163,0.2793502025366274,0.34901685393258425,0.33653846153846156,0.3107142857142857,0.3171120973039799,0.3208283550515163,0.27935020253662746,0.2560192616372392,0.2417582417582418,0.21224489795918366,0.27867277404496105,0.2567490931869093,0.22320577557039192
810,54l6sj7e,2,"SynNetRP,xylo,Realworld",1,"(80, 80, 80)","(10, 2, 2)",10,32761.079353932586,36111.55128205128,34087.607142857145,0.3539325842696629,0.3108974358974359,0.2642857142857143,0.3539325842696629,0.3108974358974359,0.2642857142857143,0.8516339364618465,0.9057070066685451,0.8258309037900875,0.806793642746677,0.8467584765661689,0.7843276239067055,0.8516339364618465,0.905707006668545,0.8258309037900874,0.329386853097878,0.2508772299152802,0.2064026178253853,0.3539325842696629,0.3108974358974359,0.2642857142857143,0.3293868530978781,0.2508772299152802,0.2064026178253853,0.2616372391653291,0.21245421245421248,0.15918367346938778,0.2860943014686518,0.2545279965361046,0.17617460339413019
811,54l6sj7e,2,"SynNetRP,xylo,Realworld",1,"(80, 80, 80)","(10, 2, 2)",11,33893.65308988764,37558.743589743586,35278.796428571426,0.3672752808988764,0.34935897435897434,0.2571428571428571,0.3672752808988764,0.34935897435897434,0.2571428571428571,0.8672623180695078,0.8994024138254907,0.8375655976676385,0.8234729293852687,0.837039629707899,0.7976029518950437,0.8672623180695077,0.8994024138254907,0.8375655976676385,0.3454297335309366,0.32511542902406204,0.21784267481442832,0.3672752808988764,0.34935897435897434,0.2571428571428571,0.34542973353093653,0.32511542902406204,0.2178426748144283,0.2768860353130016,0.2564102564102564,0.15102040816326534,0.29867309006031584,0.2848065104582973,0.16526505387123824
812,54l6sj7e,2,"SynNetRP,xylo,Realworld",1,"(80, 80, 80)","(10, 2, 2)",12,34733.04213483146,38118.91025641026,35474.53571428572,0.3686797752808989,0.3076923076923077,0.2714285714285714,0.3686797752808989,0.3076923076923077,0.27142857142857146,0.8777779906938158,0.8825608152531229,0.8387900874635568,0.8297856159372914,0.8180884286653517,0.7998387390670554,0.8777779906938157,0.8825608152531229,0.838790087463557,0.3533901478326218,0.25895556281456866,0.22153803005590858,0.3686797752808989,0.3076923076923077,0.2714285714285714,0.3533901478326218,0.25895556281456866,0.2215380300559086,0.2784911717495987,0.20879120879120883,0.1673469387755102,0.2967763800156709,0.2346071388041693,0.18632033346692126
813,54l6sj7e,2,"SynNetRP,xylo,Realworld",1,"(80, 80, 80)","(10, 2, 2)",13,34983.92837078652,36854.86217948718,34411.55,0.38553370786516855,0.34615384615384615,0.2785714285714286,0.38553370786516855,0.34615384615384615,0.2785714285714286,0.8720808271863221,0.9132384709307786,0.8355685131195335,0.8268453433008097,0.835850914576876,0.7981678206997085,0.8720808271863221,0.9132384709307786,0.8355685131195335,0.3629647872789002,0.31134064646972825,0.22247768656977823,0.38553370786516855,0.34615384615384615,0.2785714285714286,0.36296478727890025,0.31134064646972825,0.22247768656977826,0.297752808988764,0.25274725274725274,0.17551020408163265,0.31940049319678104,0.28857728685285655,0.19736246367318544
814,54l6sj7e,2,"SynNetRP,xylo,Realworld",1,"(80, 80, 80)","(10, 2, 2)",14,34710.47612359551,37393.980769230766,35229.15,0.36657303370786515,0.3782051282051282,0.30714285714285716,0.36657303370786515,0.37820512820512825,0.30714285714285716,0.8795491077064584,0.8968782286089979,0.8447667638483966,0.8329786285213807,0.8350298206067437,0.8042182944606413,0.8795491077064584,0.8968782286089979,0.8447667638483966,0.32697310525919954,0.32817120523021065,0.29367281803990664,0.36657303370786515,0.3782051282051282,0.30714285714285716,0.3269731052591995,0.3281712052302106,0.29367281803990664,0.276083467094703,0.28937728937728935,0.2081632653061225,0.3044333618572518,0.321905109695395,0.2185051067292093
815,54l6sj7e,2,"SynNetRP,xylo,Realworld",1,"(80, 80, 80)","(10, 2, 2)",15,34867.176264044945,37891.50961538462,35279.385714285716,0.40168539325842695,0.3269230769230769,0.275,0.40168539325842695,0.3269230769230769,0.275,0.8781274234854908,0.903353057199211,0.8485058309037901,0.8337614354699082,0.8475810380858458,0.8044396865889213,0.8781274234854907,0.9033530571992111,0.8485058309037901,0.3833384497608806,0.27313593420679716,0.24361985886372395,0.40168539325842695,0.3269230769230769,0.275,0.38333844976088066,0.2731359342067971,0.24361985886372395,0.3162118780096308,0.23076923076923073,0.17142857142857137,0.33381862989968897,0.2618773041242965,0.18334887074700543
816,54l6sj7e,2,"SynNetRP,xylo,Realworld",1,"(80, 80, 80)","(10, 2, 2)",16,35084.95997191011,37733.22756410256,34842.91071428572,0.3609550561797753,0.3301282051282051,0.32142857142857145,0.3609550561797753,0.3301282051282051,0.3214285714285714,0.885047883564485,0.9011693434770358,0.8479591836734693,0.8368698374123036,0.8394662228796844,0.8070061953352768,0.885047883564485,0.9011693434770357,0.8479591836734695,0.3223521519507384,0.27855806663541643,0.30138108174736233,0.3609550561797753,0.3301282051282051,0.32142857142857145,0.3223521519507384,0.27855806663541643,0.3013810817473624,0.2696629213483146,0.2344322344322345,0.22448979591836737,0.2976710966007684,0.2719964916928774,0.2439162300871031
817,54l6sj7e,2,"SynNetRP,xylo,Realworld",1,"(80, 80, 80)","(10, 2, 2)",17,35265.63904494382,37827.618589743586,34709.94285714286,0.386938202247191,0.3717948717948718,0.33214285714285713,0.386938202247191,0.3717948717948718,0.3321428571428572,0.8835351777372986,0.907421104536489,0.8488556851311952,0.8336237406329468,0.843914365548981,0.8075309766763848,0.8835351777372987,0.9074211045364893,0.8488556851311954,0.3639916379830608,0.3492526972314187,0.3110169981125717,0.386938202247191,0.3717948717948718,0.33214285714285713,0.3639916379830607,0.3492526972314187,0.3110169981125717,0.2993579454253612,0.28205128205128205,0.23673469387755097,0.3244213044879629,0.30298645382139283,0.25328899574427
818,54l6sj7e,2,"SynNetRP,xylo,Realworld",1,"(80, 80, 80)","(10, 2, 2)",18,34375.78230337079,35947.64102564102,33537.22142857143,0.46558988764044945,0.4967948717948718,0.41785714285714287,0.4655898876404494,0.49679487179487175,0.4178571428571428,0.8909166636607933,0.9263759744528975,0.869293002915452,0.8515325234570851,0.8693624084249085,0.8292465379008747,0.8909166636607933,0.9263759744528977,0.8692930029154519,0.42047047084907385,0.44700981007797636,0.38173268874511346,0.46558988764044945,0.4967948717948718,0.41785714285714287,0.42047047084907385,0.4470098100779764,0.38173268874511346,0.3892455858747994,0.42490842490842495,0.3346938775510204,0.3984690658579457,0.46005763560740454,0.3482973961008588
819,54l6sj7e,2,"SynNetRP,xylo,Realworld",1,"(80, 80, 80)","(10, 2, 2)",19,34016.03862359551,36195.5608974359,34264.75357142857,0.45997191011235955,0.5096153846153846,0.4142857142857143,0.4599719101123596,0.5096153846153846,0.41428571428571426,0.8945087763990838,0.911770921386306,0.8646137026239067,0.8478034556085091,0.866246800741993,0.8326266399416911,0.8945087763990839,0.9117709213863058,0.8646137026239066,0.4212262644306132,0.46754603381823634,0.38000827079984456,0.45997191011235955,0.5096153846153846,0.4142857142857143,0.4212262644306131,0.4675460338182363,0.38000827079984456,0.3828250401284109,0.43956043956043955,0.33061224489795915,0.3923931208040295,0.449253910390618,0.3402310372908971
820,54l6sj7e,2,"SynNetRP,xylo,Realworld",1,"(80, 80, 80)","(10, 2, 2)",20,34509.411516853936,37782.506410256414,35686.546428571426,0.5035112359550562,0.4967948717948718,0.40714285714285714,0.5035112359550561,0.4967948717948718,0.40714285714285714,0.9040854892960846,0.91209378228609,0.8578644314868804,0.8587113242713763,0.8674707370620831,0.8221045918367347,0.9040854892960846,0.9120937822860898,0.8578644314868805,0.4647020055410632,0.4748932073894423,0.3913718083701996,0.5035112359550562,0.4967948717948718,0.40714285714285714,0.4647020055410632,0.4748932073894423,0.3913718083701996,0.4325842696629213,0.42490842490842495,0.3224489795918367,0.4399476711442055,0.442912656187301,0.3296943997352572
821,54l6sj7e,2,"SynNetRP,xylo,Realworld",1,"(80, 80, 80)","(10, 2, 2)",21,34420.67064606742,36161.993589743586,34228.025,0.48946629213483145,0.46153846153846156,0.4,0.4894662921348315,0.46153846153846156,0.4,0.9024031394845529,0.9194608809993425,0.854941690962099,0.8573921450326438,0.8749853245045552,0.8271237244897959,0.902403139484553,0.9194608809993426,0.8549416909620992,0.442259525163329,0.42001703470605645,0.35324237545095777,0.48946629213483145,0.46153846153846156,0.4,0.44225952516332895,0.42001703470605645,0.35324237545095777,0.4165329052969502,0.3846153846153846,0.3142857142857143,0.42792900517496874,0.40541598198033857,0.33046829852276366
822,54l6sj7e,2,"SynNetRP,xylo,Realworld",1,"(80, 80, 80)","(10, 2, 2)",22,34405.643258426964,37449.49038461538,35438.14642857143,0.5077247191011236,0.49038461538461536,0.32857142857142857,0.5077247191011236,0.49038461538461536,0.32857142857142857,0.8967499368766569,0.9345061989292758,0.855072886297376,0.8926390291629844,0.9234489468864469,0.8529427842565598,0.8967499368766569,0.9345061989292759,0.8550728862973762,0.5091995961236738,0.4364461917482045,0.3088220216254147,0.5077247191011236,0.49038461538461536,0.32857142857142857,0.5091995961236738,0.4364461917482045,0.3088220216254147,0.4373996789727127,0.41758241758241754,0.2326530612244898,0.44025371230694044,0.43259162429837494,0.2381494915894709
823,54l6sj7e,2,"SynNetRP,xylo,Realworld",1,"(80, 80, 80)","(10, 2, 2)",23,35032.0625,36690.09935897436,34850.67857142857,0.5323033707865169,0.5608974358974359,0.3892857142857143,0.5323033707865168,0.5608974358974359,0.38928571428571423,0.9120418485220121,0.9369482013712783,0.8530685131195335,0.9085582642546035,0.9246846236028928,0.8516372084548105,0.9120418485220121,0.9369482013712781,0.8530685131195335,0.5251866969437329,0.5586068854829842,0.3969511972197183,0.5323033707865169,0.5608974358974359,0.3892857142857143,0.5251866969437329,0.5586068854829842,0.3969511972197182,0.4654895666131621,0.4981684981684982,0.30204081632653057,0.4706999930639264,0.5058952854942323,0.30580862290276795
824,54l6sj7e,2,"SynNetRP,xylo,Realworld",1,"(80, 80, 80)","(10, 2, 2)",24,35321.74859550562,38498.35897435898,36140.60357142857,0.538623595505618,0.5512820512820513,0.3607142857142857,0.538623595505618,0.5512820512820512,0.36071428571428577,0.9159763490360164,0.9366194702733164,0.8599489795918367,0.9116147796544447,0.9271941333239411,0.8539112609329447,0.9159763490360164,0.9366194702733165,0.8599489795918367,0.5244302197871433,0.5382124933449322,0.3616280061607422,0.538623595505618,0.5512820512820513,0.3607142857142857,0.5244302197871432,0.5382124933449322,0.36162800616074225,0.4727126805778491,0.4871794871794872,0.2693877551020408,0.4788571595927626,0.49899517211671257,0.2737152231627028
825,54l6sj7e,2,"SynNetRP,xylo,Realworld",1,"(80, 80, 80)","(10, 2, 2)",25,35932.801966292136,38349.455128205125,36297.68928571429,0.5449438202247191,0.6121794871794872,0.45357142857142857,0.5449438202247191,0.6121794871794872,0.4535714285714285,0.9118079539921005,0.9401357189818729,0.8732142857142857,0.9109835109992426,0.9440254590494975,0.8611561588921283,0.9118079539921006,0.9401357189818728,0.8732142857142857,0.5405768321942211,0.6114955440221028,0.4587942526269803,0.5449438202247191,0.6121794871794872,0.45357142857142857,0.5405768321942211,0.6114955440221029,0.4587942526269803,0.4799357945425361,0.5567765567765568,0.3755102040816326,0.4827226920902105,0.5626061414929575,0.3795258753551233
826,54l6sj7e,2,"SynNetRP,xylo,Realworld",1,"(80, 80, 80)","(10, 2, 2)",26,36522.440308988764,39745.580128205125,36710.66428571429,0.574438202247191,0.5961538461538461,0.4642857142857143,0.574438202247191,0.5961538461538461,0.4642857142857143,0.9169031913358703,0.9300037569268338,0.8727405247813411,0.9242432173404332,0.935254649196957,0.8623132288629739,0.9169031913358701,0.9300037569268338,0.8727405247813411,0.5764626800552446,0.5713590706247849,0.4620728369891394,0.574438202247191,0.5961538461538461,0.4642857142857143,0.5764626800552445,0.5713590706247849,0.4620728369891394,0.5136436597110754,0.5384615384615384,0.3877551020408163,0.5152330708306762,0.5548730549559442,0.397614856102568
827,54l6sj7e,2,"SynNetRP,xylo,Realworld",1,"(80, 80, 80)","(10, 2, 2)",27,35797.190308988764,38636.76282051282,36135.47857142857,0.5912921348314607,0.6025641025641025,0.44642857142857145,0.5912921348314606,0.6025641025641025,0.44642857142857145,0.9175468239940845,0.9400887573964498,0.8713702623906706,0.9256111833146969,0.9427435545224008,0.8660923833819242,0.9175468239940844,0.9400887573964497,0.8713702623906705,0.5860498221100314,0.6039480760491267,0.44326579692490753,0.5912921348314607,0.6025641025641025,0.44642857142857145,0.5860498221100314,0.6039480760491265,0.44326579692490753,0.5329052969502408,0.5457875457875458,0.36734693877551017,0.5360835349220414,0.5509014409609259,0.3740312732078793
828,54l6sj7e,2,"SynNetRP,xylo,Realworld",1,"(80, 80, 80)","(10, 2, 2)",28,36094.61587078652,38164.97756410256,36418.55357142857,0.5589887640449438,0.6282051282051282,0.46785714285714286,0.5589887640449438,0.6282051282051282,0.46785714285714286,0.9199829905134633,0.937235841081995,0.8751603498542275,0.9241453972938121,0.9427743730628346,0.8592811588921283,0.9199829905134632,0.9372358410819948,0.8751603498542274,0.5423666728889311,0.6158617228182446,0.4628328292113342,0.5589887640449438,0.6282051282051282,0.46785714285714286,0.5423666728889311,0.6158617228182445,0.46283282921133406,0.4959871589085072,0.575091575091575,0.3918367346938776,0.5025984267552003,0.5861729547537217,0.4022444448457858
829,54l6sj7e,2,"SynNetRP,xylo,Realworld",1,"(80, 80, 80)","(10, 2, 2)",29,35849.7893258427,38327.76602564102,36116.09642857143,0.5653089887640449,0.6602564102564102,0.475,0.5653089887640449,0.6602564102564102,0.475,0.9155615384962216,0.9385683760683761,0.8812026239067056,0.9202571825346727,0.9385999283835822,0.8676330174927114,0.9155615384962215,0.9385683760683762,0.8812026239067056,0.56384859859989,0.659805477240338,0.47521299258937605,0.5653089887640449,0.6602564102564102,0.475,0.5638485985998901,0.659805477240338,0.47521299258937605,0.5032102728731942,0.6117216117216118,0.4,0.5052699464221856,0.6176454088495476,0.4068053856526872
830,54l6sj7e,2,"SynNetRP,xylo,Realworld",1,"(80, 80, 80)","(10, 2, 2)",30,35599.933988764045,37984.82692307692,35868.46785714286,0.5308988764044944,0.6025641025641025,0.44642857142857145,0.5308988764044944,0.6025641025641026,0.4464285714285714,0.9113863802369832,0.9280783319244857,0.8696428571428572,0.9117041809069923,0.9340952850568236,0.8576184402332362,0.911386380236983,0.9280783319244856,0.8696428571428572,0.5318636332361532,0.5772952003136961,0.4419762976051189,0.5308988764044944,0.6025641025641025,0.44642857142857145,0.5318636332361532,0.5772952003136961,0.4419762976051189,0.463884430176565,0.5457875457875458,0.36734693877551017,0.46716021059538543,0.5568206744469875,0.37597957363104784
831,54l6sj7e,2,"SynNetRP,xylo,Realworld",1,"(80, 80, 80)","(10, 2, 2)",31,35193.245786516854,37862.64743589744,35460.85,0.5723314606741573,0.6314102564102564,0.45,0.5723314606741573,0.6314102564102564,0.45,0.914471815427345,0.9434582511505589,0.8682361516034985,0.9216890468037044,0.9446286219122757,0.8628243440233236,0.914471815427345,0.9434582511505588,0.8682361516034985,0.5699091413942736,0.6326549932424042,0.4540090091251978,0.5723314606741573,0.6314102564102564,0.45,0.5699091413942735,0.6326549932424042,0.4540090091251978,0.5112359550561798,0.5787545787545787,0.37142857142857144,0.5143198659995293,0.5813677883733099,0.3737016638148043
832,54l6sj7e,2,"SynNetRP,xylo,Realworld",1,"(80, 80, 80)","(10, 2, 2)",32,35767.9768258427,38662.166666666664,36345.3,0.5807584269662921,0.6538461538461539,0.49642857142857144,0.5807584269662922,0.6538461538461539,0.49642857142857144,0.9174411487546666,0.9373767258382643,0.8795189504373178,0.9247819497109853,0.944318968958392,0.8672430758017493,0.9174411487546665,0.9373767258382643,0.8795189504373178,0.5818664789179706,0.6411374144980702,0.4983446864874998,0.5807584269662921,0.6538461538461539,0.49642857142857144,0.5818664789179706,0.6411374144980702,0.4983446864874998,0.5208667736757624,0.6043956043956045,0.42448979591836733,0.5247834652281568,0.6149176262480455,0.43037717105743506
833,54l6sj7e,2,"SynNetRP,xylo,Realworld",1,"(80, 80, 80)","(10, 2, 2)",33,35330.86797752809,37841.269230769234,35525.58571428571,0.5912921348314607,0.6314102564102564,0.48928571428571427,0.5912921348314606,0.6314102564102564,0.4892857142857142,0.920797676159215,0.9390732131116746,0.8827769679300292,0.9283690604879434,0.944517821921668,0.8712873542274053,0.920797676159215,0.9390732131116747,0.8827769679300291,0.5911996760157411,0.6147971548516014,0.49385768370188693,0.5912921348314607,0.6314102564102564,0.48928571428571427,0.5911996760157412,0.6147971548516014,0.49385768370188693,0.5329052969502408,0.5787545787545787,0.4163265306122449,0.5375128119535437,0.5854392116973361,0.4214318372949245
834,54l6sj7e,2,"SynNetRP,xylo,Realworld",1,"(80, 80, 80)","(10, 2, 2)",34,35576.92345505618,38231.932692307695,36309.50357142857,0.5660112359550562,0.6474358974358975,0.49642857142857144,0.5660112359550562,0.6474358974358974,0.49642857142857144,0.912092854437571,0.9239222316145392,0.8752113702623907,0.9170895672331235,0.931116159481544,0.867486333819242,0.912092854437571,0.9239222316145393,0.8752113702623908,0.562907324215872,0.6393715956584843,0.49696169504458637,0.5660112359550562,0.6474358974358975,0.49642857142857144,0.562907324215872,0.6393715956584842,0.49696169504458637,0.5040128410914928,0.5970695970695971,0.42448979591836733,0.5080371185310709,0.6061396005534858,0.42731467600122164
835,54l6sj7e,2,"SynNetRP,xylo,Realworld",1,"(80, 80, 80)","(10, 2, 2)",35,35743.79775280899,38147.13461538462,35332.41785714286,0.5688202247191011,0.5416666666666666,0.45714285714285713,0.5688202247191012,0.5416666666666667,0.45714285714285713,0.9152817104622433,0.9333967314736545,0.8625437317784257,0.9241267632265947,0.9355613670517516,0.8604856049562681,0.9152817104622433,0.9333967314736545,0.8625437317784257,0.5653542826008817,0.5151426792647864,0.4507948444029749,0.5688202247191011,0.5416666666666666,0.45714285714285713,0.5653542826008817,0.5151426792647864,0.4507948444029749,0.507223113964687,0.47619047619047616,0.3795918367346939,0.5112241374960975,0.49364221437171696,0.3885181589737501
836,54l6sj7e,2,"SynNetRP,xylo,Realworld",1,"(80, 80, 80)","(10, 2, 2)",36,35540.98525280899,38292.73397435898,36222.610714285714,0.5793539325842697,0.5160256410256411,0.4785714285714286,0.5793539325842696,0.516025641025641,0.47857142857142854,0.9166075824661388,0.9371184371184371,0.8663848396501458,0.9246352020285137,0.9342090201465202,0.8625583090379009,0.9166075824661389,0.9371184371184372,0.8663848396501458,0.578321780697052,0.4712279994763241,0.46386325092399006,0.5793539325842697,0.5160256410256411,0.4785714285714286,0.578321780697052,0.47122799947632416,0.46386325092399006,0.5192616372391654,0.44688644688644685,0.4040816326530612,0.5233767995814346,0.4624713700022861,0.4131109738797107
837,54l6sj7e,2,"SynNetRP,xylo,Realworld",1,"(80, 80, 80)","(10, 2, 2)",37,35452.02387640449,38446.455128205125,36069.96071428571,0.5625,0.5608974358974359,0.44642857142857145,0.5625,0.5608974358974359,0.44642857142857145,0.9151875890490018,0.936907109984033,0.8723542274052478,0.9211254807518892,0.9305005224476378,0.8609447886297376,0.9151875890490019,0.9369071099840329,0.8723542274052479,0.5637177792867946,0.5532301987021335,0.44723257914388453,0.5625,0.5608974358974359,0.44642857142857145,0.5637177792867946,0.5532301987021335,0.44723257914388453,0.5,0.4981684981684982,0.36734693877551017,0.5025445081234153,0.5065949941933678,0.3734447871188275
838,54l6sj7e,2,"SynNetRP,xylo,Realworld",1,"(80, 80, 80)","(10, 2, 2)",38,35188.050561797754,37342.96474358974,35264.982142857145,0.5786516853932584,0.592948717948718,0.425,0.5786516853932584,0.592948717948718,0.42500000000000004,0.9206579030425451,0.9338428665351742,0.8628352769679302,0.9245051510338701,0.9308608058608059,0.8589376822157434,0.920657903042545,0.9338428665351742,0.86283527696793,0.5753292532463984,0.5829365210554859,0.41940552057061065,0.5786516853932584,0.592948717948718,0.425,0.5753292532463984,0.5829365210554859,0.41940552057061065,0.5184590690208668,0.5347985347985348,0.34285714285714286,0.5228154907162549,0.5404239183482137,0.34896403614138316
839,54l6sj7e,2,"SynNetRP,xylo,Realworld",1,"(80, 80, 80)","(10, 2, 2)",39,35597.6952247191,38325.355769230766,35707.03214285714,0.5905898876404494,0.6314102564102564,0.4357142857142857,0.5905898876404494,0.6314102564102564,0.4357142857142857,0.9189594905946219,0.9346646942800788,0.8692492711370262,0.924461225359352,0.9396279468394853,0.8615287900874635,0.9189594905946218,0.9346646942800788,0.8692492711370262,0.5864840625934034,0.6356867834710827,0.43535968627687127,0.5905898876404494,0.6314102564102564,0.4357142857142857,0.5864840625934034,0.6356867834710827,0.4353596862768712,0.5321027287319422,0.5787545787545787,0.35510204081632657,0.5402127352361936,0.5804745070002506,0.3610401434001554
840,54l6sj7e,2,"SynNetRP,xylo,Realworld",1,"(80, 80, 80)","(10, 2, 2)",40,36026.96558988764,38849.458333333336,36363.12142857143,0.5849719101123596,0.5448717948717948,0.4714285714285714,0.5849719101123596,0.5448717948717948,0.4714285714285714,0.9170700173138312,0.9355217432140508,0.8706195335276968,0.9259410661870795,0.937512474171128,0.8622904518950437,0.9170700173138311,0.9355217432140509,0.8706195335276967,0.5874480811460772,0.5116308806933807,0.4756176135279203,0.5849719101123596,0.5448717948717948,0.4714285714285714,0.5874480811460772,0.5116308806933807,0.47561761352792026,0.5256821829855538,0.4798534798534798,0.39591836734693875,0.5296590236641505,0.49847193945161916,0.40202440544666423
841,54l6sj7e,2,"SynNetRP,xylo,Realworld",1,"(80, 80, 80)","(10, 2, 2)",41,36281.65308988764,39059.14743589744,36651.00714285715,0.5870786516853933,0.625,0.45714285714285713,0.5870786516853933,0.625,0.4571428571428571,0.9227976152902773,0.9374002066309759,0.8717128279883382,0.9287730569282379,0.9401071017657556,0.8620317055393585,0.922797615290277,0.9374002066309759,0.8717128279883382,0.5739677067677615,0.6095223883600026,0.45982757948413616,0.5870786516853933,0.625,0.45714285714285713,0.5739677067677617,0.6095223883600026,0.45982757948413605,0.5280898876404494,0.5714285714285714,0.3795918367346939,0.5356314791612413,0.5821270386534292,0.38328605698986795
842,54l6sj7e,2,"SynNetRP,xylo,Realworld",1,"(80, 80, 80)","(10, 2, 2)",42,36816.2816011236,38678.32692307692,36362.175,0.598314606741573,0.6282051282051282,0.4642857142857143,0.598314606741573,0.6282051282051282,0.4642857142857143,0.919344993868018,0.9425425002348078,0.8731195335276968,0.9257463419459123,0.9458099992955762,0.8637217565597668,0.919344993868018,0.942542500234808,0.8731195335276968,0.6005502148602627,0.6141308739777446,0.46642779457468364,0.598314606741573,0.6282051282051282,0.4642857142857143,0.6005502148602627,0.6141308739777446,0.46642779457468364,0.5409309791332263,0.575091575091575,0.3877551020408163,0.5428483888834944,0.585837208881869,0.3948525613064833
843,54l6sj7e,2,"SynNetRP,xylo,Realworld",1,"(80, 80, 80)","(10, 2, 2)",43,36893.81882022472,38902.006410256414,36374.328571428574,0.5800561797752809,0.5288461538461539,0.45357142857142857,0.5800561797752809,0.5288461538461539,0.45357142857142857,0.9216864753728786,0.9337548135625058,0.8732142857142857,0.9265107261777011,0.930013295998873,0.8647175655976677,0.9216864753728785,0.9337548135625059,0.8732142857142857,0.5704088223806814,0.5088567689629134,0.4491334029982944,0.5800561797752809,0.5288461538461539,0.45357142857142857,0.5704088223806814,0.5088567689629135,0.4491334029982944,0.5200642054574639,0.46153846153846156,0.3755102040816326,0.5295375211889349,0.4736900684234936,0.38412356679378806
844,54l6sj7e,2,"SynNetRP,xylo,Realworld",1,"(80, 80, 80)","(10, 2, 2)",44,36833.40870786517,38804.95192307692,36590.25,0.5905898876404494,0.6602564102564102,0.48214285714285715,0.5905898876404494,0.6602564102564102,0.4821428571428571,0.9234096862769852,0.9416971916971917,0.8790451895043732,0.928647761319368,0.9475431753075985,0.8727705903790087,0.9234096862769853,0.9416971916971918,0.8790451895043732,0.5843795837547417,0.6454660852751548,0.48461946330343897,0.5905898876404494,0.6602564102564102,0.48214285714285715,0.5843795837547417,0.6454660852751548,0.484619463303439,0.5321027287319422,0.6117216117216118,0.40816326530612246,0.5396822267896304,0.6214504718213434,0.4160558524237595
845,54l6sj7e,2,"SynNetRP,xylo,Realworld",1,"(80, 80, 80)","(10, 2, 2)",45,37085.89957865168,39705.583333333336,37246.71071428571,0.5730337078651685,0.5705128205128205,0.45714285714285713,0.5730337078651686,0.5705128205128205,0.4571428571428572,0.9184781751041535,0.9322813938198553,0.877667638483965,0.9247858596948436,0.9385881879872265,0.8737372448979591,0.9184781751041536,0.9322813938198555,0.877667638483965,0.5701983921933387,0.5428177161905953,0.44480412750067416,0.5730337078651685,0.5705128205128205,0.45714285714285713,0.5701983921933387,0.5428177161905953,0.44480412750067416,0.5120385232744784,0.5091575091575091,0.3795918367346939,0.5190888042131181,0.5254954374733601,0.39487686957022894
846,54l6sj7e,2,"SynNetRP,xylo,Realworld",1,"(80, 80, 80)","(10, 2, 2)",46,36777.300561797754,39291.03525641026,36543.139285714286,0.6018258426966292,0.5865384615384616,0.44285714285714284,0.6018258426966292,0.5865384615384616,0.44285714285714284,0.9235441051815247,0.935251714097868,0.8811516034985423,0.9333670766114488,0.9439674908424908,0.8712946428571429,0.9235441051815247,0.935251714097868,0.8811516034985423,0.5973266945965771,0.5761531726480122,0.4199913790772572,0.6018258426966292,0.5865384615384616,0.44285714285714284,0.5973266945965771,0.5761531726480124,0.41999137907725714,0.5449438202247191,0.5274725274725275,0.363265306122449,0.5510966528235186,0.5393825917358654,0.38408659444962084
847,54l6sj7e,2,"SynNetRP,xylo,Realworld",1,"(80, 80, 80)","(10, 2, 2)",47,36941.24789325843,39714.817307692305,37250.74642857143,0.5905898876404494,0.5833333333333334,0.48928571428571427,0.5905898876404494,0.5833333333333334,0.48928571428571427,0.9236971229282016,0.9362848689771767,0.8842930029154519,0.9342951870141757,0.9496182903634827,0.8751211734693879,0.9236971229282018,0.9362848689771767,0.8842930029154518,0.5807810027669837,0.5554795185337142,0.4859727654347298,0.5905898876404494,0.5833333333333334,0.48928571428571427,0.5807810027669837,0.5554795185337144,0.4859727654347298,0.5321027287319422,0.5238095238095238,0.4163265306122449,0.5451987391627352,0.5411592959128252,0.4288895566087311
848,54l6sj7e,2,"SynNetRP,xylo,Realworld",1,"(80, 80, 80)","(10, 2, 2)",48,37411.448033707864,39923.39102564102,37707.21428571428,0.613061797752809,0.6314102564102564,0.5071428571428571,0.613061797752809,0.6314102564102564,0.5071428571428571,0.9229588052554691,0.9347233962618577,0.8797959183673469,0.9348948235477123,0.9477266190006575,0.8726512390670553,0.9229588052554691,0.9347233962618577,0.8797959183673468,0.6068280600996308,0.6107624437207377,0.5091408144913003,0.613061797752809,0.6314102564102564,0.5071428571428571,0.6068280600996308,0.6107624437207376,0.5091408144913002,0.557784911717496,0.5787545787545787,0.43673469387755104,0.5668995456448257,0.5938968362520117,0.44301101396087983
849,54l6sj7e,2,"SynNetRP,xylo,Realworld",1,"(80, 80, 80)","(10, 2, 2)",49,37159.35463483146,39926.782051282054,37425.20714285714,0.598314606741573,0.5544871794871795,0.46785714285714286,0.598314606741573,0.5544871794871795,0.4678571428571429,0.9198302545674247,0.9367075232459847,0.8868513119533528,0.9324003595212546,0.9468387515262515,0.8717829810495626,0.9198302545674245,0.9367075232459848,0.8868513119533528,0.5939511045714455,0.5044236107950667,0.45980361843893247,0.598314606741573,0.5544871794871795,0.46785714285714286,0.5939511045714455,0.5044236107950667,0.4598036184389324,0.5409309791332263,0.4908424908424909,0.3918367346938776,0.5461985563478589,0.5169835423215089,0.4051426410567914
850,54l6sj7e,2,"SynNetRP,xylo,Realworld",1,"(80, 80, 80)","(10, 2, 2)",50,38167.52949438202,40353.7532051282,38048.05,0.5969101123595506,0.6698717948717948,0.5035714285714286,0.5969101123595506,0.6698717948717949,0.5035714285714286,0.9264474971594495,0.9380576688268996,0.8835860058309037,0.9362793453094846,0.9467235488870105,0.8724626457725948,0.9264474971594494,0.9380576688268994,0.8835860058309037,0.5862050785135464,0.6378833816924123,0.4773046345938058,0.5969101123595506,0.6698717948717948,0.5035714285714286,0.5862050785135466,0.6378833816924123,0.4773046345938058,0.5393258426966292,0.6227106227106227,0.43265306122448977,0.5494126900755215,0.6363181918860285,0.4517094443105729
851,54l6sj7e,2,"SynNetRP,xylo,Realworld",1,"(80, 80, 80)","(10, 2, 2)",51,37932.31811797753,40855.830128205125,38316.49285714285,0.6172752808988764,0.6025641025641025,0.48214285714285715,0.6172752808988764,0.6025641025641026,0.48214285714285715,0.9226305075116777,0.9343946651638959,0.8766326530612245,0.9326575026038378,0.9432043650793651,0.8638775510204082,0.9226305075116776,0.9343946651638959,0.8766326530612245,0.6059800176971233,0.5744291026110135,0.479468568089239,0.6172752808988764,0.6025641025641025,0.48214285714285715,0.6059800176971234,0.5744291026110137,0.47946856808923893,0.5626003210272873,0.5457875457875458,0.40816326530612246,0.5716046593409205,0.5731776195587299,0.4197985974604763
852,54l6sj7e,2,"SynNetRP,xylo,Realworld",1,"(80, 80, 80)","(10, 2, 2)",52,38031.12570224719,40954.6858974359,38514.69642857143,0.5941011235955056,0.6794871794871795,0.5214285714285715,0.5941011235955056,0.6794871794871795,0.5214285714285714,0.9247364036827962,0.9418204658589273,0.8810131195335277,0.9348899977117788,0.9553798898750823,0.8755994897959184,0.9247364036827962,0.9418204658589275,0.8810131195335277,0.580715680792562,0.6663950872032588,0.5208517170269757,0.5941011235955056,0.6794871794871795,0.5214285714285715,0.5807156807925619,0.6663950872032589,0.5208517170269757,0.536115569823435,0.6336996336996337,0.4530612244897959,0.5491258258752522,0.6432871620649726,0.4615075439364127
853,54l6sj7e,2,"SynNetRP,xylo,Realworld",1,"(80, 80, 80)","(10, 2, 2)",53,38434.1558988764,40641.41025641026,38268.235714285714,0.6271067415730337,0.6474358974358975,0.5071428571428571,0.6271067415730337,0.6474358974358974,0.5071428571428571,0.9303904516926074,0.9402413825490749,0.8841472303206996,0.9392106355506159,0.9531037205316052,0.8726885932944607,0.9303904516926075,0.9402413825490749,0.8841472303206998,0.6248902119582982,0.6448124629605418,0.5111634821038301,0.6271067415730337,0.6474358974358975,0.5071428571428571,0.6248902119582982,0.6448124629605417,0.51116348210383,0.5738362760834671,0.5970695970695971,0.43673469387755104,0.5822996405641991,0.6046416672768292,0.4430907734911356
854,54l6sj7e,2,"SynNetRP,xylo,Realworld",1,"(80, 80, 80)","(10, 2, 2)",54,39298.45154494382,42100.032051282054,39363.9,0.6355337078651685,0.6378205128205128,0.5142857142857142,0.6355337078651685,0.6378205128205128,0.5142857142857142,0.9275121399715043,0.9378874330797408,0.8845189504373179,0.9394875399029704,0.9487729818258666,0.8804427842565596,0.9275121399715043,0.9378874330797407,0.8845189504373178,0.6354209002608984,0.6228395741627131,0.5147087585281971,0.6355337078651685,0.6378205128205128,0.5142857142857142,0.6354209002608984,0.622839574162713,0.514708758528197,0.5834670947030498,0.5860805860805861,0.4448979591836735,0.5901045465328508,0.5992110121127988,0.4543895773428079
855,54l6sj7e,2,"SynNetRP,xylo,Realworld",1,"(80, 80, 80)","(10, 2, 2)",55,40159.87991573034,41594.78846153846,38783.389285714286,0.6137640449438202,0.5961538461538461,0.48214285714285715,0.6137640449438202,0.5961538461538461,0.4821428571428571,0.9275870989413313,0.9281370339062647,0.8758673469387754,0.9363765665297492,0.9384707840236686,0.8726712827988339,0.9275870989413314,0.9281370339062647,0.8758673469387754,0.6168785445464335,0.5898626566457741,0.4882260532600417,0.6137640449438202,0.5961538461538461,0.48214285714285715,0.6168785445464335,0.5898626566457741,0.48822605326004165,0.5585874799357946,0.5384615384615384,0.40816326530612246,0.5641547376600031,0.5477891054134981,0.4155400675115973
856,54l6sj7e,2,"SynNetRP,xylo,Realworld",1,"(80, 80, 80)","(10, 2, 2)",56,38345.90519662921,41970.692307692305,39022.828571428574,0.625,0.5448717948717948,0.41785714285714287,0.625,0.5448717948717949,0.41785714285714287,0.9250494841921113,0.9198541842772612,0.8707871720116618,0.9361409107458474,0.9292098126232742,0.8516654518950437,0.9250494841921113,0.9198541842772613,0.8707871720116618,0.623916437412202,0.5218780647270349,0.397477346869776,0.625,0.5448717948717948,0.41785714285714287,0.623916437412202,0.521878064727035,0.39747734686977604,0.5714285714285714,0.4798534798534798,0.3346938775510204,0.5764554354638993,0.5018530925091581,0.35224534375448646
857,54l6sj7e,2,"SynNetRP,xylo,Realworld",1,"(80, 80, 80)","(10, 2, 2)",57,38301.01755617977,40596.76282051282,38148.79285714286,0.586376404494382,0.5865384615384616,0.4642857142857143,0.586376404494382,0.5865384615384615,0.4642857142857143,0.9256519739571123,0.9350990889452427,0.876997084548105,0.9331386419689073,0.9448120656053348,0.8688556851311954,0.9256519739571122,0.9350990889452427,0.8769970845481049,0.5795252455487878,0.5619711430728964,0.45735889671486174,0.586376404494382,0.5865384615384616,0.4642857142857143,0.5795252455487878,0.5619711430728964,0.45735889671486174,0.5272873194221509,0.5274725274725275,0.3877551020408163,0.5367147329687563,0.5497244413490711,0.40281005684254634
858,54l6sj7e,2,"SynNetRP,xylo,Realworld",1,"(80, 80, 80)","(10, 2, 2)",58,37582.39676966292,39514.23397435898,37452.68214285714,0.5800561797752809,0.625,0.44285714285714284,0.5800561797752809,0.625,0.44285714285714284,0.9186790989593666,0.9293110735418428,0.8696355685131196,0.9314296619970422,0.9449991781722551,0.8652660349854228,0.9186790989593666,0.9293110735418428,0.8696355685131195,0.576470068672479,0.6227029067639055,0.4494714129665781,0.5800561797752809,0.625,0.44285714285714284,0.576470068672479,0.6227029067639055,0.4494714129665781,0.5200642054574639,0.5714285714285714,0.363265306122449,0.5265815071380419,0.5766378891328013,0.36994805866073843
859,54l6sj7e,2,"SynNetRP,xylo,Realworld",1,"(80, 80, 80)","(10, 2, 2)",59,37981.45084269663,40870.006410256414,38659.639285714286,0.6032303370786517,0.6442307692307693,0.475,0.6032303370786517,0.6442307692307692,0.475,0.9254141342182625,0.9408753639522869,0.87033527696793,0.9363786800345375,0.9507358293415986,0.8651439504373177,0.9254141342182625,0.9408753639522869,0.8703352769679301,0.598820689400984,0.6128431037594984,0.46344596021527074,0.6032303370786517,0.6442307692307693,0.475,0.5988206894009839,0.6128431037594984,0.46344596021527074,0.5465489566613162,0.5934065934065934,0.4,0.5573341368823159,0.6190797744587064,0.42228043931814463
860,54l6sj7e,2,"SynNetRP,xylo,Realworld",1,"(80, 80, 80)","(10, 2, 2)",60,38287.315308988764,39838.35256410256,37462.725,0.6313202247191011,0.6794871794871795,0.4928571428571429,0.6313202247191011,0.6794871794871795,0.4928571428571428,0.9275983709668694,0.9376937165398704,0.8764285714285713,0.9381082314530093,0.9517381656804734,0.8718148688046647,0.9275983709668691,0.9376937165398704,0.8764285714285713,0.6299249875798122,0.6770910333301048,0.4853695714610424,0.6313202247191011,0.6794871794871795,0.4928571428571429,0.6299249875798122,0.6770910333301049,0.4853695714610424,0.5786516853932584,0.6336996336996337,0.42040816326530617,0.5865230299150491,0.6385840153643342,0.42730956869057435
861,54l6sj7e,2,"SynNetRP,xylo,Realworld",1,"(80, 80, 80)","(10, 2, 2)",61,38422.714887640446,40977.57371794872,38460.43571428571,0.6271067415730337,0.6891025641025641,0.475,0.6271067415730338,0.6891025641025641,0.475,0.927965275398128,0.9402413825490749,0.8778790087463557,0.9408564921794687,0.9518856544096929,0.8684247448979593,0.9279652753981279,0.9402413825490749,0.8778790087463556,0.6295771063187907,0.6894895695305936,0.47938262065110787,0.6271067415730337,0.6891025641025641,0.475,0.6295771063187907,0.6894895695305936,0.47938262065110787,0.5738362760834671,0.6446886446886446,0.4,0.5790862978364962,0.6521191502496844,0.4056449841945624
862,54l6sj7e,2,"SynNetRP,xylo,Realworld",1,"(80, 80, 80)","(10, 2, 2)",62,38641.7345505618,41511.32692307692,38733.235714285714,0.6376404494382022,0.6762820512820513,0.5285714285714286,0.6376404494382023,0.6762820512820513,0.5285714285714286,0.932378836997493,0.9419789612097305,0.8794460641399418,0.9410574864848414,0.9559654421433267,0.8722603862973761,0.932378836997493,0.9419789612097305,0.8794460641399416,0.6388132546466564,0.6734544119053556,0.5310054333784293,0.6376404494382022,0.6762820512820513,0.5285714285714286,0.6388132546466564,0.6734544119053556,0.5310054333784292,0.5858747993579454,0.63003663003663,0.46122448979591835,0.5887095338410196,0.6378885609816454,0.4653950984040144
863,54l6sj7e,2,"SynNetRP,xylo,Realworld",1,"(80, 80, 80)","(10, 2, 2)",63,39283.8125,41452.679487179485,39078.014285714286,0.6601123595505618,0.7275641025641025,0.5285714285714286,0.6601123595505618,0.7275641025641025,0.5285714285714286,0.9313361746352373,0.942695125387433,0.8753134110787172,0.9414235807392646,0.9573874976519208,0.8759384110787172,0.9313361746352372,0.942695125387433,0.8753134110787173,0.6642458935709952,0.7301730957743616,0.5345068466994639,0.6601123595505618,0.7275641025641025,0.5285714285714286,0.6642458935709952,0.7301730957743616,0.5345068466994639,0.6115569823434992,0.6886446886446886,0.46122448979591835,0.6130552547855376,0.6929866095709164,0.4641635737620837
864,54l6sj7e,2,"SynNetRP,xylo,Realworld",1,"(80, 80, 80)","(10, 2, 2)",64,39088.025983146064,41719.993589743586,39449.921428571426,0.6720505617977528,0.6217948717948718,0.4642857142857143,0.6720505617977528,0.6217948717948718,0.4642857142857143,0.9325067744873483,0.9401474593782286,0.8808746355685132,0.9431074100041481,0.9510146637550484,0.8785140306122449,0.9325067744873482,0.9401474593782287,0.8808746355685132,0.6738134393813676,0.6066097983494032,0.46319195461407636,0.6720505617977528,0.6217948717948718,0.4642857142857143,0.6738134393813676,0.6066097983494031,0.46319195461407636,0.6252006420545746,0.5677655677655677,0.3877551020408163,0.6266599412228702,0.5790307521426785,0.3960336353692075
865,54l6sj7e,2,"SynNetRP,xylo,Realworld",1,"(80, 80, 80)","(10, 2, 2)",65,39699.99016853933,41808.5032051282,39795.6,0.6741573033707865,0.7211538461538461,0.525,0.6741573033707866,0.7211538461538461,0.525,0.9376617535664689,0.9482952944491405,0.8807798833819241,0.9470600162091727,0.9612280748098055,0.8791372084548105,0.9376617535664689,0.9482952944491405,0.8807798833819244,0.6731946673576047,0.7203200303079942,0.527053173901602,0.6741573033707865,0.7211538461538461,0.525,0.6731946673576047,0.7203200303079942,0.527053173901602,0.6276083467094703,0.6813186813186813,0.4571428571428572,0.63018435171922,0.6835210266917442,0.4596692699702491
866,54l6sj7e,2,"SynNetRP,xylo,Realworld",1,"(80, 80, 80)","(10, 2, 2)",66,39973.09480337079,41335.72756410256,39172.375,0.6622191011235955,0.6987179487179487,0.5142857142857142,0.6622191011235955,0.6987179487179487,0.5142857142857142,0.9358196227929374,0.940722738799662,0.8793731778425656,0.9449414390093244,0.9510212677279986,0.8768877551020409,0.9358196227929374,0.940722738799662,0.8793731778425656,0.6632888072146985,0.6995539597921048,0.5108354363611628,0.6622191011235955,0.6987179487179487,0.5142857142857142,0.6632888072146985,0.6995539597921049,0.5108354363611628,0.6139646869983948,0.6556776556776557,0.4448979591836735,0.6146315360458691,0.6585913796524929,0.4524808594190664
867,54l6sj7e,2,"SynNetRP,xylo,Realworld",1,"(80, 80, 80)","(10, 2, 2)",67,40020.39606741573,41263.769230769234,39153.29285714286,0.613061797752809,0.7019230769230769,0.4928571428571429,0.613061797752809,0.7019230769230769,0.4928571428571428,0.9212525023896694,0.9439161266084344,0.8782798833819241,0.9284037219664724,0.9474617263078802,0.8739996355685131,0.9212525023896694,0.9439161266084343,0.8782798833819243,0.6122033111763623,0.7003469689948497,0.5017637407631369,0.613061797752809,0.7019230769230769,0.4928571428571429,0.6122033111763624,0.7003469689948497,0.5017637407631369,0.557784911717496,0.6593406593406593,0.42040816326530617,0.5583068660649175,0.6625532466771401,0.42444914792751753
868,54l6sj7e,2,"SynNetRP,xylo,Realworld",1,"(80, 80, 80)","(10, 2, 2)",68,39094.925561797754,41072.88461538462,38837.385714285716,0.672752808988764,0.7147435897435898,0.5285714285714286,0.672752808988764,0.7147435897435898,0.5285714285714285,0.9375109902248995,0.9463229078613695,0.8860422740524783,0.9455522066680794,0.9595536007795623,0.8780912900874636,0.9375109902248995,0.9463229078613694,0.8860422740524783,0.6733331296542937,0.712899728397975,0.5304030369018846,0.672752808988764,0.7147435897435898,0.5285714285714286,0.6733331296542938,0.7128997283979751,0.5304030369018845,0.6260032102728732,0.673992673992674,0.46122448979591835,0.6269746529809843,0.6766512441377451,0.46580317295101464
869,54l6sj7e,2,"SynNetRP,xylo,Realworld",1,"(80, 80, 80)","(10, 2, 2)",69,39086.286516853936,40834.278846153844,39258.78214285714,0.6783707865168539,0.6698717948717948,0.4928571428571429,0.6783707865168539,0.6698717948717948,0.4928571428571428,0.9400984836871247,0.9460998403306096,0.8892128279883382,0.9479922831713168,0.9513287193575657,0.888061224489796,0.9400984836871246,0.9460998403306096,0.8892128279883382,0.6814380910196607,0.6463689135902072,0.4905060335769349,0.6783707865168539,0.6698717948717948,0.4928571428571429,0.6814380910196608,0.6463689135902073,0.4905060335769349,0.6324237560192616,0.6227106227106227,0.42040816326530617,0.6336724715583041,0.6376877220442391,0.43047841073692195
870,54l6sj7e,2,"SynNetRP,xylo,Realworld",1,"(80, 80, 80)","(10, 2, 2)",70,38732.214185393255,41069.78525641026,39206.578571428574,0.6867977528089888,0.7596153846153846,0.5357142857142857,0.6867977528089888,0.7596153846153846,0.5357142857142857,0.9382464898912475,0.9460528787451864,0.8816836734693877,0.9486115400743053,0.9582606896308821,0.8809520772594752,0.9382464898912475,0.9460528787451864,0.8816836734693877,0.6877807005833539,0.7617689186170744,0.5428767482319952,0.6867977528089888,0.7596153846153846,0.5357142857142857,0.6877807005833539,0.7617689186170744,0.5428767482319952,0.6420545746388443,0.7252747252747253,0.4693877551020408,0.6430018524985408,0.7275589799368691,0.47312685220804995
871,54l6sj7e,2,"SynNetRP,xylo,Realworld",1,"(80, 80, 80)","(10, 2, 2)",71,39145.00912921348,41348.756410256414,39644.875,0.6811797752808989,0.7596153846153846,0.48214285714285715,0.6811797752808989,0.7596153846153846,0.4821428571428571,0.9411729895215251,0.9499037287498826,0.8814723032069971,0.949913776049651,0.9607070947215178,0.8779537172011662,0.9411729895215251,0.9499037287498826,0.8814723032069972,0.6831935130280767,0.7627001941596689,0.47994002318312246,0.6811797752808989,0.7596153846153846,0.48214285714285715,0.6831935130280767,0.762700194159669,0.4799400231831224,0.6356340288924558,0.7252747252747253,0.40816326530612246,0.636190036008321,0.7270266301074503,0.41815755883541167
872,54l6sj7e,2,"SynNetRP,xylo,Realworld",1,"(80, 80, 80)","(10, 2, 2)",72,39506.74438202247,41419.07371794872,39397.44642857143,0.6797752808988764,0.7115384615384616,0.5142857142857142,0.6797752808988764,0.7115384615384616,0.5142857142857142,0.9444880922322217,0.9491171221940453,0.8885422740524782,0.9522300011722906,0.9577125598760214,0.8838875728862975,0.9444880922322217,0.9491171221940453,0.8885422740524781,0.6802202713500787,0.7042395869349105,0.5134374912346613,0.6797752808988764,0.7115384615384616,0.5142857142857142,0.6802202713500787,0.7042395869349105,0.5134374912346613,0.6340288924558588,0.6703296703296704,0.4448979591836735,0.6358985111544515,0.67617388297923,0.4528497353149386
873,54l6sj7e,2,"SynNetRP,xylo,Realworld",1,"(80, 80, 80)","(10, 2, 2)",73,39801.09199438202,41967.157051282054,39876.09285714286,0.6734550561797753,0.6987179487179487,0.49642857142857144,0.6734550561797753,0.6987179487179487,0.4964285714285714,0.9447969457319603,0.9437987226448765,0.878396501457726,0.9520960049687088,0.9522540093453554,0.8718950437317785,0.9447969457319603,0.9437987226448766,0.878396501457726,0.6730290408580769,0.6968720877161407,0.49081157272093584,0.6734550561797753,0.6987179487179487,0.49642857142857144,0.6730290408580769,0.6968720877161407,0.49081157272093584,0.6268057784911718,0.6556776556776557,0.42448979591836733,0.62936561486277,0.6709934464745502,0.4404723928040879
874,54l6sj7e,2,"SynNetRP,xylo,Realworld",1,"(80, 80, 80)","(10, 2, 2)",74,40256.90379213483,42655.6282051282,40958.69285714286,0.6720505617977528,0.717948717948718,0.5428571428571428,0.6720505617977528,0.7179487179487181,0.5428571428571429,0.9389346470503364,0.9456713158636235,0.8818148688046646,0.9486436653470881,0.959056101483986,0.8801211734693877,0.9389346470503364,0.9456713158636236,0.8818148688046648,0.6741606292840006,0.718502755086844,0.5252790658592443,0.6720505617977528,0.717948717948718,0.5428571428571428,0.6741606292840006,0.7185027550868441,0.5252790658592442,0.6252006420545746,0.6776556776556777,0.4775510204081632,0.6264666445121144,0.6799506400571905,0.48762065024314777
875,54l6sj7e,2,"SynNetRP,xylo,Realworld",1,"(80, 80, 80)","(10, 2, 2)",75,40449.643258426964,42373.5608974359,40185.16785714286,0.6839887640449438,0.6891025641025641,0.5071428571428571,0.6839887640449438,0.6891025641025641,0.5071428571428571,0.9473914842101466,0.9480135249366018,0.8850437317784257,0.9552065204158926,0.9557166924955387,0.882713192419825,0.9473914842101466,0.948013524936602,0.8850437317784258,0.6835274840440058,0.6816699445800378,0.5025583939726197,0.6839887640449438,0.6891025641025641,0.5071428571428571,0.6835274840440058,0.6816699445800378,0.5025583939726198,0.6388443017656501,0.6446886446886446,0.43673469387755104,0.6401104031475598,0.6506202750323619,0.44584881446372093
876,54l6sj7e,2,"SynNetRP,xylo,Realworld",1,"(80, 80, 80)","(10, 2, 2)",76,40843.90730337079,42841.407051282054,40746.55714285714,0.6931179775280899,0.6858974358974359,0.5392857142857143,0.6931179775280899,0.6858974358974359,0.5392857142857143,0.9447262137717098,0.9488236122851507,0.8790962099125365,0.9533648475683987,0.9570969228421151,0.8791882288629737,0.9447262137717098,0.9488236122851507,0.8790962099125365,0.6941365683986831,0.6660471003734728,0.5228806606109159,0.6931179775280899,0.6858974358974359,0.5392857142857143,0.6941365683986831,0.6660471003734728,0.5228806606109159,0.6492776886035313,0.641025641025641,0.47346938775510206,0.650297381511774,0.6507948735386501,0.48614993689866987
877,54l6sj7e,2,"SynNetRP,xylo,Realworld",1,"(80, 80, 80)","(10, 2, 2)",77,41037.09691011236,42337.730769230766,40275.364285714284,0.6832865168539326,0.7275641025641025,0.5071428571428571,0.6832865168539326,0.7275641025641025,0.5071428571428571,0.9474794060093423,0.9511012491781723,0.8879956268221574,0.9557045325941891,0.9623397435897436,0.8793713556851313,0.9474794060093423,0.9511012491781722,0.8879956268221575,0.6818410580553276,0.7294379505739039,0.5036583834501241,0.6832865168539326,0.7275641025641025,0.5071428571428571,0.6818410580553276,0.7294379505739039,0.5036583834501241,0.6380417335473515,0.6886446886446886,0.43673469387755104,0.6411664583566484,0.69040585848424,0.4454091979503297
878,54l6sj7e,2,"SynNetRP,xylo,Realworld",1,"(80, 80, 80)","(10, 2, 2)",78,40362.94311797753,42383.42628205128,40563.235714285714,0.6839887640449438,0.6730769230769231,0.49642857142857144,0.6839887640449438,0.6730769230769231,0.49642857142857144,0.9444413133262395,0.9471682163989855,0.8757434402332361,0.9508119099094631,0.9552338686954072,0.8749754008746355,0.9444413133262394,0.9471682163989856,0.875743440233236,0.6840113008378247,0.6625980186641418,0.495454497219889,0.6839887640449438,0.6730769230769231,0.49642857142857144,0.6840113008378246,0.6625980186641418,0.495454497219889,0.6388443017656501,0.6263736263736264,0.42448979591836733,0.6409247277425052,0.6371543885441361,0.43629462069177377
879,54l6sj7e,2,"SynNetRP,xylo,Realworld",1,"(80, 80, 80)","(10, 2, 2)",79,40508.55688202247,42350.34935897436,40266.578571428574,0.6776685393258427,0.5608974358974359,0.4607142857142857,0.6776685393258427,0.5608974358974359,0.46071428571428574,0.9402086677367576,0.949774584389969,0.881639941690962,0.9480738996812271,0.944294020616136,0.870248724489796,0.9402086677367576,0.949774584389969,0.881639941690962,0.6764007371852048,0.5407009307836264,0.44552656074704017,0.6776685393258427,0.5608974358974359,0.4607142857142857,0.6764007371852048,0.5407009307836265,0.44552656074704017,0.6316211878009631,0.4981684981684982,0.38367346938775515,0.6329897479310084,0.5159702131763136,0.39609769397074374
880,54l6sj7e,2,"SynNetRP,xylo,Realworld",1,"(80, 80, 80)","(10, 2, 2)",80,40041.94733146067,42665.05128205128,40641.56428571429,0.6804775280898876,0.7275641025641025,0.5571428571428572,0.6804775280898876,0.7275641025641026,0.5571428571428572,0.9445337439356503,0.9532086503240349,0.8882798833819242,0.9513743487587245,0.9632496243073165,0.8828689868804664,0.9445337439356503,0.9532086503240348,0.8882798833819242,0.6791108945540943,0.7242491994170537,0.5575234127369189,0.6804775280898876,0.7275641025641025,0.5571428571428572,0.6791108945540942,0.7242491994170537,0.5575234127369189,0.6348314606741573,0.6886446886446886,0.4938775510204082,0.6363546783196937,0.6919016340215844,0.5000832630584664
881,54l6sj7e,2,"SynNetRP,xylo,Realworld",1,"(80, 80, 80)","(10, 2, 2)",81,40487.20856741573,42917.32371794872,41174.7,0.6846910112359551,0.7275641025641025,0.5321428571428571,0.684691011235955,0.7275641025641025,0.5321428571428571,0.944032984201129,0.9497041420118343,0.8845116618075801,0.9513378908011255,0.9580207452803606,0.877672193877551,0.944032984201129,0.9497041420118342,0.8845116618075802,0.6835106180187429,0.7291219768176076,0.5232242679584098,0.6846910112359551,0.7275641025641025,0.5321428571428571,0.683510618018743,0.7291219768176075,0.5232242679584098,0.6396468699839486,0.6886446886446886,0.4653061224489796,0.6420811315610813,0.6952551468510717,0.47756258135536034
882,54l6sj7e,2,"SynNetRP,xylo,Realworld",1,"(80, 80, 80)","(10, 2, 2)",82,40779.566011235955,42636.544871794875,40600.66785714286,0.6987359550561798,0.6794871794871795,0.5142857142857142,0.6987359550561798,0.6794871794871795,0.5142857142857142,0.9461402893754396,0.9489879778341317,0.8829810495626822,0.9533509336618753,0.9580831161360008,0.8748733600583091,0.9461402893754397,0.9489879778341318,0.8829810495626822,0.6991658578772402,0.6738819064031696,0.5058739277291648,0.6987359550561798,0.6794871794871795,0.5142857142857142,0.6991658578772403,0.6738819064031697,0.505873927729165,0.6556982343499198,0.6336996336996337,0.4448979591836735,0.6574524929177307,0.6376723814816021,0.45134575569358176
883,54l6sj7e,2,"SynNetRP,xylo,Realworld",1,"(80, 80, 80)","(10, 2, 2)",83,41017.29494382023,42574.91025641026,40787.517857142855,0.6945224719101124,0.7083333333333334,0.5357142857142857,0.6945224719101124,0.7083333333333334,0.5357142857142858,0.9434124591952675,0.9471682163989856,0.8804591836734694,0.9528473559209696,0.9528821205503898,0.8743959548104956,0.9434124591952674,0.9471682163989856,0.8804591836734694,0.6961466587402529,0.6935862786941179,0.513863780729748,0.6945224719101124,0.7083333333333334,0.5357142857142857,0.696146658740253,0.6935862786941179,0.5138637807297481,0.6508828250401284,0.6666666666666667,0.4693877551020408,0.6511889841375171,0.6709098987709986,0.4831335759111399
884,54l6sj7e,2,"SynNetRP,xylo,Realworld",1,"(80, 80, 80)","(10, 2, 2)",84,40954.190308988764,42600.21153846154,40839.267857142855,0.6889044943820225,0.7147435897435898,0.5035714285714286,0.6889044943820224,0.7147435897435896,0.5035714285714286,0.9472948265911592,0.9430355968817508,0.8701166180758018,0.9546763125146536,0.9513507326007326,0.872264030612245,0.947294826591159,0.9430355968817506,0.8701166180758018,0.689340950027254,0.7118325007282695,0.4939064568448227,0.6889044943820225,0.7147435897435898,0.5035714285714286,0.689340950027254,0.7118325007282695,0.49390645684482265,0.64446227929374,0.673992673992674,0.43265306122448977,0.6449011334059005,0.6778072002212061,0.4440425993866602
885,54l6sj7e,2,"SynNetRP,xylo,Realworld",1,"(80, 80, 80)","(10, 2, 2)",85,41522.375,43160.907051282054,41443.42857142857,0.6734550561797753,0.6891025641025641,0.5321428571428571,0.6734550561797753,0.6891025641025641,0.5321428571428571,0.9411293104225656,0.9449140602986756,0.886042274052478,0.9498954237830721,0.9544648727341035,0.8812991982507289,0.9411293104225656,0.9449140602986756,0.886042274052478,0.6744549321838249,0.6756413679886539,0.5221236822985975,0.6734550561797753,0.6891025641025641,0.5321428571428571,0.6744549321838249,0.6756413679886538,0.5221236822985976,0.6268057784911718,0.6446886446886446,0.4653061224489796,0.6278874541384142,0.6486146327966367,0.473930543249483
886,54l6sj7e,2,"SynNetRP,xylo,Realworld",1,"(80, 80, 80)","(10, 2, 2)",86,41227.39536516854,43163.955128205125,41252.53214285714,0.6811797752808989,0.7660256410256411,0.55,0.6811797752808989,0.766025641025641,0.55,0.9435505415081069,0.9528036066497605,0.8794897959183674,0.9522236606579255,0.9633200666854513,0.8777095481049562,0.9435505415081068,0.9528036066497604,0.8794897959183674,0.6835491140777192,0.7632185745272452,0.533759471446074,0.6811797752808989,0.7660256410256411,0.55,0.6835491140777192,0.7632185745272452,0.5337594714460742,0.6356340288924558,0.7326007326007327,0.48571428571428577,0.6364538418470204,0.7340846047493432,0.49608423798879675
887,54l6sj7e,2,"SynNetRP,xylo,Realworld",1,"(80, 80, 80)","(10, 2, 2)",87,41191.622191011236,42647.4391025641,40784.985714285714,0.7071629213483146,0.717948717948718,0.5607142857142857,0.7071629213483146,0.717948717948718,0.5607142857142857,0.9487091839955273,0.9523692119845966,0.8826749271137027,0.9564967446390247,0.963340612379074,0.880942055393586,0.9487091839955272,0.9523692119845967,0.8826749271137027,0.7075845275651407,0.7176806147340267,0.5548176538534048,0.7071629213483146,0.717948717948718,0.5607142857142857,0.7075845275651406,0.7176806147340267,0.5548176538534048,0.6653290529695024,0.6776556776556777,0.49795918367346936,0.6661845302507466,0.6798461824622187,0.5075958282983348
888,54l6sj7e,2,"SynNetRP,xylo,Realworld",1,"(80, 80, 80)","(10, 2, 2)",88,41210.667837078654,43421.1858974359,41719.014285714286,0.6903089887640449,0.6698717948717948,0.5142857142857142,0.690308988764045,0.6698717948717948,0.5142857142857142,0.9460532129781594,0.9500563539025078,0.8748906705539359,0.9535314974209604,0.9572700936883629,0.8764841472303206,0.9460532129781594,0.9500563539025078,0.8748906705539359,0.6940847683926306,0.6421934077196617,0.49867430973217985,0.6903089887640449,0.6698717948717948,0.5142857142857142,0.6940847683926306,0.6421934077196617,0.4986743097321799,0.6460674157303371,0.6227106227106227,0.4448979591836735,0.6482401337167548,0.6339368141369843,0.4590195965776362
889,54l6sj7e,2,"SynNetRP,xylo,Realworld",1,"(80, 80, 80)","(10, 2, 2)",89,41674.16362359551,44026.32371794872,42439.02857142857,0.699438202247191,0.7275641025641025,0.525,0.699438202247191,0.7275641025641026,0.5249999999999999,0.9493860691290783,0.9504790081713159,0.8877769679300291,0.9577436772390752,0.9619200244200244,0.883314504373178,0.9493860691290782,0.9504790081713157,0.8877769679300291,0.6999436173633045,0.7289135212845947,0.5151105216254632,0.699438202247191,0.7275641025641025,0.525,0.6999436173633046,0.7289135212845946,0.5151105216254633,0.6565008025682183,0.6886446886446886,0.4571428571428572,0.6578629474675692,0.6913201523574136,0.46886761441309555
890,54l6sj7e,2,"SynNetRP,xylo,Realworld",1,"(80, 80, 80)","(10, 2, 2)",90,42107.08637640449,43644.592948717946,42018.125,0.6839887640449438,0.7339743589743589,0.5357142857142857,0.6839887640449438,0.733974358974359,0.5357142857142857,0.9477665608599203,0.9543533389687237,0.8785204081632654,0.9544693299457139,0.9601017305344229,0.876603498542274,0.9477665608599203,0.9543533389687235,0.8785204081632654,0.683607177280879,0.7317075105283721,0.5255663560650773,0.6839887640449438,0.7339743589743589,0.5357142857142857,0.683607177280879,0.7317075105283722,0.5255663560650773,0.6388443017656501,0.6959706959706959,0.4693877551020408,0.6401553204813747,0.6975119433036348,0.47651945065195356
891,54l6sj7e,2,"SynNetRP,xylo,Realworld",1,"(80, 80, 80)","(10, 2, 2)",91,41304.06882022472,42998.355769230766,41186.45,0.6720505617977528,0.7019230769230769,0.49642857142857144,0.6720505617977528,0.7019230769230769,0.4964285714285714,0.9447090239327647,0.9489410162487086,0.8737536443148688,0.953055853168341,0.9562655560251715,0.8730767128279883,0.9447090239327646,0.9489410162487086,0.8737536443148688,0.6723929950277712,0.6903245271462817,0.4872548813304038,0.6720505617977528,0.7019230769230769,0.49642857142857144,0.6723929950277712,0.6903245271462817,0.4872548813304038,0.6252006420545746,0.6593406593406593,0.42448979591836733,0.6275410823587111,0.6638056741737931,0.43640888233134895
892,54l6sj7e,2,"SynNetRP,xylo,Realworld",1,"(80, 80, 80)","(10, 2, 2)",92,41511.400983146064,43054.8782051282,41369.37857142857,0.6804775280898876,0.7019230769230769,0.5142857142857142,0.6804775280898876,0.7019230769230769,0.5142857142857142,0.95006464506646,0.9507607776838545,0.8847594752186589,0.9576160567749383,0.9614746231332769,0.8807935495626821,0.9500646450664599,0.9507607776838546,0.8847594752186589,0.6800616639805301,0.6979200183921241,0.5026962029056987,0.6804775280898876,0.7019230769230769,0.5142857142857142,0.6800616639805301,0.6979200183921243,0.5026962029056988,0.6348314606741573,0.6593406593406593,0.4448979591836735,0.6364548858086748,0.662726116038434,0.4586425549924171
893,54l6sj7e,2,"SynNetRP,xylo,Realworld",1,"(80, 80, 80)","(10, 2, 2)",93,41279.30407303371,43568.929487179485,41718.514285714286,0.7050561797752809,0.7403846153846154,0.5464285714285714,0.7050561797752808,0.7403846153846154,0.5464285714285715,0.9501872283441846,0.9550577627500705,0.8833454810495627,0.9585215879015095,0.9644111897717667,0.8784830539358601,0.9501872283441846,0.9550577627500704,0.8833454810495626,0.7043050988397399,0.7429081017078302,0.5316922115111109,0.7050561797752809,0.7403846153846154,0.5464285714285714,0.7043050988397399,0.7429081017078302,0.531692211511111,0.6629213483146068,0.7032967032967032,0.4816326530612245,0.6649436470528012,0.708481055557855,0.49642753447862076
894,54l6sj7e,2,"SynNetRP,xylo,Realworld",1,"(80, 80, 80)","(10, 2, 2)",94,41890.45014044944,43031.92628205128,41410.17857142857,0.7029494382022472,0.6987179487179487,0.5285714285714286,0.7029494382022472,0.6987179487179487,0.5285714285714285,0.9510278396486735,0.9519700385084999,0.88067055393586,0.9578473094238642,0.9602675636329483,0.8768576895043732,0.9510278396486735,0.9519700385085,0.8806705539358601,0.7031640565279472,0.6891507878464875,0.5057244738120824,0.7029494382022472,0.6987179487179487,0.5285714285714286,0.7031640565279473,0.6891507878464875,0.5057244738120824,0.6605136436597111,0.6556776556776557,0.46122448979591835,0.6618148266663298,0.6606054372534524,0.474753248971501
895,54l6sj7e,2,"SynNetRP,xylo,Realworld",1,"(80, 80, 80)","(10, 2, 2)",95,41203.9297752809,43322.41346153846,41740.328571428574,0.7071629213483146,0.7467948717948718,0.5428571428571428,0.7071629213483146,0.7467948717948718,0.5428571428571429,0.9536015248796148,0.9532380013149244,0.8822886297376092,0.9596225125457645,0.9633420799286184,0.8795162172011661,0.9536015248796148,0.9532380013149244,0.8822886297376092,0.7102164636676352,0.7432173518763698,0.5249699187998517,0.7071629213483146,0.7467948717948718,0.5428571428571428,0.7102164636676352,0.74321735187637,0.5249699187998517,0.6653290529695024,0.7106227106227105,0.4775510204081632,0.6671185280327273,0.7126082908854713,0.48718398267892926
896,54l6sj7e,2,"SynNetRP,xylo,Realworld",1,"(80, 80, 80)","(10, 2, 2)",96,41507.980337078654,43108.27243589744,41539.489285714284,0.7050561797752809,0.7467948717948718,0.5285714285714286,0.7050561797752809,0.7467948717948718,0.5285714285714286,0.9494266484210147,0.9513419273034658,0.8837755102040816,0.9575761819845979,0.9610402284681131,0.8784912536443148,0.9494266484210148,0.9513419273034657,0.8837755102040816,0.7054747545653777,0.744787648556287,0.5099511680422375,0.7050561797752809,0.7467948717948718,0.5285714285714286,0.7054747545653777,0.744787648556287,0.5099511680422375,0.6629213483146068,0.7106227106227105,0.46122448979591835,0.6648181239323049,0.7110987390753347,0.47092123048123163
897,54l6sj7e,2,"SynNetRP,xylo,Realworld",1,"(80, 80, 80)","(10, 2, 2)",97,41640.323735955055,44104.903846153844,42507.06071428571,0.6938202247191011,0.7339743589743589,0.5571428571428572,0.6938202247191011,0.733974358974359,0.5571428571428572,0.9495607855249157,0.9488470930778623,0.8900437317784257,0.9568717156135589,0.960465682821452,0.8793148688046648,0.9495607855249157,0.9488470930778623,0.8900437317784257,0.6923249949857391,0.7363244426541253,0.5555251093431675,0.6938202247191011,0.7339743589743589,0.5571428571428572,0.6923249949857392,0.7363244426541254,0.5555251093431675,0.6500802568218298,0.6959706959706959,0.4938775510204082,0.6540423803945254,0.698352448507932,0.4997696422507395
898,54l6sj7e,2,"SynNetRP,xylo,Realworld",1,"(80, 80, 80)","(10, 2, 2)",98,41533.7808988764,42869.28525641026,41293.02857142857,0.699438202247191,0.6858974358974359,0.5214285714285715,0.699438202247191,0.6858974358974359,0.5214285714285714,0.9504298586938879,0.9565605334836105,0.8827696793002915,0.9586010556815519,0.9635878944773175,0.880593112244898,0.9504298586938879,0.9565605334836104,0.8827696793002915,0.69975278331021,0.674592593610026,0.5125949263248112,0.699438202247191,0.6858974358974359,0.5214285714285715,0.69975278331021,0.6745925936100259,0.5125949263248111,0.6565008025682183,0.641025641025641,0.4530612244897959,0.6578938515902526,0.6454050302341229,0.4607068528619441
899,54l6sj7e,2,"SynNetRP,xylo,Realworld",1,"(80, 80, 80)","(10, 2, 2)",99,41528.17134831461,42392.76282051282,41082.66071428572,0.6748595505617978,0.6923076923076923,0.5357142857142857,0.6748595505617978,0.6923076923076923,0.5357142857142857,0.9481901072195069,0.9535139006292852,0.8834620991253644,0.9562452375692103,0.9628188985160139,0.8793467565597668,0.9481901072195069,0.9535139006292852,0.8834620991253644,0.6751439845960863,0.6882009569909411,0.5089764003537208,0.6748595505617978,0.6923076923076923,0.5357142857142857,0.6751439845960864,0.688200956990941,0.5089764003537208,0.6284109149277688,0.6483516483516483,0.4693877551020408,0.6306169341591574,0.6508551675817945,0.48498712749855494
900,82qyfb2l,1,"SynNetRP,xylo,Realworld",1,"(80, 80, 80)","(10, 2, 2)",0,27131.210674157304,25318.79391891892,23962.283783783783,0.13553370786516855,0.08783783783783784,0.0777027027027027,0.13553370786516855,0.08783783783783784,0.07770270270270271,0.6115104852381554,0.5383752478347072,0.5795418971094648,0.5683205569620539,0.5282613090890119,0.5585370904205362,0.6115104852381553,0.5383752478347074,0.5795418971094647,0.09606646888250034,0.043731380337636544,0.0492445054945055,0.13553370786516855,0.08783783783783784,0.0777027027027027,0.09606646888250034,0.043731380337636544,0.0492445054945055,0.012038523274478297,-0.042471042471042386,-0.054054054054053946,0.013396165477278506,-0.05277084477429105,-0.0634065384343943
901,82qyfb2l,1,"SynNetRP,xylo,Realworld",1,"(80, 80, 80)","(10, 2, 2)",1,29675.275983146068,34446.17905405405,33169.55067567567,0.16081460674157302,0.17229729729729729,0.2195945945945946,0.16081460674157305,0.1722972972972973,0.2195945945945946,0.5932371228380255,0.5906944589377021,0.7249752165292705,0.5576316826203401,0.5777124856516749,0.6560616782322863,0.5932371228380255,0.5906944589377022,0.7249752165292707,0.10184207221466064,0.10818427761541438,0.13312719527441053,0.16081460674157302,0.17229729729729729,0.2195945945945946,0.10184207221466063,0.10818427761541438,0.13312719527441053,0.0409309791332263,0.05405405405405406,0.10810810810810811,0.04984372876552104,0.061471985106499,0.11931947585562304
902,82qyfb2l,1,"SynNetRP,xylo,Realworld",1,"(80, 80, 80)","(10, 2, 2)",2,37514.29143258427,39369.81418918919,37890.52364864865,0.1776685393258427,0.18243243243243243,0.2195945945945946,0.1776685393258427,0.18243243243243243,0.2195945945945946,0.6528441574837232,0.6528161849107794,0.6818780653240113,0.611287651383303,0.5820447015548367,0.6874388565689241,0.6528441574837232,0.6528161849107795,0.6818780653240113,0.12798165945189635,0.12840014197765962,0.12634656486980825,0.1776685393258427,0.18243243243243243,0.2195945945945946,0.12798165945189635,0.12840014197765962,0.12634656486980825,0.060192616372391705,0.06563706563706562,0.10810810810810811,0.06572739677899703,0.0743914820091531,0.12835902720935594
903,82qyfb2l,1,"SynNetRP,xylo,Realworld",1,"(80, 80, 80)","(10, 2, 2)",3,41085.69241573034,41513.52364864865,41447.08108108108,0.19382022471910113,0.22297297297297297,0.21621621621621623,0.19382022471910113,0.22297297297297297,0.21621621621621623,0.694336483488737,0.7600373056454137,0.7808097672962538,0.6505828130354212,0.7187964690076176,0.7362777835750808,0.6943364834887369,0.7600373056454138,0.7808097672962538,0.1362654616912798,0.16773043518326536,0.14396009770028229,0.19382022471910113,0.22297297297297297,0.21621621621621623,0.13626546169127982,0.1677304351832654,0.1439600977002823,0.0786516853932584,0.11196911196911197,0.10424710424710426,0.09131337203302939,0.12072570278727555,0.11392151542114358
904,82qyfb2l,1,"SynNetRP,xylo,Realworld",1,"(80, 80, 80)","(10, 2, 2)",4,44463.136938202246,45525.36486486487,43938.94256756757,0.2226123595505618,0.17905405405405406,0.16891891891891891,0.2226123595505618,0.17905405405405406,0.16891891891891891,0.7699906554908291,0.7184467285818638,0.7606438484816864,0.73025634276877,0.6823802567045809,0.7407746791192737,0.7699906554908292,0.7184467285818638,0.7606438484816863,0.1679907871319859,0.1010314534473292,0.12982497848279118,0.2226123595505618,0.17905405405405406,0.16891891891891891,0.16799078713198587,0.1010314534473292,0.12982497848279118,0.1115569823434992,0.061776061776061764,0.050193050193050204,0.12095204193184131,0.07465964898947698,0.05551666108111277
905,82qyfb2l,1,"SynNetRP,xylo,Realworld",1,"(80, 80, 80)","(10, 2, 2)",5,45574.32654494382,44736.4222972973,45064.38175675676,0.21348314606741572,0.20608108108108109,0.27702702702702703,0.21348314606741572,0.20608108108108109,0.2770270270270271,0.794982708712825,0.8191719711989982,0.813987008243765,0.7537225864338919,0.7577268991964938,0.7692740399666076,0.794982708712825,0.8191719711989983,0.813987008243765,0.16128060785563228,0.13652998564199498,0.2063011880909698,0.21348314606741572,0.20608108108108109,0.27702702702702703,0.16128060785563228,0.13652998564199495,0.2063011880909698,0.101123595505618,0.0926640926640927,0.17374517374517373,0.1094357811381002,0.1045652374656723,0.18893850580022054
906,82qyfb2l,1,"SynNetRP,xylo,Realworld",1,"(80, 80, 80)","(10, 2, 2)",6,46403.43188202247,46128.07432432433,45131.80405405405,0.25070224719101125,0.2533783783783784,0.23986486486486486,0.25070224719101125,0.2533783783783784,0.23986486486486489,0.8291222924594658,0.8378313158718564,0.8611147344255452,0.78726186437048,0.7841335242095377,0.8230101481790671,0.8291222924594659,0.8378313158718564,0.8611147344255451,0.20941492182866936,0.21090460449430573,0.18919459238731684,0.25070224719101125,0.2533783783783784,0.23986486486486486,0.2094149218286694,0.21090460449430573,0.18919459238731684,0.1436597110754414,0.14671814671814676,0.13127413127413123,0.15179368850895084,0.15810601348839426,0.14332283074724508
907,82qyfb2l,1,"SynNetRP,xylo,Realworld",1,"(80, 80, 80)","(10, 2, 2)",7,46029.8356741573,44717.84121621621,45737.3277027027,0.2443820224719101,0.20608108108108109,0.22972972972972974,0.2443820224719101,0.20608108108108109,0.22972972972972971,0.8291296192760655,0.8134456850673069,0.8451554836689972,0.7923882054597182,0.7917096029427111,0.8029404283627257,0.8291296192760655,0.8134456850673067,0.8451554836689972,0.20841893659472216,0.1512837000205588,0.20622027351547706,0.2443820224719101,0.20608108108108109,0.22972972972972974,0.20841893659472216,0.1512837000205588,0.2062202735154771,0.1364365971107544,0.0926640926640927,0.11969111969111967,0.14375315182396042,0.1002750017721942,0.12584637118585829
908,82qyfb2l,1,"SynNetRP,xylo,Realworld",1,"(80, 80, 80)","(10, 2, 2)",8,46393.731039325845,45626.02027027027,45547.55067567567,0.2577247191011236,0.2668918918918919,0.28040540540540543,0.2577247191011236,0.2668918918918919,0.28040540540540543,0.8474207351164175,0.8176327872273819,0.8636648231242826,0.8155188245644489,0.7969125013043932,0.8241938850046958,0.8474207351164175,0.8176327872273819,0.8636648231242826,0.21621903733574194,0.23698151978979465,0.24595127367186193,0.2577247191011236,0.2668918918918919,0.28040540540540543,0.21621903733574196,0.2369815197897947,0.24595127367186193,0.151685393258427,0.16216216216216217,0.17760617760617758,0.16029869836858462,0.16954584526394928,0.18419424315242788
909,82qyfb2l,1,"SynNetRP,xylo,Realworld",1,"(80, 80, 80)","(10, 2, 2)",9,47088.79213483146,47118.22972972973,46194.82432432433,0.31179775280898875,0.3310810810810811,0.34121621621621623,0.3117977528089888,0.3310810810810811,0.34121621621621623,0.8473545119663823,0.8647213816132735,0.8598559949911302,0.8189076181420996,0.8424252256600231,0.8515135852551393,0.8473545119663823,0.8647213816132735,0.8598559949911302,0.27181391040843056,0.2732163842022768,0.2904535848863603,0.31179775280898875,0.3310810810810811,0.34121621621621623,0.27181391040843056,0.2732163842022768,0.2904535848863603,0.2134831460674157,0.2355212355212355,0.24710424710424705,0.2239175638894531,0.25189734888320514,0.2853016370791251
910,82qyfb2l,1,"SynNetRP,xylo,Realworld",1,"(80, 80, 80)","(10, 2, 2)",10,46750.25561797753,45086.00675675676,46124.90202702703,0.26264044943820225,0.28040540540540543,0.3108108108108108,0.26264044943820225,0.28040540540540543,0.3108108108108108,0.8618849982866521,0.8421684232495044,0.8856373265157049,0.8471985000879217,0.8098643104977564,0.8732504826254825,0.8618849982866521,0.8421684232495042,0.8856373265157049,0.23250862061900182,0.26159807104660043,0.28065496053869043,0.26264044943820225,0.28040540540540543,0.3108108108108108,0.23250862061900182,0.2615980710466005,0.28065496053869043,0.1573033707865169,0.17760617760617758,0.21235521235521237,0.16904218211522426,0.18401877087199225,0.2351823671675936
911,82qyfb2l,1,"SynNetRP,xylo,Realworld",1,"(80, 80, 80)","(10, 2, 2)",11,46672.99367977528,45924.43243243243,46388.60810810811,0.2914325842696629,0.24662162162162163,0.30067567567567566,0.2914325842696629,0.24662162162162163,0.30067567567567566,0.8685586010063664,0.8556297610351664,0.8767804967129291,0.8508078731153172,0.8420143418031931,0.8659043031931546,0.8685586010063663,0.8556297610351665,0.8767804967129291,0.26348071439714543,0.20769968801883695,0.24694497313031794,0.2914325842696629,0.24662162162162163,0.30067567567567566,0.26348071439714543,0.20769968801883695,0.24694497313031794,0.1902086677367576,0.13899613899613905,0.20077220077220082,0.2011410628213392,0.14853888195000894,0.2366596460430133
912,82qyfb2l,1,"SynNetRP,xylo,Realworld",1,"(80, 80, 80)","(10, 2, 2)",12,46840.964887640446,46228.09459459459,45677.59121621621,0.2633426966292135,0.23310810810810811,0.33783783783783783,0.2633426966292135,0.23310810810810811,0.33783783783783783,0.8726759901347232,0.8725803506208912,0.8862243034540332,0.8519639954596281,0.8495798223416468,0.8716664601377438,0.8726759901347233,0.872580350620891,0.8862243034540331,0.21296253052089567,0.18199101491570757,0.3140209766965606,0.2633426966292135,0.23310810810810811,0.33783783783783783,0.2129625305208957,0.18199101491570754,0.3140209766965606,0.1581059390048154,0.12355212355212353,0.2432432432432432,0.17058335906619757,0.13494873967505358,0.27208112009856694
913,82qyfb2l,1,"SynNetRP,xylo,Realworld",1,"(80, 80, 80)","(10, 2, 2)",13,46153.77036516854,45772.45608108108,46405.05743243243,0.2752808988764045,0.30067567567567566,0.35135135135135137,0.2752808988764045,0.30067567567567566,0.35135135135135137,0.8746578940249248,0.8726781801106125,0.8912592611916936,0.8501139038180604,0.8351157322863404,0.8737494130230617,0.8746578940249247,0.8726781801106125,0.8912592611916936,0.24061803759157346,0.22102850453912942,0.31553834689797955,0.2752808988764045,0.30067567567567566,0.35135135135135137,0.24061803759157346,0.22102850453912942,0.3155383468979796,0.1717495987158909,0.20077220077220082,0.2586872586872587,0.18307287944462758,0.22263580975822794,0.27653800616406976
914,82qyfb2l,1,"SynNetRP,xylo,Realworld",1,"(80, 80, 80)","(10, 2, 2)",14,46293.78370786517,45993.02702702703,46476.53716216216,0.32162921348314605,0.22972972972972974,0.33783783783783783,0.32162921348314605,0.22972972972972971,0.33783783783783783,0.8717798641044601,0.8672845142439737,0.8863090890117917,0.8533668342628996,0.8418545536366483,0.8748467337994364,0.8717798641044601,0.8672845142439737,0.886309089011792,0.28687591077644425,0.1486246638888319,0.30670618440859965,0.32162921348314605,0.22972972972972974,0.33783783783783783,0.2868759107764442,0.14862466388883186,0.30670618440859965,0.2247191011235955,0.11969111969111967,0.2432432432432432,0.24137511734961145,0.13346796484484238,0.2636935568679186
915,82qyfb2l,1,"SynNetRP,xylo,Realworld",1,"(80, 80, 80)","(10, 2, 2)",15,46195.489466292136,45423.53378378379,46058.46959459459,0.2773876404494382,0.31756756756756754,0.30743243243243246,0.2773876404494382,0.3175675675675676,0.30743243243243246,0.8789604261727415,0.8726194824167798,0.8874895648544296,0.8584987409147473,0.8451742343211938,0.8734950563497862,0.8789604261727416,0.8726194824167798,0.8874895648544296,0.20538860619548666,0.2699582969114219,0.26063709522281975,0.2773876404494382,0.31756756756756754,0.30743243243243246,0.20538860619548668,0.2699582969114219,0.26063709522281975,0.1741573033707865,0.22007722007722008,0.20849420849420852,0.1981050227493101,0.2342566860950579,0.23344108809828204
916,82qyfb2l,1,"SynNetRP,xylo,Realworld",1,"(80, 80, 80)","(10, 2, 2)",16,46162.41643258427,45795.44594594595,45806.09459459459,0.3265449438202247,0.2533783783783784,0.3141891891891892,0.3265449438202247,0.2533783783783784,0.3141891891891892,0.8814484440095948,0.8645909422936451,0.8852916623186894,0.863135699970242,0.8424969672858187,0.8687348364290932,0.8814484440095949,0.864590942293645,0.8852916623186894,0.28397991163656255,0.19721645852270892,0.25739607754446436,0.3265449438202247,0.2533783783783784,0.3141891891891892,0.28397991163656255,0.19721645852270894,0.2573960775444643,0.2303370786516854,0.14671814671814676,0.21621621621621623,0.24641391820298167,0.16618106700560314,0.25233866862056553
917,82qyfb2l,1,"SynNetRP,xylo,Realworld",1,"(80, 80, 80)","(10, 2, 2)",17,46307.13061797753,45135.02027027027,45542.77702702703,0.2984550561797753,0.28378378378378377,0.3310810810810811,0.29845505617977525,0.28378378378378377,0.3310810810810811,0.8727695479466878,0.8679041010122092,0.890483147239904,0.8558214234990171,0.8402297688615256,0.8791218825002609,0.8727695479466878,0.867904101012209,0.890483147239904,0.256819394153416,0.2591708591702797,0.29258904964541016,0.2984550561797753,0.28378378378378377,0.3310810810810811,0.256819394153416,0.2591708591702796,0.29258904964541016,0.1982343499197432,0.18146718146718144,0.2355212355212355,0.21263869131759291,0.19028418054946983,0.2563342004499691
918,82qyfb2l,1,"SynNetRP,xylo,Realworld",1,"(80, 80, 80)","(10, 2, 2)",18,46597.46980337079,44087.31081081081,45995.625,0.29353932584269665,0.28716216216216217,0.30405405405405406,0.2935393258426966,0.28716216216216217,0.30405405405405406,0.8771374578426245,0.8673562558697694,0.9040292705833247,0.8592321975264667,0.8284152274861734,0.8809700446102474,0.8771374578426244,0.8673562558697694,0.9040292705833247,0.24504823214219015,0.27563828698010095,0.2754724569900199,0.29353932584269665,0.28716216216216217,0.30405405405405406,0.24504823214219018,0.275638286980101,0.27547245699001993,0.1926163723916533,0.1853281853281853,0.20463320463320467,0.21117888958602674,0.19373905735537408,0.22106613185184332
919,82qyfb2l,1,"SynNetRP,xylo,Realworld",1,"(80, 80, 80)","(10, 2, 2)",19,45615.65308988764,43904.34121621621,45061.40878378379,0.34901685393258425,0.27702702702702703,0.3108108108108108,0.34901685393258425,0.27702702702702703,0.3108108108108108,0.8774268670983101,0.8480708024626944,0.8904048836481269,0.8651779444221508,0.8436260826463529,0.891572315558802,0.8774268670983102,0.8480708024626945,0.890404883648127,0.33286656007183646,0.2752741094468676,0.2954720529987557,0.34901685393258425,0.27702702702702703,0.3108108108108108,0.33286656007183646,0.2752741094468676,0.2954720529987556,0.2560192616372392,0.17374517374517373,0.21235521235521237,0.2724348677649584,0.18762055888428614,0.2353895879601673
920,82qyfb2l,1,"SynNetRP,xylo,Realworld",1,"(80, 80, 80)","(10, 2, 2)",20,45518.28019662921,44386.90540540541,44727.88851351351,0.2914325842696629,0.3344594594594595,0.3783783783783784,0.2914325842696629,0.3344594594594595,0.3783783783783784,0.8697787977708442,0.862445215485756,0.8937049984347283,0.8703456045300016,0.8616674710424711,0.8902760748199937,0.8697787977708442,0.862445215485756,0.8937049984347281,0.27276587823857024,0.2945487134016664,0.3382782676260937,0.2914325842696629,0.3344594594594595,0.3783783783783784,0.27276587823857024,0.2945487134016664,0.3382782676260937,0.1902086677367576,0.23938223938223935,0.28957528957528955,0.20526698311034372,0.2625151554334705,0.3300835415128607
921,82qyfb2l,1,"SynNetRP,xylo,Realworld",1,"(80, 80, 80)","(10, 2, 2)",21,45564.0231741573,44172.79054054054,44406.36486486487,0.30337078651685395,0.30405405405405406,0.34797297297297297,0.3033707865168539,0.30405405405405406,0.347972972972973,0.8695358856205024,0.8568298027757487,0.897089898779088,0.8737185820468195,0.8434948280809769,0.8954243517165815,0.8695358856205024,0.8568298027757487,0.897089898779088,0.275594047880919,0.2615456231061849,0.3439229186174213,0.30337078651685395,0.30405405405405406,0.34797297297297297,0.275594047880919,0.2615456231061849,0.3439229186174213,0.2038523274478331,0.20463320463320467,0.25482625482625487,0.227737349517666,0.23778354521874687,0.2752019366197737
922,82qyfb2l,1,"SynNetRP,xylo,Realworld",1,"(80, 80, 80)","(10, 2, 2)",22,45153.2191011236,44475.86148648649,44966.93918918919,0.3068820224719101,0.26013513513513514,0.30405405405405406,0.3068820224719101,0.26013513513513514,0.30405405405405406,0.8644657285335546,0.8654061880413233,0.8995486799540854,0.8673321341776832,0.8651281892413649,0.8897380126265262,0.8644657285335546,0.8654061880413234,0.8995486799540853,0.2886613102809967,0.21076795716972785,0.23097993503602737,0.3068820224719101,0.26013513513513514,0.30405405405405406,0.2886613102809967,0.2107679571697278,0.2309799350360274,0.2078651685393258,0.15444015444015446,0.20463320463320467,0.22567779141590916,0.1670331788249595,0.24329659152318456
923,82qyfb2l,1,"SynNetRP,xylo,Realworld",1,"(80, 80, 80)","(10, 2, 2)",23,45352.4452247191,43879.22297297297,44856.81756756757,0.28651685393258425,0.33783783783783783,0.3581081081081081,0.28651685393258425,0.33783783783783783,0.3581081081081081,0.8641664562555234,0.858245069393718,0.8943832828967964,0.8691270281191948,0.8580168005843682,0.8968852720964207,0.8641664562555234,0.8582450693937179,0.8943832828967965,0.264615887443986,0.3131904806286233,0.34424610993545496,0.28651685393258425,0.33783783783783783,0.3581081081081081,0.264615887443986,0.31319048062862326,0.34424610993545496,0.1845906902086677,0.2432432432432432,0.26640926640926643,0.1985196431229911,0.25844971223640467,0.29305638573986525
924,82qyfb2l,1,"SynNetRP,xylo,Realworld",1,"(80, 80, 80)","(10, 2, 2)",24,45272.20997191011,43733.07094594595,44351.60472972973,0.3342696629213483,0.30067567567567566,0.3277027027027027,0.3342696629213483,0.30067567567567566,0.32770270270270274,0.8686231333525709,0.8637756965459669,0.90771418136283,0.8724829214723068,0.8542837903057499,0.8886716711885632,0.8686231333525708,0.8637756965459669,0.90771418136283,0.3337288570059714,0.26583187375731765,0.31775734102459285,0.3342696629213483,0.30067567567567566,0.3277027027027027,0.3337288570059714,0.26583187375731765,0.31775734102459285,0.2391653290529695,0.20077220077220082,0.23166023166023164,0.25527514247411165,0.211258657346733,0.24689999148349356
925,82qyfb2l,1,"SynNetRP,xylo,Realworld",1,"(80, 80, 80)","(10, 2, 2)",25,45096.379213483146,44094.47297297297,44573.73648648649,0.336376404494382,0.33783783783783783,0.33783783783783783,0.336376404494382,0.33783783783783783,0.33783783783783783,0.870593483416596,0.8627843577167902,0.8900918292810185,0.8724412854279762,0.8655953250547844,0.8865927945319837,0.8705934834165961,0.8627843577167902,0.8900918292810186,0.32126368402673305,0.343424815950616,0.29123898271287063,0.336376404494382,0.33783783783783783,0.33783783783783783,0.321263684026733,0.34342481595061597,0.29123898271287063,0.2415730337078652,0.2432432432432432,0.2432432432432432,0.2627455505601258,0.256899554410488,0.2695891894905561
926,82qyfb2l,1,"SynNetRP,xylo,Realworld",1,"(80, 80, 80)","(10, 2, 2)",26,45414.86095505618,44482.94256756757,45063.49662162162,0.3595505617977528,0.28716216216216217,0.40202702702702703,0.3595505617977528,0.28716216216216217,0.40202702702702703,0.8711565210922143,0.8617734529896692,0.887385213398727,0.8735917717595182,0.8614180058436816,0.8956159344672858,0.8711565210922142,0.8617734529896691,0.887385213398727,0.3500261235946741,0.2778664780995752,0.3631186743176989,0.3595505617977528,0.28716216216216217,0.40202702702702703,0.3500261235946741,0.27786647809957526,0.3631186743176989,0.2680577849117175,0.1853281853281853,0.31660231660231664,0.28386188602824886,0.19858206317931312,0.3613202638379048
927,82qyfb2l,1,"SynNetRP,xylo,Realworld",1,"(80, 80, 80)","(10, 2, 2)",27,45478.63904494382,44932.60135135135,45046.50675675676,0.3181179775280899,0.2668918918918919,0.3918918918918919,0.3181179775280899,0.26689189189189194,0.3918918918918919,0.8706487163417318,0.869358499426067,0.8882526348742565,0.8741186685032554,0.8704036444745904,0.8958474642596265,0.8706487163417317,0.8693584994260669,0.8882526348742564,0.29706214032628775,0.19227775722214147,0.4110952523540682,0.3181179775280899,0.2668918918918919,0.3918918918918919,0.2970621403262878,0.19227775722214144,0.4110952523540682,0.2207062600321027,0.16216216216216217,0.30501930501930496,0.24289708679634645,0.18519551846965768,0.3223080593522016
928,82qyfb2l,1,"SynNetRP,xylo,Realworld",1,"(80, 80, 80)","(10, 2, 2)",28,45402.48525280899,44485.59459459459,45622.85472972973,0.34480337078651685,0.22297297297297297,0.3581081081081081,0.3448033707865169,0.222972972972973,0.3581081081081081,0.8691098030551698,0.8606777627047897,0.8843655431493269,0.8743318859113207,0.844239147448607,0.883650572628613,0.8691098030551698,0.8606777627047897,0.884365543149327,0.334431320563452,0.1788890495295441,0.298011028849416,0.34480337078651685,0.22297297297297297,0.3581081081081081,0.334431320563452,0.1788890495295441,0.298011028849416,0.2512038523274478,0.11196911196911197,0.26640926640926643,0.26753788271522966,0.12897266872222593,0.3079068739673758
929,82qyfb2l,1,"SynNetRP,xylo,Realworld",1,"(80, 80, 80)","(10, 2, 2)",29,45469.80266853933,43590.50337837838,44589.42567567567,0.31179775280898875,0.24662162162162163,0.31756756756756754,0.3117977528089888,0.24662162162162163,0.3175675675675676,0.8748106299709633,0.8655757591568403,0.8932028070541584,0.8729943896310892,0.8594606008035063,0.8876338633517687,0.8748106299709633,0.8655757591568403,0.8932028070541586,0.2607325502493541,0.22109339963502617,0.27236039531471723,0.31179775280898875,0.24662162162162163,0.31756756756756754,0.26073255024935416,0.22109339963502614,0.2723603953147172,0.2134831460674157,0.13899613899613905,0.22007722007722008,0.23976962062603774,0.15441757701869616,0.24561209225647188
930,82qyfb2l,1,"SynNetRP,xylo,Realworld",1,"(80, 80, 80)","(10, 2, 2)",30,45190.080758426964,44464.08108108108,44573.20608108108,0.33146067415730335,0.2972972972972973,0.40540540540540543,0.3314606741573034,0.2972972972972973,0.4054054054054054,0.8687772783018017,0.8623147761661275,0.8944419805906292,0.8716563297495806,0.8616348612125638,0.9005579541897111,0.8687772783018017,0.8623147761661274,0.8944419805906292,0.32681984550053644,0.23387426207041956,0.40425698176643166,0.33146067415730335,0.2972972972972973,0.40540540540540543,0.32681984550053644,0.23387426207041956,0.40425698176643166,0.2359550561797753,0.19691119691119696,0.3204633204633205,0.2531531714815851,0.2139324042146916,0.34386074727350985
931,82qyfb2l,1,"SynNetRP,xylo,Realworld",1,"(80, 80, 80)","(10, 2, 2)",31,44909.93960674157,43510.50337837838,44172.76351351351,0.32514044943820225,0.34121621621621623,0.34459459459459457,0.32514044943820225,0.34121621621621623,0.3445945945945946,0.8708053974967085,0.8580037566524052,0.8974094751121778,0.8734997286259852,0.8518641409266409,0.8983445619847646,0.8708053974967086,0.8580037566524052,0.8974094751121778,0.31616230899412834,0.3502322352652348,0.3460133600445854,0.32514044943820225,0.34121621621621623,0.34459459459459457,0.31616230899412834,0.3502322352652348,0.3460133600445853,0.2287319422150883,0.24710424710424705,0.250965250965251,0.2451248119803137,0.2672000916621722,0.2722777311460185
932,82qyfb2l,1,"SynNetRP,xylo,Realworld",1,"(80, 80, 80)","(10, 2, 2)",32,44752.223314606745,42963.53040540541,44290.27027027027,0.37008426966292135,0.30067567567567566,0.375,0.3700842696629214,0.30067567567567566,0.375,0.8730865736649414,0.862843055410623,0.8882330689763123,0.8774464170176025,0.8580184310758635,0.8982768965877073,0.8730865736649411,0.8628430554106231,0.888233068976312,0.37134199928013806,0.2839125884061512,0.389783181721331,0.37008426966292135,0.30067567567567566,0.375,0.37134199928013806,0.28391258840615113,0.389783181721331,0.2800963081861958,0.20077220077220082,0.2857142857142857,0.2937161076239957,0.211518472474678,0.3024953417764313
933,82qyfb2l,1,"SynNetRP,xylo,Realworld",1,"(80, 80, 80)","(10, 2, 2)",33,44714.3981741573,43724.46283783784,44509.36486486487,0.3433988764044944,0.3108108108108108,0.3547297297297297,0.3433988764044944,0.31081081081081086,0.3547297297297297,0.8707741176258409,0.8609321193780652,0.8890026609621204,0.8748492718835105,0.854341672753835,0.8955808789001356,0.870774117625841,0.8609321193780652,0.8890026609621204,0.3379250323328241,0.2943301314538806,0.3633705111310995,0.3433988764044944,0.3108108108108108,0.3547297297297297,0.3379250323328241,0.2943301314538806,0.3633705111310995,0.2495987158908507,0.21235521235521237,0.2625482625482626,0.2675307173137652,0.22235747921279125,0.27858443050006404
934,82qyfb2l,1,"SynNetRP,xylo,Realworld",1,"(80, 80, 80)","(10, 2, 2)",34,44714.15800561798,43872.7027027027,43973.76689189189,0.32303370786516855,0.23986486486486486,0.3716216216216216,0.3230337078651685,0.23986486486486486,0.3716216216216216,0.8771013873609033,0.8671866847542524,0.8903657518522383,0.8783403943179974,0.8673904961911718,0.8964401479181885,0.8771013873609032,0.8671866847542523,0.8903657518522383,0.30711105648050774,0.2027030432595921,0.3641643680141949,0.32303370786516855,0.23986486486486486,0.3716216216216216,0.30711105648050774,0.2027030432595921,0.36416436801419483,0.2263242375601926,0.13127413127413123,0.28185328185328185,0.24197073776008104,0.14668191087307594,0.303992554127573
935,82qyfb2l,1,"SynNetRP,xylo,Realworld",1,"(80, 80, 80)","(10, 2, 2)",35,44660.698735955055,42650.86824324324,43243.82094594595,0.3265449438202247,0.3277027027027027,0.28716216216216217,0.3265449438202247,0.32770270270270274,0.28716216216216217,0.8718198797951197,0.8520557236773453,0.8887287383909006,0.8769059233930601,0.8452761400396536,0.8785357208076803,0.8718198797951198,0.8520557236773453,0.8887287383909005,0.30785422491403064,0.302287474717192,0.24308246862417437,0.3265449438202247,0.3277027027027027,0.28716216216216217,0.3078542249140306,0.302287474717192,0.24308246862417435,0.2303370786516854,0.23166023166023164,0.1853281853281853,0.25190802285872343,0.24689267538625562,0.20615911212680002
936,82qyfb2l,1,"SynNetRP,xylo,Realworld",1,"(80, 80, 80)","(10, 2, 2)",36,44786.05407303371,43204.77364864865,43923.34797297297,0.33497191011235955,0.25675675675675674,0.38513513513513514,0.3349719101123596,0.25675675675675674,0.3851351351351352,0.8747804773026493,0.855486277783575,0.8970964207450693,0.8764040012309052,0.8513586885630804,0.8972986016904936,0.8747804773026494,0.855486277783575,0.8970964207450693,0.32973856775359406,0.22111735040245262,0.36301183187897146,0.33497191011235955,0.25675675675675674,0.38513513513513514,0.32973856775359406,0.22111735040245262,0.3630118318789714,0.2399678972712681,0.1505791505791506,0.29729729729729726,0.2559796176860217,0.158788352037346,0.3267916005606715
937,82qyfb2l,1,"SynNetRP,xylo,Realworld",1,"(80, 80, 80)","(10, 2, 2)",37,44538.5154494382,42844.10472972973,43746.5777027027,0.36587078651685395,0.2972972972972973,0.40540540540540543,0.3658707865168539,0.29729729729729726,0.4054054054054054,0.8774322213104406,0.8677345298966921,0.8923092977147031,0.8787025081384024,0.8531424462590003,0.8909413153500992,0.8774322213104407,0.8677345298966922,0.8923092977147032,0.3589740509235271,0.2794984435576897,0.41676983162832326,0.36587078651685395,0.2972972972972973,0.40540540540540543,0.3589740509235271,0.2794984435576897,0.41676983162832326,0.2752808988764045,0.19691119691119696,0.3204633204633205,0.2919011247714526,0.2054265043115012,0.3401417964497059
938,82qyfb2l,1,"SynNetRP,xylo,Realworld",1,"(80, 80, 80)","(10, 2, 2)",38,44252.13132022472,43322.14189189189,43705.91216216216,0.41292134831460675,0.4864864864864865,0.5608108108108109,0.4129213483146067,0.4864864864864865,0.5608108108108107,0.8856331834905405,0.8918853699259104,0.9163231764583117,0.8903883931389436,0.8980722699050403,0.9168889570072002,0.8856331834905404,0.8918853699259106,0.9163231764583117,0.4261911265726752,0.4687895327711327,0.5461720860593041,0.41292134831460675,0.4864864864864865,0.5608108108108109,0.4261911265726752,0.4687895327711327,0.5461720860593041,0.3290529695024077,0.4131274131274131,0.4980694980694981,0.3372962797763426,0.42295711531912894,0.5046827076257012
939,82qyfb2l,1,"SynNetRP,xylo,Realworld",1,"(80, 80, 80)","(10, 2, 2)",39,43519.48735955056,42627.92905405405,42953.19932432433,0.5210674157303371,0.5168918918918919,0.5202702702702703,0.5210674157303371,0.5168918918918919,0.5202702702702703,0.9087537986726062,0.8983355942815403,0.9287736095168528,0.907937739248742,0.8990562715224878,0.9310628195763331,0.9087537986726062,0.8983355942815402,0.9287736095168526,0.518001472473853,0.4598388037377755,0.5006068462938246,0.5210674157303371,0.5168918918918919,0.5202702702702703,0.518001472473853,0.4598388037377756,0.5006068462938247,0.4526484751203852,0.44787644787644787,0.4517374517374517,0.4616824424644338,0.477892599953068,0.45967882226123574
940,82qyfb2l,1,"SynNetRP,xylo,Realworld",1,"(80, 80, 80)","(10, 2, 2)",40,43383.698033707864,42397.23986486487,42524.43581081081,0.538623595505618,0.4831081081081081,0.5878378378378378,0.538623595505618,0.4831081081081081,0.5878378378378379,0.9053096312695006,0.8963203067932798,0.9387652614003965,0.9074412417488774,0.8872816771887718,0.9395894748512992,0.9053096312695007,0.8963203067932799,0.9387652614003965,0.5315674600648422,0.4687584091993053,0.567727142150994,0.538623595505618,0.4831081081081081,0.5878378378378378,0.5315674600648422,0.4687584091993052,0.5677271421509938,0.4727126805778491,0.4092664092664092,0.528957528957529,0.4858360297068256,0.420062309252944,0.5407379861956333
941,82qyfb2l,1,"SynNetRP,xylo,Realworld",1,"(80, 80, 80)","(10, 2, 2)",41,43268.535112359554,42057.34459459459,42635.69256756757,0.5603932584269663,0.46283783783783783,0.5540540540540541,0.5603932584269662,0.46283783783783783,0.5540540540540542,0.9102231072014717,0.8942202337472608,0.9375717416257956,0.9114175192075316,0.8802420301575709,0.9287295862464782,0.9102231072014716,0.8942202337472607,0.9375717416257958,0.5586435669471979,0.42240590554032664,0.5189025550751281,0.5603932584269663,0.46283783783783783,0.5540540540540541,0.5586435669471979,0.42240590554032653,0.5189025550751281,0.4975922953451043,0.3861003861003861,0.49034749034749037,0.5039840978901239,0.40057403331827146,0.5125866425274801
942,82qyfb2l,1,"SynNetRP,xylo,Realworld",1,"(80, 80, 80)","(10, 2, 2)",42,43396.456460674155,42406.96621621621,43348.25337837838,0.5182584269662921,0.5101351351351351,0.6081081081081081,0.5182584269662921,0.5101351351351352,0.6081081081081081,0.9035785299475174,0.8984138578733174,0.9243908483773349,0.9027927993173661,0.8894755034957738,0.9345039718772826,0.9035785299475174,0.8984138578733173,0.924390848377335,0.5180361953056609,0.5048159676268488,0.6016411230413947,0.5182584269662921,0.5101351351351351,0.6081081081081081,0.5180361953056608,0.5048159676268487,0.6016411230413947,0.449438202247191,0.44015444015444016,0.5521235521235521,0.4554793451106925,0.4458315193555982,0.5538310802245496
943,82qyfb2l,1,"SynNetRP,xylo,Realworld",1,"(80, 80, 80)","(10, 2, 2)",43,43817.011235955055,43126.02702702703,43560.92567567567,0.5287921348314607,0.5033783783783784,0.543918918918919,0.5287921348314607,0.5033783783783784,0.543918918918919,0.910353017295796,0.9064684858603778,0.932288949180841,0.9121110305787509,0.9016560902118336,0.9292978125326099,0.9103530172957961,0.9064684858603776,0.932288949180841,0.5291918475274092,0.45599320643913455,0.5136842918090945,0.5287921348314607,0.5033783783783784,0.543918918918919,0.5291918475274092,0.45599320643913455,0.5136842918090945,0.4614767255216693,0.43243243243243246,0.4787644787644788,0.4674686672118453,0.44919826238817157,0.4952329828548854
944,82qyfb2l,1,"SynNetRP,xylo,Realworld",1,"(80, 80, 80)","(10, 2, 2)",44,43603.34269662921,43153.41216216216,43569.38513513513,0.5077247191011236,0.4527027027027027,0.597972972972973,0.5077247191011236,0.45270270270270274,0.5979729729729729,0.9097333376918499,0.8886178649692164,0.9308606386309088,0.9077040560693094,0.8929712772618178,0.9346564228320984,0.9097333376918499,0.8886178649692164,0.930860638630909,0.5040671136105533,0.38981674043936587,0.5599490172369193,0.5077247191011236,0.4527027027027027,0.597972972972973,0.5040671136105535,0.38981674043936587,0.5599490172369193,0.4373996789727127,0.37451737451737455,0.5405405405405406,0.44647315648254043,0.3980829529006528,0.5604182280554251
945,82qyfb2l,1,"SynNetRP,xylo,Realworld",1,"(80, 80, 80)","(10, 2, 2)",45,43781.574438202246,42342.43918918919,43326.59459459459,0.5280898876404494,0.5033783783783784,0.5472972972972973,0.5280898876404494,0.5033783783783784,0.5472972972972974,0.9115579968257976,0.8893548471251174,0.9160166440571846,0.9134847382410229,0.872573013409162,0.9156000534801211,0.9115579968257976,0.8893548471251175,0.9160166440571846,0.5131816896636969,0.4594263760377108,0.5203721873364731,0.5280898876404494,0.5033783783783784,0.5472972972972973,0.5131816896636968,0.4594263760377108,0.5203721873364731,0.4606741573033708,0.43243243243243246,0.48262548262548266,0.4779768507275104,0.4502005560105914,0.4902300055573038
946,82qyfb2l,1,"SynNetRP,xylo,Realworld",1,"(80, 80, 80)","(10, 2, 2)",46,43663.268960674155,42483.06756756757,42887.21621621621,0.5154494382022472,0.5202702702702703,0.5844594594594594,0.5154494382022472,0.5202702702702703,0.5844594594594594,0.9068144466788104,0.8962420432015027,0.9387978712303037,0.9063712799497718,0.8932867773661693,0.9379011009078577,0.9068144466788105,0.8962420432015027,0.9387978712303036,0.5177978295702083,0.5090801197594677,0.5508542200271127,0.5154494382022472,0.5202702702702703,0.5844594594594594,0.5177978295702083,0.5090801197594675,0.5508542200271126,0.4462279293739968,0.4517374517374517,0.5250965250965252,0.4516652009821888,0.46505529166500337,0.5406294107442737
947,82qyfb2l,1,"SynNetRP,xylo,Realworld",1,"(80, 80, 80)","(10, 2, 2)",47,43614.95224719101,43320.94594594595,43602.39527027027,0.5484550561797753,0.5,0.6047297297297297,0.5484550561797753,0.5,0.6047297297297297,0.9129833444550652,0.8954920171136387,0.939032662005635,0.913286139241077,0.8953566863195243,0.936889380934989,0.9129833444550651,0.8954920171136386,0.939032662005635,0.5522581382910489,0.47295795583082284,0.5628933566433566,0.5484550561797753,0.5,0.6047297297297297,0.5522581382910488,0.47295795583082284,0.5628933566433566,0.4839486356340289,0.4285714285714286,0.5482625482625483,0.4882249798101875,0.4396168892271465,0.5656158633002674
948,82qyfb2l,1,"SynNetRP,xylo,Realworld",1,"(80, 80, 80)","(10, 2, 2)",48,44204.7816011236,43401.10810810811,44051.75337837838,0.5561797752808989,0.4797297297297297,0.597972972972973,0.5561797752808989,0.4797297297297297,0.597972972972973,0.915119111493859,0.8958246373786914,0.9335020348533862,0.914451103080419,0.8864990412710008,0.9344705468016279,0.9151191114938589,0.8958246373786914,0.9335020348533863,0.5504545016571846,0.438568716295842,0.5440421163013613,0.5561797752808989,0.4797297297297297,0.597972972972973,0.5504545016571846,0.43856871629584193,0.5440421163013613,0.492776886035313,0.4054054054054054,0.5405405405405406,0.5009041887661142,0.41957309177836305,0.5660089510980476
949,82qyfb2l,1,"SynNetRP,xylo,Realworld",1,"(80, 80, 80)","(10, 2, 2)",49,44252.40800561798,43171.73986486487,43566.78040540541,0.5421348314606742,0.4797297297297297,0.5912162162162162,0.5421348314606742,0.47972972972972977,0.5912162162162162,0.9141976234061356,0.8883765522279036,0.9396196389439633,0.9137481161627321,0.8878906657622874,0.9368575863508296,0.9141976234061355,0.8883765522279037,0.9396196389439634,0.5381670883711502,0.4515352395289388,0.5554109997902446,0.5421348314606742,0.4797297297297297,0.5912162162162162,0.5381670883711503,0.45153523952893887,0.5554109997902446,0.4767255216693419,0.4054054054054054,0.5328185328185329,0.48682751950877373,0.4204197885280587,0.5502715602438825
950,82qyfb2l,1,"SynNetRP,xylo,Realworld",1,"(80, 80, 80)","(10, 2, 2)",50,43950.940308988764,43439.09121621621,43859.70608108108,0.5540730337078652,0.5304054054054054,0.5641891891891891,0.5540730337078652,0.5304054054054054,0.5641891891891891,0.918346856006637,0.8951724407805489,0.9351520922466868,0.9183276583381428,0.8863628952311385,0.9310448841698841,0.918346856006637,0.8951724407805489,0.9351520922466868,0.5461156128677802,0.503412378606759,0.5358749692789864,0.5540730337078652,0.5304054054054054,0.5641891891891891,0.5461156128677802,0.503412378606759,0.5358749692789863,0.4903691813804173,0.4633204633204633,0.5019305019305019,0.4960107611989512,0.4750854802899596,0.5123970938896067
951,82qyfb2l,1,"SynNetRP,xylo,Realworld",1,"(80, 80, 80)","(10, 2, 2)",51,43819.55547752809,43653.5777027027,44201.56418918919,0.5674157303370787,0.48986486486486486,0.6182432432432432,0.5674157303370786,0.4898648648648649,0.6182432432432432,0.9157421727054664,0.9009900344359805,0.9333781174997391,0.916404404205818,0.9075177071376396,0.9402881404570593,0.9157421727054665,0.9009900344359802,0.9333781174997392,0.5706298739067743,0.4843452080201957,0.6015197170670655,0.5674157303370787,0.48986486486486486,0.6182432432432432,0.5706298739067743,0.48434520802019576,0.6015197170670655,0.5056179775280899,0.41698841698841704,0.5637065637065637,0.5097102392749964,0.4248299019969403,0.5727736807974221
952,82qyfb2l,1,"SynNetRP,xylo,Realworld",1,"(80, 80, 80)","(10, 2, 2)",52,44652.878511235955,44161.77027027027,44501.90878378379,0.547752808988764,0.4966216216216216,0.5304054054054054,0.5477528089887641,0.49662162162162166,0.5304054054054055,0.9157035660179991,0.9060445580715851,0.9276387874360847,0.9163760127914945,0.914842690180528,0.9205591933632474,0.9157035660179991,0.906044558071585,0.9276387874360847,0.5480548869972001,0.45177717735995493,0.5241756658247942,0.547752808988764,0.4966216216216216,0.5304054054054054,0.5480548869972002,0.45177717735995493,0.5241756658247942,0.4831460674157303,0.42471042471042475,0.4633204633204633,0.4889651464645622,0.4395281999339998,0.4703297244438758
953,82qyfb2l,1,"SynNetRP,xylo,Realworld",1,"(80, 80, 80)","(10, 2, 2)",53,44822.0316011236,43867.12162162162,44103.67567567567,0.5337078651685393,0.46959459459459457,0.5608108108108109,0.5337078651685394,0.4695945945945946,0.5608108108108107,0.9162589950763793,0.8942137117812794,0.9393131065428363,0.9134085111683229,0.8948871047688616,0.9343572276427007,0.9162589950763793,0.8942137117812794,0.9393131065428364,0.5269239197331314,0.428544156950571,0.5454551919320187,0.5337078651685393,0.46959459459459457,0.5608108108108109,0.5269239197331312,0.42854415695057096,0.5454551919320189,0.4670947030497592,0.3938223938223938,0.4980694980694981,0.4733460514547349,0.41611428153874447,0.5078071164333449
954,82qyfb2l,1,"SynNetRP,xylo,Realworld",1,"(80, 80, 80)","(10, 2, 2)",54,44719.64747191011,43399.33783783784,44335.81756756757,0.5575842696629213,0.5304054054054054,0.6216216216216216,0.5575842696629214,0.5304054054054054,0.6216216216216217,0.917710831965661,0.9055293227590526,0.9368804132317646,0.9186954433963965,0.9026930828028801,0.9384334563810915,0.917710831965661,0.9055293227590526,0.9368804132317645,0.5595884502055105,0.5238678930390857,0.6177208756194625,0.5575842696629213,0.5304054054054054,0.6216216216216216,0.5595884502055106,0.5238678930390858,0.6177208756194624,0.4943820224719101,0.4633204633204633,0.5675675675675675,0.49987178182992487,0.4722954704717236,0.5703568340720722
955,82qyfb2l,1,"SynNetRP,xylo,Realworld",1,"(80, 80, 80)","(10, 2, 2)",55,44589.04143258427,43261.06418918919,44260.18243243243,0.550561797752809,0.527027027027027,0.5912162162162162,0.550561797752809,0.5270270270270271,0.5912162162162162,0.9162742123108554,0.9033509861212563,0.9400631326307002,0.9182858813934929,0.8938745695502452,0.938371497704268,0.9162742123108554,0.9033509861212563,0.9400631326307002,0.549184829542012,0.5057058278982536,0.5698792953767091,0.550561797752809,0.527027027027027,0.5912162162162162,0.549184829542012,0.5057058278982536,0.5698792953767092,0.4863563402889246,0.45945945945945943,0.5328185328185329,0.49207321379455693,0.47254788826707084,0.5426912766636907
956,82qyfb2l,1,"SynNetRP,xylo,Realworld",1,"(80, 80, 80)","(10, 2, 2)",56,44666.308988764045,44061.46959459459,44684.90878378379,0.5407303370786517,0.5202702702702703,0.5641891891891891,0.5407303370786517,0.5202702702702703,0.5641891891891893,0.9158207950835933,0.8977160075133048,0.9448241677971407,0.9162590655265388,0.8963773739956172,0.9391378287070855,0.9158207950835934,0.8977160075133049,0.9448241677971407,0.5435309857974425,0.506125008427559,0.5495657276770218,0.5407303370786517,0.5202702702702703,0.5641891891891891,0.5435309857974426,0.506125008427559,0.5495657276770219,0.4751203852327448,0.4517374517374517,0.5019305019305019,0.4825862237231347,0.4638002868000372,0.5159370001232927
957,82qyfb2l,1,"SynNetRP,xylo,Realworld",1,"(80, 80, 80)","(10, 2, 2)",57,44749.31179775281,42970.91554054054,43866.32432432433,0.5294943820224719,0.5135135135135135,0.5912162162162162,0.5294943820224719,0.5135135135135136,0.5912162162162162,0.9125183734016268,0.8953354899300845,0.9423458207241991,0.9130143425252945,0.8934759143796307,0.9406492943232808,0.9125183734016268,0.8953354899300844,0.9423458207241993,0.5250693973095357,0.5179781018335787,0.5979020862772937,0.5294943820224719,0.5135135135135135,0.5912162162162162,0.5250693973095357,0.5179781018335786,0.5979020862772936,0.4622792937399679,0.444015444015444,0.5328185328185329,0.47090615907257083,0.45006768540030784,0.5362216342975584
958,82qyfb2l,1,"SynNetRP,xylo,Realworld",1,"(80, 80, 80)","(10, 2, 2)",58,44449.98665730337,43241.48310810811,43653.27702702703,0.5449438202247191,0.49324324324324326,0.625,0.5449438202247191,0.49324324324324326,0.625,0.9149784929752737,0.8745043305854117,0.927827924449546,0.917486659557776,0.8676309936867368,0.9312022265991861,0.9149784929752737,0.8745043305854115,0.9278279244495461,0.5457953736811196,0.4961031694587672,0.6123316000322474,0.5449438202247191,0.49324324324324326,0.625,0.5457953736811196,0.49610316945876715,0.6123316000322474,0.4799357945425361,0.4208494208494209,0.5714285714285714,0.4851186928183923,0.4254867586865985,0.5754737472979247
959,82qyfb2l,1,"SynNetRP,xylo,Realworld",1,"(80, 80, 80)","(10, 2, 2)",59,44394.22963483146,43302.85135135135,43813.21621621621,0.5835674157303371,0.4797297297297297,0.597972972972973,0.583567415730337,0.4797297297297297,0.597972972972973,0.9170934067668224,0.8946245956381091,0.9417066680580193,0.9202974800259707,0.8943938810915162,0.9388410792549305,0.9170934067668224,0.8946245956381091,0.9417066680580195,0.5784076945577372,0.4612754644289343,0.6030849949628974,0.5835674157303371,0.4797297297297297,0.597972972972973,0.5784076945577373,0.46127546442893436,0.6030849949628975,0.5240770465489566,0.4054054054054054,0.5405405405405406,0.5301785831249384,0.4153240239240341,0.5429896017759669
960,82qyfb2l,1,"SynNetRP,xylo,Realworld",1,"(80, 80, 80)","(10, 2, 2)",60,44245.676966292136,43568.61148648649,44160.96959459459,0.5393258426966292,0.527027027027027,0.5777027027027027,0.5393258426966292,0.5270270270270271,0.5777027027027026,0.919914794758959,0.9001487008243765,0.9496830324533028,0.9175373484476166,0.8977999778253156,0.9436738560471668,0.919914794758959,0.9001487008243764,0.9496830324533029,0.5390900482624785,0.49971742469281977,0.5692147086171744,0.5393258426966292,0.527027027027027,0.5777027027027027,0.5390900482624785,0.49971742469281977,0.5692147086171744,0.4735152487961477,0.45945945945945943,0.5173745173745175,0.4797400840840659,0.4702951196748772,0.5281703381050281
961,82qyfb2l,1,"SynNetRP,xylo,Realworld",1,"(80, 80, 80)","(10, 2, 2)",61,44497.231741573036,43516.25675675676,44051.85135135135,0.5512640449438202,0.4864864864864865,0.5574324324324325,0.5512640449438202,0.48648648648648646,0.5574324324324325,0.9158472843436074,0.894683293331942,0.9453002713137849,0.9171928823921944,0.89670999426067,0.9386062884795993,0.9158472843436074,0.8946832933319421,0.9453002713137848,0.5598964646527707,0.46537173071629,0.546961399296261,0.5512640449438202,0.4864864864864865,0.5574324324324325,0.5598964646527707,0.46537173071629,0.5469613992962611,0.4871589085072231,0.4131274131274131,0.4942084942084942,0.48990395855931,0.42685585228364925,0.5057254477970969
962,82qyfb2l,1,"SynNetRP,xylo,Realworld",1,"(80, 80, 80)","(10, 2, 2)",62,44493.1797752809,43924.19256756757,44492.375,0.5568820224719101,0.5405405405405406,0.5945945945945946,0.5568820224719102,0.5405405405405406,0.5945945945945945,0.9217586163363212,0.9056923719085881,0.9350216529270583,0.9178287303077713,0.9076187976103517,0.9345047871230303,0.9217586163363213,0.9056923719085882,0.9350216529270583,0.5567444923857094,0.5377402812852038,0.59125238177711,0.5568820224719101,0.5405405405405406,0.5945945945945946,0.5567444923857094,0.5377402812852038,0.59125238177711,0.4935794542536116,0.47490347490347495,0.5366795366795367,0.4991773766484253,0.48004683612247084,0.5427162323747358
963,82qyfb2l,1,"SynNetRP,xylo,Realworld",1,"(80, 80, 80)","(10, 2, 2)",63,44676.22191011236,43421.19256756757,44248.55067567567,0.5660112359550562,0.5033783783783784,0.5743243243243243,0.5660112359550562,0.5033783783783784,0.5743243243243243,0.9165038798311901,0.9016617969320673,0.9443284983825524,0.9166757429955634,0.8944770361577793,0.9384008465511844,0.9165038798311902,0.9016617969320672,0.9443284983825525,0.5741276719663995,0.45539041411388814,0.5539267142257452,0.5660112359550562,0.5033783783783784,0.5743243243243243,0.5741276719663995,0.45539041411388814,0.5539267142257455,0.5040128410914928,0.43243243243243246,0.5135135135135135,0.5048611997757851,0.45378170930661726,0.5274508386534359
964,82qyfb2l,1,"SynNetRP,xylo,Realworld",1,"(80, 80, 80)","(10, 2, 2)",64,44446.231741573036,43505.16216216216,44331.91216216216,0.5807584269662921,0.5101351351351351,0.6283783783783784,0.5807584269662921,0.5101351351351351,0.6283783783783783,0.9264438337511498,0.9023074715642283,0.9412305645413753,0.9220435872319512,0.8967572785140353,0.9419080337576959,0.9264438337511496,0.9023074715642284,0.9412305645413754,0.5777302049284163,0.5063438004955296,0.6081290296533253,0.5807584269662921,0.5101351351351351,0.6283783783783784,0.5777302049284163,0.5063438004955296,0.6081290296533253,0.5208667736757624,0.44015444015444016,0.5752895752895753,0.528037387766237,0.4466991702512616,0.5874456317200938
965,82qyfb2l,1,"SynNetRP,xylo,Realworld",1,"(80, 80, 80)","(10, 2, 2)",65,44636.684691011236,43504.29054054054,44056.30405405405,0.5470505617977528,0.5202702702702703,0.5844594594594594,0.5470505617977528,0.5202702702702703,0.5844594594594594,0.9176316459862571,0.9044923301680059,0.9469503287070854,0.9188561402104712,0.9009851429614943,0.9422186423875613,0.9176316459862571,0.9044923301680059,0.9469503287070854,0.5506863412761835,0.5063698677462738,0.563637346466233,0.5470505617977528,0.5202702702702703,0.5844594594594594,0.5506863412761835,0.5063698677462738,0.563637346466233,0.4823434991974318,0.4517374517374517,0.5250965250965252,0.48844652087516055,0.4659515205028608,0.5444215454774828
966,82qyfb2l,1,"SynNetRP,xylo,Realworld",1,"(80, 80, 80)","(10, 2, 2)",66,44648.34971910113,43949.17567567567,44413.74324324324,0.5273876404494382,0.5,0.5878378378378378,0.5273876404494382,0.5,0.5878378378378377,0.9145512832073872,0.8952898361682144,0.9232690702285298,0.9134209456214945,0.8940783809871647,0.9242457346342481,0.9145512832073872,0.8952898361682147,0.9232690702285298,0.5122720000195888,0.4879419092059475,0.5457681979083139,0.5273876404494382,0.5,0.5878378378378378,0.5122720000195887,0.48794190920594743,0.5457681979083139,0.4598715890850722,0.4285714285714286,0.528957528957529,0.4730774401097285,0.43702734951991024,0.5487170930915413
967,82qyfb2l,1,"SynNetRP,xylo,Realworld",1,"(80, 80, 80)","(10, 2, 2)",67,44681.75210674157,44153.11824324324,44373.22972972973,0.5617977528089888,0.5,0.6148648648648649,0.5617977528089888,0.5,0.6148648648648649,0.9208148659981604,0.8985377752269644,0.9423719085881248,0.9171595946917778,0.8941387091724929,0.9420164614421371,0.9208148659981602,0.8985377752269645,0.9423719085881248,0.5590712584085091,0.4760433495205845,0.597091228560318,0.5617977528089888,0.5,0.6148648648648649,0.5590712584085091,0.47604334952058447,0.597091228560318,0.4991974317817014,0.4285714285714286,0.5598455598455598,0.5066173031456226,0.4456582599056967,0.5758174806811397
968,82qyfb2l,1,"SynNetRP,xylo,Realworld",1,"(80, 80, 80)","(10, 2, 2)",68,44823.00842696629,43521.78378378379,44397.26013513513,0.5828651685393258,0.5168918918918919,0.6587837837837838,0.5828651685393258,0.5168918918918919,0.6587837837837838,0.9190045786967735,0.9015509235103829,0.9460307315037045,0.9203018831609464,0.8900608499426066,0.9420963555254096,0.9190045786967737,0.901550923510383,0.9460307315037045,0.5870634307375946,0.5103660108655905,0.6485970414268318,0.5828651685393258,0.5168918918918919,0.6587837837837838,0.5870634307375946,0.5103660108655905,0.6485970414268317,0.5232744783306581,0.44787644787644787,0.61003861003861,0.5271733855066703,0.457334003194606,0.6179481927085586
969,82qyfb2l,1,"SynNetRP,xylo,Realworld",1,"(80, 80, 80)","(10, 2, 2)",69,44521.60814606742,43987.96959459459,44637.84121621621,0.5660112359550562,0.5067567567567568,0.597972972972973,0.5660112359550562,0.5067567567567568,0.597972972972973,0.9206697386693599,0.9091294479807994,0.9355564541375352,0.9214926317587064,0.9076253195763331,0.937365484451633,0.9206697386693599,0.9091294479807993,0.9355564541375353,0.569364078841317,0.48972008291539926,0.5894771299203914,0.5660112359550562,0.5067567567567568,0.597972972972973,0.569364078841317,0.4897200829153993,0.5894771299203914,0.5040128410914928,0.4362934362934363,0.5405405405405406,0.507627706249707,0.4481657615040479,0.5487917831119042
970,82qyfb2l,1,"SynNetRP,xylo,Realworld",1,"(80, 80, 80)","(10, 2, 2)",70,44579.28721910113,44079.65202702703,44359.51689189189,0.5442415730337079,0.5337837837837838,0.597972972972973,0.5442415730337078,0.5337837837837838,0.597972972972973,0.9181949654625138,0.9087707398518209,0.9425414797036419,0.9152048493381066,0.901269663727434,0.9410357208076803,0.9181949654625138,0.9087707398518209,0.9425414797036419,0.5443979803549711,0.5256476328303524,0.5931032433963354,0.5442415730337079,0.5337837837837838,0.597972972972973,0.5443979803549711,0.5256476328303524,0.5931032433963354,0.4791332263242376,0.46718146718146714,0.5405405405405406,0.48408923932055736,0.47354947768206307,0.5490132755466043
971,82qyfb2l,1,"SynNetRP,xylo,Realworld",1,"(80, 80, 80)","(10, 2, 2)",71,44724.72120786517,43432.33445945946,43841.90540540541,0.577247191011236,0.527027027027027,0.6621621621621622,0.577247191011236,0.527027027027027,0.6621621621621621,0.9239727239526034,0.9047205989773557,0.942528435771679,0.9206475468690822,0.9043023779087969,0.9424281605447145,0.9239727239526034,0.9047205989773557,0.9425284357716788,0.567696365133826,0.5181784138394709,0.6281974774660456,0.577247191011236,0.527027027027027,0.6621621621621622,0.567696365133826,0.518178413839471,0.6281974774660457,0.5168539325842696,0.45945945945945943,0.6138996138996139,0.5236272940825046,0.4681313057586297,0.6300415209698121
972,82qyfb2l,1,"SynNetRP,xylo,Realworld",1,"(80, 80, 80)","(10, 2, 2)",72,44388.79002808989,43706.01351351351,44304.36824324324,0.5870786516853933,0.6283783783783784,0.625,0.5870786516853932,0.6283783783783783,0.625,0.9203563763594063,0.9135643848481687,0.9433436815193572,0.9199370217843167,0.9208600190441407,0.9390000521757279,0.9203563763594061,0.9135643848481686,0.9433436815193572,0.5951878222077291,0.6241158122131544,0.6289874577855183,0.5870786516853933,0.6283783783783784,0.625,0.595187822207729,0.6241158122131545,0.6289874577855183,0.5280898876404494,0.5752895752895753,0.5714285714285714,0.5295735628242956,0.580245521334559,0.5739193834038162
973,82qyfb2l,1,"SynNetRP,xylo,Realworld",1,"(80, 80, 80)","(10, 2, 2)",73,44990.17415730337,43644.23986486487,44425.10810810811,0.6109550561797753,0.5236486486486487,0.597972972972973,0.6109550561797752,0.5236486486486487,0.597972972972973,0.9238439410608329,0.9023009495982469,0.9476416571011166,0.9241928454763106,0.8919334694250236,0.9438581015861423,0.9238439410608329,0.9023009495982469,0.9476416571011165,0.613987788400447,0.4963955889243699,0.5935459599253594,0.6109550561797753,0.5236486486486487,0.597972972972973,0.613987788400447,0.49639558892436997,0.5935459599253595,0.5553772070626003,0.4555984555984556,0.5405405405405406,0.55957389122897,0.4716652364809891,0.5484526814337054
974,82qyfb2l,1,"SynNetRP,xylo,Realworld",1,"(80, 80, 80)","(10, 2, 2)",74,44949.50491573034,43658.55067567567,44186.14189189189,0.6067415730337079,0.5033783783783784,0.6418918918918919,0.6067415730337078,0.5033783783783784,0.6418918918918919,0.9272325937381644,0.9124882604612334,0.9414197015548367,0.9250101377779683,0.9132651896587706,0.9365681741104039,0.9272325937381644,0.9124882604612334,0.9414197015548367,0.6102807084464636,0.48936547732177904,0.6315257040265274,0.6067415730337079,0.5033783783783784,0.6418918918918919,0.6102807084464636,0.48936547732177904,0.6315257040265273,0.550561797752809,0.43243243243243246,0.5907335907335907,0.554700196225229,0.44314577897085644,0.600251599921036
975,82qyfb2l,1,"SynNetRP,xylo,Realworld",1,"(80, 80, 80)","(10, 2, 2)",75,44754.50842696629,43814.05743243243,44072.08445945946,0.5519662921348315,0.5033783783783784,0.625,0.5519662921348315,0.5033783783783784,0.625,0.9237157217703392,0.899450850464364,0.9455937597829489,0.9224988009382835,0.8920802136596055,0.9410267531044559,0.9237157217703392,0.8994508504643638,0.9455937597829489,0.5523518642583485,0.47511489617967717,0.6091673657020733,0.5519662921348315,0.5033783783783784,0.625,0.5523518642583485,0.47511489617967717,0.6091673657020734,0.4879614767255217,0.43243243243243246,0.5714285714285714,0.4938225899339751,0.4451011488998842,0.5846811633985726
976,82qyfb2l,1,"SynNetRP,xylo,Realworld",1,"(80, 80, 80)","(10, 2, 2)",76,45021.4375,44358.46283783784,44830.58108108108,0.5596910112359551,0.4797297297297297,0.6081081081081081,0.559691011235955,0.4797297297297297,0.6081081081081081,0.9229416154165239,0.9096642491912762,0.9444067619743295,0.921926921767634,0.908098977355734,0.9427950211311698,0.922941615416524,0.9096642491912761,0.9444067619743297,0.5615477236990454,0.4418990858615949,0.5978339437595432,0.5596910112359551,0.4797297297297297,0.6081081081081081,0.5615477236990454,0.4418990858615949,0.5978339437595431,0.4967897271268058,0.4054054054054054,0.5521235521235521,0.5014822421693668,0.420626358379131,0.563621480190678
977,82qyfb2l,1,"SynNetRP,xylo,Realworld",1,"(80, 80, 80)","(10, 2, 2)",77,44766.441011235955,43966.03378378379,44457.34459459459,0.5905898876404494,0.5405405405405406,0.6385135135135135,0.5905898876404495,0.5405405405405406,0.6385135135135136,0.9254110344112396,0.9045314619638944,0.9432588959615986,0.9241841096565189,0.9009851429614943,0.9442828446206825,0.9254110344112395,0.9045314619638944,0.9432588959615986,0.5950355103979406,0.5301097591370051,0.6415097812894619,0.5905898876404494,0.5405405405405406,0.6385135135135135,0.5950355103979406,0.530109759137005,0.6415097812894619,0.5321027287319422,0.47490347490347495,0.5868725868725868,0.5362929430658177,0.4851363308724319,0.5903636082306101
978,82qyfb2l,1,"SynNetRP,xylo,Realworld",1,"(80, 80, 80)","(10, 2, 2)",78,44957.815308988764,44132.07094594595,44629.86486486487,0.5955056179775281,0.5608108108108109,0.6182432432432432,0.5955056179775281,0.5608108108108109,0.6182432432432432,0.9278477645318953,0.9134991651883544,0.9513526557445476,0.9278252909309791,0.9040439450067828,0.9478128587081289,0.9278477645318952,0.9134991651883545,0.9513526557445477,0.598813278877794,0.536672530553536,0.6038928492947895,0.5955056179775281,0.5608108108108109,0.6182432432432432,0.598813278877794,0.536672530553536,0.6038928492947896,0.5377207062600321,0.4980694980694981,0.5637065637065637,0.5418345040163352,0.5102203059985714,0.5733453344885497
979,82qyfb2l,1,"SynNetRP,xylo,Realworld",1,"(80, 80, 80)","(10, 2, 2)",79,44767.47823033708,43952.24324324324,44383.94256756757,0.6004213483146067,0.5540540540540541,0.6351351351351351,0.6004213483146067,0.5540540540540542,0.6351351351351351,0.9266520844229624,0.9080468016278826,0.944752426171345,0.9251365253643119,0.9169647748617342,0.9460307315037045,0.9266520844229624,0.9080468016278826,0.9447524261713451,0.6050904349774913,0.541589364108573,0.6378240296070745,0.6004213483146067,0.5540540540540541,0.6351351351351351,0.6050904349774913,0.541589364108573,0.6378240296070745,0.543338683788122,0.49034749034749037,0.583011583011583,0.5466645825667592,0.4970978952466155,0.5865183473735088
980,82qyfb2l,1,"SynNetRP,xylo,Realworld",1,"(80, 80, 80)","(10, 2, 2)",80,44712.35323033708,44555.04054054054,45069.57094594595,0.6025280898876404,0.5337837837837838,0.6486486486486487,0.6025280898876404,0.5337837837837838,0.6486486486486487,0.928163663047595,0.9013030888030888,0.9397761661275175,0.9263068434157845,0.8882077963581343,0.9366007839403109,0.9281636630475948,0.901303088803089,0.9397761661275176,0.6083593671500818,0.4889150618956092,0.6201127996902493,0.6025280898876404,0.5337837837837838,0.6486486486486487,0.6083593671500818,0.4889150618956091,0.6201127996902492,0.5457463884430176,0.46718146718146714,0.5984555984555985,0.5493547504841075,0.4861368929408309,0.6160818570093743
981,82qyfb2l,1,"SynNetRP,xylo,Realworld",1,"(80, 80, 80)","(10, 2, 2)",81,45019.47963483146,44265.43918918919,44828.375,0.6081460674157303,0.5168918918918919,0.6317567567567568,0.6081460674157304,0.5168918918918919,0.6317567567567568,0.9264593327862644,0.9054445372012939,0.949872169466764,0.9247209046476815,0.9025096525096525,0.9446122039027445,0.9264593327862642,0.9054445372012939,0.9498721694667641,0.6153905665877415,0.48066873358881557,0.5968202459954983,0.6081460674157303,0.5168918918918919,0.6317567567567568,0.6153905665877415,0.48066873358881557,0.5968202459954983,0.5521669341894061,0.44787644787644787,0.5791505791505791,0.5546262025936712,0.4647637696803819,0.5950003917913592
982,82qyfb2l,1,"SynNetRP,xylo,Realworld",1,"(80, 80, 80)","(10, 2, 2)",82,44969.20224719101,44107.22297297297,44565.06756756757,0.6172752808988764,0.5304054054054054,0.625,0.6172752808988764,0.5304054054054054,0.625,0.9273303785597057,0.911653448815611,0.9470090264009183,0.9285457142631702,0.8969341868412815,0.940398198632996,0.9273303785597056,0.911653448815611,0.9470090264009183,0.6248169595455995,0.5147676665734937,0.6100726385810064,0.6172752808988764,0.5304054054054054,0.625,0.6248169595455995,0.5147676665734937,0.6100726385810065,0.5626003210272873,0.4633204633204633,0.5714285714285714,0.565535211247333,0.4766635915343879,0.5831145568551066
983,82qyfb2l,1,"SynNetRP,xylo,Realworld",1,"(80, 80, 80)","(10, 2, 2)",83,44625.47120786517,43822.86824324324,44232.43918918919,0.6151685393258427,0.5067567567567568,0.6858108108108109,0.6151685393258427,0.5067567567567568,0.6858108108108107,0.9304665378649881,0.9146796410309924,0.9565376186997809,0.93001967250257,0.9058912918710216,0.9526603099238234,0.9304665378649882,0.9146796410309924,0.9565376186997807,0.6211264002668404,0.49348998244164005,0.6846957667593154,0.6151685393258427,0.5067567567567568,0.6858108108108109,0.6211264002668404,0.49348998244164005,0.6846957667593154,0.5601926163723916,0.4362934362934363,0.640926640926641,0.5650299027230766,0.44990918126193935,0.6526082978744236
984,82qyfb2l,1,"SynNetRP,xylo,Realworld",1,"(80, 80, 80)","(10, 2, 2)",84,44945.261235955055,43994.34459459459,44453.29391891892,0.5919943820224719,0.5202702702702703,0.6858108108108109,0.5919943820224719,0.5202702702702703,0.6858108108108107,0.9327888569264343,0.9073619951998331,0.9505830637587395,0.932403353653038,0.8977062245643327,0.95027734660336,0.9327888569264344,0.907361995199833,0.9505830637587394,0.587662555479423,0.48421207390706195,0.6677147746287477,0.5919943820224719,0.5202702702702703,0.6858108108108109,0.587662555479423,0.48421207390706184,0.6677147746287477,0.5337078651685394,0.4517374517374517,0.640926640926641,0.5403805336535372,0.46581578669782436,0.6563110697054442
985,82qyfb2l,1,"SynNetRP,xylo,Realworld",1,"(80, 80, 80)","(10, 2, 2)",85,44973.18679775281,43342.56081081081,43727.71621621621,0.601123595505618,0.5506756756756757,0.6418918918918919,0.601123595505618,0.5506756756756757,0.6418918918918919,0.9242694600248886,0.9100686110821246,0.9425610456015863,0.9285073893763414,0.9157639178754045,0.9391981568924137,0.9242694600248886,0.9100686110821247,0.9425610456015863,0.6061564396533254,0.5608710737276381,0.6461485403600793,0.601123595505618,0.5506756756756757,0.6418918918918919,0.6061564396533254,0.5608710737276381,0.6461485403600793,0.5441412520064206,0.4864864864864865,0.5907335907335907,0.5472120654335271,0.4896777726026862,0.5940750904924993
986,82qyfb2l,1,"SynNetRP,xylo,Realworld",1,"(80, 80, 80)","(10, 2, 2)",86,44153.69733146067,43116.81081081081,43731.39527027027,0.6074438202247191,0.5337837837837838,0.6621621621621622,0.6074438202247191,0.5337837837837838,0.6621621621621622,0.9272872630620232,0.9044271105081916,0.9471459876865282,0.9260061269094811,0.9033387574350412,0.944859223364291,0.9272872630620231,0.9044271105081916,0.947145987686528,0.6126319930372337,0.5345157361909939,0.6635380479483508,0.6074438202247191,0.5337837837837838,0.6621621621621622,0.6126319930372337,0.5345157361909939,0.6635380479483508,0.5513643659711076,0.46718146718146714,0.6138996138996139,0.5547197703513032,0.4718137833187147,0.6226013478943431
987,82qyfb2l,1,"SynNetRP,xylo,Realworld",1,"(80, 80, 80)","(10, 2, 2)",87,44275.25561797753,43411.85472972973,43859.35135135135,0.5807584269662921,0.5067567567567568,0.6385135135135135,0.5807584269662922,0.5067567567567568,0.6385135135135135,0.9232789307807456,0.9111708233329855,0.9503352290514453,0.9233147194618283,0.8967841816237085,0.9410715916205781,0.9232789307807456,0.9111708233329855,0.9503352290514453,0.5844715586870406,0.46315599045327327,0.6090920975890259,0.5807584269662921,0.5067567567567568,0.6385135135135135,0.5844715586870406,0.4631559904532733,0.6090920975890259,0.5208667736757624,0.4362934362934363,0.5868725868725868,0.5247387361621968,0.45989232922393025,0.6106757363212667
988,82qyfb2l,1,"SynNetRP,xylo,Realworld",1,"(80, 80, 80)","(10, 2, 2)",88,44344.9768258427,43526.72972972973,43824.68243243243,0.5969101123595506,0.5472972972972973,0.6959459459459459,0.5969101123595506,0.5472972972972974,0.6959459459459459,0.9284665987339261,0.9073489512678702,0.9520113743086716,0.9265286205182427,0.8991793736303871,0.9508789979651466,0.9284665987339261,0.9073489512678703,0.9520113743086717,0.6026542596449964,0.5417248873557378,0.6903688719922316,0.5969101123595506,0.5472972972972973,0.6959459459459459,0.6026542596449964,0.5417248873557378,0.6903688719922316,0.5393258426966292,0.48262548262548266,0.6525096525096525,0.5430201530086421,0.4907917678963715,0.659383233784594
989,82qyfb2l,1,"SynNetRP,xylo,Realworld",1,"(80, 80, 80)","(10, 2, 2)",89,44242.89676966292,43908.13851351351,44453.38175675676,0.6158707865168539,0.5337837837837838,0.652027027027027,0.6158707865168539,0.5337837837837838,0.6520270270270271,0.9326685280538172,0.9072315558802045,0.9481438484816862,0.931312256806049,0.9025740569237191,0.9463853634039445,0.9326685280538173,0.9072315558802047,0.9481438484816862,0.6152930475425732,0.5334967491094611,0.6576750492773646,0.6158707865168539,0.5337837837837838,0.652027027027027,0.6152930475425732,0.5334967491094612,0.6576750492773646,0.5609951845906902,0.46718146718146714,0.6023166023166023,0.5661962971569958,0.46980549863769167,0.6056437309356318
990,82qyfb2l,1,"SynNetRP,xylo,Realworld",1,"(80, 80, 80)","(10, 2, 2)",90,44429.613061797754,44007.51689189189,44237.44256756757,0.610252808988764,0.5168918918918919,0.7027027027027027,0.610252808988764,0.5168918918918919,0.7027027027027026,0.9327141797572456,0.9139426588750913,0.953902744443285,0.9320191184825148,0.9067652353125326,0.9521263239590941,0.9327141797572456,0.9139426588750915,0.953902744443285,0.6132874479631552,0.5027010465714128,0.6887194932297126,0.610252808988764,0.5168918918918919,0.7027027027027027,0.6132874479631552,0.5027010465714127,0.6887194932297126,0.5545746388443018,0.44787644787644787,0.6602316602316602,0.5586936598129038,0.4569302365168074,0.6758391770378124
991,82qyfb2l,1,"SynNetRP,xylo,Realworld",1,"(80, 80, 80)","(10, 2, 2)",91,44523.68188202247,43492.90878378379,44137.15202702703,0.610252808988764,0.5608108108108109,0.6756756756756757,0.610252808988764,0.5608108108108109,0.6756756756756757,0.9305062717550092,0.9143274548679955,0.9499308671605969,0.9289852880340684,0.9227024744338934,0.9494237843055411,0.9305062717550094,0.9143274548679954,0.9499308671605969,0.6170532559145219,0.5388819882568088,0.6787401534168387,0.610252808988764,0.5608108108108109,0.6756756756756757,0.6170532559145218,0.5388819882568088,0.6787401534168387,0.5545746388443018,0.4980694980694981,0.6293436293436294,0.5562528536868603,0.5201327490916658,0.6323198913679994
992,82qyfb2l,1,"SynNetRP,xylo,Realworld",1,"(80, 80, 80)","(10, 2, 2)",92,44712.88483146067,44170.79054054054,44289.94594594595,0.6257022471910112,0.5,0.6925675675675675,0.6257022471910112,0.49999999999999994,0.6925675675675675,0.9318487699965734,0.9037096942502348,0.9519591985808202,0.9354600099531987,0.9001837563915267,0.9506034449024314,0.9318487699965733,0.9037096942502348,0.9519591985808202,0.630167672396378,0.49578942515899915,0.6927214430754618,0.6257022471910112,0.5,0.6925675675675675,0.6301676723963779,0.49578942515899915,0.6927214430754618,0.57223113964687,0.4285714285714286,0.6486486486486487,0.5760491562009878,0.43475122651343684,0.6557261666020839
993,82qyfb2l,1,"SynNetRP,xylo,Realworld",1,"(80, 80, 80)","(10, 2, 2)",93,44892.183286516854,43659.07094594595,44357.4222972973,0.5955056179775281,0.5202702702702703,0.6824324324324325,0.595505617977528,0.5202702702702703,0.6824324324324325,0.9261854225656934,0.9070489408327247,0.9487699572159032,0.9268835131972875,0.8995511256913284,0.9448559623813002,0.9261854225656936,0.9070489408327245,0.9487699572159032,0.5959263036856457,0.5141870482655797,0.6793453248253333,0.5955056179775281,0.5202702702702703,0.6824324324324325,0.5959263036856456,0.5141870482655796,0.6793453248253333,0.5377207062600321,0.4517374517374517,0.6370656370656371,0.5448340314157594,0.45862080070067085,0.641728292377184
994,82qyfb2l,1,"SynNetRP,xylo,Realworld",1,"(80, 80, 80)","(10, 2, 2)",94,44204.88483146067,43634.45945945946,44106.63513513513,0.6348314606741573,0.5304054054054054,0.7128378378378378,0.6348314606741573,0.5304054054054054,0.7128378378378378,0.9316520731509369,0.9081576750495669,0.9539940519670249,0.9313045777386513,0.9089182993321507,0.954966640144005,0.9316520731509369,0.908157675049567,0.9539940519670249,0.6379331680629977,0.5136091788977168,0.7006862668245403,0.6348314606741573,0.5304054054054054,0.7128378378378378,0.6379331680629978,0.5136091788977168,0.7006862668245404,0.5826645264847512,0.4633204633204633,0.6718146718146718,0.5851924129892458,0.47443524802382353,0.6875268783334316
995,82qyfb2l,1,"SynNetRP,xylo,Realworld",1,"(80, 80, 80)","(10, 2, 2)",95,44719.02036516854,43556.31081081081,44207.83783783784,0.6172752808988764,0.5405405405405406,0.6925675675675675,0.6172752808988764,0.5405405405405406,0.6925675675675675,0.9346363419120962,0.9008269852864448,0.9490047479912345,0.9343070578660703,0.8982940167484086,0.9466022187728269,0.9346363419120962,0.9008269852864448,0.9490047479912345,0.619149012842324,0.5413265593840799,0.6862825041940895,0.6172752808988764,0.5405405405405406,0.6925675675675675,0.6191490128423242,0.54132655938408,0.6862825041940895,0.5626003210272873,0.47490347490347495,0.6486486486486487,0.5699230784461904,0.480559501425287,0.6642275171215327
996,82qyfb2l,1,"SynNetRP,xylo,Realworld",1,"(80, 80, 80)","(10, 2, 2)",96,44930.1952247191,43833.35135135135,44129.99662162162,0.6032303370786517,0.49324324324324326,0.6655405405405406,0.6032303370786517,0.4932432432432432,0.6655405405405406,0.9292359144768878,0.9051967024939997,0.9539092664092664,0.930808009788627,0.9036721929458416,0.9463364486590837,0.9292359144768877,0.9051967024939997,0.9539092664092665,0.6058574985719609,0.4815732252443551,0.6479047373542546,0.6032303370786517,0.49324324324324326,0.6655405405405406,0.6058574985719608,0.48157322524435503,0.6479047373542546,0.5465489566613162,0.4208494208494209,0.6177606177606177,0.5531268795641285,0.4299000063256109,0.6268535730761314
997,82qyfb2l,1,"SynNetRP,xylo,Realworld",1,"(80, 80, 80)","(10, 2, 2)",97,44619.03019662921,44290.78378378379,44713.38513513513,0.6193820224719101,0.581081081081081,0.706081081081081,0.6193820224719102,0.581081081081081,0.7060810810810811,0.9299778955579202,0.9124165188354378,0.9500091307523739,0.9293450065490468,0.8999188015235312,0.9493512274339976,0.9299778955579202,0.9124165188354378,0.950009130752374,0.6221139382669658,0.5679897827735159,0.7086782750433749,0.6193820224719101,0.581081081081081,0.706081081081081,0.6221139382669658,0.5679897827735159,0.7086782750433749,0.565008025682183,0.5212355212355213,0.6640926640926641,0.5675967879156765,0.5300408099874167,0.6689885477310384
998,82qyfb2l,1,"SynNetRP,xylo,Realworld",1,"(80, 80, 80)","(10, 2, 2)",98,44847.49789325843,43900.98648648649,44737.02027027027,0.6151685393258427,0.5472972972972973,0.6824324324324325,0.6151685393258427,0.5472972972972974,0.6824324324324325,0.9365173611737334,0.9149144318063237,0.9438915266617969,0.9345289758688478,0.9057184597725139,0.9473074063445686,0.9365173611737334,0.9149144318063238,0.9438915266617969,0.6084340667297712,0.5338356191546212,0.6872583274710075,0.6151685393258427,0.5472972972972973,0.6824324324324325,0.6084340667297711,0.5338356191546212,0.6872583274710075,0.5601926163723916,0.48262548262548266,0.6370656370656371,0.5702922720180064,0.49135546586913437,0.6388430440090465
999,82qyfb2l,1,"SynNetRP,xylo,Realworld",1,"(80, 80, 80)","(10, 2, 2)",99,44717.23314606742,44324.17905405405,44533.22635135135,0.6502808988764045,0.5506756756756757,0.7601351351351351,0.6502808988764044,0.5506756756756757,0.7601351351351351,0.9378390061680524,0.9122991234477722,0.955957163727434,0.9355653329418183,0.9089908562036939,0.9589580833246375,0.9378390061680524,0.912299123447772,0.9559571637274339,0.649254235089977,0.5487023759758127,0.7610638524337154,0.6502808988764045,0.5506756756756757,0.7601351351351351,0.649254235089977,0.5487023759758127,0.7610638524337154,0.6003210272873194,0.4864864864864865,0.7258687258687259,0.60583630812327,0.49172252823733775,0.7323454130275988
