parent_case,intervention,replicate,C,aggregation,case,decoder,layer,seed,shuffle_seed,state,test_accuracy,test_ba,test_macro_f1,train_accuracy,train_ba,train_macro_f1,train_test_gap,val_accuracy,val_ba,val_macro_f1
GF,A0,A0,0.1,whole_count,GF_A0,no_bias,L2,11,-1,spike,0.541095890410959,0.5383220945720945,0.5318042776405328,0.9604130808950087,0.9605319007788934,0.9616913843317233,0.42220980620679893,0.5634920634920635,0.5577441077441078,0.5591813411524453
GF,A0,A0,0.01,whole_count,GF_A0,affine,L2,11,-1,spike,0.589041095890411,0.5738296425796425,0.5586991434336724,0.9242685025817556,0.9232812240161898,0.9269087962505106,0.3494515814365473,0.5952380952380952,0.5839706589706589,0.5839811790663184
GF,A0,A0,0.01,fixed250_ordered,GF_A0,no_bias,L2,11,-1,spike,0.6027397260273972,0.5908841158841158,0.5885942729918477,0.9827882960413081,0.982575431866542,0.9833594335691483,0.3916913159824261,0.626984126984127,0.6182659932659932,0.623866319102892
GF,A0,A0,0.1,fixed250_ordered,GF_A0,affine,L2,11,-1,spike,0.5958904109589042,0.5866813741813742,0.5851562382464085,0.9965576592082617,0.996545584045584,0.9966520448207478,0.4098642098642098,0.6349206349206349,0.6222703222703222,0.6307781374112643
GF,A0,A0,1.0,fixed250_shuffled,GF_A0,no_bias,L2,11,101,spike,0.5,0.4883720446220446,0.48125264364745424,0.9982788296041308,0.9983974358974358,0.9983318319821173,0.5100253912753911,0.5238095238095238,0.5224326599326599,0.5397875370243791
GF,A0,A0,10.0,fixed250_shuffled,GF_A0,affine,L2,11,101,spike,0.4794520547945205,0.4676760739260739,0.4631596355102219,1.0,1.0,1.0,0.5323239260739261,0.5396825396825397,0.5383417508417508,0.556515188028346
GF,A0,A0,0.001,fixed250_shuffled,GF_A0,no_bias,L2,11,211,spike,0.547945205479452,0.5305035242535242,0.5261762860611965,0.9225473321858864,0.9182235066373882,0.9223584756052885,0.38771998238386396,0.5476190476190477,0.5309944684944686,0.5334700176366842
GF,A0,A0,100.0,fixed250_shuffled,GF_A0,affine,L2,11,211,spike,0.4726027397260274,0.4690670440670441,0.4672935562279416,1.0,1.0,1.0,0.5309329559329559,0.5317460317460317,0.5228595478595479,0.5401335214493109
GF,A0,A0,0.1,fixed250_shuffled,GF_A0,no_bias,L2,11,307,spike,0.4726027397260274,0.47071123321123315,0.4605918389631795,0.9982788296041308,0.9983974358974358,0.9983318319821173,0.5276862026862026,0.5238095238095238,0.5077140452140451,0.5118544271542772
GF,A0,A0,100.0,fixed250_shuffled,GF_A0,affine,L2,11,307,spike,0.4589041095890411,0.45266885891885883,0.4447788562341155,1.0,1.0,1.0,0.5473311410811412,0.5079365079365079,0.5062710437710438,0.5016011175979712
GF,A0,A0,0.01,fixed250_shuffled,GF_A0,no_bias,L2,11,401,spike,0.5684931506849316,0.5615821678321679,0.5504471712026889,0.9862306368330465,0.987207352704023,0.9865607874926261,0.4256251848718552,0.5317460317460317,0.5178992303992304,0.5317384547819332
GF,A0,A0,1.0,fixed250_shuffled,GF_A0,affine,L2,11,401,spike,0.541095890410959,0.5373147685647685,0.5292948283598943,1.0,1.0,1.0,0.46268523143523155,0.5158730158730159,0.5153619528619527,0.5363002314842097
GF,A0,A0,100.0,fixed250_shuffled,GF_A0,no_bias,L2,11,503,spike,0.4794520547945205,0.48211025086025083,0.47415270539333504,0.9982788296041308,0.9983974358974358,0.9983318319821173,0.516287185037185,0.5476190476190477,0.5550444925444925,0.5504059006200389
GF,A0,A0,0.1,fixed250_shuffled,GF_A0,affine,L2,11,503,spike,0.5342465753424658,0.5215159840159839,0.5232243885696571,0.9982788296041308,0.9983974358974358,0.9983818770226538,0.4768814518814519,0.5634920634920635,0.5532888407888407,0.5632957728545964
GF,A0,A0,0.01,relative10_ordered,GF_A0,no_bias,L2,11,-1,spike,0.6643835616438356,0.6486922799422798,0.6426570636387099,0.9862306368330465,0.9857782544136118,0.9864226767548816,0.33708597447133193,0.6825396825396826,0.6718434343434344,0.6813531426303165
GF,A0,A0,0.01,relative10_ordered,GF_A0,affine,L2,11,-1,spike,0.684931506849315,0.666955266955267,0.6624628753311895,0.9845094664371773,0.9841744333980262,0.9849610064753446,0.31721916644275927,0.6746031746031746,0.6599386724386724,0.6710581568190263
GF,A0,A0,10.0,relative10_shuffled,GF_A0,no_bias,L2,11,101,spike,0.5342465753424658,0.5247016872016871,0.5243524401419138,0.9982788296041308,0.9983974358974358,0.9983318319821173,0.4736957486957487,0.5238095238095238,0.5165464165464165,0.5279337105962493
GF,A0,A0,0.01,relative10_shuffled,GF_A0,affine,L2,11,101,spike,0.5547945205479452,0.5454587079587079,0.5422065005185209,0.9810671256454389,0.9809378823673575,0.9818925516912036,0.4354791744086496,0.5476190476190477,0.5345658970658971,0.5336476411935199
GF,A0,A0,0.1,relative10_shuffled,GF_A0,no_bias,L2,11,211,spike,0.5,0.4907009657009657,0.4769670672358299,0.9982788296041308,0.9983974358974358,0.9983318319821173,0.5076964701964701,0.5238095238095238,0.5153258778258779,0.5137203376333811
GF,A0,A0,0.01,relative10_shuffled,GF_A0,affine,L2,11,211,spike,0.541095890410959,0.5304043179043179,0.5133748836427529,0.9862306368330465,0.9858084203261308,0.9866061765609532,0.45540410242181295,0.5634920634920635,0.5471079846079846,0.535925931627686
GF,A0,A0,0.1,relative10_shuffled,GF_A0,no_bias,L2,11,307,spike,0.5,0.48850940725940717,0.4813193850382918,0.9982788296041308,0.9983974358974358,0.9983318319821173,0.5098880286380286,0.5238095238095238,0.5256734006734006,0.530123882138587
GF,A0,A0,0.1,relative10_shuffled,GF_A0,affine,L2,11,307,spike,0.4931506849315068,0.48047369297369286,0.46653031963667074,0.9965576592082617,0.996545584045584,0.9966520448207478,0.5160718910718911,0.5317460317460317,0.531986531986532,0.5376739205898798
GF,A0,A0,0.001,relative10_shuffled,GF_A0,no_bias,L2,11,401,spike,0.4794520547945205,0.4626547064047064,0.4524155182049919,0.9466437177280551,0.9430734432970299,0.9453219934228062,0.4804187368923235,0.47619047619047616,0.45427489177489183,0.45195990054958596
GF,A0,A0,0.001,relative10_shuffled,GF_A0,affine,L2,11,401,spike,0.541095890410959,0.5227543290043289,0.5100378806493358,0.9380378657487092,0.9301881926983069,0.9359126725903035,0.40743386369397794,0.5317460317460317,0.510918710918711,0.5006564708531318
GF,A0,A0,1.0,relative10_shuffled,GF_A0,no_bias,L2,11,503,spike,0.4931506849315068,0.482827589077589,0.47848931930304567,0.9982788296041308,0.9983974358974358,0.9983318319821173,0.5155698468198469,0.5,0.4825156325156326,0.48881253590837653
GF,A0,A0,0.01,relative10_shuffled,GF_A0,affine,L2,11,503,spike,0.5273972602739726,0.5114961427461427,0.5005534816901589,0.9862306368330465,0.9858084203261308,0.9866612957240264,0.47431227757998806,0.5079365079365079,0.4939574314574314,0.501619598787118
GF,A1,A1,0.01,whole_count,GF_A1,no_bias,L2,11,-1,spike,0.5547945205479452,0.5443716006216005,0.5437527922768198,0.9328743545611016,0.9314310829626175,0.9342964164941215,0.38705948234101695,0.5714285714285714,0.5588023088023087,0.5529361071027739
GF,A1,A1,0.1,whole_count,GF_A1,affine,L2,11,-1,spike,0.5684931506849316,0.5618298368298368,0.5543445971282456,0.9621342512908778,0.962225241933019,0.9634599635371502,0.40039540510318217,0.6031746031746031,0.5901575276575276,0.5945382014997711
GF,A1,A1,0.01,fixed250_ordered,GF_A1,no_bias,L2,11,-1,spike,0.6164383561643836,0.6037809412809413,0.6005739658954021,0.9827882960413081,0.982575431866542,0.9833594335691483,0.37879449058560066,0.6190476190476191,0.6076178451178451,0.6152303332738116
GF,A1,A1,0.1,fixed250_ordered,GF_A1,affine,L2,11,-1,spike,0.5821917808219178,0.5721611721611721,0.5721340743466355,0.9965576592082617,0.996545584045584,0.9966520448207478,0.4243844118844119,0.626984126984127,0.6125481000481,0.6245382210855356
GF,A1,A1,10.0,fixed250_shuffled,GF_A1,no_bias,L2,11,101,spike,0.5,0.4862907925407925,0.478248457470611,0.9982788296041308,0.9983974358974358,0.9983318319821173,0.5121066433566432,0.5158730158730159,0.5209114959114959,0.5309090255557647
GF,A1,A1,1.0,fixed250_shuffled,GF_A1,affine,L2,11,101,spike,0.5,0.48344988344988343,0.4742360837296795,1.0,1.0,1.0,0.5165501165501165,0.5396825396825397,0.5324555074555074,0.5504664777299049
GF,A1,A1,10.0,fixed250_shuffled,GF_A1,no_bias,L2,11,211,spike,0.4794520547945205,0.4736666111666112,0.47402009702283704,0.9982788296041308,0.9983974358974358,0.9983318319821173,0.5247308247308247,0.5476190476190477,0.542598605098605,0.5615502815391203
GF,A1,A1,1.0,fixed250_shuffled,GF_A1,affine,L2,11,211,spike,0.4452054794520548,0.4375825563325563,0.4381616921090605,1.0,1.0,1.0,0.5624174436674436,0.5158730158730159,0.5125120250120251,0.5185565174647936
GF,A1,A1,10.0,fixed250_shuffled,GF_A1,no_bias,L2,11,307,spike,0.4589041095890411,0.4519612332112332,0.4489191194185535,0.9982788296041308,0.9983974358974358,0.9983318319821173,0.5464362026862026,0.5396825396825397,0.528457190957191,0.5338681299755039
GF,A1,A1,0.1,fixed250_shuffled,GF_A1,affine,L2,11,307,spike,0.5068493150684932,0.4997134809634809,0.4926463530700631,0.9982788296041308,0.9983974358974358,0.9983818770226538,0.4986839549339549,0.5317460317460317,0.5202501202501203,0.5305431398103811
GF,A1,A1,10.0,fixed250_shuffled,GF_A1,no_bias,L2,11,401,spike,0.5136986301369864,0.5118818681318681,0.5010976849996814,0.9982788296041308,0.9983974358974358,0.9983318319821173,0.4865155677655677,0.5158730158730159,0.5111592111592111,0.532178083265678
GF,A1,A1,1.0,fixed250_shuffled,GF_A1,affine,L2,11,401,spike,0.5342465753424658,0.5330620768120767,0.5293528507800606,1.0,1.0,1.0,0.46693792318792327,0.5158730158730159,0.5082190957190956,0.531335341044603
GF,A1,A1,1.0,fixed250_shuffled,GF_A1,no_bias,L2,11,503,spike,0.5273972602739726,0.5190358252858253,0.5219989743898662,0.9982788296041308,0.9983974358974358,0.9983318319821173,0.47936161061161053,0.5555555555555556,0.5534872534872535,0.5699987210856775
GF,A1,A1,0.01,fixed250_shuffled,GF_A1,affine,L2,11,503,spike,0.5547945205479452,0.539197607947608,0.533904802926542,0.9827882960413081,0.9826662089181033,0.9836573041706345,0.44346860097049534,0.5555555555555556,0.5407467532467533,0.5499353002070394
GF,A1,A1,0.001,relative10_ordered,GF_A1,no_bias,L2,11,-1,spike,0.684931506849315,0.6736742424242425,0.6685509360543215,0.9500860585197934,0.949520031735715,0.951766635464482,0.2758457893114725,0.6904761904761905,0.6781565656565656,0.6872890394629524
GF,A1,A1,0.01,relative10_ordered,GF_A1,affine,L2,11,-1,spike,0.684931506849315,0.6659632034632034,0.6608607862291005,0.9862306368330465,0.9857769975005901,0.9865359030697315,0.31981379403738674,0.6666666666666666,0.6506794131794131,0.6624470457079152
GF,A1,A1,10.0,relative10_shuffled,GF_A1,no_bias,L2,11,101,spike,0.5342465753424658,0.5230783105783104,0.5218315541141627,0.9982788296041308,0.9983974358974358,0.9983318319821173,0.47531912531912535,0.5238095238095238,0.5179353054353055,0.5294162347089194
GF,A1,A1,0.01,relative10_shuffled,GF_A1,affine,L2,11,101,spike,0.5547945205479452,0.5454587079587079,0.5422065005185209,0.9810671256454389,0.9809378823673575,0.9818925516912036,0.4354791744086496,0.5476190476190477,0.5345658970658971,0.5336476411935199
GF,A1,A1,0.1,relative10_shuffled,GF_A1,no_bias,L2,11,211,spike,0.4931506849315068,0.4847485847485847,0.47119096369096364,0.9982788296041308,0.9983974358974358,0.9983318319821173,0.5136488511488511,0.5238095238095238,0.513936988936989,0.513686005352672
GF,A1,A1,10.0,relative10_shuffled,GF_A1,affine,L2,11,211,spike,0.4863013698630137,0.47794150294150284,0.4682754419021365,1.0,1.0,1.0,0.5220584970584972,0.5396825396825397,0.5272005772005771,0.5299409332497568
GF,A1,A1,0.1,relative10_shuffled,GF_A1,no_bias,L2,11,307,spike,0.4863013698630137,0.4766046453546453,0.46685246518807677,0.9982788296041308,0.9983974358974358,0.9983318319821173,0.5217927905427905,0.5238095238095238,0.5236531986531986,0.527664938450258
GF,A1,A1,0.01,relative10_shuffled,GF_A1,affine,L2,11,307,spike,0.541095890410959,0.5216672216672216,0.5097509704417599,0.9827882960413081,0.982571869295462,0.983458129135571,0.46090464762824046,0.5396825396825397,0.533044733044733,0.5341450869392045
GF,A1,A1,0.001,relative10_shuffled,GF_A1,no_bias,L2,11,401,spike,0.4863013698630137,0.4730713730713731,0.46796598081427804,0.9466437177280551,0.9430734432970299,0.9458612989598532,0.4700020702256568,0.46825396825396826,0.44733044733044736,0.4467190685846161
GF,A1,A1,0.001,relative10_shuffled,GF_A1,affine,L2,11,401,spike,0.547945205479452,0.5296987734487734,0.5173646912656201,0.9380378657487092,0.9301881926983069,0.9359126725903035,0.4004894192495335,0.5238095238095238,0.5016594516594517,0.4918559848467634
GF,A1,A1,1.0,relative10_shuffled,GF_A1,no_bias,L2,11,503,spike,0.4931506849315068,0.482827589077589,0.48078865040672447,0.9982788296041308,0.9983974358974358,0.9983318319821173,0.5155698468198469,0.5079365079365079,0.4958092833092833,0.5065198665856561
GF,A1,A1,0.01,relative10_shuffled,GF_A1,affine,L2,11,503,spike,0.541095890410959,0.5250242812742812,0.5143560807619705,0.9862306368330465,0.9858084203261308,0.9866612957240264,0.46078413905184956,0.5158730158730159,0.5022907647907647,0.5088525831940155
GF,A2,A2,0.01,whole_count,GF_A2,no_bias,L2,11,-1,spike,0.547945205479452,0.5384192196692196,0.5380396856865203,0.9294320137693631,0.9282247689904878,0.9311997126334265,0.3898055493212682,0.5714285714285714,0.5588023088023087,0.5529361071027739
GF,A2,A2,0.1,whole_count,GF_A2,affine,L2,11,-1,spike,0.5684931506849316,0.5618298368298368,0.5558333208228516,0.9621342512908778,0.962165887706998,0.9635092758502007,0.4003360508771612,0.6031746031746031,0.5901575276575276,0.5939338058953755
GF,A2,A2,0.1,fixed250_ordered,GF_A2,no_bias,L2,11,-1,spike,0.6027397260273972,0.5918761793761793,0.5905537401573198,0.9982788296041308,0.9983974358974358,0.9983318319821173,0.4065212565212565,0.626984126984127,0.6159511784511784,0.6266842425309246
GF,A2,A2,0.1,fixed250_ordered,GF_A2,affine,L2,11,-1,spike,0.589041095890411,0.5797369297369297,0.576584469380522,0.9965576592082617,0.996545584045584,0.9966520448207478,0.4168086543086543,0.6349206349206349,0.6208814333814333,0.6297274127735832
GF,A2,A2,10.0,fixed250_shuffled,GF_A2,no_bias,L2,11,101,spike,0.4931506849315068,0.4803384115884115,0.4721484735319729,0.9982788296041308,0.9983974358974358,0.9983318319821173,0.5180590243090243,0.5238095238095238,0.5308020683020682,0.5385998725791823
GF,A2,A2,1.0,fixed250_shuffled,GF_A2,affine,L2,11,101,spike,0.4863013698630137,0.47154512154512146,0.4664585822674057,1.0,1.0,1.0,0.5284548784548786,0.5476190476190477,0.5417147667147667,0.5611415955714201
GF,A2,A2,0.001,fixed250_shuffled,GF_A2,no_bias,L2,11,211,spike,0.547945205479452,0.5305035242535242,0.5254864641348155,0.9208261617900172,0.9166209425348241,0.9206834467563465,0.38611741828129986,0.5476190476190477,0.5309944684944686,0.5337710575928967
GF,A2,A2,0.1,fixed250_shuffled,GF_A2,affine,L2,11,211,spike,0.5068493150684932,0.4933934121434121,0.48826768058666586,0.9982788296041308,0.9983974358974358,0.9983818770226538,0.5050040237540236,0.5079365079365079,0.5012325637325638,0.5031386908603728
GF,A2,A2,100.0,fixed250_shuffled,GF_A2,no_bias,L2,11,307,spike,0.4520547945205479,0.4493076368076368,0.4395626392765815,0.9982788296041308,0.9983974358974358,0.9983318319821173,0.5490897990897989,0.5238095238095238,0.5251202501202502,0.5270007961387272
GF,A2,A2,0.1,fixed250_shuffled,GF_A2,affine,L2,11,307,spike,0.5068493150684932,0.4997134809634809,0.4914316673726189,0.9982788296041308,0.9983974358974358,0.9983818770226538,0.4986839549339549,0.5238095238095238,0.5133056758056759,0.5200696626702374
GF,A2,A2,0.01,fixed250_shuffled,GF_A2,no_bias,L2,11,401,spike,0.5684931506849316,0.5615821678321679,0.550419421174939,0.9862306368330465,0.987207352704023,0.9865607874926261,0.4256251848718552,0.5238095238095238,0.5059944684944685,0.5202383606731433
GF,A2,A2,10.0,fixed250_shuffled,GF_A2,affine,L2,11,401,spike,0.5068493150684932,0.5036248473748474,0.4909230155706916,1.0,1.0,1.0,0.49637515262515264,0.5158730158730159,0.5127164502164502,0.5333724770321325
GF,A2,A2,100.0,fixed250_shuffled,GF_A2,no_bias,L2,11,503,spike,0.4794520547945205,0.4747308247308247,0.47403907740357165,0.9982788296041308,0.9983974358974358,0.9983318319821173,0.5236666111666111,0.5555555555555556,0.552068302068302,0.5547743989772975
GF,A2,A2,0.01,fixed250_shuffled,GF_A2,affine,L2,11,503,spike,0.5616438356164384,0.5451499888999889,0.5392008108365656,0.9827882960413081,0.9826662089181033,0.9836573041706345,0.4375162200181144,0.5714285714285714,0.556950456950457,0.5669882880688507
GF,A2,A2,0.001,relative10_ordered,GF_A2,no_bias,L2,11,-1,spike,0.684931506849315,0.6736742424242425,0.6685509360543215,0.9483648881239243,0.9478860448076104,0.9501571365077147,0.27421180238336795,0.6904761904761905,0.6781565656565656,0.6872890394629524
GF,A2,A2,0.01,relative10_ordered,GF_A2,affine,L2,11,-1,spike,0.684931506849315,0.666955266955267,0.6624628753311895,0.9862306368330465,0.9857769975005901,0.9865359030697315,0.31882173054532315,0.6746031746031746,0.6599386724386724,0.6710581568190263
GF,A2,A2,0.01,relative10_shuffled,GF_A2,no_bias,L2,11,101,spike,0.5342465753424658,0.5256937506937506,0.5198987354159766,0.9845094664371773,0.984207113136588,0.9848008166542206,0.45851336244283747,0.5238095238095238,0.5114177489177489,0.5125215875215875
GF,A2,A2,0.01,relative10_shuffled,GF_A2,affine,L2,11,101,spike,0.5547945205479452,0.5454587079587079,0.5422065005185209,0.9810671256454389,0.9809378823673575,0.9819729492381124,0.4354791744086496,0.5476190476190477,0.5345658970658971,0.5336476411935199
GF,A2,A2,1.0,relative10_shuffled,GF_A2,no_bias,L2,11,211,spike,0.5068493150684932,0.49764541014541,0.488321014954956,0.9982788296041308,0.9983974358974358,0.9983318319821173,0.5007520257520257,0.5396825396825397,0.5287518037518039,0.5422664526831193
GF,A2,A2,0.01,relative10_shuffled,GF_A2,affine,L2,11,211,spike,0.541095890410959,0.5304043179043179,0.5127033541382713,0.9862306368330465,0.9858084203261308,0.9866061765609532,0.45540410242181295,0.5634920634920635,0.5471079846079846,0.535925931627686
GF,A2,A2,0.1,relative10_shuffled,GF_A2,no_bias,L2,11,307,spike,0.4931506849315068,0.48255702630702624,0.471863595986314,0.9982788296041308,0.9983974358974358,0.9983318319821173,0.5158404095904096,0.5238095238095238,0.5256734006734006,0.530123882138587
GF,A2,A2,0.01,relative10_shuffled,GF_A2,affine,L2,11,307,spike,0.541095890410959,0.5240481740481739,0.5117450599435892,0.9827882960413081,0.982571869295462,0.983458129135571,0.4585236952472881,0.5396825396825397,0.533044733044733,0.5359712126464045
GF,A2,A2,0.001,relative10_shuffled,GF_A2,no_bias,L2,11,401,spike,0.4726027397260274,0.45507894882894884,0.4450522970130814,0.9466437177280551,0.9430734432970299,0.9458612989598532,0.4879944944680811,0.46825396825396826,0.44733044733044736,0.4467190685846161
GF,A2,A2,0.001,relative10_shuffled,GF_A2,affine,L2,11,401,spike,0.5342465753424658,0.5151785714285714,0.5026344990068236,0.9380378657487092,0.9301881926983069,0.9359126725903035,0.4150096212697355,0.5238095238095238,0.5016594516594517,0.4918559848467634
GF,A2,A2,1.0,relative10_shuffled,GF_A2,no_bias,L2,11,503,spike,0.4931506849315068,0.4852085414585414,0.47915716620179233,0.9982788296041308,0.9983974358974358,0.9983318319821173,0.5131888944388944,0.5,0.48158970658970673,0.48743001320232443
GF,A2,A2,0.1,relative10_shuffled,GF_A2,affine,L2,11,503,spike,0.5136986301369864,0.4941371128871128,0.48361248813703916,0.9965576592082617,0.996545584045584,0.9966520448207478,0.5024084711584712,0.5079365079365079,0.4882395382395382,0.4925377360159969
GF,A3,A3__shuffle101,0.01,whole_count,GF_A3__shuffle101,no_bias,L2,11,-1,spike,0.541095890410959,0.5314747752247752,0.5311472317352427,0.9311531841652324,0.9298587559185924,0.9328033900010951,0.3983839806938172,0.5634920634920635,0.5504689754689754,0.5460442335442336
GF,A3,A3__shuffle101,0.1,whole_count,GF_A3__shuffle101,affine,L2,11,-1,spike,0.5616438356164384,0.5542540792540792,0.548159948443597,0.9621342512908778,0.962165887706998,0.9635092758502007,0.40791180845291874,0.6031746031746031,0.5901575276575276,0.5945382014997711
GF,A3,A3__shuffle101,0.01,fixed250_ordered,GF_A3__shuffle101,no_bias,L2,11,-1,spike,0.6027397260273972,0.5908841158841158,0.5885024258180821,0.9827882960413081,0.982575431866542,0.9833594335691483,0.3916913159824261,0.6428571428571429,0.6327861952861952,0.6384340701923822
GF,A3,A3__shuffle101,0.1,fixed250_ordered,GF_A3__shuffle101,affine,L2,11,-1,spike,0.589041095890411,0.5791056166056167,0.5743042128096475,0.9965576592082617,0.996545584045584,0.9966520448207478,0.41743996743996736,0.6428571428571429,0.6292147667147667,0.6371670263001533
GF,A3,A3__shuffle101,10.0,fixed250_shuffled,GF_A3__shuffle101,no_bias,L2,11,101,spike,0.4863013698630137,0.472762654012654,0.46034456652355127,0.9982788296041308,0.9983974358974358,0.9983318319821173,0.5256347818847817,0.5238095238095238,0.5242845117845117,0.5301409921329326
GF,A3,A3__shuffle101,10.0,fixed250_shuffled,GF_A3__shuffle101,affine,L2,11,101,spike,0.4794520547945205,0.4652951215451215,0.4604839051945313,1.0,1.0,1.0,0.5347048784548785,0.5317460317460317,0.5290824915824915,0.5497247820617387
GF,A3,A3__shuffle101,10.0,fixed250_shuffled,GF_A3__shuffle101,no_bias,L2,11,211,spike,0.4657534246575342,0.4612276612276612,0.4617510091754539,0.9982788296041308,0.9983974358974358,0.9983318319821173,0.5371697746697746,0.5396825396825397,0.5342652717652717,0.548535295442697
GF,A3,A3__shuffle101,1.0,fixed250_shuffled,GF_A3__shuffle101,affine,L2,11,211,spike,0.4452054794520548,0.4375825563325563,0.4381616921090605,1.0,1.0,1.0,0.5624174436674436,0.5158730158730159,0.5139009139009139,0.5180941175458719
GF,A3,A3__shuffle101,0.01,fixed250_shuffled,GF_A3__shuffle101,no_bias,L2,11,307,spike,0.5205479452054794,0.5083714896214896,0.4918599501203991,0.9879518072289156,0.9887180198639688,0.9886641270506278,0.4803465302424792,0.5317460317460317,0.5140271765271766,0.5155328237985439
GF,A3,A3__shuffle101,0.1,fixed250_shuffled,GF_A3__shuffle101,affine,L2,11,307,spike,0.5068493150684932,0.4997134809634809,0.4905258702711695,0.9982788296041308,0.9983974358974358,0.9983818770226538,0.4986839549339549,0.5317460317460317,0.5202501202501203,0.5305431398103811
GF,A3,A3__shuffle101,0.01,fixed250_shuffled,GF_A3__shuffle101,no_bias,L2,11,401,spike,0.5753424657534246,0.5675345487845488,0.5558598732178252,0.9862306368330465,0.987207352704023,0.9865607874926261,0.41967280391947426,0.5317460317460317,0.5129389129389129,0.5234246087401767
GF,A3,A3__shuffle101,0.1,fixed250_shuffled,GF_A3__shuffle101,affine,L2,11,401,spike,0.5684931506849316,0.5621142746142745,0.5591156397399949,0.9982788296041308,0.9983974358974358,0.9983818770226538,0.43628316128316125,0.5238095238095238,0.5137746512746512,0.5286636097820309
GF,A3,A3__shuffle101,1.0,fixed250_shuffled,GF_A3__shuffle101,no_bias,L2,11,503,spike,0.5205479452054794,0.5086191586191586,0.5128498583670997,0.9982788296041308,0.9983974358974358,0.9983318319821173,0.48977827727827716,0.5634920634920635,0.561063011063011,0.573999994258615
GF,A3,A3__shuffle101,0.01,fixed250_shuffled,GF_A3__shuffle101,affine,L2,11,503,spike,0.5684931506849316,0.5511023698523698,0.545855378289681,0.9827882960413081,0.9826662089181033,0.9836573041706345,0.4315638390657335,0.5714285714285714,0.556950456950457,0.5669392684610076
GF,A3,A3__shuffle101,0.001,relative10_ordered,GF_A3__shuffle101,no_bias,L2,11,-1,spike,0.684931506849315,0.6736742424242425,0.6685509360543215,0.9500860585197934,0.949520031735715,0.951766635464482,0.2758457893114725,0.6904761904761905,0.6781565656565656,0.6872890394629524
GF,A3,A3__shuffle101,0.01,relative10_ordered,GF_A3__shuffle101,affine,L2,11,-1,spike,0.678082191780822,0.6593795093795093,0.6555616353030146,0.9862306368330465,0.9857769975005901,0.9865359030697315,0.3263974881210808,0.6746031746031746,0.6599386724386724,0.6710581568190263
GF,A3,A3__shuffle101,0.01,relative10_shuffled,GF_A3__shuffle101,no_bias,L2,11,101,spike,0.5205479452054794,0.5137889887889887,0.5099179044096737,0.9845094664371773,0.984207113136588,0.9848008166542206,0.47041812434759933,0.5238095238095238,0.5114177489177489,0.5107448107448108
GF,A3,A3__shuffle101,0.01,relative10_shuffled,GF_A3__shuffle101,affine,L2,11,101,spike,0.547945205479452,0.5378829503829504,0.5354154215138197,0.9810671256454389,0.9809378823673575,0.9818925516912036,0.44305493198440704,0.5476190476190477,0.5345658970658971,0.532929277431678
GF,A3,A3__shuffle101,1.0,relative10_shuffled,GF_A3__shuffle101,no_bias,L2,11,211,spike,0.5136986301369864,0.5045898545898545,0.4951672003960334,0.9982788296041308,0.9983974358974358,0.9983318319821173,0.4938075813075813,0.5317460317460317,0.5218073593073592,0.5369090309851179
GF,A3,A3__shuffle101,0.01,relative10_shuffled,GF_A3__shuffle101,affine,L2,11,211,spike,0.541095890410959,0.5294122544122544,0.5149811720911465,0.9862306368330465,0.9858084203261308,0.9866612957240264,0.45639616591387644,0.5634920634920635,0.5471079846079846,0.535925931627686
GF,A3,A3__shuffle101,1.0,relative10_shuffled,GF_A3__shuffle101,no_bias,L2,11,307,spike,0.4726027397260274,0.46370781995781996,0.45101761360755704,0.9982788296041308,0.9983974358974358,0.9983318319821173,0.5346896159396158,0.5158730158730159,0.5179713804713805,0.5286003457430747
GF,A3,A3__shuffle101,0.1,relative10_shuffled,GF_A3__shuffle101,affine,L2,11,307,spike,0.5,0.4864260739260739,0.4724222897052113,0.9965576592082617,0.996545584045584,0.9966520448207478,0.5101195101195102,0.5317460317460317,0.531986531986532,0.5363581311161957
GF,A3,A3__shuffle101,0.001,relative10_shuffled,GF_A3__shuffle101,no_bias,L2,11,401,spike,0.4726027397260274,0.45507894882894884,0.4442586462194305,0.9483648881239243,0.9448095544081411,0.947505628503281,0.48973060557919224,0.47619047619047616,0.45427489177489183,0.45195990054958596
GF,A3,A3__shuffle101,0.001,relative10_shuffled,GF_A3__shuffle101,affine,L2,11,401,spike,0.5342465753424658,0.5151785714285714,0.5039267695382246,0.9380378657487092,0.9301881926983069,0.9359126725903035,0.4150096212697355,0.5396825396825397,0.5178631553631554,0.5083906756461601
GF,A3,A3__shuffle101,1.0,relative10_shuffled,GF_A3__shuffle101,no_bias,L2,11,503,spike,0.5,0.4892378454878454,0.48588146039971597,0.9982788296041308,0.9983974358974358,0.9983318319821173,0.5091595904095905,0.5079365079365079,0.48992303992304004,0.49408899431782727
GF,A3,A3__shuffle101,0.1,relative10_shuffled,GF_A3__shuffle101,affine,L2,11,503,spike,0.5273972602739726,0.5086573149073149,0.501187769793908,0.9965576592082617,0.996545584045584,0.9966520448207478,0.4878882691382691,0.5079365079365079,0.4868506493506493,0.4936947539846091
GF,A3,A3__shuffle211,0.1,whole_count,GF_A3__shuffle211,no_bias,L2,11,-1,spike,0.547945205479452,0.5449057886557886,0.5380002238704349,0.9604130808950087,0.9605319007788934,0.961554323617461,0.41562611212310474,0.5634920634920635,0.5568181818181818,0.558215477667232
GF,A3,A3__shuffle211,1.0,whole_count,GF_A3__shuffle211,affine,L2,11,-1,spike,0.5136986301369864,0.5119581807081807,0.5011953481089636,0.9896729776247849,0.9890776510953613,0.9897292086143588,0.4771194703871806,0.5952380952380952,0.5832130832130832,0.5929384351110022
GF,A3,A3__shuffle211,0.01,fixed250_ordered,GF_A3__shuffle211,no_bias,L2,11,-1,spike,0.6095890410958904,0.5968364968364968,0.5924937237372737,0.9827882960413081,0.982575431866542,0.9833594335691483,0.3857389350300452,0.6190476190476191,0.6099326599326599,0.6144938694597689
GF,A3,A3__shuffle211,0.1,fixed250_ordered,GF_A3__shuffle211,affine,L2,11,-1,spike,0.5958904109589042,0.5856893106893106,0.5823495007028289,0.9965576592082617,0.996545584045584,0.9966520448207478,0.4108562733562734,0.6349206349206349,0.6208814333814333,0.6298108559005046
GF,A3,A3__shuffle211,10.0,fixed250_shuffled,GF_A3__shuffle211,no_bias,L2,11,101,spike,0.4931506849315068,0.4803384115884115,0.47337396372805135,0.9982788296041308,0.9983974358974358,0.9983318319821173,0.5180590243090243,0.5158730158730159,0.5151936026936027,0.5331744204145997
GF,A3,A3__shuffle211,100.0,fixed250_shuffled,GF_A3__shuffle211,affine,L2,11,101,spike,0.4589041095890411,0.4512841325341324,0.4465936341657459,1.0,1.0,1.0,0.5487158674658676,0.5634920634920635,0.5698593073593073,0.5663402137315181
GF,A3,A3__shuffle211,0.001,fixed250_shuffled,GF_A3__shuffle211,no_bias,L2,11,211,spike,0.547945205479452,0.5305035242535242,0.5275618397396028,0.9242685025817556,0.9200753584892399,0.9240101924743965,0.38957183423571573,0.5555555555555556,0.537938912938913,0.5412385900604291
GF,A3,A3__shuffle211,100.0,fixed250_shuffled,GF_A3__shuffle211,affine,L2,11,211,spike,0.4794520547945205,0.47339604839604843,0.46940658623961706,1.0,1.0,1.0,0.5266039516039516,0.5317460317460317,0.5233225108225107,0.5393354143276744
GF,A3,A3__shuffle211,100.0,fixed250_shuffled,GF_A3__shuffle211,no_bias,L2,11,307,spike,0.4315068493150685,0.4326159951159951,0.4194577578823169,0.9982788296041308,0.9983974358974358,0.9983318319821173,0.5657814407814408,0.5079365079365079,0.5112313612313613,0.5133344463562249
GF,A3,A3__shuffle211,10.0,fixed250_shuffled,GF_A3__shuffle211,affine,L2,11,307,spike,0.4589041095890411,0.4557442557442557,0.44670554447430716,1.0,1.0,1.0,0.5442557442557443,0.5158730158730159,0.5040524290524291,0.5083512885376067
GF,A3,A3__shuffle211,0.01,fixed250_shuffled,GF_A3__shuffle211,no_bias,L2,11,401,spike,0.5753424657534246,0.5675345487845488,0.5558598732178252,0.9862306368330465,0.987207352704023,0.9865607874926261,0.41967280391947426,0.5317460317460317,0.5129389129389129,0.5253086667111911
GF,A3,A3__shuffle211,0.1,fixed250_shuffled,GF_A3__shuffle211,affine,L2,11,401,spike,0.5547945205479452,0.5469627594627594,0.5398611197501807,0.9982788296041308,0.9983974358974358,0.9983818770226538,0.4514346764346764,0.5238095238095238,0.5137746512746513,0.5319925436968992
GF,A3,A3__shuffle211,0.1,fixed250_shuffled,GF_A3__shuffle211,no_bias,L2,11,503,spike,0.5342465753424658,0.5215159840159839,0.5216484557842104,0.9965576592082617,0.9967634489693312,0.9967130986802156,0.47524746495334735,0.5634920634920635,0.5546717171717171,0.56450874592608
GF,A3,A3__shuffle211,0.01,fixed250_shuffled,GF_A3__shuffle211,affine,L2,11,503,spike,0.5684931506849316,0.5511023698523698,0.545855378289681,0.9827882960413081,0.9826662089181033,0.9836573041706345,0.4315638390657335,0.5714285714285714,0.556950456950457,0.5669882880688507
GF,A3,A3__shuffle211,0.01,relative10_ordered,GF_A3__shuffle211,no_bias,L2,11,-1,spike,0.6575342465753424,0.6417478354978354,0.6352977562794025,0.9862306368330465,0.9857782544136118,0.9864226767548816,0.34403041891577635,0.6904761904761905,0.6787878787878787,0.6864065885805015
GF,A3,A3__shuffle211,0.01,relative10_ordered,GF_A3__shuffle211,affine,L2,11,-1,spike,0.678082191780822,0.6600108225108224,0.654402629289199,0.9862306368330465,0.9857769975005901,0.9865359030697315,0.3257661749897677,0.6746031746031746,0.6599386724386724,0.6710581568190263
GF,A3,A3__shuffle211,0.01,relative10_shuffled,GF_A3__shuffle211,no_bias,L2,11,101,spike,0.5342465753424658,0.5256937506937506,0.521021031801431,0.9845094664371773,0.984207113136588,0.9848008166542206,0.45851336244283747,0.5238095238095238,0.5114177489177489,0.5107448107448108
GF,A3,A3__shuffle211,0.01,relative10_shuffled,GF_A3__shuffle211,affine,L2,11,101,spike,0.5547945205479452,0.5454587079587079,0.5424399272225359,0.9810671256454389,0.9809378823673575,0.9819729492381124,0.4354791744086496,0.5476190476190477,0.5345658970658971,0.5336476411935199
GF,A3,A3__shuffle211,1.0,relative10_shuffled,GF_A3__shuffle211,no_bias,L2,11,211,spike,0.5068493150684932,0.49764541014541,0.48766549157853506,0.9982788296041308,0.9983974358974358,0.9983318319821173,0.5007520257520257,0.5317460317460317,0.5218073593073593,0.5342128382889252
GF,A3,A3__shuffle211,0.01,relative10_shuffled,GF_A3__shuffle211,affine,L2,11,211,spike,0.541095890410959,0.5304043179043179,0.5132546335225027,0.9862306368330465,0.9858084203261308,0.9866061765609532,0.45540410242181295,0.5714285714285714,0.5546837421837422,0.542322149980426
GF,A3,A3__shuffle211,0.1,relative10_shuffled,GF_A3__shuffle211,no_bias,L2,11,307,spike,0.4931506849315068,0.48255702630702624,0.4715685756573378,0.9982788296041308,0.9983974358974358,0.9983318319821173,0.5158404095904096,0.5238095238095238,0.5256734006734006,0.530123882138587
GF,A3,A3__shuffle211,0.01,relative10_shuffled,GF_A3__shuffle211,affine,L2,11,307,spike,0.541095890410959,0.5240481740481739,0.5117450599435892,0.9827882960413081,0.982571869295462,0.983458129135571,0.4585236952472881,0.5396825396825397,0.533044733044733,0.5359712126464045
GF,A3,A3__shuffle211,0.001,relative10_shuffled,GF_A3__shuffle211,no_bias,L2,11,401,spike,0.4794520547945205,0.4626547064047064,0.45448132114798784,0.9466437177280551,0.9430734432970299,0.9458612989598532,0.4804187368923235,0.4603174603174603,0.44038600288600294,0.43941901872363104
GF,A3,A3__shuffle211,0.001,relative10_shuffled,GF_A3__shuffle211,affine,L2,11,401,spike,0.5342465753424658,0.5151785714285714,0.5033088743615058,0.9380378657487092,0.9301881926983069,0.9359126725903035,0.4150096212697355,0.5317460317460317,0.5102873977873978,0.49846745937432213
GF,A3,A3__shuffle211,1.0,relative10_shuffled,GF_A3__shuffle211,no_bias,L2,11,503,spike,0.4931506849315068,0.4816620879120878,0.4757523124563288,0.9982788296041308,0.9983974358974358,0.9983318319821173,0.516735347985348,0.5,0.4825156325156326,0.4876701597660004
GF,A3,A3__shuffle211,1.0,relative10_shuffled,GF_A3__shuffle211,affine,L2,11,503,spike,0.4863013698630137,0.4677121489621489,0.4566645068605002,1.0,1.0,1.0,0.532287851037851,0.5,0.4845358345358346,0.492315556403085
GF,A3,A3__shuffle307,0.1,whole_count,GF_A3__shuffle307,no_bias,L2,11,-1,spike,0.5273972602739726,0.5219530469530469,0.5167469956943642,0.9604130808950087,0.9605319007788934,0.961554323617461,0.4385788538258465,0.5634920634920635,0.5563552188552189,0.562269533012567
GF,A3,A3__shuffle307,0.1,whole_count,GF_A3__shuffle307,affine,L2,11,-1,spike,0.5753424657534246,0.5677822177822177,0.5617225398381319,0.9621342512908778,0.962165887706998,0.9635092758502007,0.39438366992478024,0.5952380952380952,0.5832130832130832,0.5864080470538272
GF,A3,A3__shuffle307,0.1,fixed250_ordered,GF_A3__shuffle307,no_bias,L2,11,-1,spike,0.5958904109589042,0.5849317349317349,0.5823471530243965,0.9982788296041308,0.9983974358974358,0.9983318319821173,0.4134657009657009,0.626984126984127,0.6159511784511784,0.6266842425309246
GF,A3,A3__shuffle307,0.1,fixed250_ordered,GF_A3__shuffle307,affine,L2,11,-1,spike,0.589041095890411,0.5797369297369297,0.5738007056767668,0.9965576592082617,0.996545584045584,0.9966520448207478,0.4168086543086543,0.626984126984127,0.6133056758056757,0.6223341524391465
GF,A3,A3__shuffle307,1.0,fixed250_shuffled,GF_A3__shuffle307,no_bias,L2,11,101,spike,0.5,0.48882992007992004,0.48202825551761963,0.9982788296041308,0.9983974358974358,0.9983318319821173,0.5095675158175157,0.5317460317460317,0.5293771043771043,0.5447346269714691
GF,A3,A3__shuffle307,100.0,fixed250_shuffled,GF_A3__shuffle307,affine,L2,11,101,spike,0.4657534246575342,0.45624444999444996,0.44398697524831826,1.0,1.0,1.0,0.54375555000555,0.5238095238095238,0.534505772005772,0.525849899619832
GF,A3,A3__shuffle307,0.001,fixed250_shuffled,GF_A3__shuffle307,no_bias,L2,11,211,spike,0.547945205479452,0.5305035242535242,0.5282516616659839,0.9225473321858864,0.9182235066373882,0.9224512956981085,0.38771998238386396,0.5476190476190477,0.5309944684944686,0.5337710575928967
GF,A3,A3__shuffle307,0.1,fixed250_shuffled,GF_A3__shuffle307,affine,L2,11,211,spike,0.5068493150684932,0.4933934121434121,0.4882881508622807,0.9982788296041308,0.9983974358974358,0.9983818770226538,0.5050040237540236,0.5158730158730159,0.5081770081770082,0.5089584266801086
GF,A3,A3__shuffle307,0.01,fixed250_shuffled,GF_A3__shuffle307,no_bias,L2,11,307,spike,0.5136986301369864,0.5024191086691087,0.4875899360046499,0.9862306368330465,0.9869819087528576,0.9870225964748425,0.48456280008374897,0.5317460317460317,0.5140271765271766,0.5155328237985439
GF,A3,A3__shuffle307,0.1,fixed250_shuffled,GF_A3__shuffle307,affine,L2,11,307,spike,0.5068493150684932,0.4997134809634809,0.4905258702711695,0.9982788296041308,0.9983974358974358,0.9983818770226538,0.4986839549339549,0.5317460317460317,0.5202501202501203,0.5312601388607135
GF,A3,A3__shuffle307,0.01,fixed250_shuffled,GF_A3__shuffle307,no_bias,L2,11,401,spike,0.5753424657534246,0.5675345487845488,0.5558598732178252,0.9862306368330465,0.987207352704023,0.9865607874926261,0.41967280391947426,0.5317460317460317,0.5129389129389129,0.5253086667111911
GF,A3,A3__shuffle307,10.0,fixed250_shuffled,GF_A3__shuffle307,affine,L2,11,401,spike,0.5273972602739726,0.5238629426129425,0.5109161524265736,1.0,1.0,1.0,0.47613705738705747,0.5238095238095238,0.516089466089466,0.5350013076212475
GF,A3,A3__shuffle307,0.01,fixed250_shuffled,GF_A3__shuffle307,no_bias,L2,11,503,spike,0.547945205479452,0.5348706848706848,0.5342075691567275,0.9862306368330465,0.9872062328129662,0.9869727883220865,0.45233554794228137,0.5634920634920635,0.5490800865800866,0.5577231494351059
GF,A3,A3__shuffle307,0.01,fixed250_shuffled,GF_A3__shuffle307,affine,L2,11,503,spike,0.5616438356164384,0.5451499888999889,0.5392008108365656,0.9827882960413081,0.9826662089181033,0.9836573041706345,0.4375162200181144,0.5714285714285714,0.556950456950457,0.5669882880688507
GF,A3,A3__shuffle307,0.01,relative10_ordered,GF_A3__shuffle307,no_bias,L2,11,-1,spike,0.6643835616438356,0.6486922799422798,0.6426570636387099,0.9862306368330465,0.9857782544136118,0.9864226767548816,0.33708597447133193,0.6904761904761905,0.6787878787878787,0.6876951886009857
GF,A3,A3__shuffle307,0.01,relative10_ordered,GF_A3__shuffle307,affine,L2,11,-1,spike,0.678082191780822,0.6600108225108224,0.654402629289199,0.9862306368330465,0.9857769975005901,0.9865359030697315,0.3257661749897677,0.6746031746031746,0.6599386724386724,0.6710581568190263
GF,A3,A3__shuffle307,0.01,relative10_shuffled,GF_A3__shuffle307,no_bias,L2,11,101,spike,0.5273972602739726,0.5197413697413696,0.5135371085371084,0.9845094664371773,0.984207113136588,0.9848008166542206,0.4644657433952184,0.5238095238095238,0.5114177489177489,0.5125215875215875
GF,A3,A3__shuffle307,0.01,relative10_shuffled,GF_A3__shuffle307,affine,L2,11,101,spike,0.5547945205479452,0.5454587079587079,0.5424399272225359,0.9810671256454389,0.9809378823673575,0.9819729492381124,0.4354791744086496,0.5476190476190477,0.5345658970658971,0.5336476411935199
GF,A3,A3__shuffle307,0.1,relative10_shuffled,GF_A3__shuffle307,no_bias,L2,11,211,spike,0.5,0.4907009657009657,0.4769670672358299,0.9982788296041308,0.9983974358974358,0.9983318319821173,0.5076964701964701,0.5317460317460317,0.5231962481962482,0.522181290931291
GF,A3,A3__shuffle307,0.01,relative10_shuffled,GF_A3__shuffle307,affine,L2,11,211,spike,0.541095890410959,0.5294122544122544,0.5140962752443622,0.9862306368330465,0.9858084203261308,0.9866612957240264,0.45639616591387644,0.5634920634920635,0.5471079846079846,0.535925931627686
GF,A3,A3__shuffle307,0.1,relative10_shuffled,GF_A3__shuffle307,no_bias,L2,11,307,spike,0.4863013698630137,0.4766046453546453,0.46685246518807677,0.9982788296041308,0.9983974358974358,0.9983318319821173,0.5217927905427905,0.5238095238095238,0.5256734006734006,0.530123882138587
GF,A3,A3__shuffle307,0.01,relative10_shuffled,GF_A3__shuffle307,affine,L2,11,307,spike,0.5273972602739726,0.5097624597624597,0.4943981859713283,0.9827882960413081,0.982571869295462,0.983458129135571,0.4728094095330023,0.5396825396825397,0.533044733044733,0.5341450869392045
GF,A3,A3__shuffle307,0.001,relative10_shuffled,GF_A3__shuffle307,no_bias,L2,11,401,spike,0.4726027397260274,0.45507894882894884,0.44452569560928706,0.9466437177280551,0.9430734432970299,0.9458612989598532,0.4879944944680811,0.46825396825396826,0.4466991341991342,0.4450797331771319
GF,A3,A3__shuffle307,0.001,relative10_shuffled,GF_A3__shuffle307,affine,L2,11,401,spike,0.5342465753424658,0.5158098845598845,0.5029595618382804,0.9380378657487092,0.9301881926983069,0.9359126725903035,0.41437830813842236,0.5317460317460317,0.510918710918711,0.5006564708531318
GF,A3,A3__shuffle307,1.0,relative10_shuffled,GF_A3__shuffle307,no_bias,L2,11,503,spike,0.5068493150684932,0.4985632423132422,0.4966398883505483,0.9982788296041308,0.9983974358974358,0.9983318319821173,0.49983419358419356,0.5079365079365079,0.4908489658489659,0.4976482671705784
GF,A3,A3__shuffle307,0.1,relative10_shuffled,GF_A3__shuffle307,affine,L2,11,503,spike,0.5342465753424658,0.5150675713175713,0.5082569422984665,0.9965576592082617,0.996545584045584,0.9966520448207478,0.4814780127280127,0.5079365079365079,0.4882395382395382,0.49480049606861204
GF,A3,A3__shuffle401,0.1,whole_count,GF_A3__shuffle401,no_bias,L2,11,-1,spike,0.541095890410959,0.534489121989122,0.527130901545163,0.9604130808950087,0.9605319007788934,0.961554323617461,0.42604277878977137,0.5793650793650794,0.5716329966329967,0.5750944193023656
GF,A3,A3__shuffle401,0.1,whole_count,GF_A3__shuffle401,affine,L2,11,-1,spike,0.5753424657534246,0.5661588411588411,0.559346821103305,0.9621342512908778,0.962165887706998,0.9635092758502007,0.3960070465481569,0.6031746031746031,0.5901575276575276,0.5945382014997711
GF,A3,A3__shuffle401,0.01,fixed250_ordered,GF_A3__shuffle401,no_bias,L2,11,-1,spike,0.6095890410958904,0.5968364968364968,0.5938131828188297,0.9827882960413081,0.982575431866542,0.9833594335691483,0.3857389350300452,0.6428571428571429,0.6321548821548821,0.6383531696538158
GF,A3,A3__shuffle401,0.1,fixed250_ordered,GF_A3__shuffle401,affine,L2,11,-1,spike,0.589041095890411,0.5797369297369297,0.5744391216082392,0.9965576592082617,0.996545584045584,0.9966520448207478,0.4168086543086543,0.6349206349206349,0.6208814333814333,0.6303541035025758
GF,A3,A3__shuffle401,10.0,fixed250_shuffled,GF_A3__shuffle401,no_bias,L2,11,101,spike,0.4863013698630137,0.47276265401265394,0.4626368392601085,0.9982788296041308,0.9983974358974358,0.9983318319821173,0.5256347818847819,0.5238095238095238,0.5242845117845117,0.5356587615283267
GF,A3,A3__shuffle401,100.0,fixed250_shuffled,GF_A3__shuffle401,affine,L2,11,101,spike,0.4589041095890411,0.4486686924186924,0.43532081916490517,1.0,1.0,1.0,0.5513313075813076,0.5476190476190477,0.5593734968734969,0.5542218363274012
GF,A3,A3__shuffle401,10.0,fixed250_shuffled,GF_A3__shuffle401,no_bias,L2,11,211,spike,0.4863013698630137,0.4800768675768676,0.476818912608636,0.9982788296041308,0.9983974358974358,0.9983318319821173,0.5183205683205682,0.5317460317460317,0.5273208273208273,0.5498739503673714
GF,A3,A3__shuffle401,0.1,fixed250_shuffled,GF_A3__shuffle401,affine,L2,11,211,spike,0.5068493150684932,0.4933934121434121,0.48859381910658994,0.9982788296041308,0.9983974358974358,0.9983818770226538,0.5050040237540236,0.5158730158730159,0.5081770081770082,0.5096172971306457
GF,A3,A3__shuffle401,0.01,fixed250_shuffled,GF_A3__shuffle401,no_bias,L2,11,307,spike,0.5205479452054794,0.5083714896214896,0.4918599501203991,0.9862306368330465,0.9869819087528576,0.9870225964748425,0.47861041913136804,0.5317460317460317,0.5140271765271766,0.5155328237985439
GF,A3,A3__shuffle401,100.0,fixed250_shuffled,GF_A3__shuffle401,affine,L2,11,307,spike,0.4589041095890411,0.45150335775335776,0.4446848328794408,1.0,1.0,1.0,0.5484966422466422,0.5238095238095238,0.5190656565656565,0.5257350219095661
GF,A3,A3__shuffle401,0.01,fixed250_shuffled,GF_A3__shuffle401,no_bias,L2,11,401,spike,0.5684931506849316,0.5615821678321679,0.5497169073145304,0.9862306368330465,0.987207352704023,0.9865607874926261,0.4256251848718552,0.5317460317460317,0.5129389129389129,0.5253086667111911
GF,A3,A3__shuffle401,0.01,fixed250_shuffled,GF_A3__shuffle401,affine,L2,11,401,spike,0.5684931506849316,0.5567189754689754,0.5465416065416066,0.9810671256454389,0.9813419838563645,0.9822363854852116,0.4246230083873891,0.5317460317460317,0.5143278018278018,0.5272521209440714
GF,A3,A3__shuffle401,0.01,fixed250_shuffled,GF_A3__shuffle401,no_bias,L2,11,503,spike,0.5616438356164384,0.5467754467754468,0.5452564963005465,0.9862306368330465,0.9872062328129662,0.9869727883220865,0.4404307860375194,0.5634920634920635,0.5490800865800866,0.5572541739661305
GF,A3,A3__shuffle401,0.01,fixed250_shuffled,GF_A3__shuffle401,affine,L2,11,503,spike,0.5684931506849316,0.5511023698523698,0.545855378289681,0.9827882960413081,0.9826662089181033,0.9836573041706345,0.4315638390657335,0.5714285714285714,0.556950456950457,0.5669882880688507
GF,A3,A3__shuffle401,0.01,relative10_ordered,GF_A3__shuffle401,no_bias,L2,11,-1,spike,0.6575342465753424,0.6417478354978354,0.6352977562794025,0.9862306368330465,0.9857782544136118,0.9864226767548816,0.34403041891577635,0.6825396825396826,0.6718434343434344,0.6806120359109489
GF,A3,A3__shuffle401,0.01,relative10_ordered,GF_A3__shuffle401,affine,L2,11,-1,spike,0.6712328767123288,0.6524350649350649,0.6474080185794181,0.9862306368330465,0.9857769975005901,0.9865359030697315,0.33334193256552525,0.6825396825396826,0.6668831168831169,0.6762862691443253
GF,A3,A3__shuffle401,0.01,relative10_shuffled,GF_A3__shuffle401,no_bias,L2,11,101,spike,0.5273972602739726,0.5197413697413696,0.5167535017625124,0.9845094664371773,0.984207113136588,0.9848008166542206,0.4644657433952184,0.5238095238095238,0.5114177489177489,0.5125215875215875
GF,A3,A3__shuffle401,0.001,relative10_shuffled,GF_A3__shuffle401,affine,L2,11,101,spike,0.541095890410959,0.5255432067932068,0.5201144754320626,0.9432013769363167,0.9384070298149935,0.9430394720419303,0.4128638230217867,0.5476190476190477,0.5303631553631554,0.5169992567818655
GF,A3,A3__shuffle401,0.001,relative10_shuffled,GF_A3__shuffle401,no_bias,L2,11,211,spike,0.5136986301369864,0.5045898545898545,0.4931772181772182,0.9535283993115319,0.9533215328903886,0.954500648764499,0.44873167830053406,0.5317460317460317,0.5146584896584896,0.5107553418738552
GF,A3,A3__shuffle401,0.01,relative10_shuffled,GF_A3__shuffle401,affine,L2,11,211,spike,0.541095890410959,0.5304043179043179,0.5127033541382713,0.9862306368330465,0.9858084203261308,0.9866061765609532,0.45540410242181295,0.5634920634920635,0.5471079846079846,0.535925931627686
GF,A3,A3__shuffle401,1.0,relative10_shuffled,GF_A3__shuffle401,no_bias,L2,11,307,spike,0.4794520547945205,0.47128357753357747,0.45903751529937487,0.9982788296041308,0.9983974358974358,0.9983318319821173,0.5271138583638584,0.5158730158730159,0.5179713804713805,0.5296981193534891
GF,A3,A3__shuffle401,0.01,relative10_shuffled,GF_A3__shuffle401,affine,L2,11,307,spike,0.541095890410959,0.5240481740481739,0.5125667219417219,0.9827882960413081,0.982571869295462,0.983458129135571,0.4585236952472881,0.5396825396825397,0.533044733044733,0.5359712126464045
GF,A3,A3__shuffle401,0.001,relative10_shuffled,GF_A3__shuffle401,no_bias,L2,11,401,spike,0.4794520547945205,0.4626547064047064,0.4529170626963062,0.9466437177280551,0.9430734432970299,0.9458612989598532,0.4804187368923235,0.48412698412698413,0.46121933621933625,0.4600407086303941
GF,A3,A3__shuffle401,0.001,relative10_shuffled,GF_A3__shuffle401,affine,L2,11,401,spike,0.547945205479452,0.5296987734487734,0.5171746327860879,0.9380378657487092,0.9301881926983069,0.9359126725903035,0.4004894192495335,0.5238095238095238,0.5016594516594517,0.49171275753729743
GF,A3,A3__shuffle401,1.0,relative10_shuffled,GF_A3__shuffle401,no_bias,L2,11,503,spike,0.5068493150684932,0.4975711788211788,0.4914019335087632,0.9982788296041308,0.9983974358974358,0.9983318319821173,0.5008262570762569,0.5158730158730159,0.49779341029341034,0.5030703678825342
GF,A3,A3__shuffle401,0.1,relative10_shuffled,GF_A3__shuffle401,affine,L2,11,503,spike,0.5068493150684932,0.49056568431568426,0.48116563792097633,0.9965576592082617,0.996545584045584,0.9966520448207478,0.5059798997298998,0.5238095238095238,0.503517316017316,0.5076959808843867
GF,A3,A3__shuffle503,0.1,whole_count,GF_A3__shuffle503,no_bias,L2,11,-1,spike,0.5273972602739726,0.5209609834609834,0.5151379085589611,0.9604130808950087,0.9605319007788934,0.961554323617461,0.43957091731791,0.5714285714285714,0.5646885521885522,0.5685007043753174
GF,A3,A3__shuffle503,0.1,whole_count,GF_A3__shuffle503,affine,L2,11,-1,spike,0.5753424657534246,0.5677822177822177,0.5612839433469037,0.9621342512908778,0.962165887706998,0.9635092758502007,0.39438366992478024,0.5873015873015873,0.5762686387686388,0.5812493168950971
GF,A3,A3__shuffle503,0.1,fixed250_ordered,GF_A3__shuffle503,no_bias,L2,11,-1,spike,0.5958904109589042,0.5843004218004217,0.58062122445269,0.9982788296041308,0.9983974358974358,0.9983318319821173,0.41409701409701405,0.6190476190476191,0.608375420875421,0.6172906592242978
GF,A3,A3__shuffle503,0.1,fixed250_ordered,GF_A3__shuffle503,affine,L2,11,-1,spike,0.5958904109589042,0.5866813741813742,0.5820148791839967,0.9965576592082617,0.996545584045584,0.9966520448207478,0.4098642098642098,0.6349206349206349,0.6208814333814333,0.6298108559005046
GF,A3,A3__shuffle503,10.0,fixed250_shuffled,GF_A3__shuffle503,no_bias,L2,11,101,spike,0.4931506849315068,0.4787150349650349,0.4636825376364584,0.9982788296041308,0.9983974358974358,0.9983318319821173,0.5196824009324008,0.5238095238095238,0.5228956228956229,0.5338596805652432
GF,A3,A3__shuffle503,1.0,fixed250_shuffled,GF_A3__shuffle503,affine,L2,11,101,spike,0.5068493150684932,0.49148351648351646,0.48443970239717277,1.0,1.0,1.0,0.5085164835164835,0.5317460317460317,0.5241221741221741,0.5416150645020613
GF,A3,A3__shuffle503,10.0,fixed250_shuffled,GF_A3__shuffle503,no_bias,L2,11,211,spike,0.4931506849315068,0.4848637473637474,0.4792470407412936,0.9982788296041308,0.9983974358974358,0.9983318319821173,0.5135336885336884,0.5317460317460317,0.5273208273208273,0.5523953835772104
GF,A3,A3__shuffle503,0.1,fixed250_shuffled,GF_A3__shuffle503,affine,L2,11,211,spike,0.5068493150684932,0.4933934121434121,0.48848416998378297,0.9982788296041308,0.9983974358974358,0.9983818770226538,0.5050040237540236,0.5158730158730159,0.5081770081770082,0.5089584266801086
GF,A3,A3__shuffle503,0.01,fixed250_shuffled,GF_A3__shuffle503,no_bias,L2,11,307,spike,0.5205479452054794,0.5083714896214896,0.4916913746256852,0.9862306368330465,0.9869819087528576,0.9870225964748425,0.47861041913136804,0.5317460317460317,0.5140271765271766,0.5155328237985439
GF,A3,A3__shuffle503,0.1,fixed250_shuffled,GF_A3__shuffle503,affine,L2,11,307,spike,0.5068493150684932,0.4997134809634809,0.4915722019959121,0.9982788296041308,0.9983974358974358,0.9983818770226538,0.4986839549339549,0.5238095238095238,0.5133056758056759,0.5194808687481101
GF,A3,A3__shuffle503,0.01,fixed250_shuffled,GF_A3__shuffle503,no_bias,L2,11,401,spike,0.5684931506849316,0.5615821678321679,0.5497169073145304,0.9862306368330465,0.987207352704023,0.9865607874926261,0.4256251848718552,0.5317460317460317,0.5129389129389129,0.5253086667111911
GF,A3,A3__shuffle503,0.1,fixed250_shuffled,GF_A3__shuffle503,affine,L2,11,401,spike,0.5684931506849316,0.5604908979908979,0.5539001632961551,0.9982788296041308,0.9983974358974358,0.9983818770226538,0.4379065379065379,0.5158730158730159,0.5068302068302067,0.5242410517957908
GF,A3,A3__shuffle503,1.0,fixed250_shuffled,GF_A3__shuffle503,no_bias,L2,11,503,spike,0.5273972602739726,0.5155636030636029,0.5195794458952353,0.9982788296041308,0.9983974358974358,0.9983318319821173,0.48283383283383285,0.5555555555555556,0.5527296777296776,0.5672129116094634
GF,A3,A3__shuffle503,0.01,fixed250_shuffled,GF_A3__shuffle503,affine,L2,11,503,spike,0.5684931506849316,0.5511023698523698,0.545855378289681,0.9827882960413081,0.9826662089181033,0.9836573041706345,0.4315638390657335,0.5714285714285714,0.556950456950457,0.5669882880688507
GF,A3,A3__shuffle503,0.01,relative10_ordered,GF_A3__shuffle503,no_bias,L2,11,-1,spike,0.6575342465753424,0.6417478354978354,0.6339269049085511,0.9862306368330465,0.9857782544136118,0.9864226767548816,0.34403041891577635,0.6904761904761905,0.6787878787878787,0.6864065885805015
GF,A3,A3__shuffle503,0.01,relative10_ordered,GF_A3__shuffle503,affine,L2,11,-1,spike,0.684931506849315,0.6659632034632034,0.6595797676107946,0.9862306368330465,0.9857769975005901,0.9865359030697315,0.31981379403738674,0.6746031746031746,0.6599386724386724,0.6710581568190263
GF,A3,A3__shuffle503,0.01,relative10_shuffled,GF_A3__shuffle503,no_bias,L2,11,101,spike,0.5342465753424658,0.5256937506937506,0.5193492848665262,0.9845094664371773,0.984207113136588,0.9848008166542206,0.45851336244283747,0.5238095238095238,0.5114177489177489,0.5107448107448108
GF,A3,A3__shuffle503,0.01,relative10_shuffled,GF_A3__shuffle503,affine,L2,11,101,spike,0.5616438356164384,0.5514110889110889,0.5472376302299575,0.9810671256454389,0.9809378823673575,0.9818925516912036,0.42952679345626854,0.5476190476190477,0.5345658970658971,0.5336476411935199
GF,A3,A3__shuffle503,0.001,relative10_shuffled,GF_A3__shuffle503,no_bias,L2,11,211,spike,0.5136986301369864,0.5045898545898545,0.4931772181772182,0.9500860585197934,0.9479451888043671,0.9500503691793919,0.44335533421451256,0.5317460317460317,0.5146584896584896,0.510709221275078
GF,A3,A3__shuffle503,0.01,relative10_shuffled,GF_A3__shuffle503,affine,L2,11,211,spike,0.541095890410959,0.5304043179043179,0.5132546335225027,0.9862306368330465,0.9858084203261308,0.9866612957240264,0.45540410242181295,0.5634920634920635,0.5471079846079846,0.535925931627686
GF,A3,A3__shuffle503,1.0,relative10_shuffled,GF_A3__shuffle503,no_bias,L2,11,307,spike,0.4863013698630137,0.4756125818625818,0.4656628852361037,0.9982788296041308,0.9983974358974358,0.9983318319821173,0.522784854034854,0.5158730158730159,0.5179713804713805,0.52996453026568
GF,A3,A3__shuffle503,0.01,relative10_shuffled,GF_A3__shuffle503,affine,L2,11,307,spike,0.541095890410959,0.5230561105561106,0.5102667017005252,0.9827882960413081,0.982571869295462,0.983458129135571,0.45951575873935147,0.5396825396825397,0.533044733044733,0.5359712126464045
GF,A3,A3__shuffle503,0.001,relative10_shuffled,GF_A3__shuffle503,no_bias,L2,11,401,spike,0.4794520547945205,0.4654956154956155,0.4604924124531968,0.9466437177280551,0.9430734432970299,0.9458612989598532,0.4775778278014144,0.46825396825396826,0.44733044733044736,0.4459232572171168
GF,A3,A3__shuffle503,0.001,relative10_shuffled,GF_A3__shuffle503,affine,L2,11,401,spike,0.5273972602739726,0.508234126984127,0.4959137197860444,0.9380378657487092,0.9301881926983069,0.9359126725903035,0.4219540657141799,0.5238095238095238,0.5016594516594517,0.4918559848467634
GF,A3,A3__shuffle503,1.0,relative10_shuffled,GF_A3__shuffle503,no_bias,L2,11,503,spike,0.4931506849315068,0.482827589077589,0.48078865040672447,0.9982788296041308,0.9983974358974358,0.9983318319821173,0.5155698468198469,0.5079365079365079,0.4908489658489659,0.4976482671705784
GF,A3,A3__shuffle503,0.1,relative10_shuffled,GF_A3__shuffle503,affine,L2,11,503,spike,0.5205479452054794,0.5017128704628704,0.4912978799521402,0.9965576592082617,0.996545584045584,0.9966520448207478,0.49483271358271363,0.5238095238095238,0.5058321308321309,0.5110051515848617
GF,A4,A4,0.01,whole_count,GF_A4,no_bias,L2,11,-1,spike,0.5547945205479452,0.5443716006216005,0.5438693113078125,0.9328743545611016,0.9314310829626175,0.934504244683601,0.38705948234101695,0.5714285714285714,0.5588023088023087,0.5529361071027739
GF,A4,A4,0.1,whole_count,GF_A4,affine,L2,11,-1,spike,0.5753424657534246,0.5677822177822177,0.5617225398381319,0.9604130808950087,0.9606226778304547,0.9618286627822136,0.39284046004823703,0.5952380952380952,0.5832130832130832,0.5893794713410409
GF,A4,A4,0.1,fixed250_ordered,GF_A4,no_bias,L2,11,-1,spike,0.6027397260273972,0.5918761793761793,0.5905537401573198,0.9982788296041308,0.9983974358974358,0.9983318319821173,0.4065212565212565,0.6190476190476191,0.609006734006734,0.6201021169270597
GF,A4,A4,0.1,fixed250_ordered,GF_A4,affine,L2,11,-1,spike,0.5958904109589042,0.5866813741813742,0.5846888081913826,0.9965576592082617,0.996545584045584,0.9966520448207478,0.4098642098642098,0.626984126984127,0.6139369889369889,0.6235306626637896
GF,A4,A4,10.0,fixed250_shuffled,GF_A4,no_bias,L2,11,101,spike,0.4931506849315068,0.4803384115884115,0.4721484735319729,0.9982788296041308,0.9983974358974358,0.9983318319821173,0.5180590243090243,0.5238095238095238,0.5252104377104376,0.5363175601986343
GF,A4,A4,100.0,fixed250_shuffled,GF_A4,affine,L2,11,101,spike,0.4589041095890411,0.4486686924186924,0.43673608068074143,1.0,1.0,1.0,0.5513313075813076,0.5079365079365079,0.5185966810966811,0.517070839226209
GF,A4,A4,0.001,fixed250_shuffled,GF_A4,no_bias,L2,11,211,spike,0.547945205479452,0.5305035242535242,0.5250266448344165,0.9259896729776248,0.9217093454173445,0.9257028368167125,0.3912058211638203,0.5476190476190477,0.5309944684944686,0.5337710575928967
GF,A4,A4,1.0,fixed250_shuffled,GF_A4,affine,L2,11,211,spike,0.4383561643835616,0.4316301753801754,0.43407195073861743,1.0,1.0,1.0,0.5683698246198245,0.5079365079365079,0.5055675805675806,0.5128854112189747
GF,A4,A4,100.0,fixed250_shuffled,GF_A4,no_bias,L2,11,307,spike,0.4383561643835616,0.4369449994449994,0.42590241089955044,0.9982788296041308,0.9983974358974358,0.9983318319821173,0.5614524364524364,0.5158730158730159,0.5181758056758058,0.5184036255513335
GF,A4,A4,100.0,fixed250_shuffled,GF_A4,affine,L2,11,307,spike,0.4383561643835616,0.43481171606171604,0.4247577952368126,1.0,1.0,1.0,0.565188283938284,0.5238095238095238,0.5251202501202501,0.5285677557144949
GF,A4,A4,100.0,fixed250_shuffled,GF_A4,no_bias,L2,11,401,spike,0.5136986301369864,0.5136315073815073,0.5023568254255543,0.9982788296041308,0.9983974358974358,0.9983318319821173,0.4847659285159285,0.5158730158730159,0.505904280904281,0.5227328105617579
GF,A4,A4,0.01,fixed250_shuffled,GF_A4,affine,L2,11,401,spike,0.5753424657534246,0.5626713564213564,0.5572329961608465,0.9827882960413081,0.9829143109003896,0.9837453484985995,0.42024295447903326,0.5238095238095238,0.5059944684944685,0.5206648193567698
GF,A4,A4,0.1,fixed250_shuffled,GF_A4,no_bias,L2,11,503,spike,0.541095890410959,0.5274683649683649,0.52805239667091,0.9965576592082617,0.9967634489693312,0.9967130986802156,0.4692950840009663,0.5555555555555556,0.5483585858585859,0.556836584826638
GF,A4,A4,0.1,fixed250_shuffled,GF_A4,affine,L2,11,503,spike,0.541095890410959,0.5284604284604284,0.5300862498803002,0.9982788296041308,0.9983974358974358,0.9983818770226538,0.4699370074370074,0.5714285714285714,0.5559042809042809,0.5637529306393404
GF,A4,A4,0.001,relative10_ordered,GF_A4,no_bias,L2,11,-1,spike,0.684931506849315,0.6736742424242425,0.6685509360543215,0.9518072289156626,0.9511540186638195,0.9533668431993605,0.2774797762395771,0.6904761904761905,0.6781565656565656,0.6877018633540373
GF,A4,A4,0.01,relative10_ordered,GF_A4,affine,L2,11,-1,spike,0.678082191780822,0.6600108225108224,0.6550674929358071,0.9862306368330465,0.9857769975005901,0.9865359030697315,0.3257661749897677,0.6746031746031746,0.6599386724386724,0.6710581568190263
GF,A4,A4,0.01,relative10_shuffled,GF_A4,no_bias,L2,11,101,spike,0.5136986301369864,0.5073787323787323,0.502385351613963,0.9845094664371773,0.984207113136588,0.9848008166542206,0.4768283807578557,0.5238095238095238,0.5114177489177489,0.5108976464148878
GF,A4,A4,0.01,relative10_shuffled,GF_A4,affine,L2,11,101,spike,0.5547945205479452,0.5454587079587079,0.5422065005185209,0.9810671256454389,0.9809378823673575,0.9819729492381124,0.4354791744086496,0.5476190476190477,0.5345658970658971,0.5336476411935199
GF,A4,A4,10.0,relative10_shuffled,GF_A4,no_bias,L2,11,211,spike,0.4931506849315068,0.4841172716172715,0.4741454761293102,0.9982788296041308,0.9983974358974358,0.9983318319821173,0.5142801642801642,0.5317460317460317,0.5204184704184703,0.5312041774600319
GF,A4,A4,0.01,relative10_shuffled,GF_A4,affine,L2,11,211,spike,0.541095890410959,0.5304043179043179,0.5128881424809545,0.9862306368330465,0.9858084203261308,0.9866612957240264,0.45540410242181295,0.5476190476190477,0.5311988936988937,0.5222664210383509
GF,A4,A4,100.0,relative10_shuffled,GF_A4,no_bias,L2,11,307,spike,0.4589041095890411,0.4521638084138084,0.4426024608608879,0.9982788296041308,0.9983974358974358,0.9983318319821173,0.5462336274836275,0.5317460317460317,0.5312289562289563,0.5324371691368146
GF,A4,A4,0.01,relative10_shuffled,GF_A4,affine,L2,11,307,spike,0.5342465753424658,0.5157148407148406,0.5039920235063423,0.9827882960413081,0.982571869295462,0.983458129135571,0.4668570285806214,0.5476190476190477,0.5399891774891774,0.5445384947010333
GF,A4,A4,0.001,relative10_shuffled,GF_A4,no_bias,L2,11,401,spike,0.4863013698630137,0.4730713730713731,0.46796598081427804,0.9466437177280551,0.9430734432970299,0.9458612989598532,0.4700020702256568,0.47619047619047616,0.45427489177489183,0.45195990054958596
GF,A4,A4,0.001,relative10_shuffled,GF_A4,affine,L2,11,401,spike,0.541095890410959,0.5227543290043289,0.5100950888873221,0.9363166953528399,0.9285542057702023,0.9343779462561762,0.40579987676587337,0.5238095238095238,0.5016594516594517,0.4918559848467634
GF,A4,A4,1.0,relative10_shuffled,GF_A4,no_bias,L2,11,503,spike,0.4931506849315068,0.48328546453546445,0.47996275699613883,0.9982788296041308,0.9983974358974358,0.9983318319821173,0.5151119713619714,0.5079365079365079,0.4958092833092833,0.5065198665856561
GF,A4,A4,0.01,relative10_shuffled,GF_A4,affine,L2,11,503,spike,0.541095890410959,0.5250242812742812,0.5143560807619705,0.9862306368330465,0.9858084203261308,0.9866612957240264,0.46078413905184956,0.5158730158730159,0.5022907647907648,0.5085495528909851
GF,A4b,A4b,0.1,whole_count,GF_A4b,no_bias,L2,11,-1,spike,0.541095890410959,0.534489121989122,0.527945876044348,0.9604130808950087,0.9605319007788934,0.961554323617461,0.42604277878977137,0.5714285714285714,0.5646885521885522,0.5670096239807282
GF,A4b,A4b,0.1,whole_count,GF_A4b,affine,L2,11,-1,spike,0.5753424657534246,0.5677822177822177,0.561862031118515,0.9621342512908778,0.962165887706998,0.9635092758502007,0.39438366992478024,0.6031746031746031,0.5901575276575276,0.5945382014997711
GF,A4b,A4b,0.1,fixed250_ordered,GF_A4b,no_bias,L2,11,-1,spike,0.6027397260273972,0.5918761793761793,0.5902243593931563,0.9982788296041308,0.9983974358974358,0.9983318319821173,0.4065212565212565,0.6111111111111112,0.6020622895622896,0.6139009943357769
GF,A4b,A4b,0.1,fixed250_ordered,GF_A4b,affine,L2,11,-1,spike,0.5958904109589042,0.5866813741813742,0.5808564050416517,0.9965576592082617,0.996545584045584,0.9966520448207478,0.4098642098642098,0.6349206349206349,0.6208814333814333,0.6298108559005046
GF,A4b,A4b,1.0,fixed250_shuffled,GF_A4b,no_bias,L2,11,101,spike,0.4931506849315068,0.48241966366966366,0.4762503679462538,0.9982788296041308,0.9983974358974358,0.9983318319821173,0.5159777722277721,0.5238095238095238,0.521506734006734,0.538546253094308
GF,A4b,A4b,100.0,fixed250_shuffled,GF_A4b,affine,L2,11,101,spike,0.4863013698630137,0.4734702797202797,0.46222979116853563,1.0,1.0,1.0,0.5265297202797203,0.5238095238095238,0.5385401635401635,0.5270321842730298
GF,A4b,A4b,100.0,fixed250_shuffled,GF_A4b,no_bias,L2,11,211,spike,0.5068493150684932,0.5062902375402375,0.5033756233820174,0.9982788296041308,0.9983974358974358,0.9983318319821173,0.4921071983571983,0.5476190476190477,0.535954785954786,0.5508169769039335
GF,A4b,A4b,100.0,fixed250_shuffled,GF_A4b,affine,L2,11,211,spike,0.4931506849315068,0.48692418692418693,0.48192557787750695,1.0,1.0,1.0,0.5130758130758131,0.5317460317460317,0.5222282347282349,0.5341380686110798
GF,A4b,A4b,100.0,fixed250_shuffled,GF_A4b,no_bias,L2,11,307,spike,0.4452054794520548,0.444520757020757,0.4368970303967279,0.9982788296041308,0.9983974358974358,0.9983318319821173,0.5538766788766788,0.5,0.5042869167869167,0.4991188296715679
GF,A4b,A4b,100.0,fixed250_shuffled,GF_A4b,affine,L2,11,307,spike,0.4383561643835616,0.4332854645354645,0.4295720416407653,1.0,1.0,1.0,0.5667145354645355,0.5317460317460317,0.5263468013468015,0.5262385075078574
GF,A4b,A4b,0.01,fixed250_shuffled,GF_A4b,no_bias,L2,11,401,spike,0.5684931506849316,0.5615821678321679,0.550419421174939,0.9862306368330465,0.987207352704023,0.9865607874926261,0.4256251848718552,0.5317460317460317,0.5129389129389129,0.5253086667111911
GF,A4b,A4b,0.1,fixed250_shuffled,GF_A4b,affine,L2,11,401,spike,0.5684931506849316,0.5604908979908979,0.5548915121088361,0.9982788296041308,0.9983974358974358,0.9983818770226538,0.4379065379065379,0.5158730158730159,0.5068302068302067,0.5244805153973235
GF,A4b,A4b,0.01,fixed250_shuffled,GF_A4b,no_bias,L2,11,503,spike,0.5547945205479452,0.5408230658230658,0.5392622926590317,0.9862306368330465,0.9872062328129662,0.9869727883220865,0.4463831669899003,0.5634920634920635,0.5490800865800866,0.5577231494351059
GF,A4b,A4b,0.01,fixed250_shuffled,GF_A4b,affine,L2,11,503,spike,0.5616438356164384,0.5451499888999889,0.5392008108365656,0.9827882960413081,0.9826662089181033,0.9836573041706345,0.4375162200181144,0.5714285714285714,0.556950456950457,0.5669882880688507
GF,A4b,A4b,0.001,relative10_ordered,GF_A4b,no_bias,L2,11,-1,spike,0.684931506849315,0.6736742424242425,0.6685509360543215,0.9483648881239243,0.9478860448076104,0.9501571365077147,0.27421180238336795,0.6825396825396826,0.6712121212121213,0.6804125840059344
GF,A4b,A4b,0.01,relative10_ordered,GF_A4b,affine,L2,11,-1,spike,0.678082191780822,0.6593795093795093,0.6548034009748005,0.9845094664371773,0.9841744333980262,0.9849610064753446,0.32479492401851695,0.6746031746031746,0.6599386724386724,0.6710581568190263
GF,A4b,A4b,0.01,relative10_shuffled,GF_A4b,no_bias,L2,11,101,spike,0.541095890410959,0.5326381951381951,0.5284164141968134,0.9845094664371773,0.984207113136588,0.9848008166542206,0.45156891799839294,0.5238095238095238,0.5114177489177489,0.5125215875215875
GF,A4b,A4b,0.01,relative10_shuffled,GF_A4b,affine,L2,11,101,spike,0.5547945205479452,0.5454587079587079,0.5422065005185209,0.9810671256454389,0.9809378823673575,0.9818925516912036,0.4354791744086496,0.5476190476190477,0.5345658970658971,0.5336476411935199
GF,A4b,A4b,0.1,relative10_shuffled,GF_A4b,no_bias,L2,11,211,spike,0.5,0.4907009657009657,0.47620669147545414,0.9982788296041308,0.9983974358974358,0.9983318319821173,0.5076964701964701,0.5238095238095238,0.513936988936989,0.513686005352672
GF,A4b,A4b,0.01,relative10_shuffled,GF_A4b,affine,L2,11,211,spike,0.541095890410959,0.5304043179043179,0.5132546335225027,0.9862306368330465,0.9858084203261308,0.9866612957240264,0.45540410242181295,0.5634920634920635,0.5471079846079846,0.535925931627686
GF,A4b,A4b,0.1,relative10_shuffled,GF_A4b,no_bias,L2,11,307,spike,0.4931506849315068,0.48255702630702624,0.4715685756573378,0.9982788296041308,0.9983974358974358,0.9983318319821173,0.5158404095904096,0.5238095238095238,0.5256734006734006,0.530123882138587
GF,A4b,A4b,0.01,relative10_shuffled,GF_A4b,affine,L2,11,307,spike,0.541095890410959,0.5240481740481739,0.5117450599435892,0.9827882960413081,0.982571869295462,0.983458129135571,0.4585236952472881,0.5396825396825397,0.533044733044733,0.5359712126464045
GF,A4b,A4b,0.001,relative10_shuffled,GF_A4b,no_bias,L2,11,401,spike,0.4726027397260274,0.45507894882894884,0.4442586462194305,0.9466437177280551,0.9430734432970299,0.9458612989598532,0.4879944944680811,0.46825396825396826,0.44733044733044736,0.4467190685846161
GF,A4b,A4b,0.001,relative10_shuffled,GF_A4b,affine,L2,11,401,spike,0.5342465753424658,0.5151785714285714,0.5026151236677552,0.9380378657487092,0.9301881926983069,0.9359126725903035,0.4150096212697355,0.5317460317460317,0.510918710918711,0.5006564708531318
GF,A4b,A4b,1.0,relative10_shuffled,GF_A4b,no_bias,L2,11,503,spike,0.5,0.49215298590298584,0.48777058082543706,0.9982788296041308,0.9983974358974358,0.9983318319821173,0.50624444999445,0.49206349206349204,0.476960076960077,0.48327959431595113
GF,A4b,A4b,0.1,relative10_shuffled,GF_A4b,affine,L2,11,503,spike,0.5205479452054794,0.5017128704628704,0.4921074710077267,0.9965576592082617,0.996545584045584,0.9966520448207478,0.49483271358271363,0.5079365079365079,0.4882395382395382,0.4924699026148301
GF,A0,A0,1.0,whole_count,GF_A0,no_bias,L2,23,-1,spike,0.5753424657534246,0.5588557276057275,0.5604189518890063,0.9879518072289156,0.987659086410981,0.9881978115213083,0.42880335880525344,0.5952380952380952,0.6044853294853295,0.6036134968817525
GF,A0,A0,1.0,whole_count,GF_A0,affine,L2,23,-1,spike,0.6027397260273972,0.5855040792540792,0.582853552781089,0.9862306368330465,0.9858700802102099,0.9865670042010052,0.40036600095613073,0.5873015873015873,0.5952260702260702,0.5944279411520791
GF,A0,A0,10.0,fixed250_ordered,GF_A0,no_bias,L2,23,-1,spike,0.5753424657534246,0.5552100677100676,0.542891551311855,0.9982788296041308,0.9983974358974358,0.9983318319821173,0.44318736818736815,0.5793650793650794,0.5908970658970659,0.590417272530444
GF,A0,A0,100.0,fixed250_ordered,GF_A0,affine,L2,23,-1,spike,0.5547945205479452,0.5364371739371739,0.5216923381998785,1.0,1.0,1.0,0.46356282606282606,0.6031746031746031,0.6131192881192882,0.6059344548789628
GF,A0,A0,1.0,fixed250_shuffled,GF_A0,no_bias,L2,23,101,spike,0.5547945205479452,0.5394723332223331,0.5339422545033555,0.9982788296041308,0.9983974358974358,0.9983318319821173,0.45892510267510267,0.5714285714285714,0.5740680615680614,0.5743303190447265
GF,A0,A0,1.0,fixed250_shuffled,GF_A0,affine,L2,23,101,spike,0.5753424657534246,0.5566981629481629,0.5487541327075295,0.9982788296041308,0.9983974358974358,0.9983818770226538,0.4416992729492729,0.5873015873015873,0.5907347282347282,0.588307424240872
GF,A0,A0,0.01,fixed250_shuffled,GF_A0,no_bias,L2,23,211,spike,0.541095890410959,0.5270625208125207,0.5242507377956295,0.9845094664371773,0.9844564008858759,0.9848989406393981,0.45739388007335524,0.5317460317460317,0.5258056758056757,0.5328929567164861
GF,A0,A0,0.01,fixed250_shuffled,GF_A0,affine,L2,23,211,spike,0.5753424657534246,0.5603556166056165,0.5584925303886993,0.9845094664371773,0.9842071131365883,0.9852192359002406,0.42385149653097176,0.5317460317460317,0.5301346801346801,0.5369378021994456
GF,A0,A0,100.0,fixed250_shuffled,GF_A0,no_bias,L2,23,307,spike,0.541095890410959,0.5305437617937617,0.5184902974891162,0.9982788296041308,0.9983974358974358,0.9983318319821173,0.46785367410367407,0.5476190476190477,0.5607984607984607,0.5473021060275963
GF,A0,A0,100.0,fixed250_shuffled,GF_A0,affine,L2,23,307,spike,0.4931506849315068,0.48017607392607387,0.4790130934316727,1.0,1.0,1.0,0.5198239260739261,0.5555555555555556,0.5714466089466089,0.5490228506630445
GF,A0,A0,100.0,fixed250_shuffled,GF_A0,no_bias,L2,23,401,spike,0.4863013698630137,0.4792721167721168,0.47308034862484827,0.9982788296041308,0.9983974358974358,0.9983318319821173,0.519125319125319,0.5714285714285714,0.5812109187109187,0.5789909629339566
GF,A0,A0,100.0,fixed250_shuffled,GF_A0,affine,L2,23,401,spike,0.4794520547945205,0.46669996669996666,0.4476893183474104,1.0,1.0,1.0,0.5333000333000333,0.6031746031746031,0.6168590668590669,0.6038721989442981
GF,A0,A0,0.01,fixed250_shuffled,GF_A0,no_bias,L2,23,503,spike,0.5821917808219178,0.5668942168942168,0.5583030800757267,0.9879518072289156,0.9874436641672567,0.9880876821310193,0.4205494472730399,0.5714285714285714,0.5768037518037519,0.5766492065993728
GF,A0,A0,0.01,fixed250_shuffled,GF_A0,affine,L2,23,503,spike,0.5821917808219178,0.5634219946719946,0.5597321193405506,0.9845094664371773,0.9842385359621287,0.9852528963193952,0.4208165412901341,0.5952380952380952,0.5920454545454547,0.5959570948827404
GF,A0,A0,1.0,relative10_ordered,GF_A0,no_bias,L2,23,-1,spike,0.684931506849315,0.6619609557109557,0.6673497353624395,0.9982788296041308,0.9983974358974358,0.9983318319821173,0.3364364801864801,0.6825396825396826,0.6850468975468975,0.693588702963703
GF,A0,A0,0.01,relative10_ordered,GF_A0,affine,L2,23,-1,spike,0.7054794520547946,0.6916576479076478,0.6935960324625712,0.9913941480206541,0.9906475354593635,0.9913444513761775,0.2989898875517156,0.6746031746031746,0.6712481962481962,0.6808451572582007
GF,A0,A0,0.01,relative10_shuffled,GF_A0,no_bias,L2,23,101,spike,0.5205479452054794,0.510381979131979,0.5035965066857515,0.9879518072289156,0.9876602721779824,0.9876565741937737,0.47727829304600333,0.5317460317460317,0.5344636844636845,0.5278251216473572
GF,A0,A0,0.01,relative10_shuffled,GF_A0,affine,L2,23,101,spike,0.5821917808219178,0.5721202408702408,0.5684010195460856,0.9827882960413081,0.982571869295462,0.9837263582884322,0.4104516284252212,0.5476190476190477,0.5494468494468495,0.5436838227506282
GF,A0,A0,0.01,relative10_shuffled,GF_A0,no_bias,L2,23,211,spike,0.547945205479452,0.5322052947052945,0.5285198053580407,0.9931153184165232,0.9936152323102009,0.9935516445404199,0.46140993760490634,0.49206349206349204,0.49372895622895624,0.4956659354964638
GF,A0,A0,0.01,relative10_shuffled,GF_A0,affine,L2,23,211,spike,0.5616438356164384,0.5410214785214784,0.537038282278005,0.9862306368330465,0.9858398431516712,0.9865768155638751,0.44481836463019275,0.5317460317460317,0.525511063011063,0.5254979359173314
GF,A0,A0,100.0,relative10_shuffled,GF_A0,no_bias,L2,23,307,spike,0.5205479452054794,0.5081182706182706,0.5002230818592375,0.9982788296041308,0.9983974358974358,0.9983318319821173,0.49027916527916515,0.5238095238095238,0.530964405964406,0.5218332328873748
GF,A0,A0,0.01,relative10_shuffled,GF_A0,affine,L2,23,307,spike,0.5753424657534246,0.55868228993229,0.5466495629211147,0.9845094664371773,0.9842058562235666,0.9852527296360601,0.42552356629127663,0.5238095238095238,0.5167147667147668,0.5163810152620895
GF,A0,A0,0.1,relative10_shuffled,GF_A0,no_bias,L2,23,401,spike,0.5547945205479452,0.5396596459096458,0.5325254674134464,0.9965576592082617,0.9967634489693312,0.9967130986802156,0.45710380305968545,0.49206349206349204,0.49528018278018276,0.4989183644980553
GF,A0,A0,0.01,relative10_shuffled,GF_A0,affine,L2,23,401,spike,0.5684931506849316,0.5497155622155622,0.5430857078059763,0.9810671256454389,0.9809693051928979,0.9819372195027105,0.43125374297733576,0.5238095238095238,0.5201178451178451,0.5293468954980111
GF,A0,A0,0.1,relative10_shuffled,GF_A0,no_bias,L2,23,503,spike,0.5821917808219178,0.571301615051615,0.5699018985064381,0.9965576592082617,0.9967634489693312,0.9967130986802156,0.4254618339177162,0.49206349206349204,0.4940656565656565,0.48508356037423744
GF,A0,A0,100.0,relative10_shuffled,GF_A0,affine,L2,23,503,spike,0.5753424657534246,0.5642600455100455,0.5610952671240058,1.0,1.0,1.0,0.4357399544899545,0.5079365079365079,0.5171176046176046,0.5050528000738848
GF,A1,A1,1.0,whole_count,GF_A1,no_bias,L2,23,-1,spike,0.5753424657534246,0.5588557276057275,0.5604189518890063,0.9879518072289156,0.987659086410981,0.9881978115213083,0.42880335880525344,0.5952380952380952,0.6044853294853295,0.6036134968817525
GF,A1,A1,1.0,whole_count,GF_A1,affine,L2,23,-1,spike,0.6027397260273972,0.5855040792540792,0.582853552781089,0.9862306368330465,0.9858700802102099,0.9865670042010052,0.40036600095613073,0.5873015873015873,0.5952260702260702,0.5944279411520791
GF,A1,A1,10.0,fixed250_ordered,GF_A1,no_bias,L2,23,-1,spike,0.5753424657534246,0.5552100677100676,0.542891551311855,0.9982788296041308,0.9983974358974358,0.9983318319821173,0.44318736818736815,0.5793650793650794,0.5908970658970659,0.590417272530444
GF,A1,A1,100.0,fixed250_ordered,GF_A1,affine,L2,23,-1,spike,0.5547945205479452,0.5364371739371739,0.5216923381998785,1.0,1.0,1.0,0.46356282606282606,0.6031746031746031,0.6131192881192882,0.6059344548789628
GF,A1,A1,1.0,fixed250_shuffled,GF_A1,no_bias,L2,23,101,spike,0.5547945205479452,0.5394723332223331,0.5339422545033555,0.9982788296041308,0.9983974358974358,0.9983318319821173,0.45892510267510267,0.5714285714285714,0.5740680615680614,0.5743303190447265
GF,A1,A1,1.0,fixed250_shuffled,GF_A1,affine,L2,23,101,spike,0.5753424657534246,0.5566981629481629,0.5487541327075295,0.9982788296041308,0.9983974358974358,0.9983818770226538,0.4416992729492729,0.5873015873015873,0.5907347282347282,0.588307424240872
GF,A1,A1,0.01,fixed250_shuffled,GF_A1,no_bias,L2,23,211,spike,0.541095890410959,0.5270625208125207,0.5242507377956295,0.9845094664371773,0.9844564008858759,0.9848989406393981,0.45739388007335524,0.5317460317460317,0.5258056758056757,0.5328929567164861
GF,A1,A1,0.01,fixed250_shuffled,GF_A1,affine,L2,23,211,spike,0.5753424657534246,0.5603556166056165,0.5584925303886993,0.9845094664371773,0.9842071131365883,0.9852192359002406,0.42385149653097176,0.5317460317460317,0.5301346801346801,0.5369378021994456
GF,A1,A1,100.0,fixed250_shuffled,GF_A1,no_bias,L2,23,307,spike,0.541095890410959,0.5305437617937617,0.5184902974891162,0.9982788296041308,0.9983974358974358,0.9983318319821173,0.46785367410367407,0.5476190476190477,0.5607984607984607,0.5473021060275963
GF,A1,A1,100.0,fixed250_shuffled,GF_A1,affine,L2,23,307,spike,0.4931506849315068,0.48017607392607387,0.4790130934316727,1.0,1.0,1.0,0.5198239260739261,0.5555555555555556,0.5714466089466089,0.5490228506630445
GF,A1,A1,100.0,fixed250_shuffled,GF_A1,no_bias,L2,23,401,spike,0.4863013698630137,0.4792721167721168,0.47308034862484827,0.9982788296041308,0.9983974358974358,0.9983318319821173,0.519125319125319,0.5714285714285714,0.5812109187109187,0.5789909629339566
GF,A1,A1,100.0,fixed250_shuffled,GF_A1,affine,L2,23,401,spike,0.4794520547945205,0.46669996669996666,0.4476893183474104,1.0,1.0,1.0,0.5333000333000333,0.6031746031746031,0.6168590668590669,0.6038721989442981
GF,A1,A1,0.01,fixed250_shuffled,GF_A1,no_bias,L2,23,503,spike,0.5821917808219178,0.5668942168942168,0.5583030800757267,0.9879518072289156,0.9874436641672567,0.9880876821310193,0.4205494472730399,0.5714285714285714,0.5768037518037519,0.5766492065993728
GF,A1,A1,0.01,fixed250_shuffled,GF_A1,affine,L2,23,503,spike,0.5821917808219178,0.5634219946719946,0.5597321193405506,0.9845094664371773,0.9842385359621287,0.9852528963193952,0.4208165412901341,0.5952380952380952,0.5920454545454547,0.5959570948827404
GF,A1,A1,1.0,relative10_ordered,GF_A1,no_bias,L2,23,-1,spike,0.684931506849315,0.6619609557109557,0.6673497353624395,0.9982788296041308,0.9983974358974358,0.9983318319821173,0.3364364801864801,0.6825396825396826,0.6850468975468975,0.693588702963703
GF,A1,A1,0.01,relative10_ordered,GF_A1,affine,L2,23,-1,spike,0.7054794520547946,0.6916576479076478,0.6935960324625712,0.9913941480206541,0.9906475354593635,0.9913444513761775,0.2989898875517156,0.6746031746031746,0.6712481962481962,0.6808451572582007
GF,A1,A1,0.01,relative10_shuffled,GF_A1,no_bias,L2,23,101,spike,0.5205479452054794,0.510381979131979,0.5035965066857515,0.9879518072289156,0.9876602721779824,0.9876565741937737,0.47727829304600333,0.5317460317460317,0.5344636844636845,0.5278251216473572
GF,A1,A1,0.01,relative10_shuffled,GF_A1,affine,L2,23,101,spike,0.5821917808219178,0.5721202408702408,0.5684010195460856,0.9827882960413081,0.982571869295462,0.9837263582884322,0.4104516284252212,0.5476190476190477,0.5494468494468495,0.5436838227506282
GF,A1,A1,0.01,relative10_shuffled,GF_A1,no_bias,L2,23,211,spike,0.547945205479452,0.5322052947052945,0.5285198053580407,0.9931153184165232,0.9936152323102009,0.9935516445404199,0.46140993760490634,0.49206349206349204,0.49372895622895624,0.4956659354964638
GF,A1,A1,0.01,relative10_shuffled,GF_A1,affine,L2,23,211,spike,0.5616438356164384,0.5410214785214784,0.537038282278005,0.9862306368330465,0.9858398431516712,0.9865768155638751,0.44481836463019275,0.5317460317460317,0.525511063011063,0.5254979359173314
GF,A1,A1,100.0,relative10_shuffled,GF_A1,no_bias,L2,23,307,spike,0.5205479452054794,0.5081182706182706,0.5002230818592375,0.9982788296041308,0.9983974358974358,0.9983318319821173,0.49027916527916515,0.5238095238095238,0.530964405964406,0.5218332328873748
GF,A1,A1,0.01,relative10_shuffled,GF_A1,affine,L2,23,307,spike,0.5753424657534246,0.55868228993229,0.5466495629211147,0.9845094664371773,0.9842058562235666,0.9852527296360601,0.42552356629127663,0.5238095238095238,0.5167147667147668,0.5163810152620895
GF,A1,A1,0.1,relative10_shuffled,GF_A1,no_bias,L2,23,401,spike,0.5547945205479452,0.5396596459096458,0.5325254674134464,0.9965576592082617,0.9967634489693312,0.9967130986802156,0.45710380305968545,0.49206349206349204,0.49528018278018276,0.4989183644980553
GF,A1,A1,0.01,relative10_shuffled,GF_A1,affine,L2,23,401,spike,0.5684931506849316,0.5497155622155622,0.5430857078059763,0.9810671256454389,0.9809693051928979,0.9819372195027105,0.43125374297733576,0.5238095238095238,0.5201178451178451,0.5293468954980111
GF,A1,A1,0.1,relative10_shuffled,GF_A1,no_bias,L2,23,503,spike,0.5821917808219178,0.571301615051615,0.5699018985064381,0.9965576592082617,0.9967634489693312,0.9967130986802156,0.4254618339177162,0.49206349206349204,0.4940656565656565,0.48508356037423744
GF,A1,A1,100.0,relative10_shuffled,GF_A1,affine,L2,23,503,spike,0.5753424657534246,0.5642600455100455,0.5610952671240058,1.0,1.0,1.0,0.4357399544899545,0.5079365079365079,0.5171176046176046,0.5050528000738848
GF,A2,A2,1.0,whole_count,GF_A2,no_bias,L2,23,-1,spike,0.5753424657534246,0.5588557276057275,0.5604189518890063,0.9879518072289156,0.987659086410981,0.9881978115213083,0.42880335880525344,0.5952380952380952,0.6044853294853295,0.6036134968817525
GF,A2,A2,1.0,whole_count,GF_A2,affine,L2,23,-1,spike,0.6027397260273972,0.5855040792540792,0.582853552781089,0.9862306368330465,0.9858700802102099,0.9865670042010052,0.40036600095613073,0.5873015873015873,0.5952260702260702,0.5944279411520791
GF,A2,A2,10.0,fixed250_ordered,GF_A2,no_bias,L2,23,-1,spike,0.5753424657534246,0.5552100677100676,0.542891551311855,0.9982788296041308,0.9983974358974358,0.9983318319821173,0.44318736818736815,0.5793650793650794,0.5908970658970659,0.590417272530444
GF,A2,A2,100.0,fixed250_ordered,GF_A2,affine,L2,23,-1,spike,0.5547945205479452,0.5364371739371739,0.5216923381998785,1.0,1.0,1.0,0.46356282606282606,0.6031746031746031,0.6131192881192882,0.6059344548789628
GF,A2,A2,1.0,fixed250_shuffled,GF_A2,no_bias,L2,23,101,spike,0.5547945205479452,0.5394723332223331,0.5339422545033555,0.9982788296041308,0.9983974358974358,0.9983318319821173,0.45892510267510267,0.5714285714285714,0.5740680615680614,0.5743303190447265
GF,A2,A2,1.0,fixed250_shuffled,GF_A2,affine,L2,23,101,spike,0.5753424657534246,0.5566981629481629,0.5487541327075295,0.9982788296041308,0.9983974358974358,0.9983818770226538,0.4416992729492729,0.5873015873015873,0.5907347282347282,0.588307424240872
GF,A2,A2,0.01,fixed250_shuffled,GF_A2,no_bias,L2,23,211,spike,0.541095890410959,0.5270625208125207,0.5242507377956295,0.9845094664371773,0.9844564008858759,0.9848989406393981,0.45739388007335524,0.5317460317460317,0.5258056758056757,0.5328929567164861
GF,A2,A2,0.01,fixed250_shuffled,GF_A2,affine,L2,23,211,spike,0.5753424657534246,0.5603556166056165,0.5584925303886993,0.9845094664371773,0.9842071131365883,0.9852192359002406,0.42385149653097176,0.5317460317460317,0.5301346801346801,0.5369378021994456
GF,A2,A2,100.0,fixed250_shuffled,GF_A2,no_bias,L2,23,307,spike,0.541095890410959,0.5305437617937617,0.5184902974891162,0.9982788296041308,0.9983974358974358,0.9983318319821173,0.46785367410367407,0.5476190476190477,0.5607984607984607,0.5473021060275963
GF,A2,A2,100.0,fixed250_shuffled,GF_A2,affine,L2,23,307,spike,0.4931506849315068,0.48017607392607387,0.4790130934316727,1.0,1.0,1.0,0.5198239260739261,0.5555555555555556,0.5714466089466089,0.5490228506630445
GF,A2,A2,100.0,fixed250_shuffled,GF_A2,no_bias,L2,23,401,spike,0.4863013698630137,0.4792721167721168,0.47308034862484827,0.9982788296041308,0.9983974358974358,0.9983318319821173,0.519125319125319,0.5714285714285714,0.5812109187109187,0.5789909629339566
GF,A2,A2,100.0,fixed250_shuffled,GF_A2,affine,L2,23,401,spike,0.4794520547945205,0.46669996669996666,0.4476893183474104,1.0,1.0,1.0,0.5333000333000333,0.6031746031746031,0.6168590668590669,0.6038721989442981
GF,A2,A2,0.01,fixed250_shuffled,GF_A2,no_bias,L2,23,503,spike,0.5821917808219178,0.5668942168942168,0.5583030800757267,0.9879518072289156,0.9874436641672567,0.9880876821310193,0.4205494472730399,0.5714285714285714,0.5768037518037519,0.5766492065993728
GF,A2,A2,0.01,fixed250_shuffled,GF_A2,affine,L2,23,503,spike,0.5821917808219178,0.5634219946719946,0.5597321193405506,0.9845094664371773,0.9842385359621287,0.9852528963193952,0.4208165412901341,0.5952380952380952,0.5920454545454547,0.5959570948827404
GF,A2,A2,1.0,relative10_ordered,GF_A2,no_bias,L2,23,-1,spike,0.684931506849315,0.6619609557109557,0.6673497353624395,0.9982788296041308,0.9983974358974358,0.9983318319821173,0.3364364801864801,0.6825396825396826,0.6850468975468975,0.693588702963703
GF,A2,A2,0.01,relative10_ordered,GF_A2,affine,L2,23,-1,spike,0.7054794520547946,0.6916576479076478,0.6935960324625712,0.9913941480206541,0.9906475354593635,0.9913444513761775,0.2989898875517156,0.6746031746031746,0.6712481962481962,0.6808451572582007
GF,A2,A2,0.01,relative10_shuffled,GF_A2,no_bias,L2,23,101,spike,0.5205479452054794,0.510381979131979,0.5035965066857515,0.9879518072289156,0.9876602721779824,0.9876565741937737,0.47727829304600333,0.5317460317460317,0.5344636844636845,0.5278251216473572
GF,A2,A2,0.01,relative10_shuffled,GF_A2,affine,L2,23,101,spike,0.5821917808219178,0.5721202408702408,0.5684010195460856,0.9827882960413081,0.982571869295462,0.9837263582884322,0.4104516284252212,0.5476190476190477,0.5494468494468495,0.5436838227506282
GF,A2,A2,0.01,relative10_shuffled,GF_A2,no_bias,L2,23,211,spike,0.547945205479452,0.5322052947052945,0.5285198053580407,0.9931153184165232,0.9936152323102009,0.9935516445404199,0.46140993760490634,0.49206349206349204,0.49372895622895624,0.4956659354964638
GF,A2,A2,0.01,relative10_shuffled,GF_A2,affine,L2,23,211,spike,0.5616438356164384,0.5410214785214784,0.537038282278005,0.9862306368330465,0.9858398431516712,0.9865768155638751,0.44481836463019275,0.5317460317460317,0.525511063011063,0.5254979359173314
GF,A2,A2,100.0,relative10_shuffled,GF_A2,no_bias,L2,23,307,spike,0.5205479452054794,0.5081182706182706,0.5002230818592375,0.9982788296041308,0.9983974358974358,0.9983318319821173,0.49027916527916515,0.5238095238095238,0.530964405964406,0.5218332328873748
GF,A2,A2,0.01,relative10_shuffled,GF_A2,affine,L2,23,307,spike,0.5753424657534246,0.55868228993229,0.5466495629211147,0.9845094664371773,0.9842058562235666,0.9852527296360601,0.42552356629127663,0.5238095238095238,0.5167147667147668,0.5163810152620895
GF,A2,A2,0.1,relative10_shuffled,GF_A2,no_bias,L2,23,401,spike,0.5547945205479452,0.5396596459096458,0.5325254674134464,0.9965576592082617,0.9967634489693312,0.9967130986802156,0.45710380305968545,0.49206349206349204,0.49528018278018276,0.4989183644980553
GF,A2,A2,0.01,relative10_shuffled,GF_A2,affine,L2,23,401,spike,0.5684931506849316,0.5497155622155622,0.5430857078059763,0.9810671256454389,0.9809693051928979,0.9819372195027105,0.43125374297733576,0.5238095238095238,0.5201178451178451,0.5293468954980111
GF,A2,A2,0.1,relative10_shuffled,GF_A2,no_bias,L2,23,503,spike,0.5821917808219178,0.571301615051615,0.5699018985064381,0.9965576592082617,0.9967634489693312,0.9967130986802156,0.4254618339177162,0.49206349206349204,0.4940656565656565,0.48508356037423744
GF,A2,A2,100.0,relative10_shuffled,GF_A2,affine,L2,23,503,spike,0.5753424657534246,0.5642600455100455,0.5610952671240058,1.0,1.0,1.0,0.4357399544899545,0.5079365079365079,0.5171176046176046,0.5050528000738848
GF,A3,A3__shuffle101,1.0,whole_count,GF_A3__shuffle101,no_bias,L2,23,-1,spike,0.5753424657534246,0.5588557276057275,0.5604189518890063,0.9879518072289156,0.987659086410981,0.9881978115213083,0.42880335880525344,0.5952380952380952,0.6044853294853295,0.6036134968817525
GF,A3,A3__shuffle101,1.0,whole_count,GF_A3__shuffle101,affine,L2,23,-1,spike,0.6027397260273972,0.5855040792540792,0.582853552781089,0.9862306368330465,0.9858700802102099,0.9865670042010052,0.40036600095613073,0.5873015873015873,0.5952260702260702,0.5944279411520791
GF,A3,A3__shuffle101,10.0,fixed250_ordered,GF_A3__shuffle101,no_bias,L2,23,-1,spike,0.5753424657534246,0.5552100677100676,0.542891551311855,0.9982788296041308,0.9983974358974358,0.9983318319821173,0.44318736818736815,0.5793650793650794,0.5908970658970659,0.590417272530444
GF,A3,A3__shuffle101,100.0,fixed250_ordered,GF_A3__shuffle101,affine,L2,23,-1,spike,0.5547945205479452,0.5364371739371739,0.5216923381998785,1.0,1.0,1.0,0.46356282606282606,0.6031746031746031,0.6131192881192882,0.6059344548789628
GF,A3,A3__shuffle101,1.0,fixed250_shuffled,GF_A3__shuffle101,no_bias,L2,23,101,spike,0.5547945205479452,0.5394723332223331,0.5339422545033555,0.9982788296041308,0.9983974358974358,0.9983318319821173,0.45892510267510267,0.5714285714285714,0.5740680615680614,0.5743303190447265
GF,A3,A3__shuffle101,1.0,fixed250_shuffled,GF_A3__shuffle101,affine,L2,23,101,spike,0.5753424657534246,0.5566981629481629,0.5487541327075295,0.9982788296041308,0.9983974358974358,0.9983818770226538,0.4416992729492729,0.5873015873015873,0.5907347282347282,0.588307424240872
GF,A3,A3__shuffle101,0.01,fixed250_shuffled,GF_A3__shuffle101,no_bias,L2,23,211,spike,0.541095890410959,0.5270625208125207,0.5242507377956295,0.9845094664371773,0.9844564008858759,0.9848989406393981,0.45739388007335524,0.5317460317460317,0.5258056758056757,0.5328929567164861
GF,A3,A3__shuffle101,0.01,fixed250_shuffled,GF_A3__shuffle101,affine,L2,23,211,spike,0.5753424657534246,0.5603556166056165,0.5584925303886993,0.9845094664371773,0.9842071131365883,0.9852192359002406,0.42385149653097176,0.5317460317460317,0.5301346801346801,0.5369378021994456
GF,A3,A3__shuffle101,100.0,fixed250_shuffled,GF_A3__shuffle101,no_bias,L2,23,307,spike,0.541095890410959,0.5305437617937617,0.5184902974891162,0.9982788296041308,0.9983974358974358,0.9983318319821173,0.46785367410367407,0.5476190476190477,0.5607984607984607,0.5473021060275963
GF,A3,A3__shuffle101,100.0,fixed250_shuffled,GF_A3__shuffle101,affine,L2,23,307,spike,0.4931506849315068,0.48017607392607387,0.4790130934316727,1.0,1.0,1.0,0.5198239260739261,0.5555555555555556,0.5714466089466089,0.5490228506630445
GF,A3,A3__shuffle101,100.0,fixed250_shuffled,GF_A3__shuffle101,no_bias,L2,23,401,spike,0.4863013698630137,0.4792721167721168,0.47308034862484827,0.9982788296041308,0.9983974358974358,0.9983318319821173,0.519125319125319,0.5714285714285714,0.5812109187109187,0.5789909629339566
GF,A3,A3__shuffle101,100.0,fixed250_shuffled,GF_A3__shuffle101,affine,L2,23,401,spike,0.4794520547945205,0.46669996669996666,0.4476893183474104,1.0,1.0,1.0,0.5333000333000333,0.6031746031746031,0.6168590668590669,0.6038721989442981
GF,A3,A3__shuffle101,0.01,fixed250_shuffled,GF_A3__shuffle101,no_bias,L2,23,503,spike,0.5821917808219178,0.5668942168942168,0.5583030800757267,0.9879518072289156,0.9874436641672567,0.9880876821310193,0.4205494472730399,0.5714285714285714,0.5768037518037519,0.5766492065993728
GF,A3,A3__shuffle101,0.01,fixed250_shuffled,GF_A3__shuffle101,affine,L2,23,503,spike,0.5821917808219178,0.5634219946719946,0.5597321193405506,0.9845094664371773,0.9842385359621287,0.9852528963193952,0.4208165412901341,0.5952380952380952,0.5920454545454547,0.5959570948827404
GF,A3,A3__shuffle101,1.0,relative10_ordered,GF_A3__shuffle101,no_bias,L2,23,-1,spike,0.684931506849315,0.6619609557109557,0.6673497353624395,0.9982788296041308,0.9983974358974358,0.9983318319821173,0.3364364801864801,0.6825396825396826,0.6850468975468975,0.693588702963703
GF,A3,A3__shuffle101,0.01,relative10_ordered,GF_A3__shuffle101,affine,L2,23,-1,spike,0.7054794520547946,0.6916576479076478,0.6935960324625712,0.9913941480206541,0.9906475354593635,0.9913444513761775,0.2989898875517156,0.6746031746031746,0.6712481962481962,0.6808451572582007
GF,A3,A3__shuffle101,0.01,relative10_shuffled,GF_A3__shuffle101,no_bias,L2,23,101,spike,0.5205479452054794,0.510381979131979,0.5035965066857515,0.9879518072289156,0.9876602721779824,0.9876565741937737,0.47727829304600333,0.5317460317460317,0.5344636844636845,0.5278251216473572
GF,A3,A3__shuffle101,0.01,relative10_shuffled,GF_A3__shuffle101,affine,L2,23,101,spike,0.5821917808219178,0.5721202408702408,0.5684010195460856,0.9827882960413081,0.982571869295462,0.9837263582884322,0.4104516284252212,0.5476190476190477,0.5494468494468495,0.5436838227506282
GF,A3,A3__shuffle101,0.01,relative10_shuffled,GF_A3__shuffle101,no_bias,L2,23,211,spike,0.547945205479452,0.5322052947052945,0.5285198053580407,0.9931153184165232,0.9936152323102009,0.9935516445404199,0.46140993760490634,0.49206349206349204,0.49372895622895624,0.4956659354964638
GF,A3,A3__shuffle101,0.01,relative10_shuffled,GF_A3__shuffle101,affine,L2,23,211,spike,0.5616438356164384,0.5410214785214784,0.537038282278005,0.9862306368330465,0.9858398431516712,0.9865768155638751,0.44481836463019275,0.5317460317460317,0.525511063011063,0.5254979359173314
GF,A3,A3__shuffle101,100.0,relative10_shuffled,GF_A3__shuffle101,no_bias,L2,23,307,spike,0.5205479452054794,0.5081182706182706,0.5002230818592375,0.9982788296041308,0.9983974358974358,0.9983318319821173,0.49027916527916515,0.5238095238095238,0.530964405964406,0.5218332328873748
GF,A3,A3__shuffle101,0.01,relative10_shuffled,GF_A3__shuffle101,affine,L2,23,307,spike,0.5753424657534246,0.55868228993229,0.5466495629211147,0.9845094664371773,0.9842058562235666,0.9852527296360601,0.42552356629127663,0.5238095238095238,0.5167147667147668,0.5163810152620895
GF,A3,A3__shuffle101,0.1,relative10_shuffled,GF_A3__shuffle101,no_bias,L2,23,401,spike,0.5547945205479452,0.5396596459096458,0.5325254674134464,0.9965576592082617,0.9967634489693312,0.9967130986802156,0.45710380305968545,0.49206349206349204,0.49528018278018276,0.4989183644980553
GF,A3,A3__shuffle101,0.01,relative10_shuffled,GF_A3__shuffle101,affine,L2,23,401,spike,0.5684931506849316,0.5497155622155622,0.5430857078059763,0.9810671256454389,0.9809693051928979,0.9819372195027105,0.43125374297733576,0.5238095238095238,0.5201178451178451,0.5293468954980111
GF,A3,A3__shuffle101,0.1,relative10_shuffled,GF_A3__shuffle101,no_bias,L2,23,503,spike,0.5821917808219178,0.571301615051615,0.5699018985064381,0.9965576592082617,0.9967634489693312,0.9967130986802156,0.4254618339177162,0.49206349206349204,0.4940656565656565,0.48508356037423744
GF,A3,A3__shuffle101,100.0,relative10_shuffled,GF_A3__shuffle101,affine,L2,23,503,spike,0.5753424657534246,0.5642600455100455,0.5610952671240058,1.0,1.0,1.0,0.4357399544899545,0.5079365079365079,0.5171176046176046,0.5050528000738848
GF,A3,A3__shuffle211,1.0,whole_count,GF_A3__shuffle211,no_bias,L2,23,-1,spike,0.5753424657534246,0.5588557276057275,0.5604189518890063,0.9879518072289156,0.987659086410981,0.9881978115213083,0.42880335880525344,0.5952380952380952,0.6044853294853295,0.6036134968817525
GF,A3,A3__shuffle211,1.0,whole_count,GF_A3__shuffle211,affine,L2,23,-1,spike,0.6027397260273972,0.5855040792540792,0.582853552781089,0.9862306368330465,0.9858700802102099,0.9865670042010052,0.40036600095613073,0.5873015873015873,0.5952260702260702,0.5944279411520791
GF,A3,A3__shuffle211,10.0,fixed250_ordered,GF_A3__shuffle211,no_bias,L2,23,-1,spike,0.5753424657534246,0.5552100677100676,0.542891551311855,0.9982788296041308,0.9983974358974358,0.9983318319821173,0.44318736818736815,0.5793650793650794,0.5908970658970659,0.590417272530444
GF,A3,A3__shuffle211,100.0,fixed250_ordered,GF_A3__shuffle211,affine,L2,23,-1,spike,0.5547945205479452,0.5364371739371739,0.5216923381998785,1.0,1.0,1.0,0.46356282606282606,0.6031746031746031,0.6131192881192882,0.6059344548789628
GF,A3,A3__shuffle211,1.0,fixed250_shuffled,GF_A3__shuffle211,no_bias,L2,23,101,spike,0.5547945205479452,0.5394723332223331,0.5339422545033555,0.9982788296041308,0.9983974358974358,0.9983318319821173,0.45892510267510267,0.5714285714285714,0.5740680615680614,0.5743303190447265
GF,A3,A3__shuffle211,1.0,fixed250_shuffled,GF_A3__shuffle211,affine,L2,23,101,spike,0.5753424657534246,0.5566981629481629,0.5487541327075295,0.9982788296041308,0.9983974358974358,0.9983818770226538,0.4416992729492729,0.5873015873015873,0.5907347282347282,0.588307424240872
GF,A3,A3__shuffle211,0.01,fixed250_shuffled,GF_A3__shuffle211,no_bias,L2,23,211,spike,0.541095890410959,0.5270625208125207,0.5242507377956295,0.9845094664371773,0.9844564008858759,0.9848989406393981,0.45739388007335524,0.5317460317460317,0.5258056758056757,0.5328929567164861
GF,A3,A3__shuffle211,0.01,fixed250_shuffled,GF_A3__shuffle211,affine,L2,23,211,spike,0.5753424657534246,0.5603556166056165,0.5584925303886993,0.9845094664371773,0.9842071131365883,0.9852192359002406,0.42385149653097176,0.5317460317460317,0.5301346801346801,0.5369378021994456
GF,A3,A3__shuffle211,100.0,fixed250_shuffled,GF_A3__shuffle211,no_bias,L2,23,307,spike,0.541095890410959,0.5305437617937617,0.5184902974891162,0.9982788296041308,0.9983974358974358,0.9983318319821173,0.46785367410367407,0.5476190476190477,0.5607984607984607,0.5473021060275963
GF,A3,A3__shuffle211,100.0,fixed250_shuffled,GF_A3__shuffle211,affine,L2,23,307,spike,0.4931506849315068,0.48017607392607387,0.4790130934316727,1.0,1.0,1.0,0.5198239260739261,0.5555555555555556,0.5714466089466089,0.5490228506630445
GF,A3,A3__shuffle211,100.0,fixed250_shuffled,GF_A3__shuffle211,no_bias,L2,23,401,spike,0.4863013698630137,0.4792721167721168,0.47308034862484827,0.9982788296041308,0.9983974358974358,0.9983318319821173,0.519125319125319,0.5714285714285714,0.5812109187109187,0.5789909629339566
GF,A3,A3__shuffle211,100.0,fixed250_shuffled,GF_A3__shuffle211,affine,L2,23,401,spike,0.4794520547945205,0.46669996669996666,0.4476893183474104,1.0,1.0,1.0,0.5333000333000333,0.6031746031746031,0.6168590668590669,0.6038721989442981
GF,A3,A3__shuffle211,0.01,fixed250_shuffled,GF_A3__shuffle211,no_bias,L2,23,503,spike,0.5821917808219178,0.5668942168942168,0.5583030800757267,0.9879518072289156,0.9874436641672567,0.9880876821310193,0.4205494472730399,0.5714285714285714,0.5768037518037519,0.5766492065993728
GF,A3,A3__shuffle211,0.01,fixed250_shuffled,GF_A3__shuffle211,affine,L2,23,503,spike,0.5821917808219178,0.5634219946719946,0.5597321193405506,0.9845094664371773,0.9842385359621287,0.9852528963193952,0.4208165412901341,0.5952380952380952,0.5920454545454547,0.5959570948827404
GF,A3,A3__shuffle211,1.0,relative10_ordered,GF_A3__shuffle211,no_bias,L2,23,-1,spike,0.684931506849315,0.6619609557109557,0.6673497353624395,0.9982788296041308,0.9983974358974358,0.9983318319821173,0.3364364801864801,0.6825396825396826,0.6850468975468975,0.693588702963703
GF,A3,A3__shuffle211,0.01,relative10_ordered,GF_A3__shuffle211,affine,L2,23,-1,spike,0.7054794520547946,0.6916576479076478,0.6935960324625712,0.9913941480206541,0.9906475354593635,0.9913444513761775,0.2989898875517156,0.6746031746031746,0.6712481962481962,0.6808451572582007
GF,A3,A3__shuffle211,0.01,relative10_shuffled,GF_A3__shuffle211,no_bias,L2,23,101,spike,0.5205479452054794,0.510381979131979,0.5035965066857515,0.9879518072289156,0.9876602721779824,0.9876565741937737,0.47727829304600333,0.5317460317460317,0.5344636844636845,0.5278251216473572
GF,A3,A3__shuffle211,0.01,relative10_shuffled,GF_A3__shuffle211,affine,L2,23,101,spike,0.5821917808219178,0.5721202408702408,0.5684010195460856,0.9827882960413081,0.982571869295462,0.9837263582884322,0.4104516284252212,0.5476190476190477,0.5494468494468495,0.5436838227506282
GF,A3,A3__shuffle211,0.01,relative10_shuffled,GF_A3__shuffle211,no_bias,L2,23,211,spike,0.547945205479452,0.5322052947052945,0.5285198053580407,0.9931153184165232,0.9936152323102009,0.9935516445404199,0.46140993760490634,0.49206349206349204,0.49372895622895624,0.4956659354964638
GF,A3,A3__shuffle211,0.01,relative10_shuffled,GF_A3__shuffle211,affine,L2,23,211,spike,0.5616438356164384,0.5410214785214784,0.537038282278005,0.9862306368330465,0.9858398431516712,0.9865768155638751,0.44481836463019275,0.5317460317460317,0.525511063011063,0.5254979359173314
GF,A3,A3__shuffle211,100.0,relative10_shuffled,GF_A3__shuffle211,no_bias,L2,23,307,spike,0.5205479452054794,0.5081182706182706,0.5002230818592375,0.9982788296041308,0.9983974358974358,0.9983318319821173,0.49027916527916515,0.5238095238095238,0.530964405964406,0.5218332328873748
GF,A3,A3__shuffle211,0.01,relative10_shuffled,GF_A3__shuffle211,affine,L2,23,307,spike,0.5753424657534246,0.55868228993229,0.5466495629211147,0.9845094664371773,0.9842058562235666,0.9852527296360601,0.42552356629127663,0.5238095238095238,0.5167147667147668,0.5163810152620895
GF,A3,A3__shuffle211,0.1,relative10_shuffled,GF_A3__shuffle211,no_bias,L2,23,401,spike,0.5547945205479452,0.5396596459096458,0.5325254674134464,0.9965576592082617,0.9967634489693312,0.9967130986802156,0.45710380305968545,0.49206349206349204,0.49528018278018276,0.4989183644980553
GF,A3,A3__shuffle211,0.01,relative10_shuffled,GF_A3__shuffle211,affine,L2,23,401,spike,0.5684931506849316,0.5497155622155622,0.5430857078059763,0.9810671256454389,0.9809693051928979,0.9819372195027105,0.43125374297733576,0.5238095238095238,0.5201178451178451,0.5293468954980111
GF,A3,A3__shuffle211,0.1,relative10_shuffled,GF_A3__shuffle211,no_bias,L2,23,503,spike,0.5821917808219178,0.571301615051615,0.5699018985064381,0.9965576592082617,0.9967634489693312,0.9967130986802156,0.4254618339177162,0.49206349206349204,0.4940656565656565,0.48508356037423744
GF,A3,A3__shuffle211,100.0,relative10_shuffled,GF_A3__shuffle211,affine,L2,23,503,spike,0.5753424657534246,0.5642600455100455,0.5610952671240058,1.0,1.0,1.0,0.4357399544899545,0.5079365079365079,0.5171176046176046,0.5050528000738848
GF,A3,A3__shuffle307,1.0,whole_count,GF_A3__shuffle307,no_bias,L2,23,-1,spike,0.5753424657534246,0.5588557276057275,0.5604189518890063,0.9879518072289156,0.987659086410981,0.9881978115213083,0.42880335880525344,0.5952380952380952,0.6044853294853295,0.6036134968817525
GF,A3,A3__shuffle307,1.0,whole_count,GF_A3__shuffle307,affine,L2,23,-1,spike,0.6027397260273972,0.5855040792540792,0.582853552781089,0.9862306368330465,0.9858700802102099,0.9865670042010052,0.40036600095613073,0.5873015873015873,0.5952260702260702,0.5944279411520791
GF,A3,A3__shuffle307,10.0,fixed250_ordered,GF_A3__shuffle307,no_bias,L2,23,-1,spike,0.5753424657534246,0.5552100677100676,0.542891551311855,0.9982788296041308,0.9983974358974358,0.9983318319821173,0.44318736818736815,0.5793650793650794,0.5908970658970659,0.590417272530444
GF,A3,A3__shuffle307,100.0,fixed250_ordered,GF_A3__shuffle307,affine,L2,23,-1,spike,0.5547945205479452,0.5364371739371739,0.5216923381998785,1.0,1.0,1.0,0.46356282606282606,0.6031746031746031,0.6131192881192882,0.6059344548789628
GF,A3,A3__shuffle307,1.0,fixed250_shuffled,GF_A3__shuffle307,no_bias,L2,23,101,spike,0.5547945205479452,0.5394723332223331,0.5339422545033555,0.9982788296041308,0.9983974358974358,0.9983318319821173,0.45892510267510267,0.5714285714285714,0.5740680615680614,0.5743303190447265
GF,A3,A3__shuffle307,1.0,fixed250_shuffled,GF_A3__shuffle307,affine,L2,23,101,spike,0.5753424657534246,0.5566981629481629,0.5487541327075295,0.9982788296041308,0.9983974358974358,0.9983818770226538,0.4416992729492729,0.5873015873015873,0.5907347282347282,0.588307424240872
GF,A3,A3__shuffle307,0.01,fixed250_shuffled,GF_A3__shuffle307,no_bias,L2,23,211,spike,0.541095890410959,0.5270625208125207,0.5242507377956295,0.9845094664371773,0.9844564008858759,0.9848989406393981,0.45739388007335524,0.5317460317460317,0.5258056758056757,0.5328929567164861
GF,A3,A3__shuffle307,0.01,fixed250_shuffled,GF_A3__shuffle307,affine,L2,23,211,spike,0.5753424657534246,0.5603556166056165,0.5584925303886993,0.9845094664371773,0.9842071131365883,0.9852192359002406,0.42385149653097176,0.5317460317460317,0.5301346801346801,0.5369378021994456
GF,A3,A3__shuffle307,100.0,fixed250_shuffled,GF_A3__shuffle307,no_bias,L2,23,307,spike,0.541095890410959,0.5305437617937617,0.5184902974891162,0.9982788296041308,0.9983974358974358,0.9983318319821173,0.46785367410367407,0.5476190476190477,0.5607984607984607,0.5473021060275963
GF,A3,A3__shuffle307,100.0,fixed250_shuffled,GF_A3__shuffle307,affine,L2,23,307,spike,0.4931506849315068,0.48017607392607387,0.4790130934316727,1.0,1.0,1.0,0.5198239260739261,0.5555555555555556,0.5714466089466089,0.5490228506630445
GF,A3,A3__shuffle307,100.0,fixed250_shuffled,GF_A3__shuffle307,no_bias,L2,23,401,spike,0.4863013698630137,0.4792721167721168,0.47308034862484827,0.9982788296041308,0.9983974358974358,0.9983318319821173,0.519125319125319,0.5714285714285714,0.5812109187109187,0.5789909629339566
GF,A3,A3__shuffle307,100.0,fixed250_shuffled,GF_A3__shuffle307,affine,L2,23,401,spike,0.4794520547945205,0.46669996669996666,0.4476893183474104,1.0,1.0,1.0,0.5333000333000333,0.6031746031746031,0.6168590668590669,0.6038721989442981
GF,A3,A3__shuffle307,0.01,fixed250_shuffled,GF_A3__shuffle307,no_bias,L2,23,503,spike,0.5821917808219178,0.5668942168942168,0.5583030800757267,0.9879518072289156,0.9874436641672567,0.9880876821310193,0.4205494472730399,0.5714285714285714,0.5768037518037519,0.5766492065993728
GF,A3,A3__shuffle307,0.01,fixed250_shuffled,GF_A3__shuffle307,affine,L2,23,503,spike,0.5821917808219178,0.5634219946719946,0.5597321193405506,0.9845094664371773,0.9842385359621287,0.9852528963193952,0.4208165412901341,0.5952380952380952,0.5920454545454547,0.5959570948827404
GF,A3,A3__shuffle307,1.0,relative10_ordered,GF_A3__shuffle307,no_bias,L2,23,-1,spike,0.684931506849315,0.6619609557109557,0.6673497353624395,0.9982788296041308,0.9983974358974358,0.9983318319821173,0.3364364801864801,0.6825396825396826,0.6850468975468975,0.693588702963703
GF,A3,A3__shuffle307,0.01,relative10_ordered,GF_A3__shuffle307,affine,L2,23,-1,spike,0.7054794520547946,0.6916576479076478,0.6935960324625712,0.9913941480206541,0.9906475354593635,0.9913444513761775,0.2989898875517156,0.6746031746031746,0.6712481962481962,0.6808451572582007
GF,A3,A3__shuffle307,0.01,relative10_shuffled,GF_A3__shuffle307,no_bias,L2,23,101,spike,0.5205479452054794,0.510381979131979,0.5035965066857515,0.9879518072289156,0.9876602721779824,0.9876565741937737,0.47727829304600333,0.5317460317460317,0.5344636844636845,0.5278251216473572
GF,A3,A3__shuffle307,0.01,relative10_shuffled,GF_A3__shuffle307,affine,L2,23,101,spike,0.5821917808219178,0.5721202408702408,0.5684010195460856,0.9827882960413081,0.982571869295462,0.9837263582884322,0.4104516284252212,0.5476190476190477,0.5494468494468495,0.5436838227506282
GF,A3,A3__shuffle307,0.01,relative10_shuffled,GF_A3__shuffle307,no_bias,L2,23,211,spike,0.547945205479452,0.5322052947052945,0.5285198053580407,0.9931153184165232,0.9936152323102009,0.9935516445404199,0.46140993760490634,0.49206349206349204,0.49372895622895624,0.4956659354964638
GF,A3,A3__shuffle307,0.01,relative10_shuffled,GF_A3__shuffle307,affine,L2,23,211,spike,0.5616438356164384,0.5410214785214784,0.537038282278005,0.9862306368330465,0.9858398431516712,0.9865768155638751,0.44481836463019275,0.5317460317460317,0.525511063011063,0.5254979359173314
GF,A3,A3__shuffle307,100.0,relative10_shuffled,GF_A3__shuffle307,no_bias,L2,23,307,spike,0.5205479452054794,0.5081182706182706,0.5002230818592375,0.9982788296041308,0.9983974358974358,0.9983318319821173,0.49027916527916515,0.5238095238095238,0.530964405964406,0.5218332328873748
GF,A3,A3__shuffle307,0.01,relative10_shuffled,GF_A3__shuffle307,affine,L2,23,307,spike,0.5753424657534246,0.55868228993229,0.5466495629211147,0.9845094664371773,0.9842058562235666,0.9852527296360601,0.42552356629127663,0.5238095238095238,0.5167147667147668,0.5163810152620895
GF,A3,A3__shuffle307,0.1,relative10_shuffled,GF_A3__shuffle307,no_bias,L2,23,401,spike,0.5547945205479452,0.5396596459096458,0.5325254674134464,0.9965576592082617,0.9967634489693312,0.9967130986802156,0.45710380305968545,0.49206349206349204,0.49528018278018276,0.4989183644980553
GF,A3,A3__shuffle307,0.01,relative10_shuffled,GF_A3__shuffle307,affine,L2,23,401,spike,0.5684931506849316,0.5497155622155622,0.5430857078059763,0.9810671256454389,0.9809693051928979,0.9819372195027105,0.43125374297733576,0.5238095238095238,0.5201178451178451,0.5293468954980111
GF,A3,A3__shuffle307,0.1,relative10_shuffled,GF_A3__shuffle307,no_bias,L2,23,503,spike,0.5821917808219178,0.571301615051615,0.5699018985064381,0.9965576592082617,0.9967634489693312,0.9967130986802156,0.4254618339177162,0.49206349206349204,0.4940656565656565,0.48508356037423744
GF,A3,A3__shuffle307,100.0,relative10_shuffled,GF_A3__shuffle307,affine,L2,23,503,spike,0.5753424657534246,0.5642600455100455,0.5610952671240058,1.0,1.0,1.0,0.4357399544899545,0.5079365079365079,0.5171176046176046,0.5050528000738848
GF,A3,A3__shuffle401,1.0,whole_count,GF_A3__shuffle401,no_bias,L2,23,-1,spike,0.5753424657534246,0.5588557276057275,0.5604189518890063,0.9879518072289156,0.987659086410981,0.9881978115213083,0.42880335880525344,0.5952380952380952,0.6044853294853295,0.6036134968817525
GF,A3,A3__shuffle401,1.0,whole_count,GF_A3__shuffle401,affine,L2,23,-1,spike,0.6027397260273972,0.5855040792540792,0.582853552781089,0.9862306368330465,0.9858700802102099,0.9865670042010052,0.40036600095613073,0.5873015873015873,0.5952260702260702,0.5944279411520791
GF,A3,A3__shuffle401,10.0,fixed250_ordered,GF_A3__shuffle401,no_bias,L2,23,-1,spike,0.5753424657534246,0.5552100677100676,0.542891551311855,0.9982788296041308,0.9983974358974358,0.9983318319821173,0.44318736818736815,0.5793650793650794,0.5908970658970659,0.590417272530444
GF,A3,A3__shuffle401,100.0,fixed250_ordered,GF_A3__shuffle401,affine,L2,23,-1,spike,0.5547945205479452,0.5364371739371739,0.5216923381998785,1.0,1.0,1.0,0.46356282606282606,0.6031746031746031,0.6131192881192882,0.6059344548789628
GF,A3,A3__shuffle401,1.0,fixed250_shuffled,GF_A3__shuffle401,no_bias,L2,23,101,spike,0.5547945205479452,0.5394723332223331,0.5339422545033555,0.9982788296041308,0.9983974358974358,0.9983318319821173,0.45892510267510267,0.5714285714285714,0.5740680615680614,0.5743303190447265
GF,A3,A3__shuffle401,1.0,fixed250_shuffled,GF_A3__shuffle401,affine,L2,23,101,spike,0.5753424657534246,0.5566981629481629,0.5487541327075295,0.9982788296041308,0.9983974358974358,0.9983818770226538,0.4416992729492729,0.5873015873015873,0.5907347282347282,0.588307424240872
GF,A3,A3__shuffle401,0.01,fixed250_shuffled,GF_A3__shuffle401,no_bias,L2,23,211,spike,0.541095890410959,0.5270625208125207,0.5242507377956295,0.9845094664371773,0.9844564008858759,0.9848989406393981,0.45739388007335524,0.5317460317460317,0.5258056758056757,0.5328929567164861
GF,A3,A3__shuffle401,0.01,fixed250_shuffled,GF_A3__shuffle401,affine,L2,23,211,spike,0.5753424657534246,0.5603556166056165,0.5584925303886993,0.9845094664371773,0.9842071131365883,0.9852192359002406,0.42385149653097176,0.5317460317460317,0.5301346801346801,0.5369378021994456
GF,A3,A3__shuffle401,100.0,fixed250_shuffled,GF_A3__shuffle401,no_bias,L2,23,307,spike,0.541095890410959,0.5305437617937617,0.5184902974891162,0.9982788296041308,0.9983974358974358,0.9983318319821173,0.46785367410367407,0.5476190476190477,0.5607984607984607,0.5473021060275963
GF,A3,A3__shuffle401,100.0,fixed250_shuffled,GF_A3__shuffle401,affine,L2,23,307,spike,0.4931506849315068,0.48017607392607387,0.4790130934316727,1.0,1.0,1.0,0.5198239260739261,0.5555555555555556,0.5714466089466089,0.5490228506630445
GF,A3,A3__shuffle401,100.0,fixed250_shuffled,GF_A3__shuffle401,no_bias,L2,23,401,spike,0.4863013698630137,0.4792721167721168,0.47308034862484827,0.9982788296041308,0.9983974358974358,0.9983318319821173,0.519125319125319,0.5714285714285714,0.5812109187109187,0.5789909629339566
GF,A3,A3__shuffle401,100.0,fixed250_shuffled,GF_A3__shuffle401,affine,L2,23,401,spike,0.4794520547945205,0.46669996669996666,0.4476893183474104,1.0,1.0,1.0,0.5333000333000333,0.6031746031746031,0.6168590668590669,0.6038721989442981
GF,A3,A3__shuffle401,0.01,fixed250_shuffled,GF_A3__shuffle401,no_bias,L2,23,503,spike,0.5821917808219178,0.5668942168942168,0.5583030800757267,0.9879518072289156,0.9874436641672567,0.9880876821310193,0.4205494472730399,0.5714285714285714,0.5768037518037519,0.5766492065993728
GF,A3,A3__shuffle401,0.01,fixed250_shuffled,GF_A3__shuffle401,affine,L2,23,503,spike,0.5821917808219178,0.5634219946719946,0.5597321193405506,0.9845094664371773,0.9842385359621287,0.9852528963193952,0.4208165412901341,0.5952380952380952,0.5920454545454547,0.5959570948827404
GF,A3,A3__shuffle401,1.0,relative10_ordered,GF_A3__shuffle401,no_bias,L2,23,-1,spike,0.684931506849315,0.6619609557109557,0.6673497353624395,0.9982788296041308,0.9983974358974358,0.9983318319821173,0.3364364801864801,0.6825396825396826,0.6850468975468975,0.693588702963703
GF,A3,A3__shuffle401,0.01,relative10_ordered,GF_A3__shuffle401,affine,L2,23,-1,spike,0.7054794520547946,0.6916576479076478,0.6935960324625712,0.9913941480206541,0.9906475354593635,0.9913444513761775,0.2989898875517156,0.6746031746031746,0.6712481962481962,0.6808451572582007
GF,A3,A3__shuffle401,0.01,relative10_shuffled,GF_A3__shuffle401,no_bias,L2,23,101,spike,0.5205479452054794,0.510381979131979,0.5035965066857515,0.9879518072289156,0.9876602721779824,0.9876565741937737,0.47727829304600333,0.5317460317460317,0.5344636844636845,0.5278251216473572
GF,A3,A3__shuffle401,0.01,relative10_shuffled,GF_A3__shuffle401,affine,L2,23,101,spike,0.5821917808219178,0.5721202408702408,0.5684010195460856,0.9827882960413081,0.982571869295462,0.9837263582884322,0.4104516284252212,0.5476190476190477,0.5494468494468495,0.5436838227506282
GF,A3,A3__shuffle401,0.01,relative10_shuffled,GF_A3__shuffle401,no_bias,L2,23,211,spike,0.547945205479452,0.5322052947052945,0.5285198053580407,0.9931153184165232,0.9936152323102009,0.9935516445404199,0.46140993760490634,0.49206349206349204,0.49372895622895624,0.4956659354964638
GF,A3,A3__shuffle401,0.01,relative10_shuffled,GF_A3__shuffle401,affine,L2,23,211,spike,0.5616438356164384,0.5410214785214784,0.537038282278005,0.9862306368330465,0.9858398431516712,0.9865768155638751,0.44481836463019275,0.5317460317460317,0.525511063011063,0.5254979359173314
GF,A3,A3__shuffle401,100.0,relative10_shuffled,GF_A3__shuffle401,no_bias,L2,23,307,spike,0.5205479452054794,0.5081182706182706,0.5002230818592375,0.9982788296041308,0.9983974358974358,0.9983318319821173,0.49027916527916515,0.5238095238095238,0.530964405964406,0.5218332328873748
GF,A3,A3__shuffle401,0.01,relative10_shuffled,GF_A3__shuffle401,affine,L2,23,307,spike,0.5753424657534246,0.55868228993229,0.5466495629211147,0.9845094664371773,0.9842058562235666,0.9852527296360601,0.42552356629127663,0.5238095238095238,0.5167147667147668,0.5163810152620895
GF,A3,A3__shuffle401,0.1,relative10_shuffled,GF_A3__shuffle401,no_bias,L2,23,401,spike,0.5547945205479452,0.5396596459096458,0.5325254674134464,0.9965576592082617,0.9967634489693312,0.9967130986802156,0.45710380305968545,0.49206349206349204,0.49528018278018276,0.4989183644980553
GF,A3,A3__shuffle401,0.01,relative10_shuffled,GF_A3__shuffle401,affine,L2,23,401,spike,0.5684931506849316,0.5497155622155622,0.5430857078059763,0.9810671256454389,0.9809693051928979,0.9819372195027105,0.43125374297733576,0.5238095238095238,0.5201178451178451,0.5293468954980111
GF,A3,A3__shuffle401,0.1,relative10_shuffled,GF_A3__shuffle401,no_bias,L2,23,503,spike,0.5821917808219178,0.571301615051615,0.5699018985064381,0.9965576592082617,0.9967634489693312,0.9967130986802156,0.4254618339177162,0.49206349206349204,0.4940656565656565,0.48508356037423744
GF,A3,A3__shuffle401,100.0,relative10_shuffled,GF_A3__shuffle401,affine,L2,23,503,spike,0.5753424657534246,0.5642600455100455,0.5610952671240058,1.0,1.0,1.0,0.4357399544899545,0.5079365079365079,0.5171176046176046,0.5050528000738848
GF,A3,A3__shuffle503,1.0,whole_count,GF_A3__shuffle503,no_bias,L2,23,-1,spike,0.5753424657534246,0.5588557276057275,0.5604189518890063,0.9879518072289156,0.987659086410981,0.9881978115213083,0.42880335880525344,0.5952380952380952,0.6044853294853295,0.6036134968817525
GF,A3,A3__shuffle503,1.0,whole_count,GF_A3__shuffle503,affine,L2,23,-1,spike,0.6027397260273972,0.5855040792540792,0.582853552781089,0.9862306368330465,0.9858700802102099,0.9865670042010052,0.40036600095613073,0.5873015873015873,0.5952260702260702,0.5944279411520791
GF,A3,A3__shuffle503,10.0,fixed250_ordered,GF_A3__shuffle503,no_bias,L2,23,-1,spike,0.5753424657534246,0.5552100677100676,0.542891551311855,0.9982788296041308,0.9983974358974358,0.9983318319821173,0.44318736818736815,0.5793650793650794,0.5908970658970659,0.590417272530444
GF,A3,A3__shuffle503,100.0,fixed250_ordered,GF_A3__shuffle503,affine,L2,23,-1,spike,0.5547945205479452,0.5364371739371739,0.5216923381998785,1.0,1.0,1.0,0.46356282606282606,0.6031746031746031,0.6131192881192882,0.6059344548789628
GF,A3,A3__shuffle503,1.0,fixed250_shuffled,GF_A3__shuffle503,no_bias,L2,23,101,spike,0.5547945205479452,0.5394723332223331,0.5339422545033555,0.9982788296041308,0.9983974358974358,0.9983318319821173,0.45892510267510267,0.5714285714285714,0.5740680615680614,0.5743303190447265
GF,A3,A3__shuffle503,1.0,fixed250_shuffled,GF_A3__shuffle503,affine,L2,23,101,spike,0.5753424657534246,0.5566981629481629,0.5487541327075295,0.9982788296041308,0.9983974358974358,0.9983818770226538,0.4416992729492729,0.5873015873015873,0.5907347282347282,0.588307424240872
GF,A3,A3__shuffle503,0.01,fixed250_shuffled,GF_A3__shuffle503,no_bias,L2,23,211,spike,0.541095890410959,0.5270625208125207,0.5242507377956295,0.9845094664371773,0.9844564008858759,0.9848989406393981,0.45739388007335524,0.5317460317460317,0.5258056758056757,0.5328929567164861
GF,A3,A3__shuffle503,0.01,fixed250_shuffled,GF_A3__shuffle503,affine,L2,23,211,spike,0.5753424657534246,0.5603556166056165,0.5584925303886993,0.9845094664371773,0.9842071131365883,0.9852192359002406,0.42385149653097176,0.5317460317460317,0.5301346801346801,0.5369378021994456
GF,A3,A3__shuffle503,100.0,fixed250_shuffled,GF_A3__shuffle503,no_bias,L2,23,307,spike,0.541095890410959,0.5305437617937617,0.5184902974891162,0.9982788296041308,0.9983974358974358,0.9983318319821173,0.46785367410367407,0.5476190476190477,0.5607984607984607,0.5473021060275963
GF,A3,A3__shuffle503,100.0,fixed250_shuffled,GF_A3__shuffle503,affine,L2,23,307,spike,0.4931506849315068,0.48017607392607387,0.4790130934316727,1.0,1.0,1.0,0.5198239260739261,0.5555555555555556,0.5714466089466089,0.5490228506630445
GF,A3,A3__shuffle503,100.0,fixed250_shuffled,GF_A3__shuffle503,no_bias,L2,23,401,spike,0.4863013698630137,0.4792721167721168,0.47308034862484827,0.9982788296041308,0.9983974358974358,0.9983318319821173,0.519125319125319,0.5714285714285714,0.5812109187109187,0.5789909629339566
GF,A3,A3__shuffle503,100.0,fixed250_shuffled,GF_A3__shuffle503,affine,L2,23,401,spike,0.4794520547945205,0.46669996669996666,0.4476893183474104,1.0,1.0,1.0,0.5333000333000333,0.6031746031746031,0.6168590668590669,0.6038721989442981
GF,A3,A3__shuffle503,0.01,fixed250_shuffled,GF_A3__shuffle503,no_bias,L2,23,503,spike,0.5821917808219178,0.5668942168942168,0.5583030800757267,0.9879518072289156,0.9874436641672567,0.9880876821310193,0.4205494472730399,0.5714285714285714,0.5768037518037519,0.5766492065993728
GF,A3,A3__shuffle503,0.01,fixed250_shuffled,GF_A3__shuffle503,affine,L2,23,503,spike,0.5821917808219178,0.5634219946719946,0.5597321193405506,0.9845094664371773,0.9842385359621287,0.9852528963193952,0.4208165412901341,0.5952380952380952,0.5920454545454547,0.5959570948827404
GF,A3,A3__shuffle503,1.0,relative10_ordered,GF_A3__shuffle503,no_bias,L2,23,-1,spike,0.684931506849315,0.6619609557109557,0.6673497353624395,0.9982788296041308,0.9983974358974358,0.9983318319821173,0.3364364801864801,0.6825396825396826,0.6850468975468975,0.693588702963703
GF,A3,A3__shuffle503,0.01,relative10_ordered,GF_A3__shuffle503,affine,L2,23,-1,spike,0.7054794520547946,0.6916576479076478,0.6935960324625712,0.9913941480206541,0.9906475354593635,0.9913444513761775,0.2989898875517156,0.6746031746031746,0.6712481962481962,0.6808451572582007
GF,A3,A3__shuffle503,0.01,relative10_shuffled,GF_A3__shuffle503,no_bias,L2,23,101,spike,0.5205479452054794,0.510381979131979,0.5035965066857515,0.9879518072289156,0.9876602721779824,0.9876565741937737,0.47727829304600333,0.5317460317460317,0.5344636844636845,0.5278251216473572
GF,A3,A3__shuffle503,0.01,relative10_shuffled,GF_A3__shuffle503,affine,L2,23,101,spike,0.5821917808219178,0.5721202408702408,0.5684010195460856,0.9827882960413081,0.982571869295462,0.9837263582884322,0.4104516284252212,0.5476190476190477,0.5494468494468495,0.5436838227506282
GF,A3,A3__shuffle503,0.01,relative10_shuffled,GF_A3__shuffle503,no_bias,L2,23,211,spike,0.547945205479452,0.5322052947052945,0.5285198053580407,0.9931153184165232,0.9936152323102009,0.9935516445404199,0.46140993760490634,0.49206349206349204,0.49372895622895624,0.4956659354964638
GF,A3,A3__shuffle503,0.01,relative10_shuffled,GF_A3__shuffle503,affine,L2,23,211,spike,0.5616438356164384,0.5410214785214784,0.537038282278005,0.9862306368330465,0.9858398431516712,0.9865768155638751,0.44481836463019275,0.5317460317460317,0.525511063011063,0.5254979359173314
GF,A3,A3__shuffle503,100.0,relative10_shuffled,GF_A3__shuffle503,no_bias,L2,23,307,spike,0.5205479452054794,0.5081182706182706,0.5002230818592375,0.9982788296041308,0.9983974358974358,0.9983318319821173,0.49027916527916515,0.5238095238095238,0.530964405964406,0.5218332328873748
GF,A3,A3__shuffle503,0.01,relative10_shuffled,GF_A3__shuffle503,affine,L2,23,307,spike,0.5753424657534246,0.55868228993229,0.5466495629211147,0.9845094664371773,0.9842058562235666,0.9852527296360601,0.42552356629127663,0.5238095238095238,0.5167147667147668,0.5163810152620895
GF,A3,A3__shuffle503,0.1,relative10_shuffled,GF_A3__shuffle503,no_bias,L2,23,401,spike,0.5547945205479452,0.5396596459096458,0.5325254674134464,0.9965576592082617,0.9967634489693312,0.9967130986802156,0.45710380305968545,0.49206349206349204,0.49528018278018276,0.4989183644980553
GF,A3,A3__shuffle503,0.01,relative10_shuffled,GF_A3__shuffle503,affine,L2,23,401,spike,0.5684931506849316,0.5497155622155622,0.5430857078059763,0.9810671256454389,0.9809693051928979,0.9819372195027105,0.43125374297733576,0.5238095238095238,0.5201178451178451,0.5293468954980111
GF,A3,A3__shuffle503,0.1,relative10_shuffled,GF_A3__shuffle503,no_bias,L2,23,503,spike,0.5821917808219178,0.571301615051615,0.5699018985064381,0.9965576592082617,0.9967634489693312,0.9967130986802156,0.4254618339177162,0.49206349206349204,0.4940656565656565,0.48508356037423744
GF,A3,A3__shuffle503,100.0,relative10_shuffled,GF_A3__shuffle503,affine,L2,23,503,spike,0.5753424657534246,0.5642600455100455,0.5610952671240058,1.0,1.0,1.0,0.4357399544899545,0.5079365079365079,0.5171176046176046,0.5050528000738848
GF,A4,A4,1.0,whole_count,GF_A4,no_bias,L2,23,-1,spike,0.5753424657534246,0.5588557276057275,0.5604189518890063,0.9879518072289156,0.987659086410981,0.9881978115213083,0.42880335880525344,0.5952380952380952,0.6044853294853295,0.6036134968817525
GF,A4,A4,1.0,whole_count,GF_A4,affine,L2,23,-1,spike,0.6027397260273972,0.5855040792540792,0.582853552781089,0.9862306368330465,0.9858700802102099,0.9865670042010052,0.40036600095613073,0.5873015873015873,0.5952260702260702,0.5944279411520791
GF,A4,A4,10.0,fixed250_ordered,GF_A4,no_bias,L2,23,-1,spike,0.5753424657534246,0.5552100677100676,0.542891551311855,0.9982788296041308,0.9983974358974358,0.9983318319821173,0.44318736818736815,0.5793650793650794,0.5908970658970659,0.590417272530444
GF,A4,A4,100.0,fixed250_ordered,GF_A4,affine,L2,23,-1,spike,0.5547945205479452,0.5364371739371739,0.5216923381998785,1.0,1.0,1.0,0.46356282606282606,0.6031746031746031,0.6131192881192882,0.6059344548789628
GF,A4,A4,1.0,fixed250_shuffled,GF_A4,no_bias,L2,23,101,spike,0.5547945205479452,0.5394723332223331,0.5339422545033555,0.9982788296041308,0.9983974358974358,0.9983318319821173,0.45892510267510267,0.5714285714285714,0.5740680615680614,0.5743303190447265
GF,A4,A4,1.0,fixed250_shuffled,GF_A4,affine,L2,23,101,spike,0.5753424657534246,0.5566981629481629,0.5487541327075295,0.9982788296041308,0.9983974358974358,0.9983818770226538,0.4416992729492729,0.5873015873015873,0.5907347282347282,0.588307424240872
GF,A4,A4,0.01,fixed250_shuffled,GF_A4,no_bias,L2,23,211,spike,0.541095890410959,0.5270625208125207,0.5242507377956295,0.9845094664371773,0.9844564008858759,0.9848989406393981,0.45739388007335524,0.5317460317460317,0.5258056758056757,0.5328929567164861
GF,A4,A4,0.01,fixed250_shuffled,GF_A4,affine,L2,23,211,spike,0.5753424657534246,0.5603556166056165,0.5584925303886993,0.9845094664371773,0.9842071131365883,0.9852192359002406,0.42385149653097176,0.5317460317460317,0.5301346801346801,0.5369378021994456
GF,A4,A4,100.0,fixed250_shuffled,GF_A4,no_bias,L2,23,307,spike,0.541095890410959,0.5305437617937617,0.5184902974891162,0.9982788296041308,0.9983974358974358,0.9983318319821173,0.46785367410367407,0.5476190476190477,0.5607984607984607,0.5473021060275963
GF,A4,A4,100.0,fixed250_shuffled,GF_A4,affine,L2,23,307,spike,0.4931506849315068,0.48017607392607387,0.4790130934316727,1.0,1.0,1.0,0.5198239260739261,0.5555555555555556,0.5714466089466089,0.5490228506630445
GF,A4,A4,100.0,fixed250_shuffled,GF_A4,no_bias,L2,23,401,spike,0.4863013698630137,0.4792721167721168,0.47308034862484827,0.9982788296041308,0.9983974358974358,0.9983318319821173,0.519125319125319,0.5714285714285714,0.5812109187109187,0.5789909629339566
GF,A4,A4,100.0,fixed250_shuffled,GF_A4,affine,L2,23,401,spike,0.4794520547945205,0.46669996669996666,0.4476893183474104,1.0,1.0,1.0,0.5333000333000333,0.6031746031746031,0.6168590668590669,0.6038721989442981
GF,A4,A4,0.01,fixed250_shuffled,GF_A4,no_bias,L2,23,503,spike,0.5821917808219178,0.5668942168942168,0.5583030800757267,0.9879518072289156,0.9874436641672567,0.9880876821310193,0.4205494472730399,0.5714285714285714,0.5768037518037519,0.5766492065993728
GF,A4,A4,0.01,fixed250_shuffled,GF_A4,affine,L2,23,503,spike,0.5821917808219178,0.5634219946719946,0.5597321193405506,0.9845094664371773,0.9842385359621287,0.9852528963193952,0.4208165412901341,0.5952380952380952,0.5920454545454547,0.5959570948827404
GF,A4,A4,1.0,relative10_ordered,GF_A4,no_bias,L2,23,-1,spike,0.684931506849315,0.6619609557109557,0.6673497353624395,0.9982788296041308,0.9983974358974358,0.9983318319821173,0.3364364801864801,0.6825396825396826,0.6850468975468975,0.693588702963703
GF,A4,A4,0.01,relative10_ordered,GF_A4,affine,L2,23,-1,spike,0.7054794520547946,0.6916576479076478,0.6935960324625712,0.9913941480206541,0.9906475354593635,0.9913444513761775,0.2989898875517156,0.6746031746031746,0.6712481962481962,0.6808451572582007
GF,A4,A4,0.01,relative10_shuffled,GF_A4,no_bias,L2,23,101,spike,0.5205479452054794,0.510381979131979,0.5035965066857515,0.9879518072289156,0.9876602721779824,0.9876565741937737,0.47727829304600333,0.5317460317460317,0.5344636844636845,0.5278251216473572
GF,A4,A4,0.01,relative10_shuffled,GF_A4,affine,L2,23,101,spike,0.5821917808219178,0.5721202408702408,0.5684010195460856,0.9827882960413081,0.982571869295462,0.9837263582884322,0.4104516284252212,0.5476190476190477,0.5494468494468495,0.5436838227506282
GF,A4,A4,0.01,relative10_shuffled,GF_A4,no_bias,L2,23,211,spike,0.547945205479452,0.5322052947052945,0.5285198053580407,0.9931153184165232,0.9936152323102009,0.9935516445404199,0.46140993760490634,0.49206349206349204,0.49372895622895624,0.4956659354964638
GF,A4,A4,0.01,relative10_shuffled,GF_A4,affine,L2,23,211,spike,0.5616438356164384,0.5410214785214784,0.537038282278005,0.9862306368330465,0.9858398431516712,0.9865768155638751,0.44481836463019275,0.5317460317460317,0.525511063011063,0.5254979359173314
GF,A4,A4,100.0,relative10_shuffled,GF_A4,no_bias,L2,23,307,spike,0.5205479452054794,0.5081182706182706,0.5002230818592375,0.9982788296041308,0.9983974358974358,0.9983318319821173,0.49027916527916515,0.5238095238095238,0.530964405964406,0.5218332328873748
GF,A4,A4,0.01,relative10_shuffled,GF_A4,affine,L2,23,307,spike,0.5753424657534246,0.55868228993229,0.5466495629211147,0.9845094664371773,0.9842058562235666,0.9852527296360601,0.42552356629127663,0.5238095238095238,0.5167147667147668,0.5163810152620895
GF,A4,A4,0.1,relative10_shuffled,GF_A4,no_bias,L2,23,401,spike,0.5547945205479452,0.5396596459096458,0.5325254674134464,0.9965576592082617,0.9967634489693312,0.9967130986802156,0.45710380305968545,0.49206349206349204,0.49528018278018276,0.4989183644980553
GF,A4,A4,0.01,relative10_shuffled,GF_A4,affine,L2,23,401,spike,0.5684931506849316,0.5497155622155622,0.5430857078059763,0.9810671256454389,0.9809693051928979,0.9819372195027105,0.43125374297733576,0.5238095238095238,0.5201178451178451,0.5293468954980111
GF,A4,A4,0.1,relative10_shuffled,GF_A4,no_bias,L2,23,503,spike,0.5821917808219178,0.571301615051615,0.5699018985064381,0.9965576592082617,0.9967634489693312,0.9967130986802156,0.4254618339177162,0.49206349206349204,0.4940656565656565,0.48508356037423744
GF,A4,A4,100.0,relative10_shuffled,GF_A4,affine,L2,23,503,spike,0.5753424657534246,0.5642600455100455,0.5610952671240058,1.0,1.0,1.0,0.4357399544899545,0.5079365079365079,0.5171176046176046,0.5050528000738848
GF,A4b,A4b,1.0,whole_count,GF_A4b,no_bias,L2,23,-1,spike,0.5753424657534246,0.5588557276057275,0.5604189518890063,0.9879518072289156,0.987659086410981,0.9881978115213083,0.42880335880525344,0.5952380952380952,0.6044853294853295,0.6036134968817525
GF,A4b,A4b,1.0,whole_count,GF_A4b,affine,L2,23,-1,spike,0.6027397260273972,0.5855040792540792,0.582853552781089,0.9862306368330465,0.9858700802102099,0.9865670042010052,0.40036600095613073,0.5873015873015873,0.5952260702260702,0.5944279411520791
GF,A4b,A4b,10.0,fixed250_ordered,GF_A4b,no_bias,L2,23,-1,spike,0.5753424657534246,0.5552100677100676,0.542891551311855,0.9982788296041308,0.9983974358974358,0.9983318319821173,0.44318736818736815,0.5793650793650794,0.5908970658970659,0.590417272530444
GF,A4b,A4b,100.0,fixed250_ordered,GF_A4b,affine,L2,23,-1,spike,0.5547945205479452,0.5364371739371739,0.5216923381998785,1.0,1.0,1.0,0.46356282606282606,0.6031746031746031,0.6131192881192882,0.6059344548789628
GF,A4b,A4b,1.0,fixed250_shuffled,GF_A4b,no_bias,L2,23,101,spike,0.5547945205479452,0.5394723332223331,0.5339422545033555,0.9982788296041308,0.9983974358974358,0.9983318319821173,0.45892510267510267,0.5714285714285714,0.5740680615680614,0.5743303190447265
GF,A4b,A4b,1.0,fixed250_shuffled,GF_A4b,affine,L2,23,101,spike,0.5753424657534246,0.5566981629481629,0.5487541327075295,0.9982788296041308,0.9983974358974358,0.9983818770226538,0.4416992729492729,0.5873015873015873,0.5907347282347282,0.588307424240872
GF,A4b,A4b,0.01,fixed250_shuffled,GF_A4b,no_bias,L2,23,211,spike,0.541095890410959,0.5270625208125207,0.5242507377956295,0.9845094664371773,0.9844564008858759,0.9848989406393981,0.45739388007335524,0.5317460317460317,0.5258056758056757,0.5328929567164861
GF,A4b,A4b,0.01,fixed250_shuffled,GF_A4b,affine,L2,23,211,spike,0.5753424657534246,0.5603556166056165,0.5584925303886993,0.9845094664371773,0.9842071131365883,0.9852192359002406,0.42385149653097176,0.5317460317460317,0.5301346801346801,0.5369378021994456
GF,A4b,A4b,100.0,fixed250_shuffled,GF_A4b,no_bias,L2,23,307,spike,0.541095890410959,0.5305437617937617,0.5184902974891162,0.9982788296041308,0.9983974358974358,0.9983318319821173,0.46785367410367407,0.5476190476190477,0.5607984607984607,0.5473021060275963
GF,A4b,A4b,100.0,fixed250_shuffled,GF_A4b,affine,L2,23,307,spike,0.4931506849315068,0.48017607392607387,0.4790130934316727,1.0,1.0,1.0,0.5198239260739261,0.5555555555555556,0.5714466089466089,0.5490228506630445
GF,A4b,A4b,100.0,fixed250_shuffled,GF_A4b,no_bias,L2,23,401,spike,0.4863013698630137,0.4792721167721168,0.47308034862484827,0.9982788296041308,0.9983974358974358,0.9983318319821173,0.519125319125319,0.5714285714285714,0.5812109187109187,0.5789909629339566
GF,A4b,A4b,100.0,fixed250_shuffled,GF_A4b,affine,L2,23,401,spike,0.4794520547945205,0.46669996669996666,0.4476893183474104,1.0,1.0,1.0,0.5333000333000333,0.6031746031746031,0.6168590668590669,0.6038721989442981
GF,A4b,A4b,0.01,fixed250_shuffled,GF_A4b,no_bias,L2,23,503,spike,0.5821917808219178,0.5668942168942168,0.5583030800757267,0.9879518072289156,0.9874436641672567,0.9880876821310193,0.4205494472730399,0.5714285714285714,0.5768037518037519,0.5766492065993728
GF,A4b,A4b,0.01,fixed250_shuffled,GF_A4b,affine,L2,23,503,spike,0.5821917808219178,0.5634219946719946,0.5597321193405506,0.9845094664371773,0.9842385359621287,0.9852528963193952,0.4208165412901341,0.5952380952380952,0.5920454545454547,0.5959570948827404
GF,A4b,A4b,1.0,relative10_ordered,GF_A4b,no_bias,L2,23,-1,spike,0.684931506849315,0.6619609557109557,0.6673497353624395,0.9982788296041308,0.9983974358974358,0.9983318319821173,0.3364364801864801,0.6825396825396826,0.6850468975468975,0.693588702963703
GF,A4b,A4b,0.01,relative10_ordered,GF_A4b,affine,L2,23,-1,spike,0.7054794520547946,0.6916576479076478,0.6935960324625712,0.9913941480206541,0.9906475354593635,0.9913444513761775,0.2989898875517156,0.6746031746031746,0.6712481962481962,0.6808451572582007
GF,A4b,A4b,0.01,relative10_shuffled,GF_A4b,no_bias,L2,23,101,spike,0.5205479452054794,0.510381979131979,0.5035965066857515,0.9879518072289156,0.9876602721779824,0.9876565741937737,0.47727829304600333,0.5317460317460317,0.5344636844636845,0.5278251216473572
GF,A4b,A4b,0.01,relative10_shuffled,GF_A4b,affine,L2,23,101,spike,0.5821917808219178,0.5721202408702408,0.5684010195460856,0.9827882960413081,0.982571869295462,0.9837263582884322,0.4104516284252212,0.5476190476190477,0.5494468494468495,0.5436838227506282
GF,A4b,A4b,0.01,relative10_shuffled,GF_A4b,no_bias,L2,23,211,spike,0.547945205479452,0.5322052947052945,0.5285198053580407,0.9931153184165232,0.9936152323102009,0.9935516445404199,0.46140993760490634,0.49206349206349204,0.49372895622895624,0.4956659354964638
GF,A4b,A4b,0.01,relative10_shuffled,GF_A4b,affine,L2,23,211,spike,0.5616438356164384,0.5410214785214784,0.537038282278005,0.9862306368330465,0.9858398431516712,0.9865768155638751,0.44481836463019275,0.5317460317460317,0.525511063011063,0.5254979359173314
GF,A4b,A4b,100.0,relative10_shuffled,GF_A4b,no_bias,L2,23,307,spike,0.5205479452054794,0.5081182706182706,0.5002230818592375,0.9982788296041308,0.9983974358974358,0.9983318319821173,0.49027916527916515,0.5238095238095238,0.530964405964406,0.5218332328873748
GF,A4b,A4b,0.01,relative10_shuffled,GF_A4b,affine,L2,23,307,spike,0.5753424657534246,0.55868228993229,0.5466495629211147,0.9845094664371773,0.9842058562235666,0.9852527296360601,0.42552356629127663,0.5238095238095238,0.5167147667147668,0.5163810152620895
GF,A4b,A4b,0.1,relative10_shuffled,GF_A4b,no_bias,L2,23,401,spike,0.5547945205479452,0.5396596459096458,0.5325254674134464,0.9965576592082617,0.9967634489693312,0.9967130986802156,0.45710380305968545,0.49206349206349204,0.49528018278018276,0.4989183644980553
GF,A4b,A4b,0.01,relative10_shuffled,GF_A4b,affine,L2,23,401,spike,0.5684931506849316,0.5497155622155622,0.5430857078059763,0.9810671256454389,0.9809693051928979,0.9819372195027105,0.43125374297733576,0.5238095238095238,0.5201178451178451,0.5293468954980111
GF,A4b,A4b,0.1,relative10_shuffled,GF_A4b,no_bias,L2,23,503,spike,0.5821917808219178,0.571301615051615,0.5699018985064381,0.9965576592082617,0.9967634489693312,0.9967130986802156,0.4254618339177162,0.49206349206349204,0.4940656565656565,0.48508356037423744
GF,A4b,A4b,100.0,relative10_shuffled,GF_A4b,affine,L2,23,503,spike,0.5753424657534246,0.5642600455100455,0.5610952671240058,1.0,1.0,1.0,0.4357399544899545,0.5079365079365079,0.5171176046176046,0.5050528000738848
GF,A0,A0,0.1,whole_count,GF_A0,no_bias,L2,37,-1,spike,0.6438356164383562,0.6239600677100677,0.6159530409805273,0.9672977624784854,0.9675598989775817,0.9679401318176916,0.3435998312675139,0.5555555555555556,0.5548761423761422,0.5515382600196618
GF,A0,A0,1.0,whole_count,GF_A0,affine,L2,37,-1,spike,0.6643835616438356,0.6475059662559662,0.6393375297541964,0.9862306368330465,0.9858072345591292,0.9866045024835034,0.338301268303163,0.5317460317460317,0.5290824915824917,0.5364694530827253
GF,A0,A0,10.0,fixed250_ordered,GF_A0,no_bias,L2,37,-1,spike,0.6164383561643836,0.5995192307692306,0.5825744343079425,0.9965576592082617,0.9967634489693312,0.9966651757309672,0.3972442182001006,0.5634920634920635,0.5661556036556037,0.5679898976602429
GF,A0,A0,0.001,fixed250_ordered,GF_A0,affine,L2,37,-1,spike,0.6027397260273972,0.5874098124098125,0.5885107307958045,0.927710843373494,0.9241564707917282,0.9302391672062796,0.33674665838191575,0.5476190476190477,0.54246632996633,0.5560080388708389
GF,A0,A0,0.1,fixed250_shuffled,GF_A0,no_bias,L2,37,101,spike,0.541095890410959,0.5283750971250971,0.5211584917053225,0.9965576592082617,0.9967634489693312,0.9966651757309672,0.4683883518442341,0.5,0.5000420875420875,0.5060735844727072
GF,A0,A0,0.1,fixed250_shuffled,GF_A0,affine,L2,37,101,spike,0.547945205479452,0.5367084304584305,0.5264120521188416,0.9931153184165232,0.9932776101893749,0.9935015225035588,0.45656917973094435,0.48412698412698413,0.47623256373256373,0.4839139972228208
GF,A0,A0,100.0,fixed250_shuffled,GF_A0,no_bias,L2,37,211,spike,0.547945205479452,0.5389291264291264,0.5479589785929263,0.9965576592082617,0.9967634489693312,0.9966651757309672,0.45783432254020484,0.49206349206349204,0.4909151034151034,0.48004616664679234
GF,A0,A0,100.0,fixed250_shuffled,GF_A0,affine,L2,37,211,spike,0.5136986301369864,0.5063936063936063,0.5061066168857706,0.9982788296041308,0.9983974358974358,0.9983818770226538,0.4920038295038295,0.47619047619047616,0.4782888407888408,0.4690209779564
GF,A0,A0,0.001,fixed250_shuffled,GF_A0,no_bias,L2,37,307,spike,0.5205479452054794,0.5062881562881563,0.5013112971367784,0.9432013769363167,0.9399369268644072,0.9425710966384249,0.43364877057625095,0.5158730158730159,0.5058982683982683,0.5031300419273713
GF,A0,A0,0.1,fixed250_shuffled,GF_A0,affine,L2,37,307,spike,0.5547945205479452,0.5448051948051947,0.5384719415468844,0.9948364888123924,0.9951294620412267,0.9951878232465293,0.4503242672360319,0.48412698412698413,0.4790464165464165,0.46690885597442405
GF,A0,A0,0.1,fixed250_shuffled,GF_A0,no_bias,L2,37,401,spike,0.5616438356164384,0.5579136141636142,0.5385809239070108,0.9948364888123924,0.9951294620412267,0.9950299407789006,0.4372158478776125,0.5158730158730159,0.5102693602693603,0.5145557570686786
GF,A0,A0,0.01,fixed250_shuffled,GF_A0,affine,L2,37,401,spike,0.5753424657534246,0.5585067710067709,0.552145422307961,0.9810671256454389,0.9812790670592634,0.9822519708367862,0.42277229605249245,0.5158730158730159,0.5068241943241943,0.516996891996892
GF,A0,A0,0.001,fixed250_shuffled,GF_A0,no_bias,L2,37,503,spike,0.5753424657534246,0.5582722832722833,0.5507389401882558,0.9328743545611016,0.931501766491078,0.933721144044127,0.3732294832187947,0.5238095238095238,0.5139430014430014,0.5103018646029399
GF,A0,A0,0.1,fixed250_shuffled,GF_A0,affine,L2,37,503,spike,0.6164383561643836,0.6029893717393717,0.5972145957465024,0.9948364888123924,0.9951294620412267,0.9951878232465293,0.3921400903018549,0.47619047619047616,0.47676767676767673,0.4856450081130388
GF,A0,A0,0.1,relative10_ordered,GF_A0,no_bias,L2,37,-1,spike,0.6917808219178082,0.6754169441669443,0.6650388471842296,0.9965576592082617,0.9967634489693312,0.9966651757309672,0.3213465048023869,0.6428571428571429,0.6306457431457432,0.6354965397079634
GF,A0,A0,0.1,relative10_ordered,GF_A0,affine,L2,37,-1,spike,0.684931506849315,0.666849123099123,0.6642709084471251,0.9982788296041308,0.9983974358974358,0.9983818770226538,0.33154831279831276,0.6349206349206349,0.6299242424242425,0.6376745647368657
GF,A0,A0,0.01,relative10_shuffled,GF_A0,no_bias,L2,37,101,spike,0.5547945205479452,0.548096348096348,0.5446232733878641,0.9862306368330465,0.9870827760228426,0.9868920196092432,0.43898642792649456,0.5079365079365079,0.5073232323232323,0.4994172772872238
GF,A0,A0,10.0,relative10_shuffled,GF_A0,affine,L2,37,101,spike,0.5,0.5004634254634255,0.4898890395130278,0.9982788296041308,0.9983974358974358,0.9983818770226538,0.4979340104340103,0.5158730158730159,0.5158309283309283,0.506131364222135
GF,A0,A0,0.01,relative10_shuffled,GF_A0,no_bias,L2,37,211,spike,0.5821917808219178,0.5631826506826506,0.5475579230374626,0.9879518072289156,0.9887155771839456,0.9884801574087289,0.42553292650129504,0.42063492063492064,0.41978715728715726,0.4175028235199803
GF,A0,A0,0.01,relative10_shuffled,GF_A0,affine,L2,37,211,spike,0.6232876712328768,0.6056748806748806,0.5973054777466542,0.9845094664371773,0.9841744333980262,0.9851246157561157,0.3784995527231456,0.46825396825396826,0.4600709475709475,0.4555879763199633
GF,A0,A0,0.1,relative10_shuffled,GF_A0,no_bias,L2,37,307,spike,0.636986301369863,0.6202623765123764,0.6179983037486853,0.9965576592082617,0.9967634489693312,0.9966651757309672,0.37650107245695486,0.48412698412698413,0.4883778258778259,0.48227464256876024
GF,A0,A0,0.1,relative10_shuffled,GF_A0,affine,L2,37,307,spike,0.6506849315068494,0.6319937007437006,0.6279080057016747,0.9982788296041308,0.9983974358974358,0.9983818770226538,0.36640373515373514,0.48412698412698413,0.47908850408850406,0.4708327745437926
GF,A0,A0,0.01,relative10_shuffled,GF_A0,no_bias,L2,37,401,spike,0.5821917808219178,0.558896658896659,0.5475447287981897,0.9879518072289156,0.9886853401254067,0.9884647828050143,0.4297886812287477,0.4603174603174603,0.4647246272246272,0.46614165709263383
GF,A0,A0,0.01,relative10_shuffled,GF_A0,affine,L2,37,401,spike,0.5684931506849316,0.5447080697080697,0.546007139741535,0.9845094664371773,0.9841744333980262,0.985168802937035,0.4394663636899565,0.47619047619047616,0.46512145262145266,0.45740503323836657
GF,A0,A0,0.01,relative10_shuffled,GF_A0,no_bias,L2,37,503,spike,0.5958904109589042,0.5847714785214785,0.5773262519171823,0.9845094664371773,0.9844248410383708,0.9847588854498847,0.3996533625168923,0.47619047619047616,0.47908249158249155,0.47616797618732604
GF,A0,A0,0.01,relative10_shuffled,GF_A0,affine,L2,37,503,spike,0.5616438356164384,0.5483877233877233,0.5523914637299392,0.9810671256454389,0.9809995422514369,0.9820163274434536,0.4326118188637136,0.48412698412698413,0.48043530543530544,0.4850876677378892
GF,A1,A1,0.1,whole_count,GF_A1,no_bias,L2,37,-1,spike,0.6438356164383562,0.6239600677100677,0.6159530409805273,0.9672977624784854,0.9675598989775817,0.9679401318176916,0.3435998312675139,0.5555555555555556,0.5548761423761422,0.5515382600196618
GF,A1,A1,1.0,whole_count,GF_A1,affine,L2,37,-1,spike,0.6643835616438356,0.6475059662559662,0.6393375297541964,0.9862306368330465,0.9858072345591292,0.9866045024835034,0.338301268303163,0.5317460317460317,0.5290824915824917,0.5364694530827253
GF,A1,A1,10.0,fixed250_ordered,GF_A1,no_bias,L2,37,-1,spike,0.6164383561643836,0.5995192307692306,0.5825744343079425,0.9965576592082617,0.9967634489693312,0.9966651757309672,0.3972442182001006,0.5634920634920635,0.5661556036556037,0.5679898976602429
GF,A1,A1,0.001,fixed250_ordered,GF_A1,affine,L2,37,-1,spike,0.6027397260273972,0.5874098124098125,0.5885107307958045,0.927710843373494,0.9241564707917282,0.9302391672062796,0.33674665838191575,0.5476190476190477,0.54246632996633,0.5560080388708389
GF,A1,A1,0.1,fixed250_shuffled,GF_A1,no_bias,L2,37,101,spike,0.541095890410959,0.5283750971250971,0.5211584917053225,0.9965576592082617,0.9967634489693312,0.9966651757309672,0.4683883518442341,0.5,0.5000420875420875,0.5060735844727072
GF,A1,A1,0.1,fixed250_shuffled,GF_A1,affine,L2,37,101,spike,0.547945205479452,0.5367084304584305,0.5264120521188416,0.9931153184165232,0.9932776101893749,0.9935015225035588,0.45656917973094435,0.48412698412698413,0.47623256373256373,0.4839139972228208
GF,A1,A1,100.0,fixed250_shuffled,GF_A1,no_bias,L2,37,211,spike,0.547945205479452,0.5389291264291264,0.5479589785929263,0.9965576592082617,0.9967634489693312,0.9966651757309672,0.45783432254020484,0.49206349206349204,0.4909151034151034,0.48004616664679234
GF,A1,A1,100.0,fixed250_shuffled,GF_A1,affine,L2,37,211,spike,0.5136986301369864,0.5063936063936063,0.5061066168857706,0.9982788296041308,0.9983974358974358,0.9983818770226538,0.4920038295038295,0.47619047619047616,0.4782888407888408,0.4690209779564
GF,A1,A1,0.001,fixed250_shuffled,GF_A1,no_bias,L2,37,307,spike,0.5205479452054794,0.5062881562881563,0.5013112971367784,0.9432013769363167,0.9399369268644072,0.9425710966384249,0.43364877057625095,0.5158730158730159,0.5058982683982683,0.5031300419273713
GF,A1,A1,0.1,fixed250_shuffled,GF_A1,affine,L2,37,307,spike,0.5547945205479452,0.5448051948051947,0.5384719415468844,0.9948364888123924,0.9951294620412267,0.9951878232465293,0.4503242672360319,0.48412698412698413,0.4790464165464165,0.46690885597442405
GF,A1,A1,0.1,fixed250_shuffled,GF_A1,no_bias,L2,37,401,spike,0.5616438356164384,0.5579136141636142,0.5385809239070108,0.9948364888123924,0.9951294620412267,0.9950299407789006,0.4372158478776125,0.5158730158730159,0.5102693602693603,0.5145557570686786
GF,A1,A1,0.01,fixed250_shuffled,GF_A1,affine,L2,37,401,spike,0.5753424657534246,0.5585067710067709,0.552145422307961,0.9810671256454389,0.9812790670592634,0.9822519708367862,0.42277229605249245,0.5158730158730159,0.5068241943241943,0.516996891996892
GF,A1,A1,0.001,fixed250_shuffled,GF_A1,no_bias,L2,37,503,spike,0.5753424657534246,0.5582722832722833,0.5507389401882558,0.9328743545611016,0.931501766491078,0.933721144044127,0.3732294832187947,0.5238095238095238,0.5139430014430014,0.5103018646029399
GF,A1,A1,0.1,fixed250_shuffled,GF_A1,affine,L2,37,503,spike,0.6164383561643836,0.6029893717393717,0.5972145957465024,0.9948364888123924,0.9951294620412267,0.9951878232465293,0.3921400903018549,0.47619047619047616,0.47676767676767673,0.4856450081130388
GF,A1,A1,0.1,relative10_ordered,GF_A1,no_bias,L2,37,-1,spike,0.6917808219178082,0.6754169441669443,0.6650388471842296,0.9965576592082617,0.9967634489693312,0.9966651757309672,0.3213465048023869,0.6428571428571429,0.6306457431457432,0.6354965397079634
GF,A1,A1,0.1,relative10_ordered,GF_A1,affine,L2,37,-1,spike,0.684931506849315,0.666849123099123,0.6642709084471251,0.9982788296041308,0.9983974358974358,0.9983818770226538,0.33154831279831276,0.6349206349206349,0.6299242424242425,0.6376745647368657
GF,A1,A1,0.01,relative10_shuffled,GF_A1,no_bias,L2,37,101,spike,0.5547945205479452,0.548096348096348,0.5446232733878641,0.9862306368330465,0.9870827760228426,0.9868920196092432,0.43898642792649456,0.5079365079365079,0.5073232323232323,0.4994172772872238
GF,A1,A1,10.0,relative10_shuffled,GF_A1,affine,L2,37,101,spike,0.5,0.5004634254634255,0.4898890395130278,0.9982788296041308,0.9983974358974358,0.9983818770226538,0.4979340104340103,0.5158730158730159,0.5158309283309283,0.506131364222135
GF,A1,A1,0.01,relative10_shuffled,GF_A1,no_bias,L2,37,211,spike,0.5821917808219178,0.5631826506826506,0.5475579230374626,0.9879518072289156,0.9887155771839456,0.9884801574087289,0.42553292650129504,0.42063492063492064,0.41978715728715726,0.4175028235199803
GF,A1,A1,0.01,relative10_shuffled,GF_A1,affine,L2,37,211,spike,0.6232876712328768,0.6056748806748806,0.5973054777466542,0.9845094664371773,0.9841744333980262,0.9851246157561157,0.3784995527231456,0.46825396825396826,0.4600709475709475,0.4555879763199633
GF,A1,A1,0.1,relative10_shuffled,GF_A1,no_bias,L2,37,307,spike,0.636986301369863,0.6202623765123764,0.6179983037486853,0.9965576592082617,0.9967634489693312,0.9966651757309672,0.37650107245695486,0.48412698412698413,0.4883778258778259,0.48227464256876024
GF,A1,A1,0.1,relative10_shuffled,GF_A1,affine,L2,37,307,spike,0.6506849315068494,0.6319937007437006,0.6279080057016747,0.9982788296041308,0.9983974358974358,0.9983818770226538,0.36640373515373514,0.48412698412698413,0.47908850408850406,0.4708327745437926
GF,A1,A1,0.01,relative10_shuffled,GF_A1,no_bias,L2,37,401,spike,0.5821917808219178,0.558896658896659,0.5475447287981897,0.9879518072289156,0.9886853401254067,0.9884647828050143,0.4297886812287477,0.4603174603174603,0.4647246272246272,0.46614165709263383
GF,A1,A1,0.01,relative10_shuffled,GF_A1,affine,L2,37,401,spike,0.5684931506849316,0.5447080697080697,0.546007139741535,0.9845094664371773,0.9841744333980262,0.985168802937035,0.4394663636899565,0.47619047619047616,0.46512145262145266,0.45740503323836657
GF,A1,A1,0.01,relative10_shuffled,GF_A1,no_bias,L2,37,503,spike,0.5958904109589042,0.5847714785214785,0.5773262519171823,0.9845094664371773,0.9844248410383708,0.9847588854498847,0.3996533625168923,0.47619047619047616,0.47908249158249155,0.47616797618732604
GF,A1,A1,0.01,relative10_shuffled,GF_A1,affine,L2,37,503,spike,0.5616438356164384,0.5483877233877233,0.5523914637299392,0.9810671256454389,0.9809995422514369,0.9820163274434536,0.4326118188637136,0.48412698412698413,0.48043530543530544,0.4850876677378892
GF,A2,A2,0.1,whole_count,GF_A2,no_bias,L2,37,-1,spike,0.6438356164383562,0.6239600677100677,0.6159530409805273,0.9672977624784854,0.9675598989775817,0.9679401318176916,0.3435998312675139,0.5555555555555556,0.5548761423761422,0.5515382600196618
GF,A2,A2,1.0,whole_count,GF_A2,affine,L2,37,-1,spike,0.6643835616438356,0.6475059662559662,0.6393375297541964,0.9862306368330465,0.9858072345591292,0.9866045024835034,0.338301268303163,0.5317460317460317,0.5290824915824917,0.5364694530827253
GF,A2,A2,10.0,fixed250_ordered,GF_A2,no_bias,L2,37,-1,spike,0.6164383561643836,0.5995192307692306,0.5825744343079425,0.9965576592082617,0.9967634489693312,0.9966651757309672,0.3972442182001006,0.5634920634920635,0.5661556036556037,0.5679898976602429
GF,A2,A2,0.001,fixed250_ordered,GF_A2,affine,L2,37,-1,spike,0.6027397260273972,0.5874098124098125,0.5885107307958045,0.927710843373494,0.9241564707917282,0.9302391672062796,0.33674665838191575,0.5476190476190477,0.54246632996633,0.5560080388708389
GF,A2,A2,0.1,fixed250_shuffled,GF_A2,no_bias,L2,37,101,spike,0.541095890410959,0.5283750971250971,0.5211584917053225,0.9965576592082617,0.9967634489693312,0.9966651757309672,0.4683883518442341,0.5,0.5000420875420875,0.5060735844727072
GF,A2,A2,0.1,fixed250_shuffled,GF_A2,affine,L2,37,101,spike,0.547945205479452,0.5367084304584305,0.5264120521188416,0.9931153184165232,0.9932776101893749,0.9935015225035588,0.45656917973094435,0.48412698412698413,0.47623256373256373,0.4839139972228208
GF,A2,A2,100.0,fixed250_shuffled,GF_A2,no_bias,L2,37,211,spike,0.547945205479452,0.5389291264291264,0.5479589785929263,0.9965576592082617,0.9967634489693312,0.9966651757309672,0.45783432254020484,0.49206349206349204,0.4909151034151034,0.48004616664679234
GF,A2,A2,100.0,fixed250_shuffled,GF_A2,affine,L2,37,211,spike,0.5136986301369864,0.5063936063936063,0.5061066168857706,0.9982788296041308,0.9983974358974358,0.9983818770226538,0.4920038295038295,0.47619047619047616,0.4782888407888408,0.4690209779564
GF,A2,A2,0.001,fixed250_shuffled,GF_A2,no_bias,L2,37,307,spike,0.5205479452054794,0.5062881562881563,0.5013112971367784,0.9432013769363167,0.9399369268644072,0.9425710966384249,0.43364877057625095,0.5158730158730159,0.5058982683982683,0.5031300419273713
GF,A2,A2,0.1,fixed250_shuffled,GF_A2,affine,L2,37,307,spike,0.5547945205479452,0.5448051948051947,0.5384719415468844,0.9948364888123924,0.9951294620412267,0.9951878232465293,0.4503242672360319,0.48412698412698413,0.4790464165464165,0.46690885597442405
GF,A2,A2,0.1,fixed250_shuffled,GF_A2,no_bias,L2,37,401,spike,0.5616438356164384,0.5579136141636142,0.5385809239070108,0.9948364888123924,0.9951294620412267,0.9950299407789006,0.4372158478776125,0.5158730158730159,0.5102693602693603,0.5145557570686786
GF,A2,A2,0.01,fixed250_shuffled,GF_A2,affine,L2,37,401,spike,0.5753424657534246,0.5585067710067709,0.552145422307961,0.9810671256454389,0.9812790670592634,0.9822519708367862,0.42277229605249245,0.5158730158730159,0.5068241943241943,0.516996891996892
GF,A2,A2,0.001,fixed250_shuffled,GF_A2,no_bias,L2,37,503,spike,0.5753424657534246,0.5582722832722833,0.5507389401882558,0.9328743545611016,0.931501766491078,0.933721144044127,0.3732294832187947,0.5238095238095238,0.5139430014430014,0.5103018646029399
GF,A2,A2,0.1,fixed250_shuffled,GF_A2,affine,L2,37,503,spike,0.6164383561643836,0.6029893717393717,0.5972145957465024,0.9948364888123924,0.9951294620412267,0.9951878232465293,0.3921400903018549,0.47619047619047616,0.47676767676767673,0.4856450081130388
GF,A2,A2,0.1,relative10_ordered,GF_A2,no_bias,L2,37,-1,spike,0.6917808219178082,0.6754169441669443,0.6650388471842296,0.9965576592082617,0.9967634489693312,0.9966651757309672,0.3213465048023869,0.6428571428571429,0.6306457431457432,0.6354965397079634
GF,A2,A2,0.1,relative10_ordered,GF_A2,affine,L2,37,-1,spike,0.684931506849315,0.666849123099123,0.6642709084471251,0.9982788296041308,0.9983974358974358,0.9983818770226538,0.33154831279831276,0.6349206349206349,0.6299242424242425,0.6376745647368657
GF,A2,A2,0.01,relative10_shuffled,GF_A2,no_bias,L2,37,101,spike,0.5547945205479452,0.548096348096348,0.5446232733878641,0.9862306368330465,0.9870827760228426,0.9868920196092432,0.43898642792649456,0.5079365079365079,0.5073232323232323,0.4994172772872238
GF,A2,A2,10.0,relative10_shuffled,GF_A2,affine,L2,37,101,spike,0.5,0.5004634254634255,0.4898890395130278,0.9982788296041308,0.9983974358974358,0.9983818770226538,0.4979340104340103,0.5158730158730159,0.5158309283309283,0.506131364222135
GF,A2,A2,0.01,relative10_shuffled,GF_A2,no_bias,L2,37,211,spike,0.5821917808219178,0.5631826506826506,0.5475579230374626,0.9879518072289156,0.9887155771839456,0.9884801574087289,0.42553292650129504,0.42063492063492064,0.41978715728715726,0.4175028235199803
GF,A2,A2,0.01,relative10_shuffled,GF_A2,affine,L2,37,211,spike,0.6232876712328768,0.6056748806748806,0.5973054777466542,0.9845094664371773,0.9841744333980262,0.9851246157561157,0.3784995527231456,0.46825396825396826,0.4600709475709475,0.4555879763199633
GF,A2,A2,0.1,relative10_shuffled,GF_A2,no_bias,L2,37,307,spike,0.636986301369863,0.6202623765123764,0.6179983037486853,0.9965576592082617,0.9967634489693312,0.9966651757309672,0.37650107245695486,0.48412698412698413,0.4883778258778259,0.48227464256876024
GF,A2,A2,0.1,relative10_shuffled,GF_A2,affine,L2,37,307,spike,0.6506849315068494,0.6319937007437006,0.6279080057016747,0.9982788296041308,0.9983974358974358,0.9983818770226538,0.36640373515373514,0.48412698412698413,0.47908850408850406,0.4708327745437926
GF,A2,A2,0.01,relative10_shuffled,GF_A2,no_bias,L2,37,401,spike,0.5821917808219178,0.558896658896659,0.5475447287981897,0.9879518072289156,0.9886853401254067,0.9884647828050143,0.4297886812287477,0.4603174603174603,0.4647246272246272,0.46614165709263383
GF,A2,A2,0.01,relative10_shuffled,GF_A2,affine,L2,37,401,spike,0.5684931506849316,0.5447080697080697,0.546007139741535,0.9845094664371773,0.9841744333980262,0.985168802937035,0.4394663636899565,0.47619047619047616,0.46512145262145266,0.45740503323836657
GF,A2,A2,0.01,relative10_shuffled,GF_A2,no_bias,L2,37,503,spike,0.5958904109589042,0.5847714785214785,0.5773262519171823,0.9845094664371773,0.9844248410383708,0.9847588854498847,0.3996533625168923,0.47619047619047616,0.47908249158249155,0.47616797618732604
GF,A2,A2,0.01,relative10_shuffled,GF_A2,affine,L2,37,503,spike,0.5616438356164384,0.5483877233877233,0.5523914637299392,0.9810671256454389,0.9809995422514369,0.9820163274434536,0.4326118188637136,0.48412698412698413,0.48043530543530544,0.4850876677378892
GF,A3,A3__shuffle101,0.1,whole_count,GF_A3__shuffle101,no_bias,L2,37,-1,spike,0.6438356164383562,0.6239600677100677,0.6159530409805273,0.9672977624784854,0.9675598989775817,0.9679401318176916,0.3435998312675139,0.5555555555555556,0.5548761423761422,0.5515382600196618
GF,A3,A3__shuffle101,1.0,whole_count,GF_A3__shuffle101,affine,L2,37,-1,spike,0.6643835616438356,0.6475059662559662,0.6393375297541964,0.9862306368330465,0.9858072345591292,0.9866045024835034,0.338301268303163,0.5317460317460317,0.5290824915824917,0.5364694530827253
GF,A3,A3__shuffle101,10.0,fixed250_ordered,GF_A3__shuffle101,no_bias,L2,37,-1,spike,0.6164383561643836,0.5995192307692306,0.5825744343079425,0.9965576592082617,0.9967634489693312,0.9966651757309672,0.3972442182001006,0.5634920634920635,0.5661556036556037,0.5679898976602429
GF,A3,A3__shuffle101,0.001,fixed250_ordered,GF_A3__shuffle101,affine,L2,37,-1,spike,0.6027397260273972,0.5874098124098125,0.5885107307958045,0.927710843373494,0.9241564707917282,0.9302391672062796,0.33674665838191575,0.5476190476190477,0.54246632996633,0.5560080388708389
GF,A3,A3__shuffle101,0.1,fixed250_shuffled,GF_A3__shuffle101,no_bias,L2,37,101,spike,0.541095890410959,0.5283750971250971,0.5211584917053225,0.9965576592082617,0.9967634489693312,0.9966651757309672,0.4683883518442341,0.5,0.5000420875420875,0.5060735844727072
GF,A3,A3__shuffle101,0.1,fixed250_shuffled,GF_A3__shuffle101,affine,L2,37,101,spike,0.547945205479452,0.5367084304584305,0.5264120521188416,0.9931153184165232,0.9932776101893749,0.9935015225035588,0.45656917973094435,0.48412698412698413,0.47623256373256373,0.4839139972228208
GF,A3,A3__shuffle101,100.0,fixed250_shuffled,GF_A3__shuffle101,no_bias,L2,37,211,spike,0.547945205479452,0.5389291264291264,0.5479589785929263,0.9965576592082617,0.9967634489693312,0.9966651757309672,0.45783432254020484,0.49206349206349204,0.4909151034151034,0.48004616664679234
GF,A3,A3__shuffle101,100.0,fixed250_shuffled,GF_A3__shuffle101,affine,L2,37,211,spike,0.5136986301369864,0.5063936063936063,0.5061066168857706,0.9982788296041308,0.9983974358974358,0.9983818770226538,0.4920038295038295,0.47619047619047616,0.4782888407888408,0.4690209779564
GF,A3,A3__shuffle101,0.001,fixed250_shuffled,GF_A3__shuffle101,no_bias,L2,37,307,spike,0.5205479452054794,0.5062881562881563,0.5013112971367784,0.9432013769363167,0.9399369268644072,0.9425710966384249,0.43364877057625095,0.5158730158730159,0.5058982683982683,0.5031300419273713
GF,A3,A3__shuffle101,0.1,fixed250_shuffled,GF_A3__shuffle101,affine,L2,37,307,spike,0.5547945205479452,0.5448051948051947,0.5384719415468844,0.9948364888123924,0.9951294620412267,0.9951878232465293,0.4503242672360319,0.48412698412698413,0.4790464165464165,0.46690885597442405
GF,A3,A3__shuffle101,0.1,fixed250_shuffled,GF_A3__shuffle101,no_bias,L2,37,401,spike,0.5616438356164384,0.5579136141636142,0.5385809239070108,0.9948364888123924,0.9951294620412267,0.9950299407789006,0.4372158478776125,0.5158730158730159,0.5102693602693603,0.5145557570686786
GF,A3,A3__shuffle101,0.01,fixed250_shuffled,GF_A3__shuffle101,affine,L2,37,401,spike,0.5753424657534246,0.5585067710067709,0.552145422307961,0.9810671256454389,0.9812790670592634,0.9822519708367862,0.42277229605249245,0.5158730158730159,0.5068241943241943,0.516996891996892
GF,A3,A3__shuffle101,0.001,fixed250_shuffled,GF_A3__shuffle101,no_bias,L2,37,503,spike,0.5753424657534246,0.5582722832722833,0.5507389401882558,0.9328743545611016,0.931501766491078,0.933721144044127,0.3732294832187947,0.5238095238095238,0.5139430014430014,0.5103018646029399
GF,A3,A3__shuffle101,0.1,fixed250_shuffled,GF_A3__shuffle101,affine,L2,37,503,spike,0.6164383561643836,0.6029893717393717,0.5972145957465024,0.9948364888123924,0.9951294620412267,0.9951878232465293,0.3921400903018549,0.47619047619047616,0.47676767676767673,0.4856450081130388
GF,A3,A3__shuffle101,0.1,relative10_ordered,GF_A3__shuffle101,no_bias,L2,37,-1,spike,0.6917808219178082,0.6754169441669443,0.6650388471842296,0.9965576592082617,0.9967634489693312,0.9966651757309672,0.3213465048023869,0.6428571428571429,0.6306457431457432,0.6354965397079634
GF,A3,A3__shuffle101,0.1,relative10_ordered,GF_A3__shuffle101,affine,L2,37,-1,spike,0.684931506849315,0.666849123099123,0.6642709084471251,0.9982788296041308,0.9983974358974358,0.9983818770226538,0.33154831279831276,0.6349206349206349,0.6299242424242425,0.6376745647368657
GF,A3,A3__shuffle101,0.01,relative10_shuffled,GF_A3__shuffle101,no_bias,L2,37,101,spike,0.5547945205479452,0.548096348096348,0.5446232733878641,0.9862306368330465,0.9870827760228426,0.9868920196092432,0.43898642792649456,0.5079365079365079,0.5073232323232323,0.4994172772872238
GF,A3,A3__shuffle101,10.0,relative10_shuffled,GF_A3__shuffle101,affine,L2,37,101,spike,0.5,0.5004634254634255,0.4898890395130278,0.9982788296041308,0.9983974358974358,0.9983818770226538,0.4979340104340103,0.5158730158730159,0.5158309283309283,0.506131364222135
GF,A3,A3__shuffle101,0.01,relative10_shuffled,GF_A3__shuffle101,no_bias,L2,37,211,spike,0.5821917808219178,0.5631826506826506,0.5475579230374626,0.9879518072289156,0.9887155771839456,0.9884801574087289,0.42553292650129504,0.42063492063492064,0.41978715728715726,0.4175028235199803
GF,A3,A3__shuffle101,0.01,relative10_shuffled,GF_A3__shuffle101,affine,L2,37,211,spike,0.6232876712328768,0.6056748806748806,0.5973054777466542,0.9845094664371773,0.9841744333980262,0.9851246157561157,0.3784995527231456,0.46825396825396826,0.4600709475709475,0.4555879763199633
GF,A3,A3__shuffle101,0.1,relative10_shuffled,GF_A3__shuffle101,no_bias,L2,37,307,spike,0.636986301369863,0.6202623765123764,0.6179983037486853,0.9965576592082617,0.9967634489693312,0.9966651757309672,0.37650107245695486,0.48412698412698413,0.4883778258778259,0.48227464256876024
GF,A3,A3__shuffle101,0.1,relative10_shuffled,GF_A3__shuffle101,affine,L2,37,307,spike,0.6506849315068494,0.6319937007437006,0.6279080057016747,0.9982788296041308,0.9983974358974358,0.9983818770226538,0.36640373515373514,0.48412698412698413,0.47908850408850406,0.4708327745437926
GF,A3,A3__shuffle101,0.01,relative10_shuffled,GF_A3__shuffle101,no_bias,L2,37,401,spike,0.5821917808219178,0.558896658896659,0.5475447287981897,0.9879518072289156,0.9886853401254067,0.9884647828050143,0.4297886812287477,0.4603174603174603,0.4647246272246272,0.46614165709263383
GF,A3,A3__shuffle101,0.01,relative10_shuffled,GF_A3__shuffle101,affine,L2,37,401,spike,0.5684931506849316,0.5447080697080697,0.546007139741535,0.9845094664371773,0.9841744333980262,0.985168802937035,0.4394663636899565,0.47619047619047616,0.46512145262145266,0.45740503323836657
GF,A3,A3__shuffle101,0.01,relative10_shuffled,GF_A3__shuffle101,no_bias,L2,37,503,spike,0.5958904109589042,0.5847714785214785,0.5773262519171823,0.9845094664371773,0.9844248410383708,0.9847588854498847,0.3996533625168923,0.47619047619047616,0.47908249158249155,0.47616797618732604
GF,A3,A3__shuffle101,0.01,relative10_shuffled,GF_A3__shuffle101,affine,L2,37,503,spike,0.5616438356164384,0.5483877233877233,0.5523914637299392,0.9810671256454389,0.9809995422514369,0.9820163274434536,0.4326118188637136,0.48412698412698413,0.48043530543530544,0.4850876677378892
GF,A3,A3__shuffle211,0.1,whole_count,GF_A3__shuffle211,no_bias,L2,37,-1,spike,0.6438356164383562,0.6239600677100677,0.6159530409805273,0.9672977624784854,0.9675598989775817,0.9679401318176916,0.3435998312675139,0.5555555555555556,0.5548761423761422,0.5515382600196618
GF,A3,A3__shuffle211,1.0,whole_count,GF_A3__shuffle211,affine,L2,37,-1,spike,0.6643835616438356,0.6475059662559662,0.6393375297541964,0.9862306368330465,0.9858072345591292,0.9866045024835034,0.338301268303163,0.5317460317460317,0.5290824915824917,0.5364694530827253
GF,A3,A3__shuffle211,10.0,fixed250_ordered,GF_A3__shuffle211,no_bias,L2,37,-1,spike,0.6164383561643836,0.5995192307692306,0.5825744343079425,0.9965576592082617,0.9967634489693312,0.9966651757309672,0.3972442182001006,0.5634920634920635,0.5661556036556037,0.5679898976602429
GF,A3,A3__shuffle211,0.001,fixed250_ordered,GF_A3__shuffle211,affine,L2,37,-1,spike,0.6027397260273972,0.5874098124098125,0.5885107307958045,0.927710843373494,0.9241564707917282,0.9302391672062796,0.33674665838191575,0.5476190476190477,0.54246632996633,0.5560080388708389
GF,A3,A3__shuffle211,0.1,fixed250_shuffled,GF_A3__shuffle211,no_bias,L2,37,101,spike,0.541095890410959,0.5283750971250971,0.5211584917053225,0.9965576592082617,0.9967634489693312,0.9966651757309672,0.4683883518442341,0.5,0.5000420875420875,0.5060735844727072
GF,A3,A3__shuffle211,0.1,fixed250_shuffled,GF_A3__shuffle211,affine,L2,37,101,spike,0.547945205479452,0.5367084304584305,0.5264120521188416,0.9931153184165232,0.9932776101893749,0.9935015225035588,0.45656917973094435,0.48412698412698413,0.47623256373256373,0.4839139972228208
GF,A3,A3__shuffle211,100.0,fixed250_shuffled,GF_A3__shuffle211,no_bias,L2,37,211,spike,0.547945205479452,0.5389291264291264,0.5479589785929263,0.9965576592082617,0.9967634489693312,0.9966651757309672,0.45783432254020484,0.49206349206349204,0.4909151034151034,0.48004616664679234
GF,A3,A3__shuffle211,100.0,fixed250_shuffled,GF_A3__shuffle211,affine,L2,37,211,spike,0.5136986301369864,0.5063936063936063,0.5061066168857706,0.9982788296041308,0.9983974358974358,0.9983818770226538,0.4920038295038295,0.47619047619047616,0.4782888407888408,0.4690209779564
GF,A3,A3__shuffle211,0.001,fixed250_shuffled,GF_A3__shuffle211,no_bias,L2,37,307,spike,0.5205479452054794,0.5062881562881563,0.5013112971367784,0.9432013769363167,0.9399369268644072,0.9425710966384249,0.43364877057625095,0.5158730158730159,0.5058982683982683,0.5031300419273713
GF,A3,A3__shuffle211,0.1,fixed250_shuffled,GF_A3__shuffle211,affine,L2,37,307,spike,0.5547945205479452,0.5448051948051947,0.5384719415468844,0.9948364888123924,0.9951294620412267,0.9951878232465293,0.4503242672360319,0.48412698412698413,0.4790464165464165,0.46690885597442405
GF,A3,A3__shuffle211,0.1,fixed250_shuffled,GF_A3__shuffle211,no_bias,L2,37,401,spike,0.5616438356164384,0.5579136141636142,0.5385809239070108,0.9948364888123924,0.9951294620412267,0.9950299407789006,0.4372158478776125,0.5158730158730159,0.5102693602693603,0.5145557570686786
GF,A3,A3__shuffle211,0.01,fixed250_shuffled,GF_A3__shuffle211,affine,L2,37,401,spike,0.5753424657534246,0.5585067710067709,0.552145422307961,0.9810671256454389,0.9812790670592634,0.9822519708367862,0.42277229605249245,0.5158730158730159,0.5068241943241943,0.516996891996892
GF,A3,A3__shuffle211,0.001,fixed250_shuffled,GF_A3__shuffle211,no_bias,L2,37,503,spike,0.5753424657534246,0.5582722832722833,0.5507389401882558,0.9328743545611016,0.931501766491078,0.933721144044127,0.3732294832187947,0.5238095238095238,0.5139430014430014,0.5103018646029399
GF,A3,A3__shuffle211,0.1,fixed250_shuffled,GF_A3__shuffle211,affine,L2,37,503,spike,0.6164383561643836,0.6029893717393717,0.5972145957465024,0.9948364888123924,0.9951294620412267,0.9951878232465293,0.3921400903018549,0.47619047619047616,0.47676767676767673,0.4856450081130388
GF,A3,A3__shuffle211,0.1,relative10_ordered,GF_A3__shuffle211,no_bias,L2,37,-1,spike,0.6917808219178082,0.6754169441669443,0.6650388471842296,0.9965576592082617,0.9967634489693312,0.9966651757309672,0.3213465048023869,0.6428571428571429,0.6306457431457432,0.6354965397079634
GF,A3,A3__shuffle211,0.1,relative10_ordered,GF_A3__shuffle211,affine,L2,37,-1,spike,0.684931506849315,0.666849123099123,0.6642709084471251,0.9982788296041308,0.9983974358974358,0.9983818770226538,0.33154831279831276,0.6349206349206349,0.6299242424242425,0.6376745647368657
GF,A3,A3__shuffle211,0.01,relative10_shuffled,GF_A3__shuffle211,no_bias,L2,37,101,spike,0.5547945205479452,0.548096348096348,0.5446232733878641,0.9862306368330465,0.9870827760228426,0.9868920196092432,0.43898642792649456,0.5079365079365079,0.5073232323232323,0.4994172772872238
GF,A3,A3__shuffle211,10.0,relative10_shuffled,GF_A3__shuffle211,affine,L2,37,101,spike,0.5,0.5004634254634255,0.4898890395130278,0.9982788296041308,0.9983974358974358,0.9983818770226538,0.4979340104340103,0.5158730158730159,0.5158309283309283,0.506131364222135
GF,A3,A3__shuffle211,0.01,relative10_shuffled,GF_A3__shuffle211,no_bias,L2,37,211,spike,0.5821917808219178,0.5631826506826506,0.5475579230374626,0.9879518072289156,0.9887155771839456,0.9884801574087289,0.42553292650129504,0.42063492063492064,0.41978715728715726,0.4175028235199803
GF,A3,A3__shuffle211,0.01,relative10_shuffled,GF_A3__shuffle211,affine,L2,37,211,spike,0.6232876712328768,0.6056748806748806,0.5973054777466542,0.9845094664371773,0.9841744333980262,0.9851246157561157,0.3784995527231456,0.46825396825396826,0.4600709475709475,0.4555879763199633
GF,A3,A3__shuffle211,0.1,relative10_shuffled,GF_A3__shuffle211,no_bias,L2,37,307,spike,0.636986301369863,0.6202623765123764,0.6179983037486853,0.9965576592082617,0.9967634489693312,0.9966651757309672,0.37650107245695486,0.48412698412698413,0.4883778258778259,0.48227464256876024
GF,A3,A3__shuffle211,0.1,relative10_shuffled,GF_A3__shuffle211,affine,L2,37,307,spike,0.6506849315068494,0.6319937007437006,0.6279080057016747,0.9982788296041308,0.9983974358974358,0.9983818770226538,0.36640373515373514,0.48412698412698413,0.47908850408850406,0.4708327745437926
GF,A3,A3__shuffle211,0.01,relative10_shuffled,GF_A3__shuffle211,no_bias,L2,37,401,spike,0.5821917808219178,0.558896658896659,0.5475447287981897,0.9879518072289156,0.9886853401254067,0.9884647828050143,0.4297886812287477,0.4603174603174603,0.4647246272246272,0.46614165709263383
GF,A3,A3__shuffle211,0.01,relative10_shuffled,GF_A3__shuffle211,affine,L2,37,401,spike,0.5684931506849316,0.5447080697080697,0.546007139741535,0.9845094664371773,0.9841744333980262,0.985168802937035,0.4394663636899565,0.47619047619047616,0.46512145262145266,0.45740503323836657
GF,A3,A3__shuffle211,0.01,relative10_shuffled,GF_A3__shuffle211,no_bias,L2,37,503,spike,0.5958904109589042,0.5847714785214785,0.5773262519171823,0.9845094664371773,0.9844248410383708,0.9847588854498847,0.3996533625168923,0.47619047619047616,0.47908249158249155,0.47616797618732604
GF,A3,A3__shuffle211,0.01,relative10_shuffled,GF_A3__shuffle211,affine,L2,37,503,spike,0.5616438356164384,0.5483877233877233,0.5523914637299392,0.9810671256454389,0.9809995422514369,0.9820163274434536,0.4326118188637136,0.48412698412698413,0.48043530543530544,0.4850876677378892
GF,A3,A3__shuffle307,0.1,whole_count,GF_A3__shuffle307,no_bias,L2,37,-1,spike,0.6438356164383562,0.6239600677100677,0.6159530409805273,0.9672977624784854,0.9675598989775817,0.9679401318176916,0.3435998312675139,0.5555555555555556,0.5548761423761422,0.5515382600196618
GF,A3,A3__shuffle307,1.0,whole_count,GF_A3__shuffle307,affine,L2,37,-1,spike,0.6643835616438356,0.6475059662559662,0.6393375297541964,0.9862306368330465,0.9858072345591292,0.9866045024835034,0.338301268303163,0.5317460317460317,0.5290824915824917,0.5364694530827253
GF,A3,A3__shuffle307,10.0,fixed250_ordered,GF_A3__shuffle307,no_bias,L2,37,-1,spike,0.6164383561643836,0.5995192307692306,0.5825744343079425,0.9965576592082617,0.9967634489693312,0.9966651757309672,0.3972442182001006,0.5634920634920635,0.5661556036556037,0.5679898976602429
GF,A3,A3__shuffle307,0.001,fixed250_ordered,GF_A3__shuffle307,affine,L2,37,-1,spike,0.6027397260273972,0.5874098124098125,0.5885107307958045,0.927710843373494,0.9241564707917282,0.9302391672062796,0.33674665838191575,0.5476190476190477,0.54246632996633,0.5560080388708389
GF,A3,A3__shuffle307,0.1,fixed250_shuffled,GF_A3__shuffle307,no_bias,L2,37,101,spike,0.541095890410959,0.5283750971250971,0.5211584917053225,0.9965576592082617,0.9967634489693312,0.9966651757309672,0.4683883518442341,0.5,0.5000420875420875,0.5060735844727072
GF,A3,A3__shuffle307,0.1,fixed250_shuffled,GF_A3__shuffle307,affine,L2,37,101,spike,0.547945205479452,0.5367084304584305,0.5264120521188416,0.9931153184165232,0.9932776101893749,0.9935015225035588,0.45656917973094435,0.48412698412698413,0.47623256373256373,0.4839139972228208
GF,A3,A3__shuffle307,100.0,fixed250_shuffled,GF_A3__shuffle307,no_bias,L2,37,211,spike,0.547945205479452,0.5389291264291264,0.5479589785929263,0.9965576592082617,0.9967634489693312,0.9966651757309672,0.45783432254020484,0.49206349206349204,0.4909151034151034,0.48004616664679234
GF,A3,A3__shuffle307,100.0,fixed250_shuffled,GF_A3__shuffle307,affine,L2,37,211,spike,0.5136986301369864,0.5063936063936063,0.5061066168857706,0.9982788296041308,0.9983974358974358,0.9983818770226538,0.4920038295038295,0.47619047619047616,0.4782888407888408,0.4690209779564
GF,A3,A3__shuffle307,0.001,fixed250_shuffled,GF_A3__shuffle307,no_bias,L2,37,307,spike,0.5205479452054794,0.5062881562881563,0.5013112971367784,0.9432013769363167,0.9399369268644072,0.9425710966384249,0.43364877057625095,0.5158730158730159,0.5058982683982683,0.5031300419273713
GF,A3,A3__shuffle307,0.1,fixed250_shuffled,GF_A3__shuffle307,affine,L2,37,307,spike,0.5547945205479452,0.5448051948051947,0.5384719415468844,0.9948364888123924,0.9951294620412267,0.9951878232465293,0.4503242672360319,0.48412698412698413,0.4790464165464165,0.46690885597442405
GF,A3,A3__shuffle307,0.1,fixed250_shuffled,GF_A3__shuffle307,no_bias,L2,37,401,spike,0.5616438356164384,0.5579136141636142,0.5385809239070108,0.9948364888123924,0.9951294620412267,0.9950299407789006,0.4372158478776125,0.5158730158730159,0.5102693602693603,0.5145557570686786
GF,A3,A3__shuffle307,0.01,fixed250_shuffled,GF_A3__shuffle307,affine,L2,37,401,spike,0.5753424657534246,0.5585067710067709,0.552145422307961,0.9810671256454389,0.9812790670592634,0.9822519708367862,0.42277229605249245,0.5158730158730159,0.5068241943241943,0.516996891996892
GF,A3,A3__shuffle307,0.001,fixed250_shuffled,GF_A3__shuffle307,no_bias,L2,37,503,spike,0.5753424657534246,0.5582722832722833,0.5507389401882558,0.9328743545611016,0.931501766491078,0.933721144044127,0.3732294832187947,0.5238095238095238,0.5139430014430014,0.5103018646029399
GF,A3,A3__shuffle307,0.1,fixed250_shuffled,GF_A3__shuffle307,affine,L2,37,503,spike,0.6164383561643836,0.6029893717393717,0.5972145957465024,0.9948364888123924,0.9951294620412267,0.9951878232465293,0.3921400903018549,0.47619047619047616,0.47676767676767673,0.4856450081130388
GF,A3,A3__shuffle307,0.1,relative10_ordered,GF_A3__shuffle307,no_bias,L2,37,-1,spike,0.6917808219178082,0.6754169441669443,0.6650388471842296,0.9965576592082617,0.9967634489693312,0.9966651757309672,0.3213465048023869,0.6428571428571429,0.6306457431457432,0.6354965397079634
GF,A3,A3__shuffle307,0.1,relative10_ordered,GF_A3__shuffle307,affine,L2,37,-1,spike,0.684931506849315,0.666849123099123,0.6642709084471251,0.9982788296041308,0.9983974358974358,0.9983818770226538,0.33154831279831276,0.6349206349206349,0.6299242424242425,0.6376745647368657
GF,A3,A3__shuffle307,0.01,relative10_shuffled,GF_A3__shuffle307,no_bias,L2,37,101,spike,0.5547945205479452,0.548096348096348,0.5446232733878641,0.9862306368330465,0.9870827760228426,0.9868920196092432,0.43898642792649456,0.5079365079365079,0.5073232323232323,0.4994172772872238
GF,A3,A3__shuffle307,10.0,relative10_shuffled,GF_A3__shuffle307,affine,L2,37,101,spike,0.5,0.5004634254634255,0.4898890395130278,0.9982788296041308,0.9983974358974358,0.9983818770226538,0.4979340104340103,0.5158730158730159,0.5158309283309283,0.506131364222135
GF,A3,A3__shuffle307,0.01,relative10_shuffled,GF_A3__shuffle307,no_bias,L2,37,211,spike,0.5821917808219178,0.5631826506826506,0.5475579230374626,0.9879518072289156,0.9887155771839456,0.9884801574087289,0.42553292650129504,0.42063492063492064,0.41978715728715726,0.4175028235199803
GF,A3,A3__shuffle307,0.01,relative10_shuffled,GF_A3__shuffle307,affine,L2,37,211,spike,0.6232876712328768,0.6056748806748806,0.5973054777466542,0.9845094664371773,0.9841744333980262,0.9851246157561157,0.3784995527231456,0.46825396825396826,0.4600709475709475,0.4555879763199633
GF,A3,A3__shuffle307,0.1,relative10_shuffled,GF_A3__shuffle307,no_bias,L2,37,307,spike,0.636986301369863,0.6202623765123764,0.6179983037486853,0.9965576592082617,0.9967634489693312,0.9966651757309672,0.37650107245695486,0.48412698412698413,0.4883778258778259,0.48227464256876024
GF,A3,A3__shuffle307,0.1,relative10_shuffled,GF_A3__shuffle307,affine,L2,37,307,spike,0.6506849315068494,0.6319937007437006,0.6279080057016747,0.9982788296041308,0.9983974358974358,0.9983818770226538,0.36640373515373514,0.48412698412698413,0.47908850408850406,0.4708327745437926
GF,A3,A3__shuffle307,0.01,relative10_shuffled,GF_A3__shuffle307,no_bias,L2,37,401,spike,0.5821917808219178,0.558896658896659,0.5475447287981897,0.9879518072289156,0.9886853401254067,0.9884647828050143,0.4297886812287477,0.4603174603174603,0.4647246272246272,0.46614165709263383
GF,A3,A3__shuffle307,0.01,relative10_shuffled,GF_A3__shuffle307,affine,L2,37,401,spike,0.5684931506849316,0.5447080697080697,0.546007139741535,0.9845094664371773,0.9841744333980262,0.985168802937035,0.4394663636899565,0.47619047619047616,0.46512145262145266,0.45740503323836657
GF,A3,A3__shuffle307,0.01,relative10_shuffled,GF_A3__shuffle307,no_bias,L2,37,503,spike,0.5958904109589042,0.5847714785214785,0.5773262519171823,0.9845094664371773,0.9844248410383708,0.9847588854498847,0.3996533625168923,0.47619047619047616,0.47908249158249155,0.47616797618732604
GF,A3,A3__shuffle307,0.01,relative10_shuffled,GF_A3__shuffle307,affine,L2,37,503,spike,0.5616438356164384,0.5483877233877233,0.5523914637299392,0.9810671256454389,0.9809995422514369,0.9820163274434536,0.4326118188637136,0.48412698412698413,0.48043530543530544,0.4850876677378892
GF,A3,A3__shuffle401,0.1,whole_count,GF_A3__shuffle401,no_bias,L2,37,-1,spike,0.6438356164383562,0.6239600677100677,0.6159530409805273,0.9672977624784854,0.9675598989775817,0.9679401318176916,0.3435998312675139,0.5555555555555556,0.5548761423761422,0.5515382600196618
GF,A3,A3__shuffle401,1.0,whole_count,GF_A3__shuffle401,affine,L2,37,-1,spike,0.6643835616438356,0.6475059662559662,0.6393375297541964,0.9862306368330465,0.9858072345591292,0.9866045024835034,0.338301268303163,0.5317460317460317,0.5290824915824917,0.5364694530827253
GF,A3,A3__shuffle401,10.0,fixed250_ordered,GF_A3__shuffle401,no_bias,L2,37,-1,spike,0.6164383561643836,0.5995192307692306,0.5825744343079425,0.9965576592082617,0.9967634489693312,0.9966651757309672,0.3972442182001006,0.5634920634920635,0.5661556036556037,0.5679898976602429
GF,A3,A3__shuffle401,0.001,fixed250_ordered,GF_A3__shuffle401,affine,L2,37,-1,spike,0.6027397260273972,0.5874098124098125,0.5885107307958045,0.927710843373494,0.9241564707917282,0.9302391672062796,0.33674665838191575,0.5476190476190477,0.54246632996633,0.5560080388708389
GF,A3,A3__shuffle401,0.1,fixed250_shuffled,GF_A3__shuffle401,no_bias,L2,37,101,spike,0.541095890410959,0.5283750971250971,0.5211584917053225,0.9965576592082617,0.9967634489693312,0.9966651757309672,0.4683883518442341,0.5,0.5000420875420875,0.5060735844727072
GF,A3,A3__shuffle401,0.1,fixed250_shuffled,GF_A3__shuffle401,affine,L2,37,101,spike,0.547945205479452,0.5367084304584305,0.5264120521188416,0.9931153184165232,0.9932776101893749,0.9935015225035588,0.45656917973094435,0.48412698412698413,0.47623256373256373,0.4839139972228208
GF,A3,A3__shuffle401,100.0,fixed250_shuffled,GF_A3__shuffle401,no_bias,L2,37,211,spike,0.547945205479452,0.5389291264291264,0.5479589785929263,0.9965576592082617,0.9967634489693312,0.9966651757309672,0.45783432254020484,0.49206349206349204,0.4909151034151034,0.48004616664679234
GF,A3,A3__shuffle401,100.0,fixed250_shuffled,GF_A3__shuffle401,affine,L2,37,211,spike,0.5136986301369864,0.5063936063936063,0.5061066168857706,0.9982788296041308,0.9983974358974358,0.9983818770226538,0.4920038295038295,0.47619047619047616,0.4782888407888408,0.4690209779564
GF,A3,A3__shuffle401,0.001,fixed250_shuffled,GF_A3__shuffle401,no_bias,L2,37,307,spike,0.5205479452054794,0.5062881562881563,0.5013112971367784,0.9432013769363167,0.9399369268644072,0.9425710966384249,0.43364877057625095,0.5158730158730159,0.5058982683982683,0.5031300419273713
GF,A3,A3__shuffle401,0.1,fixed250_shuffled,GF_A3__shuffle401,affine,L2,37,307,spike,0.5547945205479452,0.5448051948051947,0.5384719415468844,0.9948364888123924,0.9951294620412267,0.9951878232465293,0.4503242672360319,0.48412698412698413,0.4790464165464165,0.46690885597442405
GF,A3,A3__shuffle401,0.1,fixed250_shuffled,GF_A3__shuffle401,no_bias,L2,37,401,spike,0.5616438356164384,0.5579136141636142,0.5385809239070108,0.9948364888123924,0.9951294620412267,0.9950299407789006,0.4372158478776125,0.5158730158730159,0.5102693602693603,0.5145557570686786
GF,A3,A3__shuffle401,0.01,fixed250_shuffled,GF_A3__shuffle401,affine,L2,37,401,spike,0.5753424657534246,0.5585067710067709,0.552145422307961,0.9810671256454389,0.9812790670592634,0.9822519708367862,0.42277229605249245,0.5158730158730159,0.5068241943241943,0.516996891996892
GF,A3,A3__shuffle401,0.001,fixed250_shuffled,GF_A3__shuffle401,no_bias,L2,37,503,spike,0.5753424657534246,0.5582722832722833,0.5507389401882558,0.9328743545611016,0.931501766491078,0.933721144044127,0.3732294832187947,0.5238095238095238,0.5139430014430014,0.5103018646029399
GF,A3,A3__shuffle401,0.1,fixed250_shuffled,GF_A3__shuffle401,affine,L2,37,503,spike,0.6164383561643836,0.6029893717393717,0.5972145957465024,0.9948364888123924,0.9951294620412267,0.9951878232465293,0.3921400903018549,0.47619047619047616,0.47676767676767673,0.4856450081130388
GF,A3,A3__shuffle401,0.1,relative10_ordered,GF_A3__shuffle401,no_bias,L2,37,-1,spike,0.6917808219178082,0.6754169441669443,0.6650388471842296,0.9965576592082617,0.9967634489693312,0.9966651757309672,0.3213465048023869,0.6428571428571429,0.6306457431457432,0.6354965397079634
GF,A3,A3__shuffle401,0.1,relative10_ordered,GF_A3__shuffle401,affine,L2,37,-1,spike,0.684931506849315,0.666849123099123,0.6642709084471251,0.9982788296041308,0.9983974358974358,0.9983818770226538,0.33154831279831276,0.6349206349206349,0.6299242424242425,0.6376745647368657
GF,A3,A3__shuffle401,0.01,relative10_shuffled,GF_A3__shuffle401,no_bias,L2,37,101,spike,0.5547945205479452,0.548096348096348,0.5446232733878641,0.9862306368330465,0.9870827760228426,0.9868920196092432,0.43898642792649456,0.5079365079365079,0.5073232323232323,0.4994172772872238
GF,A3,A3__shuffle401,10.0,relative10_shuffled,GF_A3__shuffle401,affine,L2,37,101,spike,0.5,0.5004634254634255,0.4898890395130278,0.9982788296041308,0.9983974358974358,0.9983818770226538,0.4979340104340103,0.5158730158730159,0.5158309283309283,0.506131364222135
GF,A3,A3__shuffle401,0.01,relative10_shuffled,GF_A3__shuffle401,no_bias,L2,37,211,spike,0.5821917808219178,0.5631826506826506,0.5475579230374626,0.9879518072289156,0.9887155771839456,0.9884801574087289,0.42553292650129504,0.42063492063492064,0.41978715728715726,0.4175028235199803
GF,A3,A3__shuffle401,0.01,relative10_shuffled,GF_A3__shuffle401,affine,L2,37,211,spike,0.6232876712328768,0.6056748806748806,0.5973054777466542,0.9845094664371773,0.9841744333980262,0.9851246157561157,0.3784995527231456,0.46825396825396826,0.4600709475709475,0.4555879763199633
GF,A3,A3__shuffle401,0.1,relative10_shuffled,GF_A3__shuffle401,no_bias,L2,37,307,spike,0.636986301369863,0.6202623765123764,0.6179983037486853,0.9965576592082617,0.9967634489693312,0.9966651757309672,0.37650107245695486,0.48412698412698413,0.4883778258778259,0.48227464256876024
GF,A3,A3__shuffle401,0.1,relative10_shuffled,GF_A3__shuffle401,affine,L2,37,307,spike,0.6506849315068494,0.6319937007437006,0.6279080057016747,0.9982788296041308,0.9983974358974358,0.9983818770226538,0.36640373515373514,0.48412698412698413,0.47908850408850406,0.4708327745437926
GF,A3,A3__shuffle401,0.01,relative10_shuffled,GF_A3__shuffle401,no_bias,L2,37,401,spike,0.5821917808219178,0.558896658896659,0.5475447287981897,0.9879518072289156,0.9886853401254067,0.9884647828050143,0.4297886812287477,0.4603174603174603,0.4647246272246272,0.46614165709263383
GF,A3,A3__shuffle401,0.01,relative10_shuffled,GF_A3__shuffle401,affine,L2,37,401,spike,0.5684931506849316,0.5447080697080697,0.546007139741535,0.9845094664371773,0.9841744333980262,0.985168802937035,0.4394663636899565,0.47619047619047616,0.46512145262145266,0.45740503323836657
GF,A3,A3__shuffle401,0.01,relative10_shuffled,GF_A3__shuffle401,no_bias,L2,37,503,spike,0.5958904109589042,0.5847714785214785,0.5773262519171823,0.9845094664371773,0.9844248410383708,0.9847588854498847,0.3996533625168923,0.47619047619047616,0.47908249158249155,0.47616797618732604
GF,A3,A3__shuffle401,0.01,relative10_shuffled,GF_A3__shuffle401,affine,L2,37,503,spike,0.5616438356164384,0.5483877233877233,0.5523914637299392,0.9810671256454389,0.9809995422514369,0.9820163274434536,0.4326118188637136,0.48412698412698413,0.48043530543530544,0.4850876677378892
GF,A3,A3__shuffle503,0.1,whole_count,GF_A3__shuffle503,no_bias,L2,37,-1,spike,0.6438356164383562,0.6239600677100677,0.6159530409805273,0.9672977624784854,0.9675598989775817,0.9679401318176916,0.3435998312675139,0.5555555555555556,0.5548761423761422,0.5515382600196618
GF,A3,A3__shuffle503,1.0,whole_count,GF_A3__shuffle503,affine,L2,37,-1,spike,0.6643835616438356,0.6475059662559662,0.6393375297541964,0.9862306368330465,0.9858072345591292,0.9866045024835034,0.338301268303163,0.5317460317460317,0.5290824915824917,0.5364694530827253
GF,A3,A3__shuffle503,10.0,fixed250_ordered,GF_A3__shuffle503,no_bias,L2,37,-1,spike,0.6164383561643836,0.5995192307692306,0.5825744343079425,0.9965576592082617,0.9967634489693312,0.9966651757309672,0.3972442182001006,0.5634920634920635,0.5661556036556037,0.5679898976602429
GF,A3,A3__shuffle503,0.001,fixed250_ordered,GF_A3__shuffle503,affine,L2,37,-1,spike,0.6027397260273972,0.5874098124098125,0.5885107307958045,0.927710843373494,0.9241564707917282,0.9302391672062796,0.33674665838191575,0.5476190476190477,0.54246632996633,0.5560080388708389
GF,A3,A3__shuffle503,0.1,fixed250_shuffled,GF_A3__shuffle503,no_bias,L2,37,101,spike,0.541095890410959,0.5283750971250971,0.5211584917053225,0.9965576592082617,0.9967634489693312,0.9966651757309672,0.4683883518442341,0.5,0.5000420875420875,0.5060735844727072
GF,A3,A3__shuffle503,0.1,fixed250_shuffled,GF_A3__shuffle503,affine,L2,37,101,spike,0.547945205479452,0.5367084304584305,0.5264120521188416,0.9931153184165232,0.9932776101893749,0.9935015225035588,0.45656917973094435,0.48412698412698413,0.47623256373256373,0.4839139972228208
GF,A3,A3__shuffle503,100.0,fixed250_shuffled,GF_A3__shuffle503,no_bias,L2,37,211,spike,0.547945205479452,0.5389291264291264,0.5479589785929263,0.9965576592082617,0.9967634489693312,0.9966651757309672,0.45783432254020484,0.49206349206349204,0.4909151034151034,0.48004616664679234
GF,A3,A3__shuffle503,100.0,fixed250_shuffled,GF_A3__shuffle503,affine,L2,37,211,spike,0.5136986301369864,0.5063936063936063,0.5061066168857706,0.9982788296041308,0.9983974358974358,0.9983818770226538,0.4920038295038295,0.47619047619047616,0.4782888407888408,0.4690209779564
GF,A3,A3__shuffle503,0.001,fixed250_shuffled,GF_A3__shuffle503,no_bias,L2,37,307,spike,0.5205479452054794,0.5062881562881563,0.5013112971367784,0.9432013769363167,0.9399369268644072,0.9425710966384249,0.43364877057625095,0.5158730158730159,0.5058982683982683,0.5031300419273713
GF,A3,A3__shuffle503,0.1,fixed250_shuffled,GF_A3__shuffle503,affine,L2,37,307,spike,0.5547945205479452,0.5448051948051947,0.5384719415468844,0.9948364888123924,0.9951294620412267,0.9951878232465293,0.4503242672360319,0.48412698412698413,0.4790464165464165,0.46690885597442405
GF,A3,A3__shuffle503,0.1,fixed250_shuffled,GF_A3__shuffle503,no_bias,L2,37,401,spike,0.5616438356164384,0.5579136141636142,0.5385809239070108,0.9948364888123924,0.9951294620412267,0.9950299407789006,0.4372158478776125,0.5158730158730159,0.5102693602693603,0.5145557570686786
GF,A3,A3__shuffle503,0.01,fixed250_shuffled,GF_A3__shuffle503,affine,L2,37,401,spike,0.5753424657534246,0.5585067710067709,0.552145422307961,0.9810671256454389,0.9812790670592634,0.9822519708367862,0.42277229605249245,0.5158730158730159,0.5068241943241943,0.516996891996892
GF,A3,A3__shuffle503,0.001,fixed250_shuffled,GF_A3__shuffle503,no_bias,L2,37,503,spike,0.5753424657534246,0.5582722832722833,0.5507389401882558,0.9328743545611016,0.931501766491078,0.933721144044127,0.3732294832187947,0.5238095238095238,0.5139430014430014,0.5103018646029399
GF,A3,A3__shuffle503,0.1,fixed250_shuffled,GF_A3__shuffle503,affine,L2,37,503,spike,0.6164383561643836,0.6029893717393717,0.5972145957465024,0.9948364888123924,0.9951294620412267,0.9951878232465293,0.3921400903018549,0.47619047619047616,0.47676767676767673,0.4856450081130388
GF,A3,A3__shuffle503,0.1,relative10_ordered,GF_A3__shuffle503,no_bias,L2,37,-1,spike,0.6917808219178082,0.6754169441669443,0.6650388471842296,0.9965576592082617,0.9967634489693312,0.9966651757309672,0.3213465048023869,0.6428571428571429,0.6306457431457432,0.6354965397079634
GF,A3,A3__shuffle503,0.1,relative10_ordered,GF_A3__shuffle503,affine,L2,37,-1,spike,0.684931506849315,0.666849123099123,0.6642709084471251,0.9982788296041308,0.9983974358974358,0.9983818770226538,0.33154831279831276,0.6349206349206349,0.6299242424242425,0.6376745647368657
GF,A3,A3__shuffle503,0.01,relative10_shuffled,GF_A3__shuffle503,no_bias,L2,37,101,spike,0.5547945205479452,0.548096348096348,0.5446232733878641,0.9862306368330465,0.9870827760228426,0.9868920196092432,0.43898642792649456,0.5079365079365079,0.5073232323232323,0.4994172772872238
GF,A3,A3__shuffle503,10.0,relative10_shuffled,GF_A3__shuffle503,affine,L2,37,101,spike,0.5,0.5004634254634255,0.4898890395130278,0.9982788296041308,0.9983974358974358,0.9983818770226538,0.4979340104340103,0.5158730158730159,0.5158309283309283,0.506131364222135
GF,A3,A3__shuffle503,0.01,relative10_shuffled,GF_A3__shuffle503,no_bias,L2,37,211,spike,0.5821917808219178,0.5631826506826506,0.5475579230374626,0.9879518072289156,0.9887155771839456,0.9884801574087289,0.42553292650129504,0.42063492063492064,0.41978715728715726,0.4175028235199803
GF,A3,A3__shuffle503,0.01,relative10_shuffled,GF_A3__shuffle503,affine,L2,37,211,spike,0.6232876712328768,0.6056748806748806,0.5973054777466542,0.9845094664371773,0.9841744333980262,0.9851246157561157,0.3784995527231456,0.46825396825396826,0.4600709475709475,0.4555879763199633
GF,A3,A3__shuffle503,0.1,relative10_shuffled,GF_A3__shuffle503,no_bias,L2,37,307,spike,0.636986301369863,0.6202623765123764,0.6179983037486853,0.9965576592082617,0.9967634489693312,0.9966651757309672,0.37650107245695486,0.48412698412698413,0.4883778258778259,0.48227464256876024
GF,A3,A3__shuffle503,0.1,relative10_shuffled,GF_A3__shuffle503,affine,L2,37,307,spike,0.6506849315068494,0.6319937007437006,0.6279080057016747,0.9982788296041308,0.9983974358974358,0.9983818770226538,0.36640373515373514,0.48412698412698413,0.47908850408850406,0.4708327745437926
GF,A3,A3__shuffle503,0.01,relative10_shuffled,GF_A3__shuffle503,no_bias,L2,37,401,spike,0.5821917808219178,0.558896658896659,0.5475447287981897,0.9879518072289156,0.9886853401254067,0.9884647828050143,0.4297886812287477,0.4603174603174603,0.4647246272246272,0.46614165709263383
GF,A3,A3__shuffle503,0.01,relative10_shuffled,GF_A3__shuffle503,affine,L2,37,401,spike,0.5684931506849316,0.5447080697080697,0.546007139741535,0.9845094664371773,0.9841744333980262,0.985168802937035,0.4394663636899565,0.47619047619047616,0.46512145262145266,0.45740503323836657
GF,A3,A3__shuffle503,0.01,relative10_shuffled,GF_A3__shuffle503,no_bias,L2,37,503,spike,0.5958904109589042,0.5847714785214785,0.5773262519171823,0.9845094664371773,0.9844248410383708,0.9847588854498847,0.3996533625168923,0.47619047619047616,0.47908249158249155,0.47616797618732604
GF,A3,A3__shuffle503,0.01,relative10_shuffled,GF_A3__shuffle503,affine,L2,37,503,spike,0.5616438356164384,0.5483877233877233,0.5523914637299392,0.9810671256454389,0.9809995422514369,0.9820163274434536,0.4326118188637136,0.48412698412698413,0.48043530543530544,0.4850876677378892
GF,A4,A4,0.1,whole_count,GF_A4,no_bias,L2,37,-1,spike,0.6438356164383562,0.6239600677100677,0.6159530409805273,0.9672977624784854,0.9675598989775817,0.9679401318176916,0.3435998312675139,0.5555555555555556,0.5548761423761422,0.5515382600196618
GF,A4,A4,1.0,whole_count,GF_A4,affine,L2,37,-1,spike,0.6643835616438356,0.6475059662559662,0.6393375297541964,0.9862306368330465,0.9858072345591292,0.9866045024835034,0.338301268303163,0.5317460317460317,0.5290824915824917,0.5364694530827253
GF,A4,A4,10.0,fixed250_ordered,GF_A4,no_bias,L2,37,-1,spike,0.6164383561643836,0.5995192307692306,0.5825744343079425,0.9965576592082617,0.9967634489693312,0.9966651757309672,0.3972442182001006,0.5634920634920635,0.5661556036556037,0.5679898976602429
GF,A4,A4,0.001,fixed250_ordered,GF_A4,affine,L2,37,-1,spike,0.6027397260273972,0.5874098124098125,0.5885107307958045,0.927710843373494,0.9241564707917282,0.9302391672062796,0.33674665838191575,0.5476190476190477,0.54246632996633,0.5560080388708389
GF,A4,A4,0.1,fixed250_shuffled,GF_A4,no_bias,L2,37,101,spike,0.541095890410959,0.5283750971250971,0.5211584917053225,0.9965576592082617,0.9967634489693312,0.9966651757309672,0.4683883518442341,0.5,0.5000420875420875,0.5060735844727072
GF,A4,A4,0.1,fixed250_shuffled,GF_A4,affine,L2,37,101,spike,0.547945205479452,0.5367084304584305,0.5264120521188416,0.9931153184165232,0.9932776101893749,0.9935015225035588,0.45656917973094435,0.48412698412698413,0.47623256373256373,0.4839139972228208
GF,A4,A4,100.0,fixed250_shuffled,GF_A4,no_bias,L2,37,211,spike,0.547945205479452,0.5389291264291264,0.5479589785929263,0.9965576592082617,0.9967634489693312,0.9966651757309672,0.45783432254020484,0.49206349206349204,0.4909151034151034,0.48004616664679234
GF,A4,A4,100.0,fixed250_shuffled,GF_A4,affine,L2,37,211,spike,0.5136986301369864,0.5063936063936063,0.5061066168857706,0.9982788296041308,0.9983974358974358,0.9983818770226538,0.4920038295038295,0.47619047619047616,0.4782888407888408,0.4690209779564
GF,A4,A4,0.001,fixed250_shuffled,GF_A4,no_bias,L2,37,307,spike,0.5205479452054794,0.5062881562881563,0.5013112971367784,0.9432013769363167,0.9399369268644072,0.9425710966384249,0.43364877057625095,0.5158730158730159,0.5058982683982683,0.5031300419273713
GF,A4,A4,0.1,fixed250_shuffled,GF_A4,affine,L2,37,307,spike,0.5547945205479452,0.5448051948051947,0.5384719415468844,0.9948364888123924,0.9951294620412267,0.9951878232465293,0.4503242672360319,0.48412698412698413,0.4790464165464165,0.46690885597442405
GF,A4,A4,0.1,fixed250_shuffled,GF_A4,no_bias,L2,37,401,spike,0.5616438356164384,0.5579136141636142,0.5385809239070108,0.9948364888123924,0.9951294620412267,0.9950299407789006,0.4372158478776125,0.5158730158730159,0.5102693602693603,0.5145557570686786
GF,A4,A4,0.01,fixed250_shuffled,GF_A4,affine,L2,37,401,spike,0.5753424657534246,0.5585067710067709,0.552145422307961,0.9810671256454389,0.9812790670592634,0.9822519708367862,0.42277229605249245,0.5158730158730159,0.5068241943241943,0.516996891996892
GF,A4,A4,0.001,fixed250_shuffled,GF_A4,no_bias,L2,37,503,spike,0.5753424657534246,0.5582722832722833,0.5507389401882558,0.9328743545611016,0.931501766491078,0.933721144044127,0.3732294832187947,0.5238095238095238,0.5139430014430014,0.5103018646029399
GF,A4,A4,0.1,fixed250_shuffled,GF_A4,affine,L2,37,503,spike,0.6164383561643836,0.6029893717393717,0.5972145957465024,0.9948364888123924,0.9951294620412267,0.9951878232465293,0.3921400903018549,0.47619047619047616,0.47676767676767673,0.4856450081130388
GF,A4,A4,0.1,relative10_ordered,GF_A4,no_bias,L2,37,-1,spike,0.6917808219178082,0.6754169441669443,0.6650388471842296,0.9965576592082617,0.9967634489693312,0.9966651757309672,0.3213465048023869,0.6428571428571429,0.6306457431457432,0.6354965397079634
GF,A4,A4,0.1,relative10_ordered,GF_A4,affine,L2,37,-1,spike,0.684931506849315,0.666849123099123,0.6642709084471251,0.9982788296041308,0.9983974358974358,0.9983818770226538,0.33154831279831276,0.6349206349206349,0.6299242424242425,0.6376745647368657
GF,A4,A4,0.01,relative10_shuffled,GF_A4,no_bias,L2,37,101,spike,0.5547945205479452,0.548096348096348,0.5446232733878641,0.9862306368330465,0.9870827760228426,0.9868920196092432,0.43898642792649456,0.5079365079365079,0.5073232323232323,0.4994172772872238
GF,A4,A4,10.0,relative10_shuffled,GF_A4,affine,L2,37,101,spike,0.5,0.5004634254634255,0.4898890395130278,0.9982788296041308,0.9983974358974358,0.9983818770226538,0.4979340104340103,0.5158730158730159,0.5158309283309283,0.506131364222135
GF,A4,A4,0.01,relative10_shuffled,GF_A4,no_bias,L2,37,211,spike,0.5821917808219178,0.5631826506826506,0.5475579230374626,0.9879518072289156,0.9887155771839456,0.9884801574087289,0.42553292650129504,0.42063492063492064,0.41978715728715726,0.4175028235199803
GF,A4,A4,0.01,relative10_shuffled,GF_A4,affine,L2,37,211,spike,0.6232876712328768,0.6056748806748806,0.5973054777466542,0.9845094664371773,0.9841744333980262,0.9851246157561157,0.3784995527231456,0.46825396825396826,0.4600709475709475,0.4555879763199633
GF,A4,A4,0.1,relative10_shuffled,GF_A4,no_bias,L2,37,307,spike,0.636986301369863,0.6202623765123764,0.6179983037486853,0.9965576592082617,0.9967634489693312,0.9966651757309672,0.37650107245695486,0.48412698412698413,0.4883778258778259,0.48227464256876024
GF,A4,A4,0.1,relative10_shuffled,GF_A4,affine,L2,37,307,spike,0.6506849315068494,0.6319937007437006,0.6279080057016747,0.9982788296041308,0.9983974358974358,0.9983818770226538,0.36640373515373514,0.48412698412698413,0.47908850408850406,0.4708327745437926
GF,A4,A4,0.01,relative10_shuffled,GF_A4,no_bias,L2,37,401,spike,0.5821917808219178,0.558896658896659,0.5475447287981897,0.9879518072289156,0.9886853401254067,0.9884647828050143,0.4297886812287477,0.4603174603174603,0.4647246272246272,0.46614165709263383
GF,A4,A4,0.01,relative10_shuffled,GF_A4,affine,L2,37,401,spike,0.5684931506849316,0.5447080697080697,0.546007139741535,0.9845094664371773,0.9841744333980262,0.985168802937035,0.4394663636899565,0.47619047619047616,0.46512145262145266,0.45740503323836657
GF,A4,A4,0.01,relative10_shuffled,GF_A4,no_bias,L2,37,503,spike,0.5958904109589042,0.5847714785214785,0.5773262519171823,0.9845094664371773,0.9844248410383708,0.9847588854498847,0.3996533625168923,0.47619047619047616,0.47908249158249155,0.47616797618732604
GF,A4,A4,0.01,relative10_shuffled,GF_A4,affine,L2,37,503,spike,0.5616438356164384,0.5483877233877233,0.5523914637299392,0.9810671256454389,0.9809995422514369,0.9820163274434536,0.4326118188637136,0.48412698412698413,0.48043530543530544,0.4850876677378892
GF,A4b,A4b,0.1,whole_count,GF_A4b,no_bias,L2,37,-1,spike,0.6438356164383562,0.6239600677100677,0.6159530409805273,0.9672977624784854,0.9675598989775817,0.9679401318176916,0.3435998312675139,0.5555555555555556,0.5548761423761422,0.5515382600196618
GF,A4b,A4b,1.0,whole_count,GF_A4b,affine,L2,37,-1,spike,0.6643835616438356,0.6475059662559662,0.6393375297541964,0.9862306368330465,0.9858072345591292,0.9866045024835034,0.338301268303163,0.5317460317460317,0.5290824915824917,0.5364694530827253
GF,A4b,A4b,10.0,fixed250_ordered,GF_A4b,no_bias,L2,37,-1,spike,0.6164383561643836,0.5995192307692306,0.5825744343079425,0.9965576592082617,0.9967634489693312,0.9966651757309672,0.3972442182001006,0.5634920634920635,0.5661556036556037,0.5679898976602429
GF,A4b,A4b,0.001,fixed250_ordered,GF_A4b,affine,L2,37,-1,spike,0.6027397260273972,0.5874098124098125,0.5885107307958045,0.927710843373494,0.9241564707917282,0.9302391672062796,0.33674665838191575,0.5476190476190477,0.54246632996633,0.5560080388708389
GF,A4b,A4b,0.1,fixed250_shuffled,GF_A4b,no_bias,L2,37,101,spike,0.541095890410959,0.5283750971250971,0.5211584917053225,0.9965576592082617,0.9967634489693312,0.9966651757309672,0.4683883518442341,0.5,0.5000420875420875,0.5060735844727072
GF,A4b,A4b,0.1,fixed250_shuffled,GF_A4b,affine,L2,37,101,spike,0.547945205479452,0.5367084304584305,0.5264120521188416,0.9931153184165232,0.9932776101893749,0.9935015225035588,0.45656917973094435,0.48412698412698413,0.47623256373256373,0.4839139972228208
GF,A4b,A4b,100.0,fixed250_shuffled,GF_A4b,no_bias,L2,37,211,spike,0.547945205479452,0.5389291264291264,0.5479589785929263,0.9965576592082617,0.9967634489693312,0.9966651757309672,0.45783432254020484,0.49206349206349204,0.4909151034151034,0.48004616664679234
GF,A4b,A4b,100.0,fixed250_shuffled,GF_A4b,affine,L2,37,211,spike,0.5136986301369864,0.5063936063936063,0.5061066168857706,0.9982788296041308,0.9983974358974358,0.9983818770226538,0.4920038295038295,0.47619047619047616,0.4782888407888408,0.4690209779564
GF,A4b,A4b,0.001,fixed250_shuffled,GF_A4b,no_bias,L2,37,307,spike,0.5205479452054794,0.5062881562881563,0.5013112971367784,0.9432013769363167,0.9399369268644072,0.9425710966384249,0.43364877057625095,0.5158730158730159,0.5058982683982683,0.5031300419273713
GF,A4b,A4b,0.1,fixed250_shuffled,GF_A4b,affine,L2,37,307,spike,0.5547945205479452,0.5448051948051947,0.5384719415468844,0.9948364888123924,0.9951294620412267,0.9951878232465293,0.4503242672360319,0.48412698412698413,0.4790464165464165,0.46690885597442405
GF,A4b,A4b,0.1,fixed250_shuffled,GF_A4b,no_bias,L2,37,401,spike,0.5616438356164384,0.5579136141636142,0.5385809239070108,0.9948364888123924,0.9951294620412267,0.9950299407789006,0.4372158478776125,0.5158730158730159,0.5102693602693603,0.5145557570686786
GF,A4b,A4b,0.01,fixed250_shuffled,GF_A4b,affine,L2,37,401,spike,0.5753424657534246,0.5585067710067709,0.552145422307961,0.9810671256454389,0.9812790670592634,0.9822519708367862,0.42277229605249245,0.5158730158730159,0.5068241943241943,0.516996891996892
GF,A4b,A4b,0.001,fixed250_shuffled,GF_A4b,no_bias,L2,37,503,spike,0.5753424657534246,0.5582722832722833,0.5507389401882558,0.9328743545611016,0.931501766491078,0.933721144044127,0.3732294832187947,0.5238095238095238,0.5139430014430014,0.5103018646029399
GF,A4b,A4b,0.1,fixed250_shuffled,GF_A4b,affine,L2,37,503,spike,0.6164383561643836,0.6029893717393717,0.5972145957465024,0.9948364888123924,0.9951294620412267,0.9951878232465293,0.3921400903018549,0.47619047619047616,0.47676767676767673,0.4856450081130388
GF,A4b,A4b,0.1,relative10_ordered,GF_A4b,no_bias,L2,37,-1,spike,0.6917808219178082,0.6754169441669443,0.6650388471842296,0.9965576592082617,0.9967634489693312,0.9966651757309672,0.3213465048023869,0.6428571428571429,0.6306457431457432,0.6354965397079634
GF,A4b,A4b,0.1,relative10_ordered,GF_A4b,affine,L2,37,-1,spike,0.684931506849315,0.666849123099123,0.6642709084471251,0.9982788296041308,0.9983974358974358,0.9983818770226538,0.33154831279831276,0.6349206349206349,0.6299242424242425,0.6376745647368657
GF,A4b,A4b,0.01,relative10_shuffled,GF_A4b,no_bias,L2,37,101,spike,0.5547945205479452,0.548096348096348,0.5446232733878641,0.9862306368330465,0.9870827760228426,0.9868920196092432,0.43898642792649456,0.5079365079365079,0.5073232323232323,0.4994172772872238
GF,A4b,A4b,10.0,relative10_shuffled,GF_A4b,affine,L2,37,101,spike,0.5,0.5004634254634255,0.4898890395130278,0.9982788296041308,0.9983974358974358,0.9983818770226538,0.4979340104340103,0.5158730158730159,0.5158309283309283,0.506131364222135
GF,A4b,A4b,0.01,relative10_shuffled,GF_A4b,no_bias,L2,37,211,spike,0.5821917808219178,0.5631826506826506,0.5475579230374626,0.9879518072289156,0.9887155771839456,0.9884801574087289,0.42553292650129504,0.42063492063492064,0.41978715728715726,0.4175028235199803
GF,A4b,A4b,0.01,relative10_shuffled,GF_A4b,affine,L2,37,211,spike,0.6232876712328768,0.6056748806748806,0.5973054777466542,0.9845094664371773,0.9841744333980262,0.9851246157561157,0.3784995527231456,0.46825396825396826,0.4600709475709475,0.4555879763199633
GF,A4b,A4b,0.1,relative10_shuffled,GF_A4b,no_bias,L2,37,307,spike,0.636986301369863,0.6202623765123764,0.6179983037486853,0.9965576592082617,0.9967634489693312,0.9966651757309672,0.37650107245695486,0.48412698412698413,0.4883778258778259,0.48227464256876024
GF,A4b,A4b,0.1,relative10_shuffled,GF_A4b,affine,L2,37,307,spike,0.6506849315068494,0.6319937007437006,0.6279080057016747,0.9982788296041308,0.9983974358974358,0.9983818770226538,0.36640373515373514,0.48412698412698413,0.47908850408850406,0.4708327745437926
GF,A4b,A4b,0.01,relative10_shuffled,GF_A4b,no_bias,L2,37,401,spike,0.5821917808219178,0.558896658896659,0.5475447287981897,0.9879518072289156,0.9886853401254067,0.9884647828050143,0.4297886812287477,0.4603174603174603,0.4647246272246272,0.46614165709263383
GF,A4b,A4b,0.01,relative10_shuffled,GF_A4b,affine,L2,37,401,spike,0.5684931506849316,0.5447080697080697,0.546007139741535,0.9845094664371773,0.9841744333980262,0.985168802937035,0.4394663636899565,0.47619047619047616,0.46512145262145266,0.45740503323836657
GF,A4b,A4b,0.01,relative10_shuffled,GF_A4b,no_bias,L2,37,503,spike,0.5958904109589042,0.5847714785214785,0.5773262519171823,0.9845094664371773,0.9844248410383708,0.9847588854498847,0.3996533625168923,0.47619047619047616,0.47908249158249155,0.47616797618732604
GF,A4b,A4b,0.01,relative10_shuffled,GF_A4b,affine,L2,37,503,spike,0.5616438356164384,0.5483877233877233,0.5523914637299392,0.9810671256454389,0.9809995422514369,0.9820163274434536,0.4326118188637136,0.48412698412698413,0.48043530543530544,0.4850876677378892
GJ,A0,A0,0.1,whole_count,GJ_A0,no_bias,L2,11,-1,spike,0.5616438356164384,0.5557803307803307,0.5508362980159319,0.9776247848537005,0.977658561379703,0.9784598743102517,0.42187823059937224,0.5714285714285714,0.5532106782106782,0.553293446739454
GJ,A0,A0,0.01,whole_count,GJ_A0,affine,L2,11,-1,spike,0.6027397260273972,0.5857344044844044,0.5759106738288975,0.9518072289156626,0.9502808145738194,0.9529956071633086,0.364546410089415,0.5873015873015873,0.5677308802308801,0.5698062558356677
GJ,A0,A0,0.01,fixed250_ordered,GJ_A0,no_bias,L2,11,-1,spike,0.5684931506849316,0.5594988344988345,0.5629194168792692,0.9896729776247849,0.9901027190427856,0.9902014838521973,0.43060388454395104,0.6507936507936508,0.6440596440596441,0.6470430907152752
GJ,A0,A0,10.0,fixed250_ordered,GJ_A0,affine,L2,11,-1,spike,0.5068493150684932,0.5019993894993895,0.5056080676468445,1.0,1.0,1.0,0.4980006105006105,0.6190476190476191,0.6188011063011062,0.6316638044472657
GJ,A0,A0,100.0,fixed250_shuffled,GJ_A0,no_bias,L2,11,101,spike,0.4863013698630137,0.47355214230214226,0.4601604686394459,0.9982788296041308,0.9983974358974358,0.9983318319821173,0.5248452935952935,0.5238095238095238,0.5209175084175083,0.5147613557939645
GJ,A0,A0,0.1,fixed250_shuffled,GJ_A0,affine,L2,11,101,spike,0.541095890410959,0.5263999888999888,0.5238876411650047,0.9982788296041308,0.9983974358974358,0.9983818770226538,0.47199744699744695,0.5396825396825397,0.5351010101010101,0.5481818550728333
GJ,A0,A0,10.0,fixed250_shuffled,GJ_A0,no_bias,L2,11,211,spike,0.4863013698630137,0.4843677156177156,0.48568009719325506,0.9982788296041308,0.9983974358974358,0.9983318319821173,0.5140297202797202,0.5634920634920635,0.5653559403559403,0.5774665218458125
GJ,A0,A0,0.1,fixed250_shuffled,GJ_A0,affine,L2,11,211,spike,0.5136986301369864,0.5029532967032967,0.5053337222912895,0.9982788296041308,0.9983974358974358,0.9983818770226538,0.4954441391941391,0.5555555555555556,0.5435305435305435,0.5476847975985085
GJ,A0,A0,10.0,fixed250_shuffled,GJ_A0,no_bias,L2,11,307,spike,0.4863013698630137,0.47901751026751027,0.4762112211353198,0.9982788296041308,0.9983974358974358,0.9983318319821173,0.5193799256299255,0.5476190476190477,0.5462481962481963,0.5455886891098561
GJ,A0,A0,10.0,fixed250_shuffled,GJ_A0,affine,L2,11,307,spike,0.4794520547945205,0.471741452991453,0.4686273916214648,1.0,1.0,1.0,0.528258547008547,0.5714285714285714,0.5613275613275613,0.5702044151877788
GJ,A0,A0,0.001,fixed250_shuffled,GJ_A0,no_bias,L2,11,401,spike,0.541095890410959,0.5207341269841269,0.5109056406085268,0.9500860585197934,0.9485760570335059,0.9507436287881433,0.427841930049379,0.5396825396825397,0.5245430495430495,0.5239880003037897
GJ,A0,A0,10.0,fixed250_shuffled,GJ_A0,affine,L2,11,401,spike,0.541095890410959,0.5373147685647686,0.531373557164609,1.0,1.0,1.0,0.46268523143523144,0.5079365079365079,0.4933682058682058,0.5059551490347122
GJ,A0,A0,10.0,fixed250_shuffled,GJ_A0,no_bias,L2,11,503,spike,0.5205479452054794,0.5078907203907203,0.5124949918714221,0.9982788296041308,0.9983974358974358,0.9983318319821173,0.49050671550671554,0.5714285714285714,0.5721741221741222,0.577558181558221
GJ,A0,A0,10.0,fixed250_shuffled,GJ_A0,affine,L2,11,503,spike,0.5342465753424658,0.5254252691752691,0.5270324623042013,1.0,1.0,1.0,0.4745747308247309,0.5555555555555556,0.5548761423761425,0.5665286404416839
GJ,A0,A0,0.1,relative10_ordered,GJ_A0,no_bias,L2,11,-1,spike,0.6438356164383562,0.629385198135198,0.6255962696382608,0.9982788296041308,0.9983974358974358,0.9983318319821173,0.3690122377622378,0.6746031746031746,0.6642676767676768,0.6741213210892845
GJ,A0,A0,0.01,relative10_ordered,GJ_A0,affine,L2,11,-1,spike,0.6986301369863014,0.6772366522366521,0.6733883193772838,0.9879518072289156,0.9874424072542354,0.9881381374040479,0.3102057550175833,0.6587301587301587,0.6431036556036557,0.6533296127975761
GJ,A0,A0,10.0,relative10_shuffled,GJ_A0,no_bias,L2,11,101,spike,0.5136986301369864,0.5106775169275168,0.508862024650068,0.9982788296041308,0.9983974358974358,0.9983318319821173,0.48771991896991895,0.5238095238095238,0.5179292929292929,0.5155352493510389
GJ,A0,A0,10.0,relative10_shuffled,GJ_A0,affine,L2,11,101,spike,0.5205479452054794,0.5127990065490066,0.513519731409224,1.0,1.0,1.0,0.48720099345099344,0.5238095238095238,0.521969696969697,0.5274760424760425
GJ,A0,A0,1.0,relative10_shuffled,GJ_A0,no_bias,L2,11,211,spike,0.5068493150684932,0.49764541014541,0.48665787535352756,0.9982788296041308,0.9983974358974358,0.9983318319821173,0.5007520257520257,0.5476190476190477,0.5358225108225109,0.5467396532613924
GJ,A0,A0,10.0,relative10_shuffled,GJ_A0,affine,L2,11,211,spike,0.5205479452054794,0.5110001110001109,0.5000687217816153,1.0,1.0,1.0,0.4889998889998891,0.5476190476190477,0.535527898027898,0.5436820586820588
GJ,A0,A0,0.001,relative10_shuffled,GJ_A0,no_bias,L2,11,307,spike,0.5136986301369864,0.495553058053058,0.48466893135319705,0.9707401032702238,0.9709284555196952,0.9719034969390892,0.4753753974666372,0.5476190476190477,0.542003367003367,0.5381528607844397
GJ,A0,A0,0.01,relative10_shuffled,GJ_A0,affine,L2,11,307,spike,0.5547945205479452,0.5398941336441335,0.533468523817466,0.9862306368330465,0.9858084203261308,0.9866053041006849,0.4459142866819973,0.5634920634920635,0.5561928811928811,0.5609070493805429
GJ,A0,A0,0.001,relative10_shuffled,GJ_A0,no_bias,L2,11,401,spike,0.5273972602739726,0.5103708791208791,0.49787136456083503,0.9655765920826161,0.9641341053773028,0.9654907560500985,0.45376322625642374,0.5158730158730159,0.49673520923520925,0.4939306039372502
GJ,A0,A0,0.01,relative10_shuffled,GJ_A0,affine,L2,11,401,spike,0.5616438356164384,0.5476301476301476,0.5361127869706391,0.9862306368330465,0.9858398431516712,0.9865658103600227,0.43820969552152356,0.5158730158730159,0.4903860028860029,0.4853437457604124
GJ,A0,A0,0.01,relative10_shuffled,GJ_A0,no_bias,L2,11,503,spike,0.5273972602739726,0.5150314962814962,0.5115831573755838,0.9862306368330465,0.9868626054410369,0.9871353245988578,0.47183110915954063,0.5079365079365079,0.4799963924963924,0.46773195032998954
GJ,A0,A0,0.1,relative10_shuffled,GJ_A0,affine,L2,11,503,spike,0.5342465753424658,0.5128128815628815,0.5024265082890182,0.9965576592082617,0.996545584045584,0.9966520448207478,0.4837327024827025,0.5238095238095238,0.501497113997114,0.5038498295807142
GJ,A1,A1,0.01,whole_count,GJ_A1,no_bias,L2,11,-1,spike,0.5821917808219178,0.569804501054501,0.5664671939629314,0.9535283993115319,0.9526436727149794,0.9547092563918588,0.38283917166047843,0.5793650793650794,0.5593975468975468,0.561141390308057
GJ,A1,A1,0.01,whole_count,GJ_A1,affine,L2,11,-1,spike,0.6095890410958904,0.5916867854367853,0.581184507500297,0.9518072289156626,0.9507615838045886,0.953283617895345,0.3590747983678033,0.5952380952380952,0.5760642135642136,0.5793610093610094
GJ,A1,A1,0.1,fixed250_ordered,GJ_A1,no_bias,L2,11,-1,spike,0.589041095890411,0.5799714174714174,0.5749839407903924,0.9982788296041308,0.9983974358974358,0.9983318319821173,0.41842601842601834,0.6349206349206349,0.6314333814333815,0.6399477947922475
GJ,A1,A1,0.01,fixed250_ordered,GJ_A1,affine,L2,11,-1,spike,0.5821917808219178,0.5718614718614718,0.5797190867175276,0.9879518072289156,0.9875065098183379,0.9881712629088715,0.415645037956866,0.626984126984127,0.61763468013468,0.6277160126931294
GJ,A1,A1,10.0,fixed250_shuffled,GJ_A1,no_bias,L2,11,101,spike,0.5205479452054794,0.5072212509712509,0.5049116372929384,0.9982788296041308,0.9983974358974358,0.9983318319821173,0.49117618492618487,0.5396825396825397,0.5408189033189034,0.5394012658457739
GJ,A1,A1,10.0,fixed250_shuffled,GJ_A1,affine,L2,11,101,spike,0.4863013698630137,0.47745934620934616,0.47675049617623455,1.0,1.0,1.0,0.5225406537906538,0.5238095238095238,0.5249158249158249,0.5362848893088711
GJ,A1,A1,10.0,fixed250_shuffled,GJ_A1,no_bias,L2,11,211,spike,0.4589041095890411,0.45910825285825285,0.46129030792301867,0.9982788296041308,0.9983974358974358,0.9983318319821173,0.5392891830391829,0.5714285714285714,0.5716690716690717,0.5839532315933919
GJ,A1,A1,0.1,fixed250_shuffled,GJ_A1,affine,L2,11,211,spike,0.5136986301369864,0.5029532967032967,0.5053337222912895,0.9982788296041308,0.9983974358974358,0.9983818770226538,0.4954441391941391,0.5555555555555556,0.5435305435305435,0.5445240996008539
GJ,A1,A1,100.0,fixed250_shuffled,GJ_A1,no_bias,L2,11,307,spike,0.5,0.4925976800976801,0.49271695141432237,0.9982788296041308,0.9983974358974358,0.9983318319821173,0.5057997557997557,0.5714285714285714,0.5619588744588744,0.5696409156481752
GJ,A1,A1,10.0,fixed250_shuffled,GJ_A1,affine,L2,11,307,spike,0.4863013698630137,0.4776938339438339,0.47852869231158707,1.0,1.0,1.0,0.5223061660561661,0.5714285714285714,0.563011063011063,0.5742581467764929
GJ,A1,A1,0.001,fixed250_shuffled,GJ_A1,no_bias,L2,11,401,spike,0.547945205479452,0.5266865079365078,0.5175174861688019,0.9483648881239243,0.9476085686991579,0.9495685913976636,0.42092206076265004,0.5317460317460317,0.5175986050986051,0.5155061325519729
GJ,A1,A1,10.0,fixed250_shuffled,GJ_A1,affine,L2,11,401,spike,0.541095890410959,0.5356913919413919,0.5284744687995461,1.0,1.0,1.0,0.4643086080586081,0.5,0.49045815295815287,0.5048908039956633
GJ,A1,A1,10.0,fixed250_shuffled,GJ_A1,no_bias,L2,11,503,spike,0.5,0.49175616050616044,0.495722318860055,0.9982788296041308,0.9983974358974358,0.9983318319821173,0.5066412753912753,0.5555555555555556,0.5533249158249159,0.5554518463028681
GJ,A1,A1,10.0,fixed250_shuffled,GJ_A1,affine,L2,11,503,spike,0.5273972602739726,0.5210962648462648,0.5230228992220577,1.0,1.0,1.0,0.4789037351537352,0.5476190476190477,0.540031265031265,0.5528661354748311
GJ,A1,A1,1.0,relative10_ordered,GJ_A1,no_bias,L2,11,-1,spike,0.6095890410958904,0.5935377122877122,0.5914196914196914,0.9982788296041308,0.9983974358974358,0.9983318319821173,0.40485972360972355,0.6587301587301587,0.651010101010101,0.6619545124447085
GJ,A1,A1,10.0,relative10_ordered,GJ_A1,affine,L2,11,-1,spike,0.6095890410958904,0.5959186646686646,0.595186470499701,1.0,1.0,1.0,0.4040813353313354,0.6428571428571429,0.6414502164502164,0.6541433990796809
GJ,A1,A1,10.0,relative10_shuffled,GJ_A1,no_bias,L2,11,101,spike,0.5,0.4945339382839382,0.4921589597662252,0.9982788296041308,0.9983974358974358,0.9983318319821173,0.5038634976134976,0.5396825396825397,0.5332070707070707,0.5323582617060879
GJ,A1,A1,0.001,relative10_shuffled,GJ_A1,affine,L2,11,101,spike,0.541095890410959,0.5255432067932068,0.5170949413213924,0.9586919104991394,0.956765278216809,0.9596024906365036,0.43122207142360225,0.5476190476190477,0.5275853775853776,0.5206606172160301
GJ,A1,A1,0.1,relative10_shuffled,GJ_A1,no_bias,L2,11,211,spike,0.5205479452054794,0.507627095127095,0.4960490555066129,0.9982788296041308,0.9983974358974358,0.9983318319821173,0.49077034077034076,0.5476190476190477,0.5308621933621934,0.5334494844615771
GJ,A1,A1,10.0,relative10_shuffled,GJ_A1,affine,L2,11,211,spike,0.5068493150684932,0.4986374736374736,0.49280358560120946,1.0,1.0,1.0,0.5013625263625263,0.5396825396825397,0.5308982683982684,0.5397223442150979
GJ,A1,A1,0.001,relative10_shuffled,GJ_A1,no_bias,L2,11,307,spike,0.5136986301369864,0.495553058053058,0.483904316564192,0.9672977624784854,0.9678129185991269,0.9687071893378062,0.4722598605460689,0.5396825396825397,0.5336700336700336,0.5284341045950952
GJ,A1,A1,0.01,relative10_shuffled,GJ_A1,affine,L2,11,307,spike,0.5547945205479452,0.5412830225330224,0.5363575064041541,0.9827882960413081,0.982571869295462,0.983458129135571,0.4412888467624396,0.5714285714285714,0.5631373256373257,0.5705394023217193
GJ,A1,A1,0.001,relative10_shuffled,GJ_A1,no_bias,L2,11,401,spike,0.5342465753424658,0.51632326007326,0.5037493754388459,0.9655765920826161,0.9641341053773028,0.9654907560500985,0.4478108453040428,0.47619047619047616,0.4587301587301587,0.4485456107915751
GJ,A1,A1,0.001,relative10_shuffled,GJ_A1,affine,L2,11,401,spike,0.547945205479452,0.5306908369408369,0.52020605470767,0.9569707401032702,0.952202101477481,0.9560888233746964,0.4215112645366441,0.5158730158730159,0.4891233766233767,0.4697458860329497
GJ,A1,A1,0.01,relative10_shuffled,GJ_A1,no_bias,L2,11,503,spike,0.5205479452054794,0.5090791153291152,0.505430416512174,0.9862306368330465,0.9868626054410369,0.9871353245988578,0.47778349011192167,0.5079365079365079,0.4823112073112073,0.47079617368833054
GJ,A1,A1,0.01,relative10_shuffled,GJ_A1,affine,L2,11,503,spike,0.541095890410959,0.521838578088578,0.5108923748000782,0.9862306368330465,0.9858084203261308,0.9866061765609532,0.4639698422375528,0.5396825396825397,0.5187530062530062,0.518941161514186
GJ,A2,A2,0.1,whole_count,GJ_A2,no_bias,L2,11,-1,spike,0.5547945205479452,0.5474469974469974,0.5434727048190053,0.9776247848537005,0.977658561379703,0.9784598743102517,0.43021156393270554,0.5793650793650794,0.5601551226551226,0.5581253180844833
GJ,A2,A2,0.01,whole_count,GJ_A2,affine,L2,11,-1,spike,0.6027397260273972,0.5857344044844044,0.5759106738288975,0.9535283993115319,0.9523641479071528,0.9548559449393702,0.36662974342274846,0.5873015873015873,0.5677308802308801,0.5698062558356677
GJ,A2,A2,0.01,fixed250_ordered,GJ_A2,no_bias,L2,11,-1,spike,0.5684931506849316,0.5594988344988345,0.5629194168792692,0.9879518072289156,0.9885001549402216,0.9886428873603146,0.42900132044138706,0.6428571428571429,0.6364838864838865,0.639263842882264
GJ,A2,A2,0.01,fixed250_ordered,GJ_A2,affine,L2,11,-1,spike,0.589041095890411,0.5778138528138528,0.5815040919618564,0.9879518072289156,0.9875065098183379,0.9881712629088715,0.4096926570044851,0.6349206349206349,0.6245791245791245,0.6312752855458804
GJ,A2,A2,1.0,fixed250_shuffled,GJ_A2,no_bias,L2,11,101,spike,0.5205479452054794,0.509302503052503,0.506240945365375,0.9982788296041308,0.9983974358974358,0.9983318319821173,0.4890949328449328,0.5158730158730159,0.5172077922077921,0.5247140399857791
GJ,A2,A2,0.1,fixed250_shuffled,GJ_A2,affine,L2,11,101,spike,0.547945205479452,0.5323523698523698,0.5295980331911863,0.9965576592082617,0.996545584045584,0.9966520448207478,0.46419321419321424,0.5317460317460317,0.5275252525252525,0.5410846055949703
GJ,A2,A2,10.0,fixed250_shuffled,GJ_A2,no_bias,L2,11,211,spike,0.4794520547945205,0.47841533466533465,0.4801519042458267,0.9982788296041308,0.9983974358974358,0.9983318319821173,0.5199821012321011,0.5793650793650794,0.581559644059644,0.5955696264706563
GJ,A2,A2,0.1,fixed250_shuffled,GJ_A2,affine,L2,11,211,spike,0.5068493150684932,0.49537753912753907,0.49629427317831093,0.9982788296041308,0.9983974358974358,0.9983818770226538,0.5030198967698967,0.5555555555555556,0.5435305435305435,0.5483107148910925
GJ,A2,A2,1.0,fixed250_shuffled,GJ_A2,no_bias,L2,11,307,spike,0.4863013698630137,0.4818584193584194,0.4773400191104784,0.9982788296041308,0.9983974358974358,0.9983318319821173,0.5165390165390165,0.5555555555555556,0.5506734006734006,0.5653366801491267
GJ,A2,A2,100.0,fixed250_shuffled,GJ_A2,affine,L2,11,307,spike,0.4657534246575342,0.4595369907869908,0.4609252989926141,1.0,1.0,1.0,0.5404630092130092,0.5634920634920635,0.5643037518037518,0.5735380249190991
GJ,A2,A2,0.001,fixed250_shuffled,GJ_A2,no_bias,L2,11,401,spike,0.5342465753424658,0.514781746031746,0.5063042267504511,0.9500860585197934,0.9485760570335059,0.9507436287881433,0.4337943110017599,0.5317460317460317,0.5175986050986051,0.5156760016692105
GJ,A2,A2,100.0,fixed250_shuffled,GJ_A2,affine,L2,11,401,spike,0.5136986301369864,0.5157869907869909,0.5027661819933497,1.0,1.0,1.0,0.48421300921300914,0.5238095238095238,0.5168831168831168,0.5335348169613119
GJ,A2,A2,100.0,fixed250_shuffled,GJ_A2,no_bias,L2,11,503,spike,0.5273972602739726,0.5251505439005438,0.5162022748808767,0.9982788296041308,0.9983974358974358,0.9983318319821173,0.47324689199689196,0.5555555555555556,0.5553451178451179,0.5530461832006454
GJ,A2,A2,10.0,fixed250_shuffled,GJ_A2,affine,L2,11,503,spike,0.5205479452054794,0.5115363802863803,0.5133357263167359,1.0,1.0,1.0,0.48846361971361973,0.5555555555555556,0.5513047138047138,0.5670832284436772
GJ,A2,A2,0.001,relative10_ordered,GJ_A2,no_bias,L2,11,-1,spike,0.7123287671232876,0.7000992063492064,0.7006066267357496,0.9604130808950087,0.9591400935431612,0.9613659570980809,0.2590408871939548,0.6587301587301587,0.6497474747474749,0.6573659362503755
GJ,A2,A2,10.0,relative10_ordered,GJ_A2,affine,L2,11,-1,spike,0.6164383561643836,0.6018710456210455,0.5994563075813076,1.0,1.0,1.0,0.39812895437895446,0.6428571428571429,0.6414502164502166,0.6532210036487309
GJ,A2,A2,1.0,relative10_shuffled,GJ_A2,no_bias,L2,11,101,spike,0.541095890410959,0.5349469974469974,0.5337197020272608,0.9982788296041308,0.9983974358974358,0.9983318319821173,0.46345043845043843,0.5158730158730159,0.5116161616161616,0.5099614777684952
GJ,A2,A2,0.001,relative10_shuffled,GJ_A2,affine,L2,11,101,spike,0.5342465753424658,0.5195908258408258,0.5124392859557979,0.9604130808950087,0.9585013893279202,0.9612663401979457,0.43891056348709434,0.5396825396825397,0.5206409331409332,0.5095780762447429
GJ,A2,A2,1.0,relative10_shuffled,GJ_A2,no_bias,L2,11,211,spike,0.5136986301369864,0.5040556665556665,0.4926944632866672,0.9982788296041308,0.9983974358974358,0.9983318319821173,0.4943417693417693,0.5476190476190477,0.5358225108225109,0.5493381781331557
GJ,A2,A2,0.01,relative10_shuffled,GJ_A2,affine,L2,11,211,spike,0.5616438356164384,0.5492535242535243,0.5415413918126378,0.9879518072289156,0.9874424072542354,0.9882087406635173,0.4381888830007111,0.5476190476190477,0.5322510822510823,0.527956738250856
GJ,A2,A2,0.001,relative10_shuffled,GJ_A2,no_bias,L2,11,307,spike,0.5136986301369864,0.495553058053058,0.48434826436586337,0.9672977624784854,0.9678129185991269,0.9687728968129212,0.4722598605460689,0.5476190476190477,0.542003367003367,0.5346967308577215
GJ,A2,A2,0.01,relative10_shuffled,GJ_A2,affine,L2,11,307,spike,0.5547945205479452,0.5398941336441335,0.5337868329593045,0.9845094664371773,0.9842058562235666,0.9850203607013656,0.4443117225794331,0.5634920634920635,0.5561928811928811,0.5609070493805429
GJ,A2,A2,0.001,relative10_shuffled,GJ_A2,no_bias,L2,11,401,spike,0.5273972602739726,0.5103708791208791,0.49787136456083503,0.9655765920826161,0.9641341053773028,0.9654907560500985,0.45376322625642374,0.5079365079365079,0.4891594516594517,0.48465587131692933
GJ,A2,A2,0.01,relative10_shuffled,GJ_A2,affine,L2,11,401,spike,0.5616438356164384,0.5462412587412586,0.5367223532928117,0.9862306368330465,0.9858398431516712,0.9865658103600227,0.43959858441041255,0.5079365079365079,0.4834415584415584,0.477555335340423
GJ,A2,A2,0.1,relative10_shuffled,GJ_A2,no_bias,L2,11,503,spike,0.5273972602739726,0.5141656954156953,0.5056930680906151,0.9982788296041308,0.9983974358974358,0.9983318319821173,0.48423174048174045,0.5238095238095238,0.5011604136604138,0.49583985289441385
GJ,A2,A2,0.01,relative10_shuffled,GJ_A2,affine,L2,11,503,spike,0.541095890410959,0.52130439005439,0.5091422861836948,0.9879518072289156,0.9874424072542354,0.9881665626014615,0.4661380171998454,0.5317460317460317,0.5118085618085618,0.5128766538397712
GJ,A3,A3__shuffle101,0.1,whole_count,GJ_A3__shuffle101,no_bias,L2,11,-1,spike,0.5616438356164384,0.5557803307803307,0.549848481484637,0.9776247848537005,0.977658561379703,0.9784598743102517,0.42187823059937224,0.5793650793650794,0.5601551226551226,0.5581253180844833
GJ,A3,A3__shuffle101,0.01,whole_count,GJ_A3__shuffle101,affine,L2,11,-1,spike,0.5958904109589042,0.5797820235320235,0.5702487918512259,0.9535283993115319,0.9523641479071528,0.9548559449393702,0.3725821243751294,0.5952380952380952,0.5796356421356421,0.582416564916565
GJ,A3,A3__shuffle101,0.1,fixed250_ordered,GJ_A3__shuffle101,no_bias,L2,11,-1,spike,0.5684931506849316,0.5604908979908979,0.5604194525471865,0.9982788296041308,0.9983974358974358,0.9983318319821173,0.4379065379065379,0.6428571428571429,0.6383778258778258,0.6471512144376176
GJ,A3,A3__shuffle101,0.1,fixed250_ordered,GJ_A3__shuffle101,affine,L2,11,-1,spike,0.5684931506849316,0.5596250971250971,0.5600194915412308,0.9982788296041308,0.9983974358974358,0.9983818770226538,0.4387723387723387,0.626984126984127,0.6139369889369889,0.6240565311655774
GJ,A3,A3__shuffle101,10.0,fixed250_shuffled,GJ_A3__shuffle101,no_bias,L2,11,101,spike,0.5068493150684932,0.4943244255744255,0.48771640527775323,0.9982788296041308,0.9983974358974358,0.9983318319821173,0.5040730103230102,0.5079365079365079,0.509006734006734,0.5082139502917492
GJ,A3,A3__shuffle101,100.0,fixed250_shuffled,GJ_A3__shuffle101,affine,L2,11,101,spike,0.4520547945205479,0.4366133866133866,0.4319106068072667,1.0,1.0,1.0,0.5633866133866134,0.5476190476190477,0.5513407888407889,0.5478219963420378
GJ,A3,A3__shuffle101,10.0,fixed250_shuffled,GJ_A3__shuffle101,no_bias,L2,11,211,spike,0.4657534246575342,0.4650606338106338,0.46490642787657754,0.9982788296041308,0.9983974358974358,0.9983318319821173,0.533336802086802,0.5714285714285714,0.5699855699855699,0.5815847198045901
GJ,A3,A3__shuffle101,0.1,fixed250_shuffled,GJ_A3__shuffle101,affine,L2,11,211,spike,0.5068493150684932,0.49537753912753907,0.4960643881208397,0.9982788296041308,0.9983974358974358,0.9983818770226538,0.5030198967698967,0.5555555555555556,0.5435305435305435,0.5483107148910925
GJ,A3,A3__shuffle101,1.0,fixed250_shuffled,GJ_A3__shuffle101,no_bias,L2,11,307,spike,0.4794520547945205,0.4714417526917527,0.4640876373906044,0.9982788296041308,0.9983974358974358,0.9983318319821173,0.5269556832056831,0.5555555555555556,0.5506734006734006,0.5661986067356911
GJ,A3,A3__shuffle101,100.0,fixed250_shuffled,GJ_A3__shuffle101,affine,L2,11,307,spike,0.4657534246575342,0.4640012765012765,0.4565423472126371,1.0,1.0,1.0,0.5359987234987236,0.5476190476190477,0.5513768638768638,0.546744982071069
GJ,A3,A3__shuffle101,0.001,fixed250_shuffled,GJ_A3__shuffle101,no_bias,L2,11,401,spike,0.5342465753424658,0.514781746031746,0.5063042267504511,0.9500860585197934,0.9496919020324913,0.9513999181225751,0.43491015600074534,0.5396825396825397,0.5245430495430495,0.5234449760765549
GJ,A3,A3__shuffle101,10.0,fixed250_shuffled,GJ_A3__shuffle101,affine,L2,11,401,spike,0.547945205479452,0.542275086025086,0.5379924766841603,1.0,1.0,1.0,0.457724913974914,0.5079365079365079,0.49197931697931696,0.5064967130936263
GJ,A3,A3__shuffle101,10.0,fixed250_shuffled,GJ_A3__shuffle101,no_bias,L2,11,503,spike,0.541095890410959,0.532827589077589,0.5309654573640631,0.9982788296041308,0.9983974358974358,0.9983318319821173,0.4655698468198468,0.5634920634920635,0.5645983645983645,0.571514120255539
GJ,A3,A3__shuffle101,10.0,fixed250_shuffled,GJ_A3__shuffle101,affine,L2,11,503,spike,0.5273972602739726,0.5156399156399156,0.5189984747331075,1.0,1.0,1.0,0.4843600843600844,0.5634920634920635,0.5568602693602693,0.5694185645272601
GJ,A3,A3__shuffle101,1.0,relative10_ordered,GJ_A3__shuffle101,no_bias,L2,11,-1,spike,0.6232876712328768,0.6070658508158507,0.6026480463980465,0.9982788296041308,0.9983974358974358,0.9983318319821173,0.39133158508158505,0.6666666666666666,0.660600048100048,0.6705788639991677
GJ,A3,A3__shuffle101,0.001,relative10_ordered,GJ_A3__shuffle101,affine,L2,11,-1,spike,0.7054794520547946,0.6913059163059163,0.686372975889105,0.9604130808950087,0.9597449322528387,0.9622758919252763,0.26843901594692243,0.6507936507936508,0.6372113997113998,0.6465771882438548
GJ,A3,A3__shuffle101,1.0,relative10_shuffled,GJ_A3__shuffle101,no_bias,L2,11,101,spike,0.5342465753424658,0.5245303307803307,0.5234535252851116,0.9982788296041308,0.9983974358974358,0.9983318319821173,0.47386710511710506,0.5158730158730159,0.5109848484848486,0.5106351705474513
GJ,A3,A3__shuffle101,0.001,relative10_shuffled,GJ_A3__shuffle101,affine,L2,11,101,spike,0.5273972602739726,0.5120150682650683,0.5039581157099217,0.9604130808950087,0.9585013893279202,0.9612663401979457,0.4464863210628519,0.5396825396825397,0.5206409331409332,0.5096374304707638
GJ,A3,A3__shuffle101,0.01,relative10_shuffled,GJ_A3__shuffle101,no_bias,L2,11,211,spike,0.5273972602739726,0.5134060384060383,0.5025164646971342,0.9913941480206541,0.9917064689123514,0.9918500132046605,0.4783004305063131,0.5396825396825397,0.5296356421356422,0.5248935980820039
GJ,A3,A3__shuffle101,0.01,relative10_shuffled,GJ_A3__shuffle101,affine,L2,11,211,spike,0.5616438356164384,0.5492535242535243,0.5415413918126378,0.9879518072289156,0.9874424072542354,0.9881665626014615,0.4381888830007111,0.5476190476190477,0.5328823953823955,0.5245929995929997
GJ,A3,A3__shuffle101,0.001,relative10_shuffled,GJ_A3__shuffle101,no_bias,L2,11,307,spike,0.5205479452054794,0.5015054390054389,0.4896085406555129,0.9655765920826161,0.965124746556116,0.9664890236083292,0.46361930755067715,0.5396825396825397,0.5300986050986051,0.5229751191361098
GJ,A3,A3__shuffle101,1.0,relative10_shuffled,GJ_A3__shuffle101,affine,L2,11,307,spike,0.5136986301369864,0.5030296092796092,0.49621430356250446,1.0,1.0,1.0,0.49697039072039084,0.5555555555555556,0.5528198653198653,0.5616854139318395
GJ,A3,A3__shuffle101,0.001,relative10_shuffled,GJ_A3__shuffle101,no_bias,L2,11,401,spike,0.5342465753424658,0.51632326007326,0.5035528452138526,0.9655765920826161,0.9641341053773028,0.9654907560500985,0.4478108453040428,0.5079365079365079,0.48979076479076483,0.487118949067683
GJ,A3,A3__shuffle101,0.001,relative10_shuffled,GJ_A3__shuffle101,affine,L2,11,401,spike,0.541095890410959,0.5237463924963924,0.5148803842095857,0.9586919104991394,0.953938212588592,0.9577404271315633,0.4301918200921996,0.5158730158730159,0.4905122655122655,0.4703677805966601
GJ,A3,A3__shuffle101,0.01,relative10_shuffled,GJ_A3__shuffle101,no_bias,L2,11,503,spike,0.5342465753424658,0.5219759407259407,0.5188877301973981,0.9862306368330465,0.9868626054410369,0.9871353245988578,0.4648866647150962,0.5158730158730159,0.4892556517556517,0.47760374520178445
GJ,A3,A3__shuffle101,0.1,relative10_shuffled,GJ_A3__shuffle101,affine,L2,11,503,spike,0.5273972602739726,0.5068605006105006,0.4959512307338394,0.9965576592082617,0.996545584045584,0.9966520448207478,0.48968508343508343,0.5396825396825397,0.5177008177008178,0.5215501003244631
GJ,A3,A3__shuffle211,0.1,whole_count,GJ_A3__shuffle211,no_bias,L2,11,-1,spike,0.5547945205479452,0.5474469974469974,0.5426790540253545,0.9776247848537005,0.977658561379703,0.9784598743102517,0.43021156393270554,0.5873015873015873,0.567099567099567,0.5631387999637427
GJ,A3,A3__shuffle211,0.01,whole_count,GJ_A3__shuffle211,affine,L2,11,-1,spike,0.6027397260273972,0.5857344044844044,0.5759106738288975,0.9518072289156626,0.9502808145738194,0.9528949142206192,0.364546410089415,0.5873015873015873,0.568488455988456,0.567123015873016
GJ,A3,A3__shuffle211,0.01,fixed250_ordered,GJ_A3__shuffle211,no_bias,L2,11,-1,spike,0.5684931506849316,0.5594988344988345,0.5646500506532465,0.9896729776247849,0.9901027190427856,0.9902014838521973,0.43060388454395104,0.6428571428571429,0.6364838864838865,0.639263842882264
GJ,A3,A3__shuffle211,0.01,fixed250_ordered,GJ_A3__shuffle211,affine,L2,11,-1,spike,0.589041095890411,0.5749729437229437,0.5790508498060972,0.9879518072289156,0.9875065098183379,0.9881712629088715,0.41253356609539416,0.626984126984127,0.6126743626743626,0.6198121110392277
GJ,A3,A3__shuffle211,100.0,fixed250_shuffled,GJ_A3__shuffle211,no_bias,L2,11,101,spike,0.4726027397260274,0.4604818792318792,0.44821006637731103,0.9982788296041308,0.9983974358974358,0.9983318319821173,0.5379155566655566,0.5079365079365079,0.5065656565656566,0.5013696949289105
GJ,A3,A3__shuffle211,0.1,fixed250_shuffled,GJ_A3__shuffle211,affine,L2,11,101,spike,0.541095890410959,0.5254079254079254,0.5221554070179099,0.9982788296041308,0.9983974358974358,0.9983818770226538,0.47298951048951043,0.5396825396825397,0.5358585858585858,0.5481135911022167
GJ,A3,A3__shuffle211,10.0,fixed250_shuffled,GJ_A3__shuffle211,no_bias,L2,11,211,spike,0.4726027397260274,0.47200507825507826,0.47422186686592965,0.9982788296041308,0.9983974358974358,0.9983318319821173,0.5263923576423575,0.5714285714285714,0.5746151996151995,0.5836624948586735
GJ,A3,A3__shuffle211,10.0,fixed250_shuffled,GJ_A3__shuffle211,affine,L2,11,211,spike,0.4726027397260274,0.4696241258741259,0.4719794904431988,1.0,1.0,1.0,0.5303758741258742,0.5476190476190477,0.5451178451178452,0.5601995034291889
GJ,A3,A3__shuffle211,1.0,fixed250_shuffled,GJ_A3__shuffle211,no_bias,L2,11,307,spike,0.4726027397260274,0.4654893717393717,0.4587540041622344,0.9982788296041308,0.9983974358974358,0.9983318319821173,0.5329080641580641,0.5555555555555556,0.5506734006734006,0.5653366801491267
GJ,A3,A3__shuffle211,1.0,fixed250_shuffled,GJ_A3__shuffle211,affine,L2,11,307,spike,0.5068493150684932,0.4976322288822288,0.49802220301085365,1.0,1.0,1.0,0.5023677711177712,0.5555555555555556,0.5421416546416546,0.555343597132308
GJ,A3,A3__shuffle211,0.001,fixed250_shuffled,GJ_A3__shuffle211,no_bias,L2,11,401,spike,0.541095890410959,0.5207341269841269,0.5124268695397604,0.9483648881239243,0.9470037299894806,0.9492431823416992,0.42626960300535366,0.5396825396825397,0.5245430495430495,0.5245036262863086
GJ,A3,A3__shuffle211,100.0,fixed250_shuffled,GJ_A3__shuffle211,affine,L2,11,401,spike,0.5273972602739726,0.523452935952936,0.5140669515669516,1.0,1.0,1.0,0.47654706404706404,0.5238095238095238,0.5150312650312651,0.5350252605687388
GJ,A3,A3__shuffle211,1.0,fixed250_shuffled,GJ_A3__shuffle211,no_bias,L2,11,503,spike,0.5205479452054794,0.5103687978687979,0.5128872900518328,0.9982788296041308,0.9983974358974358,0.9983318319821173,0.48802863802863794,0.5634920634920635,0.5582491582491583,0.5711653956920437
GJ,A3,A3__shuffle211,100.0,fixed250_shuffled,GJ_A3__shuffle211,affine,L2,11,503,spike,0.5,0.49566336441336434,0.49456178446085763,1.0,1.0,1.0,0.5043366355866357,0.5555555555555556,0.5593434343434344,0.5578875227521299
GJ,A3,A3__shuffle211,1.0,relative10_ordered,GJ_A3__shuffle211,no_bias,L2,11,-1,spike,0.6027397260273972,0.5875853313353313,0.5873368461603756,0.9982788296041308,0.9983974358974358,0.9983318319821173,0.4108121045621045,0.6666666666666666,0.6629148629148629,0.6739850744752705
GJ,A3,A3__shuffle211,0.01,relative10_ordered,GJ_A3__shuffle211,affine,L2,11,-1,spike,0.684931506849315,0.6627164502164501,0.6596892990993161,0.9879518072289156,0.9874424072542354,0.9881381374040479,0.3247259570377853,0.6587301587301587,0.6431036556036557,0.6533296127975761
GJ,A3,A3__shuffle211,1.0,relative10_shuffled,GJ_A3__shuffle211,no_bias,L2,11,101,spike,0.5273972602739726,0.5185779498279498,0.5162006815105287,0.9982788296041308,0.9983974358974358,0.9983318319821173,0.479819486069486,0.5317460317460317,0.5255050505050506,0.5235627702717842
GJ,A3,A3__shuffle211,0.001,relative10_shuffled,GJ_A3__shuffle211,affine,L2,11,101,spike,0.5273972602739726,0.5120150682650683,0.5054141094081671,0.9586919104991394,0.956765278216809,0.9596024906365036,0.44475020995174075,0.5396825396825397,0.5206409331409332,0.5088878713878714
GJ,A3,A3__shuffle211,0.01,relative10_shuffled,GJ_A3__shuffle211,no_bias,L2,11,211,spike,0.5273972602739726,0.5134060384060383,0.5024435844705809,0.9913941480206541,0.9917064689123514,0.9918500132046605,0.4783004305063131,0.5396825396825397,0.5296356421356422,0.528245121477387
GJ,A3,A3__shuffle211,0.01,relative10_shuffled,GJ_A3__shuffle211,affine,L2,11,211,spike,0.5616438356164384,0.5492535242535243,0.54188861403486,0.9879518072289156,0.9874424072542354,0.9882087406635173,0.4381888830007111,0.5634920634920635,0.5467712842712843,0.541913350466427
GJ,A3,A3__shuffle211,0.001,relative10_shuffled,GJ_A3__shuffle211,no_bias,L2,11,307,spike,0.5136986301369864,0.495553058053058,0.4851147270292559,0.9672977624784854,0.9666970736001411,0.9681409682595491,0.47114401554708313,0.5476190476190477,0.542003367003367,0.5346967308577215
GJ,A3,A3__shuffle211,0.01,relative10_shuffled,GJ_A3__shuffle211,affine,L2,11,307,spike,0.5547945205479452,0.5398941336441335,0.5337868329593045,0.9845094664371773,0.9842058562235666,0.9850203607013656,0.4443117225794331,0.5634920634920635,0.5561928811928811,0.5609070493805429
GJ,A3,A3__shuffle211,0.001,relative10_shuffled,GJ_A3__shuffle211,no_bias,L2,11,401,spike,0.5273972602739726,0.5093788156288156,0.4981277748172453,0.9655765920826161,0.9641341053773028,0.9654907560500985,0.4547552897484872,0.5,0.48145743145743153,0.4806055391059971
GJ,A3,A3__shuffle211,0.01,relative10_shuffled,GJ_A3__shuffle211,affine,L2,11,401,spike,0.5547945205479452,0.5392968142968143,0.5284256597375792,0.9862306368330465,0.9858398431516712,0.9865800851582862,0.44654302885485686,0.5158730158730159,0.4903860028860029,0.4853437457604124
GJ,A3,A3__shuffle211,0.1,relative10_shuffled,GJ_A3__shuffle211,no_bias,L2,11,503,spike,0.541095890410959,0.5260704573204572,0.5164891720443642,0.9982788296041308,0.9983974358974358,0.9983318319821173,0.4723269785769786,0.5238095238095238,0.5011604136604138,0.4963999885648436
GJ,A3,A3__shuffle211,1.0,relative10_shuffled,GJ_A3__shuffle211,affine,L2,11,503,spike,0.4863013698630137,0.46952283827283825,0.4598260465726733,1.0,1.0,1.0,0.5304771617271618,0.5238095238095238,0.504443241943242,0.5104071061541503
GJ,A3,A3__shuffle307,0.1,whole_count,GJ_A3__shuffle307,no_bias,L2,11,-1,spike,0.5616438356164384,0.5557803307803307,0.5499156365517921,0.9776247848537005,0.977658561379703,0.9784598743102517,0.42187823059937224,0.5793650793650794,0.5587662337662337,0.5590130949591022
GJ,A3,A3__shuffle307,0.01,whole_count,GJ_A3__shuffle307,affine,L2,11,-1,spike,0.589041095890411,0.5738296425796425,0.5605891354638808,0.9535283993115319,0.9523641479071528,0.9548559449393702,0.3785345053275103,0.5952380952380952,0.5760642135642136,0.5772757308051426
GJ,A3,A3__shuffle307,0.01,fixed250_ordered,GJ_A3__shuffle307,no_bias,L2,11,-1,spike,0.5684931506849316,0.5594988344988345,0.5625180867565768,0.9896729776247849,0.9901027190427856,0.9902014838521973,0.43060388454395104,0.6428571428571429,0.6364838864838865,0.639263842882264
GJ,A3,A3__shuffle307,0.01,fixed250_ordered,GJ_A3__shuffle307,affine,L2,11,-1,spike,0.5958904109589042,0.5853896103896103,0.5899033014480224,0.9862306368330465,0.9858725228902333,0.9865976601758613,0.40048291250062296,0.626984126984127,0.6133056758056757,0.619660138828432
GJ,A3,A3__shuffle307,100.0,fixed250_shuffled,GJ_A3__shuffle307,no_bias,L2,11,101,spike,0.4931506849315068,0.47833902208902207,0.46878348970600503,0.9982788296041308,0.9983974358974358,0.9983318319821173,0.5200584138084137,0.5158730158730159,0.5148989898989899,0.5135191197691199
GJ,A3,A3__shuffle307,100.0,fixed250_shuffled,GJ_A3__shuffle307,affine,L2,11,101,spike,0.5068493150684932,0.49148351648351646,0.4873479203266313,1.0,1.0,1.0,0.5085164835164835,0.5079365079365079,0.5102693602693603,0.5005612837944834
GJ,A3,A3__shuffle307,10.0,fixed250_shuffled,GJ_A3__shuffle307,no_bias,L2,11,211,spike,0.4657534246575342,0.46551850926850924,0.4654266916106217,0.9982788296041308,0.9983974358974358,0.9983318319821173,0.5328789266289266,0.5634920634920635,0.5653559403559403,0.5759759739358271
GJ,A3,A3__shuffle307,0.1,fixed250_shuffled,GJ_A3__shuffle307,affine,L2,11,211,spike,0.5136986301369864,0.5029532967032967,0.5053337222912895,0.9982788296041308,0.9983974358974358,0.9983818770226538,0.4954441391941391,0.5555555555555556,0.5435305435305435,0.5483107148910925
GJ,A3,A3__shuffle307,1.0,fixed250_shuffled,GJ_A3__shuffle307,no_bias,L2,11,307,spike,0.4794520547945205,0.4714417526917527,0.4637663296843862,0.9982788296041308,0.9983974358974358,0.9983318319821173,0.5269556832056831,0.5476190476190477,0.5414141414141413,0.5525946558674777
GJ,A3,A3__shuffle307,1.0,fixed250_shuffled,GJ_A3__shuffle307,affine,L2,11,307,spike,0.4931506849315068,0.48572746697746694,0.47741484432061676,1.0,1.0,1.0,0.5142725330225331,0.5476190476190477,0.5384740259740259,0.5513670654296536
GJ,A3,A3__shuffle307,0.001,fixed250_shuffled,GJ_A3__shuffle307,no_bias,L2,11,401,spike,0.5342465753424658,0.514781746031746,0.5063042267504511,0.9483648881239243,0.9470037299894806,0.9492431823416992,0.4322219839577346,0.5317460317460317,0.5175986050986051,0.5145411508569403
GJ,A3,A3__shuffle307,10.0,fixed250_shuffled,GJ_A3__shuffle307,affine,L2,11,401,spike,0.5616438356164384,0.5569215506715506,0.5486340737317222,1.0,1.0,1.0,0.4430784493284494,0.5238095238095238,0.5112914862914862,0.5228433585794379
GJ,A3,A3__shuffle307,10.0,fixed250_shuffled,GJ_A3__shuffle307,no_bias,L2,11,503,spike,0.5342465753424658,0.5227335164835164,0.524668312466841,0.9982788296041308,0.9983974358974358,0.9983318319821173,0.4756639194139194,0.5714285714285714,0.5724687349687348,0.5805418980333168
GJ,A3,A3__shuffle307,10.0,fixed250_shuffled,GJ_A3__shuffle307,affine,L2,11,503,spike,0.5205479452054794,0.516000666000666,0.5151233022461882,1.0,1.0,1.0,0.48399933399933404,0.5555555555555556,0.5548761423761425,0.5679457113713776
GJ,A3,A3__shuffle307,10.0,relative10_ordered,GJ_A3__shuffle307,no_bias,L2,11,-1,spike,0.6164383561643836,0.6011134698634698,0.5953926629881223,0.9982788296041308,0.9983974358974358,0.9983318319821173,0.397283966033966,0.6587301587301587,0.6563011063011064,0.6660389127780432
GJ,A3,A3__shuffle307,0.01,relative10_ordered,GJ_A3__shuffle307,affine,L2,11,-1,spike,0.6917808219178082,0.6702922077922078,0.6645531186303182,0.9879518072289156,0.9874424072542354,0.9881381374040479,0.3171501994620276,0.6507936507936508,0.6361592111592113,0.647409204703255
GJ,A3,A3__shuffle307,1.0,relative10_shuffled,GJ_A3__shuffle307,no_bias,L2,11,101,spike,0.5342465753424658,0.5245303307803307,0.5227575545891409,0.9982788296041308,0.9983974358974358,0.9983318319821173,0.47386710511710506,0.5158730158730159,0.5109848484848486,0.5106351705474513
GJ,A3,A3__shuffle307,0.001,relative10_shuffled,GJ_A3__shuffle307,affine,L2,11,101,spike,0.5342465753424658,0.5195908258408258,0.5114157098586922,0.9604130808950087,0.9585013893279202,0.9612663401979457,0.43891056348709434,0.5396825396825397,0.5206409331409332,0.5080569122235788
GJ,A3,A3__shuffle307,0.1,relative10_shuffled,GJ_A3__shuffle307,no_bias,L2,11,211,spike,0.5273972602739726,0.5145715395715394,0.5038053478126492,0.9982788296041308,0.9983974358974358,0.9983318319821173,0.48382589632589634,0.5396825396825397,0.5239177489177489,0.5224950726919481
GJ,A3,A3__shuffle307,0.01,relative10_shuffled,GJ_A3__shuffle307,affine,L2,11,211,spike,0.5684931506849316,0.5568292818292818,0.5508126760839221,0.9879518072289156,0.9874424072542354,0.9882087406635173,0.43061312542495356,0.5555555555555556,0.5398268398268399,0.5360614331202568
GJ,A3,A3__shuffle307,0.001,relative10_shuffled,GJ_A3__shuffle307,no_bias,L2,11,307,spike,0.5136986301369864,0.495553058053058,0.4847940600419222,0.9690189328743546,0.9694469055272315,0.9702975121357874,0.47389384747417346,0.5476190476190477,0.542003367003367,0.5381528607844397
GJ,A3,A3__shuffle307,0.01,relative10_shuffled,GJ_A3__shuffle307,affine,L2,11,307,spike,0.547945205479452,0.5339417526917526,0.529491449517811,0.9845094664371773,0.9842058562235666,0.9850203607013656,0.450264103531814,0.5714285714285714,0.5631373256373257,0.5695090129579966
GJ,A3,A3__shuffle307,0.001,relative10_shuffled,GJ_A3__shuffle307,no_bias,L2,11,401,spike,0.5342465753424658,0.51632326007326,0.5035528452138526,0.9655765920826161,0.9641341053773028,0.9654907560500985,0.4478108453040428,0.5,0.47990019240019244,0.4741776299933042
GJ,A3,A3__shuffle307,0.01,relative10_shuffled,GJ_A3__shuffle307,affine,L2,11,401,spike,0.5616438356164384,0.5462412587412586,0.5358870827231957,0.9862306368330465,0.9858398431516712,0.9865658103600227,0.43959858441041255,0.5079365079365079,0.4834415584415584,0.477555335340423
GJ,A3,A3__shuffle307,0.001,relative10_shuffled,GJ_A3__shuffle307,no_bias,L2,11,503,spike,0.5205479452054794,0.502075702075702,0.49575924352240147,0.9672977624784854,0.9676810501096464,0.9687219524085079,0.4656053480339445,0.5158730158730159,0.48942400192400193,0.4724105959400076
GJ,A3,A3__shuffle307,0.1,relative10_shuffled,GJ_A3__shuffle307,affine,L2,11,503,spike,0.5342465753424658,0.5128128815628815,0.5018820835316998,0.9965576592082617,0.996545584045584,0.9966520448207478,0.4837327024827025,0.5238095238095238,0.5008658008658009,0.5018332271593141
GJ,A3,A3__shuffle401,0.1,whole_count,GJ_A3__shuffle401,no_bias,L2,11,-1,spike,0.547945205479452,0.5398712398712399,0.5331587357803033,0.9776247848537005,0.977658561379703,0.9784435816586498,0.4377873215084631,0.5793650793650794,0.5601551226551226,0.5577388446545315
GJ,A3,A3__shuffle401,0.01,whole_count,GJ_A3__shuffle401,affine,L2,11,-1,spike,0.6027397260273972,0.5857344044844044,0.5759106738288975,0.9535283993115319,0.9523641479071528,0.9547552519966809,0.36662974342274846,0.5952380952380952,0.5760642135642136,0.5772757308051426
GJ,A3,A3__shuffle401,0.1,fixed250_ordered,GJ_A3__shuffle401,no_bias,L2,11,-1,spike,0.5821917808219178,0.5723956598956599,0.5683789807698726,0.9982788296041308,0.9983974358974358,0.9983318319821173,0.4260017760017759,0.6428571428571429,0.6383778258778258,0.6471512144376176
GJ,A3,A3__shuffle401,0.1,fixed250_ordered,GJ_A3__shuffle401,affine,L2,11,-1,spike,0.5684931506849316,0.5596250971250971,0.5600194915412308,0.9982788296041308,0.9983974358974358,0.9983818770226538,0.4387723387723387,0.6428571428571429,0.6292147667147666,0.6399091294952924
GJ,A3,A3__shuffle401,100.0,fixed250_shuffled,GJ_A3__shuffle401,no_bias,L2,11,101,spike,0.4794520547945205,0.4619699744699745,0.44790389585786,0.9982788296041308,0.9983974358974358,0.9983318319821173,0.5364274614274613,0.5079365079365079,0.5059343434343434,0.5019742480910083
GJ,A3,A3__shuffle401,0.1,fixed250_shuffled,GJ_A3__shuffle401,affine,L2,11,101,spike,0.5342465753424658,0.5204476079476079,0.5145344082133593,0.9965576592082617,0.996545584045584,0.9966520448207478,0.4760979760979761,0.5317460317460317,0.5275252525252525,0.5410846055949703
GJ,A3,A3__shuffle401,10.0,fixed250_shuffled,GJ_A3__shuffle401,no_bias,L2,11,211,spike,0.4657534246575342,0.4650606338106338,0.46651492568182995,0.9982788296041308,0.9983974358974358,0.9983318319821173,0.533336802086802,0.5714285714285714,0.5723003848003848,0.5816136680815859
GJ,A3,A3__shuffle401,0.1,fixed250_shuffled,GJ_A3__shuffle401,affine,L2,11,211,spike,0.5068493150684932,0.49537753912753907,0.4960643881208397,0.9982788296041308,0.9983974358974358,0.9983818770226538,0.5030198967698967,0.5555555555555556,0.5435305435305435,0.5483107148910925
GJ,A3,A3__shuffle401,100.0,fixed250_shuffled,GJ_A3__shuffle401,no_bias,L2,11,307,spike,0.4794520547945205,0.47590603840603835,0.47050168248006835,0.9982788296041308,0.9983974358974358,0.9983318319821173,0.5224913974913974,0.5476190476190477,0.5530603655603656,0.5487103965722387
GJ,A3,A3__shuffle401,10.0,fixed250_shuffled,GJ_A3__shuffle401,affine,L2,11,307,spike,0.4794520547945205,0.471741452991453,0.4720736778773485,1.0,1.0,1.0,0.528258547008547,0.5714285714285714,0.562085137085137,0.5670270625412636
GJ,A3,A3__shuffle401,100.0,fixed250_shuffled,GJ_A3__shuffle401,no_bias,L2,11,401,spike,0.5,0.49429528804528805,0.4894970236049696,0.9982788296041308,0.9983974358974358,0.9983318319821173,0.5041021478521477,0.5396825396825397,0.538973063973064,0.544530774610193
GJ,A3,A3__shuffle401,10.0,fixed250_shuffled,GJ_A3__shuffle401,affine,L2,11,401,spike,0.5547945205479452,0.5508429070929071,0.5480089342444775,1.0,1.0,1.0,0.44915709290709294,0.5,0.49277296777296775,0.4989641717602737
GJ,A3,A3__shuffle401,1.0,fixed250_shuffled,GJ_A3__shuffle401,no_bias,L2,11,503,spike,0.5273972602739726,0.5173132423132424,0.5193480487920034,0.9982788296041308,0.9983974358974358,0.9983318319821173,0.4810841935841934,0.5634920634920635,0.5568602693602694,0.5724044947572297
GJ,A3,A3__shuffle401,10.0,fixed250_shuffled,GJ_A3__shuffle401,affine,L2,11,503,spike,0.5205479452054794,0.5146117771117771,0.5153826838895489,1.0,1.0,1.0,0.4853882228882229,0.5714285714285714,0.5701539201539202,0.5817531710335307
GJ,A3,A3__shuffle401,1.0,relative10_ordered,GJ_A3__shuffle401,no_bias,L2,11,-1,spike,0.6301369863013698,0.615399184149184,0.6099672057333348,0.9982788296041308,0.9983974358974358,0.9983318319821173,0.38299825174825175,0.6587301587301587,0.651010101010101,0.6630638968874263
GJ,A3,A3__shuffle401,0.001,relative10_ordered,GJ_A3__shuffle401,affine,L2,11,-1,spike,0.7054794520547946,0.6913059163059163,0.6874342801762157,0.9586919104991394,0.957056760209828,0.9602364879756194,0.2657508439039117,0.6507936507936508,0.6372113997113998,0.6465771882438548
GJ,A3,A3__shuffle401,1.0,relative10_shuffled,GJ_A3__shuffle401,no_bias,L2,11,101,spike,0.5273972602739726,0.5175858863358863,0.5142880386825541,0.9982788296041308,0.9983974358974358,0.9983318319821173,0.4808115495615495,0.5238095238095238,0.518560606060606,0.5186777128005198
GJ,A3,A3__shuffle401,0.001,relative10_shuffled,GJ_A3__shuffle401,affine,L2,11,101,spike,0.5342465753424658,0.5195908258408258,0.5124392859557979,0.9621342512908778,0.9600737163719453,0.9628229768057196,0.44048289053111944,0.5396825396825397,0.5206409331409332,0.5096374304707638
GJ,A3,A3__shuffle401,1.0,relative10_shuffled,GJ_A3__shuffle401,no_bias,L2,11,211,spike,0.5136986301369864,0.5012168387168386,0.4920610997047614,0.9982788296041308,0.9983974358974358,0.9983318319821173,0.49718059718059715,0.5476190476190477,0.5358225108225109,0.5493381781331557
GJ,A3,A3__shuffle401,0.01,relative10_shuffled,GJ_A3__shuffle401,affine,L2,11,211,spike,0.547945205479452,0.53496780996781,0.5295225230002907,0.9862306368330465,0.9858084203261308,0.9866612957240264,0.4508406103583208,0.5634920634920635,0.54752886002886,0.542983123104827
GJ,A3,A3__shuffle401,0.01,relative10_shuffled,GJ_A3__shuffle401,no_bias,L2,11,307,spike,0.5205479452054794,0.5089819902319902,0.5033827462746226,0.9827882960413081,0.9825404464699217,0.9832902285794165,0.47355845623793147,0.5396825396825397,0.5396885521885523,0.5357000498641366
GJ,A3,A3__shuffle401,0.01,relative10_shuffled,GJ_A3__shuffle401,affine,L2,11,307,spike,0.5616438356164384,0.5482274669774669,0.542551158021588,0.9862306368330465,0.9858084203261308,0.9866053041006849,0.43758095334866387,0.5714285714285714,0.5631373256373257,0.5693808078297915
GJ,A3,A3__shuffle401,0.001,relative10_shuffled,GJ_A3__shuffle401,no_bias,L2,11,401,spike,0.5273972602739726,0.5103708791208791,0.49787136456083503,0.9672977624784854,0.9662174387106361,0.967403535618543,0.45584655958975706,0.5079365079365079,0.48747594997595,0.48251127849618564
GJ,A3,A3__shuffle401,0.01,relative10_shuffled,GJ_A3__shuffle401,affine,L2,11,401,spike,0.5684931506849316,0.5531857031857031,0.5426804323128892,0.9862306368330465,0.9858398431516712,0.9865658103600227,0.432654139965968,0.5158730158730159,0.4903860028860029,0.4840322177822178
GJ,A3,A3__shuffle401,0.01,relative10_shuffled,GJ_A3__shuffle401,no_bias,L2,11,503,spike,0.5068493150684932,0.49392760017760007,0.48728550564413947,0.9862306368330465,0.9868626054410369,0.9871353245988578,0.4929350052634368,0.5158730158730159,0.4906445406445407,0.4807461003049238
GJ,A3,A3__shuffle401,0.01,relative10_shuffled,GJ_A3__shuffle401,affine,L2,11,503,spike,0.541095890410959,0.521838578088578,0.5108923748000782,0.9879518072289156,0.9874424072542354,0.9881665626014615,0.46560382916565735,0.5238095238095238,0.5048641173641174,0.5045605644710504
GJ,A3,A3__shuffle503,0.1,whole_count,GJ_A3__shuffle503,no_bias,L2,11,-1,spike,0.5547945205479452,0.5474469974469974,0.5426989273456664,0.9776247848537005,0.977658561379703,0.9784598743102517,0.43021156393270554,0.5793650793650794,0.5651154401154401,0.5697921193250831
GJ,A3,A3__shuffle503,0.01,whole_count,GJ_A3__shuffle503,affine,L2,11,-1,spike,0.6027397260273972,0.5857344044844044,0.5755226255226256,0.9535283993115319,0.9523641479071528,0.9548559449393702,0.36662974342274846,0.5873015873015873,0.5677308802308801,0.5698062558356677
GJ,A3,A3__shuffle503,0.01,fixed250_ordered,GJ_A3__shuffle503,no_bias,L2,11,-1,spike,0.5753424657534246,0.5654512154512155,0.5667898154865098,0.9879518072289156,0.9885001549402216,0.9886428873603146,0.4230489394890061,0.6428571428571429,0.6364838864838865,0.6404092908333049
GJ,A3,A3__shuffle503,10.0,fixed250_ordered,GJ_A3__shuffle503,affine,L2,11,-1,spike,0.5068493150684932,0.4999181374181374,0.4981634712371834,1.0,1.0,1.0,0.5000818625818626,0.6190476190476191,0.6201899951899951,0.6283225571700916
GJ,A3,A3__shuffle503,10.0,fixed250_shuffled,GJ_A3__shuffle503,no_bias,L2,11,101,spike,0.5136986301369864,0.5017267454767455,0.49436208021323846,0.9982788296041308,0.9983974358974358,0.9983318319821173,0.49667069042069034,0.5079365079365079,0.5103956228956229,0.5098393112523548
GJ,A3,A3__shuffle503,0.1,fixed250_shuffled,GJ_A3__shuffle503,affine,L2,11,101,spike,0.541095890410959,0.5263999888999888,0.5242877396200232,0.9982788296041308,0.9983974358974358,0.9983818770226538,0.47199744699744695,0.5238095238095238,0.520580808080808,0.5323561826018414
GJ,A3,A3__shuffle503,10.0,fixed250_shuffled,GJ_A3__shuffle503,no_bias,L2,11,211,spike,0.4589041095890411,0.45910825285825285,0.45863393173414146,0.9982788296041308,0.9983974358974358,0.9983318319821173,0.5392891830391829,0.5634920634920635,0.5653559403559403,0.5759759739358271
GJ,A3,A3__shuffle503,0.1,fixed250_shuffled,GJ_A3__shuffle503,affine,L2,11,211,spike,0.5205479452054794,0.5133699633699633,0.5137531051959665,0.9982788296041308,0.9983974358974358,0.9983818770226538,0.48502747252747247,0.5555555555555556,0.5435305435305435,0.5483107148910925
GJ,A3,A3__shuffle503,1.0,fixed250_shuffled,GJ_A3__shuffle503,no_bias,L2,11,307,spike,0.4726027397260274,0.4654893717393717,0.45843269645601614,0.9982788296041308,0.9983974358974358,0.9983318319821173,0.5329080641580641,0.5396825396825397,0.5295093795093794,0.5423383567260159
GJ,A3,A3__shuffle503,1.0,fixed250_shuffled,GJ_A3__shuffle503,affine,L2,11,307,spike,0.4863013698630137,0.47931721056721055,0.4732632870909361,1.0,1.0,1.0,0.5206827894327895,0.5555555555555556,0.5447871572871572,0.5571343989231098
GJ,A3,A3__shuffle503,0.001,fixed250_shuffled,GJ_A3__shuffle503,no_bias,L2,11,401,spike,0.5273972602739726,0.5083714896214896,0.5013352826510721,0.9518072289156626,0.9512642290765165,0.9529119163097276,0.44289273945502694,0.5317460317460317,0.5175986050986051,0.5162812333864965
GJ,A3,A3__shuffle503,100.0,fixed250_shuffled,GJ_A3__shuffle503,affine,L2,11,401,spike,0.5342465753424658,0.5300456487956487,0.5191908345829915,1.0,1.0,1.0,0.46995435120435125,0.49206349206349204,0.48136724386724383,0.4985177135971321
GJ,A3,A3__shuffle503,1.0,fixed250_shuffled,GJ_A3__shuffle503,no_bias,L2,11,503,spike,0.541095890410959,0.5302100677100677,0.5303724958616263,0.9982788296041308,0.9983974358974358,0.9983318319821173,0.46818736818736806,0.5555555555555556,0.548526936026936,0.5628552110009911
GJ,A3,A3__shuffle503,10.0,fixed250_shuffled,GJ_A3__shuffle503,affine,L2,11,503,spike,0.5273972602739726,0.5229451104451105,0.5233605297011094,1.0,1.0,1.0,0.4770548895548895,0.5634920634920635,0.5632094757094758,0.5743492769307986
GJ,A3,A3__shuffle503,1.0,relative10_ordered,GJ_A3__shuffle503,no_bias,L2,11,-1,spike,0.6164383561643836,0.6011134698634698,0.5984930510665806,0.9982788296041308,0.9983974358974358,0.9983318319821173,0.397283966033966,0.6746031746031746,0.6698593073593072,0.6803242606514132
GJ,A3,A3__shuffle503,0.01,relative10_ordered,GJ_A3__shuffle503,affine,L2,11,-1,spike,0.6917808219178082,0.6702922077922078,0.6661945327717325,0.9879518072289156,0.9874424072542354,0.9881381374040479,0.3171501994620276,0.6587301587301587,0.6431036556036557,0.6533296127975761
GJ,A3,A3__shuffle503,10.0,relative10_shuffled,GJ_A3__shuffle503,no_bias,L2,11,101,spike,0.5068493150684932,0.5023441835941835,0.5010283727946772,0.9982788296041308,0.9983974358974358,0.9983318319821173,0.49605325230325226,0.5317460317460317,0.5234848484848486,0.5251529864039398
GJ,A3,A3__shuffle503,10.0,relative10_shuffled,GJ_A3__shuffle503,affine,L2,11,101,spike,0.541095890410959,0.5332715895215895,0.5338172517415155,1.0,1.0,1.0,0.4667284104784105,0.5238095238095238,0.5219696969696969,0.5196093750271074
GJ,A3,A3__shuffle503,1.0,relative10_shuffled,GJ_A3__shuffle503,no_bias,L2,11,211,spike,0.5136986301369864,0.503597791097791,0.4927358474387336,0.9982788296041308,0.9983974358974358,0.9983318319821173,0.4947996447996448,0.5476190476190477,0.5358225108225109,0.5470225947208045
GJ,A3,A3__shuffle503,0.01,relative10_shuffled,GJ_A3__shuffle503,affine,L2,11,211,spike,0.5547945205479452,0.5423090798090797,0.5340502908718802,0.9879518072289156,0.9874424072542354,0.9882087406635173,0.44513332744515566,0.5396825396825397,0.5253066378066378,0.5159095262036438
GJ,A3,A3__shuffle503,0.001,relative10_shuffled,GJ_A3__shuffle503,no_bias,L2,11,307,spike,0.5136986301369864,0.495553058053058,0.48466893135319705,0.9655765920826161,0.965124746556116,0.9664890236083292,0.469571688503058,0.5476190476190477,0.542003367003367,0.5346967308577215
GJ,A3,A3__shuffle503,0.01,relative10_shuffled,GJ_A3__shuffle503,affine,L2,11,307,spike,0.5547945205479452,0.5398941336441335,0.5337868329593045,0.9862306368330465,0.9858084203261308,0.9866053041006849,0.4459142866819973,0.5634920634920635,0.5561928811928811,0.5607307324150103
GJ,A3,A3__shuffle503,0.001,relative10_shuffled,GJ_A3__shuffle503,no_bias,L2,11,401,spike,0.5342465753424658,0.51632326007326,0.5037493754388459,0.9672977624784854,0.9656773152538459,0.9671573086347952,0.4493540551805859,0.5,0.4815836940836941,0.4743242408606187
GJ,A3,A3__shuffle503,0.01,relative10_shuffled,GJ_A3__shuffle503,affine,L2,11,401,spike,0.5547945205479452,0.5392968142968143,0.5284256597375792,0.9862306368330465,0.9858398431516712,0.9865800851582862,0.44654302885485686,0.5079365079365079,0.4834415584415584,0.4763004174188385
GJ,A3,A3__shuffle503,0.01,relative10_shuffled,GJ_A3__shuffle503,no_bias,L2,11,503,spike,0.5205479452054794,0.5090791153291152,0.5048036465638149,0.9862306368330465,0.9868626054410369,0.9871353245988578,0.47778349011192167,0.5158730158730159,0.4906445406445406,0.47687232418050834
GJ,A3,A3__shuffle503,0.01,relative10_shuffled,GJ_A3__shuffle503,affine,L2,11,503,spike,0.5342465753424658,0.5148941336441336,0.503236380277789,0.9879518072289156,0.9874424072542354,0.9881665626014615,0.47254827361010177,0.5317460317460317,0.5118085618085618,0.509289789494393
GJ,A4,A4,0.01,whole_count,GJ_A4,no_bias,L2,11,-1,spike,0.589041095890411,0.5762147574647575,0.5733140236038787,0.9518072289156626,0.9507918208631275,0.9530449109966265,0.37457706339837005,0.5793650793650794,0.5601551226551226,0.5554596038196343
GJ,A4,A4,0.01,whole_count,GJ_A4,affine,L2,11,-1,spike,0.6027397260273972,0.5857344044844044,0.5759106738288975,0.9535283993115319,0.9523641479071528,0.9548559449393702,0.36662974342274846,0.5873015873015873,0.568488455988456,0.5696848739495799
GJ,A4,A4,0.1,fixed250_ordered,GJ_A4,no_bias,L2,11,-1,spike,0.5821917808219178,0.5723956598956599,0.5675810945944427,0.9982788296041308,0.9983974358974358,0.9983318319821173,0.4260017760017759,0.6428571428571429,0.6383778258778258,0.6471512144376176
GJ,A4,A4,0.01,fixed250_ordered,GJ_A4,affine,L2,11,-1,spike,0.5753424657534246,0.5614448051948052,0.5688390099906767,0.9879518072289156,0.9875065098183379,0.9881712629088715,0.42606170462353266,0.6428571428571429,0.6329124579124579,0.6404527293200062
GJ,A4,A4,10.0,fixed250_shuffled,GJ_A4,no_bias,L2,11,101,spike,0.5136986301369864,0.4968045843045843,0.4905881488420584,0.9982788296041308,0.9983974358974358,0.9983318319821173,0.5015928515928515,0.5396825396825397,0.5454485329485329,0.544274137743839
GJ,A4,A4,0.1,fixed250_shuffled,GJ_A4,affine,L2,11,101,spike,0.541095890410959,0.5247766122766122,0.5178329221995371,0.9982788296041308,0.9983974358974358,0.9983818770226538,0.4736208236208236,0.5238095238095238,0.5205808080808081,0.5377840531549252
GJ,A4,A4,10.0,fixed250_shuffled,GJ_A4,no_bias,L2,11,211,spike,0.4794520547945205,0.4779574592074592,0.4793785062447867,0.9982788296041308,0.9983974358974358,0.9983318319821173,0.5204399766899765,0.5714285714285714,0.5716690716690717,0.5857314229932197
GJ,A4,A4,0.1,fixed250_shuffled,GJ_A4,affine,L2,11,211,spike,0.5205479452054794,0.5133699633699633,0.5144898847562754,0.9982788296041308,0.9983974358974358,0.9983818770226538,0.48502747252747247,0.5555555555555556,0.5435305435305435,0.5483107148910925
GJ,A4,A4,1.0,fixed250_shuffled,GJ_A4,no_bias,L2,11,307,spike,0.4794520547945205,0.4714417526917527,0.46811105902911554,0.9982788296041308,0.9983974358974358,0.9983318319821173,0.5269556832056831,0.5555555555555556,0.5483585858585859,0.5640839568375801
GJ,A4,A4,1.0,fixed250_shuffled,GJ_A4,affine,L2,11,307,spike,0.4863013698630137,0.47931721056721055,0.47335748799158867,1.0,1.0,1.0,0.5206827894327895,0.5714285714285714,0.560990860990861,0.575782157921746
GJ,A4,A4,0.001,fixed250_shuffled,GJ_A4,no_bias,L2,11,401,spike,0.541095890410959,0.5207341269841269,0.5107199913000705,0.9500860585197934,0.9491808957431832,0.9510805895848162,0.4284467687590563,0.5396825396825397,0.5245430495430495,0.5228257512468039
GJ,A4,A4,100.0,fixed250_shuffled,GJ_A4,affine,L2,11,401,spike,0.5205479452054794,0.5242195304695305,0.5125223832749638,1.0,1.0,1.0,0.4757804695304695,0.5317460317460317,0.5235329485329485,0.5317551231044485
GJ,A4,A4,0.1,fixed250_shuffled,GJ_A4,no_bias,L2,11,503,spike,0.547945205479452,0.5356282606282606,0.5363824350557086,0.9965576592082617,0.9967634489693312,0.9967130986802156,0.4611351883410706,0.5634920634920635,0.5532828282828282,0.5638979214874357
GJ,A4,A4,10.0,fixed250_shuffled,GJ_A4,affine,L2,11,503,spike,0.547945205479452,0.5408022533022533,0.5421430537372566,1.0,1.0,1.0,0.4591977466977467,0.5396825396825397,0.5360269360269361,0.549165749709228
GJ,A4,A4,0.1,relative10_ordered,GJ_A4,no_bias,L2,11,-1,spike,0.6438356164383562,0.6270042457542456,0.6213523403943316,0.9982788296041308,0.9983974358974358,0.9983318319821173,0.37139319014319017,0.6666666666666666,0.6573232323232324,0.6671824043627111
GJ,A4,A4,0.01,relative10_ordered,GJ_A4,affine,L2,11,-1,spike,0.6986301369863014,0.6772366522366521,0.6742512908284906,0.9879518072289156,0.9874424072542354,0.9881381374040479,0.3102057550175833,0.6507936507936508,0.6361592111592113,0.647409204703255
GJ,A4,A4,1.0,relative10_shuffled,GJ_A4,no_bias,L2,11,101,spike,0.5273972602739726,0.5175858863358863,0.5149840093785247,0.9982788296041308,0.9983974358974358,0.9983318319821173,0.4808115495615495,0.5238095238095238,0.5179292929292929,0.5152069448106956
GJ,A4,A4,0.001,relative10_shuffled,GJ_A4,affine,L2,11,101,spike,0.541095890410959,0.5255432067932068,0.519165251195695,0.9586919104991394,0.956765278216809,0.9596024906365036,0.43122207142360225,0.5476190476190477,0.5275853775853776,0.519139453194866
GJ,A4,A4,1.0,relative10_shuffled,GJ_A4,no_bias,L2,11,211,spike,0.5136986301369864,0.5016747141747141,0.48972633654316583,0.9982788296041308,0.9983974358974358,0.9983318319821173,0.4967227217227217,0.5317460317460317,0.520544733044733,0.5338451046901257
GJ,A4,A4,10.0,relative10_shuffled,GJ_A4,affine,L2,11,211,spike,0.5068493150684932,0.4986374736374736,0.49174933074260685,1.0,1.0,1.0,0.5013625263625263,0.5396825396825397,0.5285834535834536,0.536413667218265
GJ,A4,A4,0.001,relative10_shuffled,GJ_A4,no_bias,L2,11,307,spike,0.5136986301369864,0.495553058053058,0.4847940600419222,0.9672977624784854,0.9678129185991269,0.9685968318636785,0.4722598605460689,0.5396825396825397,0.5336700336700336,0.5284341045950952
GJ,A4,A4,0.01,relative10_shuffled,GJ_A4,affine,L2,11,307,spike,0.5547945205479452,0.542275086025086,0.5370105702213545,0.9845094664371773,0.9842058562235666,0.9850203607013656,0.4419307701984806,0.5634920634920635,0.5561928811928811,0.5609070493805429
GJ,A4,A4,0.001,relative10_shuffled,GJ_A4,no_bias,L2,11,401,spike,0.5342465753424658,0.51632326007326,0.5037493754388459,0.9672977624784854,0.9662174387106361,0.967403535618543,0.44989417863737613,0.49206349206349204,0.4746392496392497,0.4679034478658564
GJ,A4,A4,0.01,relative10_shuffled,GJ_A4,affine,L2,11,401,spike,0.5684931506849316,0.5555666555666555,0.5453379582273433,0.9862306368330465,0.9858398431516712,0.9865658103600227,0.43027318758501565,0.5158730158730159,0.4903860028860029,0.4870392724559391
GJ,A4,A4,0.01,relative10_shuffled,GJ_A4,no_bias,L2,11,503,spike,0.5205479452054794,0.5090791153291152,0.505430416512174,0.9862306368330465,0.9868626054410369,0.9871353245988578,0.47778349011192167,0.5158730158730159,0.4906445406445407,0.4777816734274534
GJ,A4,A4,0.1,relative10_shuffled,GJ_A4,affine,L2,11,503,spike,0.5136986301369864,0.4949557387057386,0.4861998301736154,0.9965576592082617,0.996545584045584,0.9966520448207478,0.5015898453398454,0.5317460317460317,0.5107563732563734,0.515028148180322
GJ,A4b,A4b,0.1,whole_count,GJ_A4b,no_bias,L2,11,-1,spike,0.5547945205479452,0.5474469974469974,0.5434727048190053,0.9776247848537005,0.977658561379703,0.9784598743102517,0.43021156393270554,0.5714285714285714,0.5532106782106782,0.5537252916278207
GJ,A4b,A4b,0.01,whole_count,GJ_A4b,affine,L2,11,-1,spike,0.6027397260273972,0.5857344044844044,0.5759106738288975,0.9535283993115319,0.9523641479071528,0.9548559449393702,0.36662974342274846,0.5873015873015873,0.5677308802308801,0.5698062558356677
GJ,A4b,A4b,0.1,fixed250_ordered,GJ_A4b,no_bias,L2,11,-1,spike,0.5753424657534246,0.566443278943279,0.5634166487107662,0.9982788296041308,0.9983974358974358,0.9983318319821173,0.43195415695415684,0.6428571428571429,0.6383778258778258,0.6462337069908748
GJ,A4b,A4b,0.1,fixed250_ordered,GJ_A4b,affine,L2,11,-1,spike,0.5753424657534246,0.5678321678321678,0.5701986125070635,0.9982788296041308,0.9983974358974358,0.9983818770226538,0.43056526806526796,0.6349206349206349,0.6208814333814333,0.6323945096122515
GJ,A4b,A4b,100.0,fixed250_shuffled,GJ_A4b,no_bias,L2,11,101,spike,0.5,0.48482559107559103,0.477620854396698,0.9982788296041308,0.9983974358974358,0.9983318319821173,0.5135718448218447,0.5238095238095238,0.5209175084175083,0.5116379196201514
GJ,A4b,A4b,100.0,fixed250_shuffled,GJ_A4b,affine,L2,11,101,spike,0.4794520547945205,0.46651057276057273,0.45348990035897047,1.0,1.0,1.0,0.5334894272394273,0.5317460317460317,0.5278619528619528,0.520097138560111
GJ,A4b,A4b,10.0,fixed250_shuffled,GJ_A4b,no_bias,L2,11,211,spike,0.4726027397260274,0.4724629537129537,0.4716212938725303,0.9982788296041308,0.9983974358974358,0.9983318319821173,0.525934482184482,0.5714285714285714,0.572931697931698,0.5824390618363214
GJ,A4b,A4b,0.1,fixed250_shuffled,GJ_A4b,affine,L2,11,211,spike,0.5068493150684932,0.49537753912753907,0.49629427317831093,0.9982788296041308,0.9983974358974358,0.9983818770226538,0.5030198967698967,0.5555555555555556,0.5435305435305435,0.5483107148910925
GJ,A4b,A4b,100.0,fixed250_shuffled,GJ_A4b,no_bias,L2,11,307,spike,0.4657534246575342,0.4595369907869908,0.45936684562841035,0.9982788296041308,0.9983974358974358,0.9983318319821173,0.5388604451104451,0.5476190476190477,0.5504148629148629,0.5495910829148816
GJ,A4b,A4b,1.0,fixed250_shuffled,GJ_A4b,affine,L2,11,307,spike,0.4794520547945205,0.4733648296148296,0.46692155154804565,1.0,1.0,1.0,0.5266351703851704,0.5714285714285714,0.5659511784511785,0.5821048210400747
GJ,A4b,A4b,100.0,fixed250_shuffled,GJ_A4b,no_bias,L2,11,401,spike,0.5205479452054794,0.5178321678321679,0.5103527344644688,0.9982788296041308,0.9983974358974358,0.9983318319821173,0.4805652680652679,0.5238095238095238,0.5227693602693603,0.5307779252051698
GJ,A4b,A4b,10.0,fixed250_shuffled,GJ_A4b,affine,L2,11,401,spike,0.5547945205479452,0.5495802808302808,0.5434425597993582,1.0,1.0,1.0,0.45041971916971923,0.5,0.4878126503126503,0.4996967085202379
GJ,A4b,A4b,1.0,fixed250_shuffled,GJ_A4b,no_bias,L2,11,503,spike,0.5273972602739726,0.5173132423132424,0.5197017256162684,0.9982788296041308,0.9983974358974358,0.9983318319821173,0.4810841935841934,0.5634920634920635,0.5568602693602694,0.5724044947572297
GJ,A4b,A4b,10.0,fixed250_shuffled,GJ_A4b,affine,L2,11,503,spike,0.5342465753424658,0.5244332056832056,0.5254338384453473,1.0,1.0,1.0,0.4755667943167944,0.5793650793650794,0.5741582491582492,0.5851859251859252
GJ,A4b,A4b,1.0,relative10_ordered,GJ_A4b,no_bias,L2,11,-1,spike,0.6164383561643836,0.6011134698634698,0.5984930510665806,0.9982788296041308,0.9983974358974358,0.9983318319821173,0.397283966033966,0.6746031746031746,0.6698593073593072,0.679286976873947
GJ,A4b,A4b,0.01,relative10_ordered,GJ_A4b,affine,L2,11,-1,spike,0.7054794520547946,0.6876533189033188,0.6868984203873848,0.9879518072289156,0.9874424072542354,0.9881381374040479,0.29978908835091655,0.6587301587301587,0.6431036556036557,0.6533296127975761
GJ,A4b,A4b,10.0,relative10_shuffled,GJ_A4b,no_bias,L2,11,101,spike,0.5,0.49552600177600176,0.4940912864468357,0.9982788296041308,0.9983974358974358,0.9983318319821173,0.502871434121434,0.5238095238095238,0.5179292929292929,0.5127209709696099
GJ,A4b,A4b,0.001,relative10_shuffled,GJ_A4b,affine,L2,11,101,spike,0.5342465753424658,0.5195908258408258,0.5123374270304096,0.9604130808950087,0.9585013893279202,0.9612663401979457,0.43891056348709434,0.5396825396825397,0.5206409331409332,0.5080569122235788
GJ,A4b,A4b,1.0,relative10_shuffled,GJ_A4b,no_bias,L2,11,211,spike,0.5068493150684932,0.49764541014541,0.48564867880657353,0.9982788296041308,0.9983974358974358,0.9983318319821173,0.5007520257520257,0.5476190476190477,0.5358225108225109,0.5448988461216723
GJ,A4b,A4b,0.01,relative10_shuffled,GJ_A4b,affine,L2,11,211,spike,0.5616438356164384,0.5492535242535243,0.5415413918126378,0.9879518072289156,0.9874424072542354,0.9882087406635173,0.4381888830007111,0.5476190476190477,0.5322510822510823,0.5286934089875267
GJ,A4b,A4b,0.001,relative10_shuffled,GJ_A4b,no_bias,L2,11,307,spike,0.5136986301369864,0.495553058053058,0.48434826436586337,0.9672977624784854,0.9678129185991269,0.9687071893378062,0.4722598605460689,0.5476190476190477,0.542003367003367,0.5381528607844397
GJ,A4b,A4b,0.01,relative10_shuffled,GJ_A4b,affine,L2,11,307,spike,0.547945205479452,0.5294774669774669,0.5233584949574371,0.9845094664371773,0.9842058562235666,0.9850203607013656,0.4547283892460997,0.5634920634920635,0.5561928811928811,0.559748454888615
GJ,A4b,A4b,0.001,relative10_shuffled,GJ_A4b,no_bias,L2,11,401,spike,0.5342465753424658,0.51632326007326,0.5037493754388459,0.9655765920826161,0.9641341053773028,0.9654907560500985,0.4478108453040428,0.5,0.47990019240019244,0.4755569762546789
GJ,A4b,A4b,0.01,relative10_shuffled,GJ_A4b,affine,L2,11,401,spike,0.5547945205479452,0.5392968142968143,0.5284256597375792,0.9862306368330465,0.9858398431516712,0.9865800851582862,0.44654302885485686,0.5079365079365079,0.4834415584415584,0.477555335340423
GJ,A4b,A4b,0.01,relative10_shuffled,GJ_A4b,no_bias,L2,11,503,spike,0.5205479452054794,0.5074557387057387,0.5040712411680154,0.9862306368330465,0.9868626054410369,0.9871353245988578,0.4794068667352982,0.5158730158730159,0.4892556517556517,0.47760374520178445
GJ,A4b,A4b,0.1,relative10_shuffled,GJ_A4b,affine,L2,11,503,spike,0.5273972602739726,0.5068605006105006,0.4971415134685491,0.9965576592082617,0.996545584045584,0.9966520448207478,0.48968508343508343,0.5317460317460317,0.5107563732563734,0.5144114901423747
GJ,A0,A0,1.0,whole_count,GJ_A0,no_bias,L2,23,-1,spike,0.5958904109589042,0.5822191697191696,0.575306570279286,0.9982788296041308,0.9983974358974358,0.9983318319821173,0.41617826617826614,0.5476190476190477,0.5553391053391054,0.5529898979174342
GJ,A0,A0,10.0,whole_count,GJ_A0,affine,L2,23,-1,spike,0.589041095890411,0.5758089133089133,0.5658677396890527,1.0,1.0,1.0,0.42419108669108674,0.5634920634920635,0.5775974025974027,0.5714402455781765
GJ,A0,A0,0.01,fixed250_ordered,GJ_A0,no_bias,L2,23,-1,spike,0.6095890410958904,0.590352009102009,0.5828975253153884,0.9931153184165232,0.9933090330149154,0.9934102151537761,0.40295702391290633,0.5952380952380952,0.5976370851370851,0.6001452854713725
GJ,A0,A0,0.1,fixed250_ordered,GJ_A0,affine,L2,23,-1,spike,0.6232876712328768,0.6046377233877234,0.6020123958910476,0.9982788296041308,0.9983974358974358,0.9983818770226538,0.3937597125097124,0.6031746031746031,0.6115620490620491,0.6058166657044367
GJ,A0,A0,1.0,fixed250_shuffled,GJ_A0,no_bias,L2,23,101,spike,0.6095890410958904,0.5872675935175935,0.577078472215211,0.9982788296041308,0.9983974358974358,0.9983318319821173,0.4111298423798423,0.5714285714285714,0.570923520923521,0.5639733561408752
GJ,A0,A0,100.0,fixed250_shuffled,GJ_A0,affine,L2,23,101,spike,0.5753424657534246,0.5620913808413807,0.5454190916595009,1.0,1.0,1.0,0.43790861915861934,0.5634920634920635,0.5738997113997114,0.5558440478921028
GJ,A0,A0,100.0,fixed250_shuffled,GJ_A0,no_bias,L2,23,211,spike,0.5205479452054794,0.518081918081918,0.523817337227425,0.9982788296041308,0.9983974358974358,0.9983318319821173,0.48031551781551785,0.5396825396825397,0.5419191919191919,0.5487210290121181
GJ,A0,A0,100.0,fixed250_shuffled,GJ_A0,affine,L2,23,211,spike,0.5,0.5045308857808858,0.504240385218646,1.0,1.0,1.0,0.4954691142191142,0.5158730158730159,0.5261784511784512,0.5223359127299765
GJ,A0,A0,0.001,fixed250_shuffled,GJ_A0,no_bias,L2,23,307,spike,0.541095890410959,0.5232434232434232,0.5039331422090043,0.9810671256454389,0.9794972676443234,0.980706651336951,0.4562538444009002,0.5634920634920635,0.5560666185666185,0.5601284633272215
GJ,A0,A0,0.1,fixed250_shuffled,GJ_A0,affine,L2,23,307,spike,0.589041095890411,0.5709977522477522,0.5521073833573834,0.9982788296041308,0.9983974358974358,0.9983818770226538,0.4273996836496836,0.5476190476190477,0.5407888407888408,0.539223656699147
GJ,A0,A0,0.01,fixed250_shuffled,GJ_A0,no_bias,L2,23,401,spike,0.5616438356164384,0.542823149073149,0.5334862867706005,0.9948364888123924,0.9951294620412267,0.9950928382714254,0.45230631296807766,0.5793650793650794,0.5780303030303032,0.5816469918758248
GJ,A0,A0,0.1,fixed250_shuffled,GJ_A0,affine,L2,23,401,spike,0.5958904109589042,0.5831349206349207,0.5708542150912143,0.9982788296041308,0.9983974358974358,0.9983818770226538,0.4152625152625151,0.5873015873015873,0.5846801346801348,0.5846769842358078
GJ,A0,A0,0.01,fixed250_shuffled,GJ_A0,no_bias,L2,23,503,spike,0.5821917808219178,0.5630612443112443,0.5531698418540524,0.9948364888123924,0.9951294620412267,0.9950928382714254,0.4320682177299824,0.5634920634920635,0.5628427128427128,0.5697274070958281
GJ,A0,A0,1.0,fixed250_shuffled,GJ_A0,affine,L2,23,503,spike,0.6301369863013698,0.612107337107337,0.5946691502669937,1.0,1.0,1.0,0.387892662892663,0.5714285714285714,0.5695346320346321,0.5648815575474614
GJ,A0,A0,100.0,relative10_ordered,GJ_A0,no_bias,L2,23,-1,spike,0.7397260273972602,0.7318743756243756,0.7275546742480555,0.9982788296041308,0.9983974358974358,0.9983318319821173,0.26652306027306016,0.6507936507936508,0.6507515632515632,0.6644685976143776
GJ,A0,A0,100.0,relative10_ordered,GJ_A0,affine,L2,23,-1,spike,0.7191780821917808,0.7134851259851259,0.7047900451353137,1.0,1.0,1.0,0.2865148740148741,0.6428571428571429,0.6438071188071188,0.6547313797313797
GJ,A0,A0,100.0,relative10_shuffled,GJ_A0,no_bias,L2,23,101,spike,0.5684931506849316,0.5534874847374847,0.5446748041355884,0.9982788296041308,0.9983974358974358,0.9983318319821173,0.44490995115995113,0.5476190476190477,0.5550444925444925,0.5509496952746381
GJ,A0,A0,10.0,relative10_shuffled,GJ_A0,affine,L2,23,101,spike,0.5547945205479452,0.541785298035298,0.5317171437475875,1.0,1.0,1.0,0.45821470196470204,0.5238095238095238,0.528493265993266,0.5274958204625723
GJ,A0,A0,0.01,relative10_shuffled,GJ_A0,no_bias,L2,23,211,spike,0.5616438356164384,0.5478847541347541,0.5352488404181358,0.9965576592082617,0.9968542260208927,0.9967741995833634,0.44896947188613856,0.5238095238095238,0.5249158249158249,0.5199203574203574
GJ,A0,A0,10.0,relative10_shuffled,GJ_A0,affine,L2,23,211,spike,0.547945205479452,0.5368478743478743,0.5263233978581076,1.0,1.0,1.0,0.4631521256521257,0.5079365079365079,0.5093434343434343,0.5009139982824192
GJ,A0,A0,1.0,relative10_shuffled,GJ_A0,no_bias,L2,23,307,spike,0.589041095890411,0.5791076978576978,0.5651084810011394,0.9982788296041308,0.9983974358974358,0.9983318319821173,0.419289738039738,0.5317460317460317,0.5402296777296777,0.5361409893112792
GJ,A0,A0,100.0,relative10_shuffled,GJ_A0,affine,L2,23,307,spike,0.547945205479452,0.5413121600621601,0.5364419672164213,1.0,1.0,1.0,0.4586878399378399,0.5317460317460317,0.5369528619528618,0.5335663681306013
GJ,A0,A0,0.01,relative10_shuffled,GJ_A0,no_bias,L2,23,401,spike,0.5684931506849316,0.5561528749028749,0.5440057018827995,0.9982788296041308,0.9983974358974358,0.9983318319821173,0.4422445609945609,0.49206349206349204,0.4986892736892737,0.4973010603291515
GJ,A0,A0,0.01,relative10_shuffled,GJ_A0,affine,L2,23,401,spike,0.5821917808219178,0.5634670884670884,0.5552288758609708,0.9931153184165232,0.9933357075023741,0.993473837150109,0.4298686190352857,0.5317460317460317,0.5273989898989898,0.5246478969059615
GJ,A0,A0,100.0,relative10_shuffled,GJ_A0,no_bias,L2,23,503,spike,0.5684931506849316,0.5535846098346098,0.5425489819881439,0.9982788296041308,0.9983974358974358,0.9983318319821173,0.444812826062826,0.5,0.499585137085137,0.4924488247023712
GJ,A0,A0,0.1,relative10_shuffled,GJ_A0,affine,L2,23,503,spike,0.5821917808219178,0.5671869796869797,0.558901090580251,0.9982788296041308,0.9983974358974358,0.9983818770226538,0.43121045621045606,0.5079365079365079,0.5051406926406926,0.5069645939864745
GJ,A1,A1,1.0,whole_count,GJ_A1,no_bias,L2,23,-1,spike,0.6027397260273972,0.5881715506715506,0.5803465915325425,0.9948364888123924,0.9951294620412267,0.9950928382714254,0.4069579113696761,0.5396825396825397,0.547005772005772,0.5456848337006053
GJ,A1,A1,1.0,whole_count,GJ_A1,affine,L2,23,-1,spike,0.6232876712328768,0.6071921134421134,0.6027571221244122,0.9982788296041308,0.9983974358974358,0.9983818770226538,0.39120532245532236,0.5238095238095238,0.5321909571909572,0.5341186616611405
GJ,A1,A1,100.0,fixed250_ordered,GJ_A1,no_bias,L2,23,-1,spike,0.5958904109589042,0.585774642024642,0.5849360314151447,0.9982788296041308,0.9983974358974358,0.9983318319821173,0.41262279387279377,0.5952380952380952,0.6091149591149592,0.5930354124408385
GJ,A1,A1,0.01,fixed250_ordered,GJ_A1,affine,L2,23,-1,spike,0.636986301369863,0.6221701909201909,0.6156511150665273,0.9879518072289156,0.9874750869927974,0.9883263323241689,0.3653048960726065,0.6031746031746031,0.6022667147667148,0.6099317389534781
GJ,A1,A1,1.0,fixed250_shuffled,GJ_A1,no_bias,L2,23,101,spike,0.6232876712328768,0.603411172161172,0.5958702166090442,0.9982788296041308,0.9983974358974358,0.9983318319821173,0.3949862637362638,0.5634920634920635,0.5624218374218375,0.5546285298908987
GJ,A1,A1,100.0,fixed250_shuffled,GJ_A1,affine,L2,23,101,spike,0.5821917808219178,0.5669545732045731,0.5614208107586419,1.0,1.0,1.0,0.4330454267954269,0.5634920634920635,0.5681758056758056,0.5735249893258205
GJ,A1,A1,0.01,fixed250_shuffled,GJ_A1,no_bias,L2,23,211,spike,0.6027397260273972,0.589792846042846,0.5895485610435341,0.9948364888123924,0.9951294620412267,0.9950928382714254,0.40533661599838067,0.5317460317460317,0.5351010101010101,0.5359095932228212
GJ,A1,A1,100.0,fixed250_shuffled,GJ_A1,affine,L2,23,211,spike,0.547945205479452,0.5460851648351648,0.5446350477643384,1.0,1.0,1.0,0.4539148351648352,0.5238095238095238,0.5226070226070226,0.527227538543328
GJ,A1,A1,10.0,fixed250_shuffled,GJ_A1,no_bias,L2,23,307,spike,0.5342465753424658,0.5214708902208902,0.5100525947258348,0.9982788296041308,0.9983974358974358,0.9983318319821173,0.4769265456765456,0.5555555555555556,0.5551767676767677,0.553031863678746
GJ,A1,A1,10.0,fixed250_shuffled,GJ_A1,affine,L2,23,307,spike,0.541095890410959,0.5274232711732711,0.5100958037957466,1.0,1.0,1.0,0.47257672882672885,0.5555555555555556,0.5526936026936027,0.5507540506208451
GJ,A1,A1,0.1,fixed250_shuffled,GJ_A1,no_bias,L2,23,401,spike,0.589041095890411,0.5764249639249639,0.5694377397987126,0.9982788296041308,0.9983974358974358,0.9983318319821173,0.4219724719724719,0.5634920634920635,0.5610690235690236,0.5593770745937928
GJ,A1,A1,0.1,fixed250_shuffled,GJ_A1,affine,L2,23,401,spike,0.6095890410958904,0.5966630591630591,0.5886584376574336,0.9982788296041308,0.9983974358974358,0.9983818770226538,0.40173437673437673,0.5714285714285714,0.569402356902357,0.5702108947697182
GJ,A1,A1,0.01,fixed250_shuffled,GJ_A1,no_bias,L2,23,503,spike,0.5958904109589042,0.5775814463314463,0.5685634757564583,0.9948364888123924,0.9951294620412267,0.9950928382714254,0.4175480157097804,0.5714285714285714,0.5697871572871572,0.5741302620593237
GJ,A1,A1,0.1,fixed250_shuffled,GJ_A1,affine,L2,23,503,spike,0.6232876712328768,0.6037719225219225,0.5916317068006811,0.9982788296041308,0.9983974358974358,0.9983818770226538,0.3946255133755133,0.5714285714285714,0.5682720057720058,0.572810806660921
GJ,A1,A1,0.01,relative10_ordered,GJ_A1,no_bias,L2,23,-1,spike,0.726027397260274,0.7178120490620491,0.71417152764599,0.9948364888123924,0.9952202390927881,0.9951554662814618,0.277408190030739,0.6428571428571429,0.6415824915824916,0.6613902976017282
GJ,A1,A1,100.0,relative10_ordered,GJ_A1,affine,L2,23,-1,spike,0.726027397260274,0.7213605838605838,0.71257023339732,1.0,1.0,1.0,0.27863941613941623,0.6507936507936508,0.6567700817700818,0.6627825999536525
GJ,A1,A1,10.0,relative10_shuffled,GJ_A1,no_bias,L2,23,101,spike,0.547945205479452,0.5380112942612942,0.5264752548630347,0.9982788296041308,0.9983974358974358,0.9983318319821173,0.46038614163614155,0.5555555555555556,0.5669492544492544,0.5604172236780932
GJ,A1,A1,100.0,relative10_shuffled,GJ_A1,affine,L2,23,101,spike,0.5547945205479452,0.5458368020868021,0.5341232761047002,1.0,1.0,1.0,0.4541631979131979,0.5079365079365079,0.5125481000481001,0.5022637983365862
GJ,A1,A1,0.1,relative10_shuffled,GJ_A1,no_bias,L2,23,211,spike,0.5616438356164384,0.5508338883338884,0.5461742654445682,0.9982788296041308,0.9983974358974358,0.9983318319821173,0.44756354756354744,0.5,0.5003787878787879,0.49482091982091986
GJ,A1,A1,0.1,relative10_shuffled,GJ_A1,affine,L2,23,211,spike,0.5821917808219178,0.5682310744810745,0.5623118001291213,0.9982788296041308,0.9983974358974358,0.9983818770226538,0.43016636141636133,0.5238095238095238,0.524621212121212,0.513460150960151
GJ,A1,A1,1.0,relative10_shuffled,GJ_A1,no_bias,L2,23,307,spike,0.5821917808219178,0.5731553169053168,0.5598702343314411,0.9982788296041308,0.9983974358974358,0.9983318319821173,0.42524211899211894,0.5396825396825397,0.5482263107263107,0.5490913208256839
GJ,A1,A1,10.0,relative10_shuffled,GJ_A1,affine,L2,23,307,spike,0.5684931506849316,0.5622426184926185,0.5493952858050221,1.0,1.0,1.0,0.4377573815073815,0.5317460317460317,0.536026936026936,0.5310910434594645
GJ,A1,A1,0.01,relative10_shuffled,GJ_A1,no_bias,L2,23,401,spike,0.5821917808219178,0.5690497002997003,0.5586650483842512,0.9948364888123924,0.9951294620412267,0.9950928382714254,0.4260797617415264,0.49206349206349204,0.4937289562289562,0.49349897369348167
GJ,A1,A1,0.01,relative10_shuffled,GJ_A1,affine,L2,23,401,spike,0.5821917808219178,0.5634670884670884,0.5548015004335953,0.9913941480206541,0.9917331433998101,0.99190065410733,0.42826605493272174,0.5238095238095238,0.5190656565656565,0.5168360805860807
GJ,A1,A1,0.1,relative10_shuffled,GJ_A1,no_bias,L2,23,503,spike,0.541095890410959,0.530309274059274,0.5246317667496784,0.9982788296041308,0.9983974358974358,0.9983318319821173,0.4680881618381618,0.47619047619047616,0.4781565656565656,0.4812076398260608
GJ,A1,A1,0.1,relative10_shuffled,GJ_A1,affine,L2,23,503,spike,0.5958904109589042,0.5817071817071817,0.5720961617791428,0.9982788296041308,0.9983974358974358,0.9983818770226538,0.4166902541902541,0.49206349206349204,0.4884740259740259,0.4926737451780358
GJ,A2,A2,1.0,whole_count,GJ_A2,no_bias,L2,23,-1,spike,0.5958904109589042,0.5822191697191696,0.5737365219701073,0.9965576592082617,0.9967634489693312,0.9967130986802156,0.4145442792501616,0.5476190476190477,0.5553391053391054,0.5529898979174342
GJ,A2,A2,10.0,whole_count,GJ_A2,affine,L2,23,-1,spike,0.5821917808219178,0.5712454212454211,0.558952528379773,1.0,1.0,1.0,0.4287545787545789,0.5476190476190477,0.5537878787878788,0.5472687979761418
GJ,A2,A2,0.01,fixed250_ordered,GJ_A2,no_bias,L2,23,-1,spike,0.6095890410958904,0.590352009102009,0.5828975253153884,0.9931153184165232,0.9933090330149154,0.9934102151537761,0.40295702391290633,0.5952380952380952,0.5976370851370851,0.6001452854713725
GJ,A2,A2,0.1,fixed250_ordered,GJ_A2,affine,L2,23,-1,spike,0.6301369863013698,0.6122134809634809,0.6089087427873946,0.9982788296041308,0.9983974358974358,0.9983818770226538,0.38618395493395485,0.6031746031746031,0.6115620490620491,0.6076419841058421
GJ,A2,A2,1.0,fixed250_shuffled,GJ_A2,no_bias,L2,23,101,spike,0.6095890410958904,0.5872675935175935,0.5773756928104193,0.9982788296041308,0.9983974358974358,0.9983318319821173,0.4111298423798423,0.5873015873015873,0.5911616161616162,0.5810805305756359
GJ,A2,A2,100.0,fixed250_shuffled,GJ_A2,affine,L2,23,101,spike,0.5821917808219178,0.5693355255855255,0.5548076261543754,1.0,1.0,1.0,0.43066447441447453,0.5634920634920635,0.568939393939394,0.5573908335960205
GJ,A2,A2,100.0,fixed250_shuffled,GJ_A2,no_bias,L2,23,211,spike,0.5547945205479452,0.5519092019092018,0.55655537914344,0.9982788296041308,0.9983974358974358,0.9983318319821173,0.446488233988234,0.5396825396825397,0.5473424723424724,0.5492788802115389
GJ,A2,A2,0.01,fixed250_shuffled,GJ_A2,affine,L2,23,211,spike,0.589041095890411,0.5759650072150072,0.564713144517066,0.9896729776247849,0.9892955160191086,0.9900248193925764,0.4133305088041014,0.5158730158730159,0.5133056758056758,0.5184717159941225
GJ,A2,A2,10.0,fixed250_shuffled,GJ_A2,no_bias,L2,23,307,spike,0.5616438356164384,0.5469037906537906,0.5356346069748021,0.9982788296041308,0.9983974358974358,0.9983318319821173,0.4514936452436452,0.5555555555555556,0.5561026936026936,0.5482249031162075
GJ,A2,A2,10.0,fixed250_shuffled,GJ_A2,affine,L2,23,307,spike,0.5547945205479452,0.5431610056610056,0.5240480323747901,1.0,1.0,1.0,0.45683899433899444,0.5396825396825397,0.5430074555074555,0.5383524160314442
GJ,A2,A2,0.1,fixed250_shuffled,GJ_A2,no_bias,L2,23,401,spike,0.5753424657534246,0.5612734487734488,0.5484848839600208,0.9982788296041308,0.9983974358974358,0.9983318319821173,0.43712398712398703,0.5793650793650794,0.5763468013468014,0.5756510698873126
GJ,A2,A2,0.1,fixed250_shuffled,GJ_A2,affine,L2,23,401,spike,0.5821917808219178,0.5696067821067821,0.5567227335347764,0.9982788296041308,0.9983974358974358,0.9983818770226538,0.42879065379065373,0.5873015873015873,0.5846801346801348,0.5846769842358078
GJ,A2,A2,100.0,fixed250_shuffled,GJ_A2,no_bias,L2,23,503,spike,0.547945205479452,0.5430638805638806,0.5429752074015627,0.9982788296041308,0.9983974358974358,0.9983318319821173,0.45533355533355524,0.5634920634920635,0.5681758056758056,0.5659380355662634
GJ,A2,A2,1.0,fixed250_shuffled,GJ_A2,affine,L2,23,503,spike,0.6095890410958904,0.5918692418692418,0.5792974067174274,1.0,1.0,1.0,0.40813075813075816,0.5634920634920635,0.5619588744588745,0.5597453742862782
GJ,A2,A2,100.0,relative10_ordered,GJ_A2,no_bias,L2,23,-1,spike,0.726027397260274,0.7239760239760241,0.7154052638129119,0.9982788296041308,0.9983974358974358,0.9983318319821173,0.2744214119214117,0.6428571428571429,0.6438071188071188,0.6540438572360768
GJ,A2,A2,0.01,relative10_ordered,GJ_A2,affine,L2,23,-1,spike,0.726027397260274,0.717812049062049,0.7178466533091852,0.9913941480206541,0.9906475354593635,0.9913286450706066,0.2728354863973145,0.6349206349206349,0.6318602693602693,0.6553795216881602
GJ,A2,A2,10.0,relative10_shuffled,GJ_A2,no_bias,L2,23,101,spike,0.547945205479452,0.5340069652569651,0.5263597564311808,0.9982788296041308,0.9983974358974358,0.9983318319821173,0.4643904706404707,0.5634920634920635,0.5709535834535834,0.5653322498372554
GJ,A2,A2,0.01,relative10_shuffled,GJ_A2,affine,L2,23,101,spike,0.5958904109589042,0.5793782606282606,0.572253469506073,0.9862306368330465,0.9858084203261305,0.9865943848354845,0.4064301596978699,0.5238095238095238,0.5233585858585857,0.5250715764475796
GJ,A2,A2,0.01,relative10_shuffled,GJ_A2,no_bias,L2,23,211,spike,0.5684931506849316,0.5554605117105117,0.5433708210944642,0.9965576592082617,0.9968542260208927,0.9967741995833634,0.441393714310381,0.5158730158730159,0.5179713804713805,0.5128661193878585
GJ,A2,A2,0.1,relative10_shuffled,GJ_A2,affine,L2,23,211,spike,0.5684931506849316,0.5537108724608725,0.5457700284843748,0.9982788296041308,0.9983974358974358,0.9983818770226538,0.4446865634365633,0.5158730158730159,0.5127164502164502,0.502787074037074
GJ,A2,A2,100.0,relative10_shuffled,GJ_A2,no_bias,L2,23,307,spike,0.5616438356164384,0.5474608724608724,0.5425800147064515,0.9982788296041308,0.9983974358974358,0.9983318319821173,0.4509365634365634,0.5396825396825397,0.5415764790764791,0.5486080746950311
GJ,A2,A2,10.0,relative10_shuffled,GJ_A2,affine,L2,23,307,spike,0.5753424657534246,0.5705149017649017,0.5549805947000898,1.0,1.0,1.0,0.4294850982350983,0.5317460317460317,0.5386724386724386,0.5289731853172713
GJ,A2,A2,0.001,relative10_shuffled,GJ_A2,no_bias,L2,23,401,spike,0.589041095890411,0.5745442057942057,0.5598572128864019,0.9827882960413081,0.9817343633373015,0.9829095006675271,0.40719015754309573,0.5079365079365079,0.5088744588744588,0.5143218340798986
GJ,A2,A2,0.01,relative10_shuffled,GJ_A2,affine,L2,23,401,spike,0.5821917808219178,0.5634670884670884,0.5552288758609708,0.9913941480206541,0.9917331433998101,0.99190065410733,0.42826605493272174,0.5238095238095238,0.5190656565656565,0.5164732937313583
GJ,A2,A2,0.1,relative10_shuffled,GJ_A2,no_bias,L2,23,503,spike,0.541095890410959,0.5297750860250859,0.5224438153858167,0.9982788296041308,0.9983974358974358,0.9983318319821173,0.46862234987234985,0.48412698412698413,0.4864898989898989,0.48756983958070915
GJ,A2,A2,0.1,relative10_shuffled,GJ_A2,affine,L2,23,503,spike,0.5753424657534246,0.5612345987345987,0.5522344239135842,0.9982788296041308,0.9983974358974358,0.9983818770226538,0.4371628371628371,0.5,0.4938672438672438,0.4952829512564447
GJ,A3,A3__shuffle101,1.0,whole_count,GJ_A3__shuffle101,no_bias,L2,23,-1,spike,0.5958904109589042,0.5822191697191696,0.5737365219701073,0.9982788296041308,0.9983974358974358,0.9983318319821173,0.41617826617826614,0.5476190476190477,0.5553391053391054,0.5529898979174342
GJ,A3,A3__shuffle101,10.0,whole_count,GJ_A3__shuffle101,affine,L2,23,-1,spike,0.589041095890411,0.5713446275946276,0.5633580001610577,1.0,1.0,1.0,0.42865537240537244,0.5555555555555556,0.5656926406926407,0.562016746919493
GJ,A3,A3__shuffle101,0.01,fixed250_ordered,GJ_A3__shuffle101,no_bias,L2,23,-1,spike,0.6027397260273972,0.5843996281496281,0.5776510678729317,0.9931153184165232,0.9933090330149154,0.9934102151537761,0.40890940486528726,0.5873015873015873,0.5906926406926407,0.5929302782563652
GJ,A3,A3__shuffle101,0.1,fixed250_ordered,GJ_A3__shuffle101,affine,L2,23,-1,spike,0.6095890410958904,0.5917408979908979,0.5877601744911183,0.9982788296041308,0.9983974358974358,0.9983818770226538,0.4066565379065379,0.6111111111111112,0.6141774891774892,0.6109183464703789
GJ,A3,A3__shuffle101,1.0,fixed250_shuffled,GJ_A3__shuffle101,no_bias,L2,23,101,spike,0.6164383561643836,0.5964667277167276,0.5887459759170285,0.9982788296041308,0.9983974358974358,0.9983318319821173,0.4019307081807082,0.5793650793650794,0.5792568542568544,0.5663723460398652
GJ,A3,A3__shuffle101,100.0,fixed250_shuffled,GJ_A3__shuffle101,affine,L2,23,101,spike,0.547945205479452,0.5355692918192917,0.5240480080921258,1.0,1.0,1.0,0.4644307081807083,0.5714285714285714,0.5834896584896584,0.5632609994065102
GJ,A3,A3__shuffle101,0.01,fixed250_shuffled,GJ_A3__shuffle101,no_bias,L2,23,211,spike,0.6027397260273972,0.589792846042846,0.5889088083876525,0.9948364888123924,0.9951294620412267,0.9950928382714254,0.40533661599838067,0.5317460317460317,0.5307720057720058,0.5312942787799205
GJ,A3,A3__shuffle101,0.01,fixed250_shuffled,GJ_A3__shuffle101,affine,L2,23,211,spike,0.6027397260273972,0.5878697691197691,0.5818977609625183,0.9896729776247849,0.9892955160191086,0.9900248193925764,0.4014257468993395,0.5158730158730159,0.5133056758056758,0.5184717159941225
GJ,A3,A3__shuffle101,0.001,fixed250_shuffled,GJ_A3__shuffle101,no_bias,L2,23,307,spike,0.541095890410959,0.5232434232434232,0.5031974319656539,0.9827882960413081,0.9815806009776568,0.9825860759107696,0.45833717773423355,0.5634920634920635,0.5560666185666185,0.5601284633272215
GJ,A3,A3__shuffle101,0.1,fixed250_shuffled,GJ_A3__shuffle101,affine,L2,23,307,spike,0.5958904109589042,0.5793310855810856,0.5595866794236359,0.9982788296041308,0.9983974358974358,0.9983818770226538,0.4190663503163502,0.5476190476190477,0.5407888407888408,0.537524738333562
GJ,A3,A3__shuffle101,0.1,fixed250_shuffled,GJ_A3__shuffle101,no_bias,L2,23,401,spike,0.5684931506849316,0.5553210678210678,0.5440091806352126,0.9982788296041308,0.9983974358974358,0.9983318319821173,0.44307636807636797,0.5793650793650794,0.5763468013468014,0.5756510698873126
GJ,A3,A3__shuffle101,0.1,fixed250_shuffled,GJ_A3__shuffle101,affine,L2,23,401,spike,0.589041095890411,0.575559163059163,0.5618672869866391,0.9982788296041308,0.9983974358974358,0.9983818770226538,0.4228382728382728,0.5793650793650794,0.5763468013468014,0.5771264791853027
GJ,A3,A3__shuffle101,0.001,fixed250_shuffled,GJ_A3__shuffle101,no_bias,L2,23,503,spike,0.541095890410959,0.5232434232434232,0.5102487669897191,0.9672977624784854,0.9637285071018348,0.965602479654247,0.44048508385841156,0.5793650793650794,0.5673100048100047,0.5730448946449304
GJ,A3,A3__shuffle101,1.0,fixed250_shuffled,GJ_A3__shuffle101,affine,L2,23,503,spike,0.6095890410958904,0.5942501942501942,0.580676459763147,1.0,1.0,1.0,0.4057498057498058,0.5714285714285714,0.5689033189033189,0.5683420280774399
GJ,A3,A3__shuffle101,100.0,relative10_ordered,GJ_A3__shuffle101,no_bias,L2,23,-1,spike,0.7191780821917808,0.718023643023643,0.706511405789444,0.9982788296041308,0.9983974358974358,0.9983318319821173,0.2803737928737928,0.6587301587301587,0.6600108225108227,0.6689738292248725
GJ,A3,A3__shuffle101,100.0,relative10_ordered,GJ_A3__shuffle101,affine,L2,23,-1,spike,0.6986301369863014,0.6941780441780442,0.685819482917625,1.0,1.0,1.0,0.3058219558219558,0.626984126984127,0.6299182299182299,0.638270102258439
GJ,A3,A3__shuffle101,10.0,relative10_shuffled,GJ_A3__shuffle101,no_bias,L2,23,101,spike,0.541095890410959,0.5332764457764457,0.5094952059688491,0.9982788296041308,0.9983974358974358,0.9983318319821173,0.46512099012099006,0.5555555555555556,0.5652657527657527,0.5563594864502305
GJ,A3,A3__shuffle101,100.0,relative10_shuffled,GJ_A3__shuffle101,affine,L2,23,101,spike,0.5205479452054794,0.5078317515817515,0.49842171798214,1.0,1.0,1.0,0.49216824841824847,0.5317460317460317,0.5403980278980279,0.5401097116891
GJ,A3,A3__shuffle101,0.01,relative10_shuffled,GJ_A3__shuffle101,no_bias,L2,23,211,spike,0.5616438356164384,0.5478847541347541,0.5372357917324425,0.9965576592082617,0.9968542260208927,0.9967741995833634,0.44896947188613856,0.5238095238095238,0.5249158249158249,0.5193559835226501
GJ,A3,A3__shuffle101,0.1,relative10_shuffled,GJ_A3__shuffle101,affine,L2,23,211,spike,0.5616438356164384,0.5477584915084915,0.5412280107717751,0.9982788296041308,0.9983974358974358,0.9983818770226538,0.45063894438894425,0.5158730158730159,0.5127164502164502,0.5034102934102935
GJ,A3,A3__shuffle101,1.0,relative10_shuffled,GJ_A3__shuffle101,no_bias,L2,23,307,spike,0.5753424657534246,0.5672029359529359,0.5539007100285835,0.9982788296041308,0.9983974358974358,0.9983318319821173,0.4311944999444999,0.5317460317460317,0.5395983645983645,0.5342757792123919
GJ,A3,A3__shuffle101,100.0,relative10_shuffled,GJ_A3__shuffle101,affine,L2,23,307,spike,0.5684931506849316,0.5599268786768786,0.5443778108882206,1.0,1.0,1.0,0.4400731213231214,0.5317460317460317,0.5389670514670515,0.5433868065856029
GJ,A3,A3__shuffle101,0.1,relative10_shuffled,GJ_A3__shuffle101,no_bias,L2,23,401,spike,0.5616438356164384,0.5475940725940726,0.5360918078023341,0.9982788296041308,0.9983974358974358,0.9983318319821173,0.45080336330336324,0.49206349206349204,0.4937289562289562,0.4928183707714995
GJ,A3,A3__shuffle101,0.01,relative10_shuffled,GJ_A3__shuffle101,affine,L2,23,401,spike,0.5958904109589042,0.5753718503718503,0.5648769949208545,0.9931153184165232,0.9933357075023741,0.993473837150109,0.41796385713052375,0.5317460317460317,0.5273989898989898,0.5246478969059615
GJ,A3,A3__shuffle101,0.1,relative10_shuffled,GJ_A3__shuffle101,no_bias,L2,23,503,spike,0.547945205479452,0.5367195304695304,0.5303295783866693,0.9982788296041308,0.9983974358974358,0.9983318319821173,0.46167790542790543,0.48412698412698413,0.4864898989898989,0.48731996451824044
GJ,A3,A3__shuffle101,0.1,relative10_shuffled,GJ_A3__shuffle101,affine,L2,23,503,spike,0.5753424657534246,0.5612345987345987,0.5522344239135842,0.9982788296041308,0.9983974358974358,0.9983818770226538,0.4371628371628371,0.49206349206349204,0.4862914862914862,0.4882252777471583
GJ,A3,A3__shuffle211,1.0,whole_count,GJ_A3__shuffle211,no_bias,L2,23,-1,spike,0.5958904109589042,0.5822191697191696,0.5737365219701073,0.9948364888123924,0.9951294620412267,0.9950928382714254,0.412910292322057,0.5476190476190477,0.5553391053391054,0.5529898979174342
GJ,A3,A3__shuffle211,10.0,whole_count,GJ_A3__shuffle211,affine,L2,23,-1,spike,0.5821917808219178,0.5698565323565322,0.5603414173523856,1.0,1.0,1.0,0.4301434676434678,0.5476190476190477,0.5537878787878788,0.5489513099410125
GJ,A3,A3__shuffle211,0.1,fixed250_ordered,GJ_A3__shuffle211,no_bias,L2,23,-1,spike,0.6164383561643836,0.5972964535464534,0.5907175184818272,0.9982788296041308,0.9983974358974358,0.9983318319821173,0.40110098235098235,0.5873015873015873,0.5976731601731602,0.5891833659906377
GJ,A3,A3__shuffle211,100.0,fixed250_ordered,GJ_A3__shuffle211,affine,L2,23,-1,spike,0.5821917808219178,0.5680076867576868,0.564197383728344,1.0,1.0,1.0,0.43199231324231324,0.6031746031746031,0.6160594035594036,0.6028645047285398
GJ,A3,A3__shuffle211,1.0,fixed250_shuffled,GJ_A3__shuffle211,no_bias,L2,23,101,spike,0.6164383561643836,0.5958354145854144,0.5865642720089819,0.9982788296041308,0.9983974358974358,0.9983318319821173,0.40256202131202135,0.5793650793650794,0.5792568542568544,0.5694810189761242
GJ,A3,A3__shuffle211,100.0,fixed250_shuffled,GJ_A3__shuffle211,affine,L2,23,101,spike,0.5684931506849316,0.5565968753468752,0.5431913542919236,1.0,1.0,1.0,0.4434031246531248,0.5634920634920635,0.5725108225108225,0.5555169991039557
GJ,A3,A3__shuffle211,0.01,fixed250_shuffled,GJ_A3__shuffle211,no_bias,L2,23,211,spike,0.6027397260273972,0.589792846042846,0.5889088083876525,0.9948364888123924,0.9951294620412267,0.9950928382714254,0.40533661599838067,0.5317460317460317,0.5351010101010101,0.5359095932228212
GJ,A3,A3__shuffle211,100.0,fixed250_shuffled,GJ_A3__shuffle211,affine,L2,23,211,spike,0.5342465753424658,0.5331862581862581,0.531947365570554,1.0,1.0,1.0,0.4668137418137419,0.5396825396825397,0.5428090428090429,0.5499060686858723
GJ,A3,A3__shuffle211,0.001,fixed250_shuffled,GJ_A3__shuffle211,no_bias,L2,23,307,spike,0.541095890410959,0.5232434232434232,0.5028231004148517,0.9827882960413081,0.9815806009776568,0.982648833454292,0.45833717773423355,0.5634920634920635,0.5560666185666185,0.5601284633272215
GJ,A3,A3__shuffle211,100.0,fixed250_shuffled,GJ_A3__shuffle211,affine,L2,23,307,spike,0.5273972602739726,0.5219058719058719,0.5003298691237288,1.0,1.0,1.0,0.4780941280941281,0.5396825396825397,0.5468795093795092,0.5265745389667804
GJ,A3,A3__shuffle211,10.0,fixed250_shuffled,GJ_A3__shuffle211,no_bias,L2,23,401,spike,0.589041095890411,0.5807289932289932,0.5749347381932358,0.9982788296041308,0.9983974358974358,0.9983318319821173,0.4176684426684426,0.5873015873015873,0.590566378066378,0.5919701399964558
GJ,A3,A3__shuffle211,0.1,fixed250_shuffled,GJ_A3__shuffle211,affine,L2,23,401,spike,0.589041095890411,0.575559163059163,0.5610762298230328,0.9982788296041308,0.9983974358974358,0.9983818770226538,0.4228382728382728,0.5793650793650794,0.5777356902356903,0.5765240260828496
GJ,A3,A3__shuffle211,0.01,fixed250_shuffled,GJ_A3__shuffle211,no_bias,L2,23,503,spike,0.5821917808219178,0.5624299311799311,0.5513978725162936,0.9948364888123924,0.9951294620412267,0.9950928382714254,0.43269953086129553,0.5952380952380952,0.5912518037518038,0.5973712670380784
GJ,A3,A3__shuffle211,1.0,fixed250_shuffled,GJ_A3__shuffle211,affine,L2,23,503,spike,0.6027397260273972,0.5838335275835276,0.5698503722411392,1.0,1.0,1.0,0.4161664724164724,0.5714285714285714,0.5689033189033189,0.569159206068531
GJ,A3,A3__shuffle211,0.01,relative10_ordered,GJ_A3__shuffle211,no_bias,L2,23,-1,spike,0.7602739726027398,0.757900432900433,0.751944268684368,0.9948364888123924,0.9952202390927881,0.9951554662814618,0.23731980619235515,0.6507936507936508,0.6471380471380471,0.6641259203759203
GJ,A3,A3__shuffle211,0.01,relative10_ordered,GJ_A3__shuffle211,affine,L2,23,-1,spike,0.7328767123287672,0.7209235209235207,0.7194361462477405,0.9913941480206541,0.9906475354593635,0.9913286450706066,0.2697240145358427,0.6428571428571429,0.6388047138047138,0.6603078181268002
GJ,A3,A3__shuffle211,100.0,relative10_shuffled,GJ_A3__shuffle211,no_bias,L2,23,101,spike,0.5547945205479452,0.5389672827172827,0.5258938958109438,0.9982788296041308,0.9983974358974358,0.9983318319821173,0.4594301531801531,0.5555555555555556,0.5643037518037518,0.5580121531114784
GJ,A3,A3__shuffle211,100.0,relative10_shuffled,GJ_A3__shuffle211,affine,L2,23,101,spike,0.4657534246575342,0.45696595071595064,0.43996564745908523,1.0,1.0,1.0,0.5430340492840493,0.5238095238095238,0.5357683982683983,0.5248935416070037
GJ,A3,A3__shuffle211,0.01,relative10_shuffled,GJ_A3__shuffle211,no_bias,L2,23,211,spike,0.5616438356164384,0.5478847541347541,0.5349950499344603,0.9965576592082617,0.9968542260208927,0.9967741995833634,0.44896947188613856,0.5238095238095238,0.5242845117845119,0.5196205805688564
GJ,A3,A3__shuffle211,0.1,relative10_shuffled,GJ_A3__shuffle211,affine,L2,23,211,spike,0.5616438356164384,0.5477584915084915,0.5393077562428249,0.9982788296041308,0.9983974358974358,0.9983818770226538,0.45063894438894425,0.5158730158730159,0.5127164502164502,0.502787074037074
GJ,A3,A3__shuffle211,100.0,relative10_shuffled,GJ_A3__shuffle211,no_bias,L2,23,307,spike,0.547945205479452,0.5400203962703962,0.5344515398888464,0.9982788296041308,0.9983974358974358,0.9983318319821173,0.4583770396270396,0.5317460317460317,0.5369468494468496,0.5407970662590227
GJ,A3,A3__shuffle211,10.0,relative10_shuffled,GJ_A3__shuffle211,affine,L2,23,307,spike,0.547945205479452,0.543332362082362,0.5287579562717535,1.0,1.0,1.0,0.456667637917638,0.5396825396825397,0.5392676767676767,0.5336262692374439
GJ,A3,A3__shuffle211,0.001,relative10_shuffled,GJ_A3__shuffle211,no_bias,L2,23,401,spike,0.589041095890411,0.5745442057942057,0.5598572128864019,0.9845094664371773,0.9844225353803123,0.9850439828027612,0.4098783295861066,0.5158730158730159,0.5158189033189032,0.5261575828721692
GJ,A3,A3__shuffle211,0.01,relative10_shuffled,GJ_A3__shuffle211,affine,L2,23,401,spike,0.5821917808219178,0.5634670884670884,0.5552288758609708,0.9931153184165232,0.9933357075023741,0.993473837150109,0.4298686190352857,0.5396825396825397,0.5393037518037518,0.5355425578006223
GJ,A3,A3__shuffle211,1.0,relative10_shuffled,GJ_A3__shuffle211,no_bias,L2,23,503,spike,0.547945205479452,0.5341040903540902,0.5261097218010838,0.9982788296041308,0.9983974358974358,0.9983318319821173,0.46429334554334556,0.49206349206349204,0.49839466089466083,0.49981303418803424
GJ,A3,A3__shuffle211,0.1,relative10_shuffled,GJ_A3__shuffle211,affine,L2,23,503,spike,0.5753424657534246,0.559611222111222,0.5498366731834473,0.9982788296041308,0.9983974358974358,0.9983818770226538,0.43878621378621374,0.5158730158730159,0.5127164502164502,0.5145380017614952
GJ,A3,A3__shuffle307,1.0,whole_count,GJ_A3__shuffle307,no_bias,L2,23,-1,spike,0.5958904109589042,0.5822191697191696,0.5737365219701073,0.9965576592082617,0.9967634489693312,0.9967130986802156,0.4145442792501616,0.5476190476190477,0.5553391053391054,0.55369197361951
GJ,A3,A3__shuffle307,10.0,whole_count,GJ_A3__shuffle307,affine,L2,23,-1,spike,0.5958904109589042,0.5817612942612942,0.5713443033552716,1.0,1.0,1.0,0.4182387057387058,0.5396825396825397,0.5445286195286195,0.5375491818434821
GJ,A3,A3__shuffle307,0.01,fixed250_ordered,GJ_A3__shuffle307,no_bias,L2,23,-1,spike,0.6095890410958904,0.590352009102009,0.5828975253153884,0.9931153184165232,0.9933090330149154,0.9934102151537761,0.40295702391290633,0.5952380952380952,0.5976370851370851,0.6001452854713725
GJ,A3,A3__shuffle307,0.1,fixed250_ordered,GJ_A3__shuffle307,affine,L2,23,-1,spike,0.6232876712328768,0.6052690365190364,0.6045398684185201,0.9982788296041308,0.9983974358974358,0.9983818770226538,0.3931283993783994,0.6031746031746031,0.6121933621933622,0.6031159174179498
GJ,A3,A3__shuffle307,1.0,fixed250_shuffled,GJ_A3__shuffle307,no_bias,L2,23,101,spike,0.5958904109589042,0.574370768120768,0.5645193708080705,0.9982788296041308,0.9983974358974358,0.9983318319821173,0.42402666777666775,0.5793650793650794,0.5792568542568544,0.5694810189761242
GJ,A3,A3__shuffle307,10.0,fixed250_shuffled,GJ_A3__shuffle307,affine,L2,23,101,spike,0.5958904109589042,0.5789092851592851,0.5700662358382279,1.0,1.0,1.0,0.4210907148407149,0.5634920634920635,0.5625901875901876,0.5539801363764885
GJ,A3,A3__shuffle307,10.0,fixed250_shuffled,GJ_A3__shuffle307,no_bias,L2,23,211,spike,0.5205479452054794,0.5104208291708291,0.5083506509763775,0.9982788296041308,0.9983974358974358,0.9983318319821173,0.4879766067266067,0.5476190476190477,0.543903318903319,0.5502087288929395
GJ,A3,A3__shuffle307,100.0,fixed250_shuffled,GJ_A3__shuffle307,affine,L2,23,211,spike,0.5136986301369864,0.5165709290709289,0.513246638821674,1.0,1.0,1.0,0.48342907092907106,0.5158730158730159,0.5234006734006734,0.517915892391913
GJ,A3,A3__shuffle307,0.001,fixed250_shuffled,GJ_A3__shuffle307,no_bias,L2,23,307,spike,0.541095890410959,0.5232434232434232,0.5020096925020524,0.9810671256454389,0.9794972676443234,0.980706651336951,0.4562538444009002,0.5634920634920635,0.5560666185666185,0.5601284633272215
GJ,A3,A3__shuffle307,10.0,fixed250_shuffled,GJ_A3__shuffle307,affine,L2,23,307,spike,0.5616438356164384,0.5497446997446996,0.5340156158378891,1.0,1.0,1.0,0.45025530025530036,0.5476190476190477,0.5463804713804713,0.5440467220955653
GJ,A3,A3__shuffle307,0.1,fixed250_shuffled,GJ_A3__shuffle307,no_bias,L2,23,401,spike,0.5684931506849316,0.5553210678210678,0.5429112447546681,0.9982788296041308,0.9983974358974358,0.9983318319821173,0.44307636807636797,0.5873015873015873,0.5832912457912458,0.5854490712134471
GJ,A3,A3__shuffle307,0.1,fixed250_shuffled,GJ_A3__shuffle307,affine,L2,23,401,spike,0.589041095890411,0.575559163059163,0.5618672869866391,0.9982788296041308,0.9983974358974358,0.9983818770226538,0.4228382728382728,0.5952380952380952,0.5922558922558924,0.5904489900078135
GJ,A3,A3__shuffle307,100.0,fixed250_shuffled,GJ_A3__shuffle307,no_bias,L2,23,503,spike,0.5958904109589042,0.5851884226884226,0.5767398549726137,0.9982788296041308,0.9983974358974358,0.9983318319821173,0.41320901320901315,0.5634920634920635,0.5704906204906205,0.5711564814539644
GJ,A3,A3__shuffle307,1.0,fixed250_shuffled,GJ_A3__shuffle307,affine,L2,23,503,spike,0.6027397260273972,0.5859168609168609,0.5723209622141011,1.0,1.0,1.0,0.4140831390831391,0.5634920634920635,0.5619588744588745,0.5597453742862782
GJ,A3,A3__shuffle307,100.0,relative10_ordered,GJ_A3__shuffle307,no_bias,L2,23,-1,spike,0.726027397260274,0.7239760239760241,0.7151658149758898,0.9982788296041308,0.9983974358974358,0.9983318319821173,0.2744214119214117,0.6507936507936508,0.6507515632515632,0.666919293521124
GJ,A3,A3__shuffle307,0.001,relative10_ordered,GJ_A3__shuffle307,affine,L2,23,-1,spike,0.7054794520547946,0.6890512265512264,0.6884552622534241,0.9759036144578314,0.9760559972771391,0.9771352154999423,0.2870047707259127,0.6349206349206349,0.6268999518999518,0.6460160913350733
GJ,A3,A3__shuffle307,100.0,relative10_shuffled,GJ_A3__shuffle307,no_bias,L2,23,101,spike,0.5547945205479452,0.5383359695859695,0.5249405697537881,0.9982788296041308,0.9983974358974358,0.9983318319821173,0.46006146631146627,0.5476190476190477,0.551473063973064,0.5518205254664384
GJ,A3,A3__shuffle307,100.0,relative10_shuffled,GJ_A3__shuffle307,affine,L2,23,101,spike,0.5547945205479452,0.5442744755244754,0.53852835364653,1.0,1.0,1.0,0.4557255244755246,0.5555555555555556,0.5653980278980278,0.5591635140646297
GJ,A3,A3__shuffle307,0.01,relative10_shuffled,GJ_A3__shuffle307,no_bias,L2,23,211,spike,0.5547945205479452,0.5419323731823731,0.5309825279467607,0.9965576592082617,0.9968542260208927,0.9967741995833634,0.4549218528385196,0.5238095238095238,0.5249158249158249,0.5197681699025786
GJ,A3,A3__shuffle307,0.1,relative10_shuffled,GJ_A3__shuffle307,affine,L2,23,211,spike,0.5753424657534246,0.5596632534132534,0.5523789750933213,0.9982788296041308,0.9983974358974358,0.9983818770226538,0.4387341824841824,0.5158730158730159,0.5127164502164502,0.5029473304473305
GJ,A3,A3__shuffle307,1.0,relative10_shuffled,GJ_A3__shuffle307,no_bias,L2,23,307,spike,0.5821917808219178,0.5731553169053168,0.5606768502195788,0.9982788296041308,0.9983974358974358,0.9983318319821173,0.42524211899211894,0.5317460317460317,0.5402296777296777,0.5349790078979919
GJ,A3,A3__shuffle307,0.1,relative10_shuffled,GJ_A3__shuffle307,affine,L2,23,307,spike,0.6164383561643836,0.5996163558663558,0.5907737564116537,0.9982788296041308,0.9983974358974358,0.9983818770226538,0.39878108003108004,0.5238095238095238,0.5267676767676767,0.5184086162047182
GJ,A3,A3__shuffle307,0.01,relative10_shuffled,GJ_A3__shuffle307,no_bias,L2,23,401,spike,0.5684931506849316,0.5561528749028749,0.5440104416032077,0.9965576592082617,0.9967634489693312,0.9967130986802156,0.4406105740664563,0.48412698412698413,0.49174482924482926,0.4901239473187052
GJ,A3,A3__shuffle307,0.01,relative10_shuffled,GJ_A3__shuffle307,affine,L2,23,401,spike,0.5753424657534246,0.5575147075147074,0.5451411565627252,0.9913941480206541,0.9917331433998101,0.99190065410733,0.43421843588510267,0.5317460317460317,0.5273989898989898,0.5246478969059615
GJ,A3,A3__shuffle307,0.1,relative10_shuffled,GJ_A3__shuffle307,no_bias,L2,23,503,spike,0.5342465753424658,0.5233648296148296,0.5165539206459923,0.9982788296041308,0.9983974358974358,0.9983318319821173,0.47503260628260624,0.48412698412698413,0.4864898989898989,0.48756983958070915
GJ,A3,A3__shuffle307,0.1,relative10_shuffled,GJ_A3__shuffle307,affine,L2,23,503,spike,0.5753424657534246,0.5612345987345987,0.5522344239135842,0.9982788296041308,0.9983974358974358,0.9983818770226538,0.4371628371628371,0.5,0.49819624819624814,0.5000858928800386
GJ,A3,A3__shuffle401,1.0,whole_count,GJ_A3__shuffle401,no_bias,L2,23,-1,spike,0.6027397260273972,0.5881715506715506,0.5777124453434093,0.9965576592082617,0.9967634489693312,0.9967130986802156,0.40859189829778064,0.5476190476190477,0.5553391053391054,0.5529898979174342
GJ,A3,A3__shuffle401,10.0,whole_count,GJ_A3__shuffle401,affine,L2,23,-1,spike,0.589041095890411,0.5748168498168498,0.5636885389914642,1.0,1.0,1.0,0.4251831501831502,0.5555555555555556,0.5692640692640693,0.5633272721430617
GJ,A3,A3__shuffle401,0.1,fixed250_ordered,GJ_A3__shuffle401,no_bias,L2,23,-1,spike,0.6232876712328768,0.6032488344988345,0.5959954775037731,0.9982788296041308,0.9983974358974358,0.9983318319821173,0.3951486013986013,0.5873015873015873,0.5969155844155845,0.5874615022683404
GJ,A3,A3__shuffle401,0.1,fixed250_ordered,GJ_A3__shuffle401,affine,L2,23,-1,spike,0.636986301369863,0.6181658619158619,0.6139671376717656,0.9982788296041308,0.9983974358974358,0.9983818770226538,0.3802315739815739,0.5952380952380952,0.6029341029341029,0.5969535117246516
GJ,A3,A3__shuffle401,1.0,fixed250_shuffled,GJ_A3__shuffle401,no_bias,L2,23,101,spike,0.6027397260273972,0.5819465256965256,0.572412503573326,0.9982788296041308,0.9983974358974358,0.9983318319821173,0.4164509102009102,0.5793650793650794,0.5792568542568544,0.5694810189761242
GJ,A3,A3__shuffle401,1.0,fixed250_shuffled,GJ_A3__shuffle401,affine,L2,23,101,spike,0.6027397260273972,0.5838696026196025,0.5748807038022724,1.0,1.0,1.0,0.4161303973803975,0.5714285714285714,0.5735690235690236,0.5681992669590782
GJ,A3,A3__shuffle401,0.01,fixed250_shuffled,GJ_A3__shuffle401,no_bias,L2,23,211,spike,0.6027397260273972,0.589792846042846,0.589290950491806,0.9948364888123924,0.9951294620412267,0.9950928382714254,0.40533661599838067,0.5396825396825397,0.5426767676767678,0.5423321298177716
GJ,A3,A3__shuffle401,0.01,fixed250_shuffled,GJ_A3__shuffle401,affine,L2,23,211,spike,0.6027397260273972,0.5878697691197691,0.5810851666940418,0.9896729776247849,0.9892955160191086,0.9899390631105262,0.4014257468993395,0.5317460317460317,0.5278258778258779,0.5300903057377122
GJ,A3,A3__shuffle401,0.001,fixed250_shuffled,GJ_A3__shuffle401,no_bias,L2,23,307,spike,0.547945205479452,0.5291958041958041,0.507425344088303,0.9810671256454389,0.9794972676443234,0.980753890002938,0.4503014634485193,0.5634920634920635,0.5560666185666185,0.5601284633272215
GJ,A3,A3__shuffle401,100.0,fixed250_shuffled,GJ_A3__shuffle401,affine,L2,23,307,spike,0.5547945205479452,0.5454156954156953,0.535117068372132,1.0,1.0,1.0,0.45458430458430465,0.5793650793650794,0.5837842712842712,0.5773728645906065
GJ,A3,A3__shuffle401,0.1,fixed250_shuffled,GJ_A3__shuffle401,no_bias,L2,23,401,spike,0.589041095890411,0.5748015873015871,0.5659523849975683,0.9982788296041308,0.9983974358974358,0.9983318319821173,0.42359584859584865,0.5873015873015873,0.5856060606060607,0.585070305622338
GJ,A3,A3__shuffle401,0.1,fixed250_shuffled,GJ_A3__shuffle401,affine,L2,23,401,spike,0.5821917808219178,0.5696067821067821,0.5567227335347764,0.9982788296041308,0.9983974358974358,0.9983818770226538,0.42879065379065373,0.5873015873015873,0.5846801346801348,0.5846769842358078
GJ,A3,A3__shuffle401,0.001,fixed250_shuffled,GJ_A3__shuffle401,no_bias,L2,23,503,spike,0.541095890410959,0.5232434232434232,0.5102487669897191,0.9690189328743546,0.9664166791448455,0.9678947750373089,0.4431732559014223,0.5793650793650794,0.5673100048100047,0.574279462546165
GJ,A3,A3__shuffle401,1.0,fixed250_shuffled,GJ_A3__shuffle401,affine,L2,23,503,spike,0.6301369863013698,0.612107337107337,0.5933772323084091,1.0,1.0,1.0,0.387892662892663,0.5634920634920635,0.5619588744588745,0.5606075676484715
GJ,A3,A3__shuffle401,100.0,relative10_ordered,GJ_A3__shuffle401,no_bias,L2,23,-1,spike,0.726027397260274,0.7239760239760241,0.7125720118500501,0.9982788296041308,0.9983974358974358,0.9983318319821173,0.2744214119214117,0.6666666666666666,0.666955266955267,0.6808512743295352
GJ,A3,A3__shuffle401,0.01,relative10_ordered,GJ_A3__shuffle401,affine,L2,23,-1,spike,0.726027397260274,0.717812049062049,0.71808760426228,0.9913941480206541,0.9906475354593635,0.9913286450706066,0.2728354863973145,0.6349206349206349,0.6304713804713805,0.6534514955369882
GJ,A3,A3__shuffle401,10.0,relative10_shuffled,GJ_A3__shuffle401,no_bias,L2,23,101,spike,0.5342465753424658,0.5211101398601398,0.5025686478694236,0.9982788296041308,0.9983974358974358,0.9983318319821173,0.477287296037296,0.5555555555555556,0.5675805675805675,0.5597982179591375
GJ,A3,A3__shuffle401,0.01,relative10_shuffled,GJ_A3__shuffle401,affine,L2,23,101,spike,0.5958904109589042,0.5793782606282606,0.5717327572686088,0.9879518072289156,0.987442407254235,0.988168432107774,0.40806414662597446,0.5238095238095238,0.5183982683982683,0.5175411395255884
GJ,A3,A3__shuffle401,0.01,relative10_shuffled,GJ_A3__shuffle401,no_bias,L2,23,211,spike,0.5684931506849316,0.5538371350871351,0.5430643767276941,0.9965576592082617,0.9968542260208927,0.9967741995833634,0.44301709093375763,0.5158730158730159,0.5179713804713805,0.5123017454901513
GJ,A3,A3__shuffle401,0.1,relative10_shuffled,GJ_A3__shuffle401,affine,L2,23,211,spike,0.5684931506849316,0.554702935952936,0.5456924691676851,0.9982788296041308,0.9983974358974358,0.9983818770226538,0.44369449994449983,0.5158730158730159,0.5127164502164502,0.5032084890418225
GJ,A3,A3__shuffle401,100.0,relative10_shuffled,GJ_A3__shuffle401,no_bias,L2,23,307,spike,0.547945205479452,0.5355561105561105,0.5262538306063418,0.9982788296041308,0.9983974358974358,0.9983318319821173,0.46284132534132527,0.5317460317460317,0.5352633477633477,0.5383096753643738
GJ,A3,A3__shuffle401,100.0,relative10_shuffled,GJ_A3__shuffle401,affine,L2,23,307,spike,0.5684931506849316,0.5533161283161283,0.5455244155926168,1.0,1.0,1.0,0.4466838716838717,0.5317460317460317,0.5332491582491583,0.5359409220602772
GJ,A3,A3__shuffle401,1.0,relative10_shuffled,GJ_A3__shuffle401,no_bias,L2,23,401,spike,0.5342465753424658,0.5207112332112331,0.5077679704104776,0.9982788296041308,0.9983974358974358,0.9983318319821173,0.47768620268620265,0.48412698412698413,0.4874158249158249,0.4844291546236626
GJ,A3,A3__shuffle401,0.01,relative10_shuffled,GJ_A3__shuffle401,affine,L2,23,401,spike,0.5821917808219178,0.5634670884670884,0.5552288758609708,0.9931153184165232,0.9933357075023741,0.993473837150109,0.4298686190352857,0.5317460317460317,0.5273989898989898,0.5267514463779319
GJ,A3,A3__shuffle401,100.0,relative10_shuffled,GJ_A3__shuffle401,no_bias,L2,23,503,spike,0.5821917808219178,0.5665785603285604,0.5576081328196495,0.9982788296041308,0.9983974358974358,0.9983318319821173,0.43181887556887544,0.48412698412698413,0.4829184704184704,0.47892155895736344
GJ,A3,A3__shuffle401,0.1,relative10_shuffled,GJ_A3__shuffle401,affine,L2,23,503,spike,0.5821917808219178,0.5671869796869797,0.5586962774722121,0.9982788296041308,0.9983974358974358,0.9983818770226538,0.43121045621045606,0.5,0.4974386724386724,0.5027747341648943
GJ,A3,A3__shuffle503,1.0,whole_count,GJ_A3__shuffle503,no_bias,L2,23,-1,spike,0.589041095890411,0.5762667887667887,0.56793217306231,0.9982788296041308,0.9983974358974358,0.9983318319821173,0.4221306471306471,0.5476190476190477,0.5553391053391054,0.55369197361951
GJ,A3,A3__shuffle503,10.0,whole_count,GJ_A3__shuffle503,affine,L2,23,-1,spike,0.589041095890411,0.5771978021978021,0.564284755314434,1.0,1.0,1.0,0.42280219780219785,0.5476190476190477,0.5537878787878788,0.5484049297455095
GJ,A3,A3__shuffle503,100.0,fixed250_ordered,GJ_A3__shuffle503,no_bias,L2,23,-1,spike,0.6095890410958904,0.5925095737595737,0.598283399044048,0.9982788296041308,0.9983974358974358,0.9983318319821173,0.4058878621378621,0.5952380952380952,0.6054112554112554,0.5945335637985194
GJ,A3,A3__shuffle503,0.1,fixed250_ordered,GJ_A3__shuffle503,affine,L2,23,-1,spike,0.6232876712328768,0.6062611000111,0.603590180321124,0.9982788296041308,0.9983974358974358,0.9983818770226538,0.3921363358863358,0.6111111111111112,0.6191378066378067,0.613410751725942
GJ,A3,A3__shuffle503,1.0,fixed250_shuffled,GJ_A3__shuffle503,no_bias,L2,23,101,spike,0.6232876712328768,0.6024191086691086,0.5975414267414649,0.9982788296041308,0.9983974358974358,0.9983318319821173,0.39597832722832715,0.5873015873015873,0.5911616161616162,0.5827378601741421
GJ,A3,A3__shuffle503,10.0,fixed250_shuffled,GJ_A3__shuffle503,affine,L2,23,101,spike,0.5821917808219178,0.5652548840048839,0.5570863024423395,1.0,1.0,1.0,0.4347451159951161,0.5634920634920635,0.5666245791245791,0.5540900914941836
GJ,A3,A3__shuffle503,100.0,fixed250_shuffled,GJ_A3__shuffle503,no_bias,L2,23,211,spike,0.5273972602739726,0.5264152514152514,0.5306718484307619,0.9982788296041308,0.9983974358974358,0.9983318319821173,0.47198218448218443,0.5317460317460317,0.5357323232323232,0.5409440328537031
GJ,A3,A3__shuffle503,10.0,fixed250_shuffled,GJ_A3__shuffle503,affine,L2,23,211,spike,0.541095890410959,0.5298042235542235,0.5236077630785987,1.0,1.0,1.0,0.4701957764457765,0.5079365079365079,0.5169191919191919,0.5165260339972616
GJ,A3,A3__shuffle503,10.0,fixed250_shuffled,GJ_A3__shuffle503,no_bias,L2,23,307,spike,0.5616438356164384,0.5485271672771672,0.540637154512441,0.9982788296041308,0.9983974358974358,0.9983318319821173,0.4498702686202686,0.5555555555555556,0.5561026936026936,0.5486972178148649
GJ,A3,A3__shuffle503,10.0,fixed250_shuffled,GJ_A3__shuffle503,affine,L2,23,307,spike,0.5616438356164384,0.5469037906537906,0.5370008842400983,1.0,1.0,1.0,0.4530962093462094,0.5555555555555556,0.5519360269360268,0.5495072918453509
GJ,A3,A3__shuffle503,0.01,fixed250_shuffled,GJ_A3__shuffle503,no_bias,L2,23,401,spike,0.5616438356164384,0.542823149073149,0.5327495717947551,0.9948364888123924,0.9951294620412267,0.9950928382714254,0.45230631296807766,0.5873015873015873,0.5849747474747475,0.5893371943936135
GJ,A3,A3__shuffle503,0.1,fixed250_shuffled,GJ_A3__shuffle503,affine,L2,23,401,spike,0.5958904109589042,0.5831349206349207,0.5708542150912143,0.9982788296041308,0.9983974358974358,0.9983818770226538,0.4152625152625151,0.5952380952380952,0.5939393939393941,0.5955577214323344
GJ,A3,A3__shuffle503,100.0,fixed250_shuffled,GJ_A3__shuffle503,no_bias,L2,23,503,spike,0.5684931506849316,0.5625444000444,0.5624184636194096,0.9982788296041308,0.9983974358974358,0.9983318319821173,0.4358530358530358,0.5634920634920635,0.5688071188071188,0.5623662013865944
GJ,A3,A3__shuffle503,1.0,fixed250_shuffled,GJ_A3__shuffle503,affine,L2,23,503,spike,0.5958904109589042,0.57996447996448,0.5634847051575993,1.0,1.0,1.0,0.42003552003552,0.5714285714285714,0.5689033189033189,0.5674149560486018
GJ,A3,A3__shuffle503,100.0,relative10_ordered,GJ_A3__shuffle503,no_bias,L2,23,-1,spike,0.7397260273972602,0.735880785880786,0.7287951731363248,0.9982788296041308,0.9983974358974358,0.9983318319821173,0.2625166500166498,0.6507936507936508,0.6507515632515632,0.6626204457662258
GJ,A3,A3__shuffle503,0.01,relative10_ordered,GJ_A3__shuffle503,affine,L2,23,-1,spike,0.7397260273972602,0.7313401875901874,0.7314279771514389,0.9913941480206541,0.9906475354593635,0.9913286450706066,0.2593073478691761,0.6507936507936508,0.6463804713804714,0.6661005991211941
GJ,A3,A3__shuffle503,100.0,relative10_shuffled,GJ_A3__shuffle503,no_bias,L2,23,101,spike,0.5616438356164384,0.5465430402930402,0.5351376745984587,0.9982788296041308,0.9983974358974358,0.9983318319821173,0.45185439560439555,0.5634920634920635,0.5735630110630111,0.565296887937048
GJ,A3,A3__shuffle503,100.0,relative10_shuffled,GJ_A3__shuffle503,affine,L2,23,101,spike,0.5273972602739726,0.5194118381618381,0.509967320261438,1.0,1.0,1.0,0.4805881618381619,0.5158730158730159,0.5229377104377104,0.517315383181216
GJ,A3,A3__shuffle503,0.01,relative10_shuffled,GJ_A3__shuffle503,no_bias,L2,23,211,spike,0.5616438356164384,0.5478847541347541,0.5352488404181358,0.9965576592082617,0.9968542260208927,0.9967741995833634,0.44896947188613856,0.5158730158730159,0.5179713804713805,0.5104057237115708
GJ,A3,A3__shuffle503,0.1,relative10_shuffled,GJ_A3__shuffle503,affine,L2,23,211,spike,0.5616438356164384,0.5477584915084915,0.5397077862322013,0.9982788296041308,0.9983974358974358,0.9983818770226538,0.45063894438894425,0.5079365079365079,0.5043831168831169,0.4960770438711615
GJ,A3,A3__shuffle503,10.0,relative10_shuffled,GJ_A3__shuffle503,no_bias,L2,23,307,spike,0.5616438356164384,0.5536747974247974,0.5393230169206708,0.9982788296041308,0.9983974358974358,0.9983318319821173,0.4447226384726384,0.5238095238095238,0.532022607022607,0.5236786824286824
GJ,A3,A3__shuffle503,10.0,relative10_shuffled,GJ_A3__shuffle503,affine,L2,23,307,spike,0.5684931506849316,0.5631736319236319,0.5504145809985537,1.0,1.0,1.0,0.4368263680763681,0.5238095238095238,0.5310966810966811,0.5219320010324509
GJ,A3,A3__shuffle503,0.01,relative10_shuffled,GJ_A3__shuffle503,no_bias,L2,23,401,spike,0.5684931506849316,0.5561528749028749,0.5440057018827995,0.9965576592082617,0.9967634489693312,0.9967130986802156,0.4406105740664563,0.48412698412698413,0.48678451178451176,0.4863385928449449
GJ,A3,A3__shuffle503,0.01,relative10_shuffled,GJ_A3__shuffle503,affine,L2,23,401,spike,0.589041095890411,0.5694194694194693,0.5604000742597234,0.9913941480206541,0.9917331433998101,0.99190065410733,0.4223136739803408,0.5238095238095238,0.5204545454545455,0.517253996003996
GJ,A3,A3__shuffle503,0.1,relative10_shuffled,GJ_A3__shuffle503,no_bias,L2,23,503,spike,0.5342465753424658,0.5233648296148296,0.5165539206459923,0.9982788296041308,0.9983974358974358,0.9983318319821173,0.47503260628260624,0.49206349206349204,0.49343434343434334,0.4964933802613493
GJ,A3,A3__shuffle503,0.1,relative10_shuffled,GJ_A3__shuffle503,affine,L2,23,503,spike,0.5753424657534246,0.5612345987345987,0.5522344239135842,0.9982788296041308,0.9983974358974358,0.9983818770226538,0.4371628371628371,0.5079365079365079,0.5051406926406926,0.5047959382694317
GJ,A4,A4,1.0,whole_count,GJ_A4,no_bias,L2,23,-1,spike,0.6027397260273972,0.5905525030525031,0.5808943067140989,0.9965576592082617,0.9967634489693312,0.9967130986802156,0.40621094591682816,0.5476190476190477,0.5553391053391054,0.55369197361951
GJ,A4,A4,10.0,whole_count,GJ_A4,affine,L2,23,-1,spike,0.5821917808219178,0.5688644688644687,0.5584283889544378,1.0,1.0,1.0,0.43113553113553127,0.5317460317460317,0.5428391053391054,0.5413060566435853
GJ,A4,A4,0.01,fixed250_ordered,GJ_A4,no_bias,L2,23,-1,spike,0.6027397260273972,0.5843996281496281,0.5774369365214663,0.9931153184165232,0.9933090330149154,0.9934102151537761,0.40890940486528726,0.5952380952380952,0.5976370851370851,0.6001452854713725
GJ,A4,A4,0.01,fixed250_ordered,GJ_A4,affine,L2,23,-1,spike,0.636986301369863,0.6221701909201909,0.6155954109667056,0.9896729776247849,0.9890776510953613,0.989845898878802,0.3669074601751704,0.5952380952380952,0.5967111592111591,0.6038157684726313
GJ,A4,A4,1.0,fixed250_shuffled,GJ_A4,no_bias,L2,23,101,spike,0.6095890410958904,0.58889097014097,0.5787307324459027,0.9982788296041308,0.9983974358974358,0.9983318319821173,0.40950646575646577,0.5793650793650794,0.5792568542568544,0.5663723460398652
GJ,A4,A4,10.0,fixed250_shuffled,GJ_A4,affine,L2,23,101,spike,0.589041095890411,0.5705759518259518,0.5597161345871355,1.0,1.0,1.0,0.4294240481740482,0.5873015873015873,0.5947330447330449,0.5836265849759102
GJ,A4,A4,0.01,fixed250_shuffled,GJ_A4,no_bias,L2,23,211,spike,0.6027397260273972,0.589792846042846,0.5889088083876525,0.9948364888123924,0.9951294620412267,0.9950928382714254,0.40533661599838067,0.5396825396825397,0.5426767676767678,0.5423321298177716
GJ,A4,A4,0.1,fixed250_shuffled,GJ_A4,affine,L2,23,211,spike,0.5821917808219178,0.5698544511044511,0.5603723892397783,0.9982788296041308,0.9983974358974358,0.9983818770226538,0.4285429847929847,0.5158730158730159,0.515957190957191,0.5220974677496416
GJ,A4,A4,0.001,fixed250_shuffled,GJ_A4,no_bias,L2,23,307,spike,0.547945205479452,0.5291958041958041,0.507425344088303,0.9810671256454389,0.9794972676443234,0.980706651336951,0.4503014634485193,0.5634920634920635,0.5560666185666185,0.5601284633272215
GJ,A4,A4,10.0,fixed250_shuffled,GJ_A4,affine,L2,23,307,spike,0.5616438356164384,0.5497446997446996,0.5376896975563465,1.0,1.0,1.0,0.45025530025530036,0.5476190476190477,0.5463804713804713,0.5392342979310525
GJ,A4,A4,10.0,fixed250_shuffled,GJ_A4,no_bias,L2,23,401,spike,0.589041095890411,0.5783480408480408,0.5750155133338869,0.9982788296041308,0.9983974358974358,0.9983318319821173,0.420049395049395,0.5714285714285714,0.5726430976430976,0.5722533941806386
GJ,A4,A4,0.1,fixed250_shuffled,GJ_A4,affine,L2,23,401,spike,0.6027397260273972,0.5907106782106781,0.5791262739147437,0.9982788296041308,0.9983974358974358,0.9983818770226538,0.40768675768675766,0.5873015873015873,0.5862373737373738,0.5854458888205017
GJ,A4,A4,100.0,fixed250_shuffled,GJ_A4,no_bias,L2,23,503,spike,0.5684931506849316,0.5585379897879897,0.5575957391674533,0.9982788296041308,0.9983974358974358,0.9983318319821173,0.43985944610944605,0.5634920634920635,0.5715848965848965,0.5633038689784214
GJ,A4,A4,1.0,fixed250_shuffled,GJ_A4,affine,L2,23,503,spike,0.6095890410958904,0.5942501942501942,0.578720061199407,1.0,1.0,1.0,0.4057498057498058,0.5714285714285714,0.5695346320346321,0.5673674969606454
GJ,A4,A4,0.01,relative10_ordered,GJ_A4,no_bias,L2,23,-1,spike,0.7397260273972602,0.7358044733044733,0.7290096216507506,0.9948364888123924,0.9952202390927881,0.9951554662814618,0.2594157657883148,0.6507936507936508,0.648526936026936,0.6658452356821923
GJ,A4,A4,0.01,relative10_ordered,GJ_A4,affine,L2,23,-1,spike,0.7328767123287672,0.7247564935064935,0.7245105291634658,0.9913941480206541,0.9906475354593635,0.9913286450706066,0.26589104195286994,0.6587301587301587,0.6547138047138047,0.6760986055007795
GJ,A4,A4,100.0,relative10_shuffled,GJ_A4,no_bias,L2,23,101,spike,0.5616438356164384,0.5459117271617271,0.534602486214805,0.9982788296041308,0.9983974358974358,0.9983318319821173,0.4524857087357087,0.5714285714285714,0.5818963443963444,0.5734700987418379
GJ,A4,A4,100.0,relative10_shuffled,GJ_A4,affine,L2,23,101,spike,0.5273972602739726,0.5142420079920079,0.4998938370758546,1.0,1.0,1.0,0.4857579920079921,0.5555555555555556,0.5646404521404521,0.5573788480573382
GJ,A4,A4,0.01,relative10_shuffled,GJ_A4,no_bias,L2,23,211,spike,0.5547945205479452,0.5419323731823731,0.5302952684875715,0.9965576592082617,0.9968542260208927,0.9967741995833634,0.4549218528385196,0.5158730158730159,0.513011063011063,0.5100031141697808
GJ,A4,A4,0.01,relative10_shuffled,GJ_A4,affine,L2,23,211,spike,0.5753424657534246,0.5601211288711289,0.5514210051943091,0.9931153184165232,0.9933357075023741,0.993473837150109,0.43321457863124524,0.5,0.49773328523328525,0.496587684866358
GJ,A4,A4,1.0,relative10_shuffled,GJ_A4,no_bias,L2,23,307,spike,0.589041095890411,0.5791076978576978,0.5672620909446046,0.9982788296041308,0.9983974358974358,0.9983318319821173,0.419289738039738,0.5238095238095238,0.532022607022607,0.5277607626291836
GJ,A4,A4,0.1,relative10_shuffled,GJ_A4,affine,L2,23,307,spike,0.6164383561643836,0.5996163558663558,0.5912044663300295,0.9982788296041308,0.9983974358974358,0.9983818770226538,0.39878108003108004,0.5238095238095238,0.5253787878787878,0.5198441139216804
GJ,A4,A4,0.01,relative10_shuffled,GJ_A4,no_bias,L2,23,401,spike,0.5616438356164384,0.5502004939504939,0.5373919452690429,0.9965576592082617,0.9967634489693312,0.9967130986802156,0.44656295501883736,0.49206349206349204,0.4937289562289562,0.49349897369348167
GJ,A4,A4,0.1,relative10_shuffled,GJ_A4,affine,L2,23,401,spike,0.5684931506849316,0.5516386391386391,0.5421671571841351,0.9982788296041308,0.9983974358974358,0.9983818770226538,0.4467587967587967,0.5158730158730159,0.5156565656565656,0.5110398489360621
GJ,A4,A4,100.0,relative10_shuffled,GJ_A4,no_bias,L2,23,503,spike,0.5684931506849316,0.5535846098346098,0.5459607899825291,0.9982788296041308,0.9983974358974358,0.9983318319821173,0.444812826062826,0.5,0.499585137085137,0.49228462108989174
GJ,A4,A4,10.0,relative10_shuffled,GJ_A4,affine,L2,23,503,spike,0.5068493150684932,0.49107767232767224,0.478851872518584,1.0,1.0,1.0,0.5089223276723278,0.48412698412698413,0.4928391053391053,0.48428040142432943
GJ,A4b,A4b,1.0,whole_count,GJ_A4b,no_bias,L2,23,-1,spike,0.5958904109589042,0.5822191697191696,0.5722866007631529,0.9982788296041308,0.9983974358974358,0.9983318319821173,0.41617826617826614,0.5476190476190477,0.5553391053391054,0.5529898979174342
GJ,A4b,A4b,100.0,whole_count,GJ_A4b,affine,L2,23,-1,spike,0.5684931506849316,0.5547050172050171,0.5402965384839772,1.0,1.0,1.0,0.4452949827949829,0.5396825396825397,0.5454906204906205,0.541153207683265
GJ,A4b,A4b,0.01,fixed250_ordered,GJ_A4b,no_bias,L2,23,-1,spike,0.6095890410958904,0.590352009102009,0.5831116566668538,0.9931153184165232,0.9933090330149154,0.9934102151537761,0.40295702391290633,0.5952380952380952,0.5976370851370851,0.6001452854713725
GJ,A4b,A4b,0.01,fixed250_ordered,GJ_A4b,affine,L2,23,-1,spike,0.6438356164383562,0.6281225718725718,0.6199932298382087,0.9896729776247849,0.9890776510953613,0.9898013881361146,0.36095507922278947,0.6111111111111112,0.6126202501202501,0.6148078319646947
GJ,A4b,A4b,1.0,fixed250_shuffled,GJ_A4b,no_bias,L2,23,101,spike,0.6095890410958904,0.5872675935175935,0.577078472215211,0.9982788296041308,0.9983974358974358,0.9983318319821173,0.4111298423798423,0.5793650793650794,0.5792568542568544,0.5694810189761242
GJ,A4b,A4b,0.1,fixed250_shuffled,GJ_A4b,affine,L2,23,101,spike,0.636986301369863,0.6176968864468865,0.6112136019772759,0.9982788296041308,0.9983974358974358,0.9983818770226538,0.3807005494505493,0.5714285714285714,0.5687349687349688,0.5646640177810255
GJ,A4b,A4b,100.0,fixed250_shuffled,GJ_A4b,no_bias,L2,23,211,spike,0.5205479452054794,0.518081918081918,0.523817337227425,0.9982788296041308,0.9983974358974358,0.9983318319821173,0.48031551781551785,0.5555555555555556,0.5562710437710437,0.5617938583155975
GJ,A4b,A4b,100.0,fixed250_shuffled,GJ_A4b,affine,L2,23,211,spike,0.5205479452054794,0.5258220945720945,0.5188190404557221,1.0,1.0,1.0,0.4741779054279055,0.5238095238095238,0.5366582491582491,0.5247712262703282
GJ,A4b,A4b,0.001,fixed250_shuffled,GJ_A4b,no_bias,L2,23,307,spike,0.541095890410959,0.5232434232434232,0.5031974319656539,0.9810671256454389,0.9794972676443234,0.980706651336951,0.4562538444009002,0.5634920634920635,0.5560666185666185,0.5601284633272215
GJ,A4b,A4b,10.0,fixed250_shuffled,GJ_A4b,affine,L2,23,307,spike,0.5684931506849316,0.5566891441891442,0.5406894426308843,1.0,1.0,1.0,0.44331085581085583,0.5476190476190477,0.5449915824915824,0.5422609150337566
GJ,A4b,A4b,0.01,fixed250_shuffled,GJ_A4b,no_bias,L2,23,401,spike,0.5684931506849316,0.5492334054834055,0.5386692084241104,0.9948364888123924,0.9951294620412267,0.9950928382714254,0.44589605655782116,0.5873015873015873,0.5849747474747475,0.5893371943936135
GJ,A4b,A4b,0.1,fixed250_shuffled,GJ_A4b,affine,L2,23,401,spike,0.5958904109589042,0.5831349206349207,0.5708542150912143,0.9982788296041308,0.9983974358974358,0.9983818770226538,0.4152625152625151,0.5873015873015873,0.5846801346801348,0.5846769842358078
GJ,A4b,A4b,0.1,fixed250_shuffled,GJ_A4b,no_bias,L2,23,503,spike,0.6027397260273972,0.5825417637917637,0.5740821220760198,0.9982788296041308,0.9983974358974358,0.9983318319821173,0.4158556721056721,0.5634920634920635,0.5627164502164502,0.5685127285780133
GJ,A4b,A4b,1.0,fixed250_shuffled,GJ_A4b,affine,L2,23,503,spike,0.6027397260273972,0.5814525752025752,0.5669280979977075,1.0,1.0,1.0,0.4185474247974248,0.5634920634920635,0.5619588744588745,0.5592889466559375
GJ,A4b,A4b,0.01,relative10_ordered,GJ_A4b,no_bias,L2,23,-1,spike,0.7465753424657534,0.7433802308802308,0.7358481937067141,0.9948364888123924,0.9952202390927881,0.9951554662814618,0.25184000821255736,0.6428571428571429,0.6401936026936027,0.6584380896880897
GJ,A4b,A4b,0.01,relative10_ordered,GJ_A4b,affine,L2,23,-1,spike,0.7328767123287672,0.7253878066378067,0.7247237598686874,0.9913941480206541,0.9906475354593635,0.9913286450706066,0.2652597288215568,0.6507936507936508,0.6463804713804714,0.6661005991211941
GJ,A4b,A4b,10.0,relative10_shuffled,GJ_A4b,no_bias,L2,23,101,spike,0.541095890410959,0.53251887001887,0.519297585333922,0.9982788296041308,0.9983974358974358,0.9983318319821173,0.4658785658785658,0.5555555555555556,0.5675805675805675,0.5585970989419266
GJ,A4b,A4b,0.01,relative10_shuffled,GJ_A4b,affine,L2,23,101,spike,0.5958904109589042,0.5793782606282606,0.572253469506073,0.9862306368330465,0.9858084203261305,0.9865943848354845,0.4064301596978699,0.5238095238095238,0.5233585858585857,0.5250715764475796
GJ,A4b,A4b,0.01,relative10_shuffled,GJ_A4b,no_bias,L2,23,211,spike,0.5684931506849316,0.5554605117105117,0.5439434148043129,0.9965576592082617,0.9968542260208927,0.9967741995833634,0.441393714310381,0.5238095238095238,0.5249158249158249,0.5199203574203574
GJ,A4b,A4b,0.1,relative10_shuffled,GJ_A4b,affine,L2,23,211,spike,0.5684931506849316,0.554702935952936,0.547230283205499,0.9982788296041308,0.9983974358974358,0.9983818770226538,0.44369449994449983,0.5158730158730159,0.5127164502164502,0.502787074037074
GJ,A4b,A4b,1.0,relative10_shuffled,GJ_A4b,no_bias,L2,23,307,spike,0.5821917808219178,0.5731553169053168,0.5595797223742626,0.9982788296041308,0.9983974358974358,0.9983318319821173,0.42524211899211894,0.5317460317460317,0.5402296777296777,0.5380490572969333
GJ,A4b,A4b,10.0,relative10_shuffled,GJ_A4b,affine,L2,23,307,spike,0.5753424657534246,0.5715069652569652,0.5554464332094066,1.0,1.0,1.0,0.4284930347430348,0.5238095238095238,0.5317279942279942,0.5219947476204428
GJ,A4b,A4b,0.1,relative10_shuffled,GJ_A4b,no_bias,L2,23,401,spike,0.5547945205479452,0.540018315018315,0.5298600740186054,0.9982788296041308,0.9983974358974358,0.9983318319821173,0.4583791208791208,0.5,0.5006734006734007,0.49808383327834127
GJ,A4b,A4b,0.01,relative10_shuffled,GJ_A4b,affine,L2,23,401,spike,0.5821917808219178,0.5634670884670884,0.5500057171548399,0.9931153184165232,0.9933357075023741,0.993473837150109,0.4298686190352857,0.5238095238095238,0.5198232323232322,0.5185056918390252
GJ,A4b,A4b,0.1,relative10_shuffled,GJ_A4b,no_bias,L2,23,503,spike,0.541095890410959,0.5297750860250859,0.5224438153858167,0.9982788296041308,0.9983974358974358,0.9983318319821173,0.46862234987234985,0.48412698412698413,0.486489898989899,0.4869042999359092
GJ,A4b,A4b,0.1,relative10_shuffled,GJ_A4b,affine,L2,23,503,spike,0.5753424657534246,0.5612345987345987,0.5522344239135842,0.9982788296041308,0.9983974358974358,0.9983818770226538,0.4371628371628371,0.5079365079365079,0.5051406926406926,0.5069645939864745
GJ,A0,A0,0.1,whole_count,GJ_A0,no_bias,L2,37,-1,spike,0.6506849315068494,0.6325278887778888,0.6221130620886258,0.9741824440619621,0.9739096812707602,0.9744414732041676,0.34138179249287137,0.5396825396825397,0.5400613275613275,0.5378995889945372
GJ,A0,A0,0.1,whole_count,GJ_A0,affine,L2,37,-1,spike,0.6506849315068494,0.631533744033744,0.6238518563033696,0.9724612736660929,0.9720275923603693,0.9736020635623271,0.3404938483266253,0.5476190476190477,0.537085137085137,0.5398553079178249
GJ,A0,A0,100.0,fixed250_ordered,GJ_A0,no_bias,L2,37,-1,spike,0.6164383561643836,0.60121891996892,0.589236003677022,0.9965576592082617,0.9967634489693312,0.9966651757309672,0.39554452900041126,0.5634920634920635,0.5537938912938913,0.5489449473565774
GJ,A0,A0,0.1,fixed250_ordered,GJ_A0,affine,L2,37,-1,spike,0.6301369863013698,0.6158861971361972,0.6105809595202399,0.9965576592082617,0.996545584045584,0.996651896640988,0.38065938690938683,0.5396825396825397,0.5346380471380472,0.538499634552711
GJ,A0,A0,0.1,fixed250_shuffled,GJ_A0,no_bias,L2,37,101,spike,0.5616438356164384,0.5507707570207571,0.5438636919526803,0.9965576592082617,0.9967634489693312,0.9966651757309672,0.44599269194857416,0.5158730158730159,0.518891293891294,0.5254645229759646
GJ,A0,A0,0.1,fixed250_shuffled,GJ_A0,affine,L2,37,101,spike,0.5616438356164384,0.5507707570207571,0.5451939096221295,0.9948364888123924,0.9949115971174795,0.9950930778169301,0.4441408400967224,0.5,0.5006734006734007,0.509795708453452
GJ,A0,A0,0.001,fixed250_shuffled,GJ_A0,no_bias,L2,37,211,spike,0.547945205479452,0.532020757020757,0.5331454756964095,0.927710843373494,0.9204058507715884,0.9245275353686723,0.3883850937508314,0.49206349206349204,0.48195646945646936,0.47432378563668753
GJ,A0,A0,0.1,fixed250_shuffled,GJ_A0,affine,L2,37,211,spike,0.5547945205479452,0.5435037185037185,0.5522946805756653,0.9948364888123924,0.9951294620412267,0.9951878232465293,0.4516257435375082,0.49206349206349204,0.47421837421837426,0.4686036318938618
GJ,A0,A0,0.01,fixed250_shuffled,GJ_A0,no_bias,L2,37,307,spike,0.541095890410959,0.5284493284493285,0.5149541647480179,0.9931153184165232,0.993588557822742,0.9934753100411015,0.46513922937341357,0.5158730158730159,0.5161135161135162,0.5152058544215407
GJ,A0,A0,0.01,fixed250_shuffled,GJ_A0,affine,L2,37,307,spike,0.5273972602739726,0.5170024420024419,0.511720692477872,0.9827882960413081,0.9827897342192093,0.9836808083989926,0.4657872922167674,0.5079365079365079,0.5006373256373257,0.4938330617403426
GJ,A0,A0,0.1,fixed250_shuffled,GJ_A0,no_bias,L2,37,401,spike,0.5753424657534246,0.5645333832833833,0.5626933327477791,0.9948364888123924,0.9951294620412267,0.9950299407789006,0.43059607875784334,0.5396825396825397,0.5303090428090428,0.5356663780915805
GJ,A0,A0,1.0,fixed250_shuffled,GJ_A0,affine,L2,37,401,spike,0.547945205479452,0.5350961538461538,0.5282173775814388,0.9982788296041308,0.9983974358974358,0.9983818770226538,0.46330128205128196,0.5476190476190477,0.5391474266474267,0.5358667050482907
GJ,A0,A0,0.001,fixed250_shuffled,GJ_A0,no_bias,L2,37,503,spike,0.5616438356164384,0.5497405372405373,0.5461543134481665,0.9397590361445783,0.9379446314938763,0.9402290407886866,0.388204094253339,0.5396825396825397,0.5341810966810968,0.5317081067081068
GJ,A0,A0,0.1,fixed250_shuffled,GJ_A0,affine,L2,37,503,spike,0.6164383561643836,0.6044393106893107,0.5995465272414299,0.9965576592082617,0.996545584045584,0.996651896640988,0.39210627335627335,0.5158730158730159,0.51489898989899,0.515962353727203
GJ,A0,A0,0.001,relative10_ordered,GJ_A0,no_bias,L2,37,-1,spike,0.726027397260274,0.7107413419913419,0.7054050635039552,0.963855421686747,0.9619158851612114,0.9634861841389432,0.25117454316986954,0.6428571428571429,0.6348063973063973,0.6375174313990103
GJ,A0,A0,0.01,relative10_ordered,GJ_A0,affine,L2,37,-1,spike,0.678082191780822,0.6599657287157287,0.6708391391757603,0.9879518072289156,0.9874424072542354,0.9881381374040479,0.3274766785385067,0.6507936507936508,0.6439393939393939,0.6549439887597784
GJ,A0,A0,0.01,relative10_shuffled,GJ_A0,no_bias,L2,37,101,spike,0.5684931506849316,0.5632478632478632,0.5629677928242511,0.9879518072289156,0.9886853401254067,0.9884647828050143,0.4254374768775434,0.5238095238095238,0.52260101010101,0.5130898056846479
GJ,A0,A0,0.1,relative10_shuffled,GJ_A0,affine,L2,37,101,spike,0.5753424657534246,0.5675768675768675,0.5649014567084943,0.9965576592082617,0.9967307692307692,0.9967464753872521,0.42915390165390166,0.5158730158730159,0.5063672438672439,0.5005954405447307
GJ,A0,A0,0.01,relative10_shuffled,GJ_A0,no_bias,L2,37,211,spike,0.5616438356164384,0.5477064602064602,0.5375819608010469,0.9879518072289156,0.9887155771839456,0.9884801574087289,0.44100911697748546,0.46825396825396826,0.4585137085137085,0.4504277810312293
GJ,A0,A0,0.1,relative10_shuffled,GJ_A0,affine,L2,37,211,spike,0.5821917808219178,0.5636405261405261,0.5577329551349159,0.9982788296041308,0.9983974358974358,0.9983818770226538,0.4347569097569097,0.49206349206349204,0.4813672438672439,0.48964759622811016
GJ,A0,A0,0.1,relative10_shuffled,GJ_A0,no_bias,L2,37,307,spike,0.6232876712328768,0.608718364968365,0.6100398253115643,0.9965576592082617,0.9967634489693312,0.9966651757309672,0.38804508400096627,0.49206349206349204,0.4953222703222704,0.48901384109717444
GJ,A0,A0,0.1,relative10_shuffled,GJ_A0,affine,L2,37,307,spike,0.6301369863013698,0.6126866189366189,0.6084085319459361,0.9982788296041308,0.9983974358974358,0.9983818770226538,0.3857108169608169,0.5,0.4985690235690235,0.49222143994993456
GJ,A0,A0,0.001,relative10_shuffled,GJ_A0,no_bias,L2,37,401,spike,0.5547945205479452,0.5265685703185702,0.5102408761421884,0.9621342512908778,0.9594955198705138,0.9613910703448706,0.43292694955194366,0.48412698412698413,0.48026695526695523,0.48035183028592865
GJ,A0,A0,0.01,relative10_shuffled,GJ_A0,affine,L2,37,401,spike,0.547945205479452,0.5278429903429903,0.5256909928387008,0.9845094664371773,0.9841744333980262,0.9851246157561157,0.4563314430550359,0.48412698412698413,0.47345478595478596,0.4685553879671526
GJ,A0,A0,100.0,relative10_shuffled,GJ_A0,no_bias,L2,37,503,spike,0.5684931506849316,0.5557421744921746,0.5578182309976775,0.9965576592082617,0.9967634489693312,0.9966651757309672,0.44102127447715667,0.48412698412698413,0.4807720057720057,0.4764129337617498
GJ,A0,A0,1.0,relative10_shuffled,GJ_A0,affine,L2,37,503,spike,0.5958904109589042,0.5803835053835054,0.5749618103303312,0.9982788296041308,0.9983974358974358,0.9983818770226538,0.41801393051393043,0.49206349206349204,0.4836820586820587,0.4757649719512538
GJ,A1,A1,1.0,whole_count,GJ_A1,no_bias,L2,37,-1,spike,0.684931506849315,0.667286186036186,0.6521690267412911,0.9896729776247849,0.9902879042279707,0.990142919483151,0.3230017181917848,0.5555555555555556,0.5469757094757096,0.5495026075717154
GJ,A1,A1,1.0,whole_count,GJ_A1,affine,L2,37,-1,spike,0.678082191780822,0.6619651182151182,0.6537986514580855,0.9896729776247849,0.9890752084153384,0.9897274888310856,0.3271100902002202,0.5396825396825397,0.5258116883116883,0.5278453375945747
GJ,A1,A1,0.001,fixed250_ordered,GJ_A1,no_bias,L2,37,-1,spike,0.6301369863013698,0.608506771006771,0.5978740775584227,0.9432013769363167,0.9419105267693828,0.9440462014688014,0.33340375576261183,0.5476190476190477,0.5486892736892738,0.5578289520936579
GJ,A1,A1,10.0,fixed250_ordered,GJ_A1,affine,L2,37,-1,spike,0.6232876712328768,0.6085601898101899,0.5924164886057469,0.9982788296041308,0.9983974358974358,0.9983818770226538,0.3898372460872459,0.5476190476190477,0.5442340067340067,0.5542374315045885
GJ,A1,A1,0.1,fixed250_shuffled,GJ_A1,no_bias,L2,37,101,spike,0.5616438356164384,0.5507707570207571,0.5438636919526803,0.9965576592082617,0.9967634489693312,0.9966651757309672,0.44599269194857416,0.5079365079365079,0.5119468494468494,0.5171286441701736
GJ,A1,A1,100.0,fixed250_shuffled,GJ_A1,affine,L2,37,101,spike,0.5068493150684932,0.4911519036519036,0.47505145238697866,0.9982788296041308,0.9983974358974358,0.9983818770226538,0.5072455322455323,0.5079365079365079,0.5095117845117845,0.5205883305148011
GJ,A1,A1,100.0,fixed250_shuffled,GJ_A1,no_bias,L2,37,211,spike,0.541095890410959,0.5314296814296814,0.5277088670225925,0.9965576592082617,0.9967634489693312,0.9966651757309672,0.46533376753964983,0.48412698412698413,0.4816558441558441,0.47345969744946736
GJ,A1,A1,0.001,fixed250_shuffled,GJ_A1,affine,L2,37,211,spike,0.5547945205479452,0.5391885891885891,0.5494537390243225,0.9294320137693631,0.9240478656907983,0.9298624540473172,0.3848592765022092,0.49206349206349204,0.47434463684463685,0.4594303498954308
GJ,A1,A1,0.001,fixed250_shuffled,GJ_A1,no_bias,L2,37,307,spike,0.5205479452054794,0.5070457320457321,0.4946455916887155,0.955249569707401,0.9532210140191489,0.9549197987809303,0.4461752819734168,0.5158730158730159,0.5114898989898989,0.5142813445829217
GJ,A1,A1,0.01,fixed250_shuffled,GJ_A1,affine,L2,37,307,spike,0.5273972602739726,0.5170024420024419,0.5098910003084232,0.9827882960413081,0.9827897342192093,0.9836808083989926,0.4657872922167674,0.5079365079365079,0.4992484367484367,0.4973696531445812
GJ,A1,A1,0.01,fixed250_shuffled,GJ_A1,no_bias,L2,37,401,spike,0.5753424657534246,0.557056832056832,0.5580526070077153,0.9879518072289156,0.9887796797480481,0.9885125504022869,0.43172284769121616,0.5317460317460317,0.5390031265031267,0.547350524084363
GJ,A1,A1,1.0,fixed250_shuffled,GJ_A1,affine,L2,37,401,spike,0.5273972602739726,0.5097624597624598,0.5025033282693976,0.9982788296041308,0.9983974358974358,0.9983818770226538,0.488634976134976,0.5476190476190477,0.5391474266474267,0.5364991276079578
GJ,A1,A1,0.001,fixed250_shuffled,GJ_A1,no_bias,L2,37,503,spike,0.5753424657534246,0.5616452991452991,0.5566363043223141,0.9414802065404475,0.9395786184219809,0.9418564567510942,0.3779333192766817,0.5396825396825397,0.5341810966810967,0.5318460406695701
GJ,A1,A1,0.1,fixed250_shuffled,GJ_A1,affine,L2,37,503,spike,0.6164383561643836,0.6044393106893107,0.5994006315745447,0.9965576592082617,0.996545584045584,0.996651896640988,0.39210627335627335,0.5158730158730159,0.51489898989899,0.515962353727203
GJ,A1,A1,100.0,relative10_ordered,GJ_A1,no_bias,L2,37,-1,spike,0.6643835616438356,0.6495261682761683,0.6383549515433573,0.9965576592082617,0.9967634489693312,0.9966651757309672,0.34723728069316295,0.6428571428571429,0.6398088023088023,0.6483934852631851
GJ,A1,A1,0.01,relative10_ordered,GJ_A1,affine,L2,37,-1,spike,0.6712328767123288,0.6540133477633477,0.662384464807924,0.9879518072289156,0.9874424072542354,0.9881381374040479,0.33342905949088764,0.6349206349206349,0.6250901875901876,0.6349348312506208
GJ,A1,A1,0.01,relative10_shuffled,GJ_A1,no_bias,L2,37,101,spike,0.5616438356164384,0.5556721056721057,0.5541958629996898,0.9879518072289156,0.9886853401254067,0.9884647828050143,0.433013234453301,0.5238095238095238,0.52260101010101,0.5130898056846479
GJ,A1,A1,0.01,relative10_shuffled,GJ_A1,affine,L2,37,101,spike,0.5958904109589042,0.5830509768009767,0.5886620052061229,0.9827882960413081,0.982571869295462,0.9837263582884322,0.3995208924944853,0.5158730158730159,0.5066618566618567,0.5029131447300328
GJ,A1,A1,0.01,relative10_shuffled,GJ_A1,no_bias,L2,37,211,spike,0.5684931506849316,0.5536588411588411,0.5441991879017822,0.9879518072289156,0.9887155771839456,0.9886172320741053,0.43505673602510453,0.48412698412698413,0.4796777296777297,0.472668703563734
GJ,A1,A1,0.1,relative10_shuffled,GJ_A1,affine,L2,37,211,spike,0.589041095890411,0.5695929070929071,0.5646842048092894,0.9982788296041308,0.9983974358974358,0.9983818770226538,0.4288045288045287,0.49206349206349204,0.4813672438672439,0.49017858073585624
GJ,A1,A1,0.01,relative10_shuffled,GJ_A1,no_bias,L2,37,307,spike,0.6232876712328768,0.6093496780996781,0.6110924301295659,0.9879518072289156,0.9886853401254068,0.9885088059572484,0.37933566202572866,0.5079365079365079,0.5063973063973064,0.5007441950881165
GJ,A1,A1,0.1,relative10_shuffled,GJ_A1,affine,L2,37,307,spike,0.6301369863013698,0.6143099955599955,0.6126903037602099,0.9982788296041308,0.9983974358974358,0.9983818770226538,0.38408744033744024,0.47619047619047616,0.46781505531505535,0.4602603415103415
GJ,A1,A1,0.001,relative10_shuffled,GJ_A1,no_bias,L2,37,401,spike,0.5547945205479452,0.5281919469419469,0.5125298947026822,0.9621342512908778,0.9594955198705138,0.9615080829618831,0.4313035729285669,0.49206349206349204,0.48860028860028853,0.4886920979511391
GJ,A1,A1,0.01,relative10_shuffled,GJ_A1,affine,L2,37,401,spike,0.547945205479452,0.5302239427239427,0.5258490456283326,0.9845094664371773,0.9841744333980262,0.9851246157561157,0.45395049067408355,0.48412698412698413,0.47345478595478596,0.4685553879671526
GJ,A1,A1,100.0,relative10_shuffled,GJ_A1,no_bias,L2,37,503,spike,0.5753424657534246,0.5662330724830724,0.5749108778943861,0.9965576592082617,0.9967634489693312,0.9966651757309672,0.4305303764862588,0.49206349206349204,0.49003126503126504,0.48472768549516937
GJ,A1,A1,100.0,relative10_shuffled,GJ_A1,affine,L2,37,503,spike,0.5616438356164384,0.5516157453657454,0.5529913860086273,0.9982788296041308,0.9983974358974358,0.9983818770226538,0.44678169053169037,0.49206349206349204,0.49003126503126504,0.4870744889821286
GJ,A2,A2,0.1,whole_count,GJ_A2,no_bias,L2,37,-1,spike,0.6506849315068494,0.6325278887778888,0.6227567624648497,0.9741824440619621,0.9739096812707602,0.9744414732041676,0.34138179249287137,0.5317460317460317,0.5331168831168831,0.5300210964669217
GJ,A2,A2,1.0,whole_count,GJ_A2,affine,L2,37,-1,spike,0.678082191780822,0.6619651182151182,0.6537986514580855,0.9896729776247849,0.9890752084153384,0.9897274888310856,0.3271100902002202,0.5317460317460317,0.5205507455507455,0.5227234347848383
GJ,A2,A2,0.001,fixed250_ordered,GJ_A2,no_bias,L2,37,-1,spike,0.6301369863013698,0.608506771006771,0.5978740775584227,0.9449225473321858,0.943513090871947,0.9457768379820467,0.33500631986517604,0.5555555555555556,0.5556337181337182,0.5644473900361581
GJ,A2,A2,10.0,fixed250_ordered,GJ_A2,affine,L2,37,-1,spike,0.6095890410958904,0.5966554279054278,0.5841375112708196,0.9982788296041308,0.9983974358974358,0.9983818770226538,0.401742007992008,0.5396825396825397,0.5366582491582491,0.5374224001298297
GJ,A2,A2,0.001,fixed250_shuffled,GJ_A2,no_bias,L2,37,101,spike,0.5068493150684932,0.5005362692862693,0.4893367208060189,0.9432013769363167,0.942165771722835,0.9434588136786831,0.44162950243656574,0.5,0.5017316017316019,0.5021171802054154
GJ,A2,A2,0.1,fixed250_shuffled,GJ_A2,affine,L2,37,101,spike,0.5684931506849316,0.556723137973138,0.5533576681602997,0.9931153184165232,0.9932776101893749,0.9935015225035588,0.4365544722162369,0.49206349206349204,0.4930976430976431,0.5032011890758021
GJ,A2,A2,100.0,fixed250_shuffled,GJ_A2,no_bias,L2,37,211,spike,0.5616438356164384,0.5557060994560994,0.5553229764192831,0.9965576592082617,0.9967634489693312,0.9966651757309672,0.44105734951323183,0.5,0.49567700817700827,0.48610389985813884
GJ,A2,A2,100.0,fixed250_shuffled,GJ_A2,affine,L2,37,211,spike,0.5273972602739726,0.5243860306360306,0.5212358423823881,0.9982788296041308,0.9983974358974358,0.9983818770226538,0.47401140526140517,0.48412698412698413,0.4792207792207792,0.4635280189159499
GJ,A2,A2,0.01,fixed250_shuffled,GJ_A2,no_bias,L2,37,307,spike,0.5342465753424658,0.5224969474969475,0.5110837661407771,0.9931153184165232,0.993588557822742,0.9934753100411015,0.4710916103257945,0.5238095238095238,0.5244468494468495,0.5212430271253802
GJ,A2,A2,0.01,fixed250_shuffled,GJ_A2,affine,L2,37,307,spike,0.5273972602739726,0.5170024420024419,0.511720692477872,0.9827882960413081,0.9827897342192093,0.9836808083989926,0.4657872922167674,0.5079365079365079,0.5006373256373257,0.49489253866188854
GJ,A2,A2,0.01,fixed250_shuffled,GJ_A2,no_bias,L2,37,401,spike,0.5753424657534246,0.5594377844377845,0.5571722123192712,0.9862306368330465,0.987207352704023,0.9869092982672986,0.4277695682662386,0.5317460317460317,0.5362253487253489,0.5478172604131682
GJ,A2,A2,1.0,fixed250_shuffled,GJ_A2,affine,L2,37,401,spike,0.5342465753424658,0.5239489676989678,0.5100848544814062,0.9982788296041308,0.9983974358974358,0.9983818770226538,0.474448468198468,0.5555555555555556,0.5460918710918712,0.5431578830825028
GJ,A2,A2,0.001,fixed250_shuffled,GJ_A2,no_bias,L2,37,503,spike,0.5684931506849316,0.5556929181929182,0.5515179658706424,0.9414802065404475,0.9397964833457282,0.9418453448346867,0.38410356515280997,0.5396825396825397,0.5341810966810968,0.5334302975607322
GJ,A2,A2,0.1,fixed250_shuffled,GJ_A2,affine,L2,37,503,spike,0.6027397260273972,0.5905504218004218,0.5909972025700927,0.9982788296041308,0.9983974358974358,0.9983818770226538,0.40784701409701396,0.5238095238095238,0.5212121212121212,0.5322014187503318
GJ,A2,A2,100.0,relative10_ordered,GJ_A2,no_bias,L2,37,-1,spike,0.6643835616438356,0.6485341047841048,0.6462239633126249,0.9965576592082617,0.9967634489693312,0.9966651757309672,0.34822934418522644,0.6507936507936508,0.6444384319384319,0.6566605846876566
GJ,A2,A2,100.0,relative10_ordered,GJ_A2,affine,L2,37,-1,spike,0.6917808219178082,0.6800546675546676,0.6752200232683984,0.9982788296041308,0.9983974358974358,0.9983818770226538,0.3183427683427682,0.6428571428571429,0.6418290043290044,0.6466529199148551
GJ,A2,A2,0.01,relative10_shuffled,GJ_A2,no_bias,L2,37,101,spike,0.5821917808219178,0.5783993783993784,0.5760747984029891,0.9879518072289156,0.9886853401254067,0.9884647828050143,0.41028596172602827,0.5238095238095238,0.52260101010101,0.5130898056846479
GJ,A2,A2,0.1,relative10_shuffled,GJ_A2,affine,L2,37,101,spike,0.5753424657534246,0.5692002442002442,0.5653837222802739,0.9965576592082617,0.9967307692307692,0.9967464753872521,0.427530525030525,0.5079365079365079,0.49879148629148623,0.4938655803665946
GJ,A2,A2,0.01,relative10_shuffled,GJ_A2,no_bias,L2,37,211,spike,0.5616438356164384,0.5477064602064602,0.5375819608010469,0.9879518072289156,0.9887155771839456,0.9886172320741053,0.44100911697748546,0.47619047619047616,0.4677729677729678,0.46059605399108433
GJ,A2,A2,0.01,relative10_shuffled,GJ_A2,affine,L2,37,211,spike,0.5958904109589042,0.5805416805416805,0.5786588797005463,0.9845094664371773,0.9841744333980262,0.9851107056240359,0.4036327528563457,0.5,0.4842772967772968,0.48661731614740406
GJ,A2,A2,0.1,relative10_shuffled,GJ_A2,no_bias,L2,37,307,spike,0.6232876712328768,0.6077263014763015,0.6099658502375894,0.9965576592082617,0.9967634489693312,0.9966651757309672,0.38903714749302976,0.5,0.5022667147667148,0.4982039263742162
GJ,A2,A2,0.1,relative10_shuffled,GJ_A2,affine,L2,37,307,spike,0.6301369863013698,0.6143099955599955,0.6114074884455319,0.9982788296041308,0.9983974358974358,0.9983818770226538,0.38408744033744024,0.49206349206349204,0.48666426166426163,0.4794853837356175
GJ,A2,A2,0.001,relative10_shuffled,GJ_A2,no_bias,L2,37,401,spike,0.5547945205479452,0.5265685703185702,0.5105864982620041,0.963855421686747,0.961067846914539,0.9630798340619361,0.43449927659596876,0.48412698412698413,0.48026695526695523,0.48035183028592865
GJ,A2,A2,0.001,relative10_shuffled,GJ_A2,affine,L2,37,401,spike,0.547945205479452,0.5284743034743035,0.5340908737407962,0.9466437177280551,0.9427482519669366,0.9482617660378075,0.4142739484926331,0.47619047619047616,0.46155002405002404,0.4518456101544337
GJ,A2,A2,100.0,relative10_shuffled,GJ_A2,no_bias,L2,37,503,spike,0.547945205479452,0.5350462037962037,0.5398529248529249,0.9965576592082617,0.9967634489693312,0.9966651757309672,0.4617172451731275,0.5079365079365079,0.5039201539201539,0.5044669457362957
GJ,A2,A2,100.0,relative10_shuffled,GJ_A2,affine,L2,37,503,spike,0.5753424657534246,0.5621024808524809,0.5596530174854983,0.9982788296041308,0.9983974358974358,0.9983818770226538,0.43629495504495486,0.5079365079365079,0.5032888407888407,0.5072927686772081
GJ,A3,A3__shuffle101,0.1,whole_count,GJ_A3__shuffle101,no_bias,L2,37,-1,spike,0.6438356164383562,0.6255834443334443,0.6171190122277078,0.9741824440619621,0.9739096812707602,0.9744414732041676,0.3483262369373159,0.5396825396825397,0.5400613275613275,0.5385222571419955
GJ,A3,A3__shuffle101,0.1,whole_count,GJ_A3__shuffle101,affine,L2,37,-1,spike,0.6506849315068494,0.631533744033744,0.624970993704366,0.9741824440619621,0.9736942590270359,0.9753760423627909,0.3421605149932919,0.5317460317460317,0.5231962481962481,0.5242729343828333
GJ,A3,A3__shuffle101,10.0,fixed250_ordered,GJ_A3__shuffle101,no_bias,L2,37,-1,spike,0.6232876712328768,0.6078525641025642,0.5929682256334555,0.9965576592082617,0.9967634489693312,0.9966651757309672,0.38891088486676706,0.5555555555555556,0.5511784511784511,0.5486138231101905
GJ,A3,A3__shuffle101,10.0,fixed250_ordered,GJ_A3__shuffle101,affine,L2,37,-1,spike,0.6232876712328768,0.6090180652680653,0.5961714394747104,0.9982788296041308,0.9983974358974358,0.9983818770226538,0.38937937062937045,0.5396825396825397,0.5366582491582491,0.5322142974748755
GJ,A3,A3__shuffle101,0.001,fixed250_shuffled,GJ_A3__shuffle101,no_bias,L2,37,101,spike,0.5205479452054794,0.5124410311910311,0.5034089854265292,0.9414802065404475,0.9405632076202709,0.9418492553502528,0.4281221764292398,0.5079365079365079,0.5086760461760462,0.5131735567790334
GJ,A3,A3__shuffle101,0.1,fixed250_shuffled,GJ_A3__shuffle101,affine,L2,37,101,spike,0.5616438356164384,0.5507707570207571,0.5447651813446387,0.9931153184165232,0.9932776101893749,0.9935015225035588,0.4425068531686178,0.48412698412698413,0.4847643097643098,0.49456083819860913
GJ,A3,A3__shuffle101,0.001,fixed250_shuffled,GJ_A3__shuffle101,no_bias,L2,37,211,spike,0.5547945205479452,0.5389652014652014,0.5393268970952222,0.9294320137693631,0.9222577026234403,0.9262439136293196,0.3832925011582389,0.49206349206349204,0.4819564694564695,0.4741896729122756
GJ,A3,A3__shuffle101,0.1,fixed250_shuffled,GJ_A3__shuffle101,affine,L2,37,211,spike,0.5616438356164384,0.551079476079476,0.5598172676547962,0.9948364888123924,0.9951294620412267,0.9951878232465293,0.4440499859617506,0.49206349206349204,0.47653318903318903,0.47262307015349614
GJ,A3,A3__shuffle101,0.01,fixed250_shuffled,GJ_A3__shuffle101,no_bias,L2,37,307,spike,0.541095890410959,0.5284493284493285,0.514572601866455,0.9913941480206541,0.9919545708946375,0.9918402232687947,0.463505242445309,0.5317460317460317,0.5313912938912939,0.530788950757991
GJ,A3,A3__shuffle101,0.01,fixed250_shuffled,GJ_A3__shuffle101,affine,L2,37,307,spike,0.5205479452054794,0.5094266844266844,0.5042796384901648,0.9827882960413081,0.9827897342192093,0.9836808083989926,0.47336304979252497,0.5079365079365079,0.5006373256373257,0.49478145974756416
GJ,A3,A3__shuffle101,1.0,fixed250_shuffled,GJ_A3__shuffle101,no_bias,L2,37,401,spike,0.5547945205479452,0.5478937728937728,0.5327605599946403,0.9965576592082617,0.9967634489693312,0.9966651757309672,0.4488696760755584,0.5396825396825397,0.5323292448292448,0.5312172826525364
GJ,A3,A3__shuffle101,1.0,fixed250_shuffled,GJ_A3__shuffle101,affine,L2,37,401,spike,0.547945205479452,0.5358537296037297,0.5292212464119157,0.9982788296041308,0.9983974358974358,0.9983818770226538,0.4625437062937061,0.5476190476190477,0.5391474266474267,0.5366088381588449
GJ,A3,A3__shuffle101,0.001,fixed250_shuffled,GJ_A3__shuffle101,no_bias,L2,37,503,spike,0.5684931506849316,0.5556929181929182,0.5515179658706424,0.9432013769363167,0.9424846553887388,0.9440752207541668,0.3867917371958206,0.5476190476190477,0.5411255411255412,0.5405611552088314
GJ,A3,A3__shuffle101,0.1,fixed250_shuffled,GJ_A3__shuffle101,affine,L2,37,503,spike,0.6095890410958904,0.5965028027528028,0.5931546311981095,0.9982788296041308,0.9983974358974358,0.9983818770226538,0.40189463314463303,0.5158730158730159,0.5142676767676768,0.5211200164924589
GJ,A3,A3__shuffle101,100.0,relative10_ordered,GJ_A3__shuffle101,no_bias,L2,37,-1,spike,0.6712328767123288,0.6644071206571206,0.6585209081042415,0.9965576592082617,0.9967634489693312,0.9966651757309672,0.3323563283122106,0.6349206349206349,0.6296236171236171,0.6371526947499487
GJ,A3,A3__shuffle101,100.0,relative10_ordered,GJ_A3__shuffle101,affine,L2,37,-1,spike,0.678082191780822,0.67005772005772,0.66642504024563,0.9982788296041308,0.9983660130718954,0.9983812666980985,0.3283082930141754,0.6428571428571429,0.6409030784030784,0.6473745081554929
GJ,A3,A3__shuffle101,0.01,relative10_shuffled,GJ_A3__shuffle101,no_bias,L2,37,101,spike,0.5753424657534246,0.5708236208236208,0.5688046834604604,0.9879518072289156,0.9886853401254067,0.9884647828050143,0.41786171930178584,0.5317460317460317,0.5345057720057719,0.523797308058817
GJ,A3,A3__shuffle101,0.1,relative10_shuffled,GJ_A3__shuffle101,affine,L2,37,101,spike,0.5684931506849316,0.5616244866244866,0.560353181676711,0.9965576592082617,0.9967307692307692,0.9967464753872521,0.4351062826062826,0.5079365079365079,0.49879148629148623,0.4938655803665946
GJ,A3,A3__shuffle101,0.01,relative10_shuffled,GJ_A3__shuffle101,no_bias,L2,37,211,spike,0.5753424657534246,0.559611222111222,0.5497484913224624,0.9879518072289156,0.9887155771839456,0.9886172320741053,0.4291043550727236,0.46825396825396826,0.4601972101972102,0.4564447528284205
GJ,A3,A3__shuffle101,0.01,relative10_shuffled,GJ_A3__shuffle101,affine,L2,37,211,spike,0.5958904109589042,0.5805416805416805,0.5786588797005463,0.9845094664371773,0.9841744333980262,0.9851107056240359,0.4036327528563457,0.49206349206349204,0.4773328523328524,0.4765203143837356
GJ,A3,A3__shuffle101,0.1,relative10_shuffled,GJ_A3__shuffle101,no_bias,L2,37,307,spike,0.6232876712328768,0.6093496780996781,0.6130375975198629,0.9965576592082617,0.9967634489693312,0.9966651757309672,0.3874137708696531,0.49206349206349204,0.49532227032227033,0.49266851569483144
GJ,A3,A3__shuffle101,0.1,relative10_shuffled,GJ_A3__shuffle101,affine,L2,37,307,spike,0.636986301369863,0.62125444000444,0.6179185138468097,0.9982788296041308,0.9983974358974358,0.9983818770226538,0.3771429958929958,0.48412698412698413,0.4797198172198173,0.47280335608584784
GJ,A3,A3__shuffle101,0.001,relative10_shuffled,GJ_A3__shuffle101,no_bias,L2,37,401,spike,0.5547945205479452,0.5265685703185702,0.5104772466283622,0.963855421686747,0.9621836919135246,0.9639059400082332,0.4356151215949544,0.48412698412698413,0.48026695526695523,0.48035183028592865
GJ,A3,A3__shuffle101,0.001,relative10_shuffled,GJ_A3__shuffle101,affine,L2,37,401,spike,0.541095890410959,0.5225219225219224,0.5286658507246743,0.9432013769363167,0.9384260929958214,0.9443860299498908,0.41590417047389894,0.48412698412698413,0.46912578162578167,0.45946751777634137
GJ,A3,A3__shuffle101,100.0,relative10_shuffled,GJ_A3__shuffle101,no_bias,L2,37,503,spike,0.5616438356164384,0.5465541403041403,0.5473562051511967,0.9965576592082617,0.9967634489693312,0.9966651757309672,0.45020930866519093,0.5,0.4983645983645984,0.4952855620587931
GJ,A3,A3__shuffle101,100.0,relative10_shuffled,GJ_A3__shuffle101,affine,L2,37,503,spike,0.5753424657534246,0.5608398545898546,0.561678169406805,0.9982788296041308,0.9983974358974358,0.9983818770226538,0.43755758130758116,0.5,0.492015392015392,0.48746010625393515
GJ,A3,A3__shuffle211,0.1,whole_count,GJ_A3__shuffle211,no_bias,L2,37,-1,spike,0.6438356164383562,0.6255834443334443,0.6174109005972487,0.9741824440619621,0.9739096812707602,0.9744414732041676,0.3483262369373159,0.5396825396825397,0.5400613275613275,0.5369149138679855
GJ,A3,A3__shuffle211,0.1,whole_count,GJ_A3__shuffle211,affine,L2,37,-1,spike,0.6643835616438356,0.6444305694305693,0.6356964548374359,0.9741824440619621,0.9736942590270359,0.9753760423627909,0.32926368959646657,0.5317460317460317,0.5231962481962481,0.5241291097214646
GJ,A3,A3__shuffle211,0.001,fixed250_ordered,GJ_A3__shuffle211,no_bias,L2,37,-1,spike,0.6301369863013698,0.608506771006771,0.5979344640318527,0.9449225473321858,0.943513090871947,0.9457768379820467,0.33500631986517604,0.5634920634920635,0.5625781625781626,0.5717376373626373
GJ,A3,A3__shuffle211,0.001,fixed250_ordered,GJ_A3__shuffle211,affine,L2,37,-1,spike,0.6232876712328768,0.6068903318903319,0.6152801158569656,0.9345955249569707,0.9315918610253533,0.937262875350028,0.32470152913502137,0.5476190476190477,0.5381373256373257,0.5554562780569813
GJ,A3,A3__shuffle211,0.1,fixed250_shuffled,GJ_A3__shuffle211,no_bias,L2,37,101,spike,0.5616438356164384,0.5507707570207571,0.5452699941719906,0.9965576592082617,0.9967634489693312,0.9966651757309672,0.44599269194857416,0.5158730158730159,0.5139309764309764,0.5264578706658171
GJ,A3,A3__shuffle211,0.1,fixed250_shuffled,GJ_A3__shuffle211,affine,L2,37,101,spike,0.5547945205479452,0.544818376068376,0.5388754570338617,0.9931153184165232,0.9932776101893749,0.9935015225035588,0.44845923412099886,0.5,0.5000420875420876,0.5136178557424688
GJ,A3,A3__shuffle211,0.001,fixed250_shuffled,GJ_A3__shuffle211,no_bias,L2,37,211,spike,0.5547945205479452,0.537973137973138,0.5383042058551396,0.9311531841652324,0.9239938137345513,0.9279138227018606,0.3860206757614133,0.5,0.4889009139009139,0.48066740570579786
GJ,A3,A3__shuffle211,1.0,fixed250_shuffled,GJ_A3__shuffle211,affine,L2,37,211,spike,0.5684931506849316,0.5610902985902986,0.5675307513849591,0.9982788296041308,0.9983974358974358,0.9983818770226538,0.4373071373071372,0.49206349206349204,0.4828884078884079,0.47281724425771404
GJ,A3,A3__shuffle211,0.01,fixed250_shuffled,GJ_A3__shuffle211,no_bias,L2,37,307,spike,0.5342465753424658,0.5224969474969475,0.5110837661407771,0.9931153184165232,0.993588557822742,0.9934753100411015,0.4710916103257945,0.5238095238095238,0.5207431457431457,0.5218522218522218
GJ,A3,A3__shuffle211,0.01,fixed250_shuffled,GJ_A3__shuffle211,affine,L2,37,307,spike,0.5205479452054794,0.5094266844266844,0.5045867153438948,0.9827882960413081,0.9827897342192093,0.9836808083989926,0.47336304979252497,0.5079365079365079,0.5006373256373257,0.49478145974756416
GJ,A3,A3__shuffle211,0.01,fixed250_shuffled,GJ_A3__shuffle211,no_bias,L2,37,401,spike,0.5753424657534246,0.5594377844377845,0.5571722123192712,0.9862306368330465,0.987207352704023,0.9869092982672986,0.4277695682662386,0.5317460317460317,0.5376142376142377,0.5472147470824602
GJ,A3,A3__shuffle211,1.0,fixed250_shuffled,GJ_A3__shuffle211,affine,L2,37,401,spike,0.541095890410959,0.5299013486513487,0.5160612854578371,0.9982788296041308,0.9983974358974358,0.9983818770226538,0.46849608724608705,0.5555555555555556,0.5460918710918712,0.5430515566603868
GJ,A3,A3__shuffle211,0.001,fixed250_shuffled,GJ_A3__shuffle211,no_bias,L2,37,503,spike,0.5684931506849316,0.5556929181929182,0.5535878929405695,0.9414802065404475,0.9408506684606343,0.9423859013327704,0.38515775026771604,0.5476190476190477,0.5411255411255412,0.5395583482540004
GJ,A3,A3__shuffle211,0.1,fixed250_shuffled,GJ_A3__shuffle211,affine,L2,37,503,spike,0.6232876712328768,0.6093996281496282,0.6082489238786091,0.9982788296041308,0.9983974358974358,0.9983818770226538,0.38899780774780757,0.5158730158730159,0.5142676767676768,0.5211200164924589
GJ,A3,A3__shuffle211,0.001,relative10_ordered,GJ_A3__shuffle211,no_bias,L2,37,-1,spike,0.7397260273972602,0.7260191197691198,0.7182604164488221,0.9655765920826161,0.9636519962723226,0.9652239006511443,0.23763287650320275,0.6428571428571429,0.6348063973063973,0.6375174313990103
GJ,A3,A3__shuffle211,0.01,relative10_ordered,GJ_A3__shuffle211,affine,L2,37,-1,spike,0.6712328767123288,0.6540133477633477,0.6654004946717801,0.9879518072289156,0.9874424072542354,0.9881381374040479,0.33342905949088764,0.6507936507936508,0.6439393939393939,0.6560730935730936
GJ,A3,A3__shuffle211,0.01,relative10_shuffled,GJ_A3__shuffle211,no_bias,L2,37,101,spike,0.5616438356164384,0.5556721056721057,0.5541958629996898,0.9879518072289156,0.9886853401254067,0.9884647828050143,0.433013234453301,0.5317460317460317,0.5345057720057719,0.523797308058817
GJ,A3,A3__shuffle211,0.1,relative10_shuffled,GJ_A3__shuffle211,affine,L2,37,101,spike,0.5753424657534246,0.5692002442002442,0.5680887487353005,0.9965576592082617,0.9967307692307692,0.9967464753872521,0.427530525030525,0.5079365079365079,0.49879148629148623,0.4938655803665946
GJ,A3,A3__shuffle211,0.01,relative10_shuffled,GJ_A3__shuffle211,no_bias,L2,37,211,spike,0.5684931506849316,0.5536588411588411,0.5456327581837409,0.9879518072289156,0.9887155771839456,0.9884801574087289,0.43505673602510453,0.46825396825396826,0.4585137085137085,0.452556951853685
GJ,A3,A3__shuffle211,0.01,relative10_shuffled,GJ_A3__shuffle211,affine,L2,37,211,spike,0.6027397260273972,0.5864940614940615,0.5838112436764397,0.9845094664371773,0.9841744333980262,0.9851107056240359,0.39768037190396477,0.5,0.48427729677729675,0.48313251481946545
GJ,A3,A3__shuffle211,0.1,relative10_shuffled,GJ_A3__shuffle211,no_bias,L2,37,307,spike,0.6301369863013698,0.6146707459207459,0.6155046107075642,0.9965576592082617,0.9967634489693312,0.9966651757309672,0.38209270304858534,0.5,0.5022667147667148,0.4973302789488447
GJ,A3,A3__shuffle211,0.1,relative10_shuffled,GJ_A3__shuffle211,affine,L2,37,307,spike,0.6438356164383562,0.6272068209568209,0.6238621985904594,0.9982788296041308,0.9983974358974358,0.9983818770226538,0.3711906149406149,0.48412698412698413,0.4797198172198173,0.47395927006434246
GJ,A3,A3__shuffle211,0.001,relative10_shuffled,GJ_A3__shuffle211,no_bias,L2,37,401,spike,0.5616438356164384,0.5325209512709511,0.5157340153371531,0.9621342512908778,0.9594338599864344,0.9614856284912947,0.42691290871548326,0.47619047619047616,0.47269119769119766,0.4726051084087719
GJ,A3,A3__shuffle211,0.001,relative10_shuffled,GJ_A3__shuffle211,affine,L2,37,401,spike,0.541095890410959,0.5225219225219224,0.530334415145628,0.9466437177280551,0.9427482519669366,0.9482617660378075,0.42022632944501415,0.48412698412698413,0.4698833573833574,0.461976329108682
GJ,A3,A3__shuffle211,100.0,relative10_shuffled,GJ_A3__shuffle211,no_bias,L2,37,503,spike,0.5684931506849316,0.5545267232767233,0.5549075558227031,0.9965576592082617,0.9967634489693312,0.9966651757309672,0.44223672569260797,0.5,0.4955868205868205,0.4978933958553524
GJ,A3,A3__shuffle211,100.0,relative10_shuffled,GJ_A3__shuffle211,affine,L2,37,503,spike,0.5547945205479452,0.544671300921301,0.5420571032383176,0.9982788296041308,0.9983974358974358,0.9983818770226538,0.4537261349761348,0.5158730158730159,0.5108645983645983,0.5134280593958014
GJ,A3,A3__shuffle307,0.1,whole_count,GJ_A3__shuffle307,no_bias,L2,37,-1,spike,0.6712328767123288,0.6520084082584082,0.6424045474329073,0.9741824440619621,0.9739096812707602,0.9744414732041676,0.32190127301235194,0.5396825396825397,0.5400613275613275,0.5385222571419955
GJ,A3,A3__shuffle307,0.1,whole_count,GJ_A3__shuffle307,affine,L2,37,-1,spike,0.6643835616438356,0.6495261682761683,0.6435912419847842,0.9741824440619621,0.9736942590270359,0.9753760423627909,0.3241680907508676,0.5238095238095238,0.5162518037518037,0.5171575497674487
GJ,A3,A3__shuffle307,0.001,fixed250_ordered,GJ_A3__shuffle307,no_bias,L2,37,-1,spike,0.6232876712328768,0.6015623265623266,0.5919766416609868,0.9466437177280551,0.9462012629149578,0.947928629405975,0.3446389363526312,0.5476190476190477,0.5486892736892738,0.5561613174486149
GJ,A3,A3__shuffle307,0.001,fixed250_ordered,GJ_A3__shuffle307,affine,L2,37,-1,spike,0.6232876712328768,0.6068903318903319,0.6161862100019407,0.9363166953528399,0.9332258479534579,0.9387302016744972,0.32633551606312594,0.5476190476190477,0.5381373256373257,0.5549551887323626
GJ,A3,A3__shuffle307,0.1,fixed250_shuffled,GJ_A3__shuffle307,no_bias,L2,37,101,spike,0.5616438356164384,0.5507707570207571,0.5438636919526803,0.9965576592082617,0.9967634489693312,0.9966651757309672,0.44599269194857416,0.5079365079365079,0.5055976430976431,0.5163295038295038
GJ,A3,A3__shuffle307,0.1,fixed250_shuffled,GJ_A3__shuffle307,affine,L2,37,101,spike,0.5616438356164384,0.5507707570207571,0.5449686400344296,0.9931153184165232,0.9932776101893749,0.9935015225035588,0.4425068531686178,0.47619047619047616,0.47781986531986537,0.48604690631006425
GJ,A3,A3__shuffle307,100.0,fixed250_shuffled,GJ_A3__shuffle307,no_bias,L2,37,211,spike,0.541095890410959,0.5408612221112221,0.5426261910815686,0.9965576592082617,0.9967634489693312,0.9966651757309672,0.4559022268581091,0.49206349206349204,0.48502886002886,0.47458673785806854
GJ,A3,A3__shuffle307,100.0,fixed250_shuffled,GJ_A3__shuffle307,affine,L2,37,211,spike,0.5273972602739726,0.5201812076812076,0.5107546446689182,0.9982788296041308,0.9983974358974358,0.9983818770226538,0.4782162282162282,0.5158730158730159,0.5123857623857624,0.49961684838713233
GJ,A3,A3__shuffle307,0.01,fixed250_shuffled,GJ_A3__shuffle307,no_bias,L2,37,307,spike,0.5342465753424658,0.5224969474969475,0.5110837661407771,0.9913941480206541,0.9919545708946375,0.9918402232687947,0.4694576233976899,0.5317460317460317,0.5264309764309765,0.5271072246562443
GJ,A3,A3__shuffle307,0.01,fixed250_shuffled,GJ_A3__shuffle307,affine,L2,37,307,spike,0.5273972602739726,0.5170024420024419,0.5110402905043665,0.9827882960413081,0.9827897342192093,0.9836808083989926,0.4657872922167674,0.5079365079365079,0.5006373256373257,0.49478145974756416
GJ,A3,A3__shuffle307,100.0,fixed250_shuffled,GJ_A3__shuffle307,no_bias,L2,37,401,spike,0.547945205479452,0.5417922355422355,0.5486816811165366,0.9965576592082617,0.9967634489693312,0.9966651757309672,0.4549712134270957,0.5396825396825397,0.5337181337181337,0.5334152876967327
GJ,A3,A3__shuffle307,1.0,fixed250_shuffled,GJ_A3__shuffle307,affine,L2,37,401,spike,0.541095890410959,0.5275203962703963,0.520382862573532,0.9982788296041308,0.9983974358974358,0.9983818770226538,0.47087703962703953,0.5476190476190477,0.5391474266474267,0.5386953345931674
GJ,A3,A3__shuffle307,0.001,fixed250_shuffled,GJ_A3__shuffle307,no_bias,L2,37,503,spike,0.5616438356164384,0.5487484737484737,0.5458076013559301,0.9432013769363167,0.9424846553887388,0.9440752207541668,0.39373618164026514,0.5396825396825397,0.5341810966810968,0.5334302975607322
GJ,A3,A3__shuffle307,0.1,fixed250_shuffled,GJ_A3__shuffle307,affine,L2,37,503,spike,0.6027397260273972,0.5905504218004218,0.5905117426856558,0.9965576592082617,0.9967634489693312,0.9967935289590509,0.4062130271689094,0.5317460317460317,0.5287878787878788,0.537828069710566
GJ,A3,A3__shuffle307,0.001,relative10_ordered,GJ_A3__shuffle307,no_bias,L2,37,-1,spike,0.726027397260274,0.7107413419913419,0.7054050635039552,0.963855421686747,0.9619158851612114,0.9634861841389432,0.25117454316986954,0.626984126984127,0.6209175084175085,0.6234576023391812
GJ,A3,A3__shuffle307,0.01,relative10_ordered,GJ_A3__shuffle307,affine,L2,37,-1,spike,0.6712328767123288,0.6540133477633477,0.6654004946717801,0.9879518072289156,0.9874424072542354,0.9881381374040479,0.33342905949088764,0.6428571428571429,0.6369949494949495,0.6484268947426843
GJ,A3,A3__shuffle307,0.01,relative10_shuffled,GJ_A3__shuffle307,no_bias,L2,37,101,spike,0.5821917808219178,0.5783993783993784,0.5773554080981417,0.9862306368330465,0.9870827760228426,0.9868920196092432,0.4086833976234642,0.5158730158730159,0.5142676767676767,0.5078656491164054
GJ,A3,A3__shuffle307,0.1,relative10_shuffled,GJ_A3__shuffle307,affine,L2,37,101,spike,0.5821917808219178,0.5751526251526251,0.5710339652674735,0.9965576592082617,0.9967307692307692,0.9967464753872521,0.4215781440781441,0.5079365079365079,0.49879148629148623,0.4945618285628428
GJ,A3,A3__shuffle307,0.01,relative10_shuffled,GJ_A3__shuffle307,no_bias,L2,37,211,spike,0.5616438356164384,0.5477064602064602,0.5375819608010469,0.9879518072289156,0.9887155771839456,0.9886172320741053,0.44100911697748546,0.48412698412698413,0.4773629148629148,0.4756586307379506
GJ,A3,A3__shuffle307,0.1,relative10_shuffled,GJ_A3__shuffle307,affine,L2,37,211,spike,0.5753424657534246,0.5576881451881451,0.5508526440879382,0.9982788296041308,0.9983974358974358,0.9983818770226538,0.44070929070929066,0.49206349206349204,0.4813672438672439,0.4901663005511623
GJ,A3,A3__shuffle307,0.1,relative10_shuffled,GJ_A3__shuffle307,no_bias,L2,37,307,spike,0.6164383561643836,0.6017739205239205,0.6049031986531986,0.9965576592082617,0.9967634489693312,0.9966651757309672,0.3949895284454107,0.49206349206349204,0.49099326599326604,0.48482387155677253
GJ,A3,A3__shuffle307,0.1,relative10_shuffled,GJ_A3__shuffle307,affine,L2,37,307,spike,0.6438356164383562,0.6262147574647574,0.6237942695743207,0.9982788296041308,0.9983974358974358,0.9983818770226538,0.3721826784326784,0.49206349206349204,0.48666426166426163,0.4801408102983022
GJ,A3,A3__shuffle307,0.001,relative10_shuffled,GJ_A3__shuffle307,no_bias,L2,37,401,spike,0.5547945205479452,0.5265685703185702,0.5118602483722301,0.963855421686747,0.961067846914539,0.9630798340619361,0.43449927659596876,0.48412698412698413,0.48026695526695523,0.48035183028592865
GJ,A3,A3__shuffle307,0.001,relative10_shuffled,GJ_A3__shuffle307,affine,L2,37,401,spike,0.547945205479452,0.5284743034743035,0.5340908737407962,0.9449225473321858,0.941114265038832,0.9467267121855514,0.41263996156452853,0.47619047619047616,0.462938912938913,0.44912459750695044
GJ,A3,A3__shuffle307,100.0,relative10_shuffled,GJ_A3__shuffle307,no_bias,L2,37,503,spike,0.5547945205479452,0.5401938339438339,0.5434222534120446,0.9965576592082617,0.9967634489693312,0.9966651757309672,0.4565696150254973,0.5079365079365079,0.5046777296777296,0.5080410101722975
GJ,A3,A3__shuffle307,10.0,relative10_shuffled,GJ_A3__shuffle307,affine,L2,37,503,spike,0.589041095890411,0.5766858141858142,0.5674877785141942,0.9982788296041308,0.9983974358974358,0.9983818770226538,0.4217116217116216,0.49206349206349204,0.4850709475709476,0.47708770816187696
GJ,A3,A3__shuffle401,0.1,whole_count,GJ_A3__shuffle401,no_bias,L2,37,-1,spike,0.6438356164383562,0.6265755078255077,0.6184200260287217,0.9741824440619621,0.9739096812707602,0.9744414732041676,0.3473341734452524,0.5476190476190477,0.5470057720057719,0.5464007496696107
GJ,A3,A3__shuffle401,1.0,whole_count,GJ_A3__shuffle401,affine,L2,37,-1,spike,0.678082191780822,0.6619651182151182,0.6537986514580855,0.9896729776247849,0.9890752084153384,0.9897274888310856,0.3271100902002202,0.5396825396825397,0.5281265031265031,0.5289338909952944
GJ,A3,A3__shuffle401,0.001,fixed250_ordered,GJ_A3__shuffle401,no_bias,L2,37,-1,spike,0.6301369863013698,0.608506771006771,0.5978740775584227,0.9466437177280551,0.9462012629149578,0.947928629405975,0.3376944919081868,0.5476190476190477,0.5486892736892738,0.5561613174486149
GJ,A3,A3__shuffle401,100.0,fixed250_ordered,GJ_A3__shuffle401,affine,L2,37,-1,spike,0.6027397260273972,0.5881486568986569,0.5737874854430832,0.9982788296041308,0.9983974358974358,0.9983818770226538,0.4102487789987789,0.5476190476190477,0.5369588744588745,0.538900592051977
GJ,A3,A3__shuffle401,100.0,fixed250_shuffled,GJ_A3__shuffle401,no_bias,L2,37,101,spike,0.5136986301369864,0.5026577589077589,0.49905063348376716,0.9965576592082617,0.9967634489693312,0.9966651757309672,0.49410569006157234,0.5238095238095238,0.5247895622895623,0.5294540509693962
GJ,A3,A3__shuffle401,0.1,fixed250_shuffled,GJ_A3__shuffle401,affine,L2,37,101,spike,0.5616438356164384,0.5507707570207571,0.5444813105997316,0.9931153184165232,0.9932776101893749,0.9935015225035588,0.4425068531686178,0.5,0.5000420875420876,0.5136178557424688
GJ,A3,A3__shuffle401,100.0,fixed250_shuffled,GJ_A3__shuffle401,no_bias,L2,37,211,spike,0.547945205479452,0.5436410811410811,0.5450874450071689,0.9965576592082617,0.9967634489693312,0.9966651757309672,0.4531223678282501,0.5079365079365079,0.4989177489177489,0.4926149552774939
GJ,A3,A3__shuffle401,0.1,fixed250_shuffled,GJ_A3__shuffle401,affine,L2,37,211,spike,0.5547945205479452,0.5435037185037185,0.5522946805756653,0.9948364888123924,0.9951294620412267,0.9951878232465293,0.4516257435375082,0.5,0.48486652236652245,0.47758236332191056
GJ,A3,A3__shuffle401,0.01,fixed250_shuffled,GJ_A3__shuffle401,no_bias,L2,37,307,spike,0.547945205479452,0.5353937728937729,0.5210255933194464,0.9913941480206541,0.9919545708946375,0.9918402232687947,0.4565607980008646,0.5317460317460317,0.5313912938912939,0.530788950757991
GJ,A3,A3__shuffle401,0.01,fixed250_shuffled,GJ_A3__shuffle401,affine,L2,37,307,spike,0.5273972602739726,0.5170024420024419,0.5122558289663552,0.9827882960413081,0.9827897342192093,0.9836808083989926,0.4657872922167674,0.5079365079365079,0.5006373256373257,0.49489253866188854
GJ,A3,A3__shuffle401,0.01,fixed250_shuffled,GJ_A3__shuffle401,no_bias,L2,37,401,spike,0.5684931506849316,0.551104451104451,0.5514666731709575,0.9879518072289156,0.9887796797480481,0.9884976203378519,0.4376752286435971,0.5396825396825397,0.5431697931697933,0.5553396275846583
GJ,A3,A3__shuffle401,1.0,fixed250_shuffled,GJ_A3__shuffle401,affine,L2,37,401,spike,0.5273972602739726,0.5135323010323011,0.5028260645147055,0.9982788296041308,0.9983974358974358,0.9983818770226538,0.4848651348651347,0.5555555555555556,0.5460918710918712,0.5430374095874163
GJ,A3,A3__shuffle401,0.001,fixed250_shuffled,GJ_A3__shuffle401,no_bias,L2,37,503,spike,0.5684931506849316,0.5547008547008546,0.5508318310178408,0.9397590361445783,0.9381624964176236,0.9401560254132902,0.383461641716769,0.5396825396825397,0.5341810966810968,0.5334302975607322
GJ,A3,A3__shuffle401,0.1,fixed250_shuffled,GJ_A3__shuffle401,affine,L2,37,503,spike,0.6164383561643836,0.6028159340659341,0.5982780859379325,0.9948364888123924,0.9951294620412267,0.9951878232465293,0.3923135279752925,0.5238095238095238,0.5212121212121212,0.5322014187503318
GJ,A3,A3__shuffle401,100.0,relative10_ordered,GJ_A3__shuffle401,no_bias,L2,37,-1,spike,0.6506849315068494,0.6427170052170051,0.6443611280190901,0.9965576592082617,0.9967634489693312,0.9966651757309672,0.3540464437523261,0.6507936507936508,0.6424242424242425,0.6497005268105012
GJ,A3,A3__shuffle401,0.01,relative10_ordered,GJ_A3__shuffle401,affine,L2,37,-1,spike,0.6712328767123288,0.6540133477633477,0.6654004946717801,0.9879518072289156,0.9874424072542354,0.9881381374040479,0.33342905949088764,0.6349206349206349,0.6250901875901876,0.6349348312506208
GJ,A3,A3__shuffle401,0.1,relative10_shuffled,GJ_A3__shuffle401,no_bias,L2,37,101,spike,0.5547945205479452,0.5507117882117881,0.5463522151351766,0.9948364888123924,0.9951294620412267,0.9949985090643004,0.44441767382943853,0.5158730158730159,0.5198593073593073,0.5097096673045096
GJ,A3,A3__shuffle401,0.1,relative10_shuffled,GJ_A3__shuffle401,affine,L2,37,101,spike,0.5821917808219178,0.5767760017760017,0.5749580368545886,0.9965576592082617,0.9967307692307692,0.9967464753872521,0.41995476745476745,0.5158730158730159,0.5063672438672439,0.5005954405447307
GJ,A3,A3__shuffle401,0.01,relative10_shuffled,GJ_A3__shuffle401,no_bias,L2,37,211,spike,0.5753424657534246,0.5606032856032857,0.5494570800501106,0.9879518072289156,0.9887155771839456,0.9886172320741053,0.42811229158066,0.48412698412698413,0.4761063011063011,0.47013188852691895
GJ,A3,A3__shuffle401,0.01,relative10_shuffled,GJ_A3__shuffle401,affine,L2,37,211,spike,0.5958904109589042,0.5805416805416805,0.5786588797005463,0.9845094664371773,0.9841744333980262,0.9851107056240359,0.4036327528563457,0.49206349206349204,0.4773328523328524,0.4765203143837356
GJ,A3,A3__shuffle401,0.1,relative10_shuffled,GJ_A3__shuffle401,no_bias,L2,37,307,spike,0.6301369863013698,0.6156628094128094,0.615776376342233,0.9965576592082617,0.9967634489693312,0.9966651757309672,0.38110063955652185,0.5079365079365079,0.5098424723424724,0.504262735593945
GJ,A3,A3__shuffle401,0.1,relative10_shuffled,GJ_A3__shuffle401,affine,L2,37,307,spike,0.6438356164383562,0.6272068209568209,0.6250748991281951,0.9982788296041308,0.9983974358974358,0.9983818770226538,0.3711906149406149,0.47619047619047616,0.46781505531505535,0.4590229180417353
GJ,A3,A3__shuffle401,0.001,relative10_shuffled,GJ_A3__shuffle401,no_bias,L2,37,401,spike,0.547945205479452,0.5206161893661893,0.506847376903034,0.963855421686747,0.9621836919135246,0.9638253149276079,0.44156750254733534,0.48412698412698413,0.48026695526695523,0.48035183028592865
GJ,A3,A3__shuffle401,0.001,relative10_shuffled,GJ_A3__shuffle401,affine,L2,37,401,spike,0.547945205479452,0.529466366966367,0.5384232399011194,0.9449225473321858,0.941114265038832,0.9467267121855514,0.41164789807246505,0.49206349206349204,0.47745911495911497,0.46959823673058976
GJ,A3,A3__shuffle401,100.0,relative10_shuffled,GJ_A3__shuffle401,no_bias,L2,37,503,spike,0.6027397260273972,0.5899773837273837,0.5872939350458232,0.9965576592082617,0.9967634489693312,0.9966651757309672,0.4067860652419475,0.49206349206349204,0.49003126503126504,0.48480798116347984
GJ,A3,A3__shuffle401,100.0,relative10_shuffled,GJ_A3__shuffle401,affine,L2,37,503,spike,0.5547945205479452,0.544671300921301,0.5429870030822705,0.9982788296041308,0.9983974358974358,0.9983818770226538,0.4537261349761348,0.5158730158730159,0.5108645983645983,0.5128174603174603
GJ,A3,A3__shuffle503,0.1,whole_count,GJ_A3__shuffle503,no_bias,L2,37,-1,spike,0.6575342465753424,0.6384802697302697,0.6286634057489439,0.9741824440619621,0.9739096812707602,0.9744414732041676,0.33542941154049044,0.5317460317460317,0.5331168831168831,0.5300210964669217
GJ,A3,A3__shuffle503,1.0,whole_count,GJ_A3__shuffle503,affine,L2,37,-1,spike,0.678082191780822,0.6619651182151182,0.6532627177113675,0.9896729776247849,0.9890752084153384,0.9897274888310856,0.3271100902002202,0.5317460317460317,0.5238275613275613,0.5283015688588443
GJ,A3,A3__shuffle503,10.0,fixed250_ordered,GJ_A3__shuffle503,no_bias,L2,37,-1,spike,0.6232876712328768,0.6078525641025642,0.593586229752099,0.9965576592082617,0.9967634489693312,0.9966651757309672,0.38891088486676706,0.5555555555555556,0.55256734006734,0.5471110913573409
GJ,A3,A3__shuffle503,0.001,fixed250_ordered,GJ_A3__shuffle503,affine,L2,37,-1,spike,0.6164383561643836,0.5993145743145744,0.6084729133975892,0.9345955249569707,0.9315918610253533,0.937262875350028,0.33227728671077894,0.5396825396825397,0.5311928811928813,0.5487038163125119
GJ,A3,A3__shuffle503,0.1,fixed250_shuffled,GJ_A3__shuffle503,no_bias,L2,37,101,spike,0.5616438356164384,0.5507707570207571,0.5438636919526803,0.9965576592082617,0.9967634489693312,0.9966651757309672,0.44599269194857416,0.5079365079365079,0.506986531986532,0.5157435849515312
GJ,A3,A3__shuffle503,0.1,fixed250_shuffled,GJ_A3__shuffle503,affine,L2,37,101,spike,0.5616438356164384,0.5507707570207571,0.5453671765286773,0.9931153184165232,0.9932776101893749,0.9935015225035588,0.4425068531686178,0.48412698412698413,0.4804353054353055,0.48929981569620723
GJ,A3,A3__shuffle503,0.001,fixed250_shuffled,GJ_A3__shuffle503,no_bias,L2,37,211,spike,0.5547945205479452,0.5389652014652014,0.538728112827083,0.9311531841652324,0.9239938137345513,0.9279138227018606,0.3850286122693498,0.49206349206349204,0.4819564694564695,0.4741896729122756
GJ,A3,A3__shuffle503,100.0,fixed250_shuffled,GJ_A3__shuffle503,affine,L2,37,211,spike,0.5342465753424658,0.5268661893661893,0.5267967040745263,0.9982788296041308,0.9983974358974358,0.9983818770226538,0.47153124653124645,0.5,0.49386724386724384,0.4814207879116601
GJ,A3,A3__shuffle503,0.01,fixed250_shuffled,GJ_A3__shuffle503,no_bias,L2,37,307,spike,0.541095890410959,0.5284493284493285,0.5189426343257322,0.9913941480206541,0.9919545708946375,0.9918402232687947,0.463505242445309,0.5079365079365079,0.5091690716690718,0.5092317667807863
GJ,A3,A3__shuffle503,0.01,fixed250_shuffled,GJ_A3__shuffle503,affine,L2,37,307,spike,0.5273972602739726,0.5170024420024419,0.5122733695031997,0.9827882960413081,0.9827897342192093,0.9836808083989926,0.4657872922167674,0.5079365079365079,0.5006373256373257,0.49489741195623554
GJ,A3,A3__shuffle503,0.01,fixed250_shuffled,GJ_A3__shuffle503,no_bias,L2,37,401,spike,0.5684931506849316,0.551104451104451,0.5510191151154773,0.9862306368330465,0.987207352704023,0.9869092982672986,0.436102901599572,0.5396825396825397,0.5431697931697933,0.5553396275846583
GJ,A3,A3__shuffle503,1.0,fixed250_shuffled,GJ_A3__shuffle503,affine,L2,37,401,spike,0.547945205479452,0.5367195304695305,0.5282910893622034,0.9982788296041308,0.9983974358974358,0.9983818770226538,0.4616779054279053,0.5555555555555556,0.5460918710918712,0.5431578830825028
GJ,A3,A3__shuffle503,0.001,fixed250_shuffled,GJ_A3__shuffle503,no_bias,L2,37,503,spike,0.5684931506849316,0.5556929181929182,0.5515179658706424,0.9432013769363167,0.9424846553887388,0.9440752207541668,0.3867917371958206,0.5396825396825397,0.5341810966810968,0.5334302975607322
GJ,A3,A3__shuffle503,0.1,fixed250_shuffled,GJ_A3__shuffle503,affine,L2,37,503,spike,0.6301369863013698,0.6163440725940726,0.6139495791956328,0.9982788296041308,0.9983974358974358,0.9983818770226538,0.38205336330336315,0.5238095238095238,0.5218434343434344,0.5270437559850758
GJ,A3,A3__shuffle503,100.0,relative10_ordered,GJ_A3__shuffle503,no_bias,L2,37,-1,spike,0.684931506849315,0.6807761682761683,0.6762691052908445,0.9965576592082617,0.9967634489693312,0.9966651757309672,0.31598728069316295,0.6507936507936508,0.6461219336219336,0.6554956951419014
GJ,A3,A3__shuffle503,0.01,relative10_ordered,GJ_A3__shuffle503,affine,L2,37,-1,spike,0.678082191780822,0.6599657287157287,0.6708391391757603,0.9879518072289156,0.9874424072542354,0.9881381374040479,0.3274766785385067,0.6507936507936508,0.6439393939393939,0.6560730935730936
GJ,A3,A3__shuffle503,0.01,relative10_shuffled,GJ_A3__shuffle503,no_bias,L2,37,101,spike,0.5958904109589042,0.5919275169275169,0.5899878418812501,0.9879518072289156,0.9886853401254067,0.9884504447519459,0.39675782319788977,0.5396825396825397,0.5414502164502164,0.5343250571701575
GJ,A3,A3__shuffle503,10.0,relative10_shuffled,GJ_A3__shuffle503,affine,L2,37,101,spike,0.5684931506849316,0.5664335664335665,0.5539685233764182,0.9982788296041308,0.9983974358974358,0.9983818770226538,0.43196386946386933,0.5079365079365079,0.5065656565656566,0.5008976764549521
GJ,A3,A3__shuffle503,0.01,relative10_shuffled,GJ_A3__shuffle503,no_bias,L2,37,211,spike,0.5684931506849316,0.5546509046509046,0.5450866497967948,0.9879518072289156,0.9887155771839456,0.9886172320741053,0.43406467253304104,0.46825396825396826,0.4585137085137085,0.4515642663782409
GJ,A3,A3__shuffle503,0.01,relative10_shuffled,GJ_A3__shuffle503,affine,L2,37,211,spike,0.5958904109589042,0.5805416805416805,0.5786588797005463,0.9845094664371773,0.9841744333980262,0.9851246157561157,0.4036327528563457,0.5,0.4842772967772968,0.48661731614740406
GJ,A3,A3__shuffle503,0.1,relative10_shuffled,GJ_A3__shuffle503,no_bias,L2,37,307,spike,0.6232876712328768,0.6093496780996781,0.6130375975198629,0.9965576592082617,0.9967634489693312,0.9966651757309672,0.3874137708696531,0.5,0.5028980278980278,0.49779000105103494
GJ,A3,A3__shuffle503,0.1,relative10_shuffled,GJ_A3__shuffle503,affine,L2,37,307,spike,0.636986301369863,0.6202623765123766,0.6187636588451806,0.9982788296041308,0.9983974358974358,0.9983818770226538,0.3781350593850592,0.49206349206349204,0.48666426166426163,0.4801408102983022
GJ,A3,A3__shuffle503,0.001,relative10_shuffled,GJ_A3__shuffle503,no_bias,L2,37,401,spike,0.5547945205479452,0.5265685703185702,0.5112222729565529,0.9621342512908778,0.9594338599864344,0.9614856284912947,0.4328652896678642,0.48412698412698413,0.48026695526695523,0.48035183028592865
GJ,A3,A3__shuffle503,0.001,relative10_shuffled,GJ_A3__shuffle503,affine,L2,37,401,spike,0.5547945205479452,0.536050061050061,0.5401286655648784,0.9466437177280551,0.9427482519669366,0.9482617660378075,0.40669819091687553,0.49206349206349204,0.47745911495911497,0.46959823673058976
GJ,A3,A3__shuffle503,100.0,relative10_shuffled,GJ_A3__shuffle503,no_bias,L2,37,503,spike,0.5753424657534246,0.5607135919635919,0.5585063420157471,0.9965576592082617,0.9967634489693312,0.9966651757309672,0.4360498570057393,0.5158730158730159,0.5099386724386724,0.5105464042870341
GJ,A3,A3__shuffle503,100.0,relative10_shuffled,GJ_A3__shuffle503,affine,L2,37,503,spike,0.5616438356164384,0.5531128593628594,0.5512798591546717,0.9982788296041308,0.9983974358974358,0.9983818770226538,0.4452845765345764,0.5,0.4955868205868205,0.4981208455922415
GJ,A4,A4,1.0,whole_count,GJ_A4,no_bias,L2,37,-1,spike,0.6986301369863014,0.6796488233988235,0.6643403891347199,0.9896729776247849,0.9902879042279707,0.990142919483151,0.31063908082914726,0.5476190476190477,0.5436026936026936,0.5467898946641
GJ,A4,A4,1.0,whole_count,GJ_A4,affine,L2,37,-1,spike,0.678082191780822,0.6614309301809301,0.6527372804013895,0.9896729776247849,0.9890752084153384,0.9897274888310856,0.3276442782344082,0.5396825396825397,0.5258116883116883,0.5264506976129782
GJ,A4,A4,10.0,fixed250_ordered,GJ_A4,no_bias,L2,37,-1,spike,0.6301369863013698,0.6138049450549451,0.5964117053047386,0.9965576592082617,0.9967634489693312,0.9966651757309672,0.38295850391438613,0.5634920634920635,0.5601430976430977,0.5553990561236938
GJ,A4,A4,1.0,fixed250_ordered,GJ_A4,affine,L2,37,-1,spike,0.636986301369863,0.6239961427461427,0.6144617394617395,0.9982788296041308,0.9983974358974358,0.9983818770226538,0.3744012931512931,0.5396825396825397,0.5372895622895623,0.5468904619676612
GJ,A4,A4,0.1,fixed250_shuffled,GJ_A4,no_bias,L2,37,101,spike,0.5616438356164384,0.5507707570207571,0.5438636919526803,0.9965576592082617,0.9967634489693312,0.9966651757309672,0.44599269194857416,0.5238095238095238,0.5258357383357384,0.53620205160565
GJ,A4,A4,0.1,fixed250_shuffled,GJ_A4,affine,L2,37,101,spike,0.5547945205479452,0.5448183760683761,0.541232447701746,0.9931153184165232,0.9932776101893749,0.9935015225035588,0.44845923412099875,0.49206349206349204,0.4930976430976431,0.5032011890758021
GJ,A4,A4,0.01,fixed250_shuffled,GJ_A4,no_bias,L2,37,211,spike,0.5616438356164384,0.546540959040959,0.5555861705142379,0.9845094664371773,0.9844272837183938,0.9846865572626697,0.4378863246774348,0.5,0.4871813371813372,0.483411032160187
GJ,A4,A4,1.0,fixed250_shuffled,GJ_A4,affine,L2,37,211,spike,0.547945205479452,0.53876887001887,0.5455500750564568,0.9982788296041308,0.9983974358974358,0.9983818770226538,0.4596285658785658,0.49206349206349204,0.4828884078884079,0.47188480606504574
GJ,A4,A4,0.01,fixed250_shuffled,GJ_A4,no_bias,L2,37,307,spike,0.541095890410959,0.529441391941392,0.5175469398407929,0.9913941480206541,0.9919545708946375,0.9918402232687947,0.4625131789532455,0.5238095238095238,0.5244468494468495,0.5240973852428962
GJ,A4,A4,0.01,fixed250_shuffled,GJ_A4,affine,L2,37,307,spike,0.5273972602739726,0.5170024420024419,0.5101980771621532,0.9827882960413081,0.9827897342192093,0.9836808083989926,0.4657872922167674,0.5079365079365079,0.5006373256373257,0.49478145974756416
GJ,A4,A4,1.0,fixed250_shuffled,GJ_A4,no_bias,L2,37,401,spike,0.5616438356164384,0.5538461538461538,0.5397102213745749,0.9965576592082617,0.9967634489693312,0.9966651757309672,0.44291729512317746,0.5476190476190477,0.5392736892736892,0.5372215532333501
GJ,A4,A4,1.0,fixed250_shuffled,GJ_A4,affine,L2,37,401,spike,0.5547945205479452,0.5444215506715507,0.5359438604411687,0.9982788296041308,0.9983974358974358,0.9983818770226538,0.45397588522588506,0.5555555555555556,0.5460918710918712,0.5441656386568218
GJ,A4,A4,0.01,fixed250_shuffled,GJ_A4,no_bias,L2,37,503,spike,0.6164383561643836,0.6034472471972473,0.597833005347406,0.9879518072289156,0.9888087969155301,0.9884126649849412,0.38536154971828285,0.5396825396825397,0.5344757094757094,0.5349720128018943
GJ,A4,A4,0.1,fixed250_shuffled,GJ_A4,affine,L2,37,503,spike,0.6095890410958904,0.5965028027528028,0.5982632124223094,0.9982788296041308,0.9983974358974358,0.9983818770226538,0.40189463314463303,0.5238095238095238,0.5212121212121212,0.5322014187503318
GJ,A4,A4,100.0,relative10_ordered,GJ_A4,no_bias,L2,37,-1,spike,0.678082191780822,0.6693674381174382,0.6710013610919409,0.9965576592082617,0.9967634489693312,0.9966651757309672,0.32739601085189307,0.6507936507936508,0.6444384319384319,0.6552489537584819
GJ,A4,A4,100.0,relative10_ordered,GJ_A4,affine,L2,37,-1,spike,0.6712328767123288,0.661489898989899,0.652019520542759,0.9982788296041308,0.9983974358974358,0.9983818770226538,0.33690753690753683,0.6349206349206349,0.6342532467532468,0.6408055377839332
GJ,A4,A4,0.1,relative10_shuffled,GJ_A4,no_bias,L2,37,101,spike,0.5547945205479452,0.5513431013431013,0.5470690492186169,0.9948364888123924,0.9951294620412267,0.9949985090643004,0.4437863606981254,0.5238095238095238,0.5281926406926406,0.5182594508542931
GJ,A4,A4,100.0,relative10_shuffled,GJ_A4,affine,L2,37,101,spike,0.541095890410959,0.5361416361416361,0.5380388033019611,0.9982788296041308,0.9983974358974358,0.9983818770226538,0.46225579975579967,0.5158730158730159,0.5206228956228957,0.5076141626703614
GJ,A4,A4,0.01,relative10_shuffled,GJ_A4,no_bias,L2,37,211,spike,0.5753424657534246,0.559611222111222,0.5485201755561032,0.9879518072289156,0.9887155771839456,0.9884801574087289,0.4291043550727236,0.48412698412698413,0.4796777296777297,0.4732446383501951
GJ,A4,A4,0.1,relative10_shuffled,GJ_A4,affine,L2,37,211,spike,0.5821917808219178,0.5636405261405261,0.5590761282453305,0.9982788296041308,0.9983974358974358,0.9983818770226538,0.4347569097569097,0.49206349206349204,0.4813672438672439,0.49017858073585624
GJ,A4,A4,0.01,relative10_shuffled,GJ_A4,no_bias,L2,37,307,spike,0.6164383561643836,0.6017739205239205,0.6019006071089404,0.9879518072289156,0.9886853401254068,0.9885088059572484,0.38691141960148623,0.5,0.49449254449254454,0.4871017365648726
GJ,A4,A4,0.1,relative10_shuffled,GJ_A4,affine,L2,37,307,spike,0.6438356164383562,0.6262147574647575,0.6244770426835645,0.9982788296041308,0.9983974358974358,0.9983818770226538,0.37218267843267827,0.48412698412698413,0.4797198172198173,0.4742475620193012
GJ,A4,A4,0.001,relative10_shuffled,GJ_A4,no_bias,L2,37,401,spike,0.5616438356164384,0.5341443278943279,0.518401025782414,0.963855421686747,0.961067846914539,0.9630798340619361,0.4269235190202111,0.48412698412698413,0.48026695526695523,0.48035183028592865
GJ,A4,A4,0.01,relative10_shuffled,GJ_A4,affine,L2,37,401,spike,0.547945205479452,0.5302239427239427,0.5258490456283326,0.9845094664371773,0.9841744333980262,0.9851246157561157,0.45395049067408355,0.48412698412698413,0.47345478595478596,0.4685553879671526
GJ,A4,A4,100.0,relative10_shuffled,GJ_A4,no_bias,L2,37,503,spike,0.5616438356164384,0.5477695915195915,0.5519359792418403,0.9965576592082617,0.9967634489693312,0.9966651757309672,0.44899385744973974,0.48412698412698413,0.48245550745550747,0.478415549355447
GJ,A4,A4,100.0,relative10_shuffled,GJ_A4,affine,L2,37,503,spike,0.5616438356164384,0.5489350926850927,0.5537981664857198,0.9982788296041308,0.9983974358974358,0.9983818770226538,0.44946234321234313,0.5,0.492015392015392,0.4842639173841219
GJ,A4b,A4b,0.1,whole_count,GJ_A4b,no_bias,L2,37,-1,spike,0.6438356164383562,0.6255834443334443,0.6154463954219592,0.9741824440619621,0.9739096812707602,0.9744414732041676,0.3483262369373159,0.5317460317460317,0.5331168831168831,0.5300210964669217
GJ,A4b,A4b,0.1,whole_count,GJ_A4b,affine,L2,37,-1,spike,0.6506849315068494,0.631533744033744,0.624970993704366,0.9741824440619621,0.9736942590270359,0.9753760423627909,0.3421605149932919,0.5238095238095238,0.5162518037518037,0.5161319087418076
GJ,A4b,A4b,0.001,fixed250_ordered,GJ_A4b,no_bias,L2,37,-1,spike,0.6301369863013698,0.608506771006771,0.5979344640318527,0.9449225473321858,0.943513090871947,0.9457768379820467,0.33500631986517604,0.5555555555555556,0.5556337181337182,0.5644473900361581
GJ,A4b,A4b,10.0,fixed250_ordered,GJ_A4b,affine,L2,37,-1,spike,0.6164383561643836,0.6042311854811855,0.5928942889212754,0.9982788296041308,0.9983974358974358,0.9983818770226538,0.3941662504162503,0.5476190476190477,0.5465488215488216,0.5441108723359868
GJ,A4b,A4b,0.1,fixed250_shuffled,GJ_A4b,no_bias,L2,37,101,spike,0.5616438356164384,0.5507707570207571,0.5438636919526803,0.9965576592082617,0.9967634489693312,0.9966651757309672,0.44599269194857416,0.5079365079365079,0.506986531986532,0.5145146033303928
GJ,A4b,A4b,0.1,fixed250_shuffled,GJ_A4b,affine,L2,37,101,spike,0.5616438356164384,0.5507707570207571,0.5449618479865592,0.9931153184165232,0.9932776101893749,0.9935015225035588,0.4425068531686178,0.49206349206349204,0.48813732563732565,0.5005117951364081
GJ,A4b,A4b,0.001,fixed250_shuffled,GJ_A4b,no_bias,L2,37,211,spike,0.547945205479452,0.532020757020757,0.5319271020683233,0.9294320137693631,0.9222577026234403,0.9262439136293196,0.3902369456026833,0.5,0.4889009139009139,0.48151095828848084
GJ,A4b,A4b,100.0,fixed250_shuffled,GJ_A4b,affine,L2,37,211,spike,0.5273972602739726,0.5266428016428016,0.5188415522783344,0.9982788296041308,0.9983974358974358,0.9983818770226538,0.47175463425463415,0.49206349206349204,0.4887746512746513,0.4764181643567608
GJ,A4b,A4b,0.01,fixed250_shuffled,GJ_A4b,no_bias,L2,37,307,spike,0.5342465753424658,0.5224969474969475,0.5110837661407771,0.9913941480206541,0.9919545708946375,0.9918402232687947,0.4694576233976899,0.5238095238095238,0.5244468494468495,0.5212430271253802
GJ,A4b,A4b,0.01,fixed250_shuffled,GJ_A4b,affine,L2,37,307,spike,0.5273972602739726,0.5170024420024419,0.511720692477872,0.9827882960413081,0.9827897342192093,0.9836808083989926,0.4657872922167674,0.5079365079365079,0.5006373256373257,0.49489253866188854
GJ,A4b,A4b,0.01,fixed250_shuffled,GJ_A4b,no_bias,L2,37,401,spike,0.5684931506849316,0.551104451104451,0.5505084942004447,0.9862306368330465,0.987207352704023,0.9869092982672986,0.436102901599572,0.5317460317460317,0.5362253487253489,0.5478172604131682
GJ,A4b,A4b,1.0,fixed250_shuffled,GJ_A4b,affine,L2,37,401,spike,0.5342465753424658,0.523191391941392,0.5118919291044576,0.9982788296041308,0.9983974358974358,0.9983818770226538,0.4752060439560438,0.5555555555555556,0.5460918710918712,0.5431578830825028
GJ,A4b,A4b,0.001,fixed250_shuffled,GJ_A4b,no_bias,L2,37,503,spike,0.5616438356164384,0.5487484737484737,0.5458076013559301,0.9414802065404475,0.9397964833457282,0.9418453448346867,0.3910480095972545,0.5396825396825397,0.5341810966810968,0.5334302975607322
GJ,A4b,A4b,0.1,fixed250_shuffled,GJ_A4b,affine,L2,37,503,spike,0.6164383561643836,0.6034472471972472,0.6044341656520862,0.9982788296041308,0.9983974358974358,0.9983818770226538,0.3949501887001886,0.5238095238095238,0.5218434343434344,0.5267466674526932
GJ,A4b,A4b,0.001,relative10_ordered,GJ_A4b,no_bias,L2,37,-1,spike,0.7328767123287672,0.7190746753246752,0.7116524109277731,0.9655765920826161,0.9636519962723226,0.9652239006511443,0.2445773209476474,0.6428571428571429,0.6348063973063973,0.6375174313990103
GJ,A4b,A4b,0.01,relative10_ordered,GJ_A4b,affine,L2,37,-1,spike,0.678082191780822,0.6599657287157287,0.6708391391757603,0.9879518072289156,0.9874424072542354,0.9881381374040479,0.3274766785385067,0.6428571428571429,0.6369949494949495,0.6484268947426843
GJ,A4b,A4b,0.01,relative10_shuffled,GJ_A4b,no_bias,L2,37,101,spike,0.5753424657534246,0.5708236208236208,0.5688046834604604,0.9879518072289156,0.9886853401254067,0.9884647828050143,0.41786171930178584,0.5238095238095238,0.52260101010101,0.5130898056846479
GJ,A4b,A4b,10.0,relative10_shuffled,GJ_A4b,affine,L2,37,101,spike,0.5616438356164384,0.5590922965922965,0.5504031187905557,0.9982788296041308,0.9983974358974358,0.9983818770226538,0.43930513930513926,0.5079365079365079,0.5079545454545454,0.4971931076849014
GJ,A4b,A4b,0.01,relative10_shuffled,GJ_A4b,no_bias,L2,37,211,spike,0.5616438356164384,0.5477064602064602,0.5370315255731922,0.9879518072289156,0.9887155771839456,0.9886172320741053,0.44100911697748546,0.47619047619047616,0.4654581529581529,0.4614792703915422
GJ,A4b,A4b,0.01,relative10_shuffled,GJ_A4b,affine,L2,37,211,spike,0.5958904109589042,0.5805416805416805,0.5786588797005463,0.9845094664371773,0.9841744333980262,0.9851246157561157,0.4036327528563457,0.5,0.4842772967772968,0.48661731614740406
GJ,A4b,A4b,0.1,relative10_shuffled,GJ_A4b,no_bias,L2,37,307,spike,0.6232876712328768,0.6077263014763015,0.6099658502375894,0.9965576592082617,0.9967634489693312,0.9966651757309672,0.38903714749302976,0.5,0.5022667147667148,0.4982039263742162
GJ,A4b,A4b,0.1,relative10_shuffled,GJ_A4b,affine,L2,37,307,spike,0.6301369863013698,0.6143099955599955,0.6128504898885334,0.9982788296041308,0.9983974358974358,0.9983818770226538,0.38408744033744024,0.49206349206349204,0.48666426166426163,0.4801408102983022
GJ,A4b,A4b,0.001,relative10_shuffled,GJ_A4b,no_bias,L2,37,401,spike,0.5547945205479452,0.5265685703185702,0.5105864982620041,0.963855421686747,0.961067846914539,0.9630798340619361,0.43449927659596876,0.48412698412698413,0.48026695526695523,0.48035183028592865
GJ,A4b,A4b,0.001,relative10_shuffled,GJ_A4b,affine,L2,37,401,spike,0.547945205479452,0.5284743034743035,0.5340908737407962,0.9449225473321858,0.941114265038832,0.9467267121855514,0.41263996156452853,0.47619047619047616,0.46155002405002404,0.4518456101544337
GJ,A4b,A4b,100.0,relative10_shuffled,GJ_A4b,no_bias,L2,37,503,spike,0.5616438356164384,0.5481164668664669,0.5537348297825982,0.9965576592082617,0.9967634489693312,0.9966651757309672,0.44864698210286436,0.5158730158730159,0.5108645983645983,0.5121704539303645
GJ,A4b,A4b,100.0,relative10_shuffled,GJ_A4b,affine,L2,37,503,spike,0.547945205479452,0.5375534188034188,0.5377761776787265,0.9982788296041308,0.9983974358974358,0.9983818770226538,0.460844017094017,0.5,0.4955868205868206,0.49271208615198386
