architecture,objective,profile,seed,shift,alpha,tau_syn_ms,tau_group,neuron_start,neuron_stop,neuron_count,n_test_samples,fs_hz,tail_stage1_steps,tail_stage2_steps,tail_stage3_steps,valid_firing_rate_hz,tail_stage1_firing_rate_hz,tail_stage2_firing_rate_hz,tail_stage3_firing_rate_hz,tail_firing_rate_hz,valid_spikes_per_neuron_sample,tail_stage1_spikes_per_neuron_sample,tail_stage2_spikes_per_neuron_sample,tail_stage3_spikes_per_neuron_sample,tail_spikes_per_neuron_sample,tail_to_valid_rate_ratio
short_mid_long,whole_count_ce,none,11,2,0.75,54.31342963722199,short_mid,0,22,22,146,64.0,13,13,12,2.27820953069462,2.860044065523517,1.5710317080180094,0.8152760481527604,1.7733499377334994,2.943337484433375,0.5809464508094645,0.3191158156911581,0.1528642590286426,1.0529265255292652,0.7783963300306314
short_mid_long,whole_count_ce,none,11,3,0.875,117.0136826471659,short_mid,22,44,22,146,64.0,13,13,12,3.851798301102476,4.392757927004502,2.7588849506657724,1.9975093399750932,3.0774070918267027,4.976338729763388,0.8922789539227896,0.5603985056039851,0.37453300124533,1.8272104607721047,0.7989533332900313
short_mid_long,whole_count_ce,none,11,4,0.9375,242.10347130039656,short_mid,44,65,21,146,64.0,13,13,12,4.6991700590110135,5.626373626373627,4.211751718601033,2.97282017829963,4.304459779585951,6.071102413568167,1.1428571428571428,0.855512067840835,0.5574037834311807,2.5557729941291587,0.9160042572478994
short_mid_long,whole_count_ce,none,11,5,0.96875,492.1461612435418,short_mid,65,86,21,146,64.0,13,13,12,8.517277288649058,13.96477495107632,12.379948818304984,10.517068928027832,12.333848319428707,11.003913894324851,2.836594911937378,2.5146771037182,1.9719504240052184,7.323222439660796,1.4480975435502117
short_mid_long,whole_count_ce,none,11,6,0.984375,992.1669944116244,long,86,107,21,146,64.0,13,13,12,7.441067878443624,13.587435395654571,12.856841788348635,12.013046314416178,12.84031997802726,9.613502935420744,2.7599478147423357,2.611545988258317,2.252446183953033,7.623939986953686,1.7256017802532055
short_mid_long,whole_count_ce,none,11,7,0.9921875,1992.177287539818,long,107,128,21,146,64.0,13,13,12,6.033386979709047,11.517687791660396,11.379597571378394,11.084148727984344,11.333539327771485,7.79484670580561,2.3395303326810177,2.3114807566862363,2.078277886497065,6.729288975864319,1.878470478669351
short_mid_long,whole_count_ce,none,23,2,0.75,54.31342963722199,short_mid,0,22,22,146,64.0,13,13,12,3.1758539671064523,3.430213621994444,1.9817990228949132,0.8999584889995849,2.135675427672544,4.103051058530511,0.6967621419676214,0.4025529265255292,0.1687422166874221,1.268057285180573,0.6724728056744925
short_mid_long,whole_count_ce,none,23,3,0.875,117.0136826471659,short_mid,22,44,22,146,64.0,13,13,12,3.54696066028074,4.093878724015711,2.69297825462209,1.7019510170195102,2.859277708592777,4.582503113325031,0.8315691158156912,0.547011207970112,0.3191158156911581,1.6976961394769614,0.8061205021559125
short_mid_long,whole_count_ce,none,23,4,0.9375,242.10347130039656,short_mid,44,65,21,146,64.0,13,13,12,3.393985294581716,4.36429324100557,2.986602438657233,2.0160904544466187,3.151440244446733,4.3848662752772345,0.8864970645792564,0.6066536203522505,0.378016960208741,1.871167645140248,0.9285367999318704
short_mid_long,whole_count_ce,none,23,5,0.96875,492.1461612435418,short_mid,65,86,21,146,64.0,13,13,12,6.970746946890088,11.797079632696072,10.372823523508456,8.948032180908893,10.410134926356989,9.00587084148728,2.3962818003913893,2.106979778212655,1.6777560339204174,6.181017612524462,1.4934030751182756
short_mid_long,whole_count_ce,none,23,6,0.984375,992.1669944116244,long,86,107,21,146,64.0,13,13,12,6.271450661112689,10.677906568317526,10.08700888152943,9.382909328114808,10.066810862773371,8.102413568166993,2.1689497716894977,2.0489236790606653,1.7592954990215264,5.9771689497716896,1.605180588471265
short_mid_long,whole_count_ce,none,23,7,0.9921875,1992.177287539818,long,107,128,21,146,64.0,13,13,12,5.751901290668687,10.697174971147572,10.50288524261127,10.172646227440747,10.465066776530367,7.431180691454664,2.1728636660143508,2.133398564905414,1.90737116764514,6.213633398564905,1.8194100085667069
short_mid_long,whole_count_ce,none,37,2,0.75,54.31342963722199,short_mid,0,22,22,146,64.0,13,13,12,1.7386589553587566,1.6890506753520451,0.9656097327330204,0.4217517642175176,1.0413580651504228,2.24626400996264,0.3430884184308841,0.1961394769613947,0.0790784557907845,0.6183063511830635,0.5989432613801756
short_mid_long,whole_count_ce,none,37,3,0.875,117.0136826471659,short_mid,22,44,22,146,64.0,13,13,12,3.615639496355202,4.54449659929112,2.7650158061116965,1.730178497301785,3.0469948220488954,4.671232876712328,0.9231008717310089,0.5616438356164384,0.3244084682440847,1.809153175591532,0.842726390482365
short_mid_long,whole_count_ce,none,37,4,0.9375,242.10347130039656,short_mid,44,65,21,146,64.0,13,13,12,4.847107829215185,6.822620302072357,5.536454413166742,3.858230050010872,5.446492944690493,6.262230919765166,1.3858447488584476,1.1245923026744944,0.7234181343770385,3.2338551859099804,1.1236583002883922
short_mid_long,whole_count_ce,none,37,5,0.96875,492.1461612435418,short_mid,65,86,21,146,64.0,13,13,12,7.184575089147653,11.707160419489188,10.43384013247027,9.073276799304196,10.439798125450611,9.282126549249837,2.378016960208741,2.119373776908024,1.7012393998695368,6.198630136986301,1.453084976621651
short_mid_long,whole_count_ce,none,37,6,0.984375,992.1669944116244,long,86,107,21,146,64.0,13,13,12,6.7675218530089305,11.87897034472377,11.365146269255858,10.640574037834313,11.312115906203866,8.743313763861709,2.4129158512720155,2.308545335942596,1.9951076320939332,6.716568819308545,1.6715300152557837
short_mid_long,whole_count_ce,none,37,7,0.9921875,1992.177287539818,long,107,128,21,146,64.0,13,13,12,7.230521632112089,13.012594711224848,12.400822921370867,11.906936290497937,12.454149071308407,9.341487279843443,2.643183300717548,2.5189171559034573,2.2325505544683626,7.394651011089367,1.7224412988403517
short_mid_long,whole_count_ce,a1,11,2,0.75,54.31342963722199,short_mid,0,22,22,146,64.0,13,13,12,0.1188023374902102,0.400038317846537,0.1103553980266309,0.0099626400996264,0.1777544733564921,0.1534869240348692,0.0812577833125778,0.0224159402241594,0.0018679950186799,0.1055417185554171,1.496220336330838
short_mid_long,whole_count_ce,a1,11,3,0.875,117.0136826471659,short_mid,22,44,22,146,64.0,13,13,12,0.4385806373877944,1.2798160743366225,0.9502825941182106,0.3470319634703196,0.8725175329357017,0.5666251556662516,0.2599626400996264,0.1930261519302615,0.0650684931506849,0.5180572851805728,1.9894118858790808
short_mid_long,whole_count_ce,a1,11,4,0.9375,242.10347130039656,short_mid,44,65,21,146,64.0,13,13,12,0.4768847234055982,1.3247026945657083,1.018013949520799,0.6557947379865188,1.008548769183232,0.6161121983039791,0.2690802348336595,0.2067840834964122,0.1229615133724722,0.598825831702544,2.114869107110074
short_mid_long,whole_count_ce,a1,11,5,0.96875,492.1461612435418,short_mid,65,86,21,146,64.0,13,13,12,1.1115529047934614,2.77465000752672,2.4246073561142056,2.075233746466623,2.434030281182408,1.4360730593607305,0.5636007827788649,0.4924983692106979,0.3891063274624918,1.4452054794520548,2.189756574505716
short_mid_long,whole_count_ce,a1,11,6,0.984375,992.1669944116244,long,86,107,21,146,64.0,13,13,12,1.0832781091230397,2.7200561995082544,2.551457674745346,2.290932811480757,2.526865107975418,1.3995433789954337,0.5525114155251142,0.5182648401826484,0.4295499021526419,1.5003261578604044,2.332609776469152
short_mid_long,whole_count_ce,a1,11,7,0.9921875,1992.177287539818,long,107,128,21,146,64.0,13,13,12,1.2930669948562592,3.301319684881329,3.200160570023584,3.0319634703196345,3.181652762042092,1.67058056099152,0.6705805609915199,0.6500326157860404,0.5684931506849316,1.889106327462492,2.460547500399059
short_mid_long,whole_count_ce,a1,23,2,0.75,54.31342963722199,short_mid,0,22,22,146,64.0,13,13,12,0.6301584432797156,0.7525625059871636,0.2360379346680716,0.033208800332088,0.348692403486924,0.814134495641345,0.1528642590286426,0.047945205479452,0.0062266500622665,0.2070361145703611,0.5533408418240394
short_mid_long,whole_count_ce,a1,23,3,0.875,117.0136826471659,short_mid,22,44,22,146,64.0,13,13,12,0.623652027230556,1.1219465466040808,0.4965992911198391,0.1195516811955168,0.5914662122304516,0.8057285180572852,0.2278953922789539,0.1008717310087173,0.0224159402241594,0.3511830635118306,0.9483913887957174
short_mid_long,whole_count_ce,a1,23,4,0.9375,242.10347130039656,short_mid,44,65,21,146,64.0,13,13,12,0.8141626431884881,1.8240754679110844,1.4049877063575693,0.8662752772341813,1.3782401208500703,1.0518590998043054,0.370515329419439,0.2853881278538813,0.162426614481409,0.8183300717547293,1.6928314414580574
short_mid_long,whole_count_ce,a1,23,5,0.96875,492.1461612435418,short_mid,65,86,21,146,64.0,13,13,12,1.482659597967749,3.115058457524211,2.7810728084700687,2.43531202435312,2.786143440793765,1.9155251141552512,0.6327462491846053,0.5649054142204827,0.45662100456621,1.654272667971298,1.8791524666974635
short_mid_long,whole_count_ce,a1,23,6,0.984375,992.1669944116244,long,86,107,21,146,64.0,13,13,12,1.2842311212092523,2.904711726629535,2.763410105875859,2.6214394433572514,2.7669172932330826,1.6591650358773646,0.5900195694716243,0.5613176777560339,0.4915198956294846,1.6428571428571428,2.1545321924823857
short_mid_long,whole_count_ce,a1,23,7,0.9921875,1992.177287539818,long,107,128,21,146,64.0,13,13,12,0.8565748366941209,2.085804606352552,2.039239299513272,1.9569471624266144,2.0291825454046077,1.1066536203522506,0.423679060665362,0.4142204827136334,0.3669275929549902,1.2048271363339855,2.3689495167008032
short_mid_long,whole_count_ce,a1,37,2,0.75,54.31342963722199,short_mid,0,22,22,146,64.0,13,13,12,0.0703656846797999,0.1272152505029217,0.0168598524762908,0.0,0.0492888510192043,0.0909090909090909,0.0258405977584059,0.0034246575342465,0.0,0.0292652552926525,0.7004671558799419
short_mid_long,whole_count_ce,a1,37,3,0.875,117.0136826471659,short_mid,22,44,22,146,64.0,13,13,12,0.4436411832038074,0.7234409426190248,0.3371970495258166,0.0697384806973848,0.3848725175329357,0.5731631382316313,0.1469489414694894,0.0684931506849315,0.0130759651307596,0.2285180572851805,0.867531086166377
short_mid_long,whole_count_ce,a1,37,4,0.9375,242.10347130039656,short_mid,44,65,21,146,64.0,13,13,12,0.5203067310423175,1.1801896733403583,0.8349641226353555,0.5044574907588606,0.8486970851787001,0.6722113502935421,0.2397260273972602,0.1696020874103065,0.0945857795172863,0.5039138943248532,1.6311476184029494
short_mid_long,whole_count_ce,a1,37,5,0.96875,492.1461612435418,short_mid,65,86,21,146,64.0,13,13,12,0.9828016030799333,2.3170254403131114,1.944502985598876,1.45075016307893,1.9160229340474475,1.2697325505544683,0.4706457925636008,0.3949771689497717,0.2720156555772994,1.1376386170906718,1.9495521049649869
short_mid_long,whole_count_ce,a1,37,6,0.984375,992.1669944116244,long,86,107,21,146,64.0,13,13,12,1.3425478872794976,3.0829444528074665,2.8886547242711624,2.7205914329202,2.902049644659594,1.7345075016307894,0.6262230919765166,0.58675799086758,0.5101108936725375,1.723091976516634,2.161598608255403
short_mid_long,whole_count_ce,a1,37,7,0.9921875,1992.177287539818,long,107,128,21,146,64.0,13,13,12,1.3392659913534666,3.27723418134377,3.1535952631843043,3.033702978908458,3.1580320664675385,1.7302674494455317,0.6656881930854534,0.6405740378343118,0.5688193085453359,1.875081539465101,2.358032001750467
short_mid_long,whole_count_ce,a1_p2,11,2,0.75,54.31342963722199,short_mid,0,22,22,146,64.0,13,13,12,0.1226579914452677,0.3785803237858032,0.1180189673340358,0.0099626400996264,0.1730353280461427,0.1584682440846824,0.0768991282689912,0.023972602739726,0.0018679950186799,0.1027397260273972,1.4107138557160723
short_mid_long,whole_count_ce,a1_p2,11,3,0.875,117.0136826471659,short_mid,22,44,22,146,64.0,13,13,12,0.4115910597023917,1.2859469297825463,0.9226937446115528,0.3287671232876712,0.859408795962509,0.5317559153175592,0.2612079701120797,0.1874221668742216,0.0616438356164383,0.5102739726027398,2.088016189136664
short_mid_long,whole_count_ce,a1_p2,11,4,0.9375,242.10347130039656,short_mid,44,65,21,146,64.0,13,13,12,0.4465902994730032,1.286165888905615,0.9939284459832404,0.6627527723418134,0.9893226216225496,0.5769732550554468,0.261252446183953,0.2018917155903457,0.12426614481409,0.5874103065883888,2.215280141082318
short_mid_long,whole_count_ce,a1_p2,11,5,0.96875,492.1461612435418,short_mid,65,86,21,146,64.0,13,13,12,1.06005238410805,2.652616789603091,2.363590747152391,2.0387040661013263,2.3598722834483468,1.3695368558382257,0.5388127853881278,0.4801043705153294,0.3822570123939987,1.401174168297456,2.2261845912775264
short_mid_long,whole_count_ce,a1_p2,11,6,0.984375,992.1669944116244,long,86,107,21,146,64.0,13,13,12,1.0416232762157216,2.575543178282904,2.4037332530483217,2.167427701674277,2.38788752703677,1.345727332028702,0.5231572080887149,0.4882583170254403,0.4063926940639269,1.417808219178082,2.29246751830672
short_mid_long,whole_count_ce,a1_p2,11,7,0.9921875,1992.177287539818,long,107,128,21,146,64.0,13,13,12,1.2148063996970555,3.116664157760048,3.0411962466756988,2.854533594259621,3.008068115494215,1.5694716242661448,0.6330724070450098,0.6177429876060013,0.5352250489236791,1.7860404435746902,2.47617078428658
short_mid_long,whole_count_ce,a1_p2,23,2,0.75,54.31342963722199,short_mid,0,22,22,146,64.0,13,13,12,0.6590758479426472,0.7709550723249353,0.197720088131047,0.033208800332088,0.3418758602608638,0.8514943960149439,0.1566002490660024,0.0401618929016189,0.0062266500622665,0.2029887920298879,0.5187200552532065
short_mid_long,whole_count_ce,a1_p2,23,3,0.875,117.0136826471659,short_mid,22,44,22,146,64.0,13,13,12,1.0424724380986807,1.8622473416993963,1.069834275313727,0.3636363636363636,1.1179130890738678,1.346824408468244,0.3782689912826899,0.2173100871731008,0.0681818181818181,0.663760896637609,1.0723670460897554
short_mid_long,whole_count_ce,a1_p2,23,4,0.9375,242.10347130039656,short_mid,44,65,21,146,64.0,13,13,12,1.5530941336110322,3.049224747854885,2.249586030407948,1.4542291802565774,2.271981323170941,2.006523157208089,0.6193737769080235,0.4569471624266145,0.2726679712981082,1.3489889106327462,1.4628741903032336
short_mid_long,whole_count_ce,a1_p2,23,5,0.96875,492.1461612435418,short_mid,65,86,21,146,64.0,13,13,12,1.3554230174508504,3.116664157760048,2.854935019318581,2.4231354642313545,2.8081161808631165,1.7511415525114156,0.6330724070450098,0.5799086757990868,0.454337899543379,1.6673189823874754,2.071763681676553
short_mid_long,whole_count_ce,a1_p2,23,6,0.984375,992.1669944116244,long,86,107,21,146,64.0,13,13,12,1.4866988544920952,3.789452556575844,3.585528626624517,3.3624701021961294,3.58485254231469,1.920743639921722,0.7697325505544683,0.728310502283105,0.6304631441617743,2.128506196999348,2.411283584084951
short_mid_long,whole_count_ce,a1_p2,23,7,0.9921875,1992.177287539818,long,107,128,21,146,64.0,13,13,12,1.0348070308308877,2.5819659792262533,2.6510110893672536,2.5692541856925417,2.601572424211213,1.336921069797782,0.5244618395303327,0.5384866275277235,0.4817351598173516,1.5446836268754076,2.514065276617136
short_mid_long,whole_count_ce,a1_p2,37,2,0.75,54.31342963722199,short_mid,0,22,22,146,64.0,13,13,12,0.2000120489186095,0.2574959287288054,0.0367851326755436,0.0,0.1006750999541194,0.2584059775840597,0.0523038605230386,0.0074719800747198,0.0,0.0597758405977584,0.5033451759453098
short_mid_long,whole_count_ce,a1_p2,37,3,0.875,117.0136826471659,short_mid,22,44,22,146,64.0,13,13,12,0.3588167961925417,0.5824312673627742,0.2222435099147428,0.04151100041511,0.2883922134102379,0.463574097135741,0.1183063511830635,0.0451432129514321,0.0077833125778331,0.1712328767123287,0.803731086366108
short_mid_long,whole_count_ce,a1_p2,37,4,0.9375,242.10347130039656,short_mid,44,65,21,146,64.0,13,13,12,0.4072075483606299,0.918460534898891,0.621405991269005,0.309632528810611,0.6245751364713152,0.5260926288323549,0.1865622961513372,0.1262230919765166,0.0580560991519895,0.3708414872798434,1.5338004881927705
short_mid_long,whole_count_ce,a1_p2,37,5,0.96875,492.1461612435418,short_mid,65,86,21,146,64.0,13,13,12,0.966139669917006,2.1420041146068542,1.8015956646093632,1.339421613394216,1.7721014865931952,1.2482061317677755,0.4350945857795172,0.3659491193737769,0.2511415525114155,1.0521852576647095,1.8342083880536897
short_mid_long,whole_count_ce,a1_p2,37,6,0.984375,992.1669944116244,long,86,107,21,146,64.0,13,13,12,1.570765880905046,3.510060715540168,3.259571478749561,3.030223961730811,3.2728396333299,2.0293542074363997,0.7129810828440966,0.6621004566210046,0.5681669928245271,1.943248532289628,2.0835948075496464
short_mid_long,whole_count_ce,a1_p2,37,7,0.9921875,1992.177287539818,long,107,128,21,146,64.0,13,13,12,1.561930007258039,3.5742887249736564,3.4217472025691205,3.2911502500543595,3.432691317334432,2.017938682322244,0.726027397260274,0.6950424005218526,0.6170906718851924,2.038160469667319,2.1977241626598274
short_mid_long,whole_count_ce,tail,11,2,0.75,54.31342963722199,short_mid,0,22,22,146,64.0,13,13,12,0.6446171456111814,0.5732349841938883,0.0751029792125682,0.0232461602324616,0.2291407222914072,0.8328144458281445,0.1164383561643835,0.0152552926525529,0.0043586550435865,0.136052303860523,0.3554679298425297
short_mid_long,whole_count_ce,tail,11,3,0.875,117.0136826471659,short_mid,22,44,22,146,64.0,13,13,12,0.8843906259413218,1.1970495258166491,0.6314781109301657,0.1975923619759236,0.6879465163531494,1.1425902864259028,0.2431506849315068,0.1282689912826899,0.0370485678704856,0.4084682440846824,0.7778763096012211
short_mid_long,whole_count_ce,tail,11,4,0.9375,242.10347130039656,short_mid,44,65,21,146,64.0,13,13,12,1.271860898103443,1.755030357770084,1.308645692207336,0.8349641226353555,1.311772582140282,1.6431833007175474,0.3564905414220483,0.2658186562296151,0.1565557729941291,0.7788649706457925,1.0313805417686432
short_mid_long,whole_count_ce,tail,11,5,0.96875,492.1461612435418,short_mid,65,86,21,146,64.0,13,13,12,1.8913818675250087,2.652616789603091,2.1869637212102964,1.7168949771689497,2.19782332543688,2.4435746901500326,0.5388127853881278,0.4442270058708414,0.3219178082191781,1.3049575994781475,1.1620198771984998
short_mid_long,whole_count_ce,tail,11,6,0.984375,992.1669944116244,long,86,107,21,146,64.0,13,13,12,1.6980024614219444,3.086155853279141,2.827638115309348,2.5657751685148944,2.8333848319428707,2.1937377690802347,0.6268754076973255,0.5743639921722113,0.4810828440965427,1.6823222439660797,1.66865767059615
short_mid_long,whole_count_ce,tail,11,7,0.9921875,1992.177287539818,long,107,128,21,146,64.0,13,13,12,1.5238095238095235,2.6847307943198357,2.575543178282904,2.445749075886062,2.5719092251175883,1.9686888454011744,0.5453359425962165,0.5231572080887149,0.4585779517286366,1.527071102413568,1.6878154289834175
short_mid_long,whole_count_ce,tail,23,2,0.75,54.31342963722199,short_mid,0,22,22,146,64.0,13,13,12,1.4786432917645642,1.3947696139476962,0.3724494683398793,0.058115400581154,0.6229271809661139,1.9103362391033625,0.2833125778331258,0.0756537982565379,0.0108966376089663,0.3698630136986301,0.4212829317493694
short_mid_long,whole_count_ce,tail,23,3,0.875,117.0136826471659,short_mid,22,44,22,146,64.0,13,13,12,2.253388758358937,2.722099817990229,1.308937637704761,0.5346616853466168,1.547879661794586,2.9112702366127023,0.5529265255292652,0.2658779576587796,0.1002490660024906,0.9190535491905356,0.6869119480838503
short_mid_long,whole_count_ce,tail,23,4,0.9375,242.10347130039656,short_mid,44,65,21,146,64.0,13,13,12,1.6124207138123638,2.08098750564504,1.2765316874905916,0.6905849097629919,1.3667044323136608,2.083170254403131,0.4227005870841487,0.2592954990215264,0.1294846705805609,0.8114807566862361,0.8476103169639032
short_mid_long,whole_count_ce,tail,23,5,0.96875,492.1461612435418,short_mid,65,86,21,146,64.0,13,13,12,2.573006406008394,4.142706608460033,3.489186612474284,2.917155903457273,3.532117966148247,3.324200913242009,0.8414872798434442,0.7087410306588389,0.5469667318982387,2.097195042400522,1.3727591030866342
short_mid_long,whole_count_ce,tail,23,6,0.984375,992.1669944116244,long,86,107,21,146,64.0,13,13,12,1.7724762535895735,3.1776807667218625,2.943248532289628,2.699717329854316,2.9465444433000307,2.2899543378995437,0.6454664057403784,0.5978473581213307,0.5061969993476843,1.7495107632093934,1.6623886708398852
short_mid_long,whole_count_ce,tail,23,7,0.9921875,1992.177287539818,long,107,128,21,146,64.0,13,13,12,2.197860456309761,4.187666215063476,3.956445381102915,3.764296586214394,3.974868678545679,2.8395303326810177,0.8506196999347684,0.8036529680365296,0.7058056099151989,2.360078277886497,1.808517309246985
short_mid_long,whole_count_ce,tail,37,2,0.75,54.31342963722199,short_mid,0,22,22,146,64.0,13,13,12,0.633773118862582,0.7571606475716065,0.1839256633777181,0.0116230801162308,0.325621026414105,0.8188044831880449,0.1537982565379825,0.037359900373599,0.0021793275217932,0.1933374844333748,0.5137816936737385
short_mid_long,whole_count_ce,tail,37,3,0.875,117.0136826471659,short_mid,22,44,22,146,64.0,13,13,12,1.247304054461112,1.715106810997222,0.6605996742983045,0.1178912411789124,0.8499705053418103,1.6114570361145704,0.3483810709838107,0.1341843088418431,0.022104607721046,0.5046699875466999,0.6814461175699724
short_mid_long,whole_count_ce,tail,37,4,0.9375,242.10347130039656,short_mid,44,65,21,146,64.0,13,13,12,1.1812300798384296,1.973405589843946,1.30061719102815,0.6418786692759295,1.322758952174958,1.5260926288323549,0.4008480104370515,0.2641878669275929,0.1203522504892367,0.7853881278538812,1.1198148224907096
short_mid_long,whole_count_ce,tail,37,5,0.96875,492.1461612435418,short_mid,65,86,21,146,64.0,13,13,12,2.5187288964624948,4.862060314115109,4.301670931807919,3.3937812567949552,4.206681086277337,3.254076973255056,0.9876060013046314,0.8737769080234834,0.6363339856490542,2.497716894977169,1.6701603305482928
short_mid_long,whole_count_ce,tail,37,6,0.984375,992.1669944116244,long,86,107,21,146,64.0,13,13,12,2.762094102054341,5.305233579206182,4.966430829444528,4.515764296586214,4.940021286091942,3.568493150684932,1.0776255707762556,1.0088062622309195,0.8467058056099152,2.93313763861709,1.7885057871191794
short_mid_long,whole_count_ce,tail,37,7,0.9921875,1992.177287539818,long,107,128,21,146,64.0,13,13,12,2.5687146959512765,5.50273470821416,5.353404586281298,5.147205914329202,5.339375836852405,3.318656229615134,1.1177429876060012,1.0874103065883889,0.9651011089367254,3.1702544031311155,2.078617701400686
short_mid_long,whole_count_ce,a1_tail,11,2,0.75,54.31342963722199,short_mid,0,22,22,146,64.0,13,13,12,0.1932646544972588,0.3693840406169173,0.0735702653510872,0.0,0.1515369994101068,0.2496886674968866,0.0750311332503113,0.0149439601494396,0.0,0.0899750933997509,0.7840906026210609
short_mid_long,whole_count_ce,a1_tail,11,3,0.875,117.0136826471659,short_mid,22,44,22,146,64.0,13,13,12,0.2043496596180492,0.6881885238049622,0.3617204713095124,0.0697384806973848,0.3812020711804417,0.2640099626400996,0.1397882938978829,0.0734744707347447,0.0130759651307596,0.2263387297633873,1.8654402062276396
short_mid_long,whole_count_ce,a1_tail,11,4,0.9375,242.10347130039656,short_mid,44,65,21,146,64.0,13,13,12,0.392312789927104,1.106327462491846,0.8221185207486578,0.4992389649923896,0.8173859305798743,0.5068493150684932,0.2247227658186562,0.1669928245270711,0.093607305936073,0.4853228962818003,2.083505691292281
short_mid_long,whole_count_ce,a1_tail,11,5,0.96875,492.1461612435418,short_mid,65,86,21,146,64.0,13,13,12,1.0153681088074726,2.71684479903658,2.411761754227508,2.061317677756034,2.405465719092251,1.311806914546641,0.5518590998043053,0.4898891063274624,0.3864970645792563,1.428245270711024,2.369057781337467
short_mid_long,whole_count_ce,a1_tail,11,6,0.984375,992.1669944116244,long,86,107,21,146,64.0,13,13,12,0.676575467827953,1.979828390787295,1.8176526669677355,1.6403565992607088,1.8171456037353657,0.8741030658838878,0.4021526418786693,0.3692106979778212,0.3075668623613829,1.0789302022178735,2.6857988356702425
short_mid_long,whole_count_ce,a1_tail,11,7,0.9921875,1992.177287539818,long,107,128,21,146,64.0,13,13,12,0.5697876234655559,1.6362085403181297,1.6249686386672688,1.577734290063057,1.6138977580938647,0.7361382909328115,0.33235485975212,0.3300717547292889,0.2958251793868232,0.9582517938682322,2.8324549211473458
short_mid_long,whole_count_ce,a1_tail,23,2,0.75,54.31342963722199,short_mid,0,22,22,146,64.0,13,13,12,0.7537803482137478,0.8736469010441613,0.2712903534821343,0.0282274802822748,0.4006030019007668,0.9738480697384808,0.1774595267745952,0.0551058530510585,0.0052926525529265,0.2378580323785803,0.5314585380875023
short_mid_long,whole_count_ce,a1_tail,23,3,0.875,117.0136826471659,short_mid,22,44,22,146,64.0,13,13,12,1.118380625338876,1.6798543921831592,0.8736469010441613,0.2955583229555832,0.9669004391426886,1.4448941469489414,0.3412204234122042,0.1774595267745952,0.0554171855541718,0.5740971357409713,0.8645539964086127
short_mid_long,whole_count_ce,a1_tail,23,4,0.9375,242.10347130039656,short_mid,44,65,21,146,64.0,13,13,12,1.0815109343936382,1.902754779467108,1.3214912940940338,0.7653837790824092,1.344731692244309,1.3972602739726028,0.3864970645792563,0.2684279191128506,0.1435094585779517,0.7984344422700587,1.2433824286744255
short_mid_long,whole_count_ce,a1_tail,23,5,0.96875,492.1461612435418,short_mid,65,86,21,146,64.0,13,13,12,2.0877907160213325,3.983742285112148,3.490792312710121,2.9206349206349205,3.479383389981804,2.697325505544684,0.8091976516634051,0.7090671885192433,0.5476190476190477,2.065883887801696,1.666538395482669
short_mid_long,whole_count_ce,a1_tail,23,6,0.984375,992.1669944116244,long,86,107,21,146,64.0,13,13,12,1.6571049891129417,3.481158111295098,3.3125595865321893,3.0510980647966948,3.287671232876712,2.140900195694716,0.7071102413568167,0.672863666014351,0.5720808871493803,1.952054794520548,1.9839848739074903
short_mid_long,whole_count_ce,a1_tail,23,7,0.9921875,1992.177287539818,long,107,128,21,146,64.0,13,13,12,1.3150304522073906,3.108635656580862,3.0138993426664658,2.938030006523157,3.0223503965392933,1.698956294846706,0.6314416177429876,0.6121983039791259,0.550880626223092,1.7945205479452055,2.298312097233962
short_mid_long,whole_count_ce,a1_tail,37,2,0.75,54.31342963722199,short_mid,0,22,22,146,64.0,13,13,12,0.5855774444243629,0.6697959574671903,0.2237762237762237,0.033208800332088,0.3161827357934063,0.7565379825653799,0.136052303860523,0.0454545454545454,0.0062266500622665,0.187733499377335,0.5399503324521349
short_mid_long,whole_count_ce,a1_tail,37,3,0.875,117.0136826471659,short_mid,22,44,22,146,64.0,13,13,12,1.289475269594554,1.770284510010537,0.7801513554938212,0.1095890410958904,0.9071245985449302,1.6659402241594023,0.3595890410958904,0.1584682440846824,0.0205479452054794,0.5386052303860523,0.7034835176250839
short_mid_long,whole_count_ce,a1_tail,37,4,0.9375,242.10347130039656,short_mid,44,65,21,146,64.0,13,13,12,0.8356211934740762,1.5495007275829191,0.9361232374931006,0.4714068275712111,0.9992103546537576,1.0795825179386824,0.3147423352902805,0.190150032615786,0.088388780169602,0.5932811480756687,1.1957695214736754
short_mid_long,whole_count_ce,a1_tail,37,5,0.96875,492.1461612435418,short_mid,65,86,21,146,64.0,13,13,12,2.4303701599924263,4.381955943599779,3.8183551608209134,3.1641661230702325,3.804579943008205,3.139921722113503,0.8900848010437051,0.7756033920417482,0.5932811480756687,2.258969341161122,1.5654322973666124
short_mid_long,whole_count_ce,a1_tail,37,6,0.984375,992.1669944116244,long,86,107,21,146,64.0,13,13,12,2.689387484616113,5.23137136835767,4.873300215765969,4.440965427266797,4.859271466337075,3.474559686888454,1.0626223091976517,0.9898891063274624,0.8326810176125244,2.885192433137638,1.8068320367121415
short_mid_long,whole_count_ce,a1_tail,37,7,0.9921875,1992.177287539818,long,107,128,21,146,64.0,13,13,12,2.3874530594212504,4.7528726980781775,4.582668473079432,4.413133289845619,4.587358807978851,3.084474885844749,0.9654272667971298,0.9308545335942596,0.8274624918460535,2.723744292237443,1.9214446080422147
short_mid_long,timestep_ce,none,11,2,0.75,54.31342963722199,short_mid,0,22,22,146,64.0,13,13,12,0.4867763118260136,0.6805249544975572,0.2789539227895392,0.1046077210460772,0.361276790981189,0.6288916562889165,0.1382316313823163,0.0566625155666251,0.0196139476961394,0.2145080946450809,0.7421823581060342
short_mid_long,timestep_ce,none,11,3,0.875,117.0136826471659,short_mid,22,44,22,146,64.0,13,13,12,0.8846316043135128,1.3242647763195707,0.810805632723441,0.3453715234537152,0.8394835157632562,1.1429016189290162,0.2689912826899128,0.1646948941469489,0.0647571606475716,0.4984433374844333,0.9489639660960426
short_mid_long,timestep_ce,none,11,4,0.9375,242.10347130039656,short_mid,44,65,21,146,64.0,13,13,12,1.525071791473382,2.411761754227508,1.7726930603642932,1.1132854968471406,1.783087856627871,1.9703196347031964,0.4898891063274624,0.360078277886497,0.2087410306588388,1.0587084148727983,1.169182897878675
short_mid_long,timestep_ce,none,11,5,0.96875,492.1461612435418,short_mid,65,86,21,146,64.0,13,13,12,2.098141310864969,4.213357418836871,3.7252245471423553,3.1746031746031744,3.7183369382360008,2.710697977821265,0.8558382257012394,0.7566862361382909,0.5952380952380952,2.2077625570776256,1.7722051984683045
short_mid_long,timestep_ce,none,11,6,0.984375,992.1669944116244,long,86,107,21,146,64.0,13,13,12,2.4990375209063083,5.032264539113855,4.788198103266597,4.392259186779735,4.746661173481649,3.228636660143509,1.0221787345075015,0.9726027397260274,0.8235485975212002,2.8183300717547293,1.8993957208614505
short_mid_long,timestep_ce,none,11,7,0.9921875,1992.177287539818,long,107,128,21,146,64.0,13,13,12,1.972671905077472,4.054393095488986,4.025490491243916,4.002609262883236,4.028152573213856,2.5485975212002607,0.8235485975212002,0.8176777560339205,0.7504892367906066,2.3917155903457274,2.0419779705108443
short_mid_long,timestep_ce,none,23,2,0.75,54.31342963722199,short_mid,0,22,22,146,64.0,13,13,12,1.942044701488041,2.8861002011686945,1.498994156528403,0.4516396845163968,1.6427869174805008,2.5090286425902866,0.586239103362391,0.3044831880448319,0.0846824408468244,0.9754047322540472,0.8459058209225347
short_mid_long,timestep_ce,none,23,3,0.875,117.0136826471659,short_mid,22,44,22,146,64.0,13,13,12,1.6176878125188263,2.449276750646613,1.721237666443146,0.9680365296803652,1.7324506783771385,2.089975093399751,0.4975093399750934,0.349626400996264,0.1815068493150685,1.0286425902864258,1.0709425298071695
short_mid_long,timestep_ce,none,23,4,0.9375,242.10347130039656,short_mid,44,65,21,146,64.0,13,13,12,2.204171794629051,3.4795524110592604,2.9368257313462798,2.294411828658404,2.919627836715075,2.8476842791911285,0.7067840834964123,0.596542726679713,0.4302022178734507,1.733529028049576,1.3245917781133894
short_mid_long,timestep_ce,none,23,5,0.96875,492.1461612435418,short_mid,65,86,21,146,64.0,13,13,12,3.2914891602764365,5.35822168698881,5.032264539113855,4.529680365296803,4.985065403234112,4.252446183953033,1.0883887801696022,1.0221787345075015,0.8493150684931506,2.959882583170254,1.514531921720028
short_mid_long,timestep_ce,none,23,6,0.984375,992.1669944116244,long,86,107,21,146,64.0,13,13,12,3.1256271892454794,5.740378343118069,5.279542375432786,4.794085670797999,5.283894668177292,4.038160469667319,1.1660143509458578,1.072407045009785,0.8988910632746249,3.1373124592302672,1.690507008115966
short_mid_long,timestep_ce,none,23,7,0.9921875,1992.177287539818,long,107,128,21,146,64.0,13,13,12,2.486414844267727,4.362687540769732,4.134678107280847,3.945205479452055,4.152847873107426,3.212328767123288,0.8861709067188519,0.8398564905414221,0.7397260273972602,2.4657534246575343,1.6702152026969896
short_mid_long,timestep_ce,none,37,2,0.75,54.31342963722199,short_mid,0,22,22,146,64.0,13,13,12,1.2750165672630882,1.0345818564996647,0.2283743653606667,0.008302200083022,0.4346857180310677,1.6472602739726028,0.2101494396014944,0.0463885429638854,0.0015566625155666,0.2580946450809464,0.3409255449630359
short_mid_long,timestep_ce,none,37,3,0.875,117.0136826471659,short_mid,22,44,22,146,64.0,13,13,12,1.7025121995300925,1.6936488169364885,0.703515662419772,0.1859692818596928,0.8788097266828341,2.1995641344956414,0.3440224159402241,0.1429016189290161,0.0348692403486924,0.5217932752179327,0.5161840995473589
short_mid_long,timestep_ce,none,37,4,0.9375,242.10347130039656,short_mid,44,65,21,146,64.0,13,13,12,1.565969263782385,1.7646645591851071,1.1769782728686835,0.6453576864535768,1.2101486593195316,2.023157208088715,0.3584474885844749,0.2390737116764514,0.1210045662100456,0.718525766470972,0.7727793177731872
short_mid_long,timestep_ce,none,37,5,0.96875,492.1461612435418,short_mid,65,86,21,146,64.0,13,13,12,2.911799046987914,4.585879873551106,3.7637613528024487,3.054577081974342,3.821059498060219,3.761904761904762,0.9315068493150684,0.7645140247879973,0.5727332028701891,2.2687540769732557,1.3122675831674862
short_mid_long,timestep_ce,none,37,6,0.984375,992.1669944116244,long,86,107,21,146,64.0,13,13,12,5.378774969232226,9.56676200511817,8.755883386020372,7.958251793868232,8.78140556871631,6.949119373776908,1.943248532289628,1.778538812785388,1.4921722113502935,5.21395955642531,1.6326032635586871
short_mid_long,timestep_ce,none,37,7,0.9921875,1992.177287539818,long,107,128,21,146,64.0,13,13,12,2.9448704597809967,5.3148677806212055,5.149480656329971,4.891498151772124,5.124592302674494,3.804631441617743,1.0795825179386824,1.0459882583170257,0.9171559034572732,3.042726679712981,1.7401757981081445
short_mid_long,timestep_ce,a1,11,2,0.75,54.31342963722199,short_mid,0,22,22,146,64.0,13,13,12,0.1166335321404904,0.3647858990324744,0.099626400996264,0.0066417600664176,0.1609752900308055,0.1506849315068493,0.0740971357409713,0.0202366127023661,0.0012453300124533,0.0955790784557907,1.3801801855482134
short_mid_long,timestep_ce,a1,11,3,0.875,117.0136826471659,short_mid,22,44,22,146,64.0,13,13,12,0.3959274655099705,1.209311236708497,0.8721141871826803,0.3055209630552096,0.8085468965065216,0.5115193026151931,0.2456413449564134,0.1771481942714819,0.0572851805728518,0.4800747198007472,2.042159150199597
short_mid_long,timestep_ce,a1,11,4,0.9375,242.10347130039656,short_mid,44,65,21,146,64.0,13,13,12,0.4902647606424942,1.3327311957448944,1.034070951879171,0.6836268754076973,1.0255776427369794,0.6333985649054142,0.2707110241356816,0.2100456621004566,0.1281800391389432,0.6089367253750816,2.0918852935563943
short_mid_long,timestep_ce,a1,11,5,0.96875,492.1461612435418,short_mid,65,86,21,146,64.0,13,13,12,1.1451292246520874,2.840483717196046,2.509709468613578,2.080452272233094,2.487314175850585,1.4794520547945205,0.5769732550554468,0.5097847358121331,0.3900848010437051,1.476842791911285,2.172081650091744
short_mid_long,timestep_ce,a1,11,6,0.984375,992.1669944116244,long,86,107,21,146,64.0,13,13,12,1.0716652466155447,2.631742686537207,2.450298559887601,2.245705588171341,2.4477632437257526,1.3845401174168297,0.5345727332028702,0.4977168949771689,0.4210697977821265,1.4533594259621656,2.284074482639145
short_mid_long,timestep_ce,a1,11,7,0.9921875,1992.177287539818,long,107,128,21,146,64.0,13,13,12,1.2259143551390073,3.1279040594109087,2.972151136534698,2.823222439660796,2.9784049164005904,1.58382257012394,0.6353555120678408,0.6037181996086106,0.5293542074363993,1.768427919112851,2.429537515337168
short_mid_long,timestep_ce,a1,23,2,0.75,54.31342963722199,short_mid,0,22,22,146,64.0,13,13,12,0.6038918007108862,0.8154037743078839,0.2084490851614139,0.008302200083022,0.3528871993183456,0.7801992528019925,0.1656288916562889,0.0423412204234122,0.0015566625155666,0.2095267745952677,0.5843550101242239
short_mid_long,timestep_ce,a1,23,3,0.875,117.0136826471659,short_mid,22,44,22,146,64.0,13,13,12,0.9304174950298212,1.6231439793083628,0.7832167832167832,0.1427978414279784,0.86832273710428,1.202054794520548,0.3297011207970112,0.1590909090909091,0.0267745952677459,0.5155666251556662,0.9332614033407112
short_mid_long,timestep_ce,a1,23,4,0.9375,242.10347130039656,short_mid,44,65,21,146,64.0,13,13,12,1.1418473287260564,2.596417281348788,1.8947262782879224,1.156773211567732,1.9017406530023688,1.4752120026092628,0.5273972602739726,0.3848662752772341,0.2168949771689497,1.1291585127201569,1.6654946814335636
short_mid_long,timestep_ce,a1,23,5,0.96875,492.1461612435418,short_mid,65,86,21,146,64.0,13,13,12,1.4049039098740888,3.195343469316072,2.883837623563651,2.4492280930637094,2.853160298005287,1.8150684931506849,0.6490541422048272,0.5857795172863666,0.4592302674494455,1.6940639269406392,2.0308579668348954
short_mid_long,timestep_ce,a1,23,6,0.984375,992.1669944116244,long,86,107,21,146,64.0,13,13,12,1.3498690397298747,3.484369511766772,3.3928445983240505,3.1728636660143508,3.354688090088234,1.743966079582518,0.7077625570776256,0.6891715590345727,0.5949119373776908,1.9918460534898887,2.4851952236489163
short_mid_long,timestep_ce,a1,23,7,0.9921875,1992.177287539818,long,107,128,21,146,64.0,13,13,12,1.241566474170848,3.3494906919564453,3.259571478749561,3.127636442704936,3.2486696192536133,1.604044357469015,0.680365296803653,0.6621004566210046,0.5864318330071755,1.928897586431833,2.616589354527444
short_mid_long,timestep_ce,a1,37,2,0.75,54.31342963722199,short_mid,0,22,22,146,64.0,13,13,12,0.0159045725646123,0.0015327138614809,0.0,0.0,0.0005243494789277,0.0205479452054794,0.0003113325031133,0.0,0.0,0.0003113325031133,0.0329684734875794
short_mid_long,timestep_ce,a1,37,3,0.875,117.0136826471659,short_mid,22,44,22,146,64.0,13,13,12,0.0532562202542321,0.0321869910911006,0.0015327138614809,0.0,0.0115356885364095,0.0688044831880448,0.0065379825653798,0.0003113325031133,0.0,0.0068493150684931,0.2166073461717891
short_mid_long,timestep_ce,a1,37,4,0.9375,242.10347130039656,short_mid,44,65,21,146,64.0,13,13,12,0.0870964688062103,0.0674394099051633,0.0224798033017211,0.0,0.030761836097092,0.1125244618395303,0.0136986301369863,0.0045662100456621,0.0,0.0182648401826484,0.3531926898843296
short_mid_long,timestep_ce,a1,37,5,0.96875,492.1461612435418,short_mid,65,86,21,146,64.0,13,13,12,0.2877970273596516,0.484921471222841,0.2392493351397461,0.0991519895629484,0.2790537988807635,0.3718199608610567,0.0984996738421395,0.0485975212002609,0.0185909980430528,0.1656881930854533,0.9696201570978636
short_mid_long,timestep_ce,a1,37,6,0.984375,992.1669944116244,long,86,107,21,146,64.0,13,13,12,0.5740793335226735,1.1464699683877766,0.8943750313613328,0.6592737551641661,0.9063755278607476,0.7416829745596869,0.2328767123287671,0.1816699282452707,0.1236138290932811,0.538160469667319,1.5788332290226053
short_mid_long,timestep_ce,a1,37,7,0.9921875,1992.177287539818,long,107,128,21,146,64.0,13,13,12,0.4612326043737574,1.1175673641427066,1.0131968488132872,0.9115025005435964,1.0167885467092388,0.5958904109589042,0.2270058708414872,0.2058056099151989,0.1709067188519243,0.6037181996086106,2.204502754287703
short_mid_long,timestep_ce,a1_p2,11,2,0.75,54.31342963722199,short_mid,0,22,22,146,64.0,13,13,12,0.120730164467739,0.3923747485391321,0.1134208257495928,0.008302200083022,0.1756570754407812,0.1559775840597758,0.0797011207970112,0.023038605230386,0.0015566625155666,0.1042963885429638,1.4549559856494654
short_mid_long,timestep_ce,a1_p2,11,3,0.875,117.0136826471659,short_mid,22,44,22,146,64.0,13,13,12,0.3971323573709259,1.190918670370725,0.8537216208449085,0.2889165628891656,0.7907190142229796,0.5130759651307597,0.2419053549190535,0.173412204234122,0.0541718555417185,0.4694894146948941,1.9910717410629917
short_mid_long,timestep_ce,a1_p2,11,4,0.9375,242.10347130039656,short_mid,44,65,21,146,64.0,13,13,12,0.4746126416106535,1.2845601886697775,0.9650258417381704,0.6679712981082844,0.9805335255948088,0.6131767775603392,0.2609262883235486,0.1960208741030658,0.1252446183953033,0.5821917808219178,2.065965883814754
short_mid_long,timestep_ce,a1_p2,11,5,0.96875,492.1461612435418,short_mid,65,86,21,146,64.0,13,13,12,1.1234182208337278,2.761804405640022,2.421395955642531,2.0178299630354424,2.410409585607855,1.451402478799739,0.5609915198956295,0.4918460534898891,0.3783431180691454,1.431180691454664,2.145603071863127
short_mid_long,timestep_ce,a1_p2,11,6,0.984375,992.1669944116244,long,86,107,21,146,64.0,13,13,12,1.0590425699769637,2.6012343820563,2.382859149982438,2.186562296151337,2.395577986061043,1.368232224396608,0.5283757338551859,0.4840182648401826,0.4099804305283757,1.4223744292237444,2.262022371879868
short_mid_long,timestep_ce,a1_p2,11,7,0.9921875,1992.177287539818,long,107,128,21,146,64.0,13,13,12,1.2238947268768343,3.1359325605900947,3.0010537407797684,2.8249619482496198,2.991588560442201,1.5812133072407044,0.636986301369863,0.6095890410958904,0.5296803652968036,1.7762557077625571,2.444318530627396
short_mid_long,timestep_ce,a1_p2,23,2,0.75,54.31342963722199,short_mid,0,22,22,146,64.0,13,13,12,0.2106150972950177,0.096560973273302,0.0,0.0,0.0330340171724454,0.272104607721046,0.0196139476961394,0.0,0.0,0.0196139476961394,0.1568454379420542
short_mid_long,timestep_ce,a1_p2,23,3,0.875,117.0136826471659,short_mid,22,44,22,146,64.0,13,13,12,0.3441171154888848,0.3908420346776511,0.091962831688859,0.0016604400166044,0.1656944353411548,0.4445828144458281,0.0793897882938978,0.0186799501867995,0.0003113325031133,0.0983810709838107,0.4815059405160767
short_mid_long,timestep_ce,a1_p2,23,4,0.9375,242.10347130039656,short_mid,44,65,21,146,64.0,13,13,12,0.6109375493073306,1.0437051532941943,0.6840283004666566,0.2887584257447271,0.6822535791533628,0.7893020221787345,0.2120026092628832,0.1389432485322896,0.0541422048271363,0.4050880626223092,1.1167321110429191
short_mid_long,timestep_ce,a1_p2,23,5,0.96875,492.1461612435418,short_mid,65,86,21,146,64.0,13,13,12,0.7389314904225441,1.8240754679110844,1.4949069195644538,1.1532941943900847,1.4996395097332371,0.9546640574037836,0.370515329419439,0.3036529680365297,0.2162426614481409,0.8904109589041096,2.0294702948384247
short_mid_long,timestep_ce,a1_p2,23,6,0.984375,992.1669944116244,long,86,107,21,146,64.0,13,13,12,0.7818485909937202,1.995885393145667,1.8738521752220385,1.7464666231789518,1.875373364919147,1.0101108936725376,0.4054142204827136,0.3806262230919765,0.3274624918460534,1.1135029354207435,2.398640077531597
short_mid_long,timestep_ce,a1_p2,23,7,0.9921875,1992.177287539818,long,107,128,21,146,64.0,13,13,12,0.5786234971125627,1.5366551256962215,1.5238095238095235,1.4855403348554033,1.5161190647852507,0.7475538160469667,0.312133072407045,0.3095238095238095,0.2785388127853881,0.9001956947162426,2.620216898122808
short_mid_long,timestep_ce,a1_p2,37,2,0.75,54.31342963722199,short_mid,0,22,22,146,64.0,13,13,12,0.0036146755828664,0.0,0.0,0.0,0.0,0.0046699875466998,0.0,0.0,0.0,0.0,0.0
short_mid_long,timestep_ce,a1_p2,37,3,0.875,117.0136826471659,short_mid,22,44,22,146,64.0,13,13,12,0.0243388155913006,0.0137944247533288,0.0,0.0,0.0047191453103493,0.0314445828144458,0.0028019925280199,0.0,0.0,0.0028019925280199,0.1938937945705169
short_mid_long,timestep_ce,a1_p2,37,4,0.9375,242.10347130039656,short_mid,44,65,21,146,64.0,13,13,12,0.0578118590047019,0.0048171007075116,0.0,0.0,0.0016479555052013,0.0746901500326157,0.0009784735812133,0.0,0.0,0.0009784735812133,0.0285054923604398
short_mid_long,timestep_ce,a1_p2,37,5,0.96875,492.1461612435418,short_mid,65,86,21,146,64.0,13,13,12,0.1350626400328189,0.1188218174519544,0.0353254051884188,0.0,0.0527345761664435,0.1744944553163731,0.0241356816699282,0.0071754729288975,0.0,0.0313111545988258,0.390445323396829
short_mid_long,timestep_ce,a1_p2,37,6,0.984375,992.1669944116244,long,86,107,21,146,64.0,13,13,12,0.3095080311780113,0.5041898740528877,0.2954488433940488,0.1739508588823657,0.3284924640368043,0.3998695368558382,0.1024135681669928,0.0600130463144161,0.0326157860404435,0.1950424005218525,1.0613374482934637
short_mid_long,timestep_ce,a1_p2,37,7,0.9921875,1992.177287539818,long,107,128,21,146,64.0,13,13,12,0.2037300009467007,0.4512017662702594,0.3548597521200261,0.3113720373994346,0.3740858996807086,0.2632093933463796,0.0916503587736464,0.0720808871493803,0.0583822570123939,0.2221135029354207,1.8361846460628837
short_mid_long,timestep_ce,tail,11,2,0.75,54.31342963722199,short_mid,0,22,22,146,64.0,13,13,12,0.1016928730646424,0.3371970495258166,0.0827665485199731,0.008302200083022,0.1462935046208298,0.1313823163138231,0.0684931506849315,0.0168119551681195,0.0015566625155666,0.0868617683686176,1.4385816843608732
short_mid_long,timestep_ce,tail,11,3,0.875,117.0136826471659,short_mid,22,44,22,146,64.0,13,13,12,0.3552021206096752,1.2277038030462688,0.8690487594597184,0.2839352428393524,0.8069738480697385,0.4589041095890411,0.2493773349937733,0.1765255292652553,0.0532378580323785,0.4791407222914072,2.271872270032156
short_mid_long,timestep_ce,tail,11,4,0.9375,242.10347130039656,short_mid,44,65,21,146,64.0,13,13,12,0.4266464703840449,1.2123036780571028,0.9730543429173566,0.6731898238747553,0.9602087410306588,0.5512067840834964,0.2462491846053489,0.197651663405088,0.1262230919765166,0.5701239399869537,2.250595768825484
short_mid_long,timestep_ce,tail,11,5,0.96875,492.1461612435418,short_mid,65,86,21,146,64.0,13,13,12,1.0340496702325728,2.634954087008881,2.3571679462090422,2.014350945857795,2.343942046898067,1.3359425962165687,0.5352250489236791,0.4787997390737116,0.3776908023483366,1.3917155903457272,2.266759629032985
short_mid_long,timestep_ce,tail,11,6,0.984375,992.1669944116244,long,86,107,21,146,64.0,13,13,12,0.9939095585218846,2.5161322695569277,2.276882934417181,2.061317677756034,2.2906581522298897,1.2840834964122636,0.5110893672537509,0.4624918460534898,0.3864970645792563,1.360078277886497,2.3046947607954333
short_mid_long,timestep_ce,tail,11,7,0.9921875,1992.177287539818,long,107,128,21,146,64.0,13,13,12,1.1888036858215785,3.049224747854885,2.983391038185559,2.8388780169602086,2.9602774058433754,1.535877364644488,0.6193737769080235,0.6060013046314416,0.5322896281800391,1.7576647097195042,2.490131416271255
short_mid_long,timestep_ce,tail,23,2,0.75,54.31342963722199,short_mid,0,22,22,146,64.0,13,13,12,0.8933068257123923,0.7448989366797586,0.0781684069355302,0.0,0.2815756701841777,1.154109589041096,0.1513075965130759,0.0158779576587795,0.0,0.1671855541718555,0.3152059987447509
short_mid_long,timestep_ce,tail,23,3,0.875,117.0136826471659,short_mid,22,44,22,146,64.0,13,13,12,1.2738116754021327,1.715106810997222,0.913497461442667,0.2208385222083852,0.9689978370583994,1.645703611457036,0.3483810709838107,0.1855541718555417,0.0414072229140722,0.5753424657534246,0.7607072974523444
short_mid_long,timestep_ce,tail,23,4,0.9375,242.10347130039656,short_mid,44,65,21,146,64.0,13,13,12,1.0161254694057875,1.7742987606001304,1.3038285914998244,0.7984344422700587,1.3051807601194767,1.312785388127854,0.3604044357469015,0.2648401826484018,0.149706457925636,0.7749510763209393,1.2844681089262764
short_mid_long,timestep_ce,tail,23,5,0.96875,492.1461612435418,short_mid,65,86,21,146,64.0,13,13,12,1.3902616049733345,2.249586030407948,1.870640774750364,1.461187214611872,1.8709788169052768,1.7961513372472278,0.4569471624266145,0.3799739073711676,0.273972602739726,1.1108936725375085,1.3457746442916134
short_mid_long,timestep_ce,tail,23,6,0.984375,992.1669944116244,long,86,107,21,146,64.0,13,13,12,1.0206696329956768,1.950925786542225,1.865823674042852,1.7673407262448355,1.8638376763827376,1.3186562296151336,0.3962818003913894,0.3789954337899543,0.3313763861709067,1.1066536203522506,1.8260930041705592
short_mid_long,timestep_ce,tail,23,7,0.9921875,1992.177287539818,long,107,128,21,146,64.0,13,13,12,0.9565464356716842,1.8626122735711776,1.8208640674394097,1.7342900630571862,1.8078071892058916,1.235812133072407,0.3783431180691454,0.3698630136986301,0.3251793868232224,1.073385518590998,1.889931446910316
short_mid_long,timestep_ce,tail,37,2,0.75,54.31342963722199,short_mid,0,22,22,146,64.0,13,13,12,0.0306042532682691,0.0398505603985056,0.0045981415844429,0.0,0.0152061348889034,0.0395392278953922,0.0080946450809464,0.0009339975093399,0.0,0.0090286425902864,0.4968634508285599
short_mid_long,timestep_ce,tail,37,3,0.875,117.0136826471659,short_mid,22,44,22,146,64.0,13,13,12,0.1725405144888246,0.1410096752562506,0.0597758405977584,0.0049813200498132,0.0702628301763125,0.2229140722291407,0.0286425902864259,0.0121419676214196,0.0009339975093399,0.0417185554171855,0.4072251110672526
short_mid_long,timestep_ce,tail,37,4,0.9375,242.10347130039656,short_mid,44,65,21,146,64.0,13,13,12,0.285524945564707,0.5090069747603995,0.3082944452807467,0.1809088932376603,0.3367322415628111,0.3688845401174168,0.1033920417482061,0.0626223091976516,0.0339204174820613,0.1999347684279191,1.1793443858182937
short_mid_long,timestep_ce,tail,37,5,0.96875,492.1461612435418,short_mid,65,86,21,146,64.0,13,13,12,0.3501530499542428,0.69366250188168,0.484921471222841,0.3461622091759078,0.5125141621176228,0.4523809523809524,0.1409001956947162,0.0984996738421395,0.0649054142204827,0.3043052837573385,1.4636861286360263
short_mid_long,timestep_ce,tail,37,6,0.984375,992.1669944116244,long,86,107,21,146,64.0,13,13,12,0.5480766196471962,1.0356766521150085,0.8606553264087511,0.7584257447271145,0.8882480173035328,0.70808871493803,0.210371819960861,0.1748206131767775,0.1422048271363339,0.5273972602739726,1.6206639463571884
short_mid_long,timestep_ce,tail,37,7,0.9921875,1992.177287539818,long,107,128,21,146,64.0,13,13,12,0.6659724194515447,1.7036479502232926,1.6362085403181297,1.5446836268754076,1.6303773131458783,0.8604044357469015,0.3460534898891063,0.33235485975212,0.2896281800391389,0.9680365296803652,2.448115365631148
short_mid_long,timestep_ce,a1_tail,11,2,0.75,54.31342963722199,short_mid,0,22,22,146,64.0,13,13,12,0.1151876619073438,0.3831784653702462,0.096560973273302,0.0132835201328352,0.1683161827357934,0.1488169364881693,0.0778331257783312,0.0196139476961394,0.0024906600249066,0.0999377334993773,1.4612344755394533
short_mid_long,timestep_ce,a1_tail,11,3,0.875,117.0136826471659,short_mid,22,44,22,146,64.0,13,13,12,0.3858063738779445,1.1970495258166491,0.8552543347063895,0.3005396430053964,0.797011207970112,0.4984433374844333,0.2431506849315068,0.1737235367372353,0.0563511830635118,0.473225404732254,2.065832142582119
short_mid_long,timestep_ce,a1_tail,11,4,0.9375,242.10347130039656,short_mid,44,65,21,146,64.0,13,13,12,0.4584556155132696,1.3038285914998244,0.9858999448040544,0.7062404870624048,1.0063514951762969,0.5923026744944553,0.2648401826484018,0.2002609262883235,0.1324200913242009,0.5975212002609263,2.195090344895489
short_mid_long,timestep_ce,a1_tail,11,5,0.96875,492.1461612435418,short_mid,65,86,21,146,64.0,13,13,12,1.1070087412035725,2.7039991971498822,2.387676250689949,2.050880626223092,2.3895354825419712,1.4302022178734508,0.5492498369210698,0.4849967384213959,0.3845401174168297,1.4187866927592956,2.1585515936793764
short_mid_long,timestep_ce,a1_tail,11,6,0.984375,992.1669944116244,long,86,107,21,146,64.0,13,13,12,1.00249297863612,2.5193436700286016,2.350745145265693,2.146553598608393,2.343942046898067,1.2951728636660145,0.5117416829745597,0.4774951076320939,0.4024787997390737,1.3917155903457272,2.338113180689777
short_mid_long,timestep_ce,a1_tail,11,7,0.9921875,1992.177287539818,long,107,128,21,146,64.0,13,13,12,1.2584808608665468,3.27723418134377,3.1070299563450248,2.9415090237008044,3.112987949325368,1.6258969341161122,0.6656881930854534,0.6311154598825832,0.5515329419439009,1.8483365949119372,2.473607701258064
short_mid_long,timestep_ce,a1_tail,23,2,0.75,54.31342963722199,short_mid,0,22,22,146,64.0,13,13,12,0.495210554852702,0.4230290257687518,0.0536449851518344,0.0,0.1630726879465163,0.6397882938978829,0.0859277708592777,0.0108966376089663,0.0,0.096824408468244,0.3292997016087864
short_mid_long,timestep_ce,a1_tail,23,3,0.875,117.0136826471659,short_mid,22,44,22,146,64.0,13,13,12,0.6424483402614616,1.0943576970974231,0.3663186128939553,0.099626400996264,0.5311660221537655,0.8300124533001245,0.222291407222914,0.0744084682440846,0.0186799501867995,0.3153798256537982,0.8267840211675125
short_mid_long,timestep_ce,a1_tail,23,4,0.9375,242.10347130039656,short_mid,44,65,21,146,64.0,13,13,12,0.6876834232699044,1.5222038235736866,1.1625269707461487,0.6383996520982822,1.1200604250351909,0.8884540117416829,0.309197651663405,0.2361382909328114,0.1196999347684279,0.6650358773646445,1.628744255182643
short_mid_long,timestep_ce,a1_tail,23,5,0.96875,492.1461612435418,short_mid,65,86,21,146,64.0,13,13,12,0.7205023825302155,1.836921069797782,1.6651111445631994,1.3759512937595129,1.6325745871528137,0.9308545335942596,0.3731245923026745,0.3382257012393999,0.2579908675799087,0.969341161121983,2.2658836760811805
short_mid_long,timestep_ce,a1_tail,23,6,0.984375,992.1669944116244,long,86,107,21,146,64.0,13,13,12,0.8497585913092871,2.2463746299362737,2.19659792262532,2.0874103065883887,2.179146496377931,1.0978473581213308,0.4562948467058056,0.4461839530332681,0.3913894324853229,1.2938682322243966,2.564430084808388
short_mid_long,timestep_ce,a1_tail,23,7,0.9921875,1992.177287539818,long,107,128,21,146,64.0,13,13,12,0.5543879579664868,1.632997139846455,1.626574338903106,1.5655577299412915,1.6095032100799944,0.7162426614481409,0.3317025440313111,0.3303979125896934,0.2935420743639921,0.9556425309849969,2.903207378428105
short_mid_long,timestep_ce,a1_tail,37,2,0.75,54.31342963722199,short_mid,0,22,22,146,64.0,13,13,12,0.0028917404662931,0.0,0.0,0.0,0.0,0.0037359900373599,0.0,0.0,0.0,0.0,0.0
short_mid_long,timestep_ce,a1_tail,37,3,0.875,117.0136826471659,short_mid,22,44,22,146,64.0,13,13,12,0.0091571781432616,0.0,0.0,0.0,0.0,0.0118306351183063,0.0,0.0,0.0,0.0,0.0
short_mid_long,timestep_ce,a1_tail,37,4,0.9375,242.10347130039656,short_mid,44,65,21,146,64.0,13,13,12,0.0340812269241692,0.0,0.0,0.0,0.0,0.0440313111545988,0.0,0.0,0.0,0.0,0.0
short_mid_long,timestep_ce,a1_tail,37,5,0.96875,492.1461612435418,short_mid,65,86,21,146,64.0,13,13,12,0.0532676954148127,0.0353254051884188,0.0048171007075116,0.0,0.0137329625433446,0.0688193085453359,0.0071754729288975,0.0009784735812133,0.0,0.0081539465101108,0.2578103376990812
short_mid_long,timestep_ce,a1_tail,37,6,0.984375,992.1669944116244,long,86,107,21,146,64.0,13,13,12,0.1726782164157909,0.1910783280646294,0.1188218174519544,0.0661013263752989,0.1268925739005046,0.223091976516634,0.0388127853881278,0.0241356816699282,0.0123939986953685,0.0753424657534246,0.734849922209995
short_mid_long,timestep_ce,a1_tail,37,7,0.9921875,1992.177287539818,long,107,128,21,146,64.0,13,13,12,0.1767174729401369,0.2312208339605599,0.1766270259420944,0.1461187214611872,0.1856696535860198,0.228310502283105,0.0469667318982387,0.0358773646444879,0.0273972602739726,0.1102413568166992,1.0506581522298897
short_mid,whole_count_ce,none,11,2,0.75,54.31342963722199,short_mid,0,32,32,146,64.0,13,13,12,2.55765407554672,0.3772391991570074,0.0,0.0,0.1290555155010814,3.304366438356164,0.0766267123287671,0.0,0.0,0.0766267123287671,0.050458549783944
short_mid,whole_count_ce,none,11,3,0.875,117.0136826471659,short_mid,32,64,32,146,64.0,13,13,12,5.748177601060305,1.858798735511064,0.0200210748155953,0.0,0.6427541456380678,7.426369863013699,0.3775684931506849,0.0040667808219178,0.0,0.3816352739726027,0.1118187693991058
short_mid,whole_count_ce,none,11,4,0.9375,242.10347130039656,short_mid,64,96,32,146,64.0,13,13,12,11.467362491716369,8.93572181243414,2.545837723919916,0.4794520547945205,4.079307858687815,14.815282534246576,1.8150684931506849,0.5171232876712328,0.0898972602739726,2.4220890410958904,0.3557320056494741
short_mid,whole_count_ce,none,11,5,0.96875,492.1461612435418,short_mid,96,128,32,146,64.0,13,13,12,19.430748840291585,25.244467860906216,19.12223393045311,13.722602739726028,19.51153568853641,25.10359589041096,5.127782534246576,3.884203767123288,2.5729880136986303,11.584974315068491,1.0041576806384993
short_mid,whole_count_ce,none,23,2,0.75,54.31342963722199,short_mid,0,32,32,146,64.0,13,13,12,2.7306163021868786,0.2497365648050579,0.0,0.0,0.0854361932227829,3.527825342465753,0.0507277397260274,0.0,0.0,0.0507277397260274,0.0312882454976773
short_mid,whole_count_ce,none,23,3,0.875,117.0136826471659,short_mid,32,64,32,146,64.0,13,13,12,6.61050364479788,2.1517386722866174,0.0569020021074815,0.0,0.7555875991348233,8.540453767123287,0.4370719178082192,0.0115582191780821,0.0,0.4486301369863014,0.1143010638424549
short_mid,whole_count_ce,none,23,4,0.9375,242.10347130039656,short_mid,64,96,32,146,64.0,13,13,12,13.590788601722997,10.10432033719705,3.5279241306638567,1.38013698630137,5.099495313626532,17.558647260273972,2.0524400684931505,0.7166095890410958,0.2587756849315068,3.027825342465753,0.3752170284644141
short_mid,whole_count_ce,none,23,5,0.96875,492.1461612435418,short_mid,96,128,32,146,64.0,13,13,12,18.724320742213383,24.269757639620654,18.345626975763963,13.08904109589041,18.71232876712329,24.190924657534246,4.929794520547945,3.726455479452055,2.454195205479452,11.110445205479452,0.9993595508614066
short_mid,whole_count_ce,none,37,2,0.75,54.31342963722199,short_mid,0,32,32,146,64.0,13,13,12,3.1459575878064943,0.6533192834562698,0.0,0.0,0.2235039653929343,4.064426369863014,0.1327054794520548,0.0,0.0,0.1327054794520548,0.071044812002304
short_mid,whole_count_ce,none,37,3,0.875,117.0136826471659,short_mid,32,64,32,146,64.0,13,13,12,7.880550033134526,2.889357218124341,0.1043203371970495,0.0,1.0241528478731077,10.181292808219178,0.5869006849315068,0.0211900684931506,0.0,0.6080907534246576,0.1299595641886618
short_mid,whole_count_ce,none,37,4,0.9375,242.10347130039656,short_mid,64,96,32,146,64.0,13,13,12,16.43273691186216,17.203371970495258,9.279241306638568,4.256849315068493,10.404109589041097,21.23030821917808,3.494434931506849,1.8848458904109588,0.7981592465753424,6.177440068493151,0.6331330955302259
short_mid,whole_count_ce,none,37,5,0.96875,492.1461612435418,short_mid,96,128,32,146,64.0,13,13,12,16.91915175612989,21.883034773445733,14.796628029504742,8.732876712328768,15.306056236481616,21.858732876712327,4.444991438356165,3.0055650684931505,1.637414383561644,9.08797089041096,0.9046586056500237
short_mid,whole_count_ce,a1,11,2,0.75,54.31342963722199,short_mid,0,32,32,146,64.0,13,13,12,0.7847912524850894,0.0748155953635405,0.0,0.0,0.0255948089401586,1.0139126712328768,0.0151969178082191,0.0,0.0,0.0151969178082191,0.0326135247546542
short_mid,whole_count_ce,a1,11,3,0.875,117.0136826471659,short_mid,32,64,32,146,64.0,13,13,12,2.3479125248508947,0.7776606954689147,0.0126448893572181,0.0,0.270367700072098,3.033390410958904,0.1579623287671233,0.0025684931506849,0.0,0.1605308219178082,0.1151523735277437
short_mid,whole_count_ce,a1,11,4,0.9375,242.10347130039656,short_mid,64,96,32,146,64.0,13,13,12,4.0541749502982105,2.608008429926238,0.6206533192834562,0.0445205479452054,1.1186012977649604,5.237799657534247,0.5297517123287672,0.126070205479452,0.008347602739726,0.6641695205479452,0.2759134254141351
short_mid,whole_count_ce,a1,11,5,0.96875,492.1461612435418,short_mid,96,128,32,146,64.0,13,13,12,9.229125248508948,11.829293993677556,7.9336143308746045,4.938356164383562,8.320475847152126,11.923587328767123,2.402825342465753,1.611515410958904,0.9259417808219178,4.940282534246576,0.9015454469529904
short_mid,whole_count_ce,a1,23,2,0.75,54.31342963722199,short_mid,0,32,32,146,64.0,13,13,12,0.9827700463883366,0.0432033719704952,0.0,0.0,0.0147801009372746,1.269691780821918,0.0087756849315068,0.0,0.0,0.0087756849315068,0.0150392261054265
short_mid,whole_count_ce,a1,23,3,0.875,117.0136826471659,short_mid,32,64,32,146,64.0,13,13,12,2.256626905235255,0.5047418335089568,0.0010537407797681,0.0,0.1730353280461427,2.915453767123288,0.1025256849315068,0.0002140410958904,0.0,0.1027397260273972,0.0766787489968811
short_mid,whole_count_ce,a1,23,4,0.9375,242.10347130039656,short_mid,64,96,32,146,64.0,13,13,12,6.397614314115308,3.919915700737618,1.015806111696523,0.1666666666666666,1.7411679884643114,8.26541095890411,0.7962328767123288,0.2063356164383561,0.03125,1.0338184931506849,0.2721589490980574
short_mid,whole_count_ce,a1,23,5,0.96875,492.1461612435418,short_mid,96,128,32,146,64.0,13,13,12,11.389662027833,13.609062170706006,9.36354056902002,5.96689497716895,9.743330930064888,14.714897260273972,2.7643407534246576,1.901969178082192,1.118792808219178,5.785102739726027,0.855453911297371
short_mid,whole_count_ce,a1,37,2,0.75,54.31342963722199,short_mid,0,32,32,146,64.0,13,13,12,1.6202783300198806,0.256059009483667,0.0,0.0,0.0875991348233597,2.093321917808219,0.0520119863013698,0.0,0.0,0.0520119863013698,0.0540642513081594
short_mid,whole_count_ce,a1,37,3,0.875,117.0136826471659,short_mid,32,64,32,146,64.0,13,13,12,4.410702451954937,1.2160168598524763,0.0252897787144362,0.0,0.4246575342465753,5.698416095890411,0.2470034246575342,0.0051369863013698,0.0,0.2521404109589041,0.0962788895583641
short_mid,whole_count_ce,a1,37,4,0.9375,242.10347130039656,short_mid,64,96,32,146,64.0,13,13,12,9.472829688535452,8.247629083245522,3.126448893572181,0.8995433789954338,4.175198269646719,12.238441780821915,1.6752996575342465,0.6350599315068494,0.1686643835616438,2.47902397260274,0.4407551288185595
short_mid,whole_count_ce,a1,37,5,0.96875,492.1461612435418,short_mid,96,128,32,146,64.0,13,13,12,11.367461895294896,13.36880927291886,8.125395152792413,4.46689497716895,8.763878875270368,14.686215753424657,2.715539383561644,1.6504708904109588,0.837542808219178,5.203553082191781,0.7709617992119968
short_mid,whole_count_ce,a1_p2,11,2,0.75,54.31342963722199,short_mid,0,32,32,146,64.0,13,13,12,0.8762425447316103,0.0948366701791359,0.0,0.0,0.0324441240086517,1.1320633561643836,0.0192636986301369,0.0,0.0,0.0192636986301369,0.0370264194585407
short_mid,whole_count_ce,a1_p2,11,3,0.875,117.0136826471659,short_mid,32,64,32,146,64.0,13,13,12,1.7125579854208084,0.4499473129610116,0.0,0.0,0.1539293439077144,2.2125428082191783,0.0913955479452054,0.0,0.0,0.0913955479452054,0.0898827048299279
short_mid,whole_count_ce,a1_p2,11,4,0.9375,242.10347130039656,short_mid,64,96,32,146,64.0,13,13,12,5.825878064943671,3.9905163329820863,1.1022128556375133,0.1484018264840182,1.7891131939437634,7.526755136986301,0.8105736301369864,0.2238869863013698,0.0278253424657534,1.0622859589041096,0.3070976038289366
short_mid,whole_count_ce,a1_p2,11,5,0.96875,492.1461612435418,short_mid,96,128,32,146,64.0,13,13,12,9.695493704440027,12.091675447839831,7.913593256059009,4.828767123287672,8.368781542898342,12.52611301369863,2.4561215753424657,1.6074486301369864,0.9053938356164384,4.968964041095891,0.8631619799893098
short_mid,whole_count_ce,a1_p2,23,2,0.75,54.31342963722199,short_mid,0,32,32,146,64.0,13,13,12,0.8552021206096753,0.0221285563751317,0.0,0.0,0.0075702956020187,1.1048801369863013,0.0044948630136986,0.0,0.0,0.0044948630136986,0.0088520542917057
short_mid,whole_count_ce,a1_p2,23,3,0.875,117.0136826471659,short_mid,32,64,32,146,64.0,13,13,12,2.104705102717031,0.4120126448893572,0.0010537407797681,0.0,0.1413121845710165,2.719178082191781,0.0836900684931506,0.0002140410958904,0.0,0.0839041095890411,0.0671410851755869
short_mid,whole_count_ce,a1_p2,23,4,0.9375,242.10347130039656,short_mid,64,96,32,146,64.0,13,13,12,7.63469184890656,4.665964172813488,1.2307692307692308,0.2705479452054795,2.102739726027397,9.863655821917808,0.9477739726027398,0.25,0.0507277397260274,1.2485017123287672,0.2754190696417631
short_mid,whole_count_ce,a1_p2,23,5,0.96875,492.1461612435418,short_mid,96,128,32,146,64.0,13,13,12,12.754970178926442,15.140147523709167,9.8377239199157,5.831050228310502,10.38644556596972,16.47880993150685,3.0753424657534247,1.9982876712328768,1.0933219178082192,6.16695205479452,0.8143057506422116
short_mid,whole_count_ce,a1_p2,37,2,0.75,54.31342963722199,short_mid,0,32,32,146,64.0,13,13,12,1.691351888667992,0.2507903055848261,0.0,0.0,0.0857966834895457,2.185145547945205,0.0509417808219178,0.0,0.0,0.0509417808219178,0.0507266903264666
short_mid,whole_count_ce,a1_p2,37,3,0.875,117.0136826471659,short_mid,32,64,32,146,64.0,13,13,12,3.948807157057654,1.2697576396206534,0.0337197049525816,0.0,0.4459264599855804,5.101669520547945,0.2579195205479452,0.0068493150684931,0.0,0.2647688356164384,0.1129268769655113
short_mid,whole_count_ce,a1_p2,37,4,0.9375,242.10347130039656,short_mid,64,96,32,146,64.0,13,13,12,10.726805831676607,9.505795574288724,3.5489989462592204,0.9942922374429224,4.780100937274693,13.858518835616438,1.9308647260273968,0.7208904109589042,0.1864297945205479,2.838184931506849,0.4456220250728226
short_mid,whole_count_ce,a1_p2,37,5,0.96875,492.1461612435418,short_mid,96,128,32,146,64.0,13,13,12,12.26938369781312,14.89567966280295,9.28872497365648,5.098173515981735,9.883561643835616,15.851455479452056,3.025684931506849,1.8867722602739727,0.9559075342465754,5.868364726027397,0.8055467077451698
short_mid,whole_count_ce,tail,11,2,0.75,54.31342963722199,short_mid,0,32,32,146,64.0,13,13,12,1.1857190192180251,0.1169652265542676,0.0,0.0,0.0400144196106705,1.5318921232876712,0.0237585616438356,0.0,0.0,0.0237585616438356,0.0337469661548144
short_mid,whole_count_ce,tail,11,3,0.875,117.0136826471659,short_mid,32,64,32,146,64.0,13,13,12,2.650596421471173,0.8113804004214963,0.0010537407797681,0.0,0.2779379956741168,3.424443493150685,0.1648116438356164,0.0002140410958904,0.0,0.1650256849315068,0.1048586625344689
short_mid,whole_count_ce,tail,11,4,0.9375,242.10347130039656,short_mid,64,96,32,146,64.0,13,13,12,4.933068257123924,3.185458377239199,0.7376185458377239,0.0502283105022831,1.357966834895458,6.373287671232877,0.6470462328767124,0.1498287671232876,0.009417808219178,0.806292808219178,0.2752783387771689
short_mid,whole_count_ce,tail,11,5,0.96875,492.1461612435418,short_mid,96,128,32,146,64.0,13,13,12,11.153081510934394,14.578503688092727,10.083245521601686,6.493150684931507,10.487382840663305,14.409246575342468,2.961258561643836,2.0481592465753424,1.2174657534246576,6.226883561643835,0.940312579118296
short_mid,whole_count_ce,tail,23,2,0.75,54.31342963722199,short_mid,0,32,32,146,64.0,13,13,12,1.5246852220013254,0.0758693361433087,0.0,0.0,0.0259552992069214,1.969820205479452,0.0154109589041095,0.0,0.0,0.0154109589041095,0.0170233821594021
short_mid,whole_count_ce,tail,23,3,0.875,117.0136826471659,short_mid,32,64,32,146,64.0,13,13,12,3.5439032471835654,0.9599578503688092,0.0010537407797681,0.0,0.3287671232876712,4.578553082191781,0.1949914383561644,0.0002140410958904,0.0,0.1952054794520548,0.0927697796346306
short_mid,whole_count_ce,tail,23,4,0.9375,242.10347130039656,short_mid,64,96,32,146,64.0,13,13,12,9.425944333996023,5.744994731296101,1.6807165437302425,0.341324200913242,2.6481614996395098,12.177868150684931,1.1669520547945205,0.3413955479452055,0.0639982876712328,1.5723458904109588,0.2809438933443023
short_mid,whole_count_ce,tail,23,5,0.96875,492.1461612435418,short_mid,96,128,32,146,64.0,13,13,12,10.9350563286945,11.927291886195995,7.424657534246576,4.213470319634703,7.95097332372026,14.127568493150685,2.4227311643835616,1.5081335616438356,0.7900256849315068,4.720890410958904,0.7271085840551403
short_mid,whole_count_ce,tail,37,2,0.75,54.31342963722199,short_mid,0,32,32,146,64.0,13,13,12,1.6118290258449304,0.2518440463645943,0.0,0.0,0.0861571737563085,2.082405821917808,0.0511558219178082,0.0,0.0,0.0511558219178082,0.0534530476711973
short_mid,whole_count_ce,tail,37,3,0.875,117.0136826471659,short_mid,32,64,32,146,64.0,13,13,12,4.876076872100729,1.3361433087460484,0.0147523709167544,0.0,0.4621485219899062,6.299657534246576,0.2714041095890411,0.0029965753424657,0.0,0.2744006849315068,0.0947787604896396
short_mid,whole_count_ce,tail,37,4,0.9375,242.10347130039656,short_mid,64,96,32,146,64.0,13,13,12,10.418654738237244,9.30558482613277,3.3825079030558483,0.839041095890411,4.6056236481615,13.460402397260276,1.8901969178082192,0.6870719178082192,0.157320205479452,2.7345890410958904,0.4420555017778366
short_mid,whole_count_ce,tail,37,5,0.96875,492.1461612435418,short_mid,96,128,32,146,64.0,13,13,12,11.34493041749503,13.459430979978926,8.06427818756586,4.294520547945205,8.719538572458543,14.657106164383562,2.733946917808219,1.6380565068493151,0.805222602739726,5.177226027397261,0.7685845793300004
short_mid,whole_count_ce,a1_tail,11,2,0.75,54.31342963722199,short_mid,0,32,32,146,64.0,13,13,12,1.3368124585818424,0.1412012644889357,0.0,0.0,0.0483056957462148,1.727097602739726,0.028681506849315,0.0,0.0,0.028681506849315,0.03613498321033
short_mid,whole_count_ce,a1_tail,11,3,0.875,117.0136826471659,short_mid,32,64,32,146,64.0,13,13,12,2.3581842279655403,0.5690200210748156,0.0,0.0,0.1946647440519106,3.0466609589041096,0.1155821917808219,0.0,0.0,0.1155821917808219,0.0825485734928574
short_mid,whole_count_ce,a1_tail,11,4,0.9375,242.10347130039656,short_mid,64,96,32,146,64.0,13,13,12,6.202783300198807,3.9420442571127503,0.8935721812434141,0.0490867579908675,1.6697909156452777,8.013698630136986,0.8007277397260274,0.1815068493150685,0.0092037671232876,0.9914383561643836,0.269200266208197
short_mid,whole_count_ce,a1_tail,11,5,0.96875,492.1461612435418,short_mid,96,128,32,146,64.0,13,13,12,9.917495029821074,11.869336143308749,7.65858798735511,4.552511415525114,8.118240807498198,12.812928082191782,2.410958904109589,1.5556506849315068,0.853595890410959,4.820205479452055,0.8185777540686766
short_mid,whole_count_ce,a1_tail,23,2,0.75,54.31342963722199,short_mid,0,32,32,146,64.0,13,13,12,0.7175281643472499,0.0221285563751317,0.0,0.0,0.0075702956020187,0.9270119863013698,0.0044948630136986,0.0,0.0,0.0044948630136986,0.0105505204926772
short_mid,whole_count_ce,a1_tail,23,3,0.875,117.0136826471659,short_mid,32,64,32,146,64.0,13,13,12,1.647945659377071,0.3076923076923077,0.0,0.0,0.1052631578947368,2.1290667808219177,0.0625,0.0,0.0,0.0625,0.0638753816278909
short_mid,whole_count_ce,a1_tail,23,4,0.9375,242.10347130039656,short_mid,64,96,32,146,64.0,13,13,12,5.720675944333996,3.5879873551106427,0.9241306638566912,0.1655251141552511,1.595890410958904,7.390839041095891,0.7288099315068494,0.1877140410958904,0.0310359589041095,0.9475599315068494,0.2789688537662306
short_mid,whole_count_ce,a1_tail,23,5,0.96875,492.1461612435418,short_mid,96,128,32,146,64.0,13,13,12,8.60222001325381,10.02950474183351,6.815595363540569,4.289954337899544,7.117519826964672,11.113655821917808,2.037243150684932,1.384417808219178,0.8043664383561644,4.226027397260274,0.827404997314461
short_mid,whole_count_ce,a1_tail,37,2,0.75,54.31342963722199,short_mid,0,32,32,146,64.0,13,13,12,1.6338634857521537,0.2465753424657534,0.0,0.0,0.0843547224224945,2.110873287671233,0.0500856164383561,0.0,0.0,0.0500856164383561,0.0516289905234412
short_mid,whole_count_ce,a1_tail,37,3,0.875,117.0136826471659,short_mid,32,64,32,146,64.0,13,13,12,3.572564612326044,0.9894625922023182,0.0252897787144362,0.0,0.3471521268925739,4.615582191780822,0.2009845890410959,0.0051369863013698,0.0,0.2061215753424657,0.0971716860472814
short_mid,whole_count_ce,a1_tail,37,4,0.9375,242.10347130039656,short_mid,64,96,32,146,64.0,13,13,12,10.022365805168986,8.357218124341411,3.239199157007376,0.9223744292237442,4.258471521268926,12.94841609589041,1.6975599315068493,0.6579623287671232,0.172945205479452,2.5284674657534247,0.4248968361414866
short_mid,whole_count_ce,a1_tail,37,5,0.96875,492.1461612435418,short_mid,96,128,32,146,64.0,13,13,12,10.258283631544067,10.908324552160169,6.081138040042149,3.047945205479452,6.774693583273252,13.253210616438356,2.2157534246575343,1.2352311643835616,0.5714897260273972,4.022474315068493,0.6604119974262722
short_mid,timestep_ce,none,11,2,0.75,54.31342963722199,short_mid,0,32,32,146,64.0,13,13,12,0.5670974155069582,0.0579557428872497,0.0,0.0,0.0198269646719538,0.7326626712328768,0.0117722602739726,0.0,0.0,0.0117722602739726,0.0349621848553647
short_mid,timestep_ce,none,11,3,0.875,117.0136826471659,short_mid,32,64,32,146,64.0,13,13,12,1.0352882703777335,0.1749209694415174,0.0,0.0,0.0598413842826243,1.337542808219178,0.0355308219178082,0.0,0.0,0.0355308219178082,0.0578016635509554
short_mid,timestep_ce,none,11,4,0.9375,242.10347130039656,short_mid,64,96,32,146,64.0,13,13,12,2.7794897282968853,1.6564805057955745,0.2708113804004215,0.0171232876712328,0.6647440519105984,3.5909674657534247,0.336472602739726,0.0550085616438356,0.0032106164383561,0.3946917808219178,0.2391604635711016
short_mid,timestep_ce,none,11,5,0.96875,492.1461612435418,short_mid,96,128,32,146,64.0,13,13,12,7.0884691848906565,7.389884088514226,4.46786090621707,2.4840182648401825,4.841023792357606,9.157962328767123,1.501070205479452,0.9075342465753424,0.4657534246575342,2.874357876712329,0.6829434770876106
short_mid,timestep_ce,none,23,2,0.75,54.31342963722199,short_mid,0,32,32,146,64.0,13,13,12,0.5488734261100067,0.0284510010537407,0.0,0.0,0.0097332372025955,0.7091181506849316,0.005779109589041,0.0,0.0,0.005779109589041,0.0177331179459301
short_mid,timestep_ce,none,23,3,0.875,117.0136826471659,short_mid,32,64,32,146,64.0,13,13,12,2.106693174287608,0.5563751317175974,0.006322444678609,0.0,0.1925018024513338,2.7217465753424657,0.1130136986301369,0.0012842465753424,0.0,0.1142979452054794,0.0913762881091735
short_mid,timestep_ce,none,23,4,0.9375,242.10347130039656,short_mid,64,96,32,146,64.0,13,13,12,4.474320742213386,3.0316122233930454,0.8619599578503688,0.182648401826484,1.389689978370584,5.780607876712328,0.6157962328767124,0.1750856164383561,0.0342465753424657,0.8251284246575342,0.3105923912113469
short_mid,timestep_ce,none,23,5,0.96875,492.1461612435418,short_mid,96,128,32,146,64.0,13,13,12,6.174950298210735,6.377239199157008,3.535300316122234,1.7728310502283104,3.9509733237202593,7.977739726027397,1.2953767123287672,0.7181078767123288,0.3324058219178082,2.345890410958904,0.6398388866166421
short_mid,timestep_ce,none,37,2,0.75,54.31342963722199,short_mid,0,32,32,146,64.0,13,13,12,0.7866136514247847,0.0326659641728134,0.0,0.0,0.0111751982696467,1.0162671232876712,0.0066352739726027,0.0,0.0,0.0066352739726027,0.0142067179350437
short_mid,timestep_ce,none,37,3,0.875,117.0136826471659,short_mid,32,64,32,146,64.0,13,13,12,1.9375414181577204,0.4320337197049526,0.0,0.0,0.1478010093727469,2.503210616438356,0.0877568493150685,0.0,0.0,0.0877568493150685,0.0762827612290637
short_mid,timestep_ce,none,37,4,0.9375,242.10347130039656,short_mid,64,96,32,146,64.0,13,13,12,3.411530815109344,2.272918861959958,0.5005268703898841,0.0399543378995433,0.9614275414563808,4.407534246575342,0.4616866438356164,0.1016695205479452,0.0074914383561643,0.570847602739726,0.2818170474082514
short_mid,timestep_ce,none,37,5,0.96875,492.1461612435418,short_mid,96,128,32,146,64.0,13,13,12,7.461398277004639,7.808219178082192,4.1506849315068495,1.9668949771689497,4.712328767123288,9.639768835616438,1.5860445205479452,0.8431078767123288,0.3687928082191781,2.797945205479452,0.6315610817407058
short_mid,timestep_ce,a1,11,2,0.75,54.31342963722199,short_mid,0,32,32,146,64.0,13,13,12,0.0001656726308813,0.0,0.0,0.0,0.0,0.0002140410958904,0.0,0.0,0.0,0.0,0.0
short_mid,timestep_ce,a1,11,3,0.875,117.0136826471659,short_mid,32,64,32,146,64.0,13,13,12,0.0071239231278992,0.0,0.0,0.0,0.0,0.0092037671232876,0.0,0.0,0.0,0.0,0.0
short_mid,timestep_ce,a1,11,4,0.9375,242.10347130039656,short_mid,64,96,32,146,64.0,13,13,12,0.0437375745526839,0.0263435194942044,0.0,0.0,0.0090122566690699,0.0565068493150684,0.0053510273972602,0.0,0.0,0.0053510273972602,0.2060529592973716
short_mid,timestep_ce,a1,11,5,0.96875,492.1461612435418,short_mid,96,128,32,146,64.0,13,13,12,0.1978131212723658,0.2497365648050579,0.0727081138040042,0.0148401826484018,0.1149963950973323,0.2555650684931507,0.0507277397260274,0.0147688356164383,0.0027825342465753,0.0682791095890411,0.5813385601402832
short_mid,timestep_ce,a1,23,2,0.75,54.31342963722199,short_mid,0,32,32,146,64.0,13,13,12,0.0316434724983432,0.0,0.0,0.0,0.0,0.0408818493150684,0.0,0.0,0.0,0.0,0.0
short_mid,timestep_ce,a1,23,3,0.875,117.0136826471659,short_mid,32,64,32,146,64.0,13,13,12,0.0883035122597746,0.0031612223393045,0.0,0.0,0.0010814708002883,0.114083904109589,0.0006421232876712,0.0,0.0,0.0006421232876712,0.0122472002824404
short_mid,timestep_ce,a1,23,4,0.9375,242.10347130039656,short_mid,64,96,32,146,64.0,13,13,12,0.3644797879390324,0.119072708113804,0.0094836670179135,0.0,0.0439798125450612,0.4708904109589041,0.0241866438356164,0.0019263698630136,0.0,0.0261130136986301,0.1206646129645408
short_mid,timestep_ce,a1,23,5,0.96875,492.1461612435418,short_mid,96,128,32,146,64.0,13,13,12,0.8588469184890656,0.7386722866174921,0.2971548998946259,0.0924657534246575,0.3835616438356164,1.1095890410958904,0.1500428082191781,0.0603595890410958,0.0173373287671232,0.2277397260273972,0.4466007102993404
short_mid,timestep_ce,a1,37,2,0.75,54.31342963722199,short_mid,0,32,32,146,64.0,13,13,12,0.1293903247183565,0.0042149631190727,0.0,0.0,0.0014419610670511,0.1671660958904109,0.0008561643835616,0.0,0.0,0.0008561643835616,0.0111442727281958
short_mid,timestep_ce,a1,37,3,0.875,117.0136826471659,short_mid,32,64,32,146,64.0,13,13,12,0.5440689198144466,0.0516332982086406,0.0,0.0,0.017664023071377,0.7029109589041096,0.0104880136986301,0.0,0.0,0.0104880136986301,0.0324665174356979
short_mid,timestep_ce,a1,37,4,0.9375,242.10347130039656,short_mid,64,96,32,146,64.0,13,13,12,1.9017561298873429,1.253951527924131,0.154899894625922,0.0068493150684931,0.4841384282624369,2.4569777397260277,0.254708904109589,0.0314640410958904,0.0012842465753424,0.2874571917808219,0.2545744013408894
short_mid,timestep_ce,a1,37,5,0.96875,492.1461612435418,short_mid,96,128,32,146,64.0,13,13,12,3.137508283631544,3.208640674394099,1.577449947312961,0.6940639269406392,1.8565248738284064,4.053510273972603,0.6517551369863014,0.3204195205479452,0.1301369863013698,1.1023116438356164,0.5917195130651739
short_mid,timestep_ce,a1_p2,11,2,0.75,54.31342963722199,short_mid,0,32,32,146,64.0,13,13,12,0.0043074884029158,0.0,0.0,0.0,0.0,0.0055650684931506,0.0,0.0,0.0,0.0,0.0
short_mid,timestep_ce,a1_p2,11,3,0.875,117.0136826471659,short_mid,32,64,32,146,64.0,13,13,12,0.0250165672630881,0.0042149631190727,0.0,0.0,0.0014419610670511,0.032320205479452,0.0008561643835616,0.0,0.0,0.0008561643835616,0.0576402450378872
short_mid,timestep_ce,a1_p2,11,4,0.9375,242.10347130039656,short_mid,64,96,32,146,64.0,13,13,12,0.1921802518223989,0.1496311907270811,0.0052687038988408,0.0,0.0529920692141312,0.2482876712328767,0.0303938356164383,0.001070205479452,0.0,0.0314640410958904,0.2757414911866345
short_mid,timestep_ce,a1_p2,11,5,0.96875,492.1461612435418,short_mid,96,128,32,146,64.0,13,13,12,0.7011265738899933,0.8387776606954689,0.3793466807165437,0.1404109589041096,0.4610670511896179,0.9058219178082192,0.1703767123287671,0.0770547945205479,0.0263270547945205,0.2737585616438356,0.6576088660161942
short_mid,timestep_ce,a1_p2,23,2,0.75,54.31342963722199,short_mid,0,32,32,146,64.0,13,13,12,0.0251822398939695,0.0,0.0,0.0,0.0,0.0325342465753424,0.0,0.0,0.0,0.0,0.0
short_mid,timestep_ce,a1_p2,23,3,0.875,117.0136826471659,short_mid,32,64,32,146,64.0,13,13,12,0.0896288933068257,0.0010537407797681,0.0,0.0,0.0003604902667627,0.1157962328767123,0.0002140410958904,0.0,0.0,0.0002140410958904,0.0040220318857305
short_mid,timestep_ce,a1_p2,23,4,0.9375,242.10347130039656,short_mid,64,96,32,146,64.0,13,13,12,0.4315772034459907,0.1517386722866175,0.0073761854583772,0.0,0.0544340302811824,0.5575770547945206,0.0308219178082191,0.0014982876712328,0.0,0.032320205479452,0.1261281407973961
short_mid,timestep_ce,a1_p2,23,5,0.96875,492.1461612435418,short_mid,96,128,32,146,64.0,13,13,12,0.6598740888005301,0.5152792413066386,0.1886195995785037,0.0547945205479452,0.2581110310021629,0.8525256849315068,0.1046660958904109,0.0383133561643835,0.0102739726027397,0.1532534246575342,0.3911519415337824
short_mid,timestep_ce,a1_p2,37,2,0.75,54.31342963722199,short_mid,0,32,32,146,64.0,13,13,12,0.2104042412193505,0.0115911485774499,0.0,0.0,0.0039653929343907,0.2718321917808219,0.0023544520547945,0.0,0.0,0.0023544520547945,0.0188465446866005
short_mid,timestep_ce,a1_p2,37,3,0.875,117.0136826471659,short_mid,32,64,32,146,64.0,13,13,12,0.5448972829688535,0.0326659641728134,0.0,0.0,0.0111751982696467,0.7039811643835616,0.0066352739726027,0.0,0.0,0.0066352739726027,0.0205088162832434
short_mid,timestep_ce,a1_p2,37,4,0.9375,242.10347130039656,short_mid,64,96,32,146,64.0,13,13,12,1.969184890656064,1.1728134878819811,0.1496311907270811,0.0057077625570776,0.4542177361211247,2.5440924657534247,0.2382277397260274,0.0303938356164383,0.001070205479452,0.2696917808219178,0.2306628180403086
short_mid,timestep_ce,a1_p2,37,5,0.96875,492.1461612435418,short_mid,96,128,32,146,64.0,13,13,12,3.795394300861498,3.9325605900948366,2.01159114857745,0.8778538812785388,2.310742609949531,4.903467465753424,0.7988013698630136,0.4086044520547945,0.164597602739726,1.3720034246575343,0.6088280760249408
short_mid,timestep_ce,tail,11,2,0.75,54.31342963722199,short_mid,0,32,32,146,64.0,13,13,12,0.1350231941683234,0.0042149631190727,0.0,0.0,0.0014419610670511,0.1744434931506849,0.0008561643835616,0.0,0.0,0.0008561643835616,0.0106793582830932
short_mid,timestep_ce,tail,11,3,0.875,117.0136826471659,short_mid,32,64,32,146,64.0,13,13,12,0.289430086149768,0.0547945205479452,0.0,0.0,0.0187454938716654,0.3739297945205479,0.0111301369863013,0.0,0.0,0.0111301369863013,0.0647669152887079
short_mid,timestep_ce,tail,11,4,0.9375,242.10347130039656,short_mid,64,96,32,146,64.0,13,13,12,0.8152750165672631,0.4952581664910432,0.0590094836670179,0.0,0.1896178803172314,1.0532962328767124,0.1005993150684931,0.011986301369863,0.0,0.1125856164383561,0.2325814927036799
short_mid,timestep_ce,tail,11,5,0.96875,492.1461612435418,short_mid,96,128,32,146,64.0,13,13,12,1.5513585155732272,1.4193888303477344,0.6775553213909379,0.2694063926940639,0.802451333813987,2.004280821917808,0.2883133561643836,0.1376284246575342,0.0505136986301369,0.4764554794520548,0.5172571818561753
short_mid,timestep_ce,tail,23,2,0.75,54.31342963722199,short_mid,0,32,32,146,64.0,13,13,12,0.2229953611663353,0.0,0.0,0.0,0.0,0.2880993150684932,0.0,0.0,0.0,0.0,0.0
short_mid,timestep_ce,tail,23,3,0.875,117.0136826471659,short_mid,32,64,32,146,64.0,13,13,12,0.8374751491053678,0.0811380400421496,0.0,0.0,0.0277577505407354,1.0819777397260273,0.0164811643835616,0.0,0.0,0.0164811643835616,0.0331445662243083
short_mid,timestep_ce,tail,23,4,0.9375,242.10347130039656,short_mid,64,96,32,146,64.0,13,13,12,1.465043074884029,0.7070600632244468,0.0832455216016859,0.0045662100456621,0.2718096611391492,1.892765410958904,0.1436215753424657,0.0169092465753424,0.0008561643835616,0.1613869863013698,0.1855301497948552
short_mid,timestep_ce,tail,23,5,0.96875,492.1461612435418,short_mid,96,128,32,146,64.0,13,13,12,1.926938369781312,1.487881981032666,0.6828240252897787,0.273972602739726,0.829127613554434,2.4895119863013697,0.3022260273972603,0.1386986301369863,0.0513698630136986,0.4922945205479452,0.4302823725745476
short_mid,timestep_ce,tail,37,2,0.75,54.31342963722199,short_mid,0,32,32,146,64.0,13,13,12,0.1383366467859509,0.0021074815595363,0.0,0.0,0.0007209805335255,0.1787243150684931,0.0004280821917808,0.0,0.0,0.0004280821917808,0.0052117826351622
short_mid,timestep_ce,tail,37,3,0.875,117.0136826471659,short_mid,32,64,32,146,64.0,13,13,12,0.5859840954274353,0.0579557428872497,0.0,0.0,0.0198269646719538,0.7570633561643836,0.0117722602739726,0.0,0.0,0.0117722602739726,0.0338353290245726
short_mid,timestep_ce,tail,37,4,0.9375,242.10347130039656,short_mid,64,96,32,146,64.0,13,13,12,1.377236580516899,0.6859852476290832,0.0379346680716543,0.0,0.2476568132660418,1.7793236301369864,0.1393407534246575,0.0077054794520547,0.0,0.1470462328767123,0.179821547560908
short_mid,timestep_ce,tail,37,5,0.96875,492.1461612435418,short_mid,96,128,32,146,64.0,13,13,12,2.8339960238568587,2.812434141201265,1.41622760800843,0.610730593607306,1.6395097332372026,3.6613869863013697,0.5712756849315068,0.2876712328767123,0.1145119863013698,0.973458904109589,0.578515184719967
short_mid,timestep_ce,a1_tail,11,2,0.75,54.31342963722199,short_mid,0,32,32,146,64.0,13,13,12,0.0089463220675944,0.0,0.0,0.0,0.0,0.0115582191780821,0.0,0.0,0.0,0.0,0.0
short_mid,timestep_ce,a1_tail,11,3,0.875,117.0136826471659,short_mid,32,64,32,146,64.0,13,13,12,0.0404241219350563,0.0073761854583772,0.0,0.0,0.0025234318673395,0.0522260273972602,0.0014982876712328,0.0,0.0,0.0014982876712328,0.062423912915007
short_mid,timestep_ce,a1_tail,11,4,0.9375,242.10347130039656,short_mid,64,96,32,146,64.0,13,13,12,0.3030152418820411,0.1738672286617492,0.0094836670179135,0.0,0.0627253064167267,0.3914811643835616,0.0353167808219178,0.0019263698630136,0.0,0.0372431506849315,0.2070037996344246
short_mid,timestep_ce,a1_tail,11,5,0.96875,492.1461612435418,short_mid,96,128,32,146,64.0,13,13,12,0.6759443339960238,0.8134878819810326,0.3846153846153846,0.117579908675799,0.4470079307858687,0.8732876712328768,0.1652397260273972,0.078125,0.0220462328767123,0.2654109589041096,0.6613087917214471
short_mid,timestep_ce,a1_tail,23,2,0.75,54.31342963722199,short_mid,0,32,32,146,64.0,13,13,12,0.042909211398277,0.0,0.0,0.0,0.0,0.0554366438356164,0.0,0.0,0.0,0.0,0.0
short_mid,timestep_ce,a1_tail,23,3,0.875,117.0136826471659,short_mid,32,64,32,146,64.0,13,13,12,0.1663353214049039,0.0052687038988408,0.0,0.0,0.0018024513338139,0.2148972602739726,0.001070205479452,0.0,0.0,0.001070205479452,0.0108362512459175
short_mid,timestep_ce,a1_tail,23,4,0.9375,242.10347130039656,short_mid,64,96,32,146,64.0,13,13,12,0.4317428760768721,0.1180189673340358,0.0042149631190727,0.0,0.0418168709444845,0.557791095890411,0.023972602739726,0.0008561643835616,0.0,0.0248287671232876,0.0968559604838482
short_mid,timestep_ce,a1_tail,23,5,0.96875,492.1461612435418,short_mid,96,128,32,146,64.0,13,13,12,0.9070576540755468,0.726027397260274,0.2655426765015806,0.0605022831050228,0.3583273251622206,1.171875,0.1474743150684931,0.0539383561643835,0.0113441780821917,0.2127568493150685,0.3950436045076098
short_mid,timestep_ce,a1_tail,37,2,0.75,54.31342963722199,short_mid,0,32,32,146,64.0,13,13,12,0.3101391650099404,0.0094836670179135,0.0,0.0,0.0032444124008651,0.4006849315068493,0.0019263698630136,0.0,0.0,0.0019263698630136,0.0104611502412511
short_mid,timestep_ce,a1_tail,37,3,0.875,117.0136826471659,short_mid,32,64,32,146,64.0,13,13,12,0.8788933068257124,0.0853530031612223,0.0,0.0,0.0291997116077865,1.13548801369863,0.0173373287671232,0.0,0.0,0.0173373287671232,0.0332232722459189
short_mid,timestep_ce,a1_tail,37,4,0.9375,242.10347130039656,short_mid,64,96,32,146,64.0,13,13,12,2.6626905235255136,1.4130663856691257,0.1917808219178082,0.002283105022831,0.5497476568132661,3.440068493150685,0.2870291095890411,0.0389554794520548,0.0004280821917808,0.3264126712328767,0.2064632190470927
short_mid,timestep_ce,a1_tail,37,5,0.96875,492.1461612435418,short_mid,96,128,32,146,64.0,13,13,12,4.330185553346587,4.204425711275026,2.01685985247629,0.8299086757990868,2.3904109589041096,5.594392123287672,0.8540239726027398,0.4096746575342466,0.1556078767123287,1.4193065068493151,0.5520343018688145
mid_long,whole_count_ce,none,11,2,0.75,54.31342963722199,short_mid,0,22,22,146,64.0,13,13,12,8.515934694861135,9.44764824216879,2.619407989271003,0.3254462432544624,4.230975945467654,11.002179327521793,1.9190535491905356,0.5320672478206725,0.0610211706102117,2.51214196762142,0.4968304827444014
mid_long,whole_count_ce,none,11,3,0.875,117.0136826471659,short_mid,22,44,22,146,64.0,13,13,12,8.533285137658895,9.80477057189386,4.17204713095124,0.7638024076380241,5.022743658648489,11.024595267745951,1.9915940224159403,0.8474470734744707,0.1432129514321295,2.9822540473225403,0.5886060969042548
mid_long,whole_count_ce,none,11,4,0.9375,242.10347130039656,short_mid,44,65,21,146,64.0,13,13,12,11.945848717220487,18.463947011892216,14.639169050127954,8.05218525766471,13.86754557626944,15.433463796477495,3.750489236790607,2.973581213307241,1.509784735812133,8.233855185909981,1.1608673359707578
mid_long,whole_count_ce,none,11,5,0.96875,492.1461612435418,short_mid,65,86,21,146,64.0,13,13,12,16.14920003786803,26.741331727633096,25.230367805710276,22.02043922591868,24.733614859065472,20.86399217221135,5.431833007175473,5.124918460534899,4.128832354859752,14.685583822570123,1.531569043733929
mid_long,whole_count_ce,none,11,6,0.984375,992.1669944116244,long,86,107,21,146,64.0,13,13,12,16.209283978667678,24.45160319132922,24.202719654774448,23.06762339639052,23.92941257252721,20.941617742987606,4.966731898238748,4.91617742987606,4.325179386823223,14.20808871493803,1.4762781998279288
mid_long,whole_count_ce,none,11,7,0.9921875,1992.177287539818,long,107,128,21,146,64.0,13,13,12,16.328946953201427,28.13829093281148,28.104571227858894,27.68601869971733,27.98393243382429,21.096216568819308,5.715590345727332,5.708741030658839,5.191128506196999,16.61545988258317,1.713762223248438
mid_long,whole_count_ce,none,23,2,0.75,54.31342963722199,short_mid,0,22,22,146,64.0,13,13,12,7.019940960298813,5.77526583006035,1.1388063990803716,0.0448318804483188,2.3794979353739265,9.069427148194272,1.1731008717310087,0.2313200498132005,0.0084059775840597,1.412826899128269,0.3389626706023806
mid_long,whole_count_ce,none,23,3,0.875,117.0136826471659,short_mid,22,44,22,146,64.0,13,13,12,11.867702873667088,18.631669700162853,9.320432991665868,2.1353258613532584,10.23687487710559,15.332503113325032,3.784557907845579,1.8932129514321292,0.400373599003736,6.078144458281445,0.862582673839931
mid_long,whole_count_ce,none,23,4,0.9375,242.10347130039656,short_mid,44,65,21,146,64.0,13,13,12,12.554514184732872,19.60720557980832,15.56084098549852,9.062839747771257,14.89312321900642,16.219830397912588,3.982713633398565,3.160795825179387,1.6992824527071102,8.842791911285062,1.1862763464887756
mid_long,whole_count_ce,none,23,5,0.96875,492.1461612435418,short_mid,65,86,21,146,64.0,13,13,12,11.712076745873963,17.169752621807415,15.915700737618543,13.359425962165687,15.537473821540152,15.131441617742988,3.4876060013046315,3.232876712328767,2.5048923679060664,9.225375081539465,1.3266198778123472
mid_long,whole_count_ce,none,23,6,0.984375,992.1669944116244,long,86,107,21,146,64.0,13,13,12,15.583704124459592,26.068543328817302,25.1581112950976,23.973907371167645,25.09561575170804,20.133398564905413,5.295172863666014,5.110241356816699,4.495107632093934,14.900521852576649,1.6103755276204783
mid_long,whole_count_ce,none,23,7,0.9921875,1992.177287539818,long,107,128,21,146,64.0,13,13,12,13.408564486099277,22.129760650308597,21.718701389934267,21.213307240704506,21.69972877398977,17.323222439660796,4.495107632093934,4.411611219830398,3.977495107632094,12.884213959556424,1.6183483919166726
mid_long,whole_count_ce,none,37,2,0.75,54.31342963722199,short_mid,0,22,22,146,64.0,13,13,12,4.389662027833002,4.395823354727464,0.7540952198486445,0.0282274802822748,1.7707281903388608,5.671232876712328,0.8929016189290162,0.1531755915317559,0.0052926525529265,1.0513698630136987,0.4033859962592604
mid_long,whole_count_ce,none,37,3,0.875,117.0136826471659,short_mid,22,44,22,146,64.0,13,13,12,9.841797698656546,13.986013986013988,6.051154325126928,1.1025321710253215,7.202988792029888,12.715130759651307,2.840909090909091,1.2291407222914073,0.2067247820672478,4.276774595267746,0.7318773472668649
mid_long,whole_count_ce,none,37,4,0.9375,242.10347130039656,short_mid,44,65,21,146,64.0,13,13,12,12.172047082583862,20.257514175322395,15.003663003663004,8.09045444661883,14.617914649637791,15.72570123939987,4.114807566862361,3.0476190476190474,1.5169602087410308,8.67938682322244,1.2009413495083792
mid_long,whole_count_ce,none,37,5,0.96875,492.1461612435418,short_mid,65,86,21,146,64.0,13,13,12,10.988544920950488,18.44949570976968,17.30142004114607,14.28832354859752,16.74267861434408,14.196673189823874,3.747553816046967,3.514350945857795,2.679060665362035,9.940965427266796,1.5236483751750336
mid_long,whole_count_ce,none,37,6,0.984375,992.1669944116244,long,86,107,21,146,64.0,13,13,12,15.88488118905614,28.745245621957952,28.57343569672337,27.336377473363772,28.24156281113743,20.522504892367905,5.838878016960209,5.803979125896934,5.125570776255708,16.76842791911285,1.7778894582223508
mid_long,whole_count_ce,none,37,7,0.9921875,1992.177287539818,long,107,128,21,146,64.0,13,13,12,10.218056738931493,19.71639319584525,19.8737518189573,19.48597521200261,19.69746283517012,13.201239399869538,4.004892367906066,4.036855838225701,3.653620352250489,11.695368558382256,1.927711240839116
mid_long,whole_count_ce,a1,11,2,0.75,54.31342963722199,short_mid,0,22,22,146,64.0,13,13,12,3.333935779263811,3.50225117348405,0.603889261423508,0.0398505603985056,1.4173166415415874,4.307285180572852,0.7113947696139477,0.12266500622665,0.0074719800747198,0.8415317559153176,0.4251181592509723
mid_long,whole_count_ce,a1,11,3,0.875,117.0136826471659,short_mid,22,44,22,146,64.0,13,13,12,4.327248629435508,5.652648721141872,1.6721908228757545,0.2141967621419676,2.5735072425771777,5.590597758405978,1.1481942714819426,0.3396637608966376,0.0401618929016189,1.5280199252801991,0.594721372160419
mid_long,whole_count_ce,a1,11,4,0.9375,242.10347130039656,short_mid,44,65,21,146,64.0,13,13,12,7.452428287418347,14.414371017110744,8.632244467860906,3.3468145248967165,8.941257252720844,9.628180039138943,2.92791911285062,1.7534246575342465,0.6275277234181343,5.308871493803001,1.1997776976688297
mid_long,whole_count_ce,a1,11,5,0.96875,492.1461612435418,short_mid,65,86,21,146,64.0,13,13,12,12.259648458455615,22.420392392995133,19.56224597320488,15.565122852794085,19.277783499845505,15.838878016960209,4.554142204827136,3.973581213307241,2.918460534898891,11.446183953033268,1.5724580982213567
mid_long,whole_count_ce,a1,11,6,0.984375,992.1669944116244,long,86,107,21,146,64.0,13,13,12,10.83505317302534,19.53976616990316,18.39169050127954,16.838443139813002,18.29395406324029,13.998369210697978,3.9690150032615783,3.735812133072407,3.157208088714938,10.862035225048924,1.6884046410389968
mid_long,whole_count_ce,a1,11,7,0.9921875,1992.177287539818,long,107,128,21,146,64.0,13,13,12,13.176307235949382,24.13849164534096,23.53153695619449,22.85018482278756,23.524015518247676,17.023157208088715,4.903131115459883,4.779843444227006,4.284409654272668,13.967384213959557,1.7853268823351565
mid_long,whole_count_ce,a1,23,2,0.75,54.31342963722199,short_mid,0,22,22,146,64.0,13,13,12,3.494427375143081,3.23709167544784,0.5441134208257495,0.0099626400996264,1.2967162613882153,4.514632627646327,0.6575342465753424,0.1105230386052303,0.0018679950186799,0.7699252801992528,0.371081187897093
mid_long,whole_count_ce,a1,23,3,0.875,117.0136826471659,short_mid,22,44,22,146,64.0,13,13,12,9.82733899632508,15.970878436631862,7.442858511351662,1.49439601494396,8.481877171134562,12.696450809464508,3.244084682440847,1.5118306351183064,0.2801992528019925,5.036114570361145,0.8630899141981718
mid_long,whole_count_ce,a1,23,4,0.9375,242.10347130039656,short_mid,44,65,21,146,64.0,13,13,12,10.682066332165736,17.807215615434792,13.091274022780873,6.559686888454012,12.642015998901362,13.800717547292887,3.617090671885193,2.659165035877365,1.229941291585127,7.506196999347685,1.1834803872012891
mid_long,whole_count_ce,a1,23,5,0.96875,492.1461612435418,short_mid,65,86,21,146,64.0,13,13,12,9.346587143803845,16.46806161874655,15.64112599729038,12.66536203522505,14.984310090294228,12.075342465753424,3.345075016307893,3.1771037181996085,2.3747553816046967,8.896934116112199,1.6031851904604362
mid_long,whole_count_ce,a1,23,6,0.984375,992.1669944116244,long,86,107,21,146,64.0,13,13,12,11.689355927924517,20.7279843444227,20.46143810527372,19.60078277886497,20.2808390840114,15.102087410306588,4.210371819960861,4.156229615133725,3.675146771037182,12.041748206131768,1.7349834506760824
mid_long,whole_count_ce,a1,23,7,0.9921875,1992.177287539818,long,107,128,21,146,64.0,13,13,12,12.970052699674966,21.57418836870892,21.476240654322847,21.195912154816263,21.421224293610734,16.75668623613829,4.382257012393999,4.362361382909328,3.9742335290280497,12.718851924331377,1.6515911530681415
mid_long,whole_count_ce,a1,37,2,0.75,54.31342963722199,short_mid,0,22,22,146,64.0,13,13,12,1.2530875353936983,1.115815691158157,0.0888974039658971,0.0,0.4121386904371764,1.6189290161892902,0.2266500622665006,0.0180572851805728,0.0,0.2447073474470734,0.3288985635849371
mid_long,whole_count_ce,a1,37,3,0.875,117.0136826471659,short_mid,22,44,22,146,64.0,13,13,12,5.586360624133984,7.435194942044257,2.498323594214005,0.2922374429223744,3.490594481221734,7.217310087173101,1.5102739726027397,0.5074719800747198,0.0547945205479452,2.0725404732254047,0.624842310777754
mid_long,whole_count_ce,a1,37,4,0.9375,242.10347130039656,short_mid,44,65,21,146,64.0,13,13,12,7.180283379090536,12.615986752973054,8.535902453710673,4.173081104587954,8.553987708998523,9.276581865622962,2.562622309197652,1.7338551859099804,0.7824527071102414,5.078930202217873,1.1913161719923626
mid_long,whole_count_ce,a1,37,5,0.96875,492.1461612435418,short_mid,65,86,21,146,64.0,13,13,12,8.055287323676986,15.278237743991168,13.036680214762406,9.656012176560122,12.73594946269784,10.407045009784737,3.103392041748206,2.6480756686236138,1.8105022831050228,7.561969993476842,1.5810670620355078
mid_long,whole_count_ce,a1,37,6,0.984375,992.1669944116244,long,86,107,21,146,64.0,13,13,12,11.558080090883273,24.454814591800893,24.090320638265844,22.55272885409872,23.72946063789611,14.932485322896282,4.967384213959557,4.89334637964775,4.2286366601435095,14.089367253750815,2.0530624854047623
mid_long,whole_count_ce,a1,37,7,0.9921875,1992.177287539818,long,107,128,21,146,64.0,13,13,12,7.646312600586954,16.617391740679412,16.628631642330273,16.09393346379648,16.455934356439045,9.87866927592955,3.3754076973255054,3.3776908023483365,3.0176125244618395,9.770711024135682,2.152139889647702
mid_long,whole_count_ce,a1_p2,11,2,0.75,54.31342963722199,short_mid,0,22,22,146,64.0,13,13,12,3.633230917525152,3.706102117061021,0.6253472554842417,0.0348692403486924,1.492822966507177,4.693960149439602,0.7528019925280199,0.1270236612702366,0.0065379825653798,0.8863636363636364,0.4108802882047594
mid_long,whole_count_ce,a1_p2,11,3,0.875,117.0136826471659,short_mid,22,44,22,146,64.0,13,13,12,4.106512440508465,5.140722291407223,1.4867324456365552,0.1876297218762972,2.3265386380022286,5.305417185554172,1.044209215442092,0.3019925280199252,0.0351805728518057,1.3813823163138232,0.5665485425180299
mid_long,whole_count_ce,a1_p2,11,4,0.9375,242.10347130039656,short_mid,44,65,21,146,64.0,13,13,12,8.6450187762315,15.912489337146871,10.290932811480756,4.301804740160905,10.322793284581316,11.168949771689498,3.2322243966079585,2.0903457273320285,0.8065883887801696,6.129158512720156,1.1940741312167726
mid_long,whole_count_ce,a1_p2,11,5,0.96875,492.1461612435418,short_mid,65,86,21,146,64.0,13,13,12,11.343999495092934,22.431632294645997,19.624868282402527,15.61904761904762,19.32008102447901,14.65590345727332,4.556425309849967,3.9863013698630136,2.9285714285714284,11.47129810828441,1.703110180217857
mid_long,whole_count_ce,a1_p2,11,6,0.984375,992.1669944116244,long,86,107,21,146,64.0,13,13,12,11.741613809208244,22.157057554317827,21.49069195644538,20.192215699065013,21.308614000755316,15.169602087410306,4.500652315720809,4.365296803652968,3.78604044357469,12.651989562948469,1.814794315926508
mid_long,whole_count_ce,a1_p2,11,7,0.9921875,1992.177287539818,long,107,128,21,146,64.0,13,13,12,13.48833980245511,25.050529379296503,24.64107581915801,23.973907371167645,24.57046726405054,17.426288323548597,5.088388780169602,5.005218525766471,4.495107632093934,14.588714938030009,1.8216079683563644
mid_long,whole_count_ce,a1_p2,23,2,0.75,54.31342963722199,short_mid,0,22,22,146,64.0,13,13,12,3.0589794565937707,2.6699875466998755,0.3785803237858032,0.0049813200498132,1.044504162023989,3.952054794520548,0.5423412204234122,0.0768991282689912,0.0009339975093399,0.6201743462017435,0.341455108425953
mid_long,whole_count_ce,a1_p2,23,3,0.875,117.0136826471659,short_mid,22,44,22,146,64.0,13,13,12,10.0514488824628,16.504262860427243,6.88035252418814,1.2602739726027397,8.397981254506128,12.9859900373599,3.352428393524284,1.397571606475716,0.2363013698630137,4.986301369863014,0.8354995735150633
mid_long,whole_count_ce,a1_p2,23,4,0.9375,242.10347130039656,short_mid,44,65,21,146,64.0,13,13,12,10.765628451513145,18.926388679813336,13.296803652968036,6.004783648619265,12.919971160778658,13.908675799086758,3.844422700587084,2.7009132420091326,1.1258969341161122,7.671232876712328,1.200113046717929
mid_long,whole_count_ce,a1_p2,23,5,0.96875,492.1461612435418,short_mid,65,86,21,146,64.0,13,13,12,8.008078513048693,13.939083747302924,12.394400120427518,9.628180039138943,12.049301335530608,10.346053489889108,2.831376386170907,2.5176125244618395,1.805283757338552,7.1542726679712985,1.5046432569182455
mid_long,whole_count_ce,a1_p2,23,6,0.984375,992.1669944116244,long,86,107,21,146,64.0,13,13,12,11.903436523714854,20.07125294796528,19.648953785940087,18.694498804087846,19.49201771552168,15.37866927592955,4.076973255055447,3.99119373776908,3.505218525766471,11.573385518590998,1.6375117955800689
mid_long,whole_count_ce,a1_p2,23,7,0.9921875,1992.177287539818,long,107,128,21,146,64.0,13,13,12,12.094796301555744,21.0989010989011,20.628430929800796,20.1174168297456,20.62800837710715,15.625896934116112,4.285714285714286,4.190150032615786,3.7720156555772992,12.247879973907372,1.7055275560493552
mid_long,whole_count_ce,a1_p2,37,2,0.75,54.31342963722199,short_mid,0,22,22,146,64.0,13,13,12,1.4297246822097718,1.3564517674106715,0.1088226841651499,0.0033208800332088,0.5023268008127417,1.8471357409713571,0.2755292652552926,0.022104607721046,0.0006226650062266,0.2982565379825654,0.3513451275362674
mid_long,whole_count_ce,a1_p2,37,3,0.875,117.0136826471659,short_mid,22,44,22,146,64.0,13,13,12,5.597927585999156,8.057476769805536,2.5351087268895487,0.2872561228725612,3.714491708723864,7.232254047322541,1.6366749688667497,0.5149439601494396,0.0538605230386052,2.2054794520547945,0.6635476525302134
mid_long,whole_count_ce,a1_p2,37,4,0.9375,242.10347130039656,short_mid,44,65,21,146,64.0,13,13,12,6.482754268042538,11.64132670981986,7.906467961262482,3.790389215046749,7.884368455385037,8.375407697325505,2.3646444879321598,1.6060013046314416,0.7106979778212655,4.681343770384866,1.2162065889573994
mid_long,whole_count_ce,a1_p2,37,5,0.96875,492.1461612435418,short_mid,65,86,21,146,64.0,13,13,12,6.87935876802676,13.50875608409855,11.38762607255758,8.233094150902371,11.117107838088373,8.887801696020874,2.743966079582518,2.3131115459882583,1.5437051532941943,6.60078277886497,1.6160093132164328
mid_long,whole_count_ce,a1_p2,37,6,0.984375,992.1669944116244,long,86,107,21,146,64.0,13,13,12,11.957966486793524,25.51457674745346,25.003964072457222,23.387692976734076,24.66824595735915,15.449119373776908,5.1826484018264845,5.078930202217873,4.385192433137639,14.646771037181995,2.0629131202703204
mid_long,whole_count_ce,a1_p2,37,7,0.9921875,1992.177287539818,long,107,128,21,146,64.0,13,13,12,6.969989586291773,16.089116363088966,16.349239801294594,15.775603392041749,16.079101864249665,9.004892367906066,3.268101761252446,3.320939334637965,2.957925636007828,9.54696673189824,2.3069047184623117
mid_long,whole_count_ce,tail,11,2,0.75,54.31342963722199,short_mid,0,22,22,146,64.0,13,13,12,6.219892764624375,6.1461825845387486,1.2476290832455217,0.1344956413449564,2.5719341941403946,8.035803237858032,1.2484433374844337,0.2534246575342466,0.0252179327521793,1.5270859277708593,0.4135013723658169
mid_long,whole_count_ce,tail,11,3,0.875,117.0136826471659,short_mid,22,44,22,146,64.0,13,13,12,6.140128923429122,6.7562027014081805,2.197911677363732,0.3536737235367372,3.174936094907256,7.9327521793275215,1.372353673723537,0.4464508094645081,0.0663138231631382,1.8851183063511832,0.517079711924701
mid_long,whole_count_ce,tail,11,4,0.9375,242.10347130039656,short_mid,44,65,21,146,64.0,13,13,12,10.076430307046609,16.193486878418387,10.637764062421596,4.621874320504458,10.638651423078244,13.018264840182647,3.2893020221787346,2.160795825179387,0.8666014350945858,6.316699282452707,1.055795663632831
mid_long,whole_count_ce,tail,11,5,0.96875,492.1461612435418,short_mid,65,86,21,146,64.0,13,13,12,12.872353182492349,22.82181745195444,20.008630638767624,15.881713415959991,19.66779963607649,16.630463144161773,4.635681669928245,4.064253098499674,2.9778212654924983,11.677756033920415,1.5279101930505303
mid_long,whole_count_ce,tail,11,6,0.984375,992.1669944116244,long,86,107,21,146,64.0,13,13,12,12.839534223232036,19.846454914948065,18.897486075568267,17.847358121330725,18.890513956123183,16.5880626223092,4.031311154598826,3.838551859099805,3.3463796477495107,11.21624266144814,1.471277199599844
mid_long,whole_count_ce,tail,11,7,0.9921875,1992.177287539818,long,107,128,21,146,64.0,13,13,12,12.467670169459431,21.257865422248983,20.7408299463094,20.05305501195912,20.70051841933601,16.107632093933464,4.318003913894325,4.212981082844096,3.7599478147423353,12.290932811480756,1.660335743404859
mid_long,whole_count_ce,tail,23,2,0.75,54.31342963722199,short_mid,0,22,22,146,64.0,13,13,12,5.277426350985,4.201168694319379,0.6912539515279241,0.016604400166044,1.6789670315265124,6.818181818181818,0.8533623910336239,0.1404109589041096,0.0031133250311332,0.9968866749688668,0.318141252925897
mid_long,whole_count_ce,tail,23,3,0.875,117.0136826471659,short_mid,22,44,22,146,64.0,13,13,12,10.824507500451835,15.871252035635598,6.866558099434812,1.323370693233707,8.196631054597889,13.984744707347447,3.2238480697384806,1.3947696139476962,0.24813200498132,4.866749688667497,0.757229005962234
mid_long,whole_count_ce,tail,23,4,0.9375,242.10347130039656,short_mid,44,65,21,146,64.0,13,13,12,10.915080942913946,17.489286968739023,12.79743087962266,6.093498586649272,12.285508291276136,14.101761252446185,3.5525114155251143,2.599478147423353,1.1425309849967384,7.294520547945205,1.1255535671727537
mid_long,whole_count_ce,tail,23,5,0.96875,492.1461612435418,short_mid,65,86,21,146,64.0,13,13,12,9.261257849727034,14.020974459330624,12.558181544482917,10.00217438573603,12.25145054416864,11.965101108936723,2.848010437051533,2.550880626223092,1.8754076973255056,7.27429876060013,1.3228711199882788
mid_long,whole_count_ce,tail,23,6,0.984375,992.1669944116244,long,86,107,21,146,64.0,13,13,12,12.32099466691912,19.4337899543379,18.61488283406092,17.6542726679713,18.591684691180006,15.918134377038486,3.9474885844748857,3.781148075668624,3.3101761252446185,11.038812785388128,1.5089434898545315
mid_long,whole_count_ce,tail,23,7,0.9921875,1992.177287539818,long,107,128,21,146,64.0,13,13,12,11.696929533907666,17.70445080034121,17.298208640674392,16.89410741465536,17.309575308133347,15.11187214611872,3.5962165688193086,3.5136986301369864,3.16764514024788,10.277560339204175,1.4798392396872575
mid_long,whole_count_ce,tail,37,2,0.75,54.31342963722199,short_mid,0,22,22,146,64.0,13,13,12,2.78619193927345,2.3757064852955265,0.2774212089280582,0.0066417600664176,0.9097463459395688,3.599626400996264,0.4825653798256538,0.0563511830635118,0.0012453300124533,0.540161892901619,0.3265196245513514
mid_long,whole_count_ce,tail,37,3,0.875,117.0136826471659,short_mid,22,44,22,146,64.0,13,13,12,8.501957949274052,9.778714436248682,3.0363061595938308,0.3702781237027812,4.501015927115422,10.98412204234122,1.9863013698630136,0.6167496886674969,0.0694271481942714,2.672478206724782,0.5294093377043515
mid_long,whole_count_ce,tail,37,4,0.9375,242.10347130039656,short_mid,44,65,21,146,64.0,13,13,12,7.452680740951119,10.991018114305785,6.928596517637613,3.091106762339639,7.106533456929996,9.628506196999348,2.2325505544683626,1.40737116764514,0.5795825179386823,4.219504240052185,0.9535539900268224
mid_long,whole_count_ce,tail,37,5,0.96875,492.1461612435418,short_mid,65,86,21,146,64.0,13,13,12,8.78815992931301,13.84916453409604,11.973706658638166,8.895846923244184,11.643354962749338,11.353881278538813,2.8131115459882583,2.4321591650358774,1.6679712981082844,6.9132420091324205,1.3248911099026306
mid_long,whole_count_ce,tail,37,6,0.984375,992.1669944116244,long,86,107,21,146,64.0,13,13,12,11.168544289816657,21.33333333333333,20.78097245220533,19.463361600347906,20.55385037937309,14.429223744292235,4.333333333333333,4.221135029354207,3.649380300065232,12.203848662752772,1.840333873960087
mid_long,whole_count_ce,tail,37,7,0.9921875,1992.177287539818,long,107,128,21,146,64.0,13,13,12,8.346366246962669,15.477344573234983,15.562446685734358,15.104153076755816,15.388608507570297,10.78310502283105,3.143835616438356,3.1611219830397914,2.832028701891716,9.136986301369864,1.8437494895662376
mid_long,whole_count_ce,a1_tail,11,2,0.75,54.31342963722199,short_mid,0,22,22,146,64.0,13,13,12,5.02464003855654,4.993581760705048,0.9855350129322732,0.074719800747198,2.069083043848725,6.49159402241594,1.014321295143213,0.200186799501868,0.0140099626400996,1.2285180572851806,0.4117873176927363
mid_long,whole_count_ce,a1_tail,11,3,0.875,117.0136826471659,short_mid,22,44,22,146,64.0,13,13,12,5.234291222362793,6.601398601398602,2.076827282306734,0.3022000830220008,3.0642983548535097,6.762453300124533,1.3409090909090908,0.4218555417185554,0.0566625155666251,1.8194271481942716,0.585427563098078
mid_long,whole_count_ce,a1_tail,11,4,0.9375,242.10347130039656,short_mid,44,65,21,146,64.0,13,13,12,7.803843605036448,13.545687189522804,8.378543830598625,3.425092411393781,8.582002952586947,10.082191780821915,2.75146771037182,1.7018917155903457,0.642204827136334,5.0955642530985,1.0997148824264351
mid_long,whole_count_ce,a1_tail,11,5,0.96875,492.1461612435418,short_mid,65,86,21,146,64.0,13,13,12,11.802707564138975,22.38667268804255,19.55582317226153,15.90954555338117,19.37281560064545,15.24853228962818,4.547292889758643,3.972276581865623,2.983039791258969,11.502609262883237,1.6413874100809955
mid_long,whole_count_ce,a1_tail,11,6,0.984375,992.1669944116244,long,86,107,21,146,64.0,13,13,12,9.74243428318975,17.85538662250991,16.972251492799437,15.445096760165251,16.792117279500122,12.58675799086758,3.626875407697325,3.4474885844748857,2.895955642530985,9.970319634703197,1.7236059070446457
mid_long,whole_count_ce,a1_tail,11,7,0.9921875,1992.177287539818,long,107,128,21,146,64.0,13,13,12,12.586323329862095,23.390235335440813,22.871594159265392,22.284844531419875,22.863734679163663,16.26092628832355,4.751141552511416,4.645792563600783,4.178408349641226,13.575342465753424,1.8165538958400629
mid_long,whole_count_ce,a1_tail,23,2,0.75,54.31342963722199,short_mid,0,22,22,146,64.0,13,13,12,4.097114283993012,3.5160455982373797,0.6100201168694319,0.0182648401826484,1.4173166415415874,5.293275217932752,0.7141967621419676,0.1239103362391033,0.0034246575342465,0.8415317559153176,0.3459304630771205
mid_long,whole_count_ce,a1_tail,23,3,0.875,117.0136826471659,short_mid,22,44,22,146,64.0,13,13,12,10.00156635941924,15.19225979499952,6.524762908324552,1.2669157326691574,7.829586419348495,12.921544209215442,3.0859277708592776,1.3253424657534247,0.237546699875467,4.64881693648817,0.782836021677222
mid_long,whole_count_ce,a1_tail,23,4,0.9375,242.10347130039656,short_mid,44,65,21,146,64.0,13,13,12,11.400296632901007,19.128706909528827,13.57298409353204,6.504022613611655,13.241322484292924,14.72863666014351,3.885518590998043,2.7570123939986955,1.2195042400521852,7.862035225048924,1.1614892937152843
mid_long,whole_count_ce,a1_tail,23,5,0.96875,492.1461612435418,short_mid,65,86,21,146,64.0,13,13,12,8.309003124112468,12.88413869235787,11.57870440062221,9.226353555120678,11.282452707110242,10.734833659491194,2.6170906718851925,2.3519243313763862,1.729941291585127,6.698956294846706,1.3578587633899084
mid_long,whole_count_ce,a1_tail,23,6,0.984375,992.1669944116244,long,86,107,21,146,64.0,13,13,12,12.882956230868755,21.209694415173868,20.66054493451754,19.807784300934987,20.579119030452844,16.64416177429876,4.308219178082192,4.1966731898238745,3.71395955642531,12.218851924331377,1.5973910538594682
mid_long,whole_count_ce,a1_tail,23,7,0.9921875,1992.177287539818,long,107,128,21,146,64.0,13,13,12,12.640600839407997,20.544934517537257,20.068041547493603,19.56251358991085,20.071548734850825,16.331050228310502,4.173189823874756,4.076320939334638,3.667971298108285,11.917482061317678,1.5878635034717896
mid_long,whole_count_ce,a1_tail,37,2,0.75,54.31342963722199,short_mid,0,22,22,146,64.0,13,13,12,2.111452497138382,1.799406073378676,0.1885238049621611,0.0016604400166044,0.6806056236481615,2.727895392278954,0.3655043586550436,0.0382938978829389,0.0003113325031133,0.4041095890410959,0.3223400121814606
mid_long,whole_count_ce,a1_tail,37,3,0.875,117.0136826471659,short_mid,22,44,22,146,64.0,13,13,12,6.786914874390024,7.959383082670754,2.6561931219465467,0.3935242839352428,3.755915317559153,8.768368617683686,1.6167496886674968,0.5395392278953923,0.073785803237858,2.230074719800747,0.5534053965715486
mid_long,whole_count_ce,a1_tail,37,4,0.9375,242.10347130039656,short_mid,44,65,21,146,64.0,13,13,12,7.661712266086024,11.7810226303377,7.707361132018666,3.818221352467928,7.872832766848628,9.89856490541422,2.393020221787345,1.5655577299412915,0.7159165035877365,4.674494455316373,1.0275552635534373
mid_long,whole_count_ce,a1_tail,37,5,0.96875,492.1461612435418,short_mid,65,86,21,146,64.0,13,13,12,8.030294423932595,13.455767976315922,11.373174770435044,8.177429876060014,11.07645826896007,10.374755381604697,2.733202870189172,2.3101761252446185,1.5332681017612524,6.576647097195043,1.3793340174364004
mid_long,whole_count_ce,a1_tail,37,6,0.984375,992.1669944116244,long,86,107,21,146,64.0,13,13,12,11.302092208652844,21.558131366350544,20.968839379798283,19.727766905849094,20.77852164658221,14.601761252446185,4.378995433789954,4.259295499021526,3.6989562948467056,12.337247227658189,1.838466831006231
mid_long,whole_count_ce,a1_tail,37,7,0.9921875,1992.177287539818,long,107,128,21,146,64.0,13,13,12,8.464514500299789,16.360479702945458,16.241657885493503,15.63818221352468,16.091736189789543,10.935746901500329,3.323222439660796,3.299086757990868,2.9321591650358774,9.55446836268754,1.9010820040794567
mid_long,timestep_ce,none,11,2,0.75,54.31342963722199,short_mid,0,22,22,146,64.0,13,13,12,3.0753659859027653,3.0700258645464125,0.5088610020116869,0.0149439601494396,1.2290751786065413,3.973225404732254,0.6235990037359901,0.1033623910336239,0.0028019925280199,0.7297633872976339,0.3996516786101312
mid_long,timestep_ce,none,11,3,0.875,117.0136826471659,short_mid,22,44,22,146,64.0,13,13,12,4.526778721609736,5.520835329054507,1.6629945397068684,0.2291407222914072,2.529986235826178,5.848381070983811,1.1214196762141968,0.3377957658779577,0.0429638854296388,1.5021793275217932,0.5588932862453917
mid_long,timestep_ce,none,11,4,0.9375,242.10347130039656,short_mid,44,65,21,146,64.0,13,13,12,7.2363280633658364,12.835967685282752,8.518239751116463,3.846053489889106,8.519929961891028,9.348988910632746,2.6073059360730597,1.7302674494455317,0.7211350293542075,5.058708414872799,1.177383043898116
mid_long,timestep_ce,none,11,5,0.96875,492.1461612435418,short_mid,65,86,21,146,64.0,13,13,12,12.294739499510872,23.01129007978323,20.241457172964022,16.229615133724725,19.92213410237924,15.884213959556424,4.674168297455969,4.111545988258317,3.0430528375733856,11.82876712328767,1.6203787077531662
mid_long,timestep_ce,none,11,6,0.984375,992.1669944116244,long,86,107,21,146,64.0,13,13,12,9.717693836978132,17.818455517085653,16.77475036379146,15.213742117851709,16.638857417516395,12.554794520547944,3.619373776908024,3.4073711676451404,2.852576647097195,9.879321591650358,1.7122228479972883
mid_long,timestep_ce,none,11,7,0.9921875,1992.177287539818,long,107,128,21,146,64.0,13,13,12,14.821546909022056,28.82713633398565,28.63605800592102,27.818221352467926,28.44316270127373,19.148727984344426,5.855512067840835,5.816699282452707,5.215916503587737,16.88812785388128,1.9190414385127392
mid_long,timestep_ce,none,23,2,0.75,54.31342963722199,short_mid,0,22,22,146,64.0,13,13,12,4.959334899692752,3.865504358655044,0.8353290545071367,0.0597758405977584,1.6270564331126696,6.407222914072229,0.7851805728518058,0.1696762141967621,0.0112079701120797,0.9660647571606475,0.3280795643007435
mid_long,timestep_ce,none,23,3,0.875,117.0136826471659,short_mid,22,44,22,146,64.0,13,13,12,12.13398397493825,18.35424849123479,9.33882555800364,2.244914902449149,10.182866880776038,15.676525529265255,3.7282067247820674,1.8969489414694891,0.4209215442092154,6.046077210460772,0.8392022687526137
mid_long,timestep_ce,none,23,4,0.9375,242.10347130039656,short_mid,44,65,21,146,64.0,13,13,12,12.43889046672347,19.73726729891113,16.008831351297104,9.656012176560122,15.278195488721805,16.07045009784736,4.0091324200913245,3.2517938682322245,1.8105022831050228,9.071428571428571,1.2282603122516471
mid_long,timestep_ce,none,23,5,0.96875,492.1461612435418,short_mid,65,86,21,146,64.0,13,13,12,11.7767048502635,19.63129108334588,18.608460033117566,15.72863666014351,18.048958011467025,15.214938030006524,3.987606001304632,3.779843444227006,2.949119373776908,10.716568819308543,1.5325983151444258
mid_long,timestep_ce,none,23,6,0.984375,992.1669944116244,long,86,107,21,146,64.0,13,13,12,13.364637571397015,21.362235937578404,21.148677806212053,20.52098282235269,21.02351769835548,17.266470971950422,4.339204174820614,4.295825179386823,3.847684279191129,12.482713633398564,1.573070544266011
mid_long,timestep_ce,none,23,7,0.9921875,1992.177287539818,long,107,128,21,146,64.0,13,13,12,13.158635488655367,20.724772943951027,20.495157810226303,20.04783648619265,20.43245099048992,17.000326157860403,4.209719504240052,4.163078930202218,3.758969341161122,12.131767775603391,1.5527788582718645
mid_long,timestep_ce,none,37,2,0.75,54.31342963722199,short_mid,0,22,22,146,64.0,13,13,12,2.879691547683596,2.7849410863109494,0.4337580227991187,0.0033208800332088,1.1021826047060366,3.720423412204234,0.5656911581569116,0.0881070983810709,0.0006226650062266,0.6544209215442092,0.3827432856802406
mid_long,timestep_ce,none,37,3,0.875,117.0136826471659,short_mid,22,44,22,146,64.0,13,13,12,7.475149105367794,8.535683494587603,2.492192738768081,0.2689912826899128,3.857639116471128,9.657534246575343,1.733810709838107,0.5062266500622665,0.0504358655043586,2.290473225404732,0.5160618286130259
mid_long,timestep_ce,none,37,4,0.9375,242.10347130039656,short_mid,44,65,21,146,64.0,13,13,12,8.080532676954148,12.969240804857243,8.922876210547443,4.108719286801478,8.786898753733649,10.43966079582518,2.6343770384866274,1.8124592302674492,0.7703848662752772,5.217221135029354,1.0874157812385403
mid_long,timestep_ce,none,37,5,0.96875,492.1461612435418,short_mid,65,86,21,146,64.0,13,13,12,7.813689292814542,12.860053188820311,10.480405439309548,7.485105457708197,10.348611254162805,10.094911937377692,2.612198303979126,2.1288323548597523,1.403457273320287,6.144487932159165,1.324420624669498
mid_long,timestep_ce,none,37,6,0.984375,992.1669944116244,long,86,107,21,146,64.0,13,13,12,12.740067531320015,25.44392593707662,24.21877665713282,22.363122417916937,24.051910598413844,16.45955642530985,5.1682974559686885,4.919439008480104,4.193085453359426,14.280821917808218,1.8878950632942049
mid_long,timestep_ce,none,37,7,0.9921875,1992.177287539818,long,107,128,21,146,64.0,13,13,12,9.031020227839312,17.025239600582065,16.822921370866577,16.26092628832355,16.714663370755655,11.66764514024788,3.458251793868232,3.417155903457273,3.0489236790606653,9.92433137638617,1.8508056619373408
mid_long,timestep_ce,a1,11,2,0.75,54.31342963722199,short_mid,0,22,22,146,64.0,13,13,12,0.0537381769986143,0.0030654277229619,0.0,0.0,0.0010486989578554,0.0694271481942714,0.0006226650062266,0.0,0.0,0.0006226650062266,0.0195149708536344
mid_long,timestep_ce,a1,11,3,0.875,117.0136826471659,short_mid,22,44,22,146,64.0,13,13,12,0.1224170130730766,0.194654660408085,0.0199252801992528,0.0,0.0734089270498787,0.1581569115815691,0.0395392278953922,0.0040473225404732,0.0,0.0435865504358655,0.5996627854827447
mid_long,timestep_ce,a1,11,4,0.9375,242.10347130039656,short_mid,44,65,21,146,64.0,13,13,12,0.6099277351762441,1.6362085403181297,0.6246173917406794,0.0643618177864753,0.7937652350053215,0.7879973907371167,0.33235485975212,0.1268754076973255,0.0120678408349641,0.4712981082844096,1.3014086574960488
mid_long,timestep_ce,a1,11,5,0.96875,492.1461612435418,short_mid,65,86,21,146,64.0,13,13,12,0.8906560636182903,2.13879271413518,1.4643986150835466,0.7566862361382909,1.471624266144814,1.1506849315068493,0.4344422700587084,0.2974559686888454,0.1418786692759295,0.8737769080234834,1.6522924238188423
mid_long,timestep_ce,a1,11,6,0.984375,992.1669944116244,long,86,107,21,146,64.0,13,13,12,1.064849001230711,2.3523508455015305,2.0263936976265744,1.6194824961948249,2.009407079342191,1.37573385518591,0.4778212654924983,0.4116112198303979,0.3036529680365297,1.193085453359426,1.887034759876561
mid_long,timestep_ce,a1,11,7,0.9921875,1992.177287539818,long,107,128,21,146,64.0,13,13,12,1.5755624980277068,3.7493100506799135,3.521300617191028,3.176342683191998,3.49036976001648,2.0355512067840835,0.7615786040443575,0.7152641878669276,0.5955642530984997,2.072407045009785,2.215316602410716
mid_long,timestep_ce,a1,23,2,0.75,54.31342963722199,short_mid,0,22,22,146,64.0,13,13,12,0.54316525091873,0.4644123000287384,0.0398505603985056,0.0,0.172510978567215,0.7017434620174346,0.0943337484433374,0.0080946450809464,0.0,0.1024283935242839,0.317603120367924
mid_long,timestep_ce,a1,23,3,0.875,117.0136826471659,short_mid,22,44,22,146,64.0,13,13,12,1.7593830953671907,2.883034773445732,0.7847494970782642,0.0381901203819012,1.266828341089336,2.273038605230386,0.5856164383561644,0.1594022415940224,0.0071606475716064,0.7521793275217933,0.7200412146877787
mid_long,timestep_ce,a1,23,4,0.9375,242.10347130039656,short_mid,44,65,21,146,64.0,13,13,12,4.84332102622361,8.839379798283908,4.980882131567063,1.709936942813655,5.2679644316270124,6.2573385518591,1.7954990215264188,1.0117416829745598,0.3206131767775603,3.127853881278539,1.087676080752075
mid_long,timestep_ce,a1,23,5,0.96875,492.1461612435418,short_mid,65,86,21,146,64.0,13,13,12,3.5267758528195903,6.7391238898088215,5.1270008530282505,3.268536638399652,5.091633192570467,4.556425309849967,1.3688845401174168,1.0414220482713634,0.6128506196999348,3.023157208088715,1.4437076256206651
mid_long,timestep_ce,a1,23,6,0.984375,992.1669944116244,long,86,107,21,146,64.0,13,13,12,6.091956199312064,11.556224597320488,10.584775954638967,9.525549032398349,10.582620935901398,7.870515329419439,2.347358121330724,2.1500326157860403,1.7860404435746902,6.283431180691455,1.7371465896449556
mid_long,timestep_ce,a1,23,7,0.9921875,1992.177287539818,long,107,128,21,146,64.0,13,13,12,3.9377702041717946,7.384615384615385,7.148577449947313,6.742335290280495,7.101040271912658,5.087410306588389,1.5,1.452054794520548,1.264187866927593,4.216242661448141,1.8033150498192092
mid_long,timestep_ce,a1,37,2,0.75,54.31342963722199,short_mid,0,22,22,146,64.0,13,13,12,0.0021688053497198,0.0,0.0,0.0,0.0,0.0028019925280199,0.0,0.0,0.0,0.0,0.0
mid_long,timestep_ce,a1,37,3,0.875,117.0136826471659,short_mid,22,44,22,146,64.0,13,13,12,0.0007229351165732,0.0,0.0,0.0,0.0,0.0009339975093399,0.0,0.0,0.0,0.0,0.0
mid_long,timestep_ce,a1,37,4,0.9375,242.10347130039656,short_mid,44,65,21,146,64.0,13,13,12,0.0292846098015084,0.0096342014150233,0.0,0.0,0.0032959110104027,0.0378343118069145,0.0019569471624266,0.0,0.0,0.0019569471624266,0.1125475474231161
mid_long,timestep_ce,a1,37,5,0.96875,492.1461612435418,short_mid,65,86,21,146,64.0,13,13,12,0.0461989964972072,0.0128456018866977,0.0032114004716744,0.0,0.0054931850173378,0.0596868884540117,0.0026092628832354,0.0006523157208088,0.0,0.0032615786040443,0.11890269126668
mid_long,timestep_ce,a1,37,6,0.984375,992.1669944116244,long,86,107,21,146,64.0,13,13,12,0.1832812647921992,0.0947363139143961,0.0561995082543027,0.0208741030658838,0.0582277611837813,0.2367906066536203,0.0192433137638617,0.0114155251141552,0.0039138943248532,0.0345727332028701,0.3176961990621294
mid_long,timestep_ce,a1,37,7,0.9921875,1992.177287539818,long,107,128,21,146,64.0,13,13,12,0.1736880305468774,0.2809975412715139,0.2376436349039088,0.1809088932376603,0.2345590002403268,0.2243966079582517,0.0570776255707762,0.0482713633398564,0.0339204174820613,0.139269406392694,1.3504615113764022
mid_long,timestep_ce,a1_p2,11,2,0.75,54.31342963722199,short_mid,0,22,22,146,64.0,13,13,12,0.0802457979396349,0.0061308554459239,0.0,0.0,0.0020973979157108,0.1036737235367372,0.0012453300124533,0.0,0.0,0.0012453300124533,0.0261371681703332
mid_long,timestep_ce,a1_p2,11,3,0.875,117.0136826471659,short_mid,22,44,22,146,64.0,13,13,12,0.0790409060786794,0.1042245425807069,0.0030654277229619,0.0,0.0367044635249393,0.1021170610211706,0.0211706102117061,0.0006226650062266,0.0,0.0217932752179327,0.4643730107091987
mid_long,timestep_ce,a1_p2,11,4,0.9375,242.10347130039656,short_mid,44,65,21,146,64.0,13,13,12,0.3206159866199627,0.8863465301821466,0.2826032415073511,0.0156555772994129,0.4048477357778006,0.4142204827136334,0.1800391389432485,0.0574037834311806,0.0029354207436399,0.2403783431180691,1.262718494002237
mid_long,timestep_ce,a1_p2,11,5,0.96875,492.1461612435418,short_mid,65,86,21,146,64.0,13,13,12,0.7280759885133643,1.7598474584775954,1.1432585679161025,0.5879539030223961,1.1788375047207058,0.9406392694063926,0.3574690150032615,0.2322243966079582,0.1102413568166992,0.6999347684279191,1.6191132839413334
mid_long,timestep_ce,a1_p2,11,6,0.984375,992.1669944116244,long,86,107,21,146,64.0,13,13,12,0.8472340559815709,1.713282151638316,1.3841136032916854,1.0489236790606653,1.3908744463899474,1.0945857795172864,0.3480104370515329,0.2811480756686236,0.1966731898238747,0.8258317025440313,1.6416649408392074
mid_long,timestep_ce,a1_p2,11,7,0.9921875,1992.177287539818,long,107,128,21,146,64.0,13,13,12,1.2796869576193632,3.35270209242812,3.123086958703397,2.771037181996086,3.090465890754283,1.6532941943900847,0.6810176125244618,0.6343770384866275,0.5195694716242661,1.8349641226353557,2.4150171042639688
mid_long,timestep_ce,a1_p2,23,2,0.75,54.31342963722199,short_mid,0,22,22,146,64.0,13,13,12,0.882703777335984,0.599291119839065,0.0459814158444295,0.0,0.2207511306285639,1.1404109589041096,0.12173100871731,0.0093399750933997,0.0,0.1310709838107098,0.2500851772661434
mid_long,timestep_ce,a1_p2,23,3,0.875,117.0136826471659,short_mid,22,44,22,146,64.0,13,13,12,1.769745165371408,3.056231439793084,0.8705814733211994,0.033208800332088,1.353870354591335,2.286425902864259,0.6207970112079702,0.1768368617683686,0.0062266500622665,0.8038605230386052,0.7650086470541112
mid_long,timestep_ce,a1_p2,23,4,0.9375,242.10347130039656,short_mid,44,65,21,146,64.0,13,13,12,4.647921991858373,8.884339404887351,4.854031812935922,1.603826918895412,5.206440759432828,6.004892367906066,1.804631441617743,0.9859752120026092,0.3007175472928897,3.0913242009132422,1.1201652627890046
mid_long,timestep_ce,a1_p2,23,5,0.96875,492.1461612435418,short_mid,65,86,21,146,64.0,13,13,12,3.144813657736123,5.981233378493653,4.553765868834362,2.898021308980213,4.5192433137638615,4.062948467058056,1.2149380300065231,0.9249836921069796,0.54337899543379,2.6833007175472927,1.4370464534986656
mid_long,timestep_ce,a1_p2,23,6,0.984375,992.1669944116244,long,86,107,21,146,64.0,13,13,12,6.153554861308341,11.95443825580812,11.044006222088411,9.920417482061318,11.000652315720808,7.950097847358121,2.4282452707110243,2.243313763861709,1.860078277886497,6.53163731245923,1.7876906217070598
mid_long,timestep_ce,a1_p2,23,7,0.9921875,1992.177287539818,long,107,128,21,146,64.0,13,13,12,4.474738868377039,8.648301470219279,8.44437754026795,8.005218525766471,8.375459195935044,5.781148075668623,1.756686236138291,1.7152641878669277,1.5009784735812133,4.972928897586431,1.8717202148094896
mid_long,timestep_ce,a1_p2,37,2,0.75,54.31342963722199,short_mid,0,22,22,146,64.0,13,13,12,0.0024097837219109,0.0,0.0,0.0,0.0,0.0031133250311332,0.0,0.0,0.0,0.0,0.0
mid_long,timestep_ce,a1_p2,37,3,0.875,117.0136826471659,short_mid,22,44,22,146,64.0,13,13,12,0.0163865293089945,0.0229907079222147,0.0015327138614809,0.0,0.0083895916628432,0.0211706102117061,0.0046699875466998,0.0003113325031133,0.0,0.0049813200498132,0.5119810000424106
mid_long,timestep_ce,a1_p2,37,4,0.9375,242.10347130039656,short_mid,44,65,21,146,64.0,13,13,12,0.1004765060431064,0.1605700235837222,0.0385368056600933,0.0,0.0681154942149895,0.1298108284409654,0.0326157860404435,0.0078277886497064,0.0,0.04044357469015,0.677924590508418
mid_long,timestep_ce,a1_p2,37,5,0.96875,492.1461612435418,short_mid,65,86,21,146,64.0,13,13,12,0.2269557259616901,0.2392493351397461,0.1364845200461638,0.060882800608828,0.1477666769663885,0.2932159165035877,0.0485975212002609,0.027723418134377,0.0114155251141552,0.0877364644487932,0.651081510899317
mid_long,timestep_ce,a1_p2,37,6,0.984375,992.1669944116244,long,86,107,21,146,64.0,13,13,12,0.3405598157089211,0.4174820613176777,0.2938431431582116,0.1669928245270711,0.2960826724345109,0.4399869536855838,0.0848010437051532,0.0596868884540117,0.0313111545988258,0.1757990867579908,0.8693999079667547
mid_long,timestep_ce,a1_p2,37,7,0.9921875,1992.177287539818,long,107,128,21,146,64.0,13,13,12,0.3380352803812048,0.63585729339154,0.5555722815996789,0.4366166557947379,0.54547327222165,0.4367253750815394,0.1291585127201565,0.1128506196999347,0.0818656229615133,0.3238747553816047,1.6136578158543564
mid_long,timestep_ce,tail,11,2,0.75,54.31342963722199,short_mid,0,22,22,146,64.0,13,13,12,1.1728417374540634,0.4245617396302328,0.0030654277229619,0.0,0.1462935046208298,1.5152552926525529,0.086239103362391,0.0006226650062266,0.0,0.0868617683686176,0.1247342245326255
mid_long,timestep_ce,tail,11,3,0.875,117.0136826471659,short_mid,22,44,22,146,64.0,13,13,12,1.6825109946382313,0.9794041574863492,0.1777948079317942,0.0,0.3958838565904175,2.1737235367372354,0.1989414694894146,0.0361145703611457,0.0,0.2350560398505604,0.2352934737734295
mid_long,timestep_ce,tail,11,4,0.9375,242.10347130039656,short_mid,44,65,21,146,64.0,13,13,12,2.853987187983212,3.5196949169551908,1.459581514376035,0.4157425527288541,1.8347237957908469,3.6872146118721454,0.7149380300065231,0.2964774951076321,0.0779517286366601,1.0893672537508154,0.6428633609555081
mid_long,timestep_ce,tail,11,5,0.96875,492.1461612435418,short_mid,65,86,21,146,64.0,13,13,12,3.132695888163085,4.406041447137338,2.8212153143659995,1.6716677538595346,3.000377656469942,4.047292889758643,0.8949771689497716,0.5730593607305936,0.3134377038486627,1.781474233529028,0.957762184260174
mid_long,timestep_ce,tail,11,6,0.984375,992.1669944116244,long,86,107,21,146,64.0,13,13,12,2.4384486730411186,3.0171107431381405,2.349139445029856,1.770819743422483,2.395028667559309,3.150358773646445,0.6128506196999348,0.4771689497716895,0.3320287018917155,1.4220482713633398,0.9821935946563688
mid_long,timestep_ce,tail,11,7,0.9921875,1992.177287539818,long,107,128,21,146,64.0,13,13,12,2.0633027233424848,3.1905263686085603,2.90150032615786,2.5553381169819525,2.8910632746249183,2.665688193085453,0.6480756686236139,0.5893672537508154,0.4791258969341161,1.716568819308545,1.4011823092742726
mid_long,timestep_ce,tail,23,2,0.75,54.31342963722199,short_mid,0,22,22,146,64.0,13,13,12,2.8498102295318994,1.814733211993486,0.1915892326851231,0.0,0.6863734679163662,3.6818181818181817,0.3686176836861768,0.0389165628891656,0.0,0.4075342465753425,0.2408488329516269
mid_long,timestep_ce,tail,23,3,0.875,117.0136826471659,short_mid,22,44,22,146,64.0,13,13,12,7.410566901620579,9.138040042149632,2.9903247437494014,0.406807804068078,4.27764304909222,9.57409713574097,1.856164383561644,0.6074097135740971,0.0762764632627646,2.5398505603985058,0.5772356023338463
mid_long,timestep_ce,tail,23,4,0.9375,242.10347130039656,short_mid,44,65,21,146,64.0,13,13,12,7.492063492063492,10.96532691053239,6.3457273320287015,2.1900413133289844,6.613794760874789,9.67938682322244,2.227332028701892,1.28897586431833,0.4106327462491846,3.9269406392694064,0.8827734532523553
mid_long,timestep_ce,tail,23,5,0.96875,492.1461612435418,short_mid,65,86,21,146,64.0,13,13,12,5.681466755025403,7.981935872346831,6.570525365045913,4.842791911285062,6.5077762900401686,7.340182648401827,1.6213307240704502,1.3346379647749511,0.9080234833659492,3.86399217221135,1.1454394737562923
mid_long,timestep_ce,tail,23,6,0.984375,992.1669944116244,long,86,107,21,146,64.0,13,13,12,8.823250970368267,13.712680014049877,12.776556776556776,11.842574472711458,12.801867682905897,11.399217221135029,2.785388127853881,2.595238095238096,2.2204827136333987,7.601108936725375,1.4509241237611048
mid_long,timestep_ce,tail,23,7,0.9921875,1992.177287539818,long,107,128,21,146,64.0,13,13,12,6.89804032945186,10.910733102513923,10.443474333885291,10.143074581430746,10.508462938167336,8.911937377690803,2.216242661448141,2.12133072407045,1.9018264840182648,6.239399869536856,1.5233983039067518
mid_long,timestep_ce,tail,37,2,0.75,54.31342963722199,short_mid,0,22,22,146,64.0,13,13,12,1.483221880836195,1.114282977296676,0.1164862534725548,0.0,0.4210526315789473,1.916251556662516,0.2263387297633873,0.0236612702366127,0.0,0.25,0.2838770362136046
mid_long,timestep_ce,tail,37,3,0.875,117.0136826471659,short_mid,22,44,22,146,64.0,13,13,12,3.4816555214169527,2.8355206437398217,0.6406743940990516,0.0381901203819012,1.2012846562233728,4.49813200498132,0.5759651307596513,0.1301369863013698,0.0071606475716064,0.7132627646326276,0.3450325998174793
mid_long,timestep_ce,tail,37,4,0.9375,242.10347130039656,short_mid,44,65,21,146,64.0,13,13,12,3.008488750039446,3.3494906919564453,1.35842239951829,0.3513807349423787,1.7215641844336869,3.8868232224396606,0.680365296803653,0.2759295499021526,0.065883887801696,1.0221787345075015,0.5722355399903405
mid_long,timestep_ce,tail,37,5,0.96875,492.1461612435418,short_mid,65,86,21,146,64.0,13,13,12,1.887847518066206,2.912740227808721,1.8304982688544331,0.9410741465535986,1.919868163559584,2.4390084801043703,0.5916503587736465,0.3718199608610567,0.1764514024787997,1.139921722113503,1.0169614575260706
mid_long,timestep_ce,tail,37,6,0.984375,992.1669944116244,long,86,107,21,146,64.0,13,13,12,1.3824355454574142,1.785538662250991,1.4868784183852677,1.0593607305936072,1.4540460740893328,1.7860404435746902,0.3626875407697325,0.3020221787345075,0.1986301369863013,0.8633398564905415,1.0518002657463676
mid_long,timestep_ce,tail,37,7,0.9921875,1992.177287539818,long,107,128,21,146,64.0,13,13,12,1.8100918299725457,2.596417281348788,2.4422700587084147,2.238747553816047,2.430734370172005,2.3385518590998045,0.5273972602739726,0.4960861056751467,0.4197651663405088,1.4432485322896282,1.3428790351530802
mid_long,timestep_ce,a1_tail,11,2,0.75,54.31342963722199,short_mid,0,22,22,146,64.0,13,13,12,0.4108681245858184,0.1195516811955168,0.0,0.0,0.040899259356361,0.5308219178082192,0.0242839352428393,0.0,0.0,0.0242839352428393,0.0995435199495947
mid_long,timestep_ce,a1_tail,11,3,0.875,117.0136826471659,short_mid,22,44,22,146,64.0,13,13,12,0.4915958792698355,0.4168981703228278,0.0352524188140626,0.0,0.154683096283673,0.635118306351183,0.0846824408468244,0.0071606475716064,0.0,0.0918430884184308,0.3146549896093982
mid_long,timestep_ce,a1_tail,11,4,0.9375,242.10347130039656,short_mid,44,65,21,146,64.0,13,13,12,0.9131244280349649,1.1368357669727531,0.4014250589593055,0.0434877147205914,0.5399800872043121,1.1797129810828442,0.2309197651663405,0.0815394651011089,0.0081539465101108,0.3206131767775603,0.5913543331288861
mid_long,timestep_ce,a1_tail,11,5,0.96875,492.1461612435418,short_mid,65,86,21,146,64.0,13,13,12,1.6677080374893496,2.3539565457373675,1.5511064278187563,0.9828223526853664,1.646307549696158,2.1545988258317026,0.4781474233529028,0.3150684931506849,0.1842791911285062,0.977495107632094,0.9871677252180132
mid_long,timestep_ce,a1_tail,11,6,0.984375,992.1669944116244,long,86,107,21,146,64.0,13,13,12,2.100160939127142,3.113452757288374,2.622108485122184,2.125679495542509,2.6334328973117724,2.713307240704501,0.632420091324201,0.5326157860404436,0.3985649054142204,1.563600782778865,1.25391956790048
mid_long,timestep_ce,a1_tail,11,7,0.9921875,1992.177287539818,long,107,128,21,146,64.0,13,13,12,1.7330935024772005,3.1487781624767925,2.895077525214512,2.612741900413133,2.89271123013012,2.2390737116764514,0.6395955642530985,0.5880626223091977,0.4898891063274624,1.7175472928897586,1.6691028072030838
mid_long,timestep_ce,a1_tail,23,2,0.75,54.31342963722199,short_mid,0,22,22,146,64.0,13,13,12,1.536237122718236,1.114282977296676,0.1149535396110738,0.0,0.4205282821000197,1.9847447073474471,0.2263387297633873,0.0233499377334993,0.0,0.2496886674968866,0.2737391746893422
mid_long,timestep_ce,a1_tail,23,3,0.875,117.0136826471659,short_mid,22,44,22,146,64.0,13,13,12,3.406470269293331,4.090813296292748,1.2292365169077497,0.0929846409298464,1.8493806121780167,4.4009962640099625,0.8309464508094645,0.2496886674968866,0.0174346201743462,1.0980697384806974,0.5429023199905012
mid_long,timestep_ce,a1_tail,23,4,0.9375,242.10347130039656,short_mid,44,65,21,146,64.0,13,13,12,6.570860550979836,10.758191580109388,6.059912690049677,2.233529028049576,6.458886943385862,8.489236790606654,2.18525766470972,1.2309197651663406,0.4187866927592955,3.834964122635356,0.9829590649922898
mid_long,timestep_ce,a1_tail,23,5,0.96875,492.1461612435418,short_mid,65,86,21,146,64.0,13,13,12,4.36138723216258,6.663655978724472,5.23137136835767,3.654707545118504,5.223469632986576,5.634703196347032,1.3535551206784084,1.0626223091976517,0.6852576647097195,3.10143509458578,1.19766243053739
mid_long,timestep_ce,a1_tail,23,6,0.984375,992.1669944116244,long,86,107,21,146,64.0,13,13,12,6.187888541765282,10.616889959355714,9.921621757238196,9.106327462491846,9.902015312253235,7.994455316373124,2.156555772994129,2.0153294194390083,1.7074363992172212,5.879321591650359,1.6002252214821548
mid_long,timestep_ce,a1_tail,23,7,0.9921875,1992.177287539818,long,107,128,21,146,64.0,13,13,12,4.632774779892076,7.341261478247779,7.102012143108033,6.787562513589911,7.084560716860644,5.985322896281801,1.4911937377690805,1.442596216568819,1.2726679712981084,4.206457925636008,1.5292262312448708
mid_long,timestep_ce,a1_tail,37,2,0.75,54.31342963722199,short_mid,0,22,22,146,64.0,13,13,12,0.1166335321404904,0.1333461059488456,0.0030654277229619,0.0,0.0466671036245657,0.1506849315068493,0.0270859277708592,0.0006226650062266,0.0,0.0277085927770859,0.4001173827810781
mid_long,timestep_ce,a1_tail,37,3,0.875,117.0136826471659,short_mid,22,44,22,146,64.0,13,13,12,0.5711187420928971,0.5916275505316602,0.0659066960436823,0.0,0.2249459264599855,0.7378580323785803,0.1201743462017434,0.0133872976338729,0.0,0.1335616438356164,0.3938689275642722
mid_long,timestep_ce,a1_tail,37,4,0.9375,242.10347130039656,short_mid,44,65,21,146,64.0,13,13,12,1.1691123102653918,1.4114105073009182,0.4720758693361433,0.0661013263752989,0.6652247055996154,1.510437051532942,0.286692759295499,0.0958904109589041,0.0123939986953685,0.3949771689497717,0.5689998298355164
mid_long,timestep_ce,a1_tail,37,5,0.96875,492.1461612435418,short_mid,65,86,21,146,64.0,13,13,12,1.2887752847991416,1.8256811681469216,1.191429574991219,0.6331811263318112,1.232121399388883,1.6650358773646443,0.3708414872798434,0.2420091324200913,0.1187214611872146,0.7315720808871494,0.9560405246139648
mid_long,timestep_ce,a1_tail,37,6,0.984375,992.1669944116244,long,86,107,21,146,64.0,13,13,12,0.8649058032755846,0.9168548346630538,0.69366250188168,0.487062404870624,0.7047756377244481,1.1174168297455969,0.1862361382909328,0.1409001956947162,0.091324200913242,0.418460534898891,0.8148582597726953
mid_long,timestep_ce,a1_tail,37,7,0.9921875,1992.177287539818,long,107,128,21,146,64.0,13,13,12,0.7659440184291079,1.2749259872547545,1.1368357669727531,0.9062839747771254,1.11127132900745,0.989562948467058,0.2589693411611219,0.2309197651663405,0.169928245270711,0.6598173515981736,1.4508518929184693
