architecture,seed,sample_index,label,length,routing_disagreement_rate,mean_abs_bin_error,within1_bin_accuracy
gru64_progress,11,0,8,57,0.9473684210526316,1.631578947368421,0.3508771929824561
gru64_progress,11,1,1,102,0.6372549019607843,0.7549019607843137,0.8921568627450981
gru64_progress,11,2,11,70,0.8714285714285714,1.957142857142857,0.4571428571428571
gru64_progress,11,3,4,114,0.6754385964912281,0.9298245614035088,0.7894736842105263
gru64_progress,11,4,5,109,0.5871559633027523,0.6055045871559633,0.9908256880733946
gru64_progress,11,5,2,72,0.8611111111111112,1.1944444444444444,0.6805555555555556
gru64_progress,11,6,7,93,0.7096774193548387,0.956989247311828,0.7634408602150538
gru64_progress,11,7,3,95,0.5894736842105263,0.7157894736842105,0.8842105263157894
gru64_progress,11,8,6,102,0.2647058823529412,0.2941176470588235,0.9803921568627452
gru64_progress,11,9,0,109,0.3211009174311927,0.3486238532110092,0.981651376146789
gru64_progress,11,10,9,108,0.3611111111111111,0.3888888888888889,0.9814814814814816
gru64_progress,11,11,0,104,0.4711538461538461,0.5,0.9807692307692308
gru64_progress,11,12,5,114,0.6666666666666666,0.7719298245614035,0.9035087719298246
gru64_progress,11,13,6,102,0.196078431372549,0.2254901960784313,0.9803921568627452
gru64_progress,11,14,4,115,0.7130434782608696,1.2260869565217392,0.591304347826087
gru64_progress,11,15,3,95,0.4947368421052631,0.5473684210526316,0.9578947368421052
gru64_progress,11,16,8,58,0.8448275862068966,1.6896551724137931,0.5517241379310345
gru64_progress,11,17,7,91,0.6923076923076923,0.7912087912087912,0.912087912087912
gru64_progress,11,18,1,119,0.6470588235294118,0.8067226890756303,0.8487394957983193
gru64_progress,11,19,11,86,0.4883720930232558,0.5930232558139535,0.9069767441860463
gru64_progress,11,20,9,103,0.4077669902912621,0.4660194174757281,0.9514563106796116
gru64_progress,11,21,2,70,0.9428571428571428,1.6857142857142855,0.3428571428571428
gru64_progress,11,22,10,61,0.8852459016393442,1.459016393442623,0.4754098360655737
gru64_progress,11,23,9,108,0.4166666666666667,0.4629629629629629,0.9629629629629628
gru64_progress,11,24,11,94,0.6063829787234043,0.6595744680851063,0.9574468085106383
gru64_progress,11,25,2,76,0.5789473684210527,0.7236842105263158,0.868421052631579
gru64_progress,11,26,0,119,0.5966386554621849,0.6638655462184874,0.9411764705882352
gru64_progress,11,27,10,77,0.2987012987012987,0.3376623376623376,0.974025974025974
gru64_progress,11,28,6,110,0.6818181818181818,0.9454545454545454,0.7454545454545455
gru64_progress,11,29,1,126,0.7380952380952381,0.9761904761904762,0.8015873015873016
gru64_progress,11,30,7,98,0.7244897959183674,0.826530612244898,0.9081632653061223
gru64_progress,11,31,5,113,0.8230088495575221,2.106194690265487,0.3982300884955752
gru64_progress,11,32,4,125,0.728,1.488,0.56
gru64_progress,11,33,8,46,0.9565217391304348,2.4565217391304346,0.2608695652173913
gru64_progress,11,34,1,77,0.2337662337662337,0.2727272727272727,0.974025974025974
gru64_progress,11,35,11,58,0.913793103448276,1.7758620689655171,0.4137931034482758
gru64_progress,11,36,4,88,0.4090909090909091,0.4431818181818182,0.9772727272727272
gru64_progress,11,37,5,112,0.4553571428571428,0.5,0.9642857142857144
gru64_progress,11,38,2,60,0.9166666666666666,2.433333333333333,0.2666666666666666
gru64_progress,11,39,7,49,0.9591836734693876,2.183673469387755,0.2857142857142857
gru64_progress,11,40,3,83,0.5542168674698795,0.7831325301204819,0.7831325301204819
gru64_progress,11,41,6,87,0.5862068965517241,0.8045977011494253,0.7931034482758621
gru64_progress,11,42,0,84,0.5714285714285714,0.6071428571428571,0.9761904761904762
gru64_progress,11,43,9,71,0.7464788732394366,1.0140845070422535,0.7464788732394366
gru64_progress,11,44,5,113,0.7433628318584071,1.2212389380530972,0.5752212389380531
gru64_progress,11,45,8,52,0.9230769230769232,1.6730769230769231,0.4615384615384615
gru64_progress,11,46,3,78,0.717948717948718,1.1025641025641026,0.6666666666666666
gru64_progress,11,47,4,94,0.6914893617021277,0.7340425531914894,0.9680851063829788
gru64_progress,11,48,6,87,0.5747126436781609,0.7241379310344828,0.8620689655172413
gru64_progress,11,49,1,102,0.5686274509803921,0.7254901960784313,0.8529411764705882
gru64_progress,11,50,10,55,0.8545454545454545,1.3636363636363635,0.6181818181818182
gru64_progress,11,51,0,131,0.7938931297709924,1.1297709923664123,0.6717557251908397
gru64_progress,11,52,9,80,0.6875,1.175,0.6
gru64_progress,11,53,7,62,0.8548387096774194,1.564516129032258,0.4516129032258064
gru64_progress,11,54,6,75,0.6533333333333333,0.8533333333333334,0.8133333333333334
gru64_progress,11,55,4,94,0.4042553191489361,0.4361702127659574,0.9787234042553192
gru64_progress,11,56,3,79,0.5189873417721519,0.569620253164557,0.9620253164556962
gru64_progress,11,57,8,57,0.8947368421052632,1.824561403508772,0.3859649122807017
gru64_progress,11,58,7,50,0.92,2.48,0.26
gru64_progress,11,59,1,124,0.8387096774193549,1.4596774193548387,0.4435483870967742
gru64_progress,11,60,11,62,0.7096774193548387,1.5,0.5806451612903226
gru64_progress,11,61,9,86,0.5697674418604651,0.872093023255814,0.7093023255813954
gru64_progress,11,62,2,54,0.925925925925926,1.962962962962963,0.3703703703703703
gru64_progress,11,63,10,54,0.925925925925926,2.1296296296296298,0.3888888888888889
gru64_progress,11,64,8,54,0.925925925925926,1.851851851851852,0.4074074074074074
gru64_progress,11,65,1,81,0.4938271604938271,0.5308641975308642,0.9753086419753086
gru64_progress,11,66,11,68,0.7647058823529411,0.8529411764705882,0.9264705882352942
gru64_progress,11,67,4,83,0.4457831325301205,0.4819277108433735,0.9759036144578314
gru64_progress,11,68,5,74,0.8243243243243243,1.4594594594594594,0.4864864864864865
gru64_progress,11,69,2,57,0.912280701754386,2.175438596491228,0.2982456140350877
gru64_progress,11,70,7,48,0.9583333333333334,2.3125,0.3333333333333333
gru64_progress,11,71,3,68,0.7647058823529411,1.0,0.7794117647058824
gru64_progress,11,72,6,76,0.5789473684210527,0.7105263157894737,0.881578947368421
gru64_progress,11,73,0,72,0.6527777777777778,0.8888888888888888,0.7777777777777778
gru64_progress,11,74,9,65,0.8307692307692308,1.3076923076923077,0.6307692307692307
gru64_progress,11,75,8,67,0.6567164179104478,1.0746268656716418,0.6716417910447762
gru64_progress,11,76,1,122,0.6721311475409836,0.7540983606557377,0.9262295081967212
gru64_progress,11,77,11,81,0.419753086419753,0.4567901234567901,0.9753086419753086
gru64_progress,11,78,4,121,0.7520661157024794,1.2314049586776858,0.5950413223140496
gru64_progress,11,79,5,119,0.7478991596638656,1.0,0.7563025210084033
gru64_progress,11,80,2,75,0.6933333333333334,0.9466666666666668,0.76
gru64_progress,11,81,7,95,0.3684210526315789,0.4,0.9789473684210528
gru64_progress,11,82,3,93,0.4516129032258064,0.4946236559139785,0.967741935483871
gru64_progress,11,83,6,103,0.4466019417475728,0.4757281553398058,0.9805825242718448
gru64_progress,11,84,0,90,0.4777777777777778,0.5111111111111111,0.9777777777777776
gru64_progress,11,85,9,91,0.4945054945054945,0.5274725274725275,0.978021978021978
gru64_progress,11,86,6,83,0.7469879518072289,0.963855421686747,0.7951807228915663
gru64_progress,11,87,4,93,0.3655913978494624,0.3978494623655914,0.978494623655914
gru64_progress,11,88,3,83,0.3614457831325301,0.3975903614457831,0.9759036144578314
gru64_progress,11,89,8,59,0.9152542372881356,2.067796610169492,0.423728813559322
gru64_progress,11,90,7,86,0.2906976744186046,0.3255813953488372,0.9767441860465116
gru64_progress,11,91,1,103,0.4757281553398058,0.5728155339805825,0.912621359223301
gru64_progress,11,92,11,72,0.6527777777777778,1.2361111111111112,0.6388888888888888
gru64_progress,11,93,9,82,0.5487804878048781,0.6097560975609756,0.951219512195122
gru64_progress,11,94,2,63,0.873015873015873,1.5238095238095235,0.5238095238095238
gru64_progress,11,95,10,57,0.8947368421052632,1.5789473684210529,0.4736842105263157
gru64_progress,11,96,9,100,0.37,0.4,0.98
gru64_progress,11,97,2,64,0.84375,1.140625,0.71875
gru64_progress,11,98,0,100,0.34,0.37,0.98
gru64_progress,11,99,10,69,0.8115942028985508,0.9710144927536232,0.855072463768116
gru64_progress,11,100,6,104,0.5865384615384616,0.7307692307692307,0.8653846153846154
gru64_progress,11,101,1,113,0.7433628318584071,0.9823008849557522,0.7699115044247787
gru64_progress,11,102,7,90,0.5444444444444444,0.6,0.9555555555555556
gru64_progress,11,103,5,104,0.5769230769230769,0.8269230769230769,0.7692307692307693
gru64_progress,11,104,4,106,0.6132075471698113,0.660377358490566,0.9622641509433962
gru64_progress,11,105,1,99,0.5050505050505051,0.5353535353535354,0.9797979797979798
gru64_progress,11,106,11,59,0.8813559322033898,1.0847457627118644,0.8135593220338984
gru64_progress,11,107,4,93,0.5376344086021505,0.5806451612903226,0.967741935483871
gru64_progress,11,108,2,56,0.9107142857142856,1.5178571428571428,0.5357142857142857
gru64_progress,11,109,7,48,0.9583333333333334,1.9583333333333333,0.3541666666666667
gru64_progress,11,110,3,70,0.8285714285714286,1.0571428571428572,0.7857142857142857
gru64_progress,11,111,6,88,0.3977272727272727,0.4318181818181818,0.9772727272727272
gru64_progress,11,112,0,81,0.7037037037037037,1.0987654320987654,0.654320987654321
gru64_progress,11,113,9,76,0.5263157894736842,0.5789473684210527,0.9605263157894736
gru64_progress,11,114,6,76,0.5263157894736842,0.75,0.7894736842105263
gru64_progress,11,115,4,83,0.3132530120481928,0.3493975903614458,0.9759036144578314
gru64_progress,11,116,3,66,0.8333333333333334,1.0454545454545454,0.803030303030303
gru64_progress,11,117,8,46,0.9565217391304348,2.347826086956522,0.2608695652173913
gru64_progress,11,118,7,44,0.9545454545454546,2.5454545454545454,0.2727272727272727
gru64_progress,11,119,1,87,0.2758620689655172,0.3103448275862069,0.9770114942528736
gru64_progress,11,120,11,55,0.9090909090909092,1.818181818181818,0.3818181818181818
gru64_progress,11,121,9,92,0.5217391304347826,0.5543478260869565,0.9782608695652174
gru64_progress,11,122,2,53,0.9245283018867924,2.1320754716981134,0.2641509433962264
gru64_progress,11,123,10,53,0.9245283018867924,1.5471698113207548,0.5849056603773585
gru64_progress,11,124,8,56,0.9107142857142856,1.8928571428571428,0.3928571428571428
gru64_progress,11,125,1,83,0.4698795180722891,0.6626506024096386,0.8192771084337349
gru64_progress,11,126,11,65,0.8307692307692308,1.476923076923077,0.4769230769230769
gru64_progress,11,127,4,82,0.4390243902439024,0.4756097560975609,0.975609756097561
gru64_progress,11,128,5,81,0.6419753086419753,0.7530864197530864,0.9012345679012346
gru64_progress,11,129,2,55,0.9272727272727272,2.109090909090909,0.3272727272727272
gru64_progress,11,130,7,94,0.5319148936170213,0.5851063829787234,0.9574468085106383
gru64_progress,11,131,3,79,0.7215189873417721,0.9367088607594936,0.7974683544303798
gru64_progress,11,132,6,86,0.5116279069767442,0.6627906976744186,0.8604651162790697
gru64_progress,11,133,0,88,0.5568181818181818,0.625,0.9431818181818182
gru64_progress,11,134,9,83,0.6746987951807228,1.108433734939759,0.6385542168674698
gru64_progress,11,135,2,59,0.8813559322033898,1.5254237288135593,0.576271186440678
gru64_progress,11,136,5,94,0.4468085106382978,0.5,0.9574468085106383
gru64_progress,11,137,8,61,0.9016393442622952,2.0327868852459017,0.360655737704918
gru64_progress,11,138,3,72,0.6944444444444444,0.7638888888888888,0.9444444444444444
gru64_progress,11,139,4,91,0.3296703296703296,0.3626373626373626,0.978021978021978
gru64_progress,11,140,6,86,0.2441860465116279,0.2790697674418604,0.9767441860465116
gru64_progress,11,141,1,89,0.2022471910112359,0.2359550561797752,0.9775280898876404
gru64_progress,11,142,10,57,0.912280701754386,2.263157894736842,0.3508771929824561
gru64_progress,11,143,0,88,0.25,0.2840909090909091,0.9772727272727272
gru64_progress,11,144,9,79,0.3291139240506329,0.3670886075949367,0.9746835443037974
gru64_progress,11,145,7,86,0.3604651162790697,0.3953488372093023,0.9767441860465116
gru64_progress,23,0,8,57,0.5964912280701754,0.9298245614035088,0.7017543859649122
gru64_progress,23,1,1,102,0.392156862745098,0.4117647058823529,0.9901960784313726
gru64_progress,23,2,11,70,0.8428571428571429,1.5571428571428572,0.3857142857142857
gru64_progress,23,3,4,114,0.7631578947368421,1.263157894736842,0.5877192982456141
gru64_progress,23,4,5,109,0.4403669724770642,0.4678899082568807,0.981651376146789
gru64_progress,23,5,2,72,0.2777777777777778,0.3055555555555556,0.9861111111111112
gru64_progress,23,6,7,93,0.5913978494623656,0.7204301075268817,0.8817204301075269
gru64_progress,23,7,3,95,0.5368421052631579,0.6210526315789474,0.9263157894736842
gru64_progress,23,8,6,102,0.5882352941176471,0.6078431372549019,0.9901960784313726
gru64_progress,23,9,0,109,0.6238532110091743,0.6605504587155964,0.9724770642201837
gru64_progress,23,10,9,108,0.4907407407407407,0.5092592592592593,0.9907407407407408
gru64_progress,23,11,0,104,0.5384615384615384,0.5576923076923077,0.9903846153846154
gru64_progress,23,12,5,114,0.6491228070175439,0.8771929824561403,0.7894736842105263
gru64_progress,23,13,6,102,0.1764705882352941,0.196078431372549,0.9901960784313726
gru64_progress,23,14,4,115,0.782608695652174,1.373913043478261,0.591304347826087
gru64_progress,23,15,3,95,0.5789473684210527,0.6421052631578947,0.9473684210526316
gru64_progress,23,16,8,58,0.8793103448275862,1.5517241379310345,0.5517241379310345
gru64_progress,23,17,7,91,0.7142857142857143,1.4395604395604396,0.5274725274725275
gru64_progress,23,18,1,119,0.773109243697479,1.3445378151260503,0.5462184873949579
gru64_progress,23,19,11,86,0.3023255813953488,0.3372093023255814,0.9767441860465116
gru64_progress,23,20,9,103,0.5048543689320388,0.5339805825242718,0.9805825242718448
gru64_progress,23,21,2,70,0.2857142857142857,0.3142857142857143,0.9857142857142858
gru64_progress,23,22,10,61,0.7540983606557377,1.2459016393442623,0.6229508196721312
gru64_progress,23,23,9,108,0.6203703703703703,0.7037037037037037,0.925925925925926
gru64_progress,23,24,11,94,0.7340425531914894,0.8617021276595744,0.8829787234042553
gru64_progress,23,25,2,76,0.4078947368421052,0.4473684210526316,0.9736842105263158
gru64_progress,23,26,0,119,0.7058823529411765,1.134453781512605,0.6470588235294118
gru64_progress,23,27,10,77,0.5584415584415584,0.6233766233766234,0.948051948051948
gru64_progress,23,28,6,110,0.6363636363636364,0.9181818181818182,0.7272727272727273
gru64_progress,23,29,1,126,0.7301587301587301,0.8809523809523809,0.8571428571428571
gru64_progress,23,30,7,98,0.7244897959183674,1.326530612244898,0.5306122448979592
gru64_progress,23,31,5,113,0.831858407079646,1.4424778761061947,0.504424778761062
gru64_progress,23,32,4,125,0.816,1.688,0.448
gru64_progress,23,33,8,46,0.9347826086956522,2.760869565217391,0.2826086956521739
gru64_progress,23,34,1,77,0.2857142857142857,0.3116883116883117,0.987012987012987
gru64_progress,23,35,11,58,0.896551724137931,1.7413793103448276,0.396551724137931
gru64_progress,23,36,4,88,0.7272727272727273,1.3522727272727273,0.5
gru64_progress,23,37,5,112,0.7053571428571429,0.8928571428571429,0.8214285714285714
gru64_progress,23,38,2,60,0.8833333333333333,1.1666666666666667,0.7333333333333333
gru64_progress,23,39,7,49,0.9387755102040816,2.224489795918368,0.2857142857142857
gru64_progress,23,40,3,83,0.5421686746987951,0.6626506024096386,0.891566265060241
gru64_progress,23,41,6,87,0.632183908045977,0.8735632183908046,0.7701149425287356
gru64_progress,23,42,0,84,0.7380952380952381,0.9166666666666666,0.8333333333333334
gru64_progress,23,43,9,71,0.7746478873239436,0.9577464788732394,0.8309859154929577
gru64_progress,23,44,5,113,0.7964601769911505,1.345132743362832,0.5752212389380531
gru64_progress,23,45,8,52,0.903846153846154,2.0384615384615383,0.4038461538461538
gru64_progress,23,46,3,78,0.782051282051282,1.064102564102564,0.7307692307692307
gru64_progress,23,47,4,94,0.2340425531914893,0.2553191489361702,0.9893617021276596
gru64_progress,23,48,6,87,0.5057471264367817,0.5287356321839081,0.9885057471264368
gru64_progress,23,49,1,102,0.3235294117647059,0.3431372549019608,0.9901960784313726
gru64_progress,23,50,10,55,0.8909090909090909,2.2,0.3818181818181818
gru64_progress,23,51,0,131,0.7175572519083969,0.8549618320610687,0.8702290076335878
gru64_progress,23,52,9,80,0.75,1.1,0.6625
gru64_progress,23,53,7,62,0.8709677419354839,1.403225806451613,0.5
gru64_progress,23,54,6,75,0.4666666666666667,0.52,0.96
gru64_progress,23,55,4,94,0.3191489361702128,0.351063829787234,0.9787234042553192
gru64_progress,23,56,3,79,0.3670886075949367,0.4050632911392405,0.9746835443037974
gru64_progress,23,57,8,57,0.8947368421052632,1.5964912280701755,0.4035087719298245
gru64_progress,23,58,7,50,0.92,2.14,0.46
gru64_progress,23,59,1,124,0.7419354838709677,0.8548387096774194,0.8951612903225806
gru64_progress,23,60,11,62,0.7258064516129032,1.2741935483870968,0.5967741935483871
gru64_progress,23,61,9,86,0.2790697674418604,0.3023255813953488,0.9883720930232558
gru64_progress,23,62,2,54,0.7222222222222222,0.7962962962962963,0.9444444444444444
gru64_progress,23,63,10,54,0.9074074074074074,1.9444444444444444,0.4444444444444444
gru64_progress,23,64,8,54,0.9074074074074074,2.074074074074074,0.3888888888888889
gru64_progress,23,65,1,81,0.3086419753086419,0.3333333333333333,0.9876543209876544
gru64_progress,23,66,11,68,0.5735294117647058,0.6029411764705882,0.9852941176470588
gru64_progress,23,67,4,83,0.4578313253012048,0.4939759036144578,0.9759036144578314
gru64_progress,23,68,5,74,0.3108108108108108,0.3378378378378378,0.9864864864864864
gru64_progress,23,69,2,57,0.8947368421052632,2.4035087719298245,0.3859649122807017
gru64_progress,23,70,7,48,0.9375,2.5,0.3333333333333333
gru64_progress,23,71,3,68,0.8088235294117647,1.0147058823529411,0.8088235294117647
gru64_progress,23,72,6,76,0.4210526315789473,0.4473684210526316,0.986842105263158
gru64_progress,23,73,0,72,0.7777777777777778,1.1805555555555556,0.625
gru64_progress,23,74,9,65,0.8,1.2461538461538462,0.6
gru64_progress,23,75,8,67,0.4328358208955223,0.5074626865671642,0.9402985074626866
gru64_progress,23,76,1,122,0.5327868852459017,0.5983606557377049,0.9426229508196722
gru64_progress,23,77,11,81,0.7407407407407407,1.271604938271605,0.6172839506172839
gru64_progress,23,78,4,121,0.7851239669421488,1.0578512396694215,0.743801652892562
gru64_progress,23,79,5,119,0.6386554621848739,0.7815126050420168,0.865546218487395
gru64_progress,23,80,2,75,0.64,0.8,0.8533333333333334
gru64_progress,23,81,7,95,0.6526315789473685,0.9473684210526316,0.7157894736842105
gru64_progress,23,82,3,93,0.4193548387096774,0.4408602150537634,0.989247311827957
gru64_progress,23,83,6,103,0.5631067961165048,0.6213592233009708,0.9514563106796116
gru64_progress,23,84,0,90,0.4555555555555555,0.5,0.9666666666666668
gru64_progress,23,85,9,91,0.6483516483516484,0.8241758241758241,0.8351648351648352
gru64_progress,23,86,6,83,0.7228915662650602,0.7590361445783133,0.9759036144578314
gru64_progress,23,87,4,93,0.2473118279569892,0.2688172043010752,0.989247311827957
gru64_progress,23,88,3,83,0.4578313253012048,0.4819277108433735,0.9879518072289156
gru64_progress,23,89,8,59,0.8983050847457628,1.423728813559322,0.576271186440678
gru64_progress,23,90,7,86,0.5232558139534884,0.6976744186046512,0.8372093023255814
gru64_progress,23,91,1,103,0.3398058252427184,0.3786407766990291,0.970873786407767
gru64_progress,23,92,11,72,0.4722222222222222,0.5,0.9861111111111112
gru64_progress,23,93,9,82,0.3536585365853658,0.3780487804878049,0.9878048780487804
gru64_progress,23,94,2,63,0.8412698412698413,2.111111111111111,0.3968253968253968
gru64_progress,23,95,10,57,0.8947368421052632,2.192982456140351,0.3859649122807017
gru64_progress,23,96,9,100,0.69,0.89,0.81
gru64_progress,23,97,2,64,0.8125,1.375,0.609375
gru64_progress,23,98,0,100,0.22,0.24,0.99
gru64_progress,23,99,10,69,0.7971014492753623,1.2608695652173914,0.5797101449275363
gru64_progress,23,100,6,104,0.7211538461538461,1.0769230769230769,0.6634615384615384
gru64_progress,23,101,1,113,0.4336283185840708,0.4601769911504424,0.9823008849557522
gru64_progress,23,102,7,90,0.3,0.3222222222222222,0.9888888888888888
gru64_progress,23,103,5,104,0.4903846153846153,0.5192307692307693,0.9807692307692308
gru64_progress,23,104,4,106,0.7924528301886793,1.028301886792453,0.7735849056603774
gru64_progress,23,105,1,99,0.2424242424242424,0.2626262626262626,0.98989898989899
gru64_progress,23,106,11,59,0.8983050847457628,2.067796610169492,0.4576271186440678
gru64_progress,23,107,4,93,0.3548387096774194,0.3763440860215054,0.989247311827957
gru64_progress,23,108,2,56,0.8928571428571429,1.2142857142857142,0.6964285714285714
gru64_progress,23,109,7,48,0.9375,2.270833333333333,0.3333333333333333
gru64_progress,23,110,3,70,0.6142857142857143,0.6428571428571429,0.9857142857142858
gru64_progress,23,111,6,88,0.4090909090909091,0.4318181818181818,0.9886363636363636
gru64_progress,23,112,0,81,0.3086419753086419,0.3333333333333333,0.9876543209876544
gru64_progress,23,113,9,76,0.4473684210526316,0.4736842105263157,0.986842105263158
gru64_progress,23,114,6,76,0.2894736842105263,0.3157894736842105,0.986842105263158
gru64_progress,23,115,4,83,0.6265060240963856,0.6987951807228916,0.9397590361445785
gru64_progress,23,116,3,66,0.5454545454545454,0.6060606060606061,0.9545454545454546
gru64_progress,23,117,8,46,0.9347826086956522,2.3260869565217392,0.3043478260869565
gru64_progress,23,118,7,44,0.9318181818181818,2.75,0.2727272727272727
gru64_progress,23,119,1,87,0.4482758620689655,0.4712643678160919,0.9885057471264368
gru64_progress,23,120,11,55,0.8909090909090909,1.4363636363636365,0.5636363636363636
gru64_progress,23,121,9,92,0.25,0.2717391304347826,0.9891304347826086
gru64_progress,23,122,2,53,0.8113207547169812,1.0754716981132075,0.7547169811320755
gru64_progress,23,123,10,53,0.9056603773584906,1.660377358490566,0.4716981132075472
gru64_progress,23,124,8,56,0.8928571428571429,1.8571428571428568,0.3928571428571428
gru64_progress,23,125,1,83,0.6867469879518072,0.9518072289156626,0.7469879518072289
gru64_progress,23,126,11,65,0.8461538461538461,1.676923076923077,0.4307692307692308
gru64_progress,23,127,4,82,0.3048780487804878,0.3292682926829268,0.9878048780487804
gru64_progress,23,128,5,81,0.2098765432098765,0.2345679012345679,0.9876543209876544
gru64_progress,23,129,2,55,0.9090909090909092,2.1272727272727274,0.3272727272727272
gru64_progress,23,130,7,94,0.4042553191489361,0.425531914893617,0.9893617021276596
gru64_progress,23,131,3,79,0.3544303797468354,0.4683544303797468,0.8987341772151899
gru64_progress,23,132,6,86,0.5232558139534884,0.627906976744186,0.9069767441860463
gru64_progress,23,133,0,88,0.4886363636363636,0.5227272727272727,0.9772727272727272
gru64_progress,23,134,9,83,0.6626506024096386,0.9759036144578314,0.6987951807228916
gru64_progress,23,135,2,59,0.8983050847457628,1.7796610169491525,0.4406779661016949
gru64_progress,23,136,5,94,0.5957446808510638,0.723404255319149,0.8829787234042553
gru64_progress,23,137,8,61,0.7868852459016393,1.3114754098360657,0.6229508196721312
gru64_progress,23,138,3,72,0.6111111111111112,0.8194444444444444,0.8055555555555556
gru64_progress,23,139,4,91,0.2967032967032967,0.3186813186813186,0.989010989010989
gru64_progress,23,140,6,86,0.5697674418604651,0.7209302325581395,0.8604651162790697
gru64_progress,23,141,1,89,0.2022471910112359,0.2247191011235955,0.9887640449438202
gru64_progress,23,142,10,57,0.8947368421052632,1.947368421052632,0.3684210526315789
gru64_progress,23,143,0,88,0.3863636363636363,0.4090909090909091,0.9886363636363636
gru64_progress,23,144,9,79,0.430379746835443,0.4556962025316455,0.9873417721518988
gru64_progress,23,145,7,86,0.3488372093023256,0.3720930232558139,0.9883720930232558
gru64_progress,37,0,8,57,0.7894736842105263,1.1228070175438596,0.6842105263157895
gru64_progress,37,1,1,102,0.4705882352941176,0.4901960784313725,0.9901960784313726
gru64_progress,37,2,11,70,0.3142857142857143,0.3428571428571428,0.9857142857142858
gru64_progress,37,3,4,114,0.6929824561403509,1.0087719298245614,0.6929824561403509
gru64_progress,37,4,5,109,0.7614678899082569,1.5045871559633028,0.5137614678899083
gru64_progress,37,5,2,72,0.2916666666666667,0.3194444444444444,0.9861111111111112
gru64_progress,37,6,7,93,0.6236559139784946,0.8387096774193549,0.7956989247311828
gru64_progress,37,7,3,95,0.4105263157894737,0.431578947368421,0.9894736842105264
gru64_progress,37,8,6,102,0.4019607843137255,0.4215686274509804,0.9901960784313726
gru64_progress,37,9,0,109,0.6330275229357798,0.908256880733945,0.7614678899082569
gru64_progress,37,10,9,108,0.5092592592592593,0.5370370370370371,0.9814814814814816
gru64_progress,37,11,0,104,0.6057692307692307,0.6923076923076923,0.9230769230769232
gru64_progress,37,12,5,114,0.7543859649122807,1.368421052631579,0.5964912280701754
gru64_progress,37,13,6,102,0.5784313725490197,0.6176470588235294,0.9705882352941176
gru64_progress,37,14,4,115,0.6956521739130435,1.1478260869565218,0.6434782608695652
gru64_progress,37,15,3,95,0.6,0.7157894736842105,0.8947368421052632
gru64_progress,37,16,8,58,0.7413793103448276,1.137931034482759,0.6551724137931034
gru64_progress,37,17,7,91,0.4065934065934066,0.4285714285714285,0.989010989010989
gru64_progress,37,18,1,119,0.7815126050420168,1.084033613445378,0.7058823529411765
gru64_progress,37,19,11,86,0.5581395348837209,0.8837209302325582,0.7441860465116279
gru64_progress,37,20,9,103,0.3980582524271844,0.4271844660194174,0.9805825242718448
gru64_progress,37,21,2,70,0.5714285714285714,0.6142857142857143,0.9714285714285714
gru64_progress,37,22,10,61,0.819672131147541,1.1967213114754098,0.6557377049180327
gru64_progress,37,23,9,108,0.5925925925925926,0.6574074074074074,0.9444444444444444
gru64_progress,37,24,11,94,0.7553191489361702,1.0638297872340423,0.7340425531914894
gru64_progress,37,25,2,76,0.2236842105263158,0.25,0.986842105263158
gru64_progress,37,26,0,119,0.6890756302521008,1.2100840336134453,0.6386554621848739
gru64_progress,37,27,10,77,0.3246753246753247,0.3506493506493506,0.987012987012987
gru64_progress,37,28,6,110,0.6727272727272727,1.1454545454545455,0.6454545454545455
gru64_progress,37,29,1,126,0.3412698412698413,0.3571428571428571,0.992063492063492
gru64_progress,37,30,7,98,0.2755102040816326,0.2959183673469387,0.9897959183673468
gru64_progress,37,31,5,113,0.8230088495575221,2.0442477876106198,0.3805309734513274
gru64_progress,37,32,4,125,0.632,1.104,0.656
gru64_progress,37,33,8,46,0.9347826086956522,2.282608695652174,0.2826086956521739
gru64_progress,37,34,1,77,0.3506493506493506,0.3766233766233766,0.987012987012987
gru64_progress,37,35,11,58,0.8448275862068966,1.3103448275862069,0.5517241379310345
gru64_progress,37,36,4,88,0.6477272727272727,0.8636363636363636,0.7954545454545454
gru64_progress,37,37,5,112,0.5267857142857143,0.5535714285714286,0.9821428571428572
gru64_progress,37,38,2,60,0.9,1.5666666666666669,0.5166666666666667
gru64_progress,37,39,7,49,0.8979591836734694,1.1428571428571428,0.7755102040816326
gru64_progress,37,40,3,83,0.5783132530120482,0.8554216867469879,0.7349397590361446
gru64_progress,37,41,6,87,0.5632183908045977,0.6436781609195402,0.9310344827586208
gru64_progress,37,42,0,84,0.3095238095238095,0.3333333333333333,0.988095238095238
gru64_progress,37,43,9,71,0.5915492957746479,0.647887323943662,0.9577464788732394
gru64_progress,37,44,5,113,0.5929203539823009,0.6194690265486725,0.9823008849557522
gru64_progress,37,45,8,52,0.8846153846153846,1.3653846153846154,0.5769230769230769
gru64_progress,37,46,3,78,0.717948717948718,1.2435897435897436,0.6153846153846154
gru64_progress,37,47,4,94,0.2446808510638297,0.2659574468085106,0.9893617021276596
gru64_progress,37,48,6,87,0.5977011494252874,0.632183908045977,0.9770114942528736
gru64_progress,37,49,1,102,0.4607843137254901,0.5,0.9705882352941176
gru64_progress,37,50,10,55,0.9090909090909092,1.2363636363636363,0.6909090909090909
gru64_progress,37,51,0,131,0.7786259541984732,1.3206106870229009,0.5190839694656488
gru64_progress,37,52,9,80,0.6375,0.6875,0.9625
gru64_progress,37,53,7,62,0.8548387096774194,1.6451612903225807,0.4193548387096774
gru64_progress,37,54,6,75,0.48,0.68,0.8666666666666667
gru64_progress,37,55,4,94,0.4148936170212766,0.4361702127659574,0.9893617021276596
gru64_progress,37,56,3,79,0.3924050632911392,0.4177215189873418,0.9873417721518988
gru64_progress,37,57,8,57,0.8947368421052632,1.2982456140350878,0.631578947368421
gru64_progress,37,58,7,50,0.94,2.38,0.36
gru64_progress,37,59,1,124,0.7419354838709677,0.967741935483871,0.782258064516129
gru64_progress,37,60,11,62,0.7419354838709677,1.2580645161290325,0.6129032258064516
gru64_progress,37,61,9,86,0.5581395348837209,0.6395348837209303,0.9302325581395348
gru64_progress,37,62,2,54,0.9074074074074074,1.8148148148148149,0.3703703703703703
gru64_progress,37,63,10,54,0.9074074074074074,2.203703703703704,0.2962962962962963
gru64_progress,37,64,8,54,0.9074074074074074,1.9074074074074077,0.2962962962962963
gru64_progress,37,65,1,81,0.2469135802469135,0.2716049382716049,0.9876543209876544
gru64_progress,37,66,11,68,0.75,0.8970588235294118,0.8676470588235294
gru64_progress,37,67,4,83,0.3373493975903614,0.3734939759036144,0.9759036144578314
gru64_progress,37,68,5,74,0.6081081081081081,1.108108108108108,0.5945945945945946
gru64_progress,37,69,2,57,0.8947368421052632,2.0701754385964914,0.3859649122807017
gru64_progress,37,70,7,48,0.9375,2.1041666666666665,0.4375
gru64_progress,37,71,3,68,0.7941176470588235,1.0294117647058822,0.7794117647058824
gru64_progress,37,72,6,76,0.6842105263157895,0.8026315789473685,0.8947368421052632
gru64_progress,37,73,0,72,0.7083333333333334,0.8888888888888888,0.8333333333333334
gru64_progress,37,74,9,65,0.5384615384615384,0.5692307692307692,0.9846153846153848
gru64_progress,37,75,8,67,0.7611940298507462,1.1044776119402986,0.6865671641791045
gru64_progress,37,76,1,122,0.6475409836065574,0.6967213114754098,0.9590163934426228
gru64_progress,37,77,11,81,0.2716049382716049,0.2962962962962963,0.9876543209876544
gru64_progress,37,78,4,121,0.7933884297520661,1.256198347107438,0.6198347107438017
gru64_progress,37,79,5,119,0.6890756302521008,0.9831932773109244,0.7394957983193278
gru64_progress,37,80,2,75,0.6933333333333334,0.9466666666666668,0.76
gru64_progress,37,81,7,95,0.6,0.6842105263157895,0.9263157894736842
gru64_progress,37,82,3,93,0.3870967741935484,0.4408602150537634,0.956989247311828
gru64_progress,37,83,6,103,0.4271844660194174,0.4466019417475728,0.9902912621359224
gru64_progress,37,84,0,90,0.4555555555555555,0.4777777777777778,0.9888888888888888
gru64_progress,37,85,9,91,0.5384615384615384,0.5934065934065934,0.956043956043956
gru64_progress,37,86,6,83,0.3253012048192771,0.3493975903614458,0.9879518072289156
gru64_progress,37,87,4,93,0.3010752688172043,0.3225806451612903,0.989247311827957
gru64_progress,37,88,3,83,0.4939759036144578,0.5542168674698795,0.9518072289156626
gru64_progress,37,89,8,59,0.8813559322033898,2.067796610169492,0.4067796610169492
gru64_progress,37,90,7,86,0.4186046511627907,0.4418604651162791,0.9883720930232558
gru64_progress,37,91,1,103,0.4854368932038835,0.5339805825242718,0.9611650485436892
gru64_progress,37,92,11,72,0.8055555555555556,1.4166666666666667,0.5277777777777778
gru64_progress,37,93,9,82,0.5,0.6951219512195121,0.8170731707317073
gru64_progress,37,94,2,63,0.8571428571428571,1.7301587301587302,0.4444444444444444
gru64_progress,37,95,10,57,0.8947368421052632,1.6842105263157894,0.3859649122807017
gru64_progress,37,96,9,100,0.34,0.36,0.99
gru64_progress,37,97,2,64,0.859375,1.546875,0.4375
gru64_progress,37,98,0,100,0.3,0.32,0.99
gru64_progress,37,99,10,69,0.8405797101449275,1.115942028985507,0.7391304347826086
gru64_progress,37,100,6,104,0.7211538461538461,1.0673076923076923,0.6634615384615384
gru64_progress,37,101,1,113,0.6106194690265486,0.6371681415929203,0.9823008849557522
gru64_progress,37,102,7,90,0.3,0.3222222222222222,0.9888888888888888
gru64_progress,37,103,5,104,0.7788461538461539,1.1634615384615383,0.6923076923076923
gru64_progress,37,104,4,106,0.7641509433962265,1.028301886792453,0.7452830188679245
gru64_progress,37,105,1,99,0.5151515151515151,0.5555555555555556,0.9696969696969696
gru64_progress,37,106,11,59,0.8305084745762712,1.1864406779661016,0.6610169491525424
gru64_progress,37,107,4,93,0.1397849462365591,0.1612903225806451,0.989247311827957
gru64_progress,37,108,2,56,0.7857142857142857,1.0,0.8214285714285714
gru64_progress,37,109,7,48,0.9375,2.083333333333333,0.3333333333333333
gru64_progress,37,110,3,70,0.6428571428571429,0.6714285714285714,0.9857142857142858
gru64_progress,37,111,6,88,0.2840909090909091,0.3068181818181818,0.9886363636363636
gru64_progress,37,112,0,81,0.6790123456790124,1.0246913580246917,0.7037037037037037
gru64_progress,37,113,9,76,0.4473684210526316,0.4736842105263157,0.986842105263158
gru64_progress,37,114,6,76,0.3552631578947368,0.3815789473684211,0.986842105263158
gru64_progress,37,115,4,83,0.3132530120481928,0.3373493975903614,0.9879518072289156
gru64_progress,37,116,3,66,0.8939393939393939,1.2878787878787878,0.6212121212121212
gru64_progress,37,117,8,46,0.9347826086956522,2.217391304347826,0.2826086956521739
gru64_progress,37,118,7,44,0.9318181818181818,1.681818181818182,0.3409090909090909
gru64_progress,37,119,1,87,0.3448275862068966,0.367816091954023,0.9885057471264368
gru64_progress,37,120,11,55,0.8,0.9090909090909092,0.9090909090909092
gru64_progress,37,121,9,92,0.5,0.5434782608695652,0.967391304347826
gru64_progress,37,122,2,53,0.8113207547169812,0.9245283018867924,0.9056603773584906
gru64_progress,37,123,10,53,0.9056603773584906,2.320754716981132,0.3584905660377358
gru64_progress,37,124,8,56,0.8928571428571429,2.1607142857142856,0.375
gru64_progress,37,125,1,83,0.4457831325301205,0.4819277108433735,0.9759036144578314
gru64_progress,37,126,11,65,0.8461538461538461,1.6923076923076923,0.4461538461538462
gru64_progress,37,127,4,82,0.4512195121951219,0.4756097560975609,0.9878048780487804
gru64_progress,37,128,5,81,0.419753086419753,0.4444444444444444,0.9876543209876544
gru64_progress,37,129,2,55,0.9090909090909092,1.7454545454545454,0.4727272727272727
gru64_progress,37,130,7,94,0.4680851063829787,0.6914893617021277,0.7872340425531915
gru64_progress,37,131,3,79,0.4936708860759494,0.6582278481012658,0.8481012658227848
gru64_progress,37,132,6,86,0.5697674418604651,0.7441860465116279,0.8372093023255814
gru64_progress,37,133,0,88,0.6477272727272727,1.0,0.6590909090909091
gru64_progress,37,134,9,83,0.5903614457831325,0.7831325301204819,0.8313253012048193
gru64_progress,37,135,2,59,0.7796610169491526,1.2372881355932204,0.6779661016949152
gru64_progress,37,136,5,94,0.3723404255319149,0.425531914893617,0.9574468085106383
gru64_progress,37,137,8,61,0.7868852459016393,1.5737704918032789,0.4918032786885246
gru64_progress,37,138,3,72,0.5555555555555556,0.6111111111111112,0.9583333333333334
gru64_progress,37,139,4,91,0.2967032967032967,0.3186813186813186,0.989010989010989
gru64_progress,37,140,6,86,0.3720930232558139,0.4302325581395348,0.9534883720930232
gru64_progress,37,141,1,89,0.2696629213483146,0.2921348314606741,0.9887640449438202
gru64_progress,37,142,10,57,0.8947368421052632,1.894736842105263,0.4035087719298245
gru64_progress,37,143,0,88,0.2386363636363636,0.2613636363636363,0.9886363636363636
gru64_progress,37,144,9,79,0.6075949367088608,0.7215189873417721,0.8987341772151899
gru64_progress,37,145,7,86,0.4418604651162791,0.5465116279069767,0.9069767441860463
gru64_progress,53,0,8,57,0.8947368421052632,1.736842105263158,0.5087719298245614
gru64_progress,53,1,1,102,0.696078431372549,0.7647058823529411,0.9411764705882352
gru64_progress,53,2,11,70,0.8285714285714286,1.2857142857142858,0.5571428571428572
gru64_progress,53,3,4,114,0.5263157894736842,0.6140350877192983,0.9210526315789472
gru64_progress,53,4,5,109,0.5412844036697247,0.5688073394495413,0.981651376146789
gru64_progress,53,5,2,72,0.7916666666666666,1.0972222222222223,0.7083333333333334
gru64_progress,53,6,7,93,0.3440860215053763,0.3978494623655914,0.956989247311828
gru64_progress,53,7,3,95,0.6421052631578947,0.7157894736842105,0.936842105263158
gru64_progress,53,8,6,102,0.7450980392156863,0.7843137254901961,0.9705882352941176
gru64_progress,53,9,0,109,0.6330275229357798,0.8807339449541285,0.7706422018348624
gru64_progress,53,10,9,108,0.3888888888888889,0.4074074074074074,0.9907407407407408
gru64_progress,53,11,0,104,0.4519230769230769,0.4711538461538461,0.9903846153846154
gru64_progress,53,12,5,114,0.6754385964912281,0.9736842105263158,0.7105263157894737
gru64_progress,53,13,6,102,0.4313725490196078,0.4509803921568627,0.9901960784313726
gru64_progress,53,14,4,115,0.8,1.6347826086956525,0.3565217391304348
gru64_progress,53,15,3,95,0.4105263157894737,0.431578947368421,0.9894736842105264
gru64_progress,53,16,8,58,0.8275862068965517,1.3275862068965518,0.5862068965517241
gru64_progress,53,17,7,91,0.6923076923076923,0.945054945054945,0.7582417582417582
gru64_progress,53,18,1,119,0.8067226890756303,1.3949579831932772,0.4957983193277311
gru64_progress,53,19,11,86,0.5930232558139535,0.7674418604651163,0.8372093023255814
gru64_progress,53,20,9,103,0.1844660194174757,0.203883495145631,0.9902912621359224
gru64_progress,53,21,2,70,0.9285714285714286,1.6857142857142855,0.3428571428571428
gru64_progress,53,22,10,61,0.7540983606557377,1.3278688524590163,0.4918032786885246
gru64_progress,53,23,9,108,0.4537037037037037,0.6296296296296297,0.8611111111111112
gru64_progress,53,24,11,94,0.8191489361702128,2.2127659574468086,0.3297872340425531
gru64_progress,53,25,2,76,0.4868421052631579,0.5131578947368421,0.986842105263158
gru64_progress,53,26,0,119,0.680672268907563,1.184873949579832,0.6638655462184874
gru64_progress,53,27,10,77,0.4545454545454545,0.4805194805194805,0.987012987012987
gru64_progress,53,28,6,110,0.6727272727272727,0.8181818181818182,0.8636363636363636
gru64_progress,53,29,1,126,0.5317460317460317,0.6190476190476191,0.9206349206349206
gru64_progress,53,30,7,98,0.3979591836734694,0.4387755102040816,0.9693877551020408
gru64_progress,53,31,5,113,0.8141592920353983,2.0,0.3716814159292035
gru64_progress,53,32,4,125,0.816,1.6,0.496
gru64_progress,53,33,8,46,0.9347826086956522,2.565217391304348,0.3478260869565217
gru64_progress,53,34,1,77,0.5974025974025974,0.6883116883116883,0.922077922077922
gru64_progress,53,35,11,58,0.8793103448275862,2.0517241379310347,0.4310344827586206
gru64_progress,53,36,4,88,0.4772727272727273,0.5,0.9886363636363636
gru64_progress,53,37,5,112,0.4464285714285714,0.4642857142857143,0.9910714285714286
gru64_progress,53,38,2,60,0.9,2.25,0.3
gru64_progress,53,39,7,49,0.9387755102040816,2.653061224489796,0.3265306122448979
gru64_progress,53,40,3,83,0.5542168674698795,0.6385542168674698,0.927710843373494
gru64_progress,53,41,6,87,0.5747126436781609,0.735632183908046,0.8505747126436781
gru64_progress,53,42,0,84,0.4047619047619047,0.4285714285714285,0.988095238095238
gru64_progress,53,43,9,71,0.647887323943662,0.8732394366197183,0.7887323943661971
gru64_progress,53,44,5,113,0.4070796460176991,0.4424778761061947,0.9734513274336284
gru64_progress,53,45,8,52,0.903846153846154,1.7307692307692308,0.3653846153846153
gru64_progress,53,46,3,78,0.717948717948718,0.8589743589743589,0.8717948717948718
gru64_progress,53,47,4,94,0.3085106382978723,0.3297872340425531,0.9893617021276596
gru64_progress,53,48,6,87,0.5517241379310345,0.6781609195402298,0.8850574712643678
gru64_progress,53,49,1,102,0.4901960784313725,0.5882352941176471,0.9117647058823528
gru64_progress,53,50,10,55,0.7818181818181819,0.9272727272727272,0.8727272727272727
gru64_progress,53,51,0,131,0.7480916030534351,1.1297709923664123,0.6564885496183206
gru64_progress,53,52,9,80,0.5875,0.875,0.725
gru64_progress,53,53,7,62,0.8548387096774194,1.3064516129032258,0.5645161290322581
gru64_progress,53,54,6,75,0.5733333333333334,0.84,0.7466666666666667
gru64_progress,53,55,4,94,0.202127659574468,0.2234042553191489,0.9893617021276596
gru64_progress,53,56,3,79,0.4556962025316455,0.5316455696202531,0.9367088607594936
gru64_progress,53,57,8,57,0.8947368421052632,1.6842105263157894,0.4561403508771929
gru64_progress,53,58,7,50,0.88,1.36,0.68
gru64_progress,53,59,1,124,0.7903225806451613,1.096774193548387,0.7016129032258065
gru64_progress,53,60,11,62,0.7096774193548387,1.3548387096774193,0.5967741935483871
gru64_progress,53,61,9,86,0.5581395348837209,0.7093023255813954,0.8604651162790697
gru64_progress,53,62,2,54,0.9074074074074074,1.6111111111111112,0.4074074074074074
gru64_progress,53,63,10,54,0.9074074074074074,1.9444444444444444,0.3333333333333333
gru64_progress,53,64,8,54,0.9074074074074074,1.8148148148148149,0.3333333333333333
gru64_progress,53,65,1,81,0.3333333333333333,0.3580246913580246,0.9876543209876544
gru64_progress,53,66,11,68,0.7794117647058824,0.8235294117647058,0.9705882352941176
gru64_progress,53,67,4,83,0.4819277108433735,0.5060240963855421,0.9879518072289156
gru64_progress,53,68,5,74,0.5135135135135135,0.7297297297297297,0.7972972972972973
gru64_progress,53,69,2,57,0.8771929824561403,2.1578947368421053,0.3333333333333333
gru64_progress,53,70,7,48,0.9375,2.145833333333333,0.3333333333333333
gru64_progress,53,71,3,68,0.7058823529411765,0.8382352941176471,0.8823529411764706
gru64_progress,53,72,6,76,0.3552631578947368,0.4473684210526316,0.9210526315789472
gru64_progress,53,73,0,72,0.7777777777777778,1.1666666666666667,0.7222222222222222
gru64_progress,53,74,9,65,0.8153846153846154,1.646153846153846,0.4461538461538462
gru64_progress,53,75,8,67,0.7611940298507462,0.9402985074626866,0.835820895522388
gru64_progress,53,76,1,122,0.6885245901639344,0.8852459016393442,0.819672131147541
gru64_progress,53,77,11,81,0.4938271604938271,0.7654320987654321,0.7901234567901234
gru64_progress,53,78,4,121,0.4793388429752066,0.5537190082644629,0.9338842975206612
gru64_progress,53,79,5,119,0.6218487394957983,0.7563025210084033,0.8739495798319328
gru64_progress,53,80,2,75,0.7333333333333333,0.8933333333333333,0.8533333333333334
gru64_progress,53,81,7,95,0.6736842105263158,1.1263157894736842,0.631578947368421
gru64_progress,53,82,3,93,0.5053763440860215,0.9032258064516128,0.7204301075268817
gru64_progress,53,83,6,103,0.4854368932038835,0.5631067961165048,0.9320388349514565
gru64_progress,53,84,0,90,0.2111111111111111,0.2333333333333333,0.9888888888888888
gru64_progress,53,85,9,91,0.5824175824175825,0.6923076923076923,0.9010989010989012
gru64_progress,53,86,6,83,0.4096385542168674,0.4337349397590361,0.9879518072289156
gru64_progress,53,87,4,93,0.6344086021505376,0.7419354838709677,0.9032258064516128
gru64_progress,53,88,3,83,0.4578313253012048,0.4819277108433735,0.9879518072289156
gru64_progress,53,89,8,59,0.864406779661017,1.5254237288135593,0.6101694915254238
gru64_progress,53,90,7,86,0.4534883720930232,0.4767441860465116,0.9883720930232558
gru64_progress,53,91,1,103,0.4368932038834951,0.4660194174757281,0.9805825242718448
gru64_progress,53,92,11,72,0.5972222222222222,0.8611111111111112,0.7916666666666666
gru64_progress,53,93,9,82,0.4024390243902439,0.4268292682926829,0.9878048780487804
gru64_progress,53,94,2,63,0.8412698412698413,1.3492063492063493,0.5238095238095238
gru64_progress,53,95,10,57,0.8947368421052632,1.631578947368421,0.4035087719298245
gru64_progress,53,96,9,100,0.63,0.73,0.91
gru64_progress,53,97,2,64,0.828125,0.96875,0.875
gru64_progress,53,98,0,100,0.58,0.63,0.96
gru64_progress,53,99,10,69,0.8115942028985508,0.9710144927536232,0.855072463768116
gru64_progress,53,100,6,104,0.5865384615384616,0.6826923076923077,0.9134615384615384
gru64_progress,53,101,1,113,0.5221238938053098,0.7256637168141593,0.8141592920353983
gru64_progress,53,102,7,90,0.3444444444444444,0.3666666666666666,0.9888888888888888
gru64_progress,53,103,5,104,0.6730769230769231,0.7211538461538461,0.9615384615384616
gru64_progress,53,104,4,106,0.6132075471698113,0.660377358490566,0.9622641509433962
gru64_progress,53,105,1,99,0.2121212121212121,0.2323232323232323,0.98989898989899
gru64_progress,53,106,11,59,0.8983050847457628,1.3728813559322033,0.5423728813559322
gru64_progress,53,107,4,93,0.3548387096774194,0.3763440860215054,0.989247311827957
gru64_progress,53,108,2,56,0.8928571428571429,1.6964285714285714,0.4107142857142857
gru64_progress,53,109,7,48,0.9375,2.0,0.3333333333333333
gru64_progress,53,110,3,70,0.7714285714285715,0.8714285714285714,0.9142857142857144
gru64_progress,53,111,6,88,0.5681818181818182,0.625,0.9545454545454546
gru64_progress,53,112,0,81,0.3209876543209876,0.345679012345679,0.9876543209876544
gru64_progress,53,113,9,76,0.6842105263157895,0.9473684210526316,0.75
gru64_progress,53,114,6,76,0.4210526315789473,0.4605263157894737,0.9736842105263158
gru64_progress,53,115,4,83,0.3734939759036144,0.4096385542168674,0.9759036144578314
gru64_progress,53,116,3,66,0.7272727272727273,1.0454545454545454,0.696969696969697
gru64_progress,53,117,8,46,0.9347826086956522,2.0217391304347827,0.3043478260869565
gru64_progress,53,118,7,44,0.9318181818181818,2.5454545454545454,0.3181818181818182
gru64_progress,53,119,1,87,0.264367816091954,0.2873563218390804,0.9885057471264368
gru64_progress,53,120,11,55,0.8909090909090909,1.7818181818181815,0.509090909090909
gru64_progress,53,121,9,92,0.4130434782608695,0.4347826086956521,0.9891304347826086
gru64_progress,53,122,2,53,0.9056603773584906,1.679245283018868,0.3773584905660377
gru64_progress,53,123,10,53,0.8490566037735849,1.320754716981132,0.7169811320754716
gru64_progress,53,124,8,56,0.8928571428571429,1.9642857142857144,0.4107142857142857
gru64_progress,53,125,1,83,0.5542168674698795,0.7349397590361446,0.8313253012048193
gru64_progress,53,126,11,65,0.7384615384615385,0.9846153846153848,0.7692307692307693
gru64_progress,53,127,4,82,0.3902439024390244,0.4146341463414634,0.9878048780487804
gru64_progress,53,128,5,81,0.2839506172839506,0.3086419753086419,0.9876543209876544
gru64_progress,53,129,2,55,0.9090909090909092,2.090909090909091,0.3454545454545454
gru64_progress,53,130,7,94,0.3191489361702128,0.3404255319148936,0.9893617021276596
gru64_progress,53,131,3,79,0.3670886075949367,0.4050632911392405,0.9746835443037974
gru64_progress,53,132,6,86,0.3372093023255814,0.3604651162790697,0.9883720930232558
gru64_progress,53,133,0,88,0.5340909090909091,0.6022727272727273,0.9431818181818182
gru64_progress,53,134,9,83,0.5783132530120482,0.7951807228915663,0.7951807228915663
gru64_progress,53,135,2,59,0.8983050847457628,1.7966101694915255,0.4745762711864407
gru64_progress,53,136,5,94,0.4893617021276595,0.5319148936170213,0.9680851063829788
gru64_progress,53,137,8,61,0.7213114754098361,1.2459016393442623,0.6229508196721312
gru64_progress,53,138,3,72,0.4722222222222222,0.5416666666666666,0.9444444444444444
gru64_progress,53,139,4,91,0.4065934065934066,0.4505494505494505,0.967032967032967
gru64_progress,53,140,6,86,0.2558139534883721,0.2790697674418604,0.9883720930232558
gru64_progress,53,141,1,89,0.5617977528089888,0.5955056179775281,0.9775280898876404
gru64_progress,53,142,10,57,0.8596491228070176,1.8421052631578947,0.4561403508771929
gru64_progress,53,143,0,88,0.2159090909090909,0.2386363636363636,0.9886363636363636
gru64_progress,53,144,9,79,0.5063291139240507,0.569620253164557,0.9493670886075948
gru64_progress,53,145,7,86,0.3604651162790697,0.3837209302325581,0.9883720930232558
gru64_progress,71,0,8,57,0.8421052631578947,1.1403508771929824,0.7192982456140351
gru64_progress,71,1,1,102,0.7647058823529411,0.9509803921568628,0.8235294117647058
gru64_progress,71,2,11,70,0.6142857142857143,0.9714285714285714,0.6857142857142857
gru64_progress,71,3,4,114,0.7543859649122807,1.1666666666666667,0.6491228070175439
gru64_progress,71,4,5,109,0.5779816513761468,0.7522935779816514,0.8348623853211009
gru64_progress,71,5,2,72,0.4305555555555556,0.4583333333333333,0.9861111111111112
gru64_progress,71,6,7,93,0.2365591397849462,0.2580645161290322,0.989247311827957
gru64_progress,71,7,3,95,0.3894736842105263,0.4421052631578947,0.9578947368421052
gru64_progress,71,8,6,102,0.5588235294117647,0.5784313725490197,0.9901960784313726
gru64_progress,71,9,0,109,0.7064220183486238,1.0091743119266054,0.7155963302752294
gru64_progress,71,10,9,108,0.5925925925925926,0.6203703703703703,0.9814814814814816
gru64_progress,71,11,0,104,0.4903846153846153,0.5480769230769231,0.9519230769230768
gru64_progress,71,12,5,114,0.6842105263157895,1.1140350877192982,0.6228070175438597
gru64_progress,71,13,6,102,0.2941176470588235,0.3137254901960784,0.9901960784313726
gru64_progress,71,14,4,115,0.782608695652174,1.2956521739130435,0.6173913043478261
gru64_progress,71,15,3,95,0.3894736842105263,0.4105263157894737,0.9894736842105264
gru64_progress,71,16,8,58,0.7241379310344828,1.3448275862068966,0.5517241379310345
gru64_progress,71,17,7,91,0.2967032967032967,0.3186813186813186,0.989010989010989
gru64_progress,71,18,1,119,0.7478991596638656,0.9915966386554622,0.7647058823529411
gru64_progress,71,19,11,86,0.3720930232558139,0.4883720930232558,0.8953488372093024
gru64_progress,71,20,9,103,0.4368932038834951,0.4563106796116505,0.9902912621359224
gru64_progress,71,21,2,70,0.7142857142857143,0.8571428571428571,0.8714285714285714
gru64_progress,71,22,10,61,0.8688524590163934,1.7540983606557377,0.360655737704918
gru64_progress,71,23,9,108,0.5277777777777778,0.5648148148148148,0.9722222222222222
gru64_progress,71,24,11,94,0.574468085106383,0.5957446808510638,0.9893617021276596
gru64_progress,71,25,2,76,0.4473684210526316,0.4736842105263157,0.986842105263158
gru64_progress,71,26,0,119,0.7310924369747899,0.8991596638655462,0.8487394957983193
gru64_progress,71,27,10,77,0.3116883116883117,0.3376623376623376,0.987012987012987
gru64_progress,71,28,6,110,0.5,0.5272727272727272,0.9818181818181818
gru64_progress,71,29,1,126,0.4365079365079365,0.4523809523809524,0.992063492063492
gru64_progress,71,30,7,98,0.4489795918367347,0.4693877551020408,0.9897959183673468
gru64_progress,71,31,5,113,0.6902654867256637,1.3097345132743363,0.6283185840707964
gru64_progress,71,32,4,125,0.64,1.136,0.696
gru64_progress,71,33,8,46,0.9347826086956522,2.3043478260869565,0.2826086956521739
gru64_progress,71,34,1,77,0.2727272727272727,0.2987012987012987,0.987012987012987
gru64_progress,71,35,11,58,0.8620689655172413,1.2413793103448276,0.6379310344827587
gru64_progress,71,36,4,88,0.4772727272727273,0.5795454545454546,0.9090909090909092
gru64_progress,71,37,5,112,0.8125,1.7142857142857142,0.4464285714285714
gru64_progress,71,38,2,60,0.9,1.8,0.4
gru64_progress,71,39,7,49,0.9387755102040816,1.7959183673469388,0.3673469387755102
gru64_progress,71,40,3,83,0.5662650602409639,0.6867469879518072,0.891566265060241
gru64_progress,71,41,6,87,0.5402298850574713,0.5747126436781609,0.9770114942528736
gru64_progress,71,42,0,84,0.3809523809523809,0.4047619047619047,0.988095238095238
gru64_progress,71,43,9,71,0.4647887323943662,0.5070422535211268,0.971830985915493
gru64_progress,71,44,5,113,0.7168141592920354,1.3185840707964602,0.5221238938053098
gru64_progress,71,45,8,52,0.903846153846154,2.0384615384615383,0.3461538461538461
gru64_progress,71,46,3,78,0.6025641025641025,0.6794871794871795,0.935897435897436
gru64_progress,71,47,4,94,0.2659574468085106,0.2872340425531915,0.9893617021276596
gru64_progress,71,48,6,87,0.5057471264367817,0.5517241379310345,0.9655172413793104
gru64_progress,71,49,1,102,0.5490196078431373,0.5686274509803921,0.9901960784313726
gru64_progress,71,50,10,55,0.8909090909090909,1.4363636363636365,0.4909090909090909
gru64_progress,71,51,0,131,0.7633587786259542,1.236641221374046,0.6335877862595419
gru64_progress,71,52,9,80,0.6375,0.8,0.85
gru64_progress,71,53,7,62,0.8387096774193549,1.6451612903225807,0.4516129032258064
gru64_progress,71,54,6,75,0.5733333333333334,0.76,0.84
gru64_progress,71,55,4,94,0.6276595744680851,0.6914893617021277,0.946808510638298
gru64_progress,71,56,3,79,0.7215189873417721,0.7848101265822784,0.9493670886075948
gru64_progress,71,57,8,57,0.8771929824561403,1.5614035087719298,0.543859649122807
gru64_progress,71,58,7,50,0.96,2.52,0.22
gru64_progress,71,59,1,124,0.6290322580645161,0.7580645161290323,0.8790322580645161
gru64_progress,71,60,11,62,0.8709677419354839,1.4838709677419355,0.5
gru64_progress,71,61,9,86,0.5116279069767442,0.5697674418604651,0.9534883720930232
gru64_progress,71,62,2,54,0.9074074074074074,1.2777777777777777,0.6666666666666666
gru64_progress,71,63,10,54,0.9074074074074074,2.388888888888889,0.3703703703703703
gru64_progress,71,64,8,54,0.9074074074074074,2.0,0.3888888888888889
gru64_progress,71,65,1,81,0.6172839506172839,0.6419753086419753,0.9876543209876544
gru64_progress,71,66,11,68,0.8382352941176471,1.1470588235294117,0.7058823529411765
gru64_progress,71,67,4,83,0.3132530120481928,0.3373493975903614,0.9879518072289156
gru64_progress,71,68,5,74,0.4054054054054054,0.4864864864864865,0.9324324324324323
gru64_progress,71,69,2,57,0.8947368421052632,1.7543859649122806,0.4210526315789473
gru64_progress,71,70,7,48,0.9375,1.3958333333333333,0.6458333333333334
gru64_progress,71,71,3,68,0.8235294117647058,1.161764705882353,0.6764705882352942
gru64_progress,71,72,6,76,0.6710526315789473,0.7894736842105263,0.8947368421052632
gru64_progress,71,73,0,72,0.6111111111111112,0.75,0.875
gru64_progress,71,74,9,65,0.8307692307692308,1.1538461538461535,0.7076923076923077
gru64_progress,71,75,8,67,0.7761194029850746,1.164179104477612,0.7014925373134329
gru64_progress,71,76,1,122,0.7540983606557377,0.9508196721311476,0.8114754098360656
gru64_progress,71,77,11,81,0.5061728395061729,0.7407407407407407,0.7901234567901234
gru64_progress,71,78,4,121,0.7024793388429752,0.950413223140496,0.7851239669421488
gru64_progress,71,79,5,119,0.7142857142857143,0.8067226890756303,0.9159663865546218
gru64_progress,71,80,2,75,0.7066666666666667,0.9733333333333334,0.7466666666666667
gru64_progress,71,81,7,95,0.6,0.8947368421052632,0.7473684210526316
gru64_progress,71,82,3,93,0.4946236559139785,0.6344086021505376,0.8709677419354839
gru64_progress,71,83,6,103,0.4563106796116505,0.5048543689320388,0.9611650485436892
gru64_progress,71,84,0,90,0.4888888888888889,0.5111111111111111,0.9888888888888888
gru64_progress,71,85,9,91,0.7032967032967034,0.934065934065934,0.7912087912087912
gru64_progress,71,86,6,83,0.5542168674698795,0.6024096385542169,0.963855421686747
gru64_progress,71,87,4,93,0.6774193548387096,0.7634408602150538,0.9247311827956988
gru64_progress,71,88,3,83,0.5783132530120482,0.6626506024096386,0.927710843373494
gru64_progress,71,89,8,59,0.8813559322033898,1.5423728813559323,0.576271186440678
gru64_progress,71,90,7,86,0.3488372093023256,0.3720930232558139,0.9883720930232558
gru64_progress,71,91,1,103,0.6699029126213593,0.7281553398058253,0.9514563106796116
gru64_progress,71,92,11,72,0.4722222222222222,0.6805555555555556,0.8055555555555556
gru64_progress,71,93,9,82,0.524390243902439,0.5609756097560976,0.975609756097561
gru64_progress,71,94,2,63,0.8571428571428571,1.5238095238095235,0.4603174603174603
gru64_progress,71,95,10,57,0.8771929824561403,1.3333333333333333,0.5614035087719298
gru64_progress,71,96,9,100,0.63,0.71,0.93
gru64_progress,71,97,2,64,0.828125,1.21875,0.640625
gru64_progress,71,98,0,100,0.43,0.46,0.98
gru64_progress,71,99,10,69,0.6956521739130435,0.9855072463768116,0.7391304347826086
gru64_progress,71,100,6,104,0.3269230769230769,0.3461538461538461,0.9903846153846154
gru64_progress,71,101,1,113,0.5132743362831859,0.5486725663716814,0.9734513274336284
gru64_progress,71,102,7,90,0.4,0.4222222222222222,0.9888888888888888
gru64_progress,71,103,5,104,0.7596153846153846,0.9423076923076924,0.8269230769230769
gru64_progress,71,104,4,106,0.7358490566037735,0.9245283018867924,0.8207547169811321
gru64_progress,71,105,1,99,0.5151515151515151,0.5959595959595959,0.9292929292929292
gru64_progress,71,106,11,59,0.8813559322033898,1.3559322033898304,0.5423728813559322
gru64_progress,71,107,4,93,0.6774193548387096,0.8064516129032258,0.8817204301075269
gru64_progress,71,108,2,56,0.8928571428571429,1.0714285714285714,0.8392857142857143
gru64_progress,71,109,7,48,0.9375,1.875,0.3958333333333333
gru64_progress,71,110,3,70,0.8428571428571429,1.2571428571428571,0.6142857142857143
gru64_progress,71,111,6,88,0.1477272727272727,0.1704545454545454,0.9886363636363636
gru64_progress,71,112,0,81,0.3333333333333333,0.3580246913580246,0.9876543209876544
gru64_progress,71,113,9,76,0.3421052631578947,0.3684210526315789,0.986842105263158
gru64_progress,71,114,6,76,0.7368421052631579,0.9736842105263158,0.7763157894736842
gru64_progress,71,115,4,83,0.2409638554216867,0.2650602409638554,0.9879518072289156
gru64_progress,71,116,3,66,0.7878787878787878,1.4696969696969695,0.5454545454545454
gru64_progress,71,117,8,46,0.9347826086956522,2.065217391304348,0.2826086956521739
gru64_progress,71,118,7,44,0.9318181818181818,2.0,0.3409090909090909
gru64_progress,71,119,1,87,0.2183908045977011,0.2413793103448276,0.9885057471264368
gru64_progress,71,120,11,55,0.8909090909090909,1.690909090909091,0.4909090909090909
gru64_progress,71,121,9,92,0.3695652173913043,0.391304347826087,0.9891304347826086
gru64_progress,71,122,2,53,0.8679245283018868,1.2075471698113207,0.6792452830188679
gru64_progress,71,123,10,53,0.9056603773584906,1.9056603773584904,0.3773584905660377
gru64_progress,71,124,8,56,0.8928571428571429,2.267857142857143,0.4107142857142857
gru64_progress,71,125,1,83,0.6506024096385542,0.8192771084337349,0.8433734939759037
gru64_progress,71,126,11,65,0.8307692307692308,1.5384615384615383,0.4923076923076923
gru64_progress,71,127,4,82,0.4146341463414634,0.4390243902439024,0.9878048780487804
gru64_progress,71,128,5,81,0.3333333333333333,0.4567901234567901,0.8888888888888888
gru64_progress,71,129,2,55,0.9090909090909092,2.0,0.4
gru64_progress,71,130,7,94,0.3723404255319149,0.4361702127659574,0.946808510638298
gru64_progress,71,131,3,79,0.430379746835443,0.5443037974683544,0.8987341772151899
gru64_progress,71,132,6,86,0.5348837209302325,0.627906976744186,0.9186046511627908
gru64_progress,71,133,0,88,0.5909090909090909,0.7045454545454546,0.8977272727272727
gru64_progress,71,134,9,83,0.6626506024096386,1.1566265060240963,0.6144578313253012
gru64_progress,71,135,2,59,0.8813559322033898,1.5084745762711864,0.5254237288135594
gru64_progress,71,136,5,94,0.3085106382978723,0.3829787234042553,0.9361702127659576
gru64_progress,71,137,8,61,0.8360655737704918,1.819672131147541,0.4754098360655737
gru64_progress,71,138,3,72,0.5277777777777778,0.7638888888888888,0.7777777777777778
gru64_progress,71,139,4,91,0.3626373626373626,0.3846153846153846,0.989010989010989
gru64_progress,71,140,6,86,0.4186046511627907,0.5,0.9302325581395348
gru64_progress,71,141,1,89,0.1910112359550561,0.2134831460674157,0.9887640449438202
gru64_progress,71,142,10,57,0.8947368421052632,1.7894736842105263,0.3684210526315789
gru64_progress,71,143,0,88,0.3636363636363636,0.3863636363636363,0.9886363636363636
gru64_progress,71,144,9,79,0.2658227848101265,0.2911392405063291,0.9873417721518988
gru64_progress,71,145,7,86,0.627906976744186,0.8488372093023255,0.813953488372093
rsnn64_progress,11,0,8,57,0.7543859649122807,1.0350877192982455,0.7719298245614035
rsnn64_progress,11,1,1,102,0.696078431372549,0.8921568627450981,0.803921568627451
rsnn64_progress,11,2,11,70,0.8142857142857143,1.1857142857142855,0.6428571428571429
rsnn64_progress,11,3,4,114,0.7368421052631579,1.0701754385964912,0.6842105263157895
rsnn64_progress,11,4,5,109,0.8440366972477065,1.4128440366972477,0.5504587155963303
rsnn64_progress,11,5,2,72,0.7083333333333334,1.0694444444444444,0.6527777777777778
rsnn64_progress,11,6,7,93,0.8064516129032258,1.3978494623655917,0.5591397849462365
rsnn64_progress,11,7,3,95,0.4947368421052631,0.6105263157894737,0.8842105263157894
rsnn64_progress,11,8,6,102,0.5882352941176471,0.7843137254901961,0.803921568627451
rsnn64_progress,11,9,0,109,0.6697247706422018,0.8348623853211009,0.8348623853211009
rsnn64_progress,11,10,9,108,0.6203703703703703,0.7407407407407407,0.8796296296296297
rsnn64_progress,11,11,0,104,0.5288461538461539,0.6923076923076923,0.8365384615384616
rsnn64_progress,11,12,5,114,0.6842105263157895,1.1403508771929824,0.6929824561403509
rsnn64_progress,11,13,6,102,0.3529411764705882,0.4705882352941176,0.8823529411764706
rsnn64_progress,11,14,4,115,0.8782608695652174,1.791304347826087,0.391304347826087
rsnn64_progress,11,15,3,95,0.6526315789473685,0.7894736842105263,0.8631578947368421
rsnn64_progress,11,16,8,58,0.7068965517241379,0.8793103448275862,0.8275862068965517
rsnn64_progress,11,17,7,91,0.7912087912087912,1.4945054945054943,0.5604395604395604
rsnn64_progress,11,18,1,119,0.7394957983193278,0.957983193277311,0.7983193277310925
rsnn64_progress,11,19,11,86,0.8023255813953488,1.0348837209302326,0.7790697674418605
rsnn64_progress,11,20,9,103,0.9223300970873788,1.6116504854368932,0.6019417475728155
rsnn64_progress,11,21,2,70,0.8857142857142857,2.0,0.4857142857142857
rsnn64_progress,11,22,10,61,0.7377049180327869,1.1147540983606556,0.6885245901639344
rsnn64_progress,11,23,9,108,0.75,1.4814814814814814,0.6018518518518519
rsnn64_progress,11,24,11,94,0.6702127659574468,1.1382978723404256,0.6382978723404256
rsnn64_progress,11,25,2,76,0.8157894736842105,1.368421052631579,0.618421052631579
rsnn64_progress,11,26,0,119,0.7310924369747899,0.9915966386554622,0.773109243697479
rsnn64_progress,11,27,10,77,0.6363636363636364,0.7402597402597403,0.8961038961038961
rsnn64_progress,11,28,6,110,0.7454545454545455,1.2636363636363637,0.6272727272727273
rsnn64_progress,11,29,1,126,0.7698412698412699,1.468253968253968,0.5873015873015873
rsnn64_progress,11,30,7,98,0.7244897959183674,1.183673469387755,0.6326530612244898
rsnn64_progress,11,31,5,113,0.8849557522123894,1.761061946902655,0.4247787610619469
rsnn64_progress,11,32,4,125,0.816,1.48,0.52
rsnn64_progress,11,33,8,46,0.9130434782608696,2.3043478260869565,0.217391304347826
rsnn64_progress,11,34,1,77,0.6883116883116883,0.8831168831168831,0.8051948051948052
rsnn64_progress,11,35,11,58,0.9655172413793104,2.0689655172413794,0.2241379310344827
rsnn64_progress,11,36,4,88,0.8181818181818182,1.5227272727272727,0.5340909090909091
rsnn64_progress,11,37,5,112,0.7321428571428571,1.0178571428571428,0.7410714285714286
rsnn64_progress,11,38,2,60,1.0,3.5166666666666666,0.1833333333333333
rsnn64_progress,11,39,7,49,0.8979591836734694,1.9795918367346936,0.3673469387755102
rsnn64_progress,11,40,3,83,0.5903614457831325,0.7469879518072289,0.8433734939759037
rsnn64_progress,11,41,6,87,0.7126436781609196,0.9885057471264368,0.7241379310344828
rsnn64_progress,11,42,0,84,0.7142857142857143,1.0238095238095235,0.7261904761904762
rsnn64_progress,11,43,9,71,0.8309859154929577,1.0704225352112675,0.7746478873239436
rsnn64_progress,11,44,5,113,0.9203539823008848,2.061946902654867,0.3451327433628318
rsnn64_progress,11,45,8,52,0.8846153846153846,1.4230769230769231,0.5384615384615384
rsnn64_progress,11,46,3,78,0.7564102564102564,0.9487179487179488,0.8076923076923077
rsnn64_progress,11,47,4,94,0.8085106382978723,1.3085106382978724,0.5638297872340425
rsnn64_progress,11,48,6,87,0.8850574712643678,1.4367816091954022,0.5287356321839081
rsnn64_progress,11,49,1,102,0.6666666666666666,0.7941176470588235,0.8725490196078431
rsnn64_progress,11,50,10,55,0.7818181818181819,1.2545454545454546,0.5636363636363636
rsnn64_progress,11,51,0,131,0.8396946564885496,1.381679389312977,0.5725190839694656
rsnn64_progress,11,52,9,80,0.5375,0.6625,0.875
rsnn64_progress,11,53,7,62,0.9032258064516128,2.064516129032258,0.3387096774193548
rsnn64_progress,11,54,6,75,0.8133333333333334,1.2266666666666666,0.6533333333333333
rsnn64_progress,11,55,4,94,0.8297872340425532,1.872340425531915,0.5425531914893617
rsnn64_progress,11,56,3,79,0.8481012658227848,1.2531645569620251,0.6708860759493671
rsnn64_progress,11,57,8,57,0.8596491228070176,1.263157894736842,0.631578947368421
rsnn64_progress,11,58,7,50,0.78,1.12,0.76
rsnn64_progress,11,59,1,124,0.8145161290322581,1.2903225806451613,0.6048387096774194
rsnn64_progress,11,60,11,62,0.8870967741935484,1.6290322580645162,0.4354838709677419
rsnn64_progress,11,61,9,86,0.8255813953488372,1.2093023255813953,0.6511627906976745
rsnn64_progress,11,62,2,54,0.8888888888888888,2.240740740740741,0.2962962962962963
rsnn64_progress,11,63,10,54,0.8703703703703703,1.7777777777777777,0.3888888888888889
rsnn64_progress,11,64,8,54,0.8888888888888888,2.4074074074074074,0.2407407407407407
rsnn64_progress,11,65,1,81,0.7777777777777778,1.2345679012345678,0.6790123456790124
rsnn64_progress,11,66,11,68,0.7205882352941176,0.9264705882352942,0.7941176470588235
rsnn64_progress,11,67,4,83,0.7710843373493976,1.036144578313253,0.7349397590361446
rsnn64_progress,11,68,5,74,0.972972972972973,2.689189189189189,0.2702702702702703
rsnn64_progress,11,69,2,57,0.9298245614035088,2.421052631578948,0.2631578947368421
rsnn64_progress,11,70,7,48,0.8958333333333334,2.7291666666666665,0.3125
rsnn64_progress,11,71,3,68,0.6764705882352942,1.1470588235294117,0.6470588235294118
rsnn64_progress,11,72,6,76,0.7105263157894737,1.0789473684210529,0.7236842105263158
rsnn64_progress,11,73,0,72,0.8888888888888888,1.875,0.4861111111111111
rsnn64_progress,11,74,9,65,0.9230769230769232,1.5846153846153843,0.5846153846153846
rsnn64_progress,11,75,8,67,0.6865671641791045,1.0,0.7164179104477612
rsnn64_progress,11,76,1,122,0.7540983606557377,1.024590163934426,0.7377049180327869
rsnn64_progress,11,77,11,81,0.8024691358024691,1.0740740740740742,0.7283950617283951
rsnn64_progress,11,78,4,121,0.8760330578512396,1.396694214876033,0.512396694214876
rsnn64_progress,11,79,5,119,0.773109243697479,1.0252100840336134,0.7478991596638656
rsnn64_progress,11,80,2,75,0.8933333333333333,2.5866666666666664,0.2933333333333333
rsnn64_progress,11,81,7,95,0.8526315789473684,1.168421052631579,0.6842105263157895
rsnn64_progress,11,82,3,93,0.6021505376344086,0.8279569892473119,0.7741935483870968
rsnn64_progress,11,83,6,103,0.6504854368932039,0.8155339805825242,0.8349514563106796
rsnn64_progress,11,84,0,90,0.8555555555555555,1.1777777777777778,0.7111111111111111
rsnn64_progress,11,85,9,91,0.7252747252747253,0.9230769230769232,0.8021978021978022
rsnn64_progress,11,86,6,83,0.5301204819277109,0.6385542168674698,0.891566265060241
rsnn64_progress,11,87,4,93,0.6666666666666666,1.2473118279569892,0.6666666666666666
rsnn64_progress,11,88,3,83,0.6626506024096386,0.8313253012048193,0.8313253012048193
rsnn64_progress,11,89,8,59,0.7627118644067796,1.0169491525423728,0.7457627118644068
rsnn64_progress,11,90,7,86,0.7790697674418605,1.069767441860465,0.7093023255813954
rsnn64_progress,11,91,1,103,0.7281553398058253,0.941747572815534,0.7864077669902912
rsnn64_progress,11,92,11,72,0.5555555555555556,0.6805555555555556,0.875
rsnn64_progress,11,93,9,82,0.7804878048780488,1.1341463414634143,0.6829268292682927
rsnn64_progress,11,94,2,63,0.9047619047619048,1.8412698412698407,0.3174603174603174
rsnn64_progress,11,95,10,57,0.8947368421052632,1.912280701754386,0.3684210526315789
rsnn64_progress,11,96,9,100,0.61,1.07,0.65
rsnn64_progress,11,97,2,64,0.890625,2.3125,0.296875
rsnn64_progress,11,98,0,100,0.74,0.98,0.76
rsnn64_progress,11,99,10,69,0.8115942028985508,1.1014492753623188,0.7246376811594203
rsnn64_progress,11,100,6,104,0.75,0.971153846153846,0.7788461538461539
rsnn64_progress,11,101,1,113,0.7256637168141593,1.106194690265487,0.6637168141592921
rsnn64_progress,11,102,7,90,0.7888888888888889,1.0555555555555556,0.7333333333333333
rsnn64_progress,11,103,5,104,0.7980769230769231,1.2596153846153846,0.5865384615384616
rsnn64_progress,11,104,4,106,0.6981132075471698,0.9150943396226416,0.7830188679245284
rsnn64_progress,11,105,1,99,0.7575757575757576,1.7474747474747474,0.4141414141414141
rsnn64_progress,11,106,11,59,0.864406779661017,1.3559322033898304,0.5423728813559322
rsnn64_progress,11,107,4,93,0.8387096774193549,1.2150537634408602,0.6344086021505376
rsnn64_progress,11,108,2,56,0.9107142857142856,2.071428571428572,0.2678571428571428
rsnn64_progress,11,109,7,48,0.8958333333333334,2.9375,0.2916666666666667
rsnn64_progress,11,110,3,70,0.8,1.3142857142857145,0.6285714285714286
rsnn64_progress,11,111,6,88,0.625,1.193181818181818,0.6818181818181818
rsnn64_progress,11,112,0,81,0.6790123456790124,0.8395061728395061,0.8395061728395061
rsnn64_progress,11,113,9,76,0.75,1.3289473684210529,0.618421052631579
rsnn64_progress,11,114,6,76,0.9736842105263158,2.0,0.5131578947368421
rsnn64_progress,11,115,4,83,0.8192771084337349,1.5301204819277108,0.5421686746987951
rsnn64_progress,11,116,3,66,0.7878787878787878,1.6363636363636365,0.5
rsnn64_progress,11,117,8,46,0.9130434782608696,2.5,0.2391304347826087
rsnn64_progress,11,118,7,44,0.8863636363636364,2.590909090909091,0.2045454545454545
rsnn64_progress,11,119,1,87,0.7931034482758621,0.9885057471264368,0.8045977011494253
rsnn64_progress,11,120,11,55,0.9090909090909092,2.672727272727273,0.2
rsnn64_progress,11,121,9,92,0.6195652173913043,1.0,0.7065217391304348
rsnn64_progress,11,122,2,53,0.9245283018867924,1.9245283018867925,0.2641509433962264
rsnn64_progress,11,123,10,53,0.9056603773584906,2.056603773584906,0.2264150943396226
rsnn64_progress,11,124,8,56,0.9107142857142856,2.232142857142857,0.3035714285714285
rsnn64_progress,11,125,1,83,0.8192771084337349,1.8313253012048192,0.5421686746987951
rsnn64_progress,11,126,11,65,0.8923076923076924,1.984615384615385,0.3076923076923077
rsnn64_progress,11,127,4,82,0.7804878048780488,1.146341463414634,0.6463414634146342
rsnn64_progress,11,128,5,81,0.8395061728395061,1.8271604938271604,0.4074074074074074
rsnn64_progress,11,129,2,55,0.9454545454545454,1.818181818181818,0.3090909090909091
rsnn64_progress,11,130,7,94,0.7446808510638298,1.202127659574468,0.6063829787234043
rsnn64_progress,11,131,3,79,0.8860759493670886,1.8481012658227849,0.379746835443038
rsnn64_progress,11,132,6,86,0.7558139534883721,1.058139534883721,0.7093023255813954
rsnn64_progress,11,133,0,88,0.875,1.306818181818182,0.6590909090909091
rsnn64_progress,11,134,9,83,0.7710843373493976,0.9879518072289156,0.7831325301204819
rsnn64_progress,11,135,2,59,0.7627118644067796,1.0169491525423728,0.7457627118644068
rsnn64_progress,11,136,5,94,0.6595744680851063,0.8829787234042553,0.8191489361702128
rsnn64_progress,11,137,8,61,0.8524590163934426,1.9180327868852456,0.3770491803278688
rsnn64_progress,11,138,3,72,0.6944444444444444,1.0555555555555556,0.6944444444444444
rsnn64_progress,11,139,4,91,0.6703296703296703,1.054945054945055,0.7582417582417582
rsnn64_progress,11,140,6,86,0.627906976744186,1.0,0.7093023255813954
rsnn64_progress,11,141,1,89,0.5617977528089888,0.9213483146067416,0.7191011235955056
rsnn64_progress,11,142,10,57,0.9298245614035088,2.43859649122807,0.2456140350877192
rsnn64_progress,11,143,0,88,0.7840909090909091,1.2386363636363635,0.6363636363636364
rsnn64_progress,11,144,9,79,0.5316455696202531,0.6708860759493671,0.8607594936708861
rsnn64_progress,11,145,7,86,0.8023255813953488,1.302325581395349,0.5581395348837209
rsnn64_progress,23,0,8,57,0.6491228070175439,1.0526315789473684,0.7543859649122807
rsnn64_progress,23,1,1,102,0.7352941176470589,1.088235294117647,0.7549019607843137
rsnn64_progress,23,2,11,70,0.7857142857142857,1.2,0.6714285714285714
rsnn64_progress,23,3,4,114,0.7017543859649122,1.3771929824561404,0.5701754385964912
rsnn64_progress,23,4,5,109,0.7614678899082569,0.9908256880733946,0.7798165137614679
rsnn64_progress,23,5,2,72,0.8333333333333334,1.3055555555555556,0.625
rsnn64_progress,23,6,7,93,0.8064516129032258,1.3333333333333333,0.5806451612903226
rsnn64_progress,23,7,3,95,0.5894736842105263,0.8210526315789474,0.8105263157894737
rsnn64_progress,23,8,6,102,0.4509803921568627,0.5588235294117647,0.9411764705882352
rsnn64_progress,23,9,0,109,0.6697247706422018,0.7706422018348624,0.908256880733945
rsnn64_progress,23,10,9,108,0.9166666666666666,1.4907407407407407,0.5370370370370371
rsnn64_progress,23,11,0,104,0.6538461538461539,1.0,0.75
rsnn64_progress,23,12,5,114,0.8157894736842105,1.4473684210526316,0.5789473684210527
rsnn64_progress,23,13,6,102,0.5,0.696078431372549,0.8921568627450981
rsnn64_progress,23,14,4,115,0.7913043478260869,1.391304347826087,0.5826086956521739
rsnn64_progress,23,15,3,95,0.631578947368421,0.9789473684210528,0.7578947368421053
rsnn64_progress,23,16,8,58,0.9310344827586208,2.0,0.2758620689655172
rsnn64_progress,23,17,7,91,0.7692307692307693,1.6043956043956045,0.5164835164835165
rsnn64_progress,23,18,1,119,0.8739495798319328,1.5378151260504205,0.4621848739495798
rsnn64_progress,23,19,11,86,0.8023255813953488,1.3953488372093024,0.5465116279069767
rsnn64_progress,23,20,9,103,0.7281553398058253,1.0485436893203883,0.7864077669902912
rsnn64_progress,23,21,2,70,0.8428571428571429,1.6428571428571428,0.3714285714285714
rsnn64_progress,23,22,10,61,0.7704918032786885,1.098360655737705,0.7213114754098361
rsnn64_progress,23,23,9,108,0.7037037037037037,1.3148148148148149,0.5925925925925926
rsnn64_progress,23,24,11,94,0.7659574468085106,1.2872340425531914,0.5957446808510638
rsnn64_progress,23,25,2,76,0.8026315789473685,1.4078947368421053,0.5657894736842105
rsnn64_progress,23,26,0,119,0.7394957983193278,1.369747899159664,0.5882352941176471
rsnn64_progress,23,27,10,77,0.7532467532467533,1.3506493506493509,0.5454545454545454
rsnn64_progress,23,28,6,110,0.7818181818181819,1.709090909090909,0.5181818181818182
rsnn64_progress,23,29,1,126,0.6507936507936508,1.238095238095238,0.6428571428571429
rsnn64_progress,23,30,7,98,0.8061224489795918,1.7244897959183674,0.4489795918367347
rsnn64_progress,23,31,5,113,0.8761061946902655,1.584070796460177,0.4513274336283185
rsnn64_progress,23,32,4,125,0.68,1.168,0.72
rsnn64_progress,23,33,8,46,0.9782608695652174,2.5869565217391304,0.1304347826086956
rsnn64_progress,23,34,1,77,0.7792207792207793,1.2597402597402598,0.6623376623376623
rsnn64_progress,23,35,11,58,0.913793103448276,1.6206896551724137,0.5
rsnn64_progress,23,36,4,88,0.8522727272727273,1.4772727272727273,0.5568181818181818
rsnn64_progress,23,37,5,112,0.7142857142857143,1.0178571428571428,0.8035714285714286
rsnn64_progress,23,38,2,60,0.9833333333333332,2.183333333333333,0.2833333333333333
rsnn64_progress,23,39,7,49,0.8979591836734694,2.3877551020408165,0.2040816326530612
rsnn64_progress,23,40,3,83,0.5421686746987951,0.8433734939759037,0.8072289156626506
rsnn64_progress,23,41,6,87,0.735632183908046,1.264367816091954,0.5977011494252874
rsnn64_progress,23,42,0,84,0.7023809523809523,1.0714285714285714,0.75
rsnn64_progress,23,43,9,71,0.7746478873239436,1.647887323943662,0.4366197183098591
rsnn64_progress,23,44,5,113,0.7079646017699115,1.3716814159292037,0.5575221238938053
rsnn64_progress,23,45,8,52,0.9230769230769232,1.9615384615384612,0.2884615384615384
rsnn64_progress,23,46,3,78,0.9615384615384616,2.0128205128205128,0.3076923076923077
rsnn64_progress,23,47,4,94,0.776595744680851,1.0851063829787233,0.776595744680851
rsnn64_progress,23,48,6,87,0.7011494252873564,1.137931034482759,0.6666666666666666
rsnn64_progress,23,49,1,102,0.7843137254901961,1.2941176470588236,0.6078431372549019
rsnn64_progress,23,50,10,55,0.9818181818181818,2.036363636363636,0.2909090909090909
rsnn64_progress,23,51,0,131,0.8854961832061069,1.6946564885496185,0.4274809160305343
rsnn64_progress,23,52,9,80,0.625,0.9125,0.8125
rsnn64_progress,23,53,7,62,0.7258064516129032,1.1935483870967742,0.6451612903225806
rsnn64_progress,23,54,6,75,0.84,1.36,0.6
rsnn64_progress,23,55,4,94,0.7659574468085106,1.3617021276595744,0.648936170212766
rsnn64_progress,23,56,3,79,0.4936708860759494,0.7088607594936709,0.8227848101265823
rsnn64_progress,23,57,8,57,0.912280701754386,2.1578947368421053,0.1929824561403508
rsnn64_progress,23,58,7,50,0.86,2.26,0.38
rsnn64_progress,23,59,1,124,0.782258064516129,1.3548387096774193,0.5483870967741935
rsnn64_progress,23,60,11,62,1.0,2.2419354838709675,0.3709677419354839
rsnn64_progress,23,61,9,86,0.7209302325581395,1.2325581395348837,0.627906976744186
rsnn64_progress,23,62,2,54,0.8703703703703703,1.537037037037037,0.5185185185185185
rsnn64_progress,23,63,10,54,0.9814814814814816,2.111111111111111,0.2777777777777778
rsnn64_progress,23,64,8,54,0.9629629629629628,2.111111111111111,0.2592592592592592
rsnn64_progress,23,65,1,81,0.7037037037037037,1.4074074074074074,0.4938271604938271
rsnn64_progress,23,66,11,68,0.8676470588235294,1.3235294117647058,0.6470588235294118
rsnn64_progress,23,67,4,83,0.7228915662650602,1.3012048192771084,0.6024096385542169
rsnn64_progress,23,68,5,74,0.7702702702702703,1.1891891891891893,0.6891891891891891
rsnn64_progress,23,69,2,57,0.9298245614035088,2.8947368421052637,0.1052631578947368
rsnn64_progress,23,70,7,48,0.9583333333333334,2.9166666666666665,0.2083333333333333
rsnn64_progress,23,71,3,68,0.8529411764705882,1.5735294117647058,0.4852941176470588
rsnn64_progress,23,72,6,76,0.9210526315789472,1.8026315789473684,0.3947368421052631
rsnn64_progress,23,73,0,72,0.9166666666666666,1.6805555555555556,0.375
rsnn64_progress,23,74,9,65,0.8307692307692308,1.8,0.4
rsnn64_progress,23,75,8,67,0.7611940298507462,1.1791044776119404,0.7014925373134329
rsnn64_progress,23,76,1,122,0.7049180327868853,1.0,0.7622950819672131
rsnn64_progress,23,77,11,81,0.9506172839506172,1.8641975308641976,0.3703703703703703
rsnn64_progress,23,78,4,121,0.7851239669421488,1.4049586776859504,0.5702479338842975
rsnn64_progress,23,79,5,119,0.5378151260504201,0.865546218487395,0.773109243697479
rsnn64_progress,23,80,2,75,0.9066666666666666,2.546666666666667,0.3066666666666666
rsnn64_progress,23,81,7,95,0.7473684210526316,1.3894736842105264,0.5473684210526316
rsnn64_progress,23,82,3,93,0.7741935483870968,1.2258064516129032,0.6989247311827957
rsnn64_progress,23,83,6,103,0.7572815533980582,1.0485436893203883,0.8155339805825242
rsnn64_progress,23,84,0,90,0.7,1.022222222222222,0.7777777777777778
rsnn64_progress,23,85,9,91,0.5494505494505495,0.8241758241758241,0.8351648351648352
rsnn64_progress,23,86,6,83,0.7590361445783133,1.2048192771084338,0.6626506024096386
rsnn64_progress,23,87,4,93,0.5376344086021505,0.8064516129032258,0.7526881720430108
rsnn64_progress,23,88,3,83,0.6987951807228916,0.9759036144578314,0.8072289156626506
rsnn64_progress,23,89,8,59,0.8983050847457628,2.254237288135593,0.1694915254237288
rsnn64_progress,23,90,7,86,0.7790697674418605,1.127906976744186,0.7558139534883721
rsnn64_progress,23,91,1,103,0.6116504854368932,0.883495145631068,0.8349514563106796
rsnn64_progress,23,92,11,72,0.9583333333333334,1.8333333333333333,0.3888888888888889
rsnn64_progress,23,93,9,82,0.8048780487804879,1.4390243902439024,0.5487804878048781
rsnn64_progress,23,94,2,63,0.9523809523809524,2.0,0.2063492063492063
rsnn64_progress,23,95,10,57,0.9649122807017544,2.1403508771929824,0.2631578947368421
rsnn64_progress,23,96,9,100,0.72,1.19,0.64
rsnn64_progress,23,97,2,64,0.90625,2.0625,0.28125
rsnn64_progress,23,98,0,100,0.61,1.16,0.62
rsnn64_progress,23,99,10,69,0.7971014492753623,1.434782608695652,0.5507246376811594
rsnn64_progress,23,100,6,104,0.6730769230769231,1.0480769230769231,0.7307692307692307
rsnn64_progress,23,101,1,113,0.6637168141592921,1.0176991150442478,0.7522123893805309
rsnn64_progress,23,102,7,90,0.8333333333333334,1.4333333333333331,0.5777777777777777
rsnn64_progress,23,103,5,104,0.7019230769230769,1.0,0.75
rsnn64_progress,23,104,4,106,0.8207547169811321,1.349056603773585,0.5849056603773585
rsnn64_progress,23,105,1,99,0.6666666666666666,1.181818181818182,0.6262626262626263
rsnn64_progress,23,106,11,59,0.9830508474576272,2.694915254237288,0.2203389830508474
rsnn64_progress,23,107,4,93,0.7096774193548387,1.032258064516129,0.7419354838709677
rsnn64_progress,23,108,2,56,0.8928571428571429,1.625,0.375
rsnn64_progress,23,109,7,48,0.9791666666666666,2.3125,0.1666666666666666
rsnn64_progress,23,110,3,70,0.9,1.3428571428571427,0.6571428571428571
rsnn64_progress,23,111,6,88,0.5454545454545454,0.75,0.8977272727272727
rsnn64_progress,23,112,0,81,0.5555555555555556,0.8148148148148148,0.8024691358024691
rsnn64_progress,23,113,9,76,0.6973684210526315,1.0921052631578947,0.7105263157894737
rsnn64_progress,23,114,6,76,0.9736842105263158,1.894736842105263,0.3157894736842105
rsnn64_progress,23,115,4,83,0.7108433734939759,1.2771084337349397,0.5903614457831325
rsnn64_progress,23,116,3,66,0.8484848484848485,1.5151515151515151,0.5
rsnn64_progress,23,117,8,46,0.9782608695652174,2.391304347826087,0.2391304347826087
rsnn64_progress,23,118,7,44,0.9545454545454546,2.4318181818181817,0.1818181818181818
rsnn64_progress,23,119,1,87,0.7586206896551724,1.3333333333333333,0.6781609195402298
rsnn64_progress,23,120,11,55,0.8181818181818182,1.490909090909091,0.4909090909090909
rsnn64_progress,23,121,9,92,0.5760869565217391,0.782608695652174,0.8804347826086957
rsnn64_progress,23,122,2,53,0.7547169811320755,1.0943396226415094,0.7358490566037735
rsnn64_progress,23,123,10,53,0.981132075471698,2.169811320754717,0.2641509433962264
rsnn64_progress,23,124,8,56,0.8928571428571429,2.8392857142857144,0.25
rsnn64_progress,23,125,1,83,0.8313253012048193,1.5421686746987953,0.4939759036144578
rsnn64_progress,23,126,11,65,0.9692307692307692,1.6,0.4769230769230769
rsnn64_progress,23,127,4,82,0.7682926829268293,1.2195121951219512,0.6707317073170732
rsnn64_progress,23,128,5,81,0.5555555555555556,0.8395061728395061,0.8271604938271605
rsnn64_progress,23,129,2,55,0.9454545454545454,2.0,0.2909090909090909
rsnn64_progress,23,130,7,94,0.8191489361702128,1.297872340425532,0.6276595744680851
rsnn64_progress,23,131,3,79,0.8227848101265823,1.481012658227848,0.5443037974683544
rsnn64_progress,23,132,6,86,0.686046511627907,1.127906976744186,0.6627906976744186
rsnn64_progress,23,133,0,88,0.8636363636363636,1.6363636363636365,0.4431818181818182
rsnn64_progress,23,134,9,83,0.5662650602409639,1.0120481927710845,0.6987951807228916
rsnn64_progress,23,135,2,59,0.9152542372881356,1.7627118644067796,0.3898305084745763
rsnn64_progress,23,136,5,94,0.7340425531914894,1.127659574468085,0.7127659574468085
rsnn64_progress,23,137,8,61,0.9016393442622952,1.8688524590163933,0.4590163934426229
rsnn64_progress,23,138,3,72,0.875,1.4166666666666667,0.6388888888888888
rsnn64_progress,23,139,4,91,0.8241758241758241,1.89010989010989,0.4175824175824176
rsnn64_progress,23,140,6,86,0.6976744186046512,1.1162790697674418,0.7209302325581395
rsnn64_progress,23,141,1,89,0.6629213483146067,1.0898876404494382,0.6966292134831461
rsnn64_progress,23,142,10,57,0.9298245614035088,1.7543859649122806,0.4912280701754385
rsnn64_progress,23,143,0,88,0.7840909090909091,1.2272727272727273,0.6590909090909091
rsnn64_progress,23,144,9,79,0.6075949367088608,0.9240506329113924,0.7848101265822784
rsnn64_progress,23,145,7,86,0.813953488372093,1.5232558139534884,0.5116279069767442
rsnn64_progress,37,0,8,57,0.7192982456140351,0.9473684210526316,0.7894736842105263
rsnn64_progress,37,1,1,102,0.5784313725490197,0.8823529411764706,0.803921568627451
rsnn64_progress,37,2,11,70,0.7142857142857143,1.2428571428571429,0.6857142857142857
rsnn64_progress,37,3,4,114,0.6666666666666666,1.131578947368421,0.6842105263157895
rsnn64_progress,37,4,5,109,0.7247706422018348,1.220183486238532,0.6330275229357798
rsnn64_progress,37,5,2,72,0.7222222222222222,1.1805555555555556,0.7222222222222222
rsnn64_progress,37,6,7,93,0.9032258064516128,1.946236559139785,0.4731182795698925
rsnn64_progress,37,7,3,95,0.7684210526315789,0.968421052631579,0.8421052631578947
rsnn64_progress,37,8,6,102,0.7156862745098039,1.0098039215686274,0.7549019607843137
rsnn64_progress,37,9,0,109,0.8532110091743119,1.1376146788990826,0.7522935779816514
rsnn64_progress,37,10,9,108,0.5648148148148148,0.9444444444444444,0.7314814814814815
rsnn64_progress,37,11,0,104,0.5865384615384616,0.8653846153846154,0.8173076923076923
rsnn64_progress,37,12,5,114,0.7719298245614035,1.412280701754386,0.5263157894736842
rsnn64_progress,37,13,6,102,0.7450980392156863,1.0588235294117647,0.7745098039215687
rsnn64_progress,37,14,4,115,0.7043478260869566,1.0869565217391304,0.7130434782608696
rsnn64_progress,37,15,3,95,0.6526315789473685,0.9578947368421052,0.8
rsnn64_progress,37,16,8,58,0.7241379310344828,1.1551724137931034,0.6724137931034483
rsnn64_progress,37,17,7,91,0.6923076923076923,1.010989010989011,0.7912087912087912
rsnn64_progress,37,18,1,119,0.8151260504201681,1.512605042016807,0.5378151260504201
rsnn64_progress,37,19,11,86,0.7325581395348837,1.0348837209302326,0.8023255813953488
rsnn64_progress,37,20,9,103,0.7572815533980582,1.6116504854368932,0.4660194174757281
rsnn64_progress,37,21,2,70,0.8857142857142857,1.4285714285714286,0.5142857142857142
rsnn64_progress,37,22,10,61,0.7540983606557377,1.2295081967213115,0.6065573770491803
rsnn64_progress,37,23,9,108,0.6203703703703703,1.1111111111111112,0.6481481481481481
rsnn64_progress,37,24,11,94,0.8617021276595744,1.3297872340425532,0.6276595744680851
rsnn64_progress,37,25,2,76,0.7631578947368421,1.4473684210526316,0.4868421052631579
rsnn64_progress,37,26,0,119,0.7983193277310925,1.6134453781512603,0.4705882352941176
rsnn64_progress,37,27,10,77,0.6363636363636364,0.987012987012987,0.7532467532467533
rsnn64_progress,37,28,6,110,0.7909090909090909,1.4545454545454546,0.5636363636363636
rsnn64_progress,37,29,1,126,0.8492063492063492,1.2857142857142858,0.6746031746031746
rsnn64_progress,37,30,7,98,0.5612244897959183,0.8673469387755102,0.7959183673469388
rsnn64_progress,37,31,5,113,0.9469026548672568,1.8141592920353984,0.3805309734513274
rsnn64_progress,37,32,4,125,0.664,1.416,0.544
rsnn64_progress,37,33,8,46,0.9782608695652174,2.608695652173913,0.108695652173913
rsnn64_progress,37,34,1,77,0.8571428571428571,1.7012987012987013,0.4155844155844156
rsnn64_progress,37,35,11,58,0.896551724137931,1.913793103448276,0.3793103448275862
rsnn64_progress,37,36,4,88,0.7272727272727273,1.3295454545454546,0.5681818181818182
rsnn64_progress,37,37,5,112,0.7053571428571429,1.1785714285714286,0.6875
rsnn64_progress,37,38,2,60,0.9666666666666668,2.6333333333333333,0.1833333333333333
rsnn64_progress,37,39,7,49,0.8775510204081632,1.7346938775510203,0.4081632653061224
rsnn64_progress,37,40,3,83,0.7710843373493976,1.3614457831325302,0.5542168674698795
rsnn64_progress,37,41,6,87,0.5057471264367817,0.7471264367816092,0.8620689655172413
rsnn64_progress,37,42,0,84,0.9047619047619048,1.75,0.369047619047619
rsnn64_progress,37,43,9,71,0.704225352112676,1.1690140845070425,0.7183098591549296
rsnn64_progress,37,44,5,113,0.7168141592920354,1.238938053097345,0.5929203539823009
rsnn64_progress,37,45,8,52,0.8846153846153846,1.4807692307692308,0.5576923076923077
rsnn64_progress,37,46,3,78,0.8846153846153846,1.435897435897436,0.5769230769230769
rsnn64_progress,37,47,4,94,0.7340425531914894,1.319148936170213,0.6063829787234043
rsnn64_progress,37,48,6,87,0.5402298850574713,0.8275862068965517,0.8160919540229885
rsnn64_progress,37,49,1,102,0.8725490196078431,1.8725490196078431,0.4411764705882353
rsnn64_progress,37,50,10,55,0.8545454545454545,1.6727272727272726,0.509090909090909
rsnn64_progress,37,51,0,131,0.8778625954198473,1.816793893129771,0.4122137404580153
rsnn64_progress,37,52,9,80,0.825,1.425,0.5875
rsnn64_progress,37,53,7,62,1.0,2.435483870967742,0.1290322580645161
rsnn64_progress,37,54,6,75,0.8533333333333334,1.3733333333333333,0.5866666666666667
rsnn64_progress,37,55,4,94,0.6808510638297872,1.1914893617021276,0.6914893617021277
rsnn64_progress,37,56,3,79,0.6708860759493671,0.9620253164556962,0.810126582278481
rsnn64_progress,37,57,8,57,0.912280701754386,1.7543859649122806,0.2982456140350877
rsnn64_progress,37,58,7,50,0.94,2.6,0.24
rsnn64_progress,37,59,1,124,0.8225806451612904,1.7096774193548387,0.3709677419354839
rsnn64_progress,37,60,11,62,0.7258064516129032,1.3870967741935485,0.5
rsnn64_progress,37,61,9,86,0.7906976744186046,1.2674418604651163,0.6744186046511628
rsnn64_progress,37,62,2,54,0.8518518518518519,1.7037037037037035,0.3888888888888889
rsnn64_progress,37,63,10,54,0.9814814814814816,2.2777777777777777,0.1481481481481481
rsnn64_progress,37,64,8,54,0.9629629629629628,2.333333333333333,0.2037037037037037
rsnn64_progress,37,65,1,81,0.8024691358024691,1.7777777777777777,0.3950617283950617
rsnn64_progress,37,66,11,68,0.7058823529411765,1.2205882352941178,0.6176470588235294
rsnn64_progress,37,67,4,83,0.6746987951807228,1.5542168674698795,0.5903614457831325
rsnn64_progress,37,68,5,74,0.7972972972972973,1.9594594594594597,0.4324324324324324
rsnn64_progress,37,69,2,57,0.9649122807017544,3.0526315789473686,0.2105263157894736
rsnn64_progress,37,70,7,48,0.9791666666666666,2.2291666666666665,0.25
rsnn64_progress,37,71,3,68,0.9558823529411764,1.897058823529412,0.3088235294117647
rsnn64_progress,37,72,6,76,0.868421052631579,1.8421052631578947,0.4210526315789473
rsnn64_progress,37,73,0,72,0.7916666666666666,1.2916666666666667,0.6111111111111112
rsnn64_progress,37,74,9,65,0.6461538461538462,0.953846153846154,0.8
rsnn64_progress,37,75,8,67,0.8656716417910447,1.3582089552238803,0.6119402985074627
rsnn64_progress,37,76,1,122,0.6147540983606558,0.7950819672131147,0.860655737704918
rsnn64_progress,37,77,11,81,0.7407407407407407,1.2469135802469136,0.6666666666666666
rsnn64_progress,37,78,4,121,0.7272727272727273,1.0743801652892562,0.768595041322314
rsnn64_progress,37,79,5,119,0.8571428571428571,1.4621848739495795,0.5042016806722689
rsnn64_progress,37,80,2,75,0.7466666666666667,1.24,0.6266666666666667
rsnn64_progress,37,81,7,95,0.5052631578947369,0.8421052631578947,0.7684210526315789
rsnn64_progress,37,82,3,93,0.7956989247311828,1.3225806451612905,0.6344086021505376
rsnn64_progress,37,83,6,103,0.5436893203883495,0.8737864077669902,0.7766990291262136
rsnn64_progress,37,84,0,90,0.5777777777777777,0.7111111111111111,0.9
rsnn64_progress,37,85,9,91,0.8571428571428571,1.4065934065934067,0.6263736263736264
rsnn64_progress,37,86,6,83,0.7710843373493976,1.3012048192771084,0.6746987951807228
rsnn64_progress,37,87,4,93,0.8494623655913979,1.8172043010752688,0.5376344086021505
rsnn64_progress,37,88,3,83,0.6867469879518072,1.120481927710843,0.6746987951807228
rsnn64_progress,37,89,8,59,1.0,2.830508474576271,0.1694915254237288
rsnn64_progress,37,90,7,86,0.872093023255814,1.3837209302325582,0.6046511627906976
rsnn64_progress,37,91,1,103,0.6796116504854369,0.9902912621359224,0.7961165048543689
rsnn64_progress,37,92,11,72,0.8055555555555556,1.1944444444444444,0.7222222222222222
rsnn64_progress,37,93,9,82,0.7073170731707317,1.2804878048780488,0.6097560975609756
rsnn64_progress,37,94,2,63,0.9682539682539684,2.253968253968254,0.1428571428571428
rsnn64_progress,37,95,10,57,0.9824561403508772,2.754385964912281,0.1578947368421052
rsnn64_progress,37,96,9,100,0.62,0.89,0.83
rsnn64_progress,37,97,2,64,0.9375,2.0,0.265625
rsnn64_progress,37,98,0,100,0.63,1.02,0.72
rsnn64_progress,37,99,10,69,0.927536231884058,1.8115942028985508,0.3333333333333333
rsnn64_progress,37,100,6,104,0.6923076923076923,1.25,0.6346153846153846
rsnn64_progress,37,101,1,113,0.7610619469026548,1.168141592920354,0.6991150442477876
rsnn64_progress,37,102,7,90,0.7888888888888889,1.3333333333333333,0.6666666666666666
rsnn64_progress,37,103,5,104,0.8076923076923077,1.0769230769230769,0.7788461538461539
rsnn64_progress,37,104,4,106,0.7547169811320755,1.1132075471698113,0.7169811320754716
rsnn64_progress,37,105,1,99,0.6666666666666666,1.1616161616161615,0.696969696969697
rsnn64_progress,37,106,11,59,0.8813559322033898,1.6779661016949152,0.3389830508474576
rsnn64_progress,37,107,4,93,0.8064516129032258,1.6236559139784943,0.4731182795698925
rsnn64_progress,37,108,2,56,0.8392857142857143,1.5535714285714286,0.5357142857142857
rsnn64_progress,37,109,7,48,1.0,3.0625,0.1666666666666666
rsnn64_progress,37,110,3,70,0.5428571428571428,0.8571428571428571,0.7857142857142857
rsnn64_progress,37,111,6,88,0.5681818181818182,0.8295454545454546,0.8409090909090909
rsnn64_progress,37,112,0,81,0.8271604938271605,1.3950617283950617,0.654320987654321
rsnn64_progress,37,113,9,76,0.6052631578947368,0.881578947368421,0.8289473684210527
rsnn64_progress,37,114,6,76,0.6973684210526315,1.0921052631578947,0.7105263157894737
rsnn64_progress,37,115,4,83,0.7710843373493976,1.3734939759036144,0.6265060240963856
rsnn64_progress,37,116,3,66,0.8333333333333334,1.2121212121212122,0.7424242424242424
rsnn64_progress,37,117,8,46,0.9782608695652174,2.5217391304347827,0.1521739130434782
rsnn64_progress,37,118,7,44,0.9090909090909092,2.113636363636364,0.2045454545454545
rsnn64_progress,37,119,1,87,0.5402298850574713,0.8160919540229885,0.8275862068965517
rsnn64_progress,37,120,11,55,0.8181818181818182,2.036363636363636,0.4545454545454545
rsnn64_progress,37,121,9,92,0.5978260869565217,0.8043478260869565,0.8913043478260869
rsnn64_progress,37,122,2,53,0.6792452830188679,1.0,0.7924528301886793
rsnn64_progress,37,123,10,53,0.9622641509433962,2.830188679245283,0.1509433962264151
rsnn64_progress,37,124,8,56,0.8928571428571429,2.4642857142857144,0.2321428571428571
rsnn64_progress,37,125,1,83,0.7349397590361446,1.216867469879518,0.6265060240963856
rsnn64_progress,37,126,11,65,1.0,2.3692307692307693,0.1692307692307692
rsnn64_progress,37,127,4,82,0.6951219512195121,1.451219512195122,0.5609756097560976
rsnn64_progress,37,128,5,81,0.7407407407407407,1.0246913580246917,0.8271604938271605
rsnn64_progress,37,129,2,55,0.9454545454545454,1.945454545454545,0.3454545454545454
rsnn64_progress,37,130,7,94,0.8085106382978723,1.2127659574468086,0.7021276595744681
rsnn64_progress,37,131,3,79,0.620253164556962,1.0,0.7215189873417721
rsnn64_progress,37,132,6,86,0.7790697674418605,1.755813953488372,0.4651162790697674
rsnn64_progress,37,133,0,88,0.8636363636363636,1.8522727272727275,0.3181818181818182
rsnn64_progress,37,134,9,83,0.891566265060241,2.3373493975903616,0.3734939759036144
rsnn64_progress,37,135,2,59,0.8305084745762712,1.6101694915254237,0.4745762711864407
rsnn64_progress,37,136,5,94,0.9574468085106383,1.7659574468085106,0.3723404255319149
rsnn64_progress,37,137,8,61,0.9508196721311476,1.7540983606557377,0.4262295081967213
rsnn64_progress,37,138,3,72,0.8055555555555556,1.5277777777777777,0.4583333333333333
rsnn64_progress,37,139,4,91,0.7252747252747253,1.4615384615384617,0.5934065934065934
rsnn64_progress,37,140,6,86,0.9069767441860463,1.6744186046511629,0.5
rsnn64_progress,37,141,1,89,0.7528089887640449,1.0674157303370786,0.7865168539325843
rsnn64_progress,37,142,10,57,0.9298245614035088,1.9649122807017545,0.2105263157894736
rsnn64_progress,37,143,0,88,0.6818181818181818,1.1704545454545454,0.6704545454545454
rsnn64_progress,37,144,9,79,0.7848101265822784,1.1518987341772151,0.7341772151898734
rsnn64_progress,37,145,7,86,0.9767441860465116,2.0232558139534884,0.3372093023255814
rsnn64_progress,53,0,8,57,0.9298245614035088,1.824561403508772,0.4561403508771929
rsnn64_progress,53,1,1,102,0.7254901960784313,1.0490196078431373,0.7843137254901961
rsnn64_progress,53,2,11,70,0.7285714285714285,0.9428571428571428,0.8428571428571429
rsnn64_progress,53,3,4,114,0.7894736842105263,1.368421052631579,0.5877192982456141
rsnn64_progress,53,4,5,109,0.5137614678899083,0.6513761467889908,0.8807339449541285
rsnn64_progress,53,5,2,72,0.7777777777777778,1.2361111111111112,0.6527777777777778
rsnn64_progress,53,6,7,93,0.6989247311827957,1.1935483870967742,0.6451612903225806
rsnn64_progress,53,7,3,95,0.5894736842105263,0.8,0.8315789473684211
rsnn64_progress,53,8,6,102,0.5784313725490197,0.7941176470588235,0.8333333333333334
rsnn64_progress,53,9,0,109,0.6880733944954128,1.18348623853211,0.6513761467889908
rsnn64_progress,53,10,9,108,0.6481481481481481,1.0462962962962965,0.7129629629629629
rsnn64_progress,53,11,0,104,0.4423076923076923,0.6634615384615384,0.8846153846153846
rsnn64_progress,53,12,5,114,0.7719298245614035,1.5,0.4736842105263157
rsnn64_progress,53,13,6,102,0.5,0.7156862745098039,0.8725490196078431
rsnn64_progress,53,14,4,115,0.9130434782608696,1.9478260869565216,0.3130434782608696
rsnn64_progress,53,15,3,95,0.631578947368421,0.936842105263158,0.8
rsnn64_progress,53,16,8,58,0.8793103448275862,1.6896551724137931,0.396551724137931
rsnn64_progress,53,17,7,91,0.8351648351648352,1.5494505494505495,0.4945054945054945
rsnn64_progress,53,18,1,119,0.8823529411764706,1.5210084033613445,0.5210084033613446
rsnn64_progress,53,19,11,86,0.7674418604651163,1.5348837209302326,0.4883720930232558
rsnn64_progress,53,20,9,103,0.7766990291262136,1.2524271844660195,0.6310679611650486
rsnn64_progress,53,21,2,70,0.8714285714285714,1.7714285714285714,0.3857142857142857
rsnn64_progress,53,22,10,61,0.5901639344262295,0.8524590163934426,0.8032786885245902
rsnn64_progress,53,23,9,108,0.7685185185185185,1.851851851851852,0.4722222222222222
rsnn64_progress,53,24,11,94,0.8723404255319149,1.5319148936170213,0.4680851063829787
rsnn64_progress,53,25,2,76,0.6710526315789473,1.1973684210526316,0.6052631578947368
rsnn64_progress,53,26,0,119,0.8823529411764706,1.781512605042017,0.361344537815126
rsnn64_progress,53,27,10,77,0.8181818181818182,1.3376623376623376,0.6493506493506493
rsnn64_progress,53,28,6,110,0.8,1.2818181818181815,0.6363636363636364
rsnn64_progress,53,29,1,126,0.8968253968253969,2.246031746031746,0.4365079365079365
rsnn64_progress,53,30,7,98,0.7142857142857143,1.1428571428571428,0.673469387755102
rsnn64_progress,53,31,5,113,0.6902654867256637,1.345132743362832,0.5663716814159292
rsnn64_progress,53,32,4,125,0.776,1.576,0.56
rsnn64_progress,53,33,8,46,0.9565217391304348,3.5869565217391304,0.0869565217391304
rsnn64_progress,53,34,1,77,0.7142857142857143,1.2857142857142858,0.5844155844155844
rsnn64_progress,53,35,11,58,0.9482758620689656,2.1724137931034484,0.1724137931034483
rsnn64_progress,53,36,4,88,0.8181818181818182,1.2840909090909092,0.6477272727272727
rsnn64_progress,53,37,5,112,0.6785714285714286,1.0446428571428572,0.7321428571428571
rsnn64_progress,53,38,2,60,1.0,2.7,0.2166666666666666
rsnn64_progress,53,39,7,49,0.9183673469387756,1.9387755102040816,0.2244897959183673
rsnn64_progress,53,40,3,83,0.6746987951807228,1.1566265060240963,0.6265060240963856
rsnn64_progress,53,41,6,87,0.8735632183908046,1.6551724137931034,0.425287356321839
rsnn64_progress,53,42,0,84,0.5595238095238095,0.8095238095238095,0.8571428571428571
rsnn64_progress,53,43,9,71,0.7887323943661971,1.352112676056338,0.6056338028169014
rsnn64_progress,53,44,5,113,0.6283185840707964,1.0884955752212389,0.6637168141592921
rsnn64_progress,53,45,8,52,0.903846153846154,1.3461538461538465,0.6730769230769231
rsnn64_progress,53,46,3,78,0.8589743589743589,1.3461538461538465,0.6410256410256411
rsnn64_progress,53,47,4,94,0.6276595744680851,1.0957446808510638,0.6808510638297872
rsnn64_progress,53,48,6,87,0.7931034482758621,1.2988505747126438,0.632183908045977
rsnn64_progress,53,49,1,102,0.6862745098039216,0.9803921568627452,0.8137254901960784
rsnn64_progress,53,50,10,55,0.8181818181818182,1.4363636363636365,0.509090909090909
rsnn64_progress,53,51,0,131,0.7938931297709924,1.8244274809160304,0.5038167938931297
rsnn64_progress,53,52,9,80,0.675,1.0625,0.7125
rsnn64_progress,53,53,7,62,0.9516129032258064,2.1451612903225805,0.2580645161290322
rsnn64_progress,53,54,6,75,0.84,1.32,0.6266666666666667
rsnn64_progress,53,55,4,94,0.8404255319148937,1.297872340425532,0.648936170212766
rsnn64_progress,53,56,3,79,0.4810126582278481,0.6455696202531646,0.8987341772151899
rsnn64_progress,53,57,8,57,0.9298245614035088,2.473684210526316,0.1929824561403508
rsnn64_progress,53,58,7,50,0.84,2.68,0.3
rsnn64_progress,53,59,1,124,0.8387096774193549,1.4516129032258065,0.5645161290322581
rsnn64_progress,53,60,11,62,0.8387096774193549,2.0806451612903225,0.4032258064516129
rsnn64_progress,53,61,9,86,0.6627906976744186,1.0813953488372092,0.6976744186046512
rsnn64_progress,53,62,2,54,0.8333333333333334,1.3888888888888888,0.5740740740740741
rsnn64_progress,53,63,10,54,0.9814814814814816,1.9259259259259256,0.3148148148148148
rsnn64_progress,53,64,8,54,1.0,2.814814814814815,0.1666666666666666
rsnn64_progress,53,65,1,81,0.7160493827160493,1.3209876543209875,0.5555555555555556
rsnn64_progress,53,66,11,68,0.9117647058823528,1.8529411764705883,0.3676470588235294
rsnn64_progress,53,67,4,83,0.7228915662650602,1.4578313253012047,0.5180722891566265
rsnn64_progress,53,68,5,74,0.7972972972972973,1.4324324324324325,0.5540540540540541
rsnn64_progress,53,69,2,57,0.8070175438596491,1.649122807017544,0.4385964912280701
rsnn64_progress,53,70,7,48,0.9791666666666666,2.25,0.1875
rsnn64_progress,53,71,3,68,0.7941176470588235,1.25,0.6470588235294118
rsnn64_progress,53,72,6,76,0.5921052631578947,1.381578947368421,0.618421052631579
rsnn64_progress,53,73,0,72,0.75,1.3888888888888888,0.5
rsnn64_progress,53,74,9,65,0.8307692307692308,1.676923076923077,0.5230769230769231
rsnn64_progress,53,75,8,67,0.9402985074626866,1.9701492537313432,0.2238805970149253
rsnn64_progress,53,76,1,122,0.7622950819672131,0.9508196721311476,0.8524590163934426
rsnn64_progress,53,77,11,81,0.7283950617283951,1.4444444444444444,0.5308641975308642
rsnn64_progress,53,78,4,121,0.6859504132231405,1.0743801652892562,0.7272727272727273
rsnn64_progress,53,79,5,119,0.7310924369747899,1.2436974789915969,0.5966386554621849
rsnn64_progress,53,80,2,75,0.9733333333333334,2.6933333333333334,0.2
rsnn64_progress,53,81,7,95,0.8526315789473684,1.4105263157894736,0.5578947368421052
rsnn64_progress,53,82,3,93,0.5483870967741935,0.956989247311828,0.7311827956989247
rsnn64_progress,53,83,6,103,0.7864077669902912,1.1650485436893203,0.7281553398058253
rsnn64_progress,53,84,0,90,0.6555555555555556,0.9333333333333332,0.8222222222222222
rsnn64_progress,53,85,9,91,0.8241758241758241,1.4285714285714286,0.5494505494505495
rsnn64_progress,53,86,6,83,0.6746987951807228,1.289156626506024,0.6144578313253012
rsnn64_progress,53,87,4,93,0.6881720430107527,0.935483870967742,0.8279569892473119
rsnn64_progress,53,88,3,83,0.7710843373493976,1.2409638554216869,0.6385542168674698
rsnn64_progress,53,89,8,59,0.7288135593220338,1.271186440677966,0.559322033898305
rsnn64_progress,53,90,7,86,0.6511627906976745,1.0,0.7558139534883721
rsnn64_progress,53,91,1,103,0.6504854368932039,0.9902912621359224,0.7669902912621359
rsnn64_progress,53,92,11,72,0.9444444444444444,1.8888888888888888,0.3472222222222222
rsnn64_progress,53,93,9,82,0.5975609756097561,0.8658536585365854,0.8048780487804879
rsnn64_progress,53,94,2,63,0.9365079365079364,2.253968253968254,0.3333333333333333
rsnn64_progress,53,95,10,57,0.9649122807017544,1.912280701754386,0.3508771929824561
rsnn64_progress,53,96,9,100,0.61,0.98,0.73
rsnn64_progress,53,97,2,64,0.96875,2.140625,0.265625
rsnn64_progress,53,98,0,100,0.82,1.16,0.76
rsnn64_progress,53,99,10,69,0.8840579710144928,1.3478260869565215,0.6376811594202898
rsnn64_progress,53,100,6,104,0.4807692307692308,0.7692307692307693,0.8173076923076923
rsnn64_progress,53,101,1,113,0.7079646017699115,1.3008849557522124,0.5929203539823009
rsnn64_progress,53,102,7,90,0.8333333333333334,1.6888888888888889,0.4555555555555555
rsnn64_progress,53,103,5,104,0.6442307692307693,0.8846153846153846,0.8076923076923077
rsnn64_progress,53,104,4,106,0.7641509433962265,1.6132075471698113,0.4811320754716981
rsnn64_progress,53,105,1,99,0.7878787878787878,1.1717171717171715,0.7373737373737373
rsnn64_progress,53,106,11,59,0.9491525423728814,1.9830508474576272,0.2372881355932203
rsnn64_progress,53,107,4,93,0.6989247311827957,0.8924731182795699,0.8494623655913979
rsnn64_progress,53,108,2,56,0.7857142857142857,1.6964285714285714,0.4285714285714285
rsnn64_progress,53,109,7,48,0.9791666666666666,2.708333333333333,0.1666666666666666
rsnn64_progress,53,110,3,70,0.8571428571428571,1.2714285714285714,0.6857142857142857
rsnn64_progress,53,111,6,88,0.6818181818181818,1.125,0.7386363636363636
rsnn64_progress,53,112,0,81,0.7160493827160493,1.0740740740740742,0.7037037037037037
rsnn64_progress,53,113,9,76,0.7105263157894737,1.0657894736842106,0.75
rsnn64_progress,53,114,6,76,0.9078947368421052,2.1184210526315788,0.3421052631578947
rsnn64_progress,53,115,4,83,0.6987951807228916,1.0602409638554218,0.7710843373493976
rsnn64_progress,53,116,3,66,0.5757575757575758,0.8939393939393939,0.7878787878787878
rsnn64_progress,53,117,8,46,0.9782608695652174,2.4130434782608696,0.1739130434782608
rsnn64_progress,53,118,7,44,1.0,1.9772727272727275,0.2954545454545454
rsnn64_progress,53,119,1,87,0.5977011494252874,0.9080459770114944,0.7931034482758621
rsnn64_progress,53,120,11,55,0.9272727272727272,1.6,0.509090909090909
rsnn64_progress,53,121,9,92,0.6521739130434783,1.065217391304348,0.7282608695652174
rsnn64_progress,53,122,2,53,0.8113207547169812,1.320754716981132,0.6037735849056604
rsnn64_progress,53,123,10,53,0.8490566037735849,2.037735849056604,0.3773584905660377
rsnn64_progress,53,124,8,56,0.8928571428571429,2.9107142857142856,0.2678571428571428
rsnn64_progress,53,125,1,83,0.8795180722891566,1.5783132530120485,0.5783132530120482
rsnn64_progress,53,126,11,65,0.953846153846154,1.892307692307692,0.3538461538461538
rsnn64_progress,53,127,4,82,0.8170731707317073,1.4146341463414631,0.5365853658536586
rsnn64_progress,53,128,5,81,0.7037037037037037,1.0987654320987654,0.7160493827160493
rsnn64_progress,53,129,2,55,0.9454545454545454,2.272727272727273,0.1272727272727272
rsnn64_progress,53,130,7,94,0.946808510638298,1.702127659574468,0.4680851063829787
rsnn64_progress,53,131,3,79,0.7088607594936709,1.4936708860759491,0.4430379746835443
rsnn64_progress,53,132,6,86,0.6976744186046512,1.0116279069767442,0.7906976744186046
rsnn64_progress,53,133,0,88,0.7613636363636364,1.181818181818182,0.6818181818181818
rsnn64_progress,53,134,9,83,0.8192771084337349,1.4216867469879515,0.5060240963855421
rsnn64_progress,53,135,2,59,0.9322033898305084,1.9830508474576272,0.3559322033898305
rsnn64_progress,53,136,5,94,0.9148936170212766,1.4680851063829787,0.574468085106383
rsnn64_progress,53,137,8,61,0.819672131147541,1.639344262295082,0.4918032786885246
rsnn64_progress,53,138,3,72,0.8055555555555556,1.4444444444444444,0.5694444444444444
rsnn64_progress,53,139,4,91,0.8681318681318682,1.3516483516483515,0.6263736263736264
rsnn64_progress,53,140,6,86,0.6395348837209303,1.2093023255813953,0.627906976744186
rsnn64_progress,53,141,1,89,0.8764044943820225,1.7303370786516854,0.4044943820224719
rsnn64_progress,53,142,10,57,0.9298245614035088,2.12280701754386,0.3508771929824561
rsnn64_progress,53,143,0,88,0.6477272727272727,0.8977272727272727,0.8522727272727273
rsnn64_progress,53,144,9,79,0.6075949367088608,0.9240506329113924,0.7848101265822784
rsnn64_progress,53,145,7,86,0.813953488372093,1.2790697674418603,0.6395348837209303
rsnn64_progress,71,0,8,57,0.8245614035087719,1.0350877192982455,0.8070175438596491
rsnn64_progress,71,1,1,102,0.6568627450980392,1.0588235294117647,0.7450980392156863
rsnn64_progress,71,2,11,70,0.6,0.8142857142857143,0.8
rsnn64_progress,71,3,4,114,0.7982456140350878,1.3771929824561404,0.5789473684210527
rsnn64_progress,71,4,5,109,0.7981651376146789,1.743119266055046,0.4587155963302752
rsnn64_progress,71,5,2,72,0.6527777777777778,1.1666666666666667,0.6527777777777778
rsnn64_progress,71,6,7,93,0.8387096774193549,1.4408602150537635,0.5591397849462365
rsnn64_progress,71,7,3,95,0.8210526315789474,1.5578947368421052,0.5157894736842106
rsnn64_progress,71,8,6,102,0.5980392156862745,0.8823529411764706,0.7647058823529411
rsnn64_progress,71,9,0,109,0.7431192660550459,1.18348623853211,0.6238532110091743
rsnn64_progress,71,10,9,108,0.7592592592592593,1.148148148148148,0.7222222222222222
rsnn64_progress,71,11,0,104,0.5673076923076923,1.0576923076923077,0.75
rsnn64_progress,71,12,5,114,0.8245614035087719,1.7105263157894737,0.4736842105263157
rsnn64_progress,71,13,6,102,0.7352941176470589,1.3333333333333333,0.5784313725490197
rsnn64_progress,71,14,4,115,0.8608695652173913,1.9130434782608696,0.4347826086956521
rsnn64_progress,71,15,3,95,0.7578947368421053,1.2736842105263158,0.6105263157894737
rsnn64_progress,71,16,8,58,0.8448275862068966,1.5517241379310345,0.5
rsnn64_progress,71,17,7,91,0.7142857142857143,1.2527472527472527,0.6043956043956044
rsnn64_progress,71,18,1,119,0.8319327731092437,1.2521008403361344,0.6974789915966386
rsnn64_progress,71,19,11,86,0.7790697674418605,1.5232558139534884,0.5116279069767442
rsnn64_progress,71,20,9,103,0.8349514563106796,1.300970873786408,0.6601941747572816
rsnn64_progress,71,21,2,70,0.5285714285714286,0.7285714285714285,0.8428571428571429
rsnn64_progress,71,22,10,61,0.8524590163934426,1.5573770491803278,0.4590163934426229
rsnn64_progress,71,23,9,108,0.8240740740740741,1.4074074074074074,0.5648148148148148
rsnn64_progress,71,24,11,94,0.8191489361702128,1.4787234042553192,0.5106382978723404
rsnn64_progress,71,25,2,76,0.7631578947368421,1.5921052631578947,0.5
rsnn64_progress,71,26,0,119,0.7226890756302521,1.504201680672269,0.6470588235294118
rsnn64_progress,71,27,10,77,0.7662337662337663,1.1688311688311688,0.7012987012987013
rsnn64_progress,71,28,6,110,0.6636363636363637,0.9727272727272728,0.7909090909090909
rsnn64_progress,71,29,1,126,0.8968253968253969,1.9206349206349207,0.3492063492063492
rsnn64_progress,71,30,7,98,0.6530612244897959,1.1224489795918366,0.6938775510204082
rsnn64_progress,71,31,5,113,0.9026548672566372,2.1150442477876106,0.3097345132743362
rsnn64_progress,71,32,4,125,0.888,1.88,0.416
rsnn64_progress,71,33,8,46,0.9565217391304348,2.217391304347826,0.1521739130434782
rsnn64_progress,71,34,1,77,0.6753246753246753,1.0129870129870129,0.7662337662337663
rsnn64_progress,71,35,11,58,0.9482758620689656,1.9310344827586208,0.3275862068965517
rsnn64_progress,71,36,4,88,0.7045454545454546,1.1022727272727273,0.7045454545454546
rsnn64_progress,71,37,5,112,0.8928571428571429,1.4196428571428572,0.5982142857142857
rsnn64_progress,71,38,2,60,0.9666666666666668,2.0166666666666666,0.25
rsnn64_progress,71,39,7,49,1.0,1.9183673469387756,0.3877551020408163
rsnn64_progress,71,40,3,83,0.6144578313253012,1.0120481927710845,0.7228915662650602
rsnn64_progress,71,41,6,87,0.6091954022988506,0.9195402298850576,0.7931034482758621
rsnn64_progress,71,42,0,84,0.8095238095238095,1.9047619047619049,0.4761904761904761
rsnn64_progress,71,43,9,71,0.6056338028169014,0.943661971830986,0.7887323943661971
rsnn64_progress,71,44,5,113,0.7787610619469026,1.3893805309734513,0.5398230088495575
rsnn64_progress,71,45,8,52,0.7692307692307693,1.2115384615384617,0.6730769230769231
rsnn64_progress,71,46,3,78,0.8589743589743589,1.3461538461538465,0.6153846153846154
rsnn64_progress,71,47,4,94,0.851063829787234,1.4361702127659577,0.5425531914893617
rsnn64_progress,71,48,6,87,0.7586206896551724,1.1149425287356325,0.7471264367816092
rsnn64_progress,71,49,1,102,0.9117647058823528,1.696078431372549,0.4215686274509804
rsnn64_progress,71,50,10,55,1.0,1.945454545454545,0.3272727272727272
rsnn64_progress,71,51,0,131,0.9236641221374046,1.816793893129771,0.4427480916030534
rsnn64_progress,71,52,9,80,0.7,1.075,0.725
rsnn64_progress,71,53,7,62,1.0,2.5,0.1612903225806451
rsnn64_progress,71,54,6,75,0.8133333333333334,1.586666666666667,0.44
rsnn64_progress,71,55,4,94,0.8617021276595744,1.2659574468085106,0.6595744680851063
rsnn64_progress,71,56,3,79,0.6455696202531646,0.8607594936708861,0.8734177215189873
rsnn64_progress,71,57,8,57,0.912280701754386,2.8421052631578947,0.1929824561403508
rsnn64_progress,71,58,7,50,0.82,2.6,0.28
rsnn64_progress,71,59,1,124,0.8790322580645161,1.7903225806451613,0.4435483870967742
rsnn64_progress,71,60,11,62,0.6774193548387096,1.0,0.7903225806451613
rsnn64_progress,71,61,9,86,0.7441860465116279,1.2209302325581397,0.6395348837209303
rsnn64_progress,71,62,2,54,0.6851851851851852,1.2222222222222223,0.6481481481481481
rsnn64_progress,71,63,10,54,1.0,2.1296296296296298,0.2407407407407407
rsnn64_progress,71,64,8,54,0.9814814814814816,2.5,0.2222222222222222
rsnn64_progress,71,65,1,81,0.4691358024691358,0.8024691358024691,0.7777777777777778
rsnn64_progress,71,66,11,68,0.75,1.161764705882353,0.6911764705882353
rsnn64_progress,71,67,4,83,0.7349397590361446,1.2771084337349397,0.5662650602409639
rsnn64_progress,71,68,5,74,0.6891891891891891,1.054054054054054,0.7432432432432432
rsnn64_progress,71,69,2,57,0.9473684210526316,2.210526315789474,0.2631578947368421
rsnn64_progress,71,70,7,48,0.9583333333333334,2.145833333333333,0.1875
rsnn64_progress,71,71,3,68,0.75,1.25,0.6029411764705882
rsnn64_progress,71,72,6,76,0.7236842105263158,1.144736842105263,0.7105263157894737
rsnn64_progress,71,73,0,72,0.7222222222222222,1.1111111111111112,0.7222222222222222
rsnn64_progress,71,74,9,65,0.8923076923076924,1.7846153846153847,0.4
rsnn64_progress,71,75,8,67,0.8805970149253731,1.507462686567164,0.5522388059701493
rsnn64_progress,71,76,1,122,0.7295081967213115,1.024590163934426,0.7622950819672131
rsnn64_progress,71,77,11,81,0.8024691358024691,1.308641975308642,0.6049382716049383
rsnn64_progress,71,78,4,121,0.859504132231405,1.56198347107438,0.512396694214876
rsnn64_progress,71,79,5,119,0.7310924369747899,1.218487394957983,0.6134453781512605
rsnn64_progress,71,80,2,75,0.9066666666666666,2.453333333333333,0.3066666666666666
rsnn64_progress,71,81,7,95,0.7894736842105263,1.1473684210526316,0.7473684210526316
rsnn64_progress,71,82,3,93,0.8709677419354839,1.5053763440860215,0.5698924731182796
rsnn64_progress,71,83,6,103,0.7184466019417476,1.077669902912621,0.7475728155339806
rsnn64_progress,71,84,0,90,0.6333333333333333,0.9,0.8333333333333334
rsnn64_progress,71,85,9,91,0.7252747252747253,1.175824175824176,0.6593406593406593
rsnn64_progress,71,86,6,83,0.7349397590361446,1.216867469879518,0.6385542168674698
rsnn64_progress,71,87,4,93,0.8924731182795699,1.4301075268817205,0.6129032258064516
rsnn64_progress,71,88,3,83,0.6506024096385542,1.036144578313253,0.7228915662650602
rsnn64_progress,71,89,8,59,0.9322033898305084,2.7457627118644066,0.1186440677966101
rsnn64_progress,71,90,7,86,0.7790697674418605,1.4883720930232558,0.4767441860465116
rsnn64_progress,71,91,1,103,0.7378640776699029,1.2524271844660195,0.6019417475728155
rsnn64_progress,71,92,11,72,0.7916666666666666,1.2777777777777777,0.625
rsnn64_progress,71,93,9,82,0.8048780487804879,1.329268292682927,0.6341463414634146
rsnn64_progress,71,94,2,63,0.8571428571428571,2.111111111111111,0.3174603174603174
rsnn64_progress,71,95,10,57,0.9824561403508772,2.263157894736842,0.2105263157894736
rsnn64_progress,71,96,9,100,0.66,1.17,0.62
rsnn64_progress,71,97,2,64,0.84375,2.171875,0.28125
rsnn64_progress,71,98,0,100,0.5,0.77,0.83
rsnn64_progress,71,99,10,69,0.5362318840579711,0.8405797101449275,0.7971014492753623
rsnn64_progress,71,100,6,104,0.6057692307692307,0.9326923076923076,0.7788461538461539
rsnn64_progress,71,101,1,113,0.7079646017699115,1.2566371681415929,0.6460176991150443
rsnn64_progress,71,102,7,90,0.8333333333333334,1.4333333333333331,0.6
rsnn64_progress,71,103,5,104,0.4711538461538461,0.6442307692307693,0.875
rsnn64_progress,71,104,4,106,0.7641509433962265,1.481132075471698,0.5566037735849056
rsnn64_progress,71,105,1,99,0.8080808080808081,1.7676767676767675,0.5353535353535354
rsnn64_progress,71,106,11,59,0.9152542372881356,1.6440677966101696,0.5254237288135594
rsnn64_progress,71,107,4,93,0.7419354838709677,1.1720430107526882,0.6344086021505376
rsnn64_progress,71,108,2,56,0.8035714285714286,1.3035714285714286,0.625
rsnn64_progress,71,109,7,48,0.9791666666666666,2.895833333333333,0.1666666666666666
rsnn64_progress,71,110,3,70,0.9,1.6142857142857143,0.4714285714285714
rsnn64_progress,71,111,6,88,0.4772727272727273,0.6818181818181818,0.8977272727272727
rsnn64_progress,71,112,0,81,0.6790123456790124,0.9506172839506172,0.7901234567901234
rsnn64_progress,71,113,9,76,0.5921052631578947,0.868421052631579,0.8289473684210527
rsnn64_progress,71,114,6,76,0.7894736842105263,1.381578947368421,0.5263157894736842
rsnn64_progress,71,115,4,83,0.8192771084337349,1.2650602409638554,0.6626506024096386
rsnn64_progress,71,116,3,66,0.7424242424242424,1.303030303030303,0.5757575757575758
rsnn64_progress,71,117,8,46,0.9565217391304348,2.891304347826087,0.1739130434782608
rsnn64_progress,71,118,7,44,0.9090909090909092,2.522727272727273,0.2272727272727272
rsnn64_progress,71,119,1,87,0.6781609195402298,1.2298850574712643,0.6551724137931034
rsnn64_progress,71,120,11,55,0.9454545454545454,2.0,0.3090909090909091
rsnn64_progress,71,121,9,92,0.5869565217391305,0.7934782608695652,0.8913043478260869
rsnn64_progress,71,122,2,53,0.5660377358490566,0.7924528301886793,0.8867924528301887
rsnn64_progress,71,123,10,53,0.9622641509433962,2.7735849056603774,0.1132075471698113
rsnn64_progress,71,124,8,56,0.8928571428571429,2.892857142857143,0.2321428571428571
rsnn64_progress,71,125,1,83,0.7349397590361446,1.1566265060240963,0.6867469879518072
rsnn64_progress,71,126,11,65,0.8,1.2307692307692308,0.676923076923077
rsnn64_progress,71,127,4,82,0.7317073170731707,1.0609756097560976,0.7804878048780488
rsnn64_progress,71,128,5,81,0.8271604938271605,1.3333333333333333,0.6049382716049383
rsnn64_progress,71,129,2,55,0.6363636363636364,1.0545454545454545,0.6909090909090909
rsnn64_progress,71,130,7,94,0.946808510638298,1.6702127659574468,0.4574468085106383
rsnn64_progress,71,131,3,79,0.759493670886076,1.1518987341772151,0.7215189873417721
rsnn64_progress,71,132,6,86,0.5581395348837209,0.9418604651162792,0.7209302325581395
rsnn64_progress,71,133,0,88,0.6477272727272727,1.0227272727272727,0.7272727272727273
rsnn64_progress,71,134,9,83,0.6626506024096386,1.108433734939759,0.6626506024096386
rsnn64_progress,71,135,2,59,0.847457627118644,1.915254237288136,0.288135593220339
rsnn64_progress,71,136,5,94,0.7978723404255319,1.2872340425531914,0.6170212765957447
rsnn64_progress,71,137,8,61,0.7704918032786885,1.4918032786885247,0.5573770491803278
rsnn64_progress,71,138,3,72,0.7083333333333334,1.1944444444444444,0.6805555555555556
rsnn64_progress,71,139,4,91,0.7692307692307693,1.1538461538461535,0.7252747252747253
rsnn64_progress,71,140,6,86,0.6627906976744186,0.9767441860465116,0.7906976744186046
rsnn64_progress,71,141,1,89,0.6629213483146067,1.0561797752808988,0.7078651685393258
rsnn64_progress,71,142,10,57,0.9649122807017544,1.8421052631578947,0.2807017543859649
rsnn64_progress,71,143,0,88,0.5568181818181818,0.7840909090909091,0.875
rsnn64_progress,71,144,9,79,0.8734177215189873,1.5949367088607596,0.5316455696202531
rsnn64_progress,71,145,7,86,0.9534883720930232,2.058139534883721,0.3488372093023256
