init_source,epoch,optimization_train_loss_mean,optimization_train_loss_std,optimization_train_loss_count,train_lif_ba_mean,train_lif_ba_std,train_lif_ba_count,val_lif_ba_mean,val_lif_ba_std,val_lif_ba_count,train_lif_loss_mean,train_lif_loss_std,train_lif_loss_count,val_lif_loss_mean,val_lif_loss_std,val_lif_loss_count,train_linear_ba_mean,train_linear_ba_std,train_linear_ba_count,val_linear_ba_mean,val_linear_ba_std,val_linear_ba_count,train_linear_loss_mean,train_linear_loss_std,train_linear_loss_count,val_linear_loss_mean,val_linear_loss_std,val_linear_loss_count,weight_relative_frobenius_drift_mean,weight_relative_frobenius_drift_std,weight_relative_frobenius_drift_count,weight_norm_ratio_mean,weight_norm_ratio_std,weight_norm_ratio_count,weight_mean_class_cosine_mean,weight_mean_class_cosine_std,weight_mean_class_cosine_count,weight_min_class_cosine_mean,weight_min_class_cosine_std,weight_min_class_cosine_count,val_mean_total_output_spikes_per_sample_mean,val_mean_total_output_spikes_per_sample_std,val_mean_total_output_spikes_per_sample_count,val_silent_sample_fraction_mean,val_silent_sample_fraction_std,val_silent_sample_fraction_count,val_output_spike_fraction_mean,val_output_spike_fraction_std,val_output_spike_fraction_count,val_mean_spike_count_margin_mean,val_mean_spike_count_margin_std,val_mean_spike_count_margin_count
a2,0.0,,,0,0.8318544584071413,0.008334642882267885,3,0.5043109668109668,0.018232642690996875,3,2.0989885773387917,0.0061162960933231255,3,2.2019466559092202,0.0036426241278541723,3,0.9221968622856949,0.008204324635049602,3,0.5541646624979958,0.026576303805225177,3,0.5756825212938513,0.03310270926482278,3,1.2734631299972534,0.046624846122653385,3,0.0,0.0,3,1.0,0.0,3,1.0,0.0,3,0.9999999999999999,1.3597399555105182e-16,3,246.20105997721353,8.29517725015645,3,0.0,0.0,3,0.22694329831543417,0.007646329030803657,3,-0.9894180099169413,0.5243103266002354,3
a2,1.0,2.0986282130595395,0.0060807828569049765,3,0.8379429804372868,0.006460886285953018,3,0.5110449735449736,0.01693697117710374,3,2.096685691188959,0.005758549359492567,3,2.2016488711039224,0.004562028469953429,3,0.920429478517863,0.00950979893873002,3,0.5607583774250441,0.02642466660407096,3,0.576003223657608,0.03260696495605417,3,1.2785677512486775,0.04536148893540408,3,0.012550849509115001,0.0009097470199989795,3,1.0013722028706562,0.0005492314224330944,3,0.9999238502614455,8.473782437405914e-06,3,0.9998439228764284,2.4343068988809322e-05,3,244.47354634602866,6.2415447656601275,3,0.0,0.0,3,0.22535091056292,0.005753337474480657,3,-0.9047618955373764,0.6131176993728386,3
a2,2.0,2.0962314888860605,0.005945317226994659,3,0.8399594870166248,0.006656160361193026,3,0.5156746031746032,0.015450540153665196,3,2.0947539718822714,0.005761302812609673,3,2.201227347056071,0.0049971120558951945,3,0.9188037662671507,0.012703283437999532,3,0.5515993265993265,0.020935859336371102,3,0.577566522380366,0.032114521706463735,3,1.284616192181905,0.050401231461392755,3,0.021096866238946233,0.0004339658041405667,3,1.0024283553016011,0.0006154775389759976,3,0.9997854822811219,4.90786257543657e-06,3,0.9995011231429919,0.00011728128154023972,3,242.67724609375,4.760876295719491,3,0.0,0.0,3,0.22369511992898872,0.004388481138263614,3,-0.8333333258827528,0.640648747281922,3
a2,3.0,2.0943477565504938,0.005598603246247785,3,0.841286069983838,0.005789908049840486,3,0.5070767195767196,0.017078832100354387,3,2.0931108981388022,0.005589583664150846,3,2.2007397015889487,0.0055727114779433005,3,0.9164669892624421,0.010588231136482001,3,0.5511363636363635,0.02094682541117028,3,0.5791229990728272,0.031397480303619905,3,1.2911333243052165,0.052879552029837074,3,0.028715237921442965,0.0006260403796729889,3,1.003238430851363,0.0006925962156127055,3,0.9996002865325176,1.892303401898542e-05,3,0.9989929023524503,0.0002660349588452043,3,241.12169392903647,3.3337169464934076,3,0.0,0.0,3,0.22226123938001732,0.003072952426833016,3,-0.8518518631656965,0.7009483834475274,3
a2,4.0,2.092741528531292,0.005715008766438515,3,0.843700022371754,0.004624804316487022,3,0.5159852493185827,0.014359275934917976,3,2.0918332775365465,0.005549889148724331,3,2.2003465493520102,0.006102422994240665,3,0.9129011608080937,0.011999364236411018,3,0.5444324194324194,0.018082262724050693,3,0.5805400093259718,0.03132721134397422,3,1.2952008644739788,0.05365372437854358,3,0.0353490636335498,0.0008418446078679549,3,1.0039512269759852,0.0007063656937615849,3,0.9993897732399027,3.8922389125602696e-05,3,0.9984367471581846,0.0003732953846335827,3,239.82010904947916,2.7442879682371815,3,0.0,0.0,3,0.22106146177781674,0.002529634207239513,3,-0.8412698060274124,0.8534237107267092,3
a2,5.0,2.0914287248426517,0.0054809827393482715,3,0.8460267124093358,0.00862994887930295,3,0.5173180214846882,0.014032035343688156,3,2.0903246389061843,0.005745195872376985,3,2.199966033299764,0.005539146139545105,3,0.9103748332106084,0.014159559866772288,3,0.5379389129389129,0.014352309016686647,3,0.5816188815230962,0.03162297242127938,3,1.2969134251276653,0.05403013802360619,3,0.04142246407280967,0.001256977652808804,3,1.0044946254269276,0.0007779552541368684,3,0.9991576196980798,5.9788578256471566e-05,3,0.9978063711607851,0.0004893728790199439,3,238.81217447916666,3.007395644079623,3,0.0,0.0,3,0.22013236570781994,0.002772158078308804,3,-0.8386243457595507,0.8175116939190573,3
a2,6.0,2.0899330417930706,0.00582762736917586,3,0.8493414864986502,0.010575032343866787,3,0.5150032066698734,0.013762132872809824,3,2.08894638131558,0.0058819806851270395,3,2.1993552843729653,0.005906565211921809,3,0.9060075109669422,0.008610046341695621,3,0.5425685425685426,0.017924012558505835,3,0.5828409112019575,0.031144618512669222,3,1.2987701495488484,0.054062357182746684,3,0.0475120760649567,0.001976227186674512,3,1.0049879931068981,0.0007385204931835525,3,0.9988863556107518,0.00010023011194864879,3,0.9970981588198807,0.0006128011978178369,3,238.16666666666666,2.7177641125732546,3,0.0,0.0,3,0.21953735405144412,0.0025051818366341448,3,-0.8227513084808985,0.8598331178090384,3
a2,7.0,2.088621878719713,0.005849548188593797,3,0.8467528609271033,0.007044853340329874,3,0.5110349527016194,0.012396499006121626,3,2.0875985804331827,0.005939399535935278,3,2.1980338096618652,0.00632274153882619,3,0.9034568440071459,0.0075560954073582,3,0.5323172198172198,0.018447165066616176,3,0.5844130281463684,0.030044717374486815,3,1.3019899527231853,0.05589734265324942,3,0.053409784217371435,0.0028584577912736937,3,1.0053861759307323,0.0006904036962612603,3,0.9985861751033805,0.00015799884615579085,3,0.9963594587226581,0.0006256030179732353,3,237.9497324625651,2.6728090040237826,3,0.0,0.0,3,0.219337391117744,0.0024637390294935035,3,-0.7751322786013285,0.9887670192284724,3
a2,8.0,2.0874013130649782,0.006039665909568294,3,0.847372553521839,0.01111589938174431,3,0.5047518839185506,0.01039330028108171,3,2.086463760385825,0.005868697363583389,3,2.197577476501465,0.007346240228307705,3,0.9046823173092321,0.008334069862282247,3,0.5283489658489658,0.025147673506096684,3,0.5855104120996445,0.02954943903129489,3,1.3031012217203777,0.05731680362947269,3,0.05885701972155763,0.003473879107782047,3,1.0057036720929655,0.0006428128806005413,3,0.9982743489335385,0.00020930992036305616,3,0.9958970402118051,0.0006414784791791473,3,238.53968302408853,1.921951153197536,3,0.0,0.0,3,0.21988119275451376,0.0017716123317189417,3,-0.8677248557408651,1.0806578720122426,3
a2,9.0,2.086166893280038,0.0057969759856514435,3,0.8490738498691927,0.012016111028725025,3,0.5064053230719897,0.013927500490332442,3,2.0853754838034124,0.005734788410971859,3,2.1970470746358237,0.007465048141919545,3,0.9057413829107815,0.009068036044447931,3,0.5334415584415585,0.01682115767229813,3,0.5859876642333867,0.029361969295334342,3,1.3043207327524822,0.05640155496769815,3,0.0638261789800596,0.0035605135348572604,3,1.0059887775757577,0.0007309522188633209,3,0.9979650428311135,0.0002348269148010935,3,0.995610153178759,0.0005037584001322692,3,238.57672119140625,1.953753100251708,3,0.0,0.0,3,0.21991533276758454,0.001800934806975811,3,-0.8915343979994456,1.0834520494035285,3
a2,10.0,2.0850230441035995,0.005807676029519493,3,0.8464013354260973,0.011683744423589135,3,0.5064053230719897,0.00761746863486901,3,2.0841805144281,0.005625166508340616,3,2.196408192316691,0.00718519837855645,3,0.9037456843464553,0.008590374981771945,3,0.5334415584415585,0.01682115767229813,3,0.5868952100090917,0.028696168280239895,3,1.307020862897237,0.05462995077923394,3,0.0689782596971698,0.003912732771399267,3,1.0063029223288902,0.0008034153496948619,3,0.9976180895302059,0.00028146765632788937,3,0.9952681412193775,0.00041739573109265585,3,238.69312540690103,1.5041784665854123,3,0.0,0.0,3,0.2200226299515212,0.0013865230096405039,3,-0.9206349154313406,1.0589514591913725,3
a2,11.0,2.0839183928292164,0.005606308043815394,3,0.8474271519013371,0.011956307040524701,3,0.49703583453583455,0.006706726095902585,3,2.083124626660853,0.005564057910911546,3,2.196101744969686,0.007271767543313195,3,0.9039366187449062,0.008820848800687318,3,0.5256253006253006,0.011488177855867632,3,0.5872851723887355,0.028901290679886713,3,1.3089152971903484,0.05417470362260267,3,0.07397265816891974,0.0039407857930893395,3,1.0066711877150085,0.0009691864332626938,3,0.9972597915550973,0.00030615387162958744,3,0.9948842270239812,0.0004228870436740393,3,238.39153035481772,1.6496972204856475,3,0.0,0.0,3,0.21974463270223077,0.0015206546980219028,3,-0.9047619104385376,1.0794526242760178,3
a2,12.0,2.0829546778487944,0.005469022961942858,3,0.8503537285200927,0.010790197830131838,3,0.5016654641654642,0.012224870833377078,3,2.082249811717442,0.005375495758138762,3,2.1958060264587402,0.006442869996694968,3,0.9024128031714383,0.01020705712932226,3,0.5216570466570466,0.018354957832720828,3,0.5871181607212203,0.029244436077313342,3,1.3077070315678914,0.05515218936060039,3,0.07875958021651792,0.003562475116921366,3,1.0070784366300805,0.001042692897426906,3,0.9968965096880872,0.0002985812237840167,3,0.9943720061631606,0.0004628986233347164,3,237.4920654296875,1.569164238022164,3,0.0,0.0,3,0.21891551809908405,0.0014464229109600302,3,-0.8650793433189392,1.0585052355867979,3
a2,13.0,2.0821439897063407,0.005427344633058116,3,0.851378595737139,0.00686562124015624,3,0.49451058201058196,0.00882206342656707,3,2.0814352633278737,0.005409350686716678,3,2.1954893271128335,0.006257810598409266,3,0.9035856426776113,0.010114474234026768,3,0.5235088985088985,0.02006342445872133,3,0.5870266378917574,0.029499718907443406,3,1.3066206375757854,0.054291469551091334,3,0.08342341205235182,0.0032907013541463594,3,1.0073839311547117,0.0010853833875881047,3,0.996518192033312,0.00029541991668312464,3,0.9938124221650133,0.0005492683843273202,3,236.97354634602866,0.9685255165179201,3,0.0,0.0,3,0.21843755791609354,0.0008927673033269377,3,-0.8042327761650085,1.033464158991015,3
a2,14.0,2.081272463379957,0.0053644051728040055,3,0.8507462986587635,0.0072781478991635635,3,0.49451058201058196,0.00882206342656707,3,2.080628758521854,0.0053529066084715355,3,2.1956324577331543,0.006545895179684658,3,0.9036402373666399,0.010872593450805705,3,0.5235088985088985,0.02006342445872133,3,0.5872494852105161,0.029913503156343883,3,1.3076823949813843,0.05316323596880041,3,0.08809798200852188,0.003145885533780473,3,1.0076650648960914,0.0011594701359140184,3,0.9961162783599019,0.00029913106396110806,3,0.9931293219563254,0.0007757627029611223,3,236.62433878580728,0.7239319686075505,3,0.0,0.0,3,0.21811566636428367,0.000667309434303661,3,-0.8624338606993357,1.0497913247126953,3
a2,15.0,2.080445418601329,0.0053861498884990085,3,0.8533756787942325,0.0065992668542075965,3,0.4968253968253968,0.00834286286889291,3,2.079838198488359,0.005210974299974994,3,2.195158084233602,0.007120416466150539,3,0.9017812746457491,0.011941941655947004,3,0.520983645983646,0.02441661369203959,3,0.5870835369370548,0.029998709815081986,3,1.3081541061401367,0.05161676308065868,3,0.09267644181969766,0.0031101777095784325,3,1.0078937545595286,0.0012696068438927794,3,0.9956980267857576,0.0003105182802725439,3,0.992552775746873,0.0010833157905641682,3,236.47619120279947,1.0885143709501257,3,0.0,0.0,3,0.21797910631200068,0.0010033740015130703,3,-0.8386243482430776,1.1417083562708812,3
a2,16.0,2.0796560138652054,0.005295517447055864,3,0.855320350305266,0.00949554628398856,3,0.4928571428571428,0.004993899325230332,3,2.079001760592217,0.0053334693869215005,3,2.194975376129151,0.007025341726197792,3,0.9030544227938972,0.010030412994339521,3,0.520983645983646,0.02441661369203959,3,0.5865775181073535,0.030075271352734217,3,1.308136224746704,0.05197651022895282,3,0.097276620570222,0.0028088771311457735,3,1.0081647814034123,0.00135008665367649,3,0.9952590326872738,0.0002976750767260985,3,0.9919614750316628,0.0010731342201679211,3,235.97884114583334,1.41875525574251,3,0.0,0.0,3,0.21752065470790774,0.0013077820537430007,3,-0.8333333333333334,1.178270788033675,3
a2,17.0,2.078893387242425,0.005251293012076446,3,0.8569912053644857,0.0066090666777780345,3,0.4951719576719577,0.008741917021032605,3,2.0780700685235187,0.005239679157145697,3,2.194711208343506,0.007110572459993306,3,0.9031654083752086,0.012423718867776117,3,0.5158910533910533,0.0277047378195699,3,0.5872367649364253,0.029348479372852596,3,1.3078713019688923,0.05548931111861898,3,0.1019985037218943,0.0025463806861784474,3,1.0084778445222051,0.0014486692634178655,3,0.994785329827626,0.0002858730370391179,3,0.9911599855858304,0.0011307595559727256,3,235.2804209391276,1.6411154360484475,3,0.0,0.0,3,0.21687687160428792,0.0015127504346811587,3,-0.8015872836112976,1.2044418718398342,3
a2,18.0,2.0779900962569147,0.005200871873613479,3,0.8595299489837417,0.00640138701918608,3,0.4995911495911496,0.01674782119775685,3,2.077371739958185,0.005148087314026227,3,2.1949051221211753,0.0071495046233605464,3,0.9032271367702703,0.011411427693562364,3,0.520520683020683,0.025215474634788345,3,0.5873901963028768,0.02874498744713401,3,1.3084417184193928,0.056961111816952625,3,0.1066428956889308,0.0023316151625660917,3,1.0088060485676011,0.0015968807198364183,3,0.9943014020186104,0.00028175191514406486,3,0.9902849830511995,0.0013103600209494113,3,234.6560821533203,2.350939040640435,3,0.0,0.0,3,0.21630136852680962,0.0021670499217620203,3,-0.843915323416392,1.2335164741635474,3
a2,19.0,2.077244501994796,0.005200012279369134,3,0.8621706520961431,0.003950160548816336,3,0.49496151996152,0.02073363421779255,3,2.0766502276139907,0.005218678353560795,3,2.194476048151652,0.006977687626448958,3,0.9027018402319018,0.010988270678255434,3,0.520520683020683,0.025215474634788345,3,0.5870277351062324,0.028108268509208924,3,1.30655042330424,0.055638593518962345,3,0.11105076847826102,0.0021563335869942326,3,1.0090525086154971,0.0016752148495722589,3,0.9938184006414671,0.0002784570336156616,3,0.9894640782322205,0.001637735758683258,3,233.7486775716146,2.748442845427336,3,0.0,0.0,3,0.2154649382065763,0.0025334607476347614,3,-0.7592592636744181,1.2311141510255381,3
a2,20.0,2.0764755581687804,0.005150284054774103,3,0.863156327503757,0.005879975866827232,3,0.49264670514670517,0.016747821197756793,3,2.075863151938766,0.005182000067303487,3,2.194352070490519,0.0072007089911779775,3,0.9043362461310137,0.011499790543977395,3,0.5230459355459355,0.020860861620130955,3,0.5867929996872386,0.02813924861010749,3,1.305902361869812,0.05183734626053613,3,0.1154685791253222,0.002225709881916332,3,1.0092842149846166,0.0017487390354728343,3,0.9933121740144101,0.00029731386668446584,3,0.9884990193562314,0.0017951139779522032,3,233.23016357421875,2.6903116131487415,3,0.0,0.0,3,0.21498697802358582,0.002479877025747896,3,-0.7460317413012186,1.1985703853560548,3
a2,21.0,2.075749009488577,0.0052221727035566936,3,0.86203850165762,0.007249431143043682,3,0.4974867724867725,0.015513846627550723,3,2.0751316472161316,0.005366829392268906,3,2.1942882537841797,0.007660559158292145,3,0.9052109359573164,0.012957124781279587,3,0.5253607503607504,0.016877881893816025,3,0.5867593487958694,0.028783271099066275,3,1.3058054447174072,0.05149650927383995,3,0.11968669298595803,0.0021838106906402863,3,1.0095347031002169,0.0017553121376208795,3,0.9928110064633895,0.00031280055666318393,3,0.9875669429622804,0.001625212123842187,3,233.11904907226562,2.809266416337337,3,0.0,0.0,3,0.2148845579843736,0.002589526180270779,3,-0.7857142686843872,1.257354255570571,3
a2,22.0,2.074920376894191,0.0054117303803328035,3,0.8609588370873894,0.008145713975021597,3,0.4947510822510823,0.018477739868085125,3,2.07438367068323,0.005327919276038617,3,2.193770964940389,0.007699771042230207,3,0.9030746027915715,0.01591205899985957,3,0.5276755651755652,0.012911252947342874,3,0.5874447525915439,0.028273943786619245,3,1.3068259557088215,0.05192763279402011,3,0.12394928689280597,0.0021854899650554675,3,1.009784357753501,0.0017818635760689133,3,0.9922873850064695,0.00033878461797502116,3,0.9865518045522806,0.001531485317828448,3,233.14550272623697,3.341986686795723,3,0.0,0.0,3,0.21490894370799554,0.003080580044235412,3,-0.738095223903656,1.2493636588883814,3
a2,23.0,2.07442938836908,0.005286998304135057,3,0.8620489759328002,0.006772970472914941,3,0.49959114959114964,0.01683180842786633,3,2.0737815287628876,0.0053453787954739675,3,2.194218635559082,0.008083355435921343,3,0.9046981154444959,0.011858283831354009,3,0.5276755651755652,0.012911252947342874,3,0.5876156992086102,0.027447943953296923,3,1.3077385822931926,0.052301811606778395,3,0.12817680041777943,0.002354499469277358,3,1.010018580610595,0.0017175396761410725,3,0.9917502901068195,0.0003849092934324345,3,0.9855298393761261,0.0015296807063847355,3,232.69841512044272,3.250357236004657,3,0.0,0.0,3,0.21449682497878442,0.0029961143983311908,3,-0.7910052935282389,1.3191405608099973,3
a2,24.0,2.0735960272079352,0.005385175399762141,3,0.861374903390448,0.009174574799781504,3,0.4933080808080808,0.027631378540284465,3,2.073000284699414,0.005362533818443879,3,2.1942463715871177,0.008078086972662693,3,0.9027336820284496,0.01581123046115389,3,0.530453342953343,0.01640162380120986,3,0.588206397276532,0.027346807794032566,3,1.3082555929819744,0.05381394385307654,3,0.13247575816252424,0.0026276573372874795,3,1.0102713393944611,0.0017394662264506942,3,0.9911865426271188,0.0004468318942512993,3,0.9844946242066452,0.0016570644297389245,3,232.2962900797526,3.6216591541406413,3,0.0,0.0,3,0.21412616197973053,0.0033383752819488672,3,-0.8333333134651184,1.3208981495635996,3
a2,25.0,2.0728410366822168,0.005343845299734793,3,0.862370284520556,0.008380615476919533,3,0.4884680134680135,0.023761677070359814,3,2.072298355644213,0.005320922167923066,3,2.1942248344421387,0.007837218233658256,3,0.9027550495498171,0.015852059547527792,3,0.5287999037999037,0.016284833409694107,3,0.5882146218967931,0.02774074804930405,3,1.307938575744629,0.05418318785610707,3,0.13673147079926096,0.002831558246066811,3,1.0105573017498444,0.0018835073358074014,3,0.9906138754572483,0.0005035856950126636,3,0.98337384293609,0.0019251230013780855,3,231.34391276041666,4.424076112379917,3,0.0,0.0,3,0.2132482759293399,0.004078027266288121,3,-0.8121693134307861,1.3027563038078642,3
a2,26.0,2.072226867549938,0.005321320343350561,3,0.8637582006271639,0.008457904496665006,3,0.4933080808080808,0.016057958331940188,3,2.071720225607193,0.005521640086226832,3,2.1938295364379883,0.007878390012174503,3,0.9029487357918905,0.014900715803320334,3,0.5264850889850891,0.019777920791789135,3,0.5881941784782377,0.027250567377739787,3,1.3071603377660115,0.053369270414278455,3,0.14090904540987334,0.003284416890711045,3,1.0108377701888356,0.0019103041635797277,3,0.9900305777631334,0.0005869145250261497,3,0.9823331232990177,0.002160634298336307,3,230.32274881998697,4.555556616848321,3,0.0,0.0,3,0.21230698699753214,0.004199223731893386,3,-0.7195767362912496,1.2627364374988639,3
a2,27.0,2.0717508035080914,0.005529682640241698,3,0.8680425744315153,0.011748705832704359,3,0.4933080808080808,0.016057958331940188,3,2.0711790067467004,0.005516194359011939,3,2.1936169465382895,0.008232136870081577,3,0.9024145477577025,0.013986212190302817,3,0.5264850889850891,0.019777920791789135,3,0.5887938596295408,0.0271284311996734,3,1.3091074228286743,0.05303310107471772,3,0.14491723590091551,0.003468981630099656,3,1.011160191878725,0.0018892039531735356,3,0.9894543613867491,0.0006314369622074582,3,0.9814102834156831,0.002340986800440409,3,229.46560668945312,4.550116140162773,3,0.0,0.0,3,0.21151688955218054,0.004194205518762575,3,-0.6772486766179403,1.3276601856710255,3
a2,28.0,2.0711370474705393,0.005675909135568617,3,0.8652223997458508,0.014238263273907058,3,0.4915544332210999,0.0236690494035977,3,2.0705568992879564,0.005566075034395313,3,2.1934173107147217,0.008072340479200439,3,0.9033106051053728,0.015520941370183151,3,0.5290103415103414,0.02052163693112388,3,0.5896944687480018,0.02704377021083097,3,1.3106723229090373,0.05526626710605597,3,0.14878095969366714,0.003558364586146015,3,1.011358628367996,0.001925505013219308,3,0.9888804540053809,0.0006625958495409413,3,0.9804683549809364,0.002652847455304717,3,229.51057942708334,4.186504697722525,3,0.0,0.0,3,0.21155834528233788,0.0038590413410363087,3,-0.738095243771871,1.3680292831494634,3
a2,29.0,2.070417419084515,0.0055485677083856825,3,0.8661724694392001,0.013422733463265347,3,0.49793771043771046,0.01966492740692037,3,2.069838764813872,0.005703673777698451,3,2.193035046259562,0.008174005599910673,3,0.9042066624530428,0.01348185555233452,3,0.5287999037999037,0.016284833409694107,3,0.5896324268614364,0.02648635883233555,3,1.3105083306630452,0.055145838727366336,3,0.15266818836882215,0.0038301107819109243,3,1.0116184056824575,0.0019978831842707235,3,0.9882937900686195,0.000721092231980055,3,0.9793307919661132,0.003168901083378203,3,229.19576517740884,4.311731648556866,3,0.0,0.0,3,0.21126815517123654,0.003974463757820192,3,-0.6746031840642294,1.4161052260549154,3
a2,30.0,2.0697606886110287,0.005886378665872147,3,0.8677653497779184,0.01343057755927777,3,0.50256734006734,0.011769727390541874,3,2.0692534783894616,0.005641975082759694,3,2.193108638127645,0.007906003633583479,3,0.9058092265556071,0.013895931411152215,3,0.5287999037999037,0.02042495018483933,3,0.5894645886112067,0.02616273652512404,3,1.3106054464975994,0.054952329885280475,3,0.15646058773544427,0.004142361514797457,3,1.0118460431739078,0.0020224310990956023,3,0.9877046867894231,0.0007886256919821478,3,0.9781331627465222,0.0036547369063734095,3,228.49735514322916,5.129417338139762,3,0.0,0.0,3,0.21062437206761667,0.004728196871408517,3,-0.6243386467297872,1.3847406168123049,3
a2,31.0,2.0692164796696813,0.005656423455370139,3,0.8663246301208799,0.014901479507681534,3,0.5051907968574635,0.019873363724402474,3,2.0687452189483246,0.0057425419645343555,3,2.1929287910461426,0.00807289560718589,3,0.9063434145897951,0.014777749742060958,3,0.5311147186147186,0.016587137652642615,3,0.5897150537575105,0.026957504985838678,3,1.310104767481486,0.0541656734169004,3,0.16016527549863654,0.004324974086637334,3,1.0120008989813325,0.00196340841954783,3,0.987113091446466,0.0008389023617957959,3,0.9769532988040827,0.004011316532847575,3,227.9867706298828,5.320332255905306,3,0.0,0.0,3,0.2101537276017128,0.004904179404876751,3,-0.5952381094296774,1.3754909251225402,3
a2,32.0,2.0687832038975693,0.0056889739973916,3,0.8664908219537383,0.012245931367868902,3,0.5028759820426487,0.018629901315632802,3,2.068300884890269,0.005667238101343275,3,2.192659298578898,0.007933477854419535,3,0.907732303478684,0.0170919761834667,3,0.5287999037999037,0.02042495018483933,3,0.5896730137774128,0.026863081580706716,3,1.3102208773295085,0.05292468131626718,3,0.16383177945022503,0.004574390099843449,3,1.012145010058516,0.002002023673393263,3,0.9865146587599872,0.0008956898861871822,3,0.9758230630312209,0.004422188154338677,3,228.04761759440103,4.95867692307594,3,0.0,0.0,3,0.2102098147660433,0.0045708129657037,3,-0.5899471044540405,1.3140693854697127,3
a2,33.0,2.068168789507395,0.0056832909360200095,3,0.8679038546100507,0.013459330018140725,3,0.5051907968574635,0.019873363724402474,3,2.0676870019833933,0.0057542579309882045,3,2.1923328240712485,0.008568437457882504,3,0.907732303478684,0.01590498162038813,3,0.526485088985089,0.024318187645462803,3,0.5901367992282393,0.026495335072993016,3,1.311559001604716,0.05509539466420357,3,0.16771703901053928,0.00494867695407564,3,1.0123581081769275,0.0020499833004002954,3,0.9858699198054065,0.0009797193250989718,3,0.9745280224681157,0.005008883854381608,3,227.79100036621094,5.018518850563625,3,0.0,0.0,3,0.20997327324691026,0.004625971128341875,3,-0.5343915224075317,1.433969794134228,3
a2,34.0,2.067543230177135,0.005709971166302808,3,0.8705787469126566,0.013647451530932461,3,0.5075056116722784,0.015894674965380478,3,2.0669195228654353,0.005787843150873089,3,2.192368427912394,0.00869710603390944,3,0.9061192651009398,0.015459931117058373,3,0.530453342953343,0.017675885207003895,3,0.5906406549188644,0.025832568392031578,3,1.313357988993327,0.05453284535627849,3,0.17153052831344598,0.005369033976699104,3,1.0125983521005877,0.002044162559707608,3,0.9852228451069253,0.0010727403175077618,3,0.9731174311463433,0.005612592660685671,3,227.42857360839844,5.067362652949134,3,0.0,0.0,3,0.20963918883328939,0.004670997994298393,3,-0.5238095124562582,1.4393990125534373,3
a2,35.0,2.0675165880978006,0.008040455994178429,2,0.8780150567461337,0.019249904840768408,2,0.5131222943722944,0.008014046912798571,2,2.0670817473874443,0.008057779146877431,2,2.1896225214004517,0.011233483827305608,2,0.907864999780867,0.019821413997866084,2,0.5317219817219818,0.019497304584665035,2,0.585822783141251,0.03475314305249343,2,1.2907697558403015,0.05544763525765923,2,0.17762447175955604,0.005014546416616794,2,1.0128409974169372,0.002986138289481202,2,0.9841587105439544,0.0011938278019129986,2,0.9683561557185458,0.0020843578813370084,2,229.0595245361328,5.393091853665898,2,0.0,0.0,2,0.21114256869458342,0.0049712464278836195,2,0.05952376127243042,1.700423454010207,2
a2,36.0,2.0670600245208215,0.008140807277773297,2,0.8800791256688787,0.01392007728347685,2,0.517288961038961,0.0021214904029106967,2,2.0666634169585123,0.007987966845853083,2,2.189550995826721,0.010879450299814098,2,0.9086819932449192,0.02324318512351714,2,0.5282497594997595,0.024407768342905048,2,0.5855506032756601,0.034988280429148616,2,1.2909635305404663,0.05570026346763306,2,0.1813286098589778,0.004948864925892998,2,1.0130427290900537,0.00312488305856455,2,0.9834902619733381,0.0012217118387167181,2,0.9669063816564898,0.002733690933423267,2,228.8968276977539,4.9834217887416825,2,0.0,0.0,2,0.21099259649430835,0.004593617927118311,2,0.05158734321594238,1.6330799550540451,2
a2,37.0,2.061012464628367,,1,0.891310995599555,,1,0.5157888407888408,,1,2.0603958353938827,,1,2.197711706161499,,1,0.9252509540706796,,1,0.510990860990861,,1,0.5611506215779178,,1,1.331631422042847,,1,0.1887798125907546,,1,1.011086616645708,,1,0.9818761245638704,,1,0.9678143898222558,,1,231.515869140625,,1,0.0,,1,0.2134067831328827,,1,-1.182539701461792,,1
a2,38.0,2.0603862075510206,,1,0.8867709717046922,,1,0.5157888407888408,,1,2.059976496712886,,1,2.197254180908203,,1,0.9268535181732436,,1,0.510990860990861,,1,0.5608373255101826,,1,1.331507444381714,,1,0.1924309269085435,,1,1.0111452910650038,,1,0.981155373385496,,1,0.9668936027892564,,1,232.26190185546875,,1,0.0,,1,0.214094460539022,,1,-1.1904761791229248,,1
a2,39.0,2.059962405600359,,1,0.891674838322582,,1,0.49987974987975,,1,2.059428092124335,,1,2.19711709022522,,1,0.9301607705613782,,1,0.49508177008177,,1,0.5603971555187862,,1,1.332152247428894,,1,0.196097845611751,,1,1.011246907001832,,1,0.980421809659608,,1,0.965950392215814,,1,233.58729553222656,,1,0.0,,1,0.2153161852924823,,1,-1.2142857313156128,,1
b6,0.0,,,0,0.8102599112016068,0.012414422913712324,3,0.4716390091390092,0.010065260108548022,3,2.1097230037190213,0.006116058883064431,3,2.1994828383127847,0.0011199615325660757,3,0.9115053833000192,0.004315816881121287,3,0.5404761904761904,0.015705435664068707,3,0.8178224594375557,0.10136335030464609,3,1.3754137357076008,0.07188034075710158,3,0.0,0.0,3,1.0,0.0,3,1.0,0.0,3,0.9999999999999999,1.3597399555105182e-16,3,290.22486368815106,8.111708009979504,3,0.0,0.0,3,0.26752358099474244,0.007477208061583221,3,-1.5873016119003296,0.07816555463223819,3
b6,1.0,2.108099659489135,0.006256960587126996,3,0.8236581643857609,0.008618174402286871,3,0.4893578643578644,0.00018345534274163486,3,2.104066740420107,0.0066234566772274475,3,2.1981385548909507,0.0010523567689118172,3,0.9091282289667969,0.004621731648192103,3,0.5148809523809524,0.02034802683859384,3,0.8185279863836844,0.100928100382128,3,1.3759431044260662,0.07281378896412763,3,0.020355108797625934,0.004131539829600718,3,1.0017982371200838,0.0001287643457239698,3,0.9997880436841889,9.299039447116416e-05,3,0.99960523381522,0.00021557420916976715,3,276.6799011230469,3.12980592442783,3,0.0,0.0,3,0.2550380905002975,0.002884993946219126,3,-1.3730159203211467,0.1561294930022495,3
b6,2.0,2.1030373019318573,0.006685740729707884,3,0.8244632953205615,0.0063414255528891385,3,0.48924763508096847,0.018641381309745745,3,2.1003440593209546,0.006777519044270054,3,2.1968327363332114,0.0009239443268712064,3,0.9035418080874443,0.0037334617529222987,3,0.5174482924482925,0.023658406676813185,3,0.8203975707036082,0.10169556888380414,3,1.3791006406148274,0.07615283200432939,3,0.03547277487149696,0.007474581568996265,3,1.0033905319909018,0.00021733829610295135,3,0.9993598672995706,0.0002965592898794583,3,0.9987221950491229,0.0007368893426383642,3,267.25396728515625,1.1279016875222392,3,0.0,0.0,3,0.2463494571737921,0.001039681544497591,3,-1.1666666467984517,0.238095253705979,3
b6,3.0,2.0995533452660475,0.006817052862589218,3,0.8233410632095809,0.0031540820560114567,3,0.4993887285553953,0.013307408171286636,3,2.0975350649686497,0.006986792947234635,3,2.1955647468566895,0.0001543198210702513,3,0.899431486391152,0.0040747494605420315,3,0.5060726310726311,0.02410238632993506,3,0.8222779207919017,0.10263614810201888,3,1.383654276529948,0.0774071208052322,3,0.04787163299622007,0.009789774127755845,3,1.0047410787148472,0.0003422235320326517,3,0.998842570051616,0.0005182223956144979,3,0.9975249347671223,0.0012589415119018629,3,260.91269938151044,0.9593277432706144,3,0.0,0.0,3,0.24050419922160768,0.0008842943953515738,3,-1.0582010944684346,0.1629079976608875,3
b6,4.0,2.0970139565032855,0.006840188719792637,3,0.8280351917852465,0.00717550795932679,3,0.5017035433702101,0.013653651004614173,3,2.0954368870899853,0.006774011135291024,3,2.195094188054403,0.0010379974544438414,3,0.8982386286942082,0.006735781487165579,3,0.5100408850408851,0.027013378556403175,3,0.8235568909281229,0.10224050203617405,3,1.3891390164693196,0.07858122378836122,3,0.058448191392271864,0.010881444472063972,3,1.0058879649282424,0.0003039512387309883,3,0.9982889878904672,0.0006855025225502271,3,0.9964999398824764,0.0011538660774851885,3,255.9179890950521,1.787407772000758,3,0.0,0.0,3,0.23590017460178112,0.0016476017055241084,3,-1.0582010348637898,0.24103125320122934,3
b6,5.0,2.0948756044785046,0.0068503004339250115,3,0.8310179543795965,0.005071207532775857,3,0.49938872855539523,0.009688579003630255,3,2.0932520538380417,0.006906917685465372,3,2.1945908069610596,0.0007600464583796965,3,0.8983919312255932,0.0045524017149738,3,0.4986652236652236,0.022013245300269414,3,0.8250414537959446,0.10211225818269312,3,1.3938685655593872,0.07872261581015018,3,0.06833831518951426,0.012527771938937875,3,1.0069266257359926,0.00042429287400585233,3,0.997666695927122,0.0009006411573866454,3,0.995185800630642,0.001228096217210326,3,252.1560821533203,2.351567635251393,3,0.0,0.0,3,0.23243252470273798,0.002167630224481128,3,-1.0661375721295674,0.20177051358475973,3
b6,6.0,2.0928161768002274,0.006836377429275765,3,0.8317535739244094,0.003363050998316399,3,0.4940856982523649,0.009579362505157014,3,2.091372849950828,0.006947788480299924,3,2.194381316502889,0.001481735817789055,3,0.8941508435835454,0.0025904669326554156,3,0.5003186628186628,0.019155352543190497,3,0.8261929829778579,0.10121903641771461,3,1.3978590965270996,0.0792191087418564,3,0.0777245994916466,0.013577345971605299,3,1.0078881381412523,0.0004941403093402031,3,0.9969904003514536,0.0010898925772006825,3,0.9939235422914043,0.0012440622724462225,3,248.37301127115884,2.3358585486923142,3,0.0,0.0,3,0.22894536622479733,0.0021531461635477807,3,-1.0740740895271301,0.28849326228788835,3
b6,7.0,2.090885950653155,0.006980395626294713,3,0.8308903596876438,0.006360467965962246,3,0.492684784351451,0.0026846652895822867,3,2.0897076270803256,0.0067989177346822645,3,2.1943286259969077,0.0012992742987309464,3,0.8937389305108688,0.0066396047340003435,3,0.5030964405964405,0.021902522085549145,3,0.8271512482197751,0.10039578474103644,3,1.4001117944717407,0.0797380250667086,3,0.08606772211095748,0.013271893169766808,3,1.0087329089273516,0.0004199914907674608,3,0.9963248654890653,0.0011645485296621146,3,0.9927149834924222,0.0010165656365730355,3,245.39417521158853,1.572517111782376,3,0.0,0.0,3,0.2261995337449643,0.001449515391401412,3,-1.0582010547320049,0.3810625715732664,3
b6,8.0,2.0892392203374217,0.006769653889260996,3,0.8321605113444951,0.0069497959695242065,3,0.4973144139810806,0.008903907006163343,3,2.0882493928459547,0.00653982460468296,3,2.1936044692993164,0.0014278920151794827,3,0.8915816303353324,0.012476987015476554,3,0.5123556998556998,0.023528332706144916,3,0.8274993308645108,0.10005248159621762,3,1.3996712764104207,0.0806129191384022,3,0.09370826574323406,0.01359023282929982,3,1.0095115686182108,0.00037707515596877266,3,0.9956524437696945,0.0012863451450728463,3,0.9917773342696125,0.0010386632404926846,3,243.1402130126953,1.2149489567461387,3,0.0,0.0,3,0.22412187009237305,0.001119910208970235,3,-0.9708994626998901,0.4961639842870772,3
b6,9.0,2.0878319212300163,0.0066540111117665435,3,0.8328883856207563,0.008857575250024632,3,0.492684784351451,0.005048476615342935,3,2.0865676275834364,0.006892716611992506,3,2.1935013930002847,0.002158548730569666,3,0.8918871008089179,0.014043118429445566,3,0.5151334776334776,0.026365258434325852,3,0.8270863343844521,0.09854933022323396,3,1.3996739784876506,0.08037644337227966,3,0.10062439589885841,0.014131212604220723,3,1.0101488045665343,0.00033842062210889573,3,0.994988519663709,0.0014284617340700706,3,0.9910342668256726,0.0009488291186642019,3,241.67195638020834,1.0624367633240663,3,0.0,0.0,3,0.22276846243135415,0.0009793319965283858,3,-0.9391534725824991,0.5873194781861545,3
b6,10.0,2.0862674071606864,0.006907312295732674,3,0.8351958897145,0.0104886839429511,3,0.49499959916626574,0.00855311120341377,3,2.085093838417592,0.006870367140046244,3,2.192543347676595,0.002567929188596488,3,0.889943470591148,0.014271512776592707,3,0.522077922077922,0.032430596898231016,3,0.8268239354512777,0.09802782197935929,3,1.4003129402796428,0.08077446948169796,3,0.10739668667425155,0.01575292380037218,3,1.0107148197499958,0.0003941151959692554,3,0.9942800606654032,0.001699628517476082,3,0.990055752115175,0.0012195639331367288,3,240.9338633219401,0.2694171038108882,3,0.0,0.0,3,0.22208810074230137,0.0002483395927014895,3,-0.9232804278532664,0.583553766329251,3
b6,11.0,2.084845534837321,0.00688596469957559,3,0.8348482770533464,0.011115724696134621,3,0.49499959916626574,0.012853879164456995,3,2.0837404502238344,0.006975371738492021,3,2.1921767393747964,0.0026087680341054104,3,0.8898868389895807,0.01655011018547767,3,0.5169853294853294,0.027966787005915136,3,0.8274706381186628,0.09854892904771065,3,1.402237097422282,0.08304515284776166,3,0.11433740242167496,0.017564916725882774,3,1.0112441269699557,0.0005133762370524737,3,0.9935060426668699,0.0020160052825288024,3,0.989016944953525,0.0012162080685415363,3,239.9100545247396,1.440132878753399,3,0.0,0.0,3,0.22114437323813144,0.0013274818360672137,3,-0.947089950243632,0.5924449610940538,3
b6,12.0,2.083588133990867,0.007119816727723856,3,0.8337741526500507,0.00895122703397994,3,0.4910313451980118,0.014443546661768147,3,2.0825461296261008,0.007258593712054933,3,2.1919569174448648,0.0027900975789356733,3,0.890219414120543,0.016069545344181334,3,0.5167328042328042,0.027948566862957682,3,0.8282259725594207,0.09891997851454898,3,1.4033808708190918,0.08298273298143906,3,0.12125283561973603,0.019421022680359865,3,1.0117844552191393,0.0007079597115530732,3,0.9926884540964142,0.002351476691952262,3,0.9878639628628173,0.0013366119553902744,3,238.90211486816406,2.116200423951697,3,0.0,0.0,3,0.22021527716813463,0.001950668891243924,3,-0.9814814726511637,0.5430180164060004,3
b6,13.0,2.0823297805643874,0.007235040419059471,3,0.8329026663567637,0.013052821496254457,3,0.4921556838223504,0.003491761680481219,3,2.081289255133458,0.0071823765703036115,3,2.1916391849517822,0.0029396565287757317,3,0.8912881854445862,0.019855133762476898,3,0.5167328042328042,0.027948566862957682,3,0.8280752872982999,0.09846751817346501,3,1.4024486939112346,0.08265284281393695,3,0.12756857766275675,0.020568814715945263,3,1.0122512770397065,0.0008396094258956401,3,0.9919027819979575,0.0026069752005762623,3,0.9866956749385215,0.0015621375985275117,3,238.12698364257812,1.8704443082114892,3,0.0,0.0,3,0.21950077546601113,0.0017241361933037667,3,-0.9629629651705424,0.5005245962524294,3
b6,14.0,2.0809506283911627,0.007155841796140429,3,0.839849112799496,0.006993133015089899,3,0.4963223504890171,0.002597641509300429,3,2.080012432679457,0.007191338608257434,3,2.191715637842814,0.0026879290129930246,3,0.8922249760846236,0.01744329197754672,3,0.5144179894179893,0.026998712880867966,3,0.8276375642947199,0.0987847732657749,3,1.4016902844111125,0.08390550449152297,3,0.13383678300378007,0.021698375828758443,3,1.0126692839445777,0.0009064857136769781,3,0.9910785431971986,0.0028786720140282747,3,0.9855247296289108,0.0020628815543528413,3,237.3095245361328,1.2450169156407778,3,0.0,0.0,3,0.2187472566060925,0.0011476352657213598,3,-0.9629629751046499,0.5423796913577317,3
b6,15.0,2.079884335287535,0.007288188974451824,3,0.8430004148682818,0.01119912572798201,3,0.4944584736251403,0.005903008262882255,3,2.078834414276937,0.007271742736792847,3,2.1918073495229087,0.0029959024949087827,3,0.8929059796688531,0.01685537436685567,3,0.519510582010582,0.03138704765320009,3,0.8280908722543744,0.09889494901054101,3,1.4018405278523762,0.08490897978854414,3,0.14033096508127743,0.023411723372421037,3,1.013144121999957,0.0011229851452934155,3,0.9901771373767945,0.0032554751964971947,3,0.9841427816561922,0.0028415628445033346,3,236.2619069417318,1.9995000324404553,3,0.0,0.0,3,0.2177815819506628,0.001843096157317144,3,-0.9920635024706522,0.5436942240755711,3
b6,16.0,2.0786553868191446,0.0072793671092293245,3,0.8471678788676306,0.010777772352893619,3,0.5000801667468334,0.005223993566670707,3,2.077727694246048,0.00735922449041904,3,2.1913816134134927,0.0027467764155381085,3,0.8931332883342548,0.01578855121850299,3,0.5144179894179893,0.025425721368753085,3,0.8283336955585906,0.09848391865068201,3,1.4032008250554402,0.08516083389484838,3,0.14655491946580687,0.02468748450241681,3,1.0135751265731907,0.0013189477628963626,3,0.9892777293579371,0.003583426852484813,3,0.9827048980785681,0.003335636629224503,3,235.3888905843099,2.218549469597225,3,0.0,0.0,3,0.216976853071138,0.002045014466042719,3,-0.9497354626655579,0.5684630405473949,3
b6,17.0,2.077572723400709,0.007312154665115239,3,0.8476466691850262,0.011216043264431892,3,0.4914822831489498,0.007488668159437472,3,2.0767031741839883,0.007409654008631641,3,2.1913997332255044,0.0023036091493485165,3,0.8912927265496965,0.018781052257728404,3,0.5167328042328042,0.021438757708413258,3,0.8280079260477032,0.09852355870643024,3,1.4021121660868328,0.08325932741000572,3,0.15273558623674968,0.025781060656791897,3,1.0140457585392009,0.0015545316492623989,3,0.9883452969135814,0.0038849257223294346,3,0.9812859606409985,0.003946863011764043,3,234.33333333333334,1.9876051420435477,3,0.0,0.0,3,0.2160038626986217,0.001832130753685342,3,-0.9259259303410848,0.4770054697822686,3
b6,18.0,2.07653167790814,0.007473702583778316,3,0.8477752407889024,0.013348074925780743,3,0.4954505371172038,0.007466732048096879,3,2.0754691547726463,0.007693044752987804,3,2.190739472707113,0.002573729581039081,3,0.8921494106953339,0.018624033735068768,3,0.5139550264550264,0.026223934236134543,3,0.8282061647356617,0.10000985014764258,3,1.4019629955291748,0.0831141771812907,3,0.15899554613411407,0.027135101812480317,3,1.0145233124376605,0.0016969980333428533,3,0.9873552578241634,0.0042544424266483215,3,0.9798772170497857,0.004686561074951401,3,233.82539876302084,1.4719107083878826,3,0.0,0.0,3,0.21553565680508,0.0013567844959405562,3,-0.8359788258870443,0.5619996218124773,3
b6,19.0,2.075307969997754,0.00772348206715089,3,0.848469685233347,0.012675535691507677,3,0.4922538880872214,0.010250411725082323,3,2.074463721123223,0.007784225111406593,3,2.1904544830322266,0.002370364791634098,3,0.8908349060542163,0.012857064831928907,3,0.5144179894179893,0.025425721368753085,3,0.8283090189962775,0.10029873530728033,3,1.402443567911784,0.08357394090539662,3,0.1652872515198734,0.028888126286208075,3,1.01501555115018,0.0018574402267111476,3,0.9863175965580586,0.0047143501725132,3,0.9782012378637622,0.005615655401884824,3,233.05026245117188,2.0234445182046157,3,0.0,0.0,3,0.2148211551029565,0.0018651683386594036,3,-0.8783068656921387,0.5258697249397287,3
b6,20.0,2.074269891811115,0.007708195375702439,3,0.852381896402464,0.013703939562244555,3,0.48730359147025815,0.018812043048171315,3,2.0733688297589072,0.007649635796423145,3,2.1907920042673745,0.0036204707925336383,3,0.892077981394514,0.012700056586138292,3,0.5116402116402116,0.030217907749811333,3,0.8285471175979486,0.09993794360840232,3,1.4032078981399536,0.08496369323914112,3,0.17140382902654527,0.030665207116718145,3,1.0155567750124956,0.001999532800948913,3,0.985271963097694,0.0051962574834213075,3,0.9767560611839793,0.006554864294118402,3,232.30423482259116,2.852925853334822,3,0.0,0.0,3,0.21413347769681712,0.0026297671086474685,3,-0.9232804179191589,0.7291803794462245,3
b6,21.0,2.0731436503186558,0.007857075890968165,3,0.8568738398041984,0.014766151048950822,3,0.4910614077280744,0.02081018432602415,3,2.072406334980972,0.00793813361329266,3,2.1904496351877847,0.004431365125153416,3,0.891914973140635,0.016205338805829028,3,0.5099867724867725,0.024183422576958335,3,0.8289729854326034,0.099571394064795,3,1.4032231171925862,0.08536050163418853,3,0.17772608583210214,0.03236981664986522,3,1.0160706157357922,0.002133581650817927,3,0.9841448629147812,0.0057053394669264864,3,0.9751048443647252,0.007275382633366114,3,231.03704325358072,3.4230214337444473,3,0.0,0.0,3,0.21296540153532514,0.0031552742355559064,3,-0.8253968209028244,0.7803246210688263,3
b6,22.0,2.0721655678489195,0.007971463402802675,3,0.8563994377313883,0.012314367279403085,3,0.4813391855058522,0.020878690381320435,3,2.0711753553039234,0.007971172251982812,3,2.1900931199391684,0.004444977586519875,3,0.8915744713485202,0.016052388581725145,3,0.5049362674362674,0.032526972361484434,3,0.8287262427553799,0.1000289565143783,3,1.4030321836471558,0.08442039660410555,3,0.18393171801626293,0.03385317499332279,3,1.016592734494577,0.0022763919957809325,3,0.9830085029817418,0.006186042919052805,3,0.9735060050513743,0.008046717744669895,3,230.2116444905599,3.9221341334469044,3,0.0,0.0,3,0.2122045669583199,0.0036153436960781778,3,-0.7142857021341721,0.7668900880436088,3
b6,23.0,2.0710240144943,0.007925046068896751,3,0.8563458735758852,0.011775526785005324,3,0.4820005611672278,0.014899482845155076,3,2.0702160134509726,0.00813997049718822,3,2.189231793085734,0.003724345944554052,3,0.8940499446506065,0.013606694908962356,3,0.5044733044733044,0.038553360185392974,3,0.8285934466161197,0.10097967700029006,3,1.403712272644043,0.08414499499123203,3,0.19011584813311386,0.03505114317750074,3,1.0170297431974173,0.0023359114164969996,3,0.9818379996288242,0.006643498954054368,3,0.9714468902805291,0.008734578538421777,3,229.70105997721353,3.4707684649733253,3,0.0,0.0,3,0.21173392249241596,0.003199288911609046,3,-0.6666666570430001,0.6881917941608304,3
b6,24.0,2.069984373660588,0.008117134292080188,3,0.8590083010518539,0.013124509017072216,3,0.47968574635241296,0.011814697215881576,3,2.068906653426669,0.0082258636491544,3,2.1890947024027505,0.0038859417902455447,3,0.8941734126396405,0.012024381218564834,3,0.5044733044733044,0.038553360185392974,3,0.8295739649426848,0.10092367075054853,3,1.4050642251968384,0.08525553003070316,3,0.19642365974445264,0.03596752977457382,3,1.0174419118464415,0.002441215310230104,3,0.9806100891220956,0.007051134881126561,3,0.9688708937120758,0.00923644113737198,3,229.19841512044272,3.2902389565118724,3,0.0,0.0,3,0.21127059374359872,0.003032874318839542,3,-0.6534391436725855,0.7232389770226597,3
b6,25.0,2.0689305776299514,0.007914448460510691,3,0.8600050567933376,0.012012939676661099,3,0.4769079685746352,0.009117912009213766,3,2.0682572865034747,0.008035532777924742,3,2.189114729563395,0.004353505107473106,3,0.8943734427635056,0.012807470828136325,3,0.5089045214045215,0.0408820155099708,3,0.8306201117447718,0.10109265482228925,3,1.4071096181869507,0.087799281886356,3,0.20277955350924373,0.03686118280836482,3,1.0179189114419491,0.0025318840596948344,3,0.9793420146254981,0.007466386664479964,3,0.9663663562864113,0.009559230931451997,3,228.37830607096353,3.218751240497302,3,0.0,0.0,3,0.21051463631131787,0.0029669750265794675,3,-0.5846560746431351,0.7439320656171816,3
b6,26.0,2.0679887708958304,0.00812507951234289,3,0.8605829919443551,0.01208305472151942,3,0.4820005611672278,0.014899482845155076,3,2.0671944971817773,0.008341006961364451,3,2.1890206336975098,0.004857944672909291,3,0.894404889304386,0.011408194476825067,3,0.5089045214045215,0.0408820155099708,3,0.8308237168341618,0.10230180224021511,3,1.4078903992970784,0.08883440121817518,3,0.20901523578778702,0.038053838590742683,3,1.018428904242243,0.0026233750508037248,3,0.9780416444338957,0.007959964076509162,3,0.963696326573992,0.010169398047432327,3,227.14020792643228,3.0595459709671577,3,0.0,0.0,3,0.20937338444581,0.0028202287047449314,3,-0.6269841467340788,0.8678055492463131,3
b6,27.0,2.067052881812064,0.008299075151259579,3,0.8582646158759791,0.012645463650231503,3,0.47968574635241296,0.008405475520695963,3,2.066377562349443,0.008548593242988452,3,2.188995043436686,0.004366590293262393,3,0.897710546396731,0.01035838985227582,3,0.5110088985088984,0.04427669070548855,3,0.8307639258180073,0.1031690959553505,3,1.408625642458598,0.08887460248280014,3,0.21484718365397737,0.03928560473005418,3,1.018869768625307,0.0027178363243711037,3,0.9767916283192455,0.008450643674847257,3,0.9612699067474874,0.010563677174735536,3,226.0899454752604,3.217339698364677,3,0.0,0.0,3,0.20840527121801808,0.0029656849948853817,3,-0.5925925758977731,0.7924726365219801,3
b6,28.0,2.066292579599447,0.008659989939845803,3,0.8605307422051984,0.011910307428552638,3,0.47618045534712206,0.010122520082021587,3,2.065632051458594,0.008628319369835208,3,2.1882735093434653,0.0044385752774388715,3,0.8962803010148727,0.011585584244416438,3,0.5084415584415584,0.0491857345700323,3,0.8314949345875936,0.10336818498422981,3,1.40911070505778,0.08816263327771869,3,0.22035955482391065,0.040408415055974194,3,1.0192634545988346,0.0028111509071228617,3,0.9755781860164788,0.008922142279494514,3,0.9591634394875941,0.010857037198131862,3,225.95767211914062,3.20467257974134,3,0.0,0.0,3,0.2082833425999083,0.0029540040648553378,3,-0.5582010423143705,0.6856854790393211,3
b6,29.0,2.065445986959487,0.008757942393576655,3,0.8620029084031174,0.011952716433450968,3,0.48477833894500555,0.0072601061968710365,3,2.0645113937894437,0.008949849917215211,3,2.188279072443644,0.004618924528538435,3,0.8957561920001975,0.012061618646606308,3,0.5100949975949977,0.05122303075508345,3,0.8321924598067914,0.10373753974948757,3,1.4105578660964966,0.08850353023046241,3,0.22603612340943016,0.04144320927430493,3,1.019719194430409,0.002856908724697354,3,0.9743042352730477,0.009410245079316377,3,0.9567031781666021,0.011103853560617114,3,225.4206339518229,2.70049950791523,3,0.0,0.0,3,0.2077883124103824,0.002489268819475375,3,-0.5370370224118233,0.7396013249336453,3
b6,30.0,2.064491769601337,0.008850860083121494,3,0.8627940938538009,0.01280676406561593,3,0.4843153759820426,0.008061479930280176,3,2.063532922436161,0.009104001972072683,3,2.1885698636372886,0.004812810840873238,3,0.894676527429967,0.011708852794899015,3,0.5105579605579605,0.05045463015804224,3,0.8326153769550553,0.1040981501650187,3,1.411657174428304,0.08866810976844101,3,0.23173056640863862,0.042571196654977814,3,1.020225892156133,0.0029952246256573743,3,0.9729946112154778,0.009928241845367983,3,0.9541161074275535,0.011275246845800557,3,224.4338633219401,2.8018232386611803,3,0.0,0.0,3,0.20687872491928325,0.002582669182489251,3,-0.5370370298624039,0.8403084113721468,3
b6,31.0,2.0635133621272725,0.009163162890761627,3,0.8639479736043789,0.012770873976073798,3,0.47525452942119606,0.006323845478254224,3,2.062779813474851,0.009105966622220421,3,2.1884826024373374,0.004257983275046969,3,0.8960966937923124,0.010418103630409105,3,0.5100949975949975,0.05623056476989662,3,0.8330858568658243,0.10483360130197712,3,1.4107406934102376,0.08954571634269375,3,0.23717763081591062,0.043533486493096914,3,1.0206726961597428,0.003063877699489705,3,0.9717080673751783,0.010411685376527705,3,0.951591158114204,0.011437064274748839,3,223.55026245117188,3.0340567452785145,3,0.0,0.0,3,0.20606424175030966,0.0027967320798031815,3,-0.5264550298452377,0.7454545859367471,3
b6,32.0,2.0626084692370115,0.009048756670150888,3,0.8611439209723722,0.011418777018861374,3,0.4775693442360109,0.016923544051989755,3,2.06208864697354,0.009168337350180227,3,2.1885313193003335,0.0044211860736030366,3,0.8957561920001975,0.010968855398548338,3,0.5147246272246272,0.05730478539061688,3,0.8341585982823877,0.10566995027409666,3,1.4121379057566326,0.08943225987124158,3,0.24229324506813255,0.0445876059316675,3,1.021049997866548,0.003095769334481573,3,0.9704661798919879,0.010913854889570867,3,0.9491761357066762,0.012030114877706267,3,223.88360087076822,3.0041525559544864,3,0.0,0.0,3,0.20637150186794637,0.0027691736707431227,3,-0.5582010746002197,0.6702630603478782,3
b6,33.0,2.0620194652336328,0.009148130596371705,3,0.8624556493674339,0.01337203976486383,3,0.4843153759820426,0.01751185736181824,3,2.0613046555565613,0.009273202483032636,3,2.1882313092549643,0.004653708499138893,3,0.8970036443861699,0.009600370802738395,3,0.517039442039442,0.05122303075508345,3,0.8342446042967472,0.10545702625712276,3,1.4103984832763672,0.08793233141476431,3,0.24732754472490145,0.04576281664115361,3,1.021481366749271,0.0032146508108083266,3,0.9692255548126615,0.011450316373308437,3,0.9470834052788385,0.012316182818858303,3,223.5132293701172,3.334280350462277,3,0.0,0.0,3,0.2060301017372389,0.0030734748739120045,3,-0.47883597761392593,0.6112828694744502,3
b6,34.0,2.0612694016148563,0.009385593632688734,3,0.8606188275373325,0.012449275070282739,3,0.47922278338944996,0.014928878485893075,3,2.0605515191011983,0.00953724183810954,3,2.1880759398142495,0.004816773759566169,3,0.8971081078239665,0.00830916097827063,3,0.5153860028860029,0.047958630117977206,3,0.8350732519718264,0.10611572389641204,3,1.410213788350423,0.08813025853139271,3,0.25243568302263436,0.047210850142302856,3,1.0219680839048657,0.0033785913432859125,3,0.9679400053650631,0.012078436219437355,3,0.9450151263772391,0.012669576607862876,3,223.18783060709634,4.139267286575402,3,0.0,0.0,3,0.20573015733668876,0.003815497734510866,3,-0.42592592537403107,0.619471433191938,3
b6,35.0,2.0565163996872107,0.009428009172752556,2,0.8645964175815604,0.020739345013499454,2,0.48448472823472816,0.01564971176976727,2,2.0560011433857444,0.009370889819527443,2,2.1905936002731323,0.0009250390311169452,2,0.901852828430854,0.013614385866879481,2,0.508342352092352,0.05612383729222954,2,0.8502873938383211,0.14490966030645566,2,1.4467527866363525,0.08534888552110681,2,0.2640478285380078,0.06618508175280224,2,1.021592850554211,0.0043715734645312435,2,0.9645787322379245,0.017052370306475287,2,0.9460879653183099,0.01640181530192579,2,222.7579345703125,4.584972900765019,2,0.0,0.0,2,0.20533388932783186,0.004226335412675307,2,-0.7023809403181076,0.3423294530271559,2
b6,36.0,2.055970036224326,0.009476618634757789,2,0.8636951062023077,0.019464698237039203,2,0.48865139490139486,0.021542268279655222,2,2.0553299745676235,0.009772595567573665,2,2.190714716911316,0.001201522357348567,2,0.8994641008062774,0.010236214863387959,2,0.5142947330447329,0.06454177516349793,2,0.8513097477862017,0.1462847792216745,2,1.4481273889541626,0.08611393511527655,2,0.2693570054225234,0.06800582737040996,2,1.0220360416030818,0.004529515108453026,2,0.9631372168341392,0.01786927539353457,2,0.9439253766123571,0.016712422034217887,2,222.1309585571289,4.641089575095929,2,0.0,0.0,2,0.20475594767799138,0.004278065344287004,2,-0.7619047462940216,0.3479414112735027,2
b6,37.0,2.055289804217327,0.009833847488210114,2,0.8645812990522908,0.020717964184363318,2,0.48764129389129385,0.010292842215323792,2,2.054454587207604,0.010086044654167164,2,2.191036343574524,0.0011168914855386918,2,0.9020504612051379,0.011438648937521076,2,0.5031836219336219,0.06061340415690601,2,0.8525569641549082,0.14745534294151513,2,1.4484277367591858,0.08727356350520529,2,0.27454462573548083,0.06986163975424825,2,1.0225152468450327,0.004811427221686196,2,0.9616964459227739,0.018695802507692233,2,0.9421773527651511,0.017177751238535825,2,220.78571319580078,5.724192100770842,2,0.0,0.0,2,0.20351593363181458,0.0052764530243926515,2,-0.738095223903656,0.2918218288100345,2
b6,38.0,2.0544027598917793,0.010088177096093108,2,0.8656535776328711,0.022234395095662173,2,0.4806968494468493,0.0004719146988438823,2,2.0540109665586703,0.010171012120429436,2,2.190412163734436,0.0013107669886888043,2,0.9007684099230866,0.012571832881730282,2,0.5108225108225107,0.059631311405258035,2,0.8531242944492531,0.14853053015672343,2,1.4505573511123657,0.08775951666853614,2,0.2795344350146566,0.07101406419084852,2,1.0229606590234088,0.004824817438646342,2,0.9603089006013925,0.01935096804392354,2,0.9401265956929117,0.01742509352676023,2,220.2936553955078,5.039538463072594,2,0.0,0.0,2,0.20306235917244606,0.004645347858729949,2,-0.7182539701461792,0.37600122357866106,2
b6,39.0,2.0542294537959536,0.009944456487755039,2,0.8682978084021018,0.025973902111552517,2,0.47722462722462716,0.004438549059395955,2,2.053479477686234,0.010358856344270305,2,2.1905938386917114,0.0008306300904526995,2,0.8990670210341976,0.014977960123267822,2,0.5038780663780664,0.042795435662721155,2,0.8533375962876207,0.14914004351659016,2,1.4517362117767334,0.08695147728888504,2,0.2842806453574881,0.07216999342352687,2,1.0234118970590453,0.00487721941084068,2,0.9589594126468066,0.02001714494349741,2,0.9375625962786849,0.01844037059044566,2,219.34127044677734,4.78139744531307,2,0.0,0.0,2,0.20218447312205534,0.004407390173316238,2,-0.7579365074634552,0.2637620165048762,2
b6,40.0,2.053358339401613,0.010435313048810416,2,0.8670326898728324,0.01960412549534854,2,0.47653018278018267,0.015241569327523864,2,2.052781574184431,0.010505942026634144,2,2.1906639337539673,0.0016192819197885487,2,0.900492674628969,0.007560271340232544,2,0.5133026695526696,0.04630290977574963,2,0.8550455402999654,0.1511472808657753,2,1.4536337852478027,0.08880239828808954,2,0.2889309927294377,0.07370461188000652,2,1.0238273473338486,0.005085095660656526,2,0.9575986360478239,0.020774351655645732,2,0.935245410408243,0.019265285995991616,2,219.1111068725586,5.275237126937027,2,0.0,0.0,2,0.20197231732654436,0.004862613571499092,2,-0.789682537317276,0.3535533484464253,2
b6,41.0,2.0527711257261583,0.010765280363092634,2,0.8672917608373919,0.019970507167045647,2,0.47537277537277534,0.01687839058027043,2,2.052406413932675,0.01078864509605232,2,2.1906083822250366,0.0013046978425032356,2,0.8979906321453087,0.008643461875138246,2,0.5108225108225107,0.059631311405258035,2,0.855716939073011,0.1526543325469187,2,1.452811598777771,0.0900432015082505,2,0.29330115391415584,0.07508261647127094,2,1.024174754370193,0.0052182113548179115,2,0.9562908193439759,0.021491965306055044,2,0.933023802014645,0.019751443753027734,2,218.8968276977539,4.803839799208151,2,0.0,0.0,2,0.2017747929652064,0.004428082145960855,2,-0.7777777910232544,0.39283711939112576,2
b6,42.0,2.052211728645889,0.010771595861597462,2,0.8704666519839812,0.020013268825317763,2,0.47884499759499755,0.011967926822030513,2,2.051597655742796,0.010901833830926896,2,2.1903592348098755,3.5909114931281714e-05,2,0.8995774492620926,0.006399363587576715,2,0.5108225108225107,0.059631311405258035,2,0.8567801612379629,0.15391899733956646,2,1.4534916281700134,0.09085924878911811,2,0.29787394914767273,0.07605609692024955,2,1.024634888373204,0.005250313887464646,2,0.9549397454771724,0.022122478825492814,2,0.9309953177066976,0.01962466069282318,2,218.48412322998047,4.366106002321927,2,0.0,0.0,2,0.2013943756767038,0.004024588679389738,2,-0.761904776096344,0.20203049686848543,2
b6,43.0,2.043726697435888,,1,0.8852544316192904,,1,0.4634379509379509,,1,2.0431771477405465,,1,2.191115617752075,,1,0.9039867419094056,,1,0.4593975468975469,,1,0.9655089880020812,,1,1.5184944868087769,,1,0.3570095506047958,,1,1.0289494700441872,,1,0.9374650410036036,,1,0.9143504727512308,,1,214.5476226806641,,1,0.0,,1,0.1977657800017557,,1,-1.0634920597076416,,1
b6,44.0,2.0428634350558363,,1,0.8863702766182762,,1,0.4810305435305435,,1,2.042010761169066,,1,2.18958592414856,,1,0.9057228530205168,,1,0.4686568061568061,,1,0.9647204457379864,,1,1.516289472579956,,1,0.3619458022395129,,1,1.0295639708083857,,1,0.9357607291044574,,1,0.9121487911286786,,1,213.3412628173828,,1,0.0,,1,0.1966537910045942,,1,-0.7222222089767456,,1
b6,45.0,2.042092617940985,,1,0.8905369432849429,,1,0.4726972101972101,,1,2.041321400520929,,1,2.189802646636963,,1,0.90780618635385,,1,0.4533790283790284,,1,0.9652055577854282,,1,1.5172860622406006,,1,0.3671976760745168,,1,1.030217165931501,,1,0.9339285108106082,,1,0.9095328916968348,,1,212.5396881103516,,1,0.0,,1,0.1959149035788488,,1,-0.817460298538208,,1
b6,46.0,2.041217577026551,,1,0.8861833614882869,,1,0.4726972101972101,,1,2.041006376328854,,1,2.189581155776977,,1,0.9093785133978752,,1,0.4533790283790284,,1,0.9662621743502592,,1,1.5207748413085938,,1,0.3722746204741862,,1,1.0306819596172614,,1,0.9321087739841314,,1,0.906662682591486,,1,214.86508178710935,,1,0.0,,1,0.1980584086852193,,1,-0.9682539701461792,,1
b6,47.0,2.0409700099039,,1,0.8939599364138183,,1,0.4643638768638768,,1,2.0399710731949536,,1,2.1898791790008545,,1,0.912066685440886,,1,0.4533790283790284,,1,0.9678515784711724,,1,1.5211044549942017,,1,0.3776072525179652,,1,1.031328119366009,,1,0.93018052356286,,1,0.9036386450564396,,1,215.4761962890625,,1,0.0,,1,0.1986217189008866,,1,-0.9841269850730896,,1
b6,48.0,2.0398477190743214,,1,0.8936608451754481,,1,0.4726972101972101,,1,2.039667436875493,,1,2.189948558807373,,1,0.9150041452331844,,1,0.4533790283790284,,1,0.9689232955290816,,1,1.520286202430725,,1,0.3830280876625194,,1,1.0321522419664912,,1,0.9282143981193846,,1,0.9013369808738286,,1,213.3412628173828,,1,0.0,,1,0.1966537910045942,,1,-0.8333333134651184,,1
b6,49.0,2.039611804916198,,1,0.8904242941447794,,1,0.4643638768638768,,1,2.0388306994856737,,1,2.1895627975463867,,1,0.9142064784962388,,1,0.4533790283790284,,1,0.970476540148566,,1,1.5205636024475098,,1,0.3883985298419811,,1,1.0329308957573915,,1,0.9262415409857496,,1,0.8984789748505772,,1,212.26190185546875,,1,0.0,,1,0.1956588534808181,,1,-0.7539682388305664,,1
b6,50.0,2.0385777121361683,,1,0.8950769671798054,,1,0.4574194324194323,,1,2.037798284253237,,1,2.1896541118621826,,1,0.9163888444120012,,1,0.4603234728234728,,1,0.9705445587942808,,1,1.5217390060424805,,1,0.3937067759901906,,1,1.033743874078081,,1,0.9242751685150358,,1,0.894746136246411,,1,211.4682464599609,,1,0.0,,1,0.1949272817721593,,1,-0.7142857313156128,,1
random,0.0,,,0,0.043681462242305596,0.02690384598113053,3,0.0687830687830687,0.0067993149383947,3,2.5165971135245067,0.025642177205485048,3,2.5015153090159097,0.02703278181077983,3,0.04468790130846223,0.030966572625044445,3,0.05740740740740733,0.02493561668425042,3,2.5262057071298414,0.030434506712935808,3,2.5112051963806152,0.028322147588596254,3,0.0,0.0,3,1.0,0.0,3,1.0,0.0,3,0.9999999999999996,1.5700924586837752e-16,3,135.29100545247397,64.75143163875458,3,0.005291005291005266,0.004582144993568437,3,0.1247085906027175,0.05968660140103774,3,-28.970899581909183,7.362754981807544,3
random,1.0,2.4947899924019463,0.022050766311025167,3,0.13103995244000471,0.030233146490155276,3,0.11754850088183415,0.01076851464607299,3,2.452438808896387,0.0158976181405225,3,2.4536778132120767,0.015914127550972025,3,0.12787036250775763,0.027989772080812575,3,0.13694885361552026,0.018194723721857542,3,2.469202471818995,0.023765641027999142,3,2.46308962504069,0.020604026963347826,3,0.07350234519746567,0.0005962335741334323,3,1.0012302350586382,0.0015866027687433018,3,0.9972977327968437,4.5102718887493435e-05,3,0.9961134553444347,0.0003675119640411931,3,108.77513376871745,55.7098327812678,3,0.005291005291005266,0.004582144993568437,3,0.10026677981642423,0.051352227985136265,3,-19.90740712483724,7.874761739135248,3
random,2.0,2.4333072787923373,0.01467855993509484,3,0.20071792188023052,0.017858288018872116,3,0.1628306878306878,0.015070660255526239,3,2.3991716009272426,0.016199750205937963,3,2.411330223083496,0.015714465957663765,3,0.18705267298289185,0.017621327899271774,3,0.16653439153439153,0.009495521259746054,3,2.4220692714739314,0.024112789008797212,3,2.424222548802694,0.016334538995434585,3,0.13355427267174003,0.001477478547062971,3,1.0051892374101536,0.0033698070827696425,3,0.9911368477472116,0.00017833352835871762,3,0.9875356597852308,0.0004711237893594381,3,114.55819956461589,42.70576780447051,3,0.0079365079365079,0.0079365079365079,3,0.1055974990001853,0.03936534024410229,3,-16.677248636881508,4.8809606166638515,3
random,3.0,2.382695950931061,0.018768824125324275,3,0.2950190146026313,0.03901193750870803,3,0.24730038480038474,0.025230782830501876,3,2.350949135444935,0.02270768743804696,3,2.3717211882273355,0.02420329638758532,3,0.29720775757191137,0.03886271236208619,3,0.2598003848003848,0.015538516553274213,3,2.379537124983962,0.026776771813035064,3,2.3903178373972573,0.014101546277619899,3,0.18742244684690512,0.0030594337563470786,3,1.0109356474481197,0.004610607489479381,3,0.9827127474354764,0.0006228085008937566,3,0.9775179453871222,0.0011477243719554416,3,135.92592112223306,33.61506040522909,3,0.005291005291005266,0.004582144993568437,3,0.1252938479696446,0.03098570338344872,3,-14.269841194152832,2.989915599804902,3
random,4.0,2.3358376852343015,0.024956417506283232,3,0.3856237661789761,0.03519311130236983,3,0.30111832611832606,0.028353859593716436,3,2.3087572345635157,0.027404503147549334,3,2.3437012831370034,0.028796041295978528,3,0.38640877621319997,0.056282838430823615,3,0.3072570947570948,0.019515263606898613,3,2.33928795689765,0.02901570123586613,3,2.360309441884359,0.01261889093319421,3,0.2356987347644471,0.005031927900906772,3,1.0174882510795322,0.005362242279978705,3,0.9729423038912947,0.0013433729936993993,3,0.9627766970840869,0.0029516447830937745,3,159.161376953125,32.91846791314294,3,0.005291005291005266,0.004582144993568437,3,0.14671182902681448,0.030343598225214857,3,-12.029100100199381,4.170506770022332,3
random,5.0,2.297689098636104,0.03109775531770408,3,0.4612693483811671,0.058123006209793174,3,0.3119528619528619,0.04207416600128084,3,2.275731654531027,0.03815992346805813,3,2.323072910308838,0.029612303892552868,3,0.45446349852305845,0.07381289458109873,3,0.34979557479557477,0.05754503229045826,3,2.3029312253066743,0.03135431479903909,3,2.334249973297119,0.012205521988047422,3,0.2789084900943601,0.007268192499826658,3,1.0240080091954562,0.005346773392261124,3,0.9624587989273489,0.0023458125141244653,3,0.9449116263501111,0.006453978585734497,3,174.67460123697916,34.310054100744615,3,0.005291005291005266,0.004582144993568437,3,0.16101161735873346,0.03162633487596252,3,-10.550264676411947,5.160441177055036,3
random,6.0,2.265940707371417,0.041616895724034,3,0.5325860242013316,0.08568283161168684,3,0.3686447811447811,0.0457050004504398,3,2.2481147342896364,0.046935048528469796,3,2.3007787068684897,0.031767756089673006,3,0.5403285574279397,0.0964370861348892,3,0.370508658008658,0.06051109866479141,3,2.271139466482131,0.033488861140560565,3,2.3117178281148276,0.009737395699590949,3,0.31666543209950365,0.008414415672191446,3,1.0304413599960964,0.005393984629605578,3,0.9519927093115462,0.0031248167911339967,3,0.9288189752412981,0.007459964803445115,3,185.32010396321616,43.71680565465793,3,0.005291005291005266,0.004582144993568437,3,0.17082443254421129,0.040297288902058144,3,-7.719576915105184,4.318979873724193,3
random,7.0,2.2414191011307367,0.047530300427562684,3,0.5673403327827747,0.09283328212469932,3,0.38093634760301426,0.05275382311954313,3,2.2275673947796624,0.04883736505058982,3,2.2855612436930337,0.028455170228883487,3,0.586883884582387,0.10886444896881337,3,0.3794492544492544,0.04103796724044296,3,2.240606680862943,0.034885786240874586,3,2.2897347609202066,0.007282333670915416,3,0.3499703518664352,0.009235185090926983,3,1.0366608135595543,0.005875085370723917,3,0.9417926072659878,0.003628139147532674,3,0.9110297546913312,0.012365544609730104,3,190.1031748453776,48.4606128463655,3,0.005291005291005266,0.004582144993568437,3,0.17523337137506215,0.04467004170110044,3,-5.558201154073079,3.278809060476843,3
random,8.0,2.220484830836626,0.04696888749916595,3,0.61505966870928,0.07535132767595146,3,0.44356060606060604,0.01943924834261134,3,2.208366414424132,0.045282854107895155,3,2.2713534832000732,0.020777788917731105,3,0.6462847903613242,0.08603818304509862,3,0.4127284752284752,0.024112527756102568,3,2.212728316525379,0.0374333477846619,3,2.269347667694092,0.007950327913724627,3,0.3807101022257919,0.010010125351206762,3,1.042679501690053,0.006691172687864928,3,0.9315240244867401,0.004025495581912775,3,0.8897936941914951,0.02605981159536908,3,191.5793660481771,40.17628379234263,3,0.005291005291005266,0.004582144993568437,3,0.17659409475316767,0.03703371130633704,3,-4.14550260702769,2.42343483008562,3
random,9.0,2.204216691590012,0.04550632912790043,3,0.6221071705155276,0.09413133395555355,3,0.41424963924963926,0.057828746985883,3,2.1973107717396947,0.04767505819417966,3,2.2642905712127686,0.02124532229271439,3,0.6393660527575479,0.10291063873795434,3,0.3971079846079846,0.09486788042362355,3,2.1874073038686643,0.039693573048313745,3,2.2515366872151694,0.011364621821260804,3,0.40896650341418933,0.010506915768999222,3,1.0488572840794779,0.0075562513778156416,3,0.9215190025128717,0.0043750212531388465,3,0.8694807908047406,0.039701631375750286,3,189.78836059570312,28.99925040491282,3,0.005291005291005266,0.004582144993568437,3,0.1749431812639608,0.026730935826212877,3,-4.7910053332646685,4.36150179434334,3
random,10.0,2.1937089988163536,0.047764718400267185,3,0.637657862655518,0.10241748984692331,3,0.41847041847041844,0.07674097820880998,3,2.186334154213289,0.04763555151449244,3,2.2592337926228843,0.022542061538814565,3,0.6666289812913337,0.11116456327602009,3,0.4133658008658008,0.09772636052664367,3,2.1632417661324355,0.03919120029043552,3,2.2361896038055424,0.015940053929772272,3,0.4343157732529887,0.011584306924333767,3,1.0547669134504154,0.00845938051787765,3,0.9121824125479185,0.0048066187894181866,3,0.8544764145653154,0.043900263128423773,3,187.28836059570312,22.318717483253852,3,0.005291005291005266,0.004582144993568437,3,0.17263873038168528,0.020572954563320568,3,-4.3544972737630205,4.832527365344534,3
random,11.0,2.1817550206416922,0.04538962059887826,3,0.6689724201036428,0.09877860441316368,3,0.4285113035113035,0.058774416885228845,3,2.1728312658702786,0.04274574807182862,3,2.2545855045318604,0.020780413272791884,3,0.6975563201146011,0.10747079928693892,3,0.4196608946608946,0.06539523495555111,3,2.1433098213602877,0.03966998252887342,3,2.225773572921753,0.021038850600025187,3,0.45729344904460484,0.012941318533204257,3,1.0605124236453074,0.00927748351052033,3,0.9033871479793861,0.005225841802099528,3,0.8451186323436004,0.04058734151797429,3,191.8783060709635,16.36826534228338,3,0.005291005291005266,0.004582144993568437,3,0.17686965343009586,0.015087950124978567,3,-3.203703651825587,3.337075799210755,3
random,12.0,2.168779486701602,0.041590772826013464,3,0.7029125977929104,0.09307732038677798,3,0.4244708994708995,0.03346792005714727,3,2.160256533669249,0.03991706917704555,3,2.2485239505767822,0.019888298631968466,3,0.7183734765897407,0.09077954115457947,3,0.4312830687830688,0.039935302555982224,3,2.1268949246037234,0.039377064997348665,3,2.2164131800333657,0.022152310859245242,3,0.47937055011483504,0.013026046340194069,3,1.0660272826348844,0.009819546459568495,3,0.8945530333938908,0.0049483385167684475,3,0.8359241424127001,0.039552479805090926,3,199.41534423828125,11.31502370692686,3,0.005291005291005266,0.004582144993568437,3,0.18381714608999303,0.010429968700779701,3,-3.002645492553711,3.054311559876232,3
random,13.0,2.1567710811080976,0.039086760905535096,3,0.7287001204348268,0.08642110231994246,3,0.45175364758698094,0.022549964785223198,3,2.149146287385171,0.038153753591594036,3,2.240278641382853,0.01888027753291592,3,0.7480671988241635,0.0786537367633217,3,0.4418871252204586,0.025432937626074327,3,2.1125686388896647,0.037338212277594963,3,2.2062671979268393,0.01957587370772364,3,0.5006597203048008,0.014485973543119741,3,1.0713735398658688,0.01090964177524417,3,0.8856915172766843,0.004806984363368871,3,0.8274444307914316,0.03935342238008582,3,201.5582021077474,18.859027419362423,3,0.005291005291005266,0.004582144993568437,3,0.185792389703372,0.017383877704523043,3,-2.0291005298495293,2.3454003287626826,3
random,14.0,2.147058950370574,0.03828018465678753,3,0.7540260476983885,0.08214781516654672,3,0.47985409652076316,0.020887752510310043,3,2.1424044405531757,0.037925184913611,3,2.235653877258301,0.017800809059361197,3,0.7769258868083649,0.08433313703825907,3,0.4493927368927369,0.036880952517394434,3,2.099261798054339,0.03595638335903856,3,2.19637123743693,0.01861933361822593,3,0.5207119807230564,0.016562638101990684,3,1.0766170650235307,0.012061447734922721,3,0.877109655484679,0.005315080818654477,3,0.8173688209790777,0.039173873692667595,3,201.63227335611978,24.02737877053444,3,0.005291005291005266,0.004582144993568437,3,0.1858606697295135,0.02214796386470799,3,-1.4550264564653237,2.1156463648522332,3
random,15.0,2.140735996911667,0.03721593466605689,3,0.7738848391970743,0.08563783395875264,3,0.49359868526535183,0.02544294085221518,3,2.136387346123254,0.03743779188672096,3,2.232008775075277,0.01793997347293861,3,0.7884964260359232,0.08306747753533594,3,0.4597883597883598,0.047210192232956964,3,2.087036285739621,0.0363670193942597,3,2.188112497329712,0.020087674072264,3,0.5389469175028374,0.017723486436437175,3,1.08163438024241,0.013178042693583601,3,0.8691615153803256,0.005635928392300315,3,0.8029828899399106,0.04015538909467008,3,200.05555725097656,20.77528558850151,3,0.005291005291005266,0.004582144993568437,3,0.18440728060164455,0.01915025439716534,3,-1.3544973619282246,2.3953576703091923,3
random,16.0,2.1351998432299495,0.03746257209705735,3,0.7742454342077023,0.09291795237730213,3,0.48773448773448774,0.04458222448324577,3,2.131749544619693,0.03768364841026118,3,2.229731480280558,0.019190350321611375,3,0.7960365124123484,0.08453194778827436,3,0.46133357383357376,0.060338305403775945,3,2.0758501916388568,0.0369548042004569,3,2.18110458056132,0.021842506958823782,3,0.5556893772041716,0.018947927765998573,3,1.0864149352869341,0.014309229135541297,3,0.8617424802376689,0.006051965028694079,3,0.7898143303276064,0.042082763386280204,3,197.39947001139322,16.903952534229585,3,0.005291005291005266,0.004582144993568437,3,0.18195895394999947,0.015581730921540318,3,-1.595238169034322,2.9195888732581503,3
random,17.0,2.131010491616823,0.037863292373772575,3,0.7660138889908904,0.08193133570608958,3,0.5008958633958634,0.04571339597620212,3,2.1280101003553837,0.037846853572144346,3,2.2287445863087973,0.020662360777492957,3,0.7922782704533419,0.0856033083353456,3,0.46893939393939393,0.05534650975051696,3,2.0657848156668024,0.03751753649877175,3,2.174475908279419,0.022854737067156305,3,0.5712609215083119,0.021050981913339307,3,1.0910364348353638,0.015428288591494706,3,0.8547534340364177,0.006968610965532189,3,0.7776648686611626,0.04259044320546651,3,196.2407430013021,16.92646939077902,3,0.005291005291005266,0.004582144993568437,3,0.1808908592553575,0.015602490602527514,3,-1.629629557331403,3.1991247644631047,3
random,18.0,2.1269796779630377,0.037592050725912145,3,0.7825708900530882,0.08795495816995166,3,0.4919011544011544,0.04567119157568849,3,2.124097600177452,0.03762141752991038,3,2.227515697479248,0.020315222246917772,3,0.804358116108752,0.07959173925640405,3,0.45880832130832133,0.04448703011405616,3,2.0577264803275255,0.037512963129472415,3,2.169613520304362,0.02266664531047552,3,0.5860693736473156,0.023834042929433003,3,1.0953949115179293,0.016363031269707073,3,0.8479631752586773,0.008352787282502997,3,0.7663676667616465,0.041758453164729384,3,194.63491821289062,18.33607396768501,3,0.005291005291005266,0.004582144993568437,3,0.17941064583150443,0.0169018351120493,3,-1.473544975121816,2.952704516198301,3
random,19.0,2.1233550026303245,0.03772742628578788,3,0.7932671380179749,0.0844119642413104,3,0.4870189995189995,0.05145560571224824,3,2.120715081520759,0.037787407513612405,3,2.2260008653004966,0.01983060610195392,3,0.8108059514515652,0.07424024011450842,3,0.4720358345358345,0.049226899398661594,3,2.0506214005332946,0.03779606416589074,3,2.165112574895223,0.02297337242146354,3,0.599940697596889,0.026220711237795593,3,1.099560119141227,0.01710182151506527,3,0.8415152301537107,0.009617603572171125,3,0.7558342256671299,0.04152003044978253,3,193.63756306966147,17.878898355262997,3,0.005291005291005266,0.004582144993568437,3,0.1784913040509564,0.01648041634536469,3,-1.2010581567883492,2.905047337216104,3
random,20.0,2.120259925953903,0.038031917463981574,3,0.7983876346052384,0.08570964007058506,3,0.4868085618085618,0.03646607300907807,3,2.1179023342986114,0.038056639017666205,3,2.224510351816813,0.019593703863609972,3,0.8152256179769939,0.07345013918606738,3,0.4792328042328042,0.04566163519657513,3,2.044174722604757,0.0384051843198733,3,2.1612329483032227,0.023340206491284307,3,0.61287441381252,0.02806882098351385,3,1.103666058050341,0.017734856786234737,3,0.8354803782553842,0.010623238768967154,3,0.7471183536902686,0.04102969329797573,3,193.78042602539062,17.614082669204894,3,0.005291005291005266,0.004582144993568437,3,0.17862298695851497,0.016236314570178073,3,-0.9973545223474503,2.6014480634861377,3
random,21.0,2.1172337124420184,0.03802012488713665,3,0.8007152807223616,0.0880548209079979,3,0.491492303992304,0.039188725028623736,3,2.1148878789399457,0.038508606058801145,3,2.222869555155436,0.01984900666238512,3,0.8158947059203768,0.07859637294571238,3,0.47531866281866275,0.051328607124461335,3,2.0378096298588737,0.03897275870770116,3,2.1575743357340493,0.023419327807023847,3,0.6254079314759444,0.029821328465633325,3,1.1076179078976691,0.01846220173113347,3,0.8295213592995286,0.011550521584997607,3,0.7385756130098816,0.04132665550260289,3,193.82009887695312,18.64106868936582,3,0.005291005291005266,0.004582144993568437,3,0.1786595655439479,0.017182970803500248,3,-0.9338624527057012,2.562353420084501,3
random,22.0,2.1144840152388116,0.038416145762026926,3,0.8033696021491891,0.09275268678700754,3,0.5022406605739939,0.024903264501464628,3,2.112589757058105,0.038439828461181866,3,2.221802949905396,0.020451015908089117,3,0.8163822733573687,0.08567421078399415,3,0.4818121693121693,0.05020017990766449,3,2.03127474355342,0.03980175721072478,3,2.153693993886312,0.023938971937969084,3,0.6374044563765425,0.03153434943327228,3,1.1115520965943413,0.019352797237142172,3,0.8237750620830706,0.012421407798072737,3,0.7301127025964393,0.04228116886231573,3,193.02380879720053,18.945028408899116,3,0.005291005291005266,0.004582144993568437,3,0.17792555526292686,0.01746315302034614,3,-0.8968254178762436,2.529232014727379,3
random,23.0,2.1122226687730623,0.038609075352913004,3,0.8091754731046,0.09074335321214938,3,0.49859307359307364,0.036726162969430216,3,2.1101147250341263,0.038484116585746,3,2.221357742945353,0.019812899985147018,3,0.8273786314560678,0.0788155869005659,3,0.478505291005291,0.04799889744693913,3,2.025826718023435,0.03990628070901832,3,2.1502747535705566,0.02384090380070834,3,0.6491072281882407,0.03332228135527889,3,1.1153323233645693,0.0201168016655249,3,0.8180802682440528,0.013390700221103186,3,0.7207768893280404,0.04444764422909167,3,191.69048055013022,17.127115458981777,3,0.005291005291005266,0.004582144993568437,3,0.1766965147923799,0.01578743951400658,3,-0.7883598307768503,2.553069105572245,3
random,24.0,2.109811762182178,0.0384183538727539,3,0.8105594441488102,0.08709089854714312,3,0.4986471861471861,0.0521721388602943,3,2.107788824036555,0.03842133979951355,3,2.2210745016733804,0.020563059632881787,3,0.8301168032701419,0.07191274703914058,3,0.478505291005291,0.04153067271823532,3,2.0205594993362603,0.04048225168505883,3,2.1480983893076577,0.02511665577300067,3,0.6604579221436718,0.03450441124653748,3,1.1191171930352681,0.020849126063467668,3,0.8125418323689356,0.014005504493023591,3,0.7113807234838289,0.04556607084962941,3,191.97619120279947,16.782190784901875,3,0.005291005291005266,0.004582144993568437,3,0.1769598806074971,0.015469495056162432,3,-0.9867724391321341,2.8373245877898112,3
random,25.0,2.1075496724194926,0.0383140346101591,3,0.8176673011766811,0.09423312159118354,3,0.4917027417027417,0.06295156590151414,3,2.10547803546667,0.038521124952413936,3,2.2222034136454263,0.01995552689104453,3,0.834919294041588,0.07607150280030904,3,0.4696969696969697,0.04349675948649863,3,2.015755903358372,0.04123801524733702,3,2.1457975705464682,0.025779662686621317,3,0.6715895533394707,0.03608034812328215,3,1.1229727404599004,0.021630037533045064,3,0.807090243076356,0.01485303010908127,3,0.7037933755263722,0.04583158994683191,3,190.8465576171875,18.757106760275878,3,0.005291005291005266,0.004582144993568437,3,0.17591861020883934,0.017289931361968682,3,-1.1164020597934723,2.5966008980782487,3
random,26.0,2.1051514554967565,0.03881656344175185,3,0.8194604384579333,0.09219778708578995,3,0.4937089145422478,0.04137945212013694,3,2.1035905068999927,0.038872239871982454,3,2.220395644505819,0.0203717010664264,3,0.8318011023204551,0.0755414942967542,3,0.4759800384800385,0.049010742411279014,3,2.010749914559973,0.04194797398930249,3,2.14288592338562,0.0258321804862463,3,0.6827066072737275,0.03781367753737058,3,1.1268416128357364,0.022542193551574354,3,0.8015925594380194,0.015769563654439125,3,0.6964754899671113,0.046471576973985275,3,189.84656270345053,20.020452361794693,3,0.005291005291005266,0.004582144993568437,3,0.17499682985592913,0.01845446199920001,3,-0.8756613979736964,2.523813733362605,3
random,27.0,2.103403045470456,0.03910868604192377,3,0.8173848220523287,0.09222853330798482,3,0.4840287798621132,0.025839426684966048,3,2.1014368485528987,0.039162033073221546,3,2.2203518549601235,0.019743680616168918,3,0.8382338964426072,0.07634376959326726,3,0.47763347763347763,0.04390317069010208,3,2.005488126495414,0.04202715784121929,3,2.1402997175852456,0.025666264982537962,3,0.6936644038240823,0.03935693886064911,3,1.1306953973019547,0.02341238247331524,3,0.7961309298545501,0.01658857984391542,3,0.6880502512275454,0.04749090556111983,3,189.47619120279947,19.718326948285874,3,0.005291005291005266,0.004582144993568437,3,0.17465542972522166,0.018175969402458126,3,-0.9576719452937444,2.259345982104152,3
random,28.0,2.1013387769238396,0.0393540594481827,3,0.8202397073894246,0.09041415041273114,3,0.4907206990540323,0.021052008568898786,3,2.099793433937887,0.039235546721928326,3,2.219093163808187,0.020560520468217342,3,0.8378991201484179,0.07863183012874048,3,0.4743265993265993,0.03957217012881354,3,2.000876517591296,0.04219260834919008,3,2.137608846028646,0.026007727407859647,3,0.7043429954447396,0.040279774866212335,3,1.1344063814404974,0.024229222267881264,3,0.7907512326496029,0.0170322255857157,3,0.6796878333571709,0.04859608872342019,3,187.51852416992188,17.027918306321713,3,0.005291005291005266,0.004582144993568437,3,0.17285088617719638,0.015696000723059073,3,-0.8968253980080286,2.6073814578453374,3
random,29.0,2.0996908669627676,0.03948407234905252,3,0.8237180391663289,0.0896671533356975,3,0.4980198813532146,0.036324648167183164,3,2.0978110696280474,0.039476923861623194,3,2.2197216351826987,0.020581029895155145,3,0.8369410772415821,0.07106380675213847,3,0.4808201058201058,0.037723494340923126,3,1.9966348862415473,0.042711828448096976,3,2.135504961013794,0.0273580828268296,3,0.7145261400305153,0.04155048865309355,3,1.13809724382392,0.024910538017044043,3,0.7856304914604334,0.017764046187754904,3,0.6726968517360391,0.04890373844332831,3,186.9417978922526,16.770474472033396,3,0.005291005291005266,0.004582144993568437,3,0.1723192774022376,0.015458694157728948,3,-0.9841269850730896,2.543511541299127,3
random,30.0,2.0979298010545424,0.03930860120065299,3,0.8238767463939564,0.0904783359527721,3,0.49780944364277696,0.03190372421014399,3,2.0966376873931183,0.03957518446006859,3,2.219552437464396,0.020771551641884885,3,0.8375394219006479,0.08218037585729639,3,0.4779862113195447,0.034989018881429,3,1.9917234045571455,0.04248681506293649,3,2.1317888100941977,0.027499169748245664,3,0.7245058274477607,0.04281766688111875,3,1.1418758702463199,0.025574786957721026,3,0.7806166119575987,0.018487312779494502,3,0.6654483096012871,0.04951209787953588,3,187.21163940429688,19.674149885602606,3,0.002645502645502633,0.004582144993568437,3,0.17256801178318162,0.0181352455674676,3,-0.9523809850215912,2.406581678697092,3
random,31.0,2.096582485079697,0.03968191273513812,3,0.8253222472987151,0.09202002954491137,3,0.49296937630270965,0.035927324221605,3,2.0950870742349195,0.03975926251219629,3,2.218594948450724,0.020640855042568396,3,0.8406757163455044,0.0819934398035257,3,0.4794191919191919,0.03994066200308074,3,1.9875263565925778,0.04250132421557044,3,2.12898325920105,0.027405283582492054,3,0.734469880240332,0.044090169964097266,3,1.1455733715433392,0.02631514987770099,3,0.7755448428241113,0.01918732045785246,3,0.6576905051923879,0.05100007755357995,3,187.36243184407553,20.716446405430524,3,0.002645502645502633,0.004582144993568437,3,0.17270701040782685,0.01909601205869215,3,-0.8783068507909775,2.3116954770881533,3
random,32.0,2.0948147812042848,0.03968614510276623,3,0.8250313940101273,0.08970622545405368,3,0.48124098124098125,0.017695213787166448,3,2.0935071782688266,0.03985303046694319,3,2.218113581339518,0.020527195984539726,3,0.8408337953078737,0.07670192371402905,3,0.4825056116722783,0.046082915906884805,3,1.983576160700104,0.04260895025867154,3,2.127257982889811,0.027215560523994313,3,0.7443561105385608,0.045161787636943417,3,1.1492417660493663,0.027111327801074704,3,0.7704865380883484,0.019739625943390435,3,0.6510011994837747,0.05202343514735953,3,186.0899454752604,18.585480099391315,3,0.002645502645502633,0.004582144993568437,3,0.1715340571016104,0.017131726177735618,3,-0.9074074104428291,2.3713342062645864,3
random,33.0,2.093517564044762,0.04003422725879701,3,0.8217949942745446,0.08662100352716462,3,0.48828563411896747,0.023461908893941705,3,2.091970668670711,0.039749276392669175,3,2.217423915863037,0.02108281324778415,3,0.8430711997252782,0.07634304541094758,3,0.48925164341831007,0.04099069015288157,3,1.97971919816729,0.04260135844068226,3,2.125279267628988,0.02783229380956365,3,0.7539073301701601,0.046428375049395704,3,1.1530045383906995,0.02789038463251603,3,0.7656455302681477,0.020399047727715804,3,0.6447300569199137,0.05284119874156467,3,184.70899454752603,17.276835827653713,3,0.002645502645502633,0.004582144993568437,3,0.17026112232854393,0.015925444594882036,3,-0.7777777910232544,2.526316545250356,3
random,34.0,2.092191206608705,0.03942074762744024,3,0.8262628154991652,0.08640725722838244,3,0.4895181978515312,0.009728841038490432,3,2.0908039369189186,0.03994395030483027,3,2.217275698979696,0.02115535967475261,3,0.843817138120543,0.07381420476135653,3,0.48704705788039115,0.05015331172540802,3,1.9758862208444636,0.04232940117372241,3,2.123154878616333,0.02765433458444628,3,0.7631955028135115,0.04772485992617923,3,1.1567167721498937,0.028646893894067767,3,0.7609074071748138,0.02108564069758852,3,0.6381272804245884,0.053037232679535085,3,185.07142639160156,19.10972829357361,3,0.002645502645502633,0.004582144993568437,3,0.17059520674216477,0.0176149691819698,3,-0.7195766953130563,2.4337186558725423,3
random,35.0,2.090351181336675,0.039912217078962794,3,0.8260928746379698,0.08609038734370925,3,0.49137004970338305,0.020684240917746885,3,2.089431214318902,0.04003857983613307,3,2.2164780298868814,0.02087270967625544,3,0.8459758449387481,0.0768176049519517,3,0.4717031425364759,0.03743579203223436,3,1.971823703675043,0.042830295429840105,3,2.1204394499460855,0.02798304134565344,3,0.7722920477393395,0.04861104798423091,3,1.1604169556921802,0.029388155008384317,3,0.7562552001951873,0.021503566813039648,3,0.6306540580958964,0.053827144058367485,3,185.3015899658203,19.65987360060506,3,0.002645502645502633,0.004582144993568437,3,0.17080736253767592,0.018122085577546816,3,-0.6640211343765259,2.46428672817743,3
random,36.0,2.089728339814073,0.04023855247286597,3,0.8289165690328502,0.08400063540773749,3,0.502228635561969,0.02440934257291213,3,2.088330993211892,0.04014546534709728,3,2.2163458665211997,0.020469255880622934,3,0.8412235086122499,0.07652909772836372,3,0.46938832772166106,0.044863546508958276,3,1.9682385322354132,0.042985800913920895,3,2.1182385285695395,0.02804521885847234,3,0.781139592476429,0.049552488245099856,3,1.1640226336327553,0.030073927865777457,3,0.7517063355017326,0.021982816985746514,3,0.6237317245481756,0.0545410578942756,3,184.7724812825521,18.468195108945146,3,0.002645502645502633,0.004582144993568437,3,0.17031964806523667,0.017023619167167818,3,-0.7089947164058685,2.479664572578736,3
random,37.0,2.0883950384198013,0.040086792186488925,3,0.8273428917798823,0.08284122462639815,3,0.49316778900112235,0.018644144530836095,3,2.0874310496615323,0.04028690222516282,3,2.2151572704315186,0.021482506075769306,3,0.8484979904550206,0.07570149185453366,3,0.4931116722783389,0.0372160000449569,3,1.9650957325171001,0.04242852114844808,3,2.1162912050882974,0.02843258047049936,3,0.7899599127311682,0.05061370572492285,3,1.1676512325626236,0.03076725194503916,3,0.7471789120867051,0.022586738386011912,3,0.6178067579054428,0.055678033521800334,3,183.60581970214844,18.15329586663361,3,0.002645502645502633,0.004582144993568437,3,0.16924423765350807,0.016733348506948867,3,-0.5529100696245829,2.6221522481039248,3
random,38.0,2.0872435688767297,0.040714610776674626,3,0.8277140331467239,0.08769686546387846,3,0.49765512265512263,0.030990970429848688,3,2.0860531240513596,0.04062323747988639,3,2.2151712576548257,0.021718005757197636,3,0.8491669262249716,0.07986111589316718,3,0.47509820426487087,0.03374459333685002,3,1.96151191416788,0.042396199026781684,3,2.1148780981699624,0.028310333403162108,3,0.7987209448502147,0.051677033150666886,3,1.1713320378851046,0.031574191028530735,3,0.7426768080570741,0.02313740478202672,3,0.6120098029105502,0.055518111467300395,3,182.56878662109375,18.670100934469378,3,0.002645502645502633,0.004582144993568437,3,0.16828831728752716,0.017209733226234276,3,-0.619047592083613,2.560418788667463,3
random,39.0,2.0863238011566443,0.040458105199021606,3,0.828238515458418,0.08027693308612423,3,0.49204345037678365,0.02612074079004513,3,2.0849902335761676,0.04044931150298628,3,2.2152915795644126,0.02172652985163181,3,0.8530437416045005,0.08048506955791399,3,0.4862313612313612,0.020893349389467995,3,1.958156720359505,0.04246442898217904,3,2.1134086449941,0.02853944817440718,3,0.8075015721570101,0.0526755181900564,3,1.174954309113693,0.03223322591170709,3,0.7381005932524145,0.023686419078554646,3,0.6056067108554578,0.055903611033044184,3,183.17195638020834,18.24312978083662,3,0.002645502645502633,0.004582144993568437,3,0.16884431178610793,0.01681616091078724,3,-0.7619047438104948,2.484684776389973,3
random,40.0,2.085190651954349,0.040708336824508265,3,0.8287805925478026,0.08080625567703525,3,0.49688351771685096,0.028632504564756574,3,2.0838197627699517,0.04080089357226343,3,2.215041478474935,0.02128946160655583,3,0.8497133647835575,0.07923407759615962,3,0.4741161616161616,0.03255014330748895,3,1.9546534232004442,0.04227078270487672,3,2.1107390721639,0.028382001057970774,3,0.8158718695252771,0.05351842471959477,3,1.1785455259240554,0.03283671259186631,3,0.7337567171369499,0.024134276022828083,3,0.5996359283664686,0.05617264270799364,3,182.82274881998697,16.53154888804506,3,0.002645502645502633,0.004582144993568437,3,0.168522420234298,0.015238454890034836,3,-0.7301587065060934,2.617255263762558,3
random,41.0,2.0839574848586504,0.04075225566467259,3,0.8301726189025098,0.08383309446427374,3,0.48940997274330605,0.02917854631105737,3,2.08293652753343,0.040877926210198576,3,2.214447498321533,0.02148040965122825,3,0.8512227539501795,0.07947438727573768,3,0.47967171717171714,0.02624370923727694,3,1.9512046299237873,0.04205688964469934,3,2.1083994706471763,0.028704832231925288,3,0.8240856878768218,0.054424313125202683,3,1.1821923002445855,0.03343940261009577,3,0.7295409645914525,0.024627509254121795,3,0.5944323886564833,0.05648395939870824,3,183.338623046875,15.331549576623637,3,0.002645502645502633,0.004582144993568437,3,0.16899794184492622,0.014132326348232822,3,-0.5873015522956848,2.777777769735881,3
random,42.0,2.0826563448038717,0.04100870310213283,3,0.8338474432650581,0.07990173756778579,3,0.49800785634118966,0.027537556062803233,3,2.0817860997550732,0.04090898012358167,3,2.212878386179606,0.022096398828254427,3,0.8487144724514394,0.07783454505682684,3,0.4801346801346802,0.02793739693576714,3,1.9479248378718645,0.04100171892710491,3,2.106249968210856,0.02789435997448002,3,0.832246066618325,0.055576249831867736,3,1.1857819623179362,0.03395122327186806,3,0.72529646432349,0.025326288761242738,3,0.5890429127820263,0.057601885545901205,3,182.9788360595703,17.7852126728939,3,0.002645502645502633,0.004582144993568437,3,0.1686662960036676,0.01639406386819474,3,-0.3809524178504944,2.49043272110222,3
random,43.0,2.0817290346853636,0.040695490670442126,3,0.8299445204128669,0.08580920037153658,3,0.4959455667789001,0.02961301880115403,3,2.079273751461841,0.03802920992347608,3,2.2127064863840737,0.02132453335452569,3,0.8491510931754572,0.08313347469607599,3,0.4826599326599326,0.02779109254778128,3,1.9437991161833394,0.038971202917632806,3,2.104972998301188,0.027949653015011927,3,0.8405883891654033,0.05622963458114315,3,1.1896021949928124,0.03427553617224933,3,0.7209586844647529,0.02566330210422281,3,0.5835167294512731,0.05798888086819452,3,182.0,18.469530407025516,3,0.002645502645502633,0.004582144993568437,3,0.16776402422965495,0.01702484784446414,3,-0.449735422929128,2.482393660926466,3
random,44.0,2.077666101138344,0.03537185202773931,3,0.8378057884277278,0.06369948000169579,3,0.49021164021164015,0.03573230401010468,3,2.0738126835601465,0.030644680023074196,3,2.210634152094523,0.017215870315812513,3,0.8632742779574308,0.06605668160050078,3,0.48507094757094754,0.028106075294547523,3,1.940664655849021,0.038782518961525236,3,2.1039442221323648,0.029196653659492724,3,0.8493678826965144,0.05617792014638816,3,1.1936745942691651,0.03422755303569659,3,0.716312551024323,0.025539518430167538,3,0.5779665427253945,0.058028502442236694,3,184.6031748453776,10.321392774583439,3,0.002645502645502633,0.004582144993568437,3,0.1701635794340561,0.009514052803349712,3,-0.15608461697896323,2.2438058048380807,3
random,45.0,2.073422486249975,0.029777324342190322,3,0.8441882374471986,0.062180955012912,3,0.48253767837101175,0.03859581985713723,3,2.0720259479866314,0.029133628616280376,3,2.2095287640889487,0.016017079860976766,3,0.8613795781245578,0.06241947002581891,3,0.46920995670995674,0.03544831132604053,3,1.936877912990813,0.03777290404445796,3,2.102220137914022,0.028999661351374568,3,0.8584983986881353,0.05550973793182175,3,1.1979321794000468,0.03407148558961685,3,0.7114691398168363,0.024977858164722314,3,0.5718414734221086,0.058359539112744725,3,190.38888549804688,2.5664725239298374,3,0.002645502645502633,0.004582144993568437,3,0.17549673719017933,0.0023657269058151636,3,-0.43386244773864746,2.493053278463999,3
random,46.0,2.071728088495995,0.02844457439096749,3,0.8509868657788483,0.06159782820681185,3,0.48392857142857143,0.028908211442411454,3,2.0694827311215427,0.026626611326844383,3,2.2086331049601235,0.013104143978849224,3,0.8622157068504714,0.06051135875824503,3,0.47383958633958634,0.03872408584325131,3,1.9315151044574197,0.03237966477288292,3,2.098417361577352,0.026234635989825845,3,0.8676259445082644,0.05470357435099189,3,1.2020586498046852,0.03396576362086325,3,0.706622849314365,0.024389479182942538,3,0.5672664458601105,0.05857373242360082,3,188.55555725097656,3.8778725048948965,3,0.002645502645502633,0.004582144993568437,3,0.1738068065431773,0.003574542017486968,3,-0.25925925374031067,1.9546595232677715,3
random,47.0,2.0691389684627883,0.0260573270883257,3,0.8548450969523335,0.05835377071731884,3,0.4888768638768639,0.017531231378685255,3,2.0677046785392914,0.025249697013403644,3,2.2079164187113443,0.013165942745394564,3,0.8687264190681466,0.05554167542525247,3,0.48984487734487736,0.031785577489705605,3,1.926859828362982,0.028482098192013517,3,2.0951452255249023,0.024264474035915497,3,0.8765700886730512,0.053962060330177336,3,1.206173012188784,0.033910797707806986,3,0.7019036164295223,0.02383656446159537,3,0.563174414783556,0.05872579570948043,3,185.5714314778646,6.558439897732437,3,0.002645502645502633,0.004582144993568437,3,0.17105609691861992,0.006045438769726568,3,-0.1005290945370992,1.6997904980346519,3
random,48.0,2.067888312140075,0.02541255674598013,3,0.8557975287374671,0.05577968389924824,3,0.49912818662818664,0.014803874065545524,3,2.066626435508006,0.025018529092557255,3,2.2077205975850425,0.01276224278769027,3,0.8711769243034907,0.05166007939646766,3,0.5000962000962,0.03531811949650992,3,1.922910526847949,0.026377389652993462,3,2.093041102091471,0.023987145677865262,3,0.885225652837646,0.0534055142203273,3,1.2102045286369316,0.03400490980679802,3,0.6973509872362172,0.023353187177334735,3,0.558935542166831,0.058789555668731105,3,185.74603271484375,8.953434888235135,3,0.002645502645502633,0.004582144993568437,3,0.17121704269452487,0.008253101651054692,3,-0.08730157216389973,1.719641826689224,3
random,49.0,2.0665986810138155,0.024514093403441347,3,0.8555668715553044,0.05748008224575026,3,0.5065355940355941,0.01383553408314424,3,2.065238331626765,0.024053942950327815,3,2.2067490418752036,0.012158342531065498,3,0.8727868548737585,0.05323015688676465,3,0.48851010101010095,0.031481014693510924,3,1.9190458174895364,0.024983412574964434,3,2.0908520221710205,0.023145819175274883,3,0.893701651349447,0.05321499742997526,3,1.2142370013299362,0.03420352291399555,3,0.6929233725805021,0.023107698827668367,3,0.5538941914210616,0.05905620234890537,3,186.89153035481772,8.25626196882979,3,0.002645502645502633,0.004582144993568437,3,0.1722729445273559,0.007610460468735802,3,-0.034391562143961586,1.7773939755543133,3
random,50.0,2.065207532132007,0.02352919171820653,3,0.8550019635494034,0.050857553502402016,3,0.5007154882154882,0.006761754721313302,3,2.0643611517160427,0.02294414734589793,3,2.20703387260437,0.012439166299255788,3,0.8719948465616935,0.053166201133898264,3,0.4792508417508417,0.030634047374181936,3,1.9159912792212375,0.023936624073428475,3,2.090109427769979,0.022868717355092376,3,0.9020701963563175,0.053076572205895525,3,1.2183344276843384,0.03437204360445558,3,0.6886027762951974,0.02291306060395881,3,0.5492185793833394,0.059176780108804575,3,188.27513122558594,7.7436308329191,3,0.002645502645502633,0.004582144993568437,3,0.17354831787278455,0.0071379220802612435,3,-0.24603171646595,1.7951777414919787,3
random,51.0,2.064446951148842,0.022788051979758153,3,0.8595996951966797,0.04848136963111405,3,0.5007154882154882,0.013563451319073092,3,2.0634705731736065,0.022972484321039634,3,2.206944227218628,0.012094011238795064,3,0.8707426469639055,0.05227591688171783,3,0.48177609427609425,0.03440137320708633,3,1.9137646868799312,0.022703282896878937,3,2.089381138483683,0.02270085803582512,3,0.9103712278302546,0.05303570866091798,3,1.2223682667602382,0.034530442303020714,3,0.6842933102972578,0.022821171420051512,3,0.5447111987363223,0.05922993969982635,3,187.70105997721353,5.9410178961245395,3,0.002645502645502633,0.004582144993568437,3,0.1730191476701879,0.005476313089525457,3,-0.34920630790293217,1.8916879081559537,3
random,52.0,2.063546227779596,0.022910490026958805,3,0.8606138718316942,0.04633413876352922,3,0.49994388327721656,0.03009642289378091,3,2.062481272309523,0.022917628180306654,3,2.2067106564839682,0.012464093537401761,3,0.8679003480901909,0.049113611903173565,3,0.48341750841750836,0.023074162763098708,3,1.9107721956447836,0.02194654471821766,3,2.087274154027303,0.022757011926508842,3,0.9183363155563433,0.05321263324291435,3,1.2263166477088954,0.03476266605470058,3,0.6801910858630064,0.02286839915894022,3,0.5395492450818221,0.060233070818619915,3,187.12698364257812,6.535797654781698,3,0.002645502645502633,0.004582144993568437,3,0.17248997746759134,0.006024567421233662,3,-0.253968246281147,1.9124019672447663,3
random,53.0,2.062738228309312,0.022781141892556447,3,0.8602019952387078,0.04595480560210911,3,0.4979256854256853,0.02498275979554793,3,2.061221210421739,0.022402908100078615,3,2.206012725830078,0.012321897983205505,3,0.8696349293564505,0.04959006383525449,3,0.49082491582491583,0.027339793078928077,3,1.9074451187459889,0.02111363072340636,3,2.0846641063690186,0.022665304784725285,3,0.9263965697323906,0.05318436331490155,3,1.230246595569831,0.03506237653622542,3,0.6760123114730701,0.022747334856942147,3,0.534875123508658,0.06084311243149337,3,186.7328084309896,7.677130669120165,3,0.002645502645502633,0.004582144993568437,3,0.1721266301856241,0.0070766294349163235,3,-0.09523814916610718,1.7901532561473696,3
random,54.0,2.061462795604459,0.022182630077514424,3,0.8619124105876431,0.04459148399973686,3,0.49957912457912457,0.02869272947503867,3,2.060654978743929,0.022380539765872887,3,2.206597884496053,0.012330491695923916,3,0.8745267143261133,0.04842864385928072,3,0.4927869969536636,0.025689429722982316,3,1.9051831843725786,0.02025714250631023,3,2.083827495574951,0.02282813389371698,3,0.9342163487149486,0.0531896849003882,3,1.234099777420586,0.03524125611893017,3,0.6719456704469393,0.0227185189821413,3,0.5304954865581426,0.06090460635714529,3,187.2645517985026,5.883512821288279,3,0.002645502645502633,0.004582144993568437,3,0.17261678323042554,0.0054233021486240745,3,-0.16666669646898905,1.9387347325364883,3
random,55.0,2.060484417813028,0.022431234975796285,3,0.8601814419440146,0.043684939963123906,3,0.5042207792207792,0.031998120348908456,3,2.0595698983109822,0.022198793269055717,3,2.206464687983195,0.01339865346912839,3,0.8760967960983624,0.04654454025216244,3,0.488510101010101,0.031071842270227898,3,1.9028264658244531,0.019318236978479637,3,2.0823009808858237,0.02348822619515565,3,0.9416568351655199,0.05328469796772219,3,1.2378804247923083,0.03539499150532178,3,0.6681261325711016,0.022760861052878584,3,0.5255268155333176,0.06171989707954759,3,186.9047597249349,6.857860741217155,3,0.0,0.0,3,0.17228513738916687,0.006321439974993321,3,-0.2539683034022649,2.099307664245481,3
random,56.0,2.0619350883103076,0.03119271225451297,2,0.848792940713809,0.0656368633983232,2,0.47884499759499755,0.01351546691553658,2,2.061240050960941,0.03138897757827824,2,2.2125059366226196,0.010018305891039511,2,0.8669394162504751,0.06361714360681373,2,0.4747594997594997,0.018400421771136197,2,1.9071192193564779,0.020494824774730826,2,2.094426393508911,0.004511061489817539,2,0.9183102264001742,0.0011921720996091157,2,1.2210505556592481,0.0013134289225822183,2,0.6773548899853553,0.002803878663116269,2,0.5535745107436121,0.038589924536245226,2,183.99205780029297,9.41686564234201,2,0.0,0.0,2,0.16960026921838875,0.00868028252444203,2,-1.103174552321434,1.9192897834708844,2
random,57.0,2.06135293641312,0.030823784712651597,2,0.8543028897154578,0.06397312189507523,2,0.48231721981721976,0.018425930673776476,2,2.0602854992969926,0.03109221385592875,2,2.212410926818848,0.00831641614816961,2,0.8667733446412156,0.06582472818950638,2,0.46928511303511306,0.04208543787256867,2,1.9040000722863795,0.019360783656737244,2,2.092231273651123,0.0059022446654656,2,0.9256891200920219,0.0007711927974739436,2,1.224768297537033,0.0009725382196683591,2,0.6735599973084755,0.0027676409732479952,2,0.5498673514093778,0.03750527159397911,2,184.51983642578125,8.749043770065082,2,0.0,0.0,2,0.1700867644046469,0.008064696338262893,2,-1.0198412202298641,1.5994081265506233,2
random,58.0,2.060512933591557,0.03091593847048212,2,0.8541494560342756,0.0647751871337713,2,0.4843344155844156,0.015573185061846547,2,2.0596950053142806,0.03069748446316893,2,2.212088942527771,0.008540468794853522,2,0.8703512187032738,0.06953730473705567,2,0.4734517797017797,0.0361928813626808,2,1.9011722678982248,0.01786781112671174,2,2.0904157161712646,0.006887469396256259,2,0.9328838573298548,9.181585554401603e-05,2,1.2284900382926192,0.0006035635059232509,2,0.6698861931958973,0.0025368618870460057,2,0.5456380696223768,0.03695172798897977,2,185.42857360839844,7.138416452737125,2,0.0,0.0,2,0.1709244140110613,0.006580047301007272,2,-1.031746082007885,1.7733789849697006,2
random,59.0,2.059779466532184,0.030372064510926958,2,0.8521121150010049,0.06316644833563717,2,0.4719005531505531,0.02333639443201639,2,2.058421418814569,0.03075521447417482,2,2.2116613388061523,0.008028468879143654,2,0.8649336363822285,0.06706907576610252,2,0.47444384319384314,0.02777494349141227,2,1.8985970439886268,0.01680764683284375,2,2.089096784591675,0.008057803085706765,2,0.9396805645723627,0.00029011356081701234,2,1.2320845068594286,0.0004575015201175868,2,0.6664372458012935,0.0023907849561822475,2,0.5421211839441271,0.03579456231308441,2,184.01984405517578,7.054225256850946,2,0.0,0.0,2,0.1696258742281918,0.0065024524035897854,2,-0.9404762014746666,1.6667517150688382,2
random,60.0,2.0584204605237137,0.030051746721238976,2,0.853901575745793,0.06348630833439164,2,0.4642616642616642,0.02431848718366435,2,2.0566666669976894,0.028432430851837342,2,2.2100173234939575,0.005200752518850437,2,0.8722775255664117,0.06830729218821667,2,0.4744438431938431,0.017954015974932534,2,1.8952299370823136,0.014858683558973913,2,2.08790385723114,0.009564468626273734,2,0.9468680122195263,0.0010652682278900595,2,1.2358091931211548,0.00010870000488611965,2,0.6626761588234711,0.0019331850636991636,2,0.5372761401205781,0.03655035157113655,2,184.0,6.644555191926751,2,0.0,0.0,2,0.16960758493547534,0.006124823902824349,2,-0.861111082136631,1.498392904458161,2
random,61.0,2.054512552673353,0.024618774497541417,2,0.8859309491048233,0.01783738801976332,2,0.4868807118807118,0.029649847835467646,2,2.0494223939777445,0.0190209777736492,2,2.204064965248108,0.002953482556248939,2,0.901313314475303,0.019641186996624073,2,0.4684253246753247,0.04086951351338543,2,1.8925001618168644,0.014885824533492957,2,2.0868886709213257,0.01018554458593074,2,0.9547406856604217,0.00238670564784423,2,1.240017706450554,0.0008388610484256329,2,0.6582871439207427,0.0009029740321705214,2,0.5324839746226658,0.03629438977248125,2,195.78571319580078,9.113829127199116,2,0.0,0.0,2,0.18047142480905976,0.008400940893738886,2,-0.2539682546630502,0.32549359804445066,2
random,62.0,2.0496925550565868,0.019286875784674824,2,0.8861039673324336,0.01973069304668724,2,0.4882696007696007,0.010007992802508064,2,2.0473198155117527,0.017334326619211967,2,2.2027610540390015,0.0038968976133174193,2,0.9072309674132357,0.027896693644444803,2,0.4705898268398268,0.033038280402841874,2,1.8872859335397076,0.010444114268332595,2,2.084175229072571,0.01039459295454493,2,0.9631009065487586,0.0048846289000617086,2,1.2443444054701511,0.0022994327364283507,2,0.653401023310319,0.0010271726874711625,2,0.5290834067767491,0.03519437610246566,2,195.95237731933594,9.349527791063528,2,0.0,0.0,2,0.1806250548678781,0.00861820660650798,2,-0.1666666716337204,0.6173154703184227,2
random,63.0,2.0470483742154197,0.01648123711881068,2,0.8846022438413472,0.021020116847593886,2,0.4776875901875901,0.031520500695749555,2,2.045500451746988,0.01538592699596652,2,2.2031431198120117,0.001732066886403701,2,0.8989281329953209,0.021215526912191883,2,0.47953643578643573,0.026048841079425025,2,1.881471742656268,0.005259135116859968,2,2.081231474876404,0.011866360904545037,2,0.971125575882288,0.007407683653202468,2,1.2485962661353072,0.003366877445710459,2,0.6487832665530819,0.0031012434835449706,2,0.5247247920052209,0.035326496684878944,2,191.67459869384766,2.413146471348265,2,0.0,0.0,2,0.1766818833582067,0.0022243870593027714,2,-0.0079365074634552,0.8305698626061775,2
random,64.0,2.045440732919821,0.014825977024194553,2,0.8910685629648057,0.012438567957339088,2,0.48393759018759014,0.008932367407846037,2,2.044013085648443,0.01413241820571456,2,2.203595519065857,0.002288911048929633,2,0.9021282130843193,0.013225736457578432,2,0.47189754689754687,0.02417393673536976,2,1.8775153219597271,0.0029640330513394982,2,2.0799317359924316,0.012686875751355279,2,0.9795006963423667,0.009917737460818567,2,1.2528418241376436,0.004444163654475353,2,0.6439147949685979,0.005105057300480738,2,0.5195465113454871,0.036503612433857115,2,191.39285278320312,5.056370228493874,2,0.0,0.0,2,0.17642217540163285,0.004660866838213484,2,-0.2301587164402008,0.8081220296207903,2
random,65.0,2.0440165407686353,0.013884740835873184,2,0.8888632586732778,0.011379669584512813,2,0.4854918229918228,0.008043807299212027,2,2.0431069775825934,0.013803511018875354,2,2.2022868394851685,0.003079248752205761,2,0.9062771173119331,0.02240377607065102,2,0.4766744829244829,0.03051289904146122,2,1.8751889240516033,0.0014329741335580392,2,2.0795085430145264,0.012741835241813484,2,0.9877385554656641,0.012184644725421754,2,1.2571069583204855,0.005551890322650372,2,0.6392345783372955,0.006820281140130164,2,0.5147552711651667,0.037250697937273265,2,194.03174591064453,7.63226692395433,2,0.0,0.0,2,0.1788546513329236,0.007035270699190175,2,-0.2817460298538208,0.9259731738674977,2
random,66.0,2.0430789603218567,0.013746403997774399,2,0.8909427843770175,0.015112855514316641,2,0.4868807118807118,0.017864734815691837,2,2.0417559761393704,0.013031420942372822,2,2.2030887603759766,0.0037716371795427283,2,0.9122620928088867,0.02304965269210943,2,0.47204485329485324,0.0370601840524478,2,1.8722541901617986,0.00019730659031176433,2,2.078943133354187,0.014268731269666624,2,0.9951920168793351,0.013895187718308449,2,1.261166850249133,0.006451733875719034,2,0.635173544953281,0.008028758964937582,2,0.5116308452910899,0.0362477842463147,2,193.8531723022461,4.7308805698627,2,0.0,0.0,2,0.1786900476984754,0.004360833234865692,2,-0.44444444961845875,0.5836436971327394,2
random,67.0,2.051077219377081,,1,0.8796647235515563,,1,0.4985870610870611,,1,2.0494577560490463,,1,2.2021045684814453,,1,0.8956513936859327,,1,0.468157768157768,,1,1.8672286733702823,,1,2.065596580505371,,1,1.012989918552378,,1,1.2700777391135,,1,0.6250558597359789,,1,0.4822449297803369,,1,192.2857208251953,,1,0.0,,1,0.1772451935738741,,1,-0.8015872836112976,,1
random,68.0,2.049520578729101,,1,0.8824138716438417,,1,0.4971981721981722,,1,2.048223440700472,,1,2.2023351192474365,,1,0.8898209390888746,,1,0.4889911014911014,,1,1.864773529326854,,1,2.06545639038086,,1,1.0207744188847845,,1,1.2743201603767136,,1,0.6207678600193588,,1,0.4784620148199789,,1,190.1825408935547,,1,0.0,,1,0.175306528545928,,1,-0.89682537317276,,1
random,69.0,2.0483365522604595,,1,0.8868286402927944,,1,0.4833092833092832,,1,2.0474463317562503,,1,2.20002555847168,,1,0.8929762638049205,,1,0.4889911014911014,,1,1.8626880506229893,,1,2.0638344287872314,,1,1.0285870074124257,,1,1.2786298652039882,,1,0.6165214207126426,,1,0.4732477986895701,,1,193.64285278320312,,1,0.0,,1,0.1784961811956808,,1,-0.8015872836112976,,1
random,70.0,2.0477539627153982,,1,0.8925569851570532,,1,0.4911796536796536,,1,2.046299894172025,,1,2.200822114944458,,1,0.8937247014485193,,1,0.5101551226551225,,1,1.8611594871481605,,1,2.064793109893799,,1,1.0363542596401047,,1,1.2827738861045788,,1,0.6122925611473505,,1,0.4714956145803672,,1,193.26983642578125,,1,0.0,,1,0.1781523424926111,,1,-0.920634925365448,,1
random,71.0,2.04605791860111,,1,0.8909544210544892,,1,0.4888648388648389,,1,2.0452687623373613,,1,2.201098680496216,,1,0.8969476359214538,,1,0.5051948051948051,,1,1.8587259380419363,,1,2.0629971027374268,,1,1.0437126565328865,,1,1.286814745673615,,1,0.6083608496644083,,1,0.4693589933248241,,1,191.7142791748047,,1,0.0,,1,0.1767184619436397,,1,-0.6428571343421936,,1
random,72.0,2.0456616295799743,,1,0.8908701031392887,,1,0.4981240981240981,,1,2.0447348005390005,,1,2.201957941055298,,1,0.8964128734915301,,1,0.5254329004329004,,1,1.85699985359704,,1,2.0626866817474365,,1,1.0507474778138004,,1,1.2907498893455756,,1,0.6046333753033891,,1,0.4676623950115927,,1,190.3015899658203,,1,0.0,,1,0.1754162643022269,,1,-0.6428571343421936,,1
random,73.0,2.044930991125189,,1,0.8864541487233343,,1,0.4985870610870611,,1,2.0438858859510307,,1,2.202672004699707,,1,0.8941116752344497,,1,0.5135281385281384,,1,1.854007508176124,,1,2.061052799224853,,1,1.057919530459264,,1,1.2945860498614592,,1,0.6007164485869103,,1,0.4632772118691352,,1,188.59524536132807,,1,0.0,,1,0.1738433851286103,,1,-0.7063491940498352,,1
random,74.0,2.0439792631415203,,1,0.8812850939219267,,1,0.4819203944203944,,1,2.0428492548954056,,1,2.2029483318328857,,1,0.8913920803658982,,1,0.482046657046657,,1,1.8519856486591333,,1,2.0610523223876958,,1,1.0653552287170125,,1,1.2986101617328896,,1,0.5966504259619299,,1,0.4572975444407849,,1,188.95237731933597,,1,0.0,,1,0.1741725923975068,,1,-0.9444444179534912,,1
random,75.0,2.0428244751620004,,1,0.8804125867994196,,1,0.4819203944203944,,1,2.042160482291716,,1,2.2028980255126958,,1,0.8998672894459462,,1,0.4889911014911014,,1,1.8509012577660933,,1,2.0614233016967773,,1,1.0724340039164617,,1,1.3026002466313753,,1,0.5929018893062278,,1,0.4549393318224368,,1,190.6587371826172,,1,0.0,,1,0.1757454715711234,,1,-0.8888888955116272,,1
random,76.0,2.042187171630728,,1,0.8870721309589636,,1,0.4882335257335257,,1,2.0416598307696554,,1,2.201409101486206,,1,0.8978777515574518,,1,0.5051948051948051,,1,1.8490577066211404,,1,2.059972047805786,,1,1.0794289424878505,,1,1.306540498082899,,1,0.5891793632564505,,1,0.450986172872394,,1,192.7936553955078,,1,0.0,,1,0.1777133994674158,,1,-0.7063491940498352,,1
random,77.0,2.0416482410004133,,1,0.8854695668563997,,1,0.4749759499759499,,1,2.0409747647336345,,1,2.2018539905548096,,1,0.9043895070730024,,1,0.5051948051948051,,1,1.846848512885903,,1,2.059902667999268,,1,1.086475309802921,,1,1.3104154649496116,,1,0.5854020212958654,,1,0.4467570728366214,,1,190.9365081787109,,1,0.0,,1,0.176001521669154,,1,-0.8095238208770752,,1
random,78.0,2.0411173394542965,,1,0.884770932701883,,1,0.4763648388648389,,1,2.0402144679924707,,1,2.2040555477142334,,1,0.8957142393370137,,1,0.4751022126022126,,1,1.8445927795157373,,1,2.05904221534729,,1,1.0934919850991034,,1,1.3143101850654972,,1,0.5816432940943028,,1,0.4403357199600999,,1,187.484130859375,,1,0.0,,1,0.1728191847364878,,1,-1.2380952835083008,,1
random,79.0,2.040193479771048,,1,0.8815658044967548,,1,0.4763648388648389,,1,2.039152054286044,,1,2.204087972640991,,1,0.8988267208887741,,1,0.4889911014911014,,1,1.8429433938353077,,1,2.0585567951202397,,1,1.0999871532460008,,1,1.3183615428891142,,1,0.5784338229269765,,1,0.4380131697478962,,1,188.3492126464844,,1,0.0,,1,0.173616597898926,,1,-1.1428571939468384,,1
random,80.0,2.039438217724457,,1,0.8889025105466962,,1,0.4763648388648389,,1,2.0387521772909905,,1,2.2034945487976074,,1,0.8974420217099572,,1,0.5051948051948051,,1,1.8415650732545967,,1,2.058504581451416,,1,1.1068217084035432,,1,1.322271543031596,,1,0.5748452673264858,,1,0.4346709492850742,,1,190.5476226806641,,1,0.0,,1,0.1756430515319111,,1,-1.1190476417541504,,1
random,81.0,2.0389276683433124,,1,0.8859900144435771,,1,0.4763648388648389,,1,2.038014865372965,,1,2.20318865776062,,1,0.901514892931785,,1,0.4982503607503606,,1,1.840618301792112,,1,2.058285713195801,,1,1.1135422144363822,,1,1.3262551942373475,,1,0.5713794043447852,,1,0.4299598870902146,,1,189.9761962890625,,1,0.0,,1,0.1751163199016767,,1,-1.1746032238006592,,1
random,82.0,2.037894929747984,,1,0.8904457204232394,,1,0.4763648388648389,,1,2.037195625485734,,1,2.2052273750305176,,1,0.903117457034349,,1,0.4982503607503606,,1,1.839335911040052,,1,2.058478116989136,,1,1.1199254080036305,,1,1.3302512298561535,,1,0.5682403922361049,,1,0.4281049626851901,,1,187.3809509277344,,1,0.0,,1,0.1727240804143622,,1,-1.2619047164916992,,1
random,83.0,2.0379130676157917,,1,0.8893892296502747,,1,0.4833092833092833,,1,2.03670276524483,,1,2.2061214447021484,,1,0.900678572740626,,1,0.4876022126022126,,1,1.8378457506018948,,1,2.058436393737793,,1,1.1265662770950384,,1,1.334164872199479,,1,0.5647984979768755,,1,0.4228227123470783,,1,188.76190185546875,,1,0.0,,1,0.1739970151874286,,1,-1.5158730745315552,,1
