seed,sample_index,scale,gap_ms,gap_steps,stroke_index,layer,state,corr_mean,context_sensitivity,count
11,1,stroke,50,3,0,L1,spike50,0.7206761743640689,0.27932382563593106,16
11,1,stroke,50,3,0,L1,syn_current,0.9314349905413726,0.06856500945862742,16
11,1,stroke,50,3,0,L1,pre_reset,0.91728471571765,0.08271528428234998,16
11,1,stroke,50,3,0,L2,spike50,0.03146707154687715,0.9685329284531229,14
11,1,stroke,50,3,0,L2,syn_current,0.141869771202257,0.858130228797743,16
11,1,stroke,50,3,0,L2,pre_reset,0.0550166885592323,0.9449833114407677,16
11,1,stroke,50,3,1,L1,spike50,0.8928743922197674,0.10712560778023261,47
11,1,stroke,50,3,1,L1,syn_current,0.973863918867567,0.026136081132433042,48
11,1,stroke,50,3,1,L1,pre_reset,0.9648320535780054,0.03516794642199461,48
11,1,stroke,50,3,1,L2,spike50,0.7962413900927013,0.20375860990729866,46
11,1,stroke,50,3,1,L2,syn_current,0.8802121250197622,0.1197878749802378,47
11,1,stroke,50,3,1,L2,pre_reset,0.8746884625862489,0.12531153741375112,47
11,2,stroke,50,3,0,L1,spike50,0.802491614973112,0.19750838502688794,13
11,2,stroke,50,3,0,L1,syn_current,0.9490104065813452,0.05098959341865483,15
11,2,stroke,50,3,0,L1,pre_reset,0.9383646490563711,0.06163535094362893,15
11,2,stroke,50,3,0,L2,spike50,0.6841122663043783,0.31588773369562173,13
11,2,stroke,50,3,0,L2,syn_current,0.8588377361310179,0.14116226386898212,13
11,2,stroke,50,3,0,L2,pre_reset,0.8297155023763457,0.17028449762365427,13
11,2,stroke,50,3,1,L1,spike50,0.7248868189031342,0.2751131810968658,14
11,2,stroke,50,3,1,L1,syn_current,0.9249213316945618,0.07507866830543819,14
11,2,stroke,50,3,1,L1,pre_reset,0.8970057721557225,0.10299422784427748,14
11,2,stroke,50,3,1,L2,spike50,0.6651482566606057,0.33485174333939427,12
11,2,stroke,50,3,1,L2,syn_current,0.6987787782396272,0.3012212217603728,14
11,2,stroke,50,3,1,L2,pre_reset,0.6703974119681801,0.32960258803181985,14
11,3,stroke,50,3,0,L1,spike50,0.7484901484344559,0.25150985156554406,13
11,3,stroke,50,3,0,L1,syn_current,0.88922522754721,0.11077477245279,17
11,3,stroke,50,3,0,L1,pre_reset,0.8711300586329888,0.12886994136701124,17
11,3,stroke,50,3,0,L2,spike50,0.270854210262771,0.729145789737229,12
11,3,stroke,50,3,0,L2,syn_current,0.5397676447145413,0.4602323552854587,13
11,3,stroke,50,3,0,L2,pre_reset,0.5209243623219246,0.4790756376780754,13
11,3,stroke,50,3,1,L1,spike50,0.880055407331851,0.11994459266814905,29
11,3,stroke,50,3,1,L1,syn_current,0.9639322182641469,0.03606778173585312,34
11,3,stroke,50,3,1,L1,pre_reset,0.9512357777450187,0.04876422225498134,34
11,3,stroke,50,3,1,L2,spike50,0.6508809000384567,0.34911909996154333,28
11,3,stroke,50,3,1,L2,syn_current,0.8100774479614304,0.18992255203856956,29
11,3,stroke,50,3,1,L2,pre_reset,0.7900269117440857,0.20997308825591432,29
11,3,stroke,50,3,2,L1,spike50,0.9250547358619414,0.07494526413805858,16
11,3,stroke,50,3,2,L1,syn_current,0.9728725404299005,0.027127459570099544,16
11,3,stroke,50,3,2,L1,pre_reset,0.9532666272653394,0.046733372734660605,16
11,3,stroke,50,3,2,L2,spike50,0.6639968387970291,0.3360031612029709,16
11,3,stroke,50,3,2,L2,syn_current,0.6779696930600412,0.3220303069399588,16
11,3,stroke,50,3,2,L2,pre_reset,0.6449762998238995,0.3550237001761005,16
11,4,stroke,50,3,0,L1,spike50,0.8050937075949789,0.1949062924050211,36
11,4,stroke,50,3,0,L1,syn_current,0.9579388819564136,0.042061118043586365,39
11,4,stroke,50,3,0,L1,pre_reset,0.9493864009525993,0.050613599047400704,39
11,4,stroke,50,3,0,L2,spike50,0.45400557699820376,0.5459944230017962,32
11,4,stroke,50,3,0,L2,syn_current,0.46417397946864664,0.5358260205313534,36
11,4,stroke,50,3,0,L2,pre_reset,0.43676057481502656,0.5632394251849735,36
11,4,stroke,50,3,1,L1,spike50,0.8792559871736018,0.12074401282639824,36
11,4,stroke,50,3,1,L1,syn_current,0.9879147212611434,0.012085278738856564,36
11,4,stroke,50,3,1,L1,pre_reset,0.979988996455199,0.02001100354480101,36
11,4,stroke,50,3,1,L2,spike50,0.7340294977789297,0.2659705022210703,35
11,4,stroke,50,3,1,L2,syn_current,0.8392270804894469,0.16077291951055306,36
11,4,stroke,50,3,1,L2,pre_reset,0.8245875678953158,0.17541243210468416,36
11,6,stroke,50,3,0,L1,spike50,0.8753997007061228,0.12460029929387717,13
11,6,stroke,50,3,0,L1,syn_current,0.9802412387780041,0.019758761221995935,14
11,6,stroke,50,3,0,L1,pre_reset,0.9680155668567523,0.031984433143247726,14
11,6,stroke,50,3,0,L2,spike50,0.6437648871332369,0.3562351128667631,13
11,6,stroke,50,3,0,L2,syn_current,0.868287656584648,0.13171234341535198,13
11,6,stroke,50,3,0,L2,pre_reset,0.8475865341431982,0.15241346585680182,13
11,6,stroke,50,3,1,L1,spike50,0.6308428773702565,0.36915712262974354,20
11,6,stroke,50,3,1,L1,syn_current,0.9459189621983441,0.05408103780165585,22
11,6,stroke,50,3,1,L1,pre_reset,0.928051413314235,0.07194858668576498,22
11,6,stroke,50,3,1,L2,spike50,0.4337846271502799,0.5662153728497201,17
11,6,stroke,50,3,1,L2,syn_current,0.6068306635759446,0.3931693364240554,20
11,6,stroke,50,3,1,L2,pre_reset,0.5723546962517749,0.42764530374822507,20
11,6,stroke,50,3,2,L1,spike50,0.9226698301773304,0.0773301698226696,19
11,6,stroke,50,3,2,L1,syn_current,0.9857833186950821,0.014216681304917933,19
11,6,stroke,50,3,2,L1,pre_reset,0.9742560845259345,0.025743915474065515,19
11,6,stroke,50,3,2,L2,spike50,0.8631306070553436,0.1368693929446564,19
11,6,stroke,50,3,2,L2,syn_current,0.9374421597863336,0.0625578402136664,19
11,6,stroke,50,3,2,L2,pre_reset,0.9421718406850922,0.05782815931490781,19
11,7,stroke,50,3,0,L1,spike50,0.7446090003855643,0.2553909996144357,19
11,7,stroke,50,3,0,L1,syn_current,0.9577131149927635,0.04228688500723654,19
11,7,stroke,50,3,0,L1,pre_reset,0.9481169736304308,0.05188302636956921,19
11,7,stroke,50,3,0,L2,spike50,0.11929572093928474,0.8807042790607152,17
11,7,stroke,50,3,0,L2,syn_current,0.06287123961175908,0.9371287603882409,19
11,7,stroke,50,3,0,L2,pre_reset,-0.0019042576721871244,1.001904257672187,19
11,7,stroke,50,3,1,L1,spike50,0.8555469404655629,0.1444530595344371,33
11,7,stroke,50,3,1,L1,syn_current,0.9703092762638048,0.02969072373619519,37
11,7,stroke,50,3,1,L1,pre_reset,0.9636752370094244,0.03632476299057563,37
11,7,stroke,50,3,1,L2,spike50,0.6457039651791133,0.3542960348208867,32
11,7,stroke,50,3,1,L2,syn_current,0.7786498987431151,0.22135010125688492,33
11,7,stroke,50,3,1,L2,pre_reset,0.7433412859737801,0.25665871402621987,33
11,8,stroke,50,3,0,L1,spike50,0.849754111620285,0.15024588837971498,12
11,8,stroke,50,3,0,L1,syn_current,0.93315649189579,0.06684350810421003,16
11,8,stroke,50,3,0,L1,pre_reset,0.9224484072720825,0.07755159272791745,16
11,8,stroke,50,3,0,L2,spike50,0.5030861961041461,0.49691380389585393,12
11,8,stroke,50,3,0,L2,syn_current,0.8165867264110988,0.18341327358890125,12
11,8,stroke,50,3,0,L2,pre_reset,0.7912134466248771,0.20878655337512286,12
11,8,stroke,50,3,1,L1,spike50,0.9579516514981278,0.042048348501872224,15
11,8,stroke,50,3,1,L1,syn_current,0.9970389943883792,0.002961005611620826,15
11,8,stroke,50,3,1,L1,pre_reset,0.9883262325238313,0.011673767476168662,15
11,8,stroke,50,3,1,L2,spike50,0.8201262814998761,0.1798737185001239,15
11,8,stroke,50,3,1,L2,syn_current,0.9350035519807438,0.06499644801925619,15
11,8,stroke,50,3,1,L2,pre_reset,0.9369526958569327,0.06304730414306725,15
11,8,stroke,50,3,2,L1,spike50,0.8314166472810338,0.16858335271896618,23
11,8,stroke,50,3,2,L1,syn_current,0.9704985392566008,0.02950146074339921,25
11,8,stroke,50,3,2,L1,pre_reset,0.9566726865661732,0.043327313433826786,25
11,8,stroke,50,3,2,L2,spike50,0.7725424969354729,0.22745750306452706,21
11,8,stroke,50,3,2,L2,syn_current,0.8468708803982005,0.15312911960179953,23
11,8,stroke,50,3,2,L2,pre_reset,0.8486036428506181,0.15139635714938193,23
11,9,stroke,50,3,0,L1,spike50,0.802061240976623,0.197938759023377,17
11,9,stroke,50,3,0,L1,syn_current,0.9824665660408122,0.017533433959187827,18
11,9,stroke,50,3,0,L1,pre_reset,0.9660977497103994,0.03390225028960059,18
11,9,stroke,50,3,0,L2,spike50,0.7170687078579702,0.28293129214202983,16
11,9,stroke,50,3,0,L2,syn_current,0.8558152836785163,0.14418471632148366,17
11,9,stroke,50,3,0,L2,pre_reset,0.8436495717766184,0.15635042822338163,17
11,9,stroke,50,3,1,L1,spike50,0.9787744396269737,0.021225560373026253,23
11,9,stroke,50,3,1,L1,syn_current,0.9995087524144656,0.0004912475855344267,23
11,9,stroke,50,3,1,L1,pre_reset,0.9951284533009234,0.004871546699076634,23
11,9,stroke,50,3,1,L2,spike50,0.9491845719501961,0.05081542804980388,23
11,9,stroke,50,3,1,L2,syn_current,0.9826773293200636,0.017322670679936425,23
11,9,stroke,50,3,1,L2,pre_reset,0.9815377930782588,0.018462206921741164,23
11,9,stroke,50,3,2,L1,spike50,0.5039625604466932,0.4960374395533068,10
11,9,stroke,50,3,2,L1,syn_current,0.8559344192407485,0.14406558075925147,14
11,9,stroke,50,3,2,L1,pre_reset,0.8334406613215506,0.1665593386784494,14
11,9,stroke,50,3,2,L2,spike50,-0.011868350230349028,1.011868350230349,7
11,9,stroke,50,3,2,L2,syn_current,-0.01558876330336915,1.0155887633033691,10
11,9,stroke,50,3,2,L2,pre_reset,-0.018100475301717718,1.0181004753017178,10
11,10,stroke,50,3,0,L1,spike50,0.8738614773454524,0.1261385226545476,18
11,10,stroke,50,3,0,L1,syn_current,0.9806285587906245,0.019371441209375506,21
11,10,stroke,50,3,0,L1,pre_reset,0.9700015874161417,0.02999841258385827,21
11,10,stroke,50,3,0,L2,spike50,0.6303197803434638,0.3696802196565362,17
11,10,stroke,50,3,0,L2,syn_current,0.7766164334748106,0.22338356652518943,18
11,10,stroke,50,3,0,L2,pre_reset,0.7393768165389615,0.2606231834610385,18
11,10,stroke,50,3,1,L1,spike50,0.8659077792775671,0.13409222072243288,49
11,10,stroke,50,3,1,L1,syn_current,0.9764386257947105,0.023561374205289476,49
11,10,stroke,50,3,1,L1,pre_reset,0.9608464376351609,0.039153562364839134,49
11,10,stroke,50,3,1,L2,spike50,0.7537416604182293,0.24625833958177068,48
11,10,stroke,50,3,1,L2,syn_current,0.842162431360508,0.15783756863949205,49
11,10,stroke,50,3,1,L2,pre_reset,0.8250930146590802,0.17490698534091975,49
11,11,stroke,50,3,0,L1,spike50,0.8203404253534652,0.17965957464653481,21
11,11,stroke,50,3,0,L1,syn_current,0.980101600414296,0.019898399585704052,21
11,11,stroke,50,3,0,L1,pre_reset,0.9697160059610084,0.030283994038991624,21
11,11,stroke,50,3,0,L2,spike50,0.7278342818502167,0.2721657181497833,21
11,11,stroke,50,3,0,L2,syn_current,0.8459943385387961,0.15400566146120387,21
11,11,stroke,50,3,0,L2,pre_reset,0.8379834792409097,0.16201652075909034,21
11,11,stroke,50,3,1,L1,spike50,0.798411419284834,0.20158858071516605,13
11,11,stroke,50,3,1,L1,syn_current,0.967986772391822,0.03201322760817804,15
11,11,stroke,50,3,1,L1,pre_reset,0.9571275468899374,0.0428724531100626,15
11,11,stroke,50,3,1,L2,spike50,0.514392994650239,0.485607005349761,13
11,11,stroke,50,3,1,L2,syn_current,0.696584229344543,0.303415770655457,13
11,11,stroke,50,3,1,L2,pre_reset,0.6425475048606989,0.3574524951393011,13
11,12,stroke,50,3,0,L1,spike50,0.8398026612712425,0.16019733872875752,37
11,12,stroke,50,3,0,L1,syn_current,0.9577795621693129,0.042220437830687074,41
11,12,stroke,50,3,0,L1,pre_reset,0.9485155835174783,0.05148441648252167,41
11,12,stroke,50,3,0,L2,spike50,0.5098233645425878,0.4901766354574122,36
11,12,stroke,50,3,0,L2,syn_current,0.6203078551737261,0.3796921448262739,37
11,12,stroke,50,3,0,L2,pre_reset,0.5916664186289421,0.4083335813710579,37
11,12,stroke,50,3,1,L1,spike50,0.8995117005091428,0.10048829949085725,39
11,12,stroke,50,3,1,L1,syn_current,0.9875931698983155,0.01240683010168453,39
11,12,stroke,50,3,1,L1,pre_reset,0.9794165015793311,0.020583498420668866,39
11,12,stroke,50,3,1,L2,spike50,0.7647136961825617,0.2352863038174383,39
11,12,stroke,50,3,1,L2,syn_current,0.8572833228321747,0.14271667716782532,39
11,12,stroke,50,3,1,L2,pre_reset,0.8371240570532004,0.16287594294679963,39
11,13,stroke,50,3,0,L1,spike50,0.7906414187302261,0.2093585812697739,17
11,13,stroke,50,3,0,L1,syn_current,0.9706966340392912,0.029303365960708816,17
11,13,stroke,50,3,0,L1,pre_reset,0.9571560012124832,0.04284399878751677,17
11,13,stroke,50,3,0,L2,spike50,0.6883603559733257,0.3116396440266743,16
11,13,stroke,50,3,0,L2,syn_current,0.8400390879115699,0.1599609120884301,17
11,13,stroke,50,3,0,L2,pre_reset,0.8289702455764513,0.17102975442354873,17
11,13,stroke,50,3,1,L1,spike50,0.8159282663004207,0.1840717336995793,15
11,13,stroke,50,3,1,L1,syn_current,0.9486782189508985,0.051321781049101456,15
11,13,stroke,50,3,1,L1,pre_reset,0.9326939925595792,0.06730600744042081,15
11,13,stroke,50,3,1,L2,spike50,0.3240548083528757,0.6759451916471243,15
11,13,stroke,50,3,1,L2,syn_current,0.5340855211129528,0.4659144788870472,15
11,13,stroke,50,3,1,L2,pre_reset,0.5235849372791297,0.4764150627208703,15
11,13,stroke,50,3,2,L1,spike50,0.762605444034307,0.23739455596569303,22
11,13,stroke,50,3,2,L1,syn_current,0.9430446162910013,0.056955383708998664,25
11,13,stroke,50,3,2,L1,pre_reset,0.9287483388009337,0.07125166119906634,25
11,13,stroke,50,3,2,L2,spike50,0.5250389721778719,0.4749610278221281,17
11,13,stroke,50,3,2,L2,syn_current,0.6217253473698503,0.3782746526301497,22
11,13,stroke,50,3,2,L2,pre_reset,0.6098633299905878,0.3901366700094122,22
11,14,stroke,50,3,0,L1,spike50,0.6553885617736003,0.3446114382263997,13
11,14,stroke,50,3,0,L1,syn_current,0.9028614284761186,0.09713857152388139,14
11,14,stroke,50,3,0,L1,pre_reset,0.8705752249435211,0.12942477505647887,14
11,14,stroke,50,3,0,L2,spike50,0.34679568663433996,0.65320431336566,12
11,14,stroke,50,3,0,L2,syn_current,0.42656616922782487,0.5734338307721751,13
11,14,stroke,50,3,0,L2,pre_reset,0.3892079340919592,0.6107920659080408,13
11,14,stroke,50,3,1,L1,spike50,0.9272570297904099,0.07274297020959009,37
11,14,stroke,50,3,1,L1,syn_current,0.9896386675858474,0.010361332414152602,37
11,14,stroke,50,3,1,L1,pre_reset,0.9838602753163125,0.016139724683687517,37
11,14,stroke,50,3,1,L2,spike50,0.7519288945173523,0.24807110548264766,37
11,14,stroke,50,3,1,L2,syn_current,0.8403734969883498,0.15962650301165016,37
11,14,stroke,50,3,1,L2,pre_reset,0.830829475149313,0.16917052485068695,37
11,14,stroke,50,3,2,L1,spike50,0.60509530263976,0.39490469736024003,13
11,14,stroke,50,3,2,L1,syn_current,0.8708643230871402,0.12913567691285976,14
11,14,stroke,50,3,2,L1,pre_reset,0.8432939459868093,0.1567060540131907,14
11,14,stroke,50,3,2,L2,spike50,0.08135388230087745,0.9186461176991225,13
11,14,stroke,50,3,2,L2,syn_current,-0.0399547490275706,1.0399547490275707,13
11,14,stroke,50,3,2,L2,pre_reset,-0.06532336422470635,1.0653233642247064,13
11,15,stroke,50,3,0,L1,spike50,0.7842140144394416,0.2157859855605584,16
11,15,stroke,50,3,0,L1,syn_current,0.9448076101399151,0.0551923898600849,20
11,15,stroke,50,3,0,L1,pre_reset,0.9365053175808227,0.06349468241917733,20
11,15,stroke,50,3,0,L2,spike50,0.04038127777593136,0.9596187222240686,12
11,15,stroke,50,3,0,L2,syn_current,0.26221651347408637,0.7377834865259136,16
11,15,stroke,50,3,0,L2,pre_reset,0.22594689362830273,0.7740531063716973,16
11,15,stroke,50,3,1,L1,spike50,0.9040883535788375,0.09591164642116246,34
11,15,stroke,50,3,1,L1,syn_current,0.9821257382160137,0.017874261783986323,37
11,15,stroke,50,3,1,L1,pre_reset,0.9748412837233654,0.025158716276634574,37
11,15,stroke,50,3,1,L2,spike50,0.7118669547492855,0.2881330452507145,31
11,15,stroke,50,3,1,L2,syn_current,0.815001559894623,0.18499844010537703,34
11,15,stroke,50,3,1,L2,pre_reset,0.7978629663214823,0.20213703367851765,34
11,17,stroke,50,3,0,L1,spike50,0.9598838939076338,0.040116106092366155,1
11,17,stroke,50,3,0,L1,syn_current,0.9623161986533364,0.037683801346663603,12
11,17,stroke,50,3,0,L1,pre_reset,0.9475198407086748,0.05248015929132521,12
11,17,stroke,50,3,0,L2,spike50,,,0
11,17,stroke,50,3,0,L2,syn_current,0.645134817336376,0.354865182663624,1
11,17,stroke,50,3,0,L2,pre_reset,0.6552389750647265,0.3447610249352735,1
11,17,stroke,50,3,1,L1,spike50,0.7508823888575837,0.24911761114241626,12
11,17,stroke,50,3,1,L1,syn_current,0.9555104824260316,0.04448951757396835,20
11,17,stroke,50,3,1,L1,pre_reset,0.9427514716077073,0.057248528392292664,20
11,17,stroke,50,3,1,L2,spike50,0.5064748286277371,0.4935251713722629,10
11,17,stroke,50,3,1,L2,syn_current,0.8650003412217786,0.1349996587782214,12
11,17,stroke,50,3,1,L2,pre_reset,0.8082106467890325,0.19178935321096746,12
11,17,stroke,50,3,2,L1,spike50,0.8842451838460613,0.11575481615393868,14
11,17,stroke,50,3,2,L1,syn_current,0.9735105496795391,0.026489450320460906,14
11,17,stroke,50,3,2,L1,pre_reset,0.9543240248455085,0.04567597515449151,14
11,17,stroke,50,3,2,L2,spike50,0.7720250305843077,0.22797496941569229,14
11,17,stroke,50,3,2,L2,syn_current,0.8920510068287234,0.1079489931712766,14
11,17,stroke,50,3,2,L2,pre_reset,0.8904668341575306,0.10953316584246942,14
11,18,stroke,50,3,0,L1,spike50,0.7624312376327804,0.23756876236721958,18
11,18,stroke,50,3,0,L1,syn_current,0.9660354698242499,0.033964530175750074,18
11,18,stroke,50,3,0,L1,pre_reset,0.9560827258533148,0.043917274146685226,18
11,18,stroke,50,3,0,L2,spike50,0.07193695109627436,0.9280630489037256,17
11,18,stroke,50,3,0,L2,syn_current,0.051299075179721404,0.9487009248202786,18
11,18,stroke,50,3,0,L2,pre_reset,-0.03356911245948383,1.033569112459484,18
11,18,stroke,50,3,1,L1,spike50,0.92642054921473,0.07357945078526995,64
11,18,stroke,50,3,1,L1,syn_current,0.9900017284989194,0.009998271501080569,64
11,18,stroke,50,3,1,L1,pre_reset,0.98140882278267,0.018591177217329946,64
11,18,stroke,50,3,1,L2,spike50,0.8262910555792699,0.17370894442073015,64
11,18,stroke,50,3,1,L2,syn_current,0.9130002577440958,0.08699974225590423,64
11,18,stroke,50,3,1,L2,pre_reset,0.9145753903270418,0.08542460967295817,64
11,19,stroke,50,3,0,L1,spike50,0.8344302279754542,0.1655697720245458,17
11,19,stroke,50,3,0,L1,syn_current,0.961487465131428,0.03851253486857198,19
11,19,stroke,50,3,0,L1,pre_reset,0.9501302341541616,0.049869765845838354,19
11,19,stroke,50,3,0,L2,spike50,0.657021761594408,0.34297823840559205,16
11,19,stroke,50,3,0,L2,syn_current,0.8720285352754825,0.12797146472451748,17
11,19,stroke,50,3,0,L2,pre_reset,0.8435540971589888,0.15644590284101123,17
11,19,stroke,50,3,1,L1,spike50,0.7601885860523012,0.23981141394769878,24
11,19,stroke,50,3,1,L1,syn_current,0.9433829887773658,0.056617011222634184,24
11,19,stroke,50,3,1,L1,pre_reset,0.9278447482314386,0.07215525176856141,24
11,19,stroke,50,3,1,L2,spike50,0.2851453389891709,0.7148546610108291,24
11,19,stroke,50,3,1,L2,syn_current,0.44387441291632657,0.5561255870836734,24
11,19,stroke,50,3,1,L2,pre_reset,0.43622785158243543,0.5637721484175646,24
11,20,stroke,50,3,0,L1,spike50,0.8282294064759813,0.1717705935240187,16
11,20,stroke,50,3,0,L1,syn_current,0.917547313748579,0.08245268625142099,19
11,20,stroke,50,3,0,L1,pre_reset,0.9044557606742855,0.09554423932571454,19
11,20,stroke,50,3,0,L2,spike50,0.41351256490948696,0.586487435090513,13
11,20,stroke,50,3,0,L2,syn_current,0.6178806835679499,0.3821193164320501,16
11,20,stroke,50,3,0,L2,pre_reset,0.5808495223966135,0.41915047760338653,16
11,20,stroke,50,3,1,L1,spike50,0.8417330683841271,0.1582669316158729,46
11,20,stroke,50,3,1,L1,syn_current,0.9684747749151483,0.03152522508485167,47
11,20,stroke,50,3,1,L1,pre_reset,0.954649442878023,0.045350557121977,47
11,20,stroke,50,3,1,L2,spike50,0.6679976371413128,0.3320023628586872,46
11,20,stroke,50,3,1,L2,syn_current,0.7644093611959902,0.23559063880400977,46
11,20,stroke,50,3,1,L2,pre_reset,0.7539176174218588,0.2460823825781412,46
11,23,stroke,50,3,0,L1,spike50,0.8017476547788411,0.19825234522115887,21
11,23,stroke,50,3,0,L1,syn_current,0.9724209007603437,0.02757909923965629,22
11,23,stroke,50,3,0,L1,pre_reset,0.9652050614945487,0.034794938505451345,22
11,23,stroke,50,3,0,L2,spike50,0.6064460796654335,0.3935539203345665,21
11,23,stroke,50,3,0,L2,syn_current,0.8065397758461346,0.19346022415386543,21
11,23,stroke,50,3,0,L2,pre_reset,0.7687281227449722,0.23127187725502785,21
11,23,stroke,50,3,1,L1,spike50,0.8967083748472492,0.10329162515275081,45
11,23,stroke,50,3,1,L1,syn_current,0.9823844233238404,0.01761557667615965,46
11,23,stroke,50,3,1,L1,pre_reset,0.9723466330954867,0.027653366904513255,46
11,23,stroke,50,3,1,L2,spike50,0.8078771069748312,0.19212289302516883,45
11,23,stroke,50,3,1,L2,syn_current,0.886102395847719,0.113897604152281,45
11,23,stroke,50,3,1,L2,pre_reset,0.8754649257324233,0.1245350742675767,45
11,24,stroke,50,3,0,L1,spike50,0.7805303467064253,0.2194696532935747,23
11,24,stroke,50,3,0,L1,syn_current,0.9642333506455338,0.03576664935446616,25
11,24,stroke,50,3,0,L1,pre_reset,0.952820114299939,0.04717988570006104,25
11,24,stroke,50,3,0,L2,spike50,0.5212313956844994,0.4787686043155006,23
11,24,stroke,50,3,0,L2,syn_current,0.6547579896884274,0.34524201031157264,23
11,24,stroke,50,3,0,L2,pre_reset,0.6135710292034179,0.3864289707965821,23
11,24,stroke,50,3,1,L1,spike50,0.7426131890746782,0.2573868109253218,27
11,24,stroke,50,3,1,L1,syn_current,0.9345460989925535,0.06545390100744652,29
11,24,stroke,50,3,1,L1,pre_reset,0.922589281358696,0.077410718641304,29
11,24,stroke,50,3,1,L2,spike50,0.4517781116788763,0.5482218883211236,26
11,24,stroke,50,3,1,L2,syn_current,0.5715521177546417,0.42844788224535835,27
11,24,stroke,50,3,1,L2,pre_reset,0.5487870292959879,0.4512129707040121,27
11,26,stroke,50,3,0,L1,spike50,0.8135260830354696,0.18647391696453042,17
11,26,stroke,50,3,0,L1,syn_current,0.9710867769768468,0.028913223023153245,20
11,26,stroke,50,3,0,L1,pre_reset,0.9626017428878789,0.03739825711212108,20
11,26,stroke,50,3,0,L2,spike50,0.6909254505030284,0.30907454949697155,16
11,26,stroke,50,3,0,L2,syn_current,0.802571180092838,0.197428819907162,17
11,26,stroke,50,3,0,L2,pre_reset,0.7778833570350456,0.22211664296495437,17
11,26,stroke,50,3,1,L1,spike50,0.985210489392414,0.014789510607586043,27
11,26,stroke,50,3,1,L1,syn_current,0.9996050832253677,0.00039491677463232566,27
11,26,stroke,50,3,1,L1,pre_reset,0.9961142055794819,0.003885794420518063,27
11,26,stroke,50,3,1,L2,spike50,0.90159819488483,0.09840180511517005,27
11,26,stroke,50,3,1,L2,syn_current,0.9682484484819959,0.03175155151800413,27
11,26,stroke,50,3,1,L2,pre_reset,0.9681868013007912,0.031813198699208844,27
11,26,stroke,50,3,2,L1,spike50,0.7511057431291845,0.24889425687081546,17
11,26,stroke,50,3,2,L1,syn_current,0.9385233526183172,0.06147664738168279,17
11,26,stroke,50,3,2,L1,pre_reset,0.9375654166500754,0.06243458334992458,17
11,26,stroke,50,3,2,L2,spike50,0.0820319929585637,0.9179680070414363,16
11,26,stroke,50,3,2,L2,syn_current,0.14992038346304537,0.8500796165369546,17
11,26,stroke,50,3,2,L2,pre_reset,0.10116608818736186,0.8988339118126382,17
11,28,stroke,50,3,0,L1,spike50,0.7851514545980426,0.2148485454019574,20
11,28,stroke,50,3,0,L1,syn_current,0.9808498635643755,0.019150136435624465,21
11,28,stroke,50,3,0,L1,pre_reset,0.9704725404955163,0.029527459504483655,21
11,28,stroke,50,3,0,L2,spike50,0.6668742093374085,0.3331257906625915,18
11,28,stroke,50,3,0,L2,syn_current,0.7655682168366719,0.23443178316332813,20
11,28,stroke,50,3,0,L2,pre_reset,0.7410276181461374,0.2589723818538626,20
11,28,stroke,50,3,1,L1,spike50,0.9728825447071446,0.027117455292855364,18
11,28,stroke,50,3,1,L1,syn_current,0.9996153750943968,0.0003846249056032036,18
11,28,stroke,50,3,1,L1,pre_reset,0.994438070490931,0.005561929509068975,18
11,28,stroke,50,3,1,L2,spike50,0.8975907518018715,0.10240924819812847,18
11,28,stroke,50,3,1,L2,syn_current,0.9714870072941433,0.02851299270585672,18
11,28,stroke,50,3,1,L2,pre_reset,0.9736276956422591,0.02637230435774085,18
11,28,stroke,50,3,2,L1,spike50,0.6781556269153747,0.3218443730846253,21
11,28,stroke,50,3,2,L1,syn_current,0.9124838095167772,0.08751619048322279,22
11,28,stroke,50,3,2,L1,pre_reset,0.9002766866588915,0.09972331334110851,22
11,28,stroke,50,3,2,L2,spike50,0.5208195083735063,0.4791804916264937,20
11,28,stroke,50,3,2,L2,syn_current,0.775518941095038,0.22448105890496195,21
11,28,stroke,50,3,2,L2,pre_reset,0.775197849847238,0.22480215015276195,21
11,29,stroke,50,3,0,L1,spike50,0.8002700288880986,0.19972997111190138,19
11,29,stroke,50,3,0,L1,syn_current,0.9719441654946218,0.028055834505378185,21
11,29,stroke,50,3,0,L1,pre_reset,0.96337239867943,0.03662760132056997,21
11,29,stroke,50,3,0,L2,spike50,0.5099893468245924,0.4900106531754076,18
11,29,stroke,50,3,0,L2,syn_current,0.6349950331340495,0.3650049668659505,19
11,29,stroke,50,3,0,L2,pre_reset,0.5908405834599035,0.40915941654009647,19
11,29,stroke,50,3,1,L1,spike50,0.9020134819701388,0.09798651802986125,66
11,29,stroke,50,3,1,L1,syn_current,0.9848949290287144,0.01510507097128555,66
11,29,stroke,50,3,1,L1,pre_reset,0.9754372428054405,0.02456275719455947,66
11,29,stroke,50,3,1,L2,spike50,0.8130082456056037,0.1869917543943963,64
11,29,stroke,50,3,1,L2,syn_current,0.8667374860130119,0.13326251398698807,66
11,29,stroke,50,3,1,L2,pre_reset,0.8562414895693529,0.14375851043064714,66
11,30,stroke,50,3,0,L1,spike50,0.7214924219547547,0.2785075780452453,12
11,30,stroke,50,3,0,L1,syn_current,0.8849444306825046,0.11505556931749539,15
11,30,stroke,50,3,0,L1,pre_reset,0.8606930143624301,0.13930698563756994,15
11,30,stroke,50,3,0,L2,spike50,0.1832329607249262,0.8167670392750738,9
11,30,stroke,50,3,0,L2,syn_current,0.36831564737920147,0.6316843526207985,12
11,30,stroke,50,3,0,L2,pre_reset,0.3364080383635269,0.6635919616364732,12
11,30,stroke,50,3,1,L1,spike50,0.927599747132709,0.07240025286729102,26
11,30,stroke,50,3,1,L1,syn_current,0.994520749200693,0.0054792507993070005,26
11,30,stroke,50,3,1,L1,pre_reset,0.984551759233194,0.015448240766805954,26
11,30,stroke,50,3,1,L2,spike50,0.8084138482410734,0.19158615175892657,26
11,30,stroke,50,3,1,L2,syn_current,0.9257652141778284,0.07423478582217158,26
11,30,stroke,50,3,1,L2,pre_reset,0.9236824022886148,0.07631759771138524,26
11,30,stroke,50,3,2,L1,spike50,0.8550225575750888,0.14497744242491117,13
11,30,stroke,50,3,2,L1,syn_current,0.9735355523129181,0.026464447687081893,16
11,30,stroke,50,3,2,L1,pre_reset,0.9664667186099116,0.033533281390088376,16
11,30,stroke,50,3,2,L2,spike50,0.5103589210747324,0.48964107892526765,13
11,30,stroke,50,3,2,L2,syn_current,0.6684676482383161,0.33153235176168394,13
11,30,stroke,50,3,2,L2,pre_reset,0.6522362698349322,0.3477637301650678,13
11,31,stroke,50,3,0,L1,spike50,0.8485366447121677,0.15146335528783228,37
11,31,stroke,50,3,0,L1,syn_current,0.9679025267807108,0.03209747321928924,39
11,31,stroke,50,3,0,L1,pre_reset,0.953894179959318,0.04610582004068198,39
11,31,stroke,50,3,0,L2,spike50,0.727431002856822,0.27256899714317795,37
11,31,stroke,50,3,0,L2,syn_current,0.8611327768687675,0.13886722313123245,37
11,31,stroke,50,3,0,L2,pre_reset,0.8370851700043614,0.16291482999563855,37
11,31,stroke,50,3,1,L1,spike50,0.7732076736469763,0.2267923263530237,38
11,31,stroke,50,3,1,L1,syn_current,0.9357055895402561,0.06429441045974393,38
11,31,stroke,50,3,1,L1,pre_reset,0.9148116507244677,0.08518834927553232,38
11,31,stroke,50,3,1,L2,spike50,0.5667264611373657,0.4332735388626343,35
11,31,stroke,50,3,1,L2,syn_current,0.7029136278822337,0.29708637211776634,38
11,31,stroke,50,3,1,L2,pre_reset,0.709772389510468,0.29022761048953205,38
11,32,stroke,50,3,0,L1,spike50,1.0,0.0,14
11,32,stroke,50,3,0,L1,syn_current,1.0,0.0,14
11,32,stroke,50,3,0,L1,pre_reset,1.0,0.0,14
11,32,stroke,50,3,0,L2,spike50,1.0,0.0,13
11,32,stroke,50,3,0,L2,syn_current,1.0,0.0,14
11,32,stroke,50,3,0,L2,pre_reset,1.0,0.0,14
11,32,stroke,50,3,1,L1,spike50,0.9313646743836808,0.06863532561631924,39
11,32,stroke,50,3,1,L1,syn_current,0.9861792327041504,0.013820767295849579,39
11,32,stroke,50,3,1,L1,pre_reset,0.9760205790687349,0.02397942093126515,39
11,32,stroke,50,3,1,L2,spike50,0.6444407868076892,0.35555921319231076,39
11,32,stroke,50,3,1,L2,syn_current,0.7767705634842735,0.22322943651572646,39
11,32,stroke,50,3,1,L2,pre_reset,0.7758506743665244,0.22414932563347556,39
11,32,stroke,50,3,2,L1,spike50,0.8348855262744989,0.16511447372550114,15
11,32,stroke,50,3,2,L1,syn_current,0.9363653481341903,0.06363465186580974,15
11,32,stroke,50,3,2,L1,pre_reset,0.9181014130944939,0.08189858690550611,15
11,32,stroke,50,3,2,L2,spike50,0.5507159329075412,0.4492840670924588,15
11,32,stroke,50,3,2,L2,syn_current,0.729727442875363,0.27027255712463705,15
11,32,stroke,50,3,2,L2,pre_reset,0.7296852609431804,0.2703147390568196,15
11,35,stroke,50,3,0,L1,spike50,0.6787496135814443,0.32125038641855574,11
11,35,stroke,50,3,0,L1,syn_current,0.936535766242158,0.06346423375784205,11
11,35,stroke,50,3,0,L1,pre_reset,0.9186455903965893,0.08135440960341067,11
11,35,stroke,50,3,0,L2,spike50,0.36041016567165707,0.6395898343283429,11
11,35,stroke,50,3,0,L2,syn_current,0.49313423039231474,0.5068657696076853,11
11,35,stroke,50,3,0,L2,pre_reset,0.48162235906598466,0.5183776409340153,11
11,35,stroke,50,3,1,L1,spike50,0.8075083185213684,0.1924916814786316,12
11,35,stroke,50,3,1,L1,syn_current,0.9699826226687641,0.030017377331235884,12
11,35,stroke,50,3,1,L1,pre_reset,0.9581878987068998,0.0418121012931002,12
11,35,stroke,50,3,1,L2,spike50,0.7513910407237915,0.24860895927620852,12
11,35,stroke,50,3,1,L2,syn_current,0.8792751668774894,0.12072483312251059,12
11,35,stroke,50,3,1,L2,pre_reset,0.8569969842391437,0.14300301576085628,12
11,36,stroke,50,3,0,L1,spike50,0.5736847283000668,0.4263152716999332,10
11,36,stroke,50,3,0,L1,syn_current,0.8845825199924114,0.11541748000758856,10
11,36,stroke,50,3,0,L1,pre_reset,0.8705109233560206,0.12948907664397935,10
11,36,stroke,50,3,0,L2,spike50,0.22233477926682102,0.777665220733179,10
11,36,stroke,50,3,0,L2,syn_current,0.360540821919081,0.639459178080919,10
11,36,stroke,50,3,0,L2,pre_reset,0.34259212550114204,0.657407874498858,10
11,36,stroke,50,3,1,L1,spike50,0.9417614043563156,0.05823859564368439,11
11,36,stroke,50,3,1,L1,syn_current,0.9941092460927259,0.0058907539072741155,11
11,36,stroke,50,3,1,L1,pre_reset,0.9871605906662897,0.012839409333710305,11
11,36,stroke,50,3,1,L2,spike50,0.5953427230381984,0.40465727696180165,11
11,36,stroke,50,3,1,L2,syn_current,0.7722721187746384,0.22772788122536158,11
11,36,stroke,50,3,1,L2,pre_reset,0.7541144340733678,0.24588556592663224,11
11,36,stroke,50,3,2,L1,spike50,0.8195985466559286,0.18040145334407143,24
11,36,stroke,50,3,2,L1,syn_current,0.9624904527444761,0.03750954725552391,24
11,36,stroke,50,3,2,L1,pre_reset,0.9493434856240892,0.05065651437591079,24
11,36,stroke,50,3,2,L2,spike50,0.5812767528439563,0.4187232471560437,23
11,36,stroke,50,3,2,L2,syn_current,0.732726491608767,0.267273508391233,24
11,36,stroke,50,3,2,L2,pre_reset,0.7216760172783441,0.2783239827216559,24
11,37,stroke,50,3,0,L1,spike50,1.0,0.0,35
11,37,stroke,50,3,0,L1,syn_current,1.0,0.0,37
11,37,stroke,50,3,0,L1,pre_reset,1.0,0.0,37
11,37,stroke,50,3,0,L2,spike50,1.0,0.0,34
11,37,stroke,50,3,0,L2,syn_current,1.0,0.0,37
11,37,stroke,50,3,0,L2,pre_reset,1.0,0.0,37
11,37,stroke,50,3,1,L1,spike50,0.9145145017760945,0.0854854982239055,13
11,37,stroke,50,3,1,L1,syn_current,0.985641579382368,0.01435842061763204,13
11,37,stroke,50,3,1,L1,pre_reset,0.9764278289211592,0.023572171078840798,13
11,37,stroke,50,3,1,L2,spike50,0.569587080575291,0.43041291942470905,13
11,37,stroke,50,3,1,L2,syn_current,0.6925749400520742,0.3074250599479258,13
11,37,stroke,50,3,1,L2,pre_reset,0.675784233143302,0.32421576685669795,13
11,37,stroke,50,3,2,L1,spike50,0.8189587227252725,0.18104127727472752,17
11,37,stroke,50,3,2,L1,syn_current,0.9668679793467974,0.03313202065320264,17
11,37,stroke,50,3,2,L1,pre_reset,0.9587952548064517,0.04120474519354833,17
11,37,stroke,50,3,2,L2,spike50,0.5080663598069649,0.4919336401930351,17
11,37,stroke,50,3,2,L2,syn_current,0.5722933993547761,0.4277066006452239,17
11,37,stroke,50,3,2,L2,pre_reset,0.5485475302686856,0.45145246973131437,17
11,40,stroke,50,3,0,L1,spike50,0.6047266752256669,0.3952733247743331,17
11,40,stroke,50,3,0,L1,syn_current,0.9476644031245741,0.05233559687542588,18
11,40,stroke,50,3,0,L1,pre_reset,0.9292673000422007,0.0707326999577993,18
11,40,stroke,50,3,0,L2,spike50,0.5067385222325462,0.49326147776745377,15
11,40,stroke,50,3,0,L2,syn_current,0.6429170067258163,0.3570829932741837,17
11,40,stroke,50,3,0,L2,pre_reset,0.6083155683810617,0.3916844316189383,17
11,40,stroke,50,3,1,L1,spike50,0.8378886531857914,0.16211134681420858,17
11,40,stroke,50,3,1,L1,syn_current,0.9415587477952762,0.05844125220472385,28
11,40,stroke,50,3,1,L1,pre_reset,0.9283078542071432,0.07169214579285677,28
11,40,stroke,50,3,1,L2,spike50,0.3960158223545554,0.6039841776454447,16
11,40,stroke,50,3,1,L2,syn_current,0.3572111089482846,0.6427888910517154,17
11,40,stroke,50,3,1,L2,pre_reset,0.2634784007571523,0.7365215992428478,17
11,41,stroke,50,3,0,L1,spike50,0.6683287009861109,0.33167129901388914,12
11,41,stroke,50,3,0,L1,syn_current,0.9687923294967735,0.03120767050322648,13
11,41,stroke,50,3,0,L1,pre_reset,0.9505954432131245,0.0494045567868755,13
11,41,stroke,50,3,0,L2,spike50,0.3392569272651864,0.6607430727348136,11
11,41,stroke,50,3,0,L2,syn_current,0.5355216753033302,0.46447832469666983,12
11,41,stroke,50,3,0,L2,pre_reset,0.5332723618935725,0.4667276381064275,12
11,41,stroke,50,3,1,L1,spike50,0.8273605722272528,0.1726394277727472,13
11,41,stroke,50,3,1,L1,syn_current,0.9598991506378428,0.04010084936215719,13
11,41,stroke,50,3,1,L1,pre_reset,0.9418933280522056,0.0581066719477944,13
11,41,stroke,50,3,1,L2,spike50,0.3845129333776981,0.6154870666223019,13
11,41,stroke,50,3,1,L2,syn_current,0.4825503322025212,0.5174496677974788,13
11,41,stroke,50,3,1,L2,pre_reset,0.40922703251370113,0.5907729674862989,13
11,41,stroke,50,3,2,L1,spike50,0.6539004661689524,0.34609953383104763,8
11,41,stroke,50,3,2,L1,syn_current,0.9529056971676831,0.04709430283231686,15
11,41,stroke,50,3,2,L1,pre_reset,0.9332925284128385,0.0667074715871615,15
11,41,stroke,50,3,2,L2,spike50,0.39155494737992164,0.6084450526200784,7
11,41,stroke,50,3,2,L2,syn_current,0.6523609263274796,0.34763907367252045,8
11,41,stroke,50,3,2,L2,pre_reset,0.6075288788923826,0.3924711211076174,8
11,42,stroke,50,3,0,L1,spike50,0.7439828158471037,0.2560171841528963,11
11,42,stroke,50,3,0,L1,syn_current,0.9647099728859069,0.035290027114093125,11
11,42,stroke,50,3,0,L1,pre_reset,0.9436880363642678,0.05631196363573221,11
11,42,stroke,50,3,0,L2,spike50,0.6574358410828672,0.34256415891713277,10
11,42,stroke,50,3,0,L2,syn_current,0.7980075450440267,0.2019924549559733,11
11,42,stroke,50,3,0,L2,pre_reset,0.7721082518392959,0.22789174816070412,11
11,42,stroke,50,3,1,L1,spike50,0.8596086651910769,0.14039133480892307,12
11,42,stroke,50,3,1,L1,syn_current,0.9535219081644001,0.04647809183559992,12
11,42,stroke,50,3,1,L1,pre_reset,0.9365883339627027,0.06341166603729731,12
11,42,stroke,50,3,1,L2,spike50,0.20909764920324894,0.7909023507967511,12
11,42,stroke,50,3,1,L2,syn_current,0.4393765556778799,0.5606234443221201,12
11,42,stroke,50,3,1,L2,pre_reset,0.4231876461780681,0.5768123538219319,12
11,42,stroke,50,3,2,L1,spike50,0.62436530695991,0.37563469304009,9
11,42,stroke,50,3,2,L1,syn_current,0.9289659974158131,0.0710340025841869,10
11,42,stroke,50,3,2,L1,pre_reset,0.9089234766287291,0.09107652337127092,10
11,42,stroke,50,3,2,L2,spike50,0.4471934172489178,0.5528065827510822,8
11,42,stroke,50,3,2,L2,syn_current,0.4769748023692297,0.5230251976307703,9
11,42,stroke,50,3,2,L2,pre_reset,0.42956135242474186,0.5704386475752581,9
11,43,stroke,50,3,0,L1,spike50,0.5052512031415908,0.4947487968584092,8
11,43,stroke,50,3,0,L1,syn_current,0.9471396629788983,0.05286033702110171,11
11,43,stroke,50,3,0,L1,pre_reset,0.9373865636429926,0.06261343635700745,11
11,43,stroke,50,3,0,L2,spike50,0.3033147733242291,0.6966852266757708,3
11,43,stroke,50,3,0,L2,syn_current,0.15413051826873791,0.8458694817312621,10
11,43,stroke,50,3,0,L2,pre_reset,0.10177319526213777,0.8982268047378622,10
11,43,stroke,50,3,1,L1,spike50,0.7901964829674859,0.2098035170325141,22
11,43,stroke,50,3,1,L1,syn_current,0.9446518449556723,0.05534815504432766,24
11,43,stroke,50,3,1,L1,pre_reset,0.9159956928753497,0.08400430712465035,24
11,43,stroke,50,3,1,L2,spike50,0.7146150860489787,0.2853849139510213,20
11,43,stroke,50,3,1,L2,syn_current,0.7108225280778224,0.2891774719221776,22
11,43,stroke,50,3,1,L2,pre_reset,0.6741780740306956,0.32582192596930437,22
11,44,stroke,50,3,0,L1,spike50,0.9047806379548483,0.09521936204515169,28
11,44,stroke,50,3,0,L1,syn_current,0.967031881216237,0.032968118783763045,37
11,44,stroke,50,3,0,L1,pre_reset,0.9549271233055542,0.04507287669444582,37
11,44,stroke,50,3,0,L2,spike50,0.7802776533829121,0.2197223466170879,26
11,44,stroke,50,3,0,L2,syn_current,0.8612532246112401,0.1387467753887599,28
11,44,stroke,50,3,0,L2,pre_reset,0.8564014585223358,0.14359854147766415,28
11,44,stroke,50,3,1,L1,spike50,0.7536210477705584,0.24637895222944162,12
11,44,stroke,50,3,1,L1,syn_current,0.9671420157939948,0.032857984206005164,12
11,44,stroke,50,3,1,L1,pre_reset,0.9553278215318274,0.04467217846817262,12
11,44,stroke,50,3,1,L2,spike50,0.20920485522448473,0.7907951447755153,12
11,44,stroke,50,3,1,L2,syn_current,0.33720385681662474,0.6627961431833753,12
11,44,stroke,50,3,1,L2,pre_reset,0.3177706170099781,0.6822293829900219,12
11,44,stroke,50,3,2,L1,spike50,0.8878461720901331,0.11215382790986694,14
11,44,stroke,50,3,2,L1,syn_current,0.9773855547673528,0.022614445232647218,14
11,44,stroke,50,3,2,L1,pre_reset,0.9606359575855483,0.03936404241445168,14
11,44,stroke,50,3,2,L2,spike50,0.6176203732253827,0.38237962677461734,14
11,44,stroke,50,3,2,L2,syn_current,0.8010284791151007,0.19897152088489933,14
11,44,stroke,50,3,2,L2,pre_reset,0.8034630085545994,0.1965369914454006,14
11,47,stroke,50,3,0,L1,spike50,0.6826962726598411,0.3173037273401589,10
11,47,stroke,50,3,0,L1,syn_current,0.951742956532416,0.04825704346758397,10
11,47,stroke,50,3,0,L1,pre_reset,0.943120053552874,0.05687994644712602,10
11,47,stroke,50,3,0,L2,spike50,0.5346036397769438,0.4653963602230562,10
11,47,stroke,50,3,0,L2,syn_current,0.8131368223306517,0.18686317766934835,10
11,47,stroke,50,3,0,L2,pre_reset,0.806993593015517,0.19300640698448301,10
11,47,stroke,50,3,1,L1,spike50,0.7493744501153489,0.25062554988465113,11
11,47,stroke,50,3,1,L1,syn_current,0.9643985759217405,0.0356014240782595,11
11,47,stroke,50,3,1,L1,pre_reset,0.9367128813456986,0.06328711865430137,11
11,47,stroke,50,3,1,L2,spike50,0.7412783893216439,0.2587216106783561,10
11,47,stroke,50,3,1,L2,syn_current,0.8121442651352296,0.18785573486477036,11
11,47,stroke,50,3,1,L2,pre_reset,0.789788309405004,0.210211690594996,11
11,47,stroke,50,3,2,L1,spike50,0.9542591971347042,0.045740802865295804,27
11,47,stroke,50,3,2,L1,syn_current,0.9957002662715624,0.004299733728437616,27
11,47,stroke,50,3,2,L1,pre_reset,0.9877324461199635,0.01226755388003653,27
11,47,stroke,50,3,2,L2,spike50,0.8404875515329095,0.15951244846709045,27
11,47,stroke,50,3,2,L2,syn_current,0.9293368186063594,0.07066318139364058,27
11,47,stroke,50,3,2,L2,pre_reset,0.9297726490002893,0.07022735099971067,27
11,48,stroke,50,3,0,L1,spike50,0.7481475295972967,0.2518524704027033,11
11,48,stroke,50,3,0,L1,syn_current,0.9693203611795966,0.030679638820403365,11
11,48,stroke,50,3,0,L1,pre_reset,0.954437040843428,0.04556295915657205,11
11,48,stroke,50,3,0,L2,spike50,0.4752544873990008,0.5247455126009992,11
11,48,stroke,50,3,0,L2,syn_current,0.6797886456052188,0.3202113543947812,11
11,48,stroke,50,3,0,L2,pre_reset,0.6566201424486832,0.34337985755131684,11
11,48,stroke,50,3,1,L1,spike50,0.6922462077224494,0.3077537922775506,12
11,48,stroke,50,3,1,L1,syn_current,0.9575849010233632,0.042415098976636756,12
11,48,stroke,50,3,1,L1,pre_reset,0.9427722926056781,0.057227707394321925,12
11,48,stroke,50,3,1,L2,spike50,0.33537330242130164,0.6646266975786983,11
11,48,stroke,50,3,1,L2,syn_current,0.5338869181883206,0.46611308181167943,12
11,48,stroke,50,3,1,L2,pre_reset,0.5401187119829628,0.4598812880170372,12
11,48,stroke,50,3,2,L1,spike50,0.9447943797782982,0.055205620221701834,18
11,48,stroke,50,3,2,L1,syn_current,0.9971635553717587,0.002836444628241286,18
11,48,stroke,50,3,2,L1,pre_reset,0.988727797318865,0.011272202681135046,18
11,48,stroke,50,3,2,L2,spike50,0.768351302137528,0.231648697862472,18
11,48,stroke,50,3,2,L2,syn_current,0.8874613782413503,0.1125386217586497,18
11,48,stroke,50,3,2,L2,pre_reset,0.8780382758574148,0.12196172414258521,18
11,49,stroke,50,3,0,L1,spike50,0.7899933339298187,0.21000666607018126,14
11,49,stroke,50,3,0,L1,syn_current,0.9713429711872158,0.028657028812784202,14
11,49,stroke,50,3,0,L1,pre_reset,0.9570939850928238,0.04290601490717616,14
11,49,stroke,50,3,0,L2,spike50,0.660227399589993,0.339772600410007,14
11,49,stroke,50,3,0,L2,syn_current,0.8561568793787137,0.14384312062128635,14
11,49,stroke,50,3,0,L2,pre_reset,0.8588980324275199,0.14110196757248006,14
11,49,stroke,50,3,1,L1,spike50,0.8573665009163013,0.1426334990836987,49
11,49,stroke,50,3,1,L1,syn_current,0.9875480288531532,0.012451971146846819,50
11,49,stroke,50,3,1,L1,pre_reset,0.9772671313742352,0.022732868625764846,50
11,49,stroke,50,3,1,L2,spike50,0.7804136358435766,0.2195863641564234,48
11,49,stroke,50,3,1,L2,syn_current,0.8790442928184747,0.12095570718152526,49
11,49,stroke,50,3,1,L2,pre_reset,0.8639248577492209,0.1360751422507791,49
11,51,stroke,50,3,0,L1,spike50,0.9033110481685324,0.09668895183146764,48
11,51,stroke,50,3,0,L1,syn_current,0.9950812149369638,0.004918785063036224,49
11,51,stroke,50,3,0,L1,pre_reset,0.9841774731681231,0.015822526831876904,49
11,51,stroke,50,3,0,L2,spike50,0.8258545930330017,0.17414540696699832,47
11,51,stroke,50,3,0,L2,syn_current,0.9199698771379666,0.08003012286203337,48
11,51,stroke,50,3,0,L2,pre_reset,0.9201335141247643,0.0798664858752357,48
11,51,stroke,50,3,1,L1,spike50,0.9613546012297287,0.03864539877027129,11
11,51,stroke,50,3,1,L1,syn_current,0.9585646405969623,0.041435359403037664,38
11,51,stroke,50,3,1,L1,pre_reset,0.9504329449897574,0.04956705501024261,38
11,51,stroke,50,3,1,L2,spike50,0.4228537868356348,0.5771462131643652,7
11,51,stroke,50,3,1,L2,syn_current,0.9201834455576755,0.0798165544423245,12
11,51,stroke,50,3,1,L2,pre_reset,0.9093076160146331,0.09069238398536694,12
11,52,stroke,50,3,0,L1,spike50,0.7229290043059566,0.27707099569404336,13
11,52,stroke,50,3,0,L1,syn_current,0.9539805750191255,0.046019424980874524,13
11,52,stroke,50,3,0,L1,pre_reset,0.9388626939932815,0.06113730600671852,13
11,52,stroke,50,3,0,L2,spike50,0.41362395194724505,0.5863760480527549,12
11,52,stroke,50,3,0,L2,syn_current,0.5464204016011347,0.4535795983988653,13
11,52,stroke,50,3,0,L2,pre_reset,0.5235043731722487,0.47649562682775126,13
11,52,stroke,50,3,1,L1,spike50,0.9102155799597484,0.08978442004025156,34
11,52,stroke,50,3,1,L1,syn_current,0.9889850972387613,0.011014902761238732,34
11,52,stroke,50,3,1,L1,pre_reset,0.9763072028995182,0.023692797100481777,34
11,52,stroke,50,3,1,L2,spike50,0.8039806055091896,0.1960193944908104,34
11,52,stroke,50,3,1,L2,syn_current,0.9197385974367541,0.08026140256324588,34
11,52,stroke,50,3,1,L2,pre_reset,0.9178764643568137,0.08212353564318631,34
11,54,stroke,50,3,0,L1,spike50,0.6215083108436671,0.3784916891563329,10
11,54,stroke,50,3,0,L1,syn_current,0.964732741855606,0.03526725814439402,10
11,54,stroke,50,3,0,L1,pre_reset,0.9491560760856199,0.050843923914380085,10
11,54,stroke,50,3,0,L2,spike50,0.6600064625241524,0.3399935374758476,9
11,54,stroke,50,3,0,L2,syn_current,0.7283326326711383,0.27166736732886165,10
11,54,stroke,50,3,0,L2,pre_reset,0.7259345465318561,0.2740654534681439,10
11,54,stroke,50,3,1,L1,spike50,0.9533684206935268,0.046631579306473214,12
11,54,stroke,50,3,1,L1,syn_current,0.9975598595303824,0.002440140469617602,12
11,54,stroke,50,3,1,L1,pre_reset,0.9880916561088037,0.011908343891196327,12
11,54,stroke,50,3,1,L2,spike50,0.7326741931429855,0.26732580685701446,12
11,54,stroke,50,3,1,L2,syn_current,0.8699381276356705,0.13006187236432953,12
11,54,stroke,50,3,1,L2,pre_reset,0.8509244686961672,0.14907553130383278,12
11,54,stroke,50,3,2,L1,spike50,0.7851733851926121,0.21482661480738785,13
11,54,stroke,50,3,2,L1,syn_current,0.9615547545024661,0.03844524549753392,13
11,54,stroke,50,3,2,L1,pre_reset,0.9409809870602975,0.059019012939702464,13
11,54,stroke,50,3,2,L2,spike50,0.37713414493676833,0.6228658550632317,13
11,54,stroke,50,3,2,L2,syn_current,0.6331805823991736,0.36681941760082637,13
11,54,stroke,50,3,2,L2,pre_reset,0.6308268789946523,0.3691731210053477,13
11,55,stroke,50,3,0,L1,spike50,0.6568081506412257,0.34319184935877434,9
11,55,stroke,50,3,0,L1,syn_current,0.9427003970838482,0.05729960291615177,10
11,55,stroke,50,3,0,L1,pre_reset,0.92713894436691,0.07286105563308998,10
11,55,stroke,50,3,0,L2,spike50,0.09871286039934324,0.9012871396006568,8
11,55,stroke,50,3,0,L2,syn_current,0.18192917335265318,0.8180708266473469,9
11,55,stroke,50,3,0,L2,pre_reset,0.14496242134582238,0.8550375786541776,9
11,55,stroke,50,3,1,L1,spike50,0.9507368871775518,0.04926311282244822,12
11,55,stroke,50,3,1,L1,syn_current,0.9972705170839281,0.0027294829160718903,12
11,55,stroke,50,3,1,L1,pre_reset,0.9888024565235588,0.011197543476441196,12
11,55,stroke,50,3,1,L2,spike50,0.7660973021132818,0.23390269788671825,12
11,55,stroke,50,3,1,L2,syn_current,0.900933611310645,0.09906638868935502,12
11,55,stroke,50,3,1,L2,pre_reset,0.8867741549215657,0.11322584507843425,12
11,55,stroke,50,3,2,L1,spike50,0.6830836025502248,0.3169163974497752,23
11,55,stroke,50,3,2,L1,syn_current,0.9555721674669588,0.04442783253304117,25
11,55,stroke,50,3,2,L1,pre_reset,0.9493572328068198,0.05064276719318017,25
11,55,stroke,50,3,2,L2,spike50,0.28530175122161955,0.7146982487783804,23
11,55,stroke,50,3,2,L2,syn_current,0.4537050465331046,0.5462949534668954,23
11,55,stroke,50,3,2,L2,pre_reset,0.40549734122658165,0.5945026587734183,23
11,59,stroke,50,3,0,L1,spike50,0.8917116798618484,0.1082883201381516,59
11,59,stroke,50,3,0,L1,syn_current,0.9951142610513309,0.0048857389486690606,60
11,59,stroke,50,3,0,L1,pre_reset,0.9875511608235725,0.012448839176427473,60
11,59,stroke,50,3,0,L2,spike50,0.8265228672565819,0.17347713274341814,58
11,59,stroke,50,3,0,L2,syn_current,0.9173781996686327,0.08262180033136735,59
11,59,stroke,50,3,0,L2,pre_reset,0.8957906256811984,0.10420937431880162,59
11,59,stroke,50,3,1,L1,spike50,0.6077213882562861,0.3922786117437139,23
11,59,stroke,50,3,1,L1,syn_current,0.9614732394338973,0.038526760566102713,26
11,59,stroke,50,3,1,L1,pre_reset,0.9488857264177327,0.05111427358226728,26
11,59,stroke,50,3,1,L2,spike50,0.3727410794465208,0.6272589205534792,20
11,59,stroke,50,3,1,L2,syn_current,0.617885710087375,0.38211428991262497,24
11,59,stroke,50,3,1,L2,pre_reset,0.5791268133477391,0.4208731866522609,24
11,60,stroke,50,3,0,L1,spike50,0.6822086219679596,0.3177913780320404,14
11,60,stroke,50,3,0,L1,syn_current,0.952151357256925,0.04784864274307499,14
11,60,stroke,50,3,0,L1,pre_reset,0.9391680208311807,0.06083197916881933,14
11,60,stroke,50,3,0,L2,spike50,0.45987101610476167,0.5401289838952383,13
11,60,stroke,50,3,0,L2,syn_current,0.6158923398837486,0.3841076601162514,14
11,60,stroke,50,3,0,L2,pre_reset,0.5923427576321243,0.4076572423678757,14
11,60,stroke,50,3,1,L1,spike50,0.7801878028424843,0.21981219715751565,13
11,60,stroke,50,3,1,L1,syn_current,0.9758419035972123,0.024158096402787654,13
11,60,stroke,50,3,1,L1,pre_reset,0.9627300595595959,0.037269940440404103,13
11,60,stroke,50,3,1,L2,spike50,0.6380325553482287,0.36196744465177133,13
11,60,stroke,50,3,1,L2,syn_current,0.822190465365934,0.177809534634066,13
11,60,stroke,50,3,1,L2,pre_reset,0.8148373682426383,0.1851626317573617,13
11,61,stroke,50,3,0,L1,spike50,0.61253767033698,0.38746232966301997,10
11,61,stroke,50,3,0,L1,syn_current,0.9475078760902618,0.05249212390973823,13
11,61,stroke,50,3,0,L1,pre_reset,0.9334435099559262,0.06655649004407382,13
11,61,stroke,50,3,0,L2,spike50,0.3888561589319096,0.6111438410680904,8
11,61,stroke,50,3,0,L2,syn_current,0.5669036232166564,0.43309637678334356,10
11,61,stroke,50,3,0,L2,pre_reset,0.5213929049156218,0.47860709508437815,10
11,61,stroke,50,3,1,L1,spike50,0.8412291438439878,0.15877085615601216,36
11,61,stroke,50,3,1,L1,syn_current,0.985653049360102,0.014346950639897993,36
11,61,stroke,50,3,1,L1,pre_reset,0.9739715313360349,0.026028468663965132,36
11,61,stroke,50,3,1,L2,spike50,0.6795878948732903,0.3204121051267097,36
11,61,stroke,50,3,1,L2,syn_current,0.7714341065615017,0.2285658934384983,36
11,61,stroke,50,3,1,L2,pre_reset,0.7505359614066607,0.24946403859333932,36
11,65,stroke,50,3,0,L1,spike50,0.6402130860954939,0.3597869139045061,13
11,65,stroke,50,3,0,L1,syn_current,0.9132368090870333,0.08676319091296669,14
11,65,stroke,50,3,0,L1,pre_reset,0.8865266008754368,0.11347339912456322,14
11,65,stroke,50,3,0,L2,spike50,0.0037479235436742955,0.9962520764563257,12
11,65,stroke,50,3,0,L2,syn_current,0.01902385205488906,0.9809761479451109,13
11,65,stroke,50,3,0,L2,pre_reset,-0.04252926928227929,1.0425292692822792,13
11,65,stroke,50,3,1,L1,spike50,0.9168216382997931,0.08317836170020687,32
11,65,stroke,50,3,1,L1,syn_current,0.9882718506627897,0.011728149337210336,33
11,65,stroke,50,3,1,L1,pre_reset,0.9761757059249436,0.023824294075056374,33
11,65,stroke,50,3,1,L2,spike50,0.7120029833854377,0.28799701661456234,32
11,65,stroke,50,3,1,L2,syn_current,0.8191061998158093,0.18089380018419066,32
11,65,stroke,50,3,1,L2,pre_reset,0.8055448838305956,0.19445511616940436,32
11,66,stroke,50,3,0,L1,spike50,0.8117164963329109,0.18828350366708912,16
11,66,stroke,50,3,0,L1,syn_current,0.9653174331063344,0.034682566893665556,17
11,66,stroke,50,3,0,L1,pre_reset,0.9474355956469919,0.05256440435300813,17
11,66,stroke,50,3,0,L2,spike50,0.65197740292338,0.34802259707662,16
11,66,stroke,50,3,0,L2,syn_current,0.8382510109921781,0.16174898900782186,16
11,66,stroke,50,3,0,L2,pre_reset,0.8150474226185351,0.18495257738146487,16
11,66,stroke,50,3,1,L1,spike50,0.7820819632192147,0.21791803678078525,11
11,66,stroke,50,3,1,L1,syn_current,0.9624912200936309,0.03750877990636914,13
11,66,stroke,50,3,1,L1,pre_reset,0.9475409272433998,0.05245907275660022,13
11,66,stroke,50,3,1,L2,spike50,0.6516715970209935,0.34832840297900647,11
11,66,stroke,50,3,1,L2,syn_current,0.8007856122710433,0.19921438772895672,11
11,66,stroke,50,3,1,L2,pre_reset,0.7842375129863531,0.21576248701364686,11
11,67,stroke,50,3,0,L1,spike50,1.0,0.0,24
11,67,stroke,50,3,0,L1,syn_current,1.0,0.0,25
11,67,stroke,50,3,0,L1,pre_reset,1.0,0.0,25
11,67,stroke,50,3,0,L2,spike50,1.0,0.0,22
11,67,stroke,50,3,0,L2,syn_current,1.0,0.0,24
11,67,stroke,50,3,0,L2,pre_reset,1.0,0.0,24
11,67,stroke,50,3,1,L1,spike50,0.911327616214418,0.08867238378558195,7
11,67,stroke,50,3,1,L1,syn_current,0.9777916028419197,0.022208397158080317,7
11,67,stroke,50,3,1,L1,pre_reset,0.9577057669677004,0.04229423303229962,7
11,67,stroke,50,3,1,L2,spike50,0.6692712962077858,0.3307287037922142,7
11,67,stroke,50,3,1,L2,syn_current,0.8195468805994547,0.18045311940054531,7
11,67,stroke,50,3,1,L2,pre_reset,0.8177057205588035,0.18229427944119647,7
11,67,stroke,50,3,2,L1,spike50,0.8456027680919671,0.1543972319080329,8
11,67,stroke,50,3,2,L1,syn_current,0.9730367395423594,0.026963260457640637,8
11,67,stroke,50,3,2,L1,pre_reset,0.9599623150696898,0.040037684930310236,8
11,67,stroke,50,3,2,L2,spike50,0.3589320481600262,0.6410679518399738,8
11,67,stroke,50,3,2,L2,syn_current,0.35804590670166314,0.6419540932983369,8
11,67,stroke,50,3,2,L2,pre_reset,0.3144228126726326,0.6855771873273674,8
11,68,stroke,50,3,0,L1,spike50,0.811720636557998,0.18827936344200202,21
11,68,stroke,50,3,0,L1,syn_current,0.9679431485373369,0.03205685146266313,21
11,68,stroke,50,3,0,L1,pre_reset,0.9522312659571012,0.04776873404289883,21
11,68,stroke,50,3,0,L2,spike50,0.6356017346776235,0.3643982653223765,18
11,68,stroke,50,3,0,L2,syn_current,0.7250564745915125,0.27494352540848754,21
11,68,stroke,50,3,0,L2,pre_reset,0.6997647136151967,0.30023528638480335,21
11,68,stroke,50,3,1,L1,spike50,0.7821739521508682,0.21782604784913184,20
11,68,stroke,50,3,1,L1,syn_current,0.9515637229165865,0.04843627708341347,20
11,68,stroke,50,3,1,L1,pre_reset,0.934875998742829,0.065124001257171,20
11,68,stroke,50,3,1,L2,spike50,0.5981285228394443,0.4018714771605557,20
11,68,stroke,50,3,1,L2,syn_current,0.7645825220814515,0.2354174779185485,20
11,68,stroke,50,3,1,L2,pre_reset,0.7330718131950997,0.26692818680490027,20
11,71,stroke,50,3,0,L1,spike50,0.7297288234246853,0.27027117657531474,13
11,71,stroke,50,3,0,L1,syn_current,0.944344890471415,0.05565510952858499,13
11,71,stroke,50,3,0,L1,pre_reset,0.922359993338872,0.07764000666112802,13
11,71,stroke,50,3,0,L2,spike50,0.2882732201382732,0.7117267798617268,12
11,71,stroke,50,3,0,L2,syn_current,0.49664585769174047,0.5033541423082595,13
11,71,stroke,50,3,0,L2,pre_reset,0.4968553971725401,0.5031446028274599,13
11,71,stroke,50,3,1,L1,spike50,0.8460005720805492,0.15399942791945076,20
11,71,stroke,50,3,1,L1,syn_current,0.9772605588235409,0.022739441176459096,21
11,71,stroke,50,3,1,L1,pre_reset,0.9646448778459855,0.035355122154014484,21
11,71,stroke,50,3,1,L2,spike50,0.4148583456531367,0.5851416543468633,19
11,71,stroke,50,3,1,L2,syn_current,0.5410828898542894,0.45891711014571057,20
11,71,stroke,50,3,1,L2,pre_reset,0.5006810627922976,0.4993189372077024,20
11,72,stroke,50,3,0,L1,spike50,1.0,0.0,10
11,72,stroke,50,3,0,L1,syn_current,1.0,0.0,11
11,72,stroke,50,3,0,L1,pre_reset,1.0,0.0,11
11,72,stroke,50,3,0,L2,spike50,1.0,0.0,10
11,72,stroke,50,3,0,L2,syn_current,1.0,0.0,10
11,72,stroke,50,3,0,L2,pre_reset,1.0,0.0,10
11,72,stroke,50,3,1,L1,spike50,0.9062323488844198,0.09376765111558016,12
11,72,stroke,50,3,1,L1,syn_current,0.9861149826051512,0.01388501739484882,12
11,72,stroke,50,3,1,L1,pre_reset,0.969710639494397,0.030289360505603047,12
11,72,stroke,50,3,1,L2,spike50,0.5887875732835169,0.41121242671648306,12
11,72,stroke,50,3,1,L2,syn_current,0.7123019172808412,0.28769808271915875,12
11,72,stroke,50,3,1,L2,pre_reset,0.7045869031790293,0.2954130968209707,12
11,72,stroke,50,3,2,L1,spike50,0.8879518884557871,0.1120481115442129,16
11,72,stroke,50,3,2,L1,syn_current,0.9771130695012955,0.022886930498704494,16
11,72,stroke,50,3,2,L1,pre_reset,0.9671987996033498,0.03280120039665024,16
11,72,stroke,50,3,2,L2,spike50,0.5791784997507388,0.42082150024926124,16
11,72,stroke,50,3,2,L2,syn_current,0.7270482341342857,0.27295176586571435,16
11,72,stroke,50,3,2,L2,pre_reset,0.7100976028896969,0.2899023971103031,16
11,73,stroke,50,3,0,L1,spike50,0.8413495281664346,0.1586504718335654,14
11,73,stroke,50,3,0,L1,syn_current,0.9782972315708418,0.021702768429158192,14
11,73,stroke,50,3,0,L1,pre_reset,0.9620880994206038,0.037911900579396196,14
11,73,stroke,50,3,0,L2,spike50,0.6443012974609036,0.3556987025390964,14
11,73,stroke,50,3,0,L2,syn_current,0.8071673869792164,0.19283261302078358,14
11,73,stroke,50,3,0,L2,pre_reset,0.8068305348474478,0.19316946515255218,14
11,73,stroke,50,3,1,L1,spike50,0.8994497089172565,0.10055029108274349,15
11,73,stroke,50,3,1,L1,syn_current,0.9797100458212694,0.020289954178730585,15
11,73,stroke,50,3,1,L1,pre_reset,0.9644676336049219,0.03553236639507806,15
11,73,stroke,50,3,1,L2,spike50,0.5779186645825072,0.4220813354174928,15
11,73,stroke,50,3,1,L2,syn_current,0.6775402314624868,0.32245976853751324,15
11,73,stroke,50,3,1,L2,pre_reset,0.6624366996561417,0.3375633003438583,15
11,73,stroke,50,3,2,L1,spike50,0.7466721006286153,0.25332789937138467,7
11,73,stroke,50,3,2,L1,syn_current,0.9519038093291476,0.04809619067085236,7
11,73,stroke,50,3,2,L1,pre_reset,0.9375800510501556,0.06241994894984437,7
11,73,stroke,50,3,2,L2,spike50,0.5175665186938893,0.48243348130611075,7
11,73,stroke,50,3,2,L2,syn_current,0.6701236815633156,0.3298763184366844,7
11,73,stroke,50,3,2,L2,pre_reset,0.6337933753318791,0.36620662466812093,7
11,74,stroke,50,3,0,L1,spike50,0.7352127714755323,0.2647872285244677,10
11,74,stroke,50,3,0,L1,syn_current,0.9662069164915879,0.03379308350841215,10
11,74,stroke,50,3,0,L1,pre_reset,0.9512212828526805,0.04877871714731952,10
11,74,stroke,50,3,0,L2,spike50,0.37077109965464095,0.629228900345359,9
11,74,stroke,50,3,0,L2,syn_current,0.5620681630165764,0.43793183698342364,10
11,74,stroke,50,3,0,L2,pre_reset,0.49743380094876927,0.5025661990512307,10
11,74,stroke,50,3,1,L1,spike50,0.8036061736556178,0.19639382634438218,20
11,74,stroke,50,3,1,L1,syn_current,0.9618968165041298,0.03810318349587016,20
11,74,stroke,50,3,1,L1,pre_reset,0.9451640273988768,0.05483597260112316,20
11,74,stroke,50,3,1,L2,spike50,0.564690065567078,0.435309934432922,20
11,74,stroke,50,3,1,L2,syn_current,0.7485836068484983,0.25141639315150166,20
11,74,stroke,50,3,1,L2,pre_reset,0.7483046535024617,0.25169534649753833,20
11,76,stroke,50,3,0,L1,spike50,0.8181054131281323,0.18189458687186766,6
11,76,stroke,50,3,0,L1,syn_current,0.8641523354388506,0.13584766456114938,21
11,76,stroke,50,3,0,L1,pre_reset,0.8481079560311322,0.1518920439688678,21
11,76,stroke,50,3,0,L2,spike50,0.15426024554946804,0.845739754450532,4
11,76,stroke,50,3,0,L2,syn_current,0.09610543779767129,0.9038945622023287,6
11,76,stroke,50,3,0,L2,pre_reset,0.020402469462608947,0.9795975305373911,6
11,76,stroke,50,3,1,L1,spike50,0.9286442666194232,0.07135573338057677,54
11,76,stroke,50,3,1,L1,syn_current,0.9873487357210499,0.012651264278950136,61
11,76,stroke,50,3,1,L1,pre_reset,0.9793571266698797,0.02064287333012027,61
11,76,stroke,50,3,1,L2,spike50,0.8086993964599365,0.1913006035400635,51
11,76,stroke,50,3,1,L2,syn_current,0.8508134543593163,0.14918654564068368,54
11,76,stroke,50,3,1,L2,pre_reset,0.8298792154141752,0.1701207845858248,54
11,77,stroke,50,3,0,L1,spike50,0.7028630410422445,0.2971369589577555,17
11,77,stroke,50,3,0,L1,syn_current,0.947091692618861,0.05290830738113905,20
11,77,stroke,50,3,0,L1,pre_reset,0.9359240038576516,0.06407599614234838,20
11,77,stroke,50,3,0,L2,spike50,0.6082595974532873,0.3917404025467127,15
11,77,stroke,50,3,0,L2,syn_current,0.7492654227750885,0.25073457722491155,17
11,77,stroke,50,3,0,L2,pre_reset,0.731158461634283,0.268841538365717,17
11,77,stroke,50,3,1,L1,spike50,0.7841559302260314,0.21584406977396864,19
11,77,stroke,50,3,1,L1,syn_current,0.946526514696464,0.05347348530353602,20
11,77,stroke,50,3,1,L1,pre_reset,0.9307433785065017,0.06925662149349832,20
11,77,stroke,50,3,1,L2,spike50,0.5032197016700706,0.4967802983299294,18
11,77,stroke,50,3,1,L2,syn_current,0.5992732051762247,0.40072679482377527,19
11,77,stroke,50,3,1,L2,pre_reset,0.610736173163138,0.389263826836862,19
11,78,stroke,50,3,0,L1,spike50,0.7592354394772892,0.24076456052271078,10
11,78,stroke,50,3,0,L1,syn_current,0.9016741460654918,0.09832585393450821,13
11,78,stroke,50,3,0,L1,pre_reset,0.8795991177184577,0.12040088228154233,13
11,78,stroke,50,3,0,L2,spike50,0.2352819805304965,0.7647180194695035,10
11,78,stroke,50,3,0,L2,syn_current,0.47265173626618334,0.5273482637338167,10
11,78,stroke,50,3,0,L2,pre_reset,0.463218635661521,0.536781364338479,10
11,78,stroke,50,3,1,L1,spike50,0.9533612141218175,0.04663878587818249,40
11,78,stroke,50,3,1,L1,syn_current,0.996919425521028,0.0030805744789720313,40
11,78,stroke,50,3,1,L1,pre_reset,0.9910973355766121,0.00890266442338794,40
11,78,stroke,50,3,1,L2,spike50,0.8679523590570174,0.1320476409429826,40
11,78,stroke,50,3,1,L2,syn_current,0.9237137332615912,0.07628626673840877,40
11,78,stroke,50,3,1,L2,pre_reset,0.9102089713262703,0.08979102867372968,40
11,78,stroke,50,3,2,L1,spike50,0.7677994750148524,0.23220052498514765,11
11,78,stroke,50,3,2,L1,syn_current,0.9304882753381617,0.0695117246618383,14
11,78,stroke,50,3,2,L1,pre_reset,0.9114202160109567,0.08857978398904331,14
11,78,stroke,50,3,2,L2,spike50,0.22124836198023268,0.7787516380197673,11
11,78,stroke,50,3,2,L2,syn_current,0.42977974708034344,0.5702202529196565,11
11,78,stroke,50,3,2,L2,pre_reset,0.4164062963116109,0.5835937036883891,11
11,79,stroke,50,3,0,L1,spike50,0.9514018417416951,0.048598158258304935,20
11,79,stroke,50,3,0,L1,syn_current,0.9194552981575207,0.0805447018424793,47
11,79,stroke,50,3,0,L1,pre_reset,0.9130644561031132,0.08693554389688685,47
11,79,stroke,50,3,0,L2,spike50,0.9122959681418286,0.08770403185817144,18
11,79,stroke,50,3,0,L2,syn_current,0.9541141831020624,0.04588581689793758,20
11,79,stroke,50,3,0,L2,pre_reset,0.9393203681552903,0.0606796318447097,20
11,79,stroke,50,3,1,L1,spike50,0.832609010917661,0.16739098908233896,32
11,79,stroke,50,3,1,L1,syn_current,0.939127778176966,0.06087222182303398,37
11,79,stroke,50,3,1,L1,pre_reset,0.9211413213104825,0.07885867868951746,37
11,79,stroke,50,3,1,L2,spike50,0.5495424709019207,0.45045752909807935,30
11,79,stroke,50,3,1,L2,syn_current,0.6653873865831299,0.3346126134168701,32
11,79,stroke,50,3,1,L2,pre_reset,0.6092400170203106,0.3907599829796894,32
11,81,stroke,50,3,0,L1,spike50,0.7751717236560404,0.22482827634395963,12
11,81,stroke,50,3,0,L1,syn_current,0.9626051988941463,0.03739480110585369,13
11,81,stroke,50,3,0,L1,pre_reset,0.9500561485672077,0.04994385143279234,13
11,81,stroke,50,3,0,L2,spike50,0.5282084340500028,0.47179156594999716,11
11,81,stroke,50,3,0,L2,syn_current,0.8110776884072942,0.18892231159270578,12
11,81,stroke,50,3,0,L2,pre_reset,0.7507310307537397,0.2492689692462603,12
11,81,stroke,50,3,1,L1,spike50,0.874713049084358,0.12528695091564201,15
11,81,stroke,50,3,1,L1,syn_current,0.9730226172615015,0.02697738273849848,22
11,81,stroke,50,3,1,L1,pre_reset,0.9623972626223268,0.03760273737767317,22
11,81,stroke,50,3,1,L2,spike50,0.6836776336359573,0.31632236636404265,13
11,81,stroke,50,3,1,L2,syn_current,0.9318188671468057,0.06818113285319427,15
11,81,stroke,50,3,1,L2,pre_reset,0.8912446300511967,0.1087553699488033,15
11,81,stroke,50,3,2,L1,spike50,0.9589249441893893,0.04107505581061066,19
11,81,stroke,50,3,2,L1,syn_current,0.9881097546953305,0.011890245304669533,19
11,81,stroke,50,3,2,L1,pre_reset,0.9791501866402738,0.020849813359726244,19
11,81,stroke,50,3,2,L2,spike50,0.9425169400308494,0.057483059969150596,19
11,81,stroke,50,3,2,L2,syn_current,0.9715740448770103,0.028425955122989732,19
11,81,stroke,50,3,2,L2,pre_reset,0.9665381923151128,0.03346180768488716,19
11,82,stroke,50,3,0,L1,spike50,0.7564018994802998,0.2435981005197002,17
11,82,stroke,50,3,0,L1,syn_current,0.961431408490142,0.03856859150985803,19
11,82,stroke,50,3,0,L1,pre_reset,0.9509880809306386,0.04901191906936142,19
11,82,stroke,50,3,0,L2,spike50,0.44240716608450936,0.5575928339154906,16
11,82,stroke,50,3,0,L2,syn_current,0.6328230423251798,0.36717695767482017,17
11,82,stroke,50,3,0,L2,pre_reset,0.5836260116991617,0.41637398830083827,17
11,82,stroke,50,3,1,L1,spike50,0.7617812042627935,0.2382187957372065,25
11,82,stroke,50,3,1,L1,syn_current,0.9518535464965252,0.048146453503474795,34
11,82,stroke,50,3,1,L1,pre_reset,0.9415170519032917,0.05848294809670829,34
11,82,stroke,50,3,1,L2,spike50,0.11775647116321009,0.8822435288367899,17
11,82,stroke,50,3,1,L2,syn_current,0.018410369753624933,0.981589630246375,25
11,82,stroke,50,3,1,L2,pre_reset,-0.0016395162209049152,1.0016395162209049,25
11,83,stroke,50,3,0,L1,spike50,0.7827791133450978,0.21722088665490225,20
11,83,stroke,50,3,0,L1,syn_current,0.9461767897067034,0.05382321029329662,20
11,83,stroke,50,3,0,L1,pre_reset,0.9364272228743904,0.0635727771256096,20
11,83,stroke,50,3,0,L2,spike50,0.6149539004259739,0.38504609957402613,18
11,83,stroke,50,3,0,L2,syn_current,0.8289675704651234,0.17103242953487663,20
11,83,stroke,50,3,0,L2,pre_reset,0.7903252489640454,0.20967475103595457,20
11,83,stroke,50,3,1,L1,spike50,0.6505802712864662,0.3494197287135338,2
11,83,stroke,50,3,1,L1,syn_current,0.9122033172782501,0.0877966827217499,14
11,83,stroke,50,3,1,L1,pre_reset,0.9033365086008605,0.09666349139913955,14
11,83,stroke,50,3,1,L2,spike50,,,0
11,83,stroke,50,3,1,L2,syn_current,0.43753633678856724,0.5624636632114328,2
11,83,stroke,50,3,1,L2,pre_reset,0.3920539469134604,0.6079460530865396,2
11,83,stroke,50,3,2,L1,spike50,0.8830925836028325,0.11690741639716751,26
11,83,stroke,50,3,2,L1,syn_current,0.9972569110289704,0.0027430889710295947,26
11,83,stroke,50,3,2,L1,pre_reset,0.9908699561863034,0.009130043813696642,26
11,83,stroke,50,3,2,L2,spike50,0.7969840171366479,0.2030159828633521,26
11,83,stroke,50,3,2,L2,syn_current,0.8962178240998904,0.10378217590010963,26
11,83,stroke,50,3,2,L2,pre_reset,0.8822531360608609,0.11774686393913913,26
11,84,stroke,50,3,0,L1,spike50,1.0,0.0,16
11,84,stroke,50,3,0,L1,syn_current,1.0,0.0,16
11,84,stroke,50,3,0,L1,pre_reset,1.0,0.0,16
11,84,stroke,50,3,0,L2,spike50,1.0,0.0,16
11,84,stroke,50,3,0,L2,syn_current,1.0,0.0,16
11,84,stroke,50,3,0,L2,pre_reset,1.0,0.0,16
11,84,stroke,50,3,1,L1,spike50,0.9086010807679126,0.09139891923208743,19
11,84,stroke,50,3,1,L1,syn_current,0.9826134212653346,0.017386578734665425,19
11,84,stroke,50,3,1,L1,pre_reset,0.9703458345556543,0.029654165444345737,19
11,84,stroke,50,3,1,L2,spike50,0.5483674877786431,0.4516325122213569,19
11,84,stroke,50,3,1,L2,syn_current,0.7049395852522731,0.29506041474772693,19
11,84,stroke,50,3,1,L2,pre_reset,0.6988753606176742,0.3011246393823258,19
11,84,stroke,50,3,2,L1,spike50,0.9162757534474515,0.08372424655254851,11
11,84,stroke,50,3,2,L1,syn_current,0.9823148713473535,0.017685128652646487,11
11,84,stroke,50,3,2,L1,pre_reset,0.9666668293966367,0.03333317060336327,11
11,84,stroke,50,3,2,L2,spike50,0.530631800022645,0.469368199977355,11
11,84,stroke,50,3,2,L2,syn_current,0.7380551347682253,0.26194486523177474,11
11,84,stroke,50,3,2,L2,pre_reset,0.7298204122666522,0.2701795877333478,11
11,85,stroke,50,3,0,L1,spike50,0.755798705704028,0.24420129429597204,19
11,85,stroke,50,3,0,L1,syn_current,0.9725269461322847,0.027473053867715258,19
11,85,stroke,50,3,0,L1,pre_reset,0.9568197516799178,0.04318024832008216,19
11,85,stroke,50,3,0,L2,spike50,0.6363099368455448,0.3636900631544552,19
11,85,stroke,50,3,0,L2,syn_current,0.8082237000074733,0.19177629999252666,19
11,85,stroke,50,3,0,L2,pre_reset,0.7913678472818588,0.20863215271814117,19
11,85,stroke,50,3,1,L1,spike50,0.8158960316624624,0.18410396833753762,38
11,85,stroke,50,3,1,L1,syn_current,0.9816552889196339,0.01834471108036606,38
11,85,stroke,50,3,1,L1,pre_reset,0.9699308015208984,0.03006919847910161,38
11,85,stroke,50,3,1,L2,spike50,0.6604418306835919,0.33955816931640814,36
11,85,stroke,50,3,1,L2,syn_current,0.746854475611955,0.25314552438804505,38
11,85,stroke,50,3,1,L2,pre_reset,0.7308748660144385,0.2691251339855615,38
11,86,stroke,50,3,0,L1,spike50,0.7323126168893723,0.2676873831106277,13
11,86,stroke,50,3,0,L1,syn_current,0.9624818095943249,0.037518190405675056,14
11,86,stroke,50,3,0,L1,pre_reset,0.9455625181264955,0.0544374818735045,14
11,86,stroke,50,3,0,L2,spike50,0.6563671112130862,0.3436328887869138,11
11,86,stroke,50,3,0,L2,syn_current,0.7731994303349168,0.22680056966508322,13
11,86,stroke,50,3,0,L2,pre_reset,0.7537371523867519,0.24626284761324813,13
11,86,stroke,50,3,1,L1,spike50,0.7355011332924797,0.2644988667075203,9
11,86,stroke,50,3,1,L1,syn_current,0.9240267233495998,0.07597327665040021,12
11,86,stroke,50,3,1,L1,pre_reset,0.8923371386546878,0.10766286134531222,12
11,86,stroke,50,3,1,L2,spike50,0.2303908651728965,0.7696091348271035,7
11,86,stroke,50,3,1,L2,syn_current,0.46031636968079265,0.5396836303192074,9
11,86,stroke,50,3,1,L2,pre_reset,0.42300805753219084,0.5769919424678092,9
11,86,stroke,50,3,2,L1,spike50,0.8928234063575438,0.10717659364245624,20
11,86,stroke,50,3,2,L1,syn_current,0.9946292231833394,0.0053707768166606495,20
11,86,stroke,50,3,2,L1,pre_reset,0.9851437765901665,0.014856223409833502,20
11,86,stroke,50,3,2,L2,spike50,0.6833488321682334,0.3166511678317666,20
11,86,stroke,50,3,2,L2,syn_current,0.8718180329326843,0.12818196706731566,20
11,86,stroke,50,3,2,L2,pre_reset,0.846493496081519,0.15350650391848097,20
11,87,stroke,50,3,0,L1,spike50,0.6194551317693292,0.3805448682306708,11
11,87,stroke,50,3,0,L1,syn_current,0.936544752732498,0.06345524726750196,11
11,87,stroke,50,3,0,L1,pre_reset,0.9151778853056942,0.08482211469430578,11
11,87,stroke,50,3,0,L2,spike50,0.21018486514556747,0.7898151348544326,10
11,87,stroke,50,3,0,L2,syn_current,0.3566887838880896,0.6433112161119103,11
11,87,stroke,50,3,0,L2,pre_reset,0.3598775329517077,0.6401224670482923,11
11,87,stroke,50,3,1,L1,spike50,0.8316219768470771,0.16837802315292294,25
11,87,stroke,50,3,1,L1,syn_current,0.9785232526630249,0.021476747336975133,25
11,87,stroke,50,3,1,L1,pre_reset,0.9653792341043871,0.034620765895612915,25
11,87,stroke,50,3,1,L2,spike50,0.48170600285234555,0.5182939971476545,25
11,87,stroke,50,3,1,L2,syn_current,0.6460152018350303,0.35398479816496975,25
11,87,stroke,50,3,1,L2,pre_reset,0.6457250910662955,0.3542749089337045,25
11,87,stroke,50,3,2,L1,spike50,0.9804374541660912,0.019562545833908818,12
11,87,stroke,50,3,2,L1,syn_current,0.9996173719344598,0.0003826280655402359,12
11,87,stroke,50,3,2,L1,pre_reset,0.9945956431936452,0.00540435680635476,12
11,87,stroke,50,3,2,L2,spike50,0.9069828621892032,0.09301713781079679,12
11,87,stroke,50,3,2,L2,syn_current,0.9487574836011312,0.05124251639886879,12
11,87,stroke,50,3,2,L2,pre_reset,0.9432396361462282,0.05676036385377181,12
11,88,stroke,50,3,0,L1,spike50,0.7079086712532688,0.29209132874673116,14
11,88,stroke,50,3,0,L1,syn_current,0.9199382000637377,0.08006179993626228,17
11,88,stroke,50,3,0,L1,pre_reset,0.9050741251223156,0.09492587487768445,17
11,88,stroke,50,3,0,L2,spike50,0.05855905387292174,0.9414409461270783,13
11,88,stroke,50,3,0,L2,syn_current,0.1138485913299154,0.8861514086700846,14
11,88,stroke,50,3,0,L2,pre_reset,0.04922022691584301,0.950779773084157,14
11,88,stroke,50,3,1,L1,spike50,0.8868410429163333,0.11315895708366674,28
11,88,stroke,50,3,1,L1,syn_current,0.9780577130046036,0.021942286995396354,31
11,88,stroke,50,3,1,L1,pre_reset,0.9653357440823299,0.034664255917670084,31
11,88,stroke,50,3,1,L2,spike50,0.6685719588332744,0.33142804116672564,28
11,88,stroke,50,3,1,L2,syn_current,0.7890349750169359,0.21096502498306413,28
11,88,stroke,50,3,1,L2,pre_reset,0.7468790712018982,0.2531209287981018,28
11,90,stroke,50,3,0,L1,spike50,0.7244803986005153,0.2755196013994847,7
11,90,stroke,50,3,0,L1,syn_current,0.9578661287367667,0.04213387126323331,9
11,90,stroke,50,3,0,L1,pre_reset,0.9407737658852646,0.05922623411473538,9
11,90,stroke,50,3,0,L2,spike50,0.5811298779868329,0.4188701220131671,7
11,90,stroke,50,3,0,L2,syn_current,0.8569238379548392,0.14307616204516083,7
11,90,stroke,50,3,0,L2,pre_reset,0.8194190151678201,0.18058098483217988,7
11,90,stroke,50,3,1,L1,spike50,0.8792133316805213,0.12078666831947871,20
11,90,stroke,50,3,1,L1,syn_current,0.9707514327326789,0.029248567267321057,20
11,90,stroke,50,3,1,L1,pre_reset,0.9521066584303842,0.04789334156961578,20
11,90,stroke,50,3,1,L2,spike50,0.6772948932215392,0.32270510677846076,20
11,90,stroke,50,3,1,L2,syn_current,0.8121784834367004,0.1878215165632996,20
11,90,stroke,50,3,1,L2,pre_reset,0.8127257486187514,0.18727425138124865,20
11,90,stroke,50,3,2,L1,spike50,0.8254970722378615,0.1745029277621385,16
11,90,stroke,50,3,2,L1,syn_current,0.973240974603811,0.026759025396189018,18
11,90,stroke,50,3,2,L1,pre_reset,0.959248364946276,0.040751635053724033,18
11,90,stroke,50,3,2,L2,spike50,0.6388882236150447,0.3611117763849553,14
11,90,stroke,50,3,2,L2,syn_current,0.7828104298587152,0.21718957014128482,16
11,90,stroke,50,3,2,L2,pre_reset,0.7759411009223302,0.22405889907766985,16
11,91,stroke,50,3,0,L1,spike50,0.7344048159847448,0.26559518401525517,14
11,91,stroke,50,3,0,L1,syn_current,0.9624692103836342,0.0375307896163658,16
11,91,stroke,50,3,0,L1,pre_reset,0.9471527204324098,0.052847279567590166,16
11,91,stroke,50,3,0,L2,spike50,-0.10278815642678217,1.102788156426782,13
11,91,stroke,50,3,0,L2,syn_current,-0.06600694988219265,1.0660069498821927,14
11,91,stroke,50,3,0,L2,pre_reset,-0.10119540183742667,1.1011954018374266,14
11,91,stroke,50,3,1,L1,spike50,0.932717600155839,0.06728239984416096,48
11,91,stroke,50,3,1,L1,syn_current,0.9875694895568893,0.01243051044311072,50
11,91,stroke,50,3,1,L1,pre_reset,0.9777520268471207,0.022247973152879297,50
11,91,stroke,50,3,1,L2,spike50,0.8325178372737303,0.1674821627262697,47
11,91,stroke,50,3,1,L2,syn_current,0.9128016616842748,0.08719833831572521,48
11,91,stroke,50,3,1,L2,pre_reset,0.910904126942544,0.08909587305745603,48
11,92,stroke,50,3,0,L1,spike50,0.8429693202707603,0.15703067972923967,17
11,92,stroke,50,3,0,L1,syn_current,0.9762118851351352,0.023788114864864762,18
11,92,stroke,50,3,0,L1,pre_reset,0.9598707372472278,0.04012926275277218,18
11,92,stroke,50,3,0,L2,spike50,0.7663971715451794,0.2336028284548206,16
11,92,stroke,50,3,0,L2,syn_current,0.8867368561406019,0.11326314385939806,17
11,92,stroke,50,3,0,L2,pre_reset,0.8775028900973993,0.12249710990260065,17
11,92,stroke,50,3,1,L1,spike50,0.7216103654092773,0.27838963459072275,14
11,92,stroke,50,3,1,L1,syn_current,0.949572531202574,0.05042746879742599,16
11,92,stroke,50,3,1,L1,pre_reset,0.9326232260028521,0.06737677399714792,16
11,92,stroke,50,3,1,L2,spike50,0.5107453665535548,0.48925463344644515,12
11,92,stroke,50,3,1,L2,syn_current,0.5577116833981154,0.4422883166018846,14
11,92,stroke,50,3,1,L2,pre_reset,0.5320256813318709,0.4679743186681291,14
11,93,stroke,50,3,0,L1,spike50,0.7929973198794471,0.2070026801205529,11
11,93,stroke,50,3,0,L1,syn_current,0.9617295892421127,0.038270410757887285,16
11,93,stroke,50,3,0,L1,pre_reset,0.9503238394227989,0.049676160577201145,16
11,93,stroke,50,3,0,L2,spike50,0.6210598219421039,0.37894017805789615,9
11,93,stroke,50,3,0,L2,syn_current,0.8657262014216333,0.13427379857836674,11
11,93,stroke,50,3,0,L2,pre_reset,0.825646097039155,0.17435390296084496,11
11,93,stroke,50,3,1,L1,spike50,0.7688591087548527,0.23114089124514725,30
11,93,stroke,50,3,1,L1,syn_current,0.9655303715875664,0.03446962841243362,30
11,93,stroke,50,3,1,L1,pre_reset,0.9500514490587607,0.04994855094123929,30
11,93,stroke,50,3,1,L2,spike50,0.5457845958241958,0.4542154041758042,29
11,93,stroke,50,3,1,L2,syn_current,0.6744561026815278,0.3255438973184722,30
11,93,stroke,50,3,1,L2,pre_reset,0.65768204476607,0.34231795523393005,30
11,96,stroke,50,3,0,L1,spike50,0.837214372102937,0.16278562789706297,17
11,96,stroke,50,3,0,L1,syn_current,0.9767832318670313,0.02321676813296869,18
11,96,stroke,50,3,0,L1,pre_reset,0.9611666664480614,0.03883333355193863,18
11,96,stroke,50,3,0,L2,spike50,0.537343161389768,0.462656838610232,16
11,96,stroke,50,3,0,L2,syn_current,0.7640822398604525,0.23591776013954746,17
11,96,stroke,50,3,0,L2,pre_reset,0.7540498687245802,0.24595013127541976,17
11,96,stroke,50,3,1,L1,spike50,0.8313596468286573,0.16864035317134274,45
11,96,stroke,50,3,1,L1,syn_current,0.9787872780862773,0.0212127219137227,45
11,96,stroke,50,3,1,L1,pre_reset,0.9676896854920292,0.03231031450797084,45
11,96,stroke,50,3,1,L2,spike50,0.7512737636793883,0.24872623632061175,44
11,96,stroke,50,3,1,L2,syn_current,0.8434663609123766,0.1565336390876234,45
11,96,stroke,50,3,1,L2,pre_reset,0.8243642269173822,0.1756357730826178,45
11,98,stroke,50,3,0,L1,spike50,0.7717651694185835,0.22823483058141647,14
11,98,stroke,50,3,0,L1,syn_current,0.9624077766044921,0.03759222339550794,16
11,98,stroke,50,3,0,L1,pre_reset,0.9526073341774141,0.047392665822585944,16
11,98,stroke,50,3,0,L2,spike50,0.2617318699052278,0.7382681300947722,13
11,98,stroke,50,3,0,L2,syn_current,0.42362177451132305,0.5763782254886769,14
11,98,stroke,50,3,0,L2,pre_reset,0.4020037193661648,0.5979962806338353,14
11,98,stroke,50,3,1,L1,spike50,0.7356825042968104,0.26431749570318963,17
11,98,stroke,50,3,1,L1,syn_current,0.9565954103938429,0.04340458960615712,20
11,98,stroke,50,3,1,L1,pre_reset,0.9391659248762364,0.0608340751237636,20
11,98,stroke,50,3,1,L2,spike50,0.41176579263434254,0.5882342073656575,17
11,98,stroke,50,3,1,L2,syn_current,0.6778271769007771,0.3221728230992229,17
11,98,stroke,50,3,1,L2,pre_reset,0.6608076824452058,0.3391923175547942,17
11,98,stroke,50,3,2,L1,spike50,0.9502794110784775,0.049720588921522535,15
11,98,stroke,50,3,2,L1,syn_current,0.998422487524536,0.0015775124754640046,15
11,98,stroke,50,3,2,L1,pre_reset,0.9898706345829613,0.010129365417038683,15
11,98,stroke,50,3,2,L2,spike50,0.8759263206142882,0.12407367938571179,15
11,98,stroke,50,3,2,L2,syn_current,0.9257549367974078,0.07424506320259217,15
11,98,stroke,50,3,2,L2,pre_reset,0.9185249920545957,0.0814750079454043,15
11,100,stroke,50,3,0,L1,spike50,0.8476884622099526,0.15231153779004736,12
11,100,stroke,50,3,0,L1,syn_current,0.9676813685817669,0.0323186314182331,18
11,100,stroke,50,3,0,L1,pre_reset,0.9580692585451946,0.041930741454805354,18
11,100,stroke,50,3,0,L2,spike50,0.532573867876913,0.46742613212308703,8
11,100,stroke,50,3,0,L2,syn_current,0.6766826892872992,0.32331731071270076,12
11,100,stroke,50,3,0,L2,pre_reset,0.6675134402725056,0.3324865597274944,12
11,100,stroke,50,3,1,L1,spike50,0.919497825539045,0.08050217446095498,15
11,100,stroke,50,3,1,L1,syn_current,0.9987470119133859,0.0012529880866141152,15
11,100,stroke,50,3,1,L1,pre_reset,0.9896498340099857,0.01035016599001426,15
11,100,stroke,50,3,1,L2,spike50,0.84898343714246,0.15101656285753995,15
11,100,stroke,50,3,1,L2,syn_current,0.9557318303378005,0.044268169662199486,15
11,100,stroke,50,3,1,L2,pre_reset,0.9570922280991486,0.04290777190085138,15
11,100,stroke,50,3,2,L1,spike50,0.6051637774331374,0.39483622256686257,12
11,100,stroke,50,3,2,L1,syn_current,0.9523917280649179,0.0476082719350821,22
11,100,stroke,50,3,2,L1,pre_reset,0.9361330981165193,0.06386690188348065,22
11,100,stroke,50,3,2,L2,spike50,0.26272574261269843,0.7372742573873016,4
11,100,stroke,50,3,2,L2,syn_current,0.4102974363584612,0.5897025636415387,13
11,100,stroke,50,3,2,L2,pre_reset,0.38193065809201726,0.6180693419079828,13
11,101,stroke,50,3,0,L1,spike50,0.7167207789479046,0.28327922105209535,20
11,101,stroke,50,3,0,L1,syn_current,0.9370903296346969,0.06290967036530315,20
11,101,stroke,50,3,0,L1,pre_reset,0.9255546854037942,0.07444531459620585,20
11,101,stroke,50,3,0,L2,spike50,0.15052788627490893,0.8494721137250911,17
11,101,stroke,50,3,0,L2,syn_current,0.22407779605154485,0.7759222039484551,20
11,101,stroke,50,3,0,L2,pre_reset,0.17848227856702592,0.8215177214329741,20
11,101,stroke,50,3,1,L1,spike50,0.8935534000018635,0.10644659999813655,49
11,101,stroke,50,3,1,L1,syn_current,0.9796117340890583,0.020388265910941672,53
11,101,stroke,50,3,1,L1,pre_reset,0.9700268817113851,0.02997311828861493,53
11,101,stroke,50,3,1,L2,spike50,0.8020326040870933,0.19796739591290669,47
11,101,stroke,50,3,1,L2,syn_current,0.8481502606225207,0.15184973937747925,49
11,101,stroke,50,3,1,L2,pre_reset,0.833253821135405,0.16674617886459497,49
11,102,stroke,50,3,0,L1,spike50,0.6371048774002436,0.3628951225997564,3
11,102,stroke,50,3,0,L1,syn_current,0.8887167089137501,0.1112832910862499,10
11,102,stroke,50,3,0,L1,pre_reset,0.8889924080168417,0.11100759198315835,10
11,102,stroke,50,3,0,L2,spike50,,,0
11,102,stroke,50,3,0,L2,syn_current,-0.26008161846791816,1.2600816184679182,3
11,102,stroke,50,3,0,L2,pre_reset,-0.281659940698972,1.281659940698972,3
11,102,stroke,50,3,1,L1,spike50,0.8620118588651756,0.13798814113482438,12
11,102,stroke,50,3,1,L1,syn_current,0.9749760732438989,0.0250239267561011,21
11,102,stroke,50,3,1,L1,pre_reset,0.9618153560573797,0.03818464394262033,21
11,102,stroke,50,3,1,L2,spike50,0.625022019383356,0.374977980616644,10
11,102,stroke,50,3,1,L2,syn_current,0.8310544240515213,0.1689455759484787,12
11,102,stroke,50,3,1,L2,pre_reset,0.8091831580169552,0.19081684198304483,12
11,102,stroke,50,3,2,L1,spike50,0.9597979642860893,0.04020203571391068,16
11,102,stroke,50,3,2,L1,syn_current,0.9995649373993716,0.00043506260062842195,16
11,102,stroke,50,3,2,L1,pre_reset,0.9929405186542848,0.007059481345715213,16
11,102,stroke,50,3,2,L2,spike50,0.9305316308735988,0.0694683691264012,16
11,102,stroke,50,3,2,L2,syn_current,0.9670289073038764,0.03297109269612364,16
11,102,stroke,50,3,2,L2,pre_reset,0.9607470242737772,0.03925297572622277,16
11,103,stroke,50,3,0,L1,spike50,0.8514669437028146,0.14853305629718538,27
11,103,stroke,50,3,0,L1,syn_current,0.9204571841138134,0.07954281588618661,37
11,103,stroke,50,3,0,L1,pre_reset,0.9044076280781213,0.09559237192187875,37
11,103,stroke,50,3,0,L2,spike50,0.6395869646878243,0.3604130353121757,26
11,103,stroke,50,3,0,L2,syn_current,0.7190928787037129,0.28090712129628714,27
11,103,stroke,50,3,0,L2,pre_reset,0.6892910265372637,0.3107089734627363,27
11,103,stroke,50,3,1,L1,spike50,0.8882387821309807,0.11176121786901927,28
11,103,stroke,50,3,1,L1,syn_current,0.952616593234894,0.047383406765105995,33
11,103,stroke,50,3,1,L1,pre_reset,0.9347225948643683,0.06527740513563174,33
11,103,stroke,50,3,1,L2,spike50,0.6406985528429595,0.3593014471570405,27
11,103,stroke,50,3,1,L2,syn_current,0.8467097112844735,0.15329028871552652,28
11,103,stroke,50,3,1,L2,pre_reset,0.8222290257045418,0.17777097429545818,28
11,104,stroke,50,3,0,L1,spike50,0.7925649111191804,0.20743508888081963,8
11,104,stroke,50,3,0,L1,syn_current,0.9263047657411924,0.07369523425880764,12
11,104,stroke,50,3,0,L1,pre_reset,0.9029858018794111,0.09701419812058887,12
11,104,stroke,50,3,0,L2,spike50,0.32802998344141315,0.6719700165585869,6
11,104,stroke,50,3,0,L2,syn_current,0.6829640469574962,0.31703595304250376,8
11,104,stroke,50,3,0,L2,pre_reset,0.6647073848166304,0.3352926151833696,8
11,104,stroke,50,3,1,L1,spike50,0.911341287268274,0.08865871273172599,33
11,104,stroke,50,3,1,L1,syn_current,0.997246471732262,0.0027535282677380035,33
11,104,stroke,50,3,1,L1,pre_reset,0.9914651766848998,0.008534823315100248,33
11,104,stroke,50,3,1,L2,spike50,0.772808370973012,0.22719162902698797,33
11,104,stroke,50,3,1,L2,syn_current,0.9015129734655382,0.09848702653446184,33
11,104,stroke,50,3,1,L2,pre_reset,0.885288906013571,0.11471109398642898,33
11,104,stroke,50,3,2,L1,spike50,0.6439819461542207,0.35601805384577934,14
11,104,stroke,50,3,2,L1,syn_current,0.952740453839657,0.047259546160343,14
11,104,stroke,50,3,2,L1,pre_reset,0.9451367520447247,0.05486324795527531,14
11,104,stroke,50,3,2,L2,spike50,0.5824356810052411,0.4175643189947589,13
11,104,stroke,50,3,2,L2,syn_current,0.7905464017034962,0.20945359829650378,14
11,104,stroke,50,3,2,L2,pre_reset,0.7415995812159385,0.2584004187840615,14
11,105,stroke,50,3,0,L1,spike50,0.751722035170427,0.24827796482957298,17
11,105,stroke,50,3,0,L1,syn_current,0.9538761828134066,0.04612381718659342,18
11,105,stroke,50,3,0,L1,pre_reset,0.9285667548276036,0.07143324517239635,18
11,105,stroke,50,3,0,L2,spike50,0.358350579853397,0.641649420146603,15
11,105,stroke,50,3,0,L2,syn_current,0.431467294964733,0.568532705035267,17
11,105,stroke,50,3,0,L2,pre_reset,0.39714487182170877,0.6028551281782912,17
11,105,stroke,50,3,1,L1,spike50,0.9059663608659935,0.09403363913400653,47
11,105,stroke,50,3,1,L1,syn_current,0.9681270624537683,0.03187293754623166,51
11,105,stroke,50,3,1,L1,pre_reset,0.9520312948261107,0.04796870517388929,51
11,105,stroke,50,3,1,L2,spike50,0.7051873224628213,0.29481267753717866,45
11,105,stroke,50,3,1,L2,syn_current,0.8065579087976994,0.1934420912023006,47
11,105,stroke,50,3,1,L2,pre_reset,0.7641434268827113,0.2358565731172887,47
11,106,stroke,50,3,0,L1,spike50,0.7975246555143279,0.20247534448567206,12
11,106,stroke,50,3,0,L1,syn_current,0.9486730473010994,0.05132695269890064,12
11,106,stroke,50,3,0,L1,pre_reset,0.9218734105821986,0.07812658941780137,12
11,106,stroke,50,3,0,L2,spike50,0.5172833017142339,0.48271669828576613,12
11,106,stroke,50,3,0,L2,syn_current,0.7172330691224696,0.28276693087753035,12
11,106,stroke,50,3,0,L2,pre_reset,0.6658970032077979,0.3341029967922021,12
11,106,stroke,50,3,1,L1,spike50,0.8811849484244151,0.11881505157558492,13
11,106,stroke,50,3,1,L1,syn_current,0.9732621436417872,0.026737856358212797,13
11,106,stroke,50,3,1,L1,pre_reset,0.9576308093046901,0.042369190695309866,13
11,106,stroke,50,3,1,L2,spike50,0.7001317927443457,0.29986820725565433,13
11,106,stroke,50,3,1,L2,syn_current,0.8863389578762485,0.1136610421237515,13
11,106,stroke,50,3,1,L2,pre_reset,0.8734594485132958,0.12654055148670418,13
11,107,stroke,50,3,0,L1,spike50,0.5760686155785704,0.42393138442142964,9
11,107,stroke,50,3,0,L1,syn_current,0.8934553349666562,0.10654466503334381,10
11,107,stroke,50,3,0,L1,pre_reset,0.8671290626778843,0.13287093732211575,10
11,107,stroke,50,3,0,L2,spike50,0.2524387935577307,0.7475612064422693,9
11,107,stroke,50,3,0,L2,syn_current,0.4239783747631065,0.5760216252368935,9
11,107,stroke,50,3,0,L2,pre_reset,0.4545336427986887,0.5454663572013113,9
11,107,stroke,50,3,1,L1,spike50,0.8806857012252487,0.1193142987747513,11
11,107,stroke,50,3,1,L1,syn_current,0.9896697889454795,0.010330211054520477,11
11,107,stroke,50,3,1,L1,pre_reset,0.9757880246719708,0.02421197532802921,11
11,107,stroke,50,3,1,L2,spike50,0.7714431603690983,0.22855683963090168,11
11,107,stroke,50,3,1,L2,syn_current,0.8974473655291586,0.1025526344708414,11
11,107,stroke,50,3,1,L2,pre_reset,0.8979254693008346,0.10207453069916539,11
11,107,stroke,50,3,2,L1,spike50,0.9299076667174043,0.07009233328259568,27
11,107,stroke,50,3,2,L1,syn_current,0.9848982346902808,0.015101765309719184,27
11,107,stroke,50,3,2,L1,pre_reset,0.9683511338327696,0.031648866167230394,27
11,107,stroke,50,3,2,L2,spike50,0.8262880011609313,0.17371199883906874,27
11,107,stroke,50,3,2,L2,syn_current,0.9085054529406408,0.09149454705935922,27
11,107,stroke,50,3,2,L2,pre_reset,0.9089508969787619,0.09104910302123814,27
11,110,stroke,50,3,0,L1,spike50,0.5781293600177145,0.42187063998228547,14
11,110,stroke,50,3,0,L1,syn_current,0.9372822740338637,0.06271772596613634,14
11,110,stroke,50,3,0,L1,pre_reset,0.9252652402980612,0.07473475970193877,14
11,110,stroke,50,3,0,L2,spike50,0.064030454371528,0.935969545628472,12
11,110,stroke,50,3,0,L2,syn_current,0.13505896844701695,0.8649410315529831,14
11,110,stroke,50,3,0,L2,pre_reset,0.105009584847873,0.894990415152127,14
11,110,stroke,50,3,1,L1,spike50,0.8708864586292927,0.1291135413707073,20
11,110,stroke,50,3,1,L1,syn_current,0.9843332344747608,0.015666765525239157,20
11,110,stroke,50,3,1,L1,pre_reset,0.9720779826655803,0.02792201733441968,20
11,110,stroke,50,3,1,L2,spike50,0.7542464826570408,0.24575351734295925,20
11,110,stroke,50,3,1,L2,syn_current,0.8726952209092429,0.1273047790907571,20
11,110,stroke,50,3,1,L2,pre_reset,0.8677019078093251,0.1322980921906749,20
11,111,stroke,50,3,0,L1,spike50,0.729200284356931,0.27079971564306904,13
11,111,stroke,50,3,0,L1,syn_current,0.958227171049088,0.041772828950912055,13
11,111,stroke,50,3,0,L1,pre_reset,0.9412645511004295,0.0587354488995705,13
11,111,stroke,50,3,0,L2,spike50,0.33343512588489627,0.6665648741151038,11
11,111,stroke,50,3,0,L2,syn_current,0.45542088668850017,0.5445791133114999,13
11,111,stroke,50,3,0,L2,pre_reset,0.43919585614262524,0.5608041438573748,13
11,111,stroke,50,3,1,L1,spike50,0.8131718727702464,0.18682812722975362,12
11,111,stroke,50,3,1,L1,syn_current,0.9734400403107777,0.026559959689222312,13
11,111,stroke,50,3,1,L1,pre_reset,0.9609289613657425,0.03907103863425754,13
11,111,stroke,50,3,1,L2,spike50,0.46422263740507613,0.5357773625949238,11
11,111,stroke,50,3,1,L2,syn_current,0.6072332788179723,0.3927667211820277,12
11,111,stroke,50,3,1,L2,pre_reset,0.5830540575752182,0.4169459424247818,12
11,111,stroke,50,3,2,L1,spike50,0.9540009717376955,0.04599902826230451,14
11,111,stroke,50,3,2,L1,syn_current,0.9984150794909205,0.001584920509079546,14
11,111,stroke,50,3,2,L1,pre_reset,0.9889796063936378,0.0110203936063622,14
11,111,stroke,50,3,2,L2,spike50,0.7874753662247548,0.21252463377524522,14
11,111,stroke,50,3,2,L2,syn_current,0.8965500153808466,0.10344998461915345,14
11,111,stroke,50,3,2,L2,pre_reset,0.8929762444337512,0.10702375556624877,14
11,112,stroke,50,3,0,L1,spike50,0.6482997086216181,0.3517002913783819,13
11,112,stroke,50,3,0,L1,syn_current,0.9476850051977185,0.05231499480228152,13
11,112,stroke,50,3,0,L1,pre_reset,0.9303143160852166,0.06968568391478336,13
11,112,stroke,50,3,0,L2,spike50,0.33846341677405295,0.661536583225947,12
11,112,stroke,50,3,0,L2,syn_current,0.5161512532060171,0.48384874679398293,13
11,112,stroke,50,3,0,L2,pre_reset,0.4677346218086864,0.5322653781913136,13
11,112,stroke,50,3,1,L1,spike50,0.8555542566646482,0.14444574333535176,13
11,112,stroke,50,3,1,L1,syn_current,0.9779298492409464,0.02207015075905361,13
11,112,stroke,50,3,1,L1,pre_reset,0.9710041969463936,0.028995803053606384,13
11,112,stroke,50,3,1,L2,spike50,0.28952198385092787,0.7104780161490721,13
11,112,stroke,50,3,1,L2,syn_current,0.3597663946458157,0.6402336053541843,13
11,112,stroke,50,3,1,L2,pre_reset,0.3095358797020774,0.6904641202979226,13
11,112,stroke,50,3,2,L1,spike50,0.6432990542628315,0.3567009457371685,8
11,112,stroke,50,3,2,L1,syn_current,0.8679796808425678,0.13202031915743218,11
11,112,stroke,50,3,2,L1,pre_reset,0.8343759547940715,0.16562404520592855,11
11,112,stroke,50,3,2,L2,spike50,0.2662037258074856,0.7337962741925144,7
11,112,stroke,50,3,2,L2,syn_current,0.4870045880401139,0.5129954119598861,8
11,112,stroke,50,3,2,L2,pre_reset,0.43770548044458957,0.5622945195554104,8
11,113,stroke,50,3,0,L1,spike50,0.54922648410675,0.45077351589325,10
11,113,stroke,50,3,0,L1,syn_current,0.933069806830782,0.066930193169218,12
11,113,stroke,50,3,0,L1,pre_reset,0.9296022560448058,0.07039774395519416,12
11,113,stroke,50,3,0,L2,spike50,0.4152277446250532,0.5847722553749468,9
11,113,stroke,50,3,0,L2,syn_current,0.6412195988278506,0.3587804011721494,10
11,113,stroke,50,3,0,L2,pre_reset,0.5942008921058948,0.4057991078941052,10
11,113,stroke,50,3,1,L1,spike50,0.9155203426808647,0.08447965731913532,27
11,113,stroke,50,3,1,L1,syn_current,0.9889021643585453,0.011097835641454723,27
11,113,stroke,50,3,1,L1,pre_reset,0.975600525333841,0.024399474666158993,27
11,113,stroke,50,3,1,L2,spike50,0.8515713291782162,0.1484286708217838,27
11,113,stroke,50,3,1,L2,syn_current,0.9299364166485822,0.07006358335141782,27
11,113,stroke,50,3,1,L2,pre_reset,0.935719962085733,0.06428003791426695,27
11,114,stroke,50,3,0,L1,spike50,0.6356649796125907,0.3643350203874093,10
11,114,stroke,50,3,0,L1,syn_current,0.9262080000441912,0.07379199995580876,11
11,114,stroke,50,3,0,L1,pre_reset,0.9009134169902417,0.09908658300975826,11
11,114,stroke,50,3,0,L2,spike50,-0.00886512667104575,1.0088651266710458,9
11,114,stroke,50,3,0,L2,syn_current,0.10684936204025926,0.8931506379597407,10
11,114,stroke,50,3,0,L2,pre_reset,0.08174522060336988,0.9182547793966301,10
11,114,stroke,50,3,1,L1,spike50,0.9185183688015336,0.08148163119846641,10
11,114,stroke,50,3,1,L1,syn_current,0.9860062890823686,0.013993710917631352,10
11,114,stroke,50,3,1,L1,pre_reset,0.9769394557298317,0.02306054427016835,10
11,114,stroke,50,3,1,L2,spike50,0.5301014135762981,0.46989858642370186,10
11,114,stroke,50,3,1,L2,syn_current,0.7741204738795365,0.22587952612046347,10
11,114,stroke,50,3,1,L2,pre_reset,0.7681830104820462,0.23181698951795382,10
11,114,stroke,50,3,2,L1,spike50,0.792658006502604,0.20734199349739602,12
11,114,stroke,50,3,2,L1,syn_current,0.963404365312976,0.03659563468702398,12
11,114,stroke,50,3,2,L1,pre_reset,0.9415332432177549,0.05846675678224511,12
11,114,stroke,50,3,2,L2,spike50,0.5048658742095664,0.4951341257904336,12
11,114,stroke,50,3,2,L2,syn_current,0.7171051663402924,0.2828948336597076,12
11,114,stroke,50,3,2,L2,pre_reset,0.7054208310419061,0.2945791689580939,12
11,115,stroke,50,3,0,L1,spike50,0.6204975237377787,0.37950247626222133,8
11,115,stroke,50,3,0,L1,syn_current,0.9392248555184604,0.060775144481539645,8
11,115,stroke,50,3,0,L1,pre_reset,0.9143621599176057,0.08563784008239428,8
11,115,stroke,50,3,0,L2,spike50,0.08635655156612192,0.9136434484338781,8
11,115,stroke,50,3,0,L2,syn_current,0.2641383550531184,0.7358616449468816,8
11,115,stroke,50,3,0,L2,pre_reset,0.23121218324401488,0.7687878167559852,8
11,115,stroke,50,3,1,L1,spike50,0.9585539543005558,0.04144604569944421,10
11,115,stroke,50,3,1,L1,syn_current,0.9960131965623529,0.003986803437647124,10
11,115,stroke,50,3,1,L1,pre_reset,0.9899335049999406,0.010066495000059406,10
11,115,stroke,50,3,1,L2,spike50,0.6347026565771988,0.3652973434228012,10
11,115,stroke,50,3,1,L2,syn_current,0.8052006440421886,0.1947993559578114,10
11,115,stroke,50,3,1,L2,pre_reset,0.7723253333427792,0.2276746666572208,10
11,115,stroke,50,3,2,L1,spike50,0.7513939154108342,0.24860608458916578,21
11,115,stroke,50,3,2,L1,syn_current,0.9528898089527724,0.04711019104722758,21
11,115,stroke,50,3,2,L1,pre_reset,0.9377941891082906,0.0622058108917094,21
11,115,stroke,50,3,2,L2,spike50,0.3417393941993862,0.6582606058006137,21
11,115,stroke,50,3,2,L2,syn_current,0.5123874790731836,0.4876125209268164,21
11,115,stroke,50,3,2,L2,pre_reset,0.49584831437334576,0.5041516856266542,21
11,116,stroke,50,3,0,L1,spike50,0.5774225937361824,0.42257740626381757,10
11,116,stroke,50,3,0,L1,syn_current,0.916795074812249,0.08320492518775102,10
11,116,stroke,50,3,0,L1,pre_reset,0.8937662337915482,0.10623376620845182,10
11,116,stroke,50,3,0,L2,spike50,0.2219654226654776,0.7780345773345224,10
11,116,stroke,50,3,0,L2,syn_current,0.3455306150793955,0.6544693849206045,10
11,116,stroke,50,3,0,L2,pre_reset,0.3595687311282254,0.6404312688717746,10
11,116,stroke,50,3,1,L1,spike50,0.8975913305536629,0.10240866944633709,19
11,116,stroke,50,3,1,L1,syn_current,0.9829560865490478,0.01704391345095224,19
11,116,stroke,50,3,1,L1,pre_reset,0.9683097280786575,0.03169027192134255,19
11,116,stroke,50,3,1,L2,spike50,0.5891787722665308,0.4108212277334692,19
11,116,stroke,50,3,1,L2,syn_current,0.8279243374214041,0.17207566257859586,19
11,116,stroke,50,3,1,L2,pre_reset,0.8243765880556106,0.17562341194438935,19
11,119,stroke,50,3,0,L1,spike50,0.6565020815645701,0.34349791843542987,15
11,119,stroke,50,3,0,L1,syn_current,0.9279806308865685,0.07201936911343154,15
11,119,stroke,50,3,0,L1,pre_reset,0.9015658868358087,0.09843411316419126,15
11,119,stroke,50,3,0,L2,spike50,0.03620237737929842,0.9637976226207016,14
11,119,stroke,50,3,0,L2,syn_current,0.07303330199189752,0.9269666980081025,15
11,119,stroke,50,3,0,L2,pre_reset,0.058759555355038316,0.9412404446449617,15
11,119,stroke,50,3,1,L1,spike50,0.9111904142947441,0.08880958570525588,37
11,119,stroke,50,3,1,L1,syn_current,0.9867714387478791,0.013228561252120907,38
11,119,stroke,50,3,1,L1,pre_reset,0.9768545496507173,0.023145450349282726,38
11,119,stroke,50,3,1,L2,spike50,0.7087916141604144,0.29120838583958564,37
11,119,stroke,50,3,1,L2,syn_current,0.83247602173931,0.16752397826069,37
11,119,stroke,50,3,1,L2,pre_reset,0.8218041210349977,0.17819587896500233,37
11,120,stroke,50,3,0,L1,spike50,0.6672254691964242,0.3327745308035758,11
11,120,stroke,50,3,0,L1,syn_current,0.9154938649162285,0.08450613508377147,11
11,120,stroke,50,3,0,L1,pre_reset,0.8881912506653269,0.11180874933467311,11
11,120,stroke,50,3,0,L2,spike50,0.26996941087537163,0.7300305891246284,11
11,120,stroke,50,3,0,L2,syn_current,0.3895941730432328,0.6104058269567672,11
11,120,stroke,50,3,0,L2,pre_reset,0.36250160367819745,0.6374983963218026,11
11,120,stroke,50,3,1,L1,spike50,0.8791325699691661,0.12086743003083389,10
11,120,stroke,50,3,1,L1,syn_current,0.9717880251640427,0.028211974835957276,10
11,120,stroke,50,3,1,L1,pre_reset,0.9586010156784921,0.0413989843215079,10
11,120,stroke,50,3,1,L2,spike50,0.6451656698772306,0.35483433012276944,10
11,120,stroke,50,3,1,L2,syn_current,0.8854964017565656,0.11450359824343437,10
11,120,stroke,50,3,1,L2,pre_reset,0.8721132749062015,0.1278867250937985,10
11,121,stroke,50,3,0,L1,spike50,0.7992711060859407,0.20072889391405935,12
11,121,stroke,50,3,0,L1,syn_current,0.9755646975063739,0.024435302493626132,12
11,121,stroke,50,3,0,L1,pre_reset,0.9619802850829214,0.03801971491707856,12
11,121,stroke,50,3,0,L2,spike50,0.4824851464300819,0.5175148535699181,12
11,121,stroke,50,3,0,L2,syn_current,0.6490495979120544,0.3509504020879456,12
11,121,stroke,50,3,0,L2,pre_reset,0.6455048555841422,0.35449514441585783,12
11,121,stroke,50,3,1,L1,spike50,0.939835314957426,0.060164685042573995,44
11,121,stroke,50,3,1,L1,syn_current,0.9933234082961355,0.006676591703864476,44
11,121,stroke,50,3,1,L1,pre_reset,0.9829467867415137,0.0170532132584863,44
11,121,stroke,50,3,1,L2,spike50,0.832226695713976,0.167773304286024,44
11,121,stroke,50,3,1,L2,syn_current,0.9011433944199834,0.09885660558001663,44
11,121,stroke,50,3,1,L2,pre_reset,0.896269761388038,0.10373023861196196,44
11,125,stroke,50,3,0,L1,spike50,0.6895004234090026,0.31049957659099736,13
11,125,stroke,50,3,0,L1,syn_current,0.9082364705322032,0.09176352946779676,16
11,125,stroke,50,3,0,L1,pre_reset,0.8878837471355558,0.11211625286444415,16
11,125,stroke,50,3,0,L2,spike50,0.12937039133287265,0.8706296086671274,10
11,125,stroke,50,3,0,L2,syn_current,0.08480823744693405,0.9151917625530659,13
11,125,stroke,50,3,0,L2,pre_reset,0.005358922494449392,0.9946410775055506,13
11,125,stroke,50,3,1,L1,spike50,0.9035924824799182,0.09640751752008181,32
11,125,stroke,50,3,1,L1,syn_current,0.9850430850065102,0.014956914993489834,34
11,125,stroke,50,3,1,L1,pre_reset,0.9759283781319856,0.02407162186801437,34
11,125,stroke,50,3,1,L2,spike50,0.7180403766024148,0.2819596233975852,31
11,125,stroke,50,3,1,L2,syn_current,0.8409609754694319,0.15903902453056806,32
11,125,stroke,50,3,1,L2,pre_reset,0.8222330570124299,0.17776694298757012,32
11,126,stroke,50,3,0,L1,spike50,0.832436765982435,0.167563234017565,13
11,126,stroke,50,3,0,L1,syn_current,0.9484784270590958,0.0515215729409042,16
11,126,stroke,50,3,0,L1,pre_reset,0.9207672401338702,0.07923275986612976,16
11,126,stroke,50,3,0,L2,spike50,0.3763119045772512,0.6236880954227488,11
11,126,stroke,50,3,0,L2,syn_current,0.6216737671014495,0.3783262328985505,13
11,126,stroke,50,3,0,L2,pre_reset,0.6420496124960563,0.3579503875039437,13
11,126,stroke,50,3,1,L1,spike50,0.7671743448221255,0.23282565517787446,13
11,126,stroke,50,3,1,L1,syn_current,0.9789364806198961,0.021063519380103868,13
11,126,stroke,50,3,1,L1,pre_reset,0.964915430721332,0.03508456927866799,13
11,126,stroke,50,3,1,L2,spike50,0.5963856773437385,0.4036143226562615,11
11,126,stroke,50,3,1,L2,syn_current,0.6710825617817189,0.3289174382182811,13
11,126,stroke,50,3,1,L2,pre_reset,0.652047366572465,0.347952633427535,13
11,127,stroke,50,3,0,L1,spike50,0.7856339602343844,0.21436603976561563,23
11,127,stroke,50,3,0,L1,syn_current,0.97088994883627,0.02911005116373,25
11,127,stroke,50,3,0,L1,pre_reset,0.9530843769082193,0.046915623091780656,25
11,127,stroke,50,3,0,L2,spike50,0.3122958886082529,0.687704111391747,21
11,127,stroke,50,3,0,L2,syn_current,0.475600264695685,0.524399735304315,23
11,127,stroke,50,3,0,L2,pre_reset,0.45190614988601396,0.548093850113986,23
11,127,stroke,50,3,1,L1,spike50,0.7059543744515518,0.29404562554844815,8
11,127,stroke,50,3,1,L1,syn_current,0.9582065099761021,0.04179349002389787,8
11,127,stroke,50,3,1,L1,pre_reset,0.9320343661944999,0.06796563380550014,8
11,127,stroke,50,3,1,L2,spike50,0.5150548611010175,0.4849451388989825,8
11,127,stroke,50,3,1,L2,syn_current,0.8003010107994966,0.19969898920050344,8
11,127,stroke,50,3,1,L2,pre_reset,0.7968252543456253,0.20317474565437466,8
11,127,stroke,50,3,2,L1,spike50,0.8997243951480804,0.10027560485191955,8
11,127,stroke,50,3,2,L1,syn_current,0.9839029919595693,0.016097008040430683,8
11,127,stroke,50,3,2,L1,pre_reset,0.9659324905535303,0.034067509446469746,8
11,127,stroke,50,3,2,L2,spike50,0.8155437537868331,0.18445624621316692,8
11,127,stroke,50,3,2,L2,syn_current,0.8886241193450986,0.11137588065490145,8
11,127,stroke,50,3,2,L2,pre_reset,0.9027796381644062,0.0972203618355938,8
11,128,stroke,50,3,0,L1,spike50,0.8402360686567978,0.15976393134320221,23
11,128,stroke,50,3,0,L1,syn_current,0.9854041954520704,0.014595804547929636,23
11,128,stroke,50,3,0,L1,pre_reset,0.9724536543901895,0.027546345609810508,23
11,128,stroke,50,3,0,L2,spike50,0.4591210599374768,0.5408789400625231,22
11,128,stroke,50,3,0,L2,syn_current,0.6826251813188428,0.31737481868115724,23
11,128,stroke,50,3,0,L2,pre_reset,0.6691364213673243,0.3308635786326757,23
11,128,stroke,50,3,1,L1,spike50,0.6998505677477058,0.3001494322522942,24
11,128,stroke,50,3,1,L1,syn_current,0.9649745440102935,0.03502545598970652,25
11,128,stroke,50,3,1,L1,pre_reset,0.9536976230017774,0.046302376998222594,25
11,128,stroke,50,3,1,L2,spike50,0.45471076711336195,0.5452892328866381,24
11,128,stroke,50,3,1,L2,syn_current,0.6693639639591834,0.3306360360408166,25
11,128,stroke,50,3,1,L2,pre_reset,0.6363936154663531,0.3636063845336469,25
11,130,stroke,50,3,0,L1,spike50,0.6406188114650566,0.3593811885349434,5
11,130,stroke,50,3,0,L1,syn_current,0.9180008440336934,0.08199915596630658,22
11,130,stroke,50,3,0,L1,pre_reset,0.905565206692263,0.09443479330773696,22
11,130,stroke,50,3,0,L2,spike50,,,0
11,130,stroke,50,3,0,L2,syn_current,0.12318776018584313,0.8768122398141569,9
11,130,stroke,50,3,0,L2,pre_reset,0.09713868591778224,0.9028613140822177,9
11,130,stroke,50,3,1,L1,spike50,0.8805602200316781,0.11943977996832189,25
11,130,stroke,50,3,1,L1,syn_current,0.9810937600826233,0.01890623991737672,40
11,130,stroke,50,3,1,L1,pre_reset,0.9683451206049931,0.031654879395006885,40
11,130,stroke,50,3,1,L2,spike50,0.7549947141011402,0.24500528589885984,26
11,130,stroke,50,3,1,L2,syn_current,0.9446886274998038,0.05531137250019624,31
11,130,stroke,50,3,1,L2,pre_reset,0.9173050335802502,0.08269496641974983,31
11,131,stroke,50,3,0,L1,spike50,0.679901462701514,0.32009853729848603,12
11,131,stroke,50,3,0,L1,syn_current,0.961321188781299,0.03867881121870098,15
11,131,stroke,50,3,0,L1,pre_reset,0.9492362957271383,0.0507637042728617,15
11,131,stroke,50,3,0,L2,spike50,0.21764641691175682,0.7823535830882432,10
11,131,stroke,50,3,0,L2,syn_current,0.4143934549902151,0.5856065450097849,12
11,131,stroke,50,3,0,L2,pre_reset,0.3687366929157511,0.6312633070842488,12
11,131,stroke,50,3,1,L1,spike50,0.8865870941481522,0.11341290585184782,20
11,131,stroke,50,3,1,L1,syn_current,0.9669729902869892,0.03302700971301076,28
11,131,stroke,50,3,1,L1,pre_reset,0.9505546575586356,0.04944534244136445,28
11,131,stroke,50,3,1,L2,spike50,0.5429425022477498,0.45705749775225024,18
11,131,stroke,50,3,1,L2,syn_current,0.6558368455300715,0.3441631544699285,20
11,131,stroke,50,3,1,L2,pre_reset,0.5565756842422577,0.4434243157577423,20
11,132,stroke,50,3,0,L1,spike50,1.0,0.0,7
11,132,stroke,50,3,0,L1,syn_current,1.0,0.0,15
11,132,stroke,50,3,0,L1,pre_reset,1.0,0.0,15
11,132,stroke,50,3,0,L2,spike50,1.0,0.0,4
11,132,stroke,50,3,0,L2,syn_current,1.0,0.0,7
11,132,stroke,50,3,0,L2,pre_reset,1.0000000000000002,-2.220446049250313e-16,7
11,132,stroke,50,3,1,L1,spike50,0.8896752661661516,0.11032473383384844,13
11,132,stroke,50,3,1,L1,syn_current,0.9654078831275016,0.03459211687249841,13
11,132,stroke,50,3,1,L1,pre_reset,0.9503151528051517,0.049684847194848336,13
11,132,stroke,50,3,1,L2,spike50,0.494251756233094,0.5057482437669061,10
11,132,stroke,50,3,1,L2,syn_current,0.8636143264674754,0.13638567353252462,13
11,132,stroke,50,3,1,L2,pre_reset,0.8713841185482855,0.12861588145171454,13
11,132,stroke,50,3,2,L1,spike50,0.6263323589695413,0.3736676410304587,11
11,132,stroke,50,3,2,L1,syn_current,0.9599924472659862,0.040007552734013796,18
11,132,stroke,50,3,2,L1,pre_reset,0.9412337229012875,0.058766277098712516,18
11,132,stroke,50,3,2,L2,spike50,0.09764650575102907,0.9023534942489709,12
11,132,stroke,50,3,2,L2,syn_current,0.37330256156754893,0.6266974384324511,18
11,132,stroke,50,3,2,L2,pre_reset,0.3704820043513726,0.6295179956486274,18
11,133,stroke,50,3,0,L1,spike50,0.70387435101352,0.29612564898648,12
11,133,stroke,50,3,0,L1,syn_current,0.9676024688356052,0.03239753116439481,18
11,133,stroke,50,3,0,L1,pre_reset,0.9495723345648567,0.05042766543514332,18
11,133,stroke,50,3,0,L2,spike50,0.26785941583279305,0.732140584167207,7
11,133,stroke,50,3,0,L2,syn_current,0.5726940462186875,0.42730595378131253,12
11,133,stroke,50,3,0,L2,pre_reset,0.5824190531905198,0.4175809468094802,12
11,133,stroke,50,3,1,L1,spike50,0.8187347133963603,0.18126528660363972,18
11,133,stroke,50,3,1,L1,syn_current,0.9632638399229189,0.03673616007708114,18
11,133,stroke,50,3,1,L1,pre_reset,0.9404383463359566,0.059561653664043424,18
11,133,stroke,50,3,1,L2,spike50,0.36343519816607217,0.6365648018339278,17
11,133,stroke,50,3,1,L2,syn_current,0.39538415236395774,0.6046158476360423,18
11,133,stroke,50,3,1,L2,pre_reset,0.3425952276475953,0.6574047723524047,18
11,133,stroke,50,3,2,L1,spike50,0.7800056869554703,0.21999431304452965,5
11,133,stroke,50,3,2,L1,syn_current,0.9618031691960802,0.03819683080391978,11
11,133,stroke,50,3,2,L1,pre_reset,0.9415078395378991,0.05849216046210093,11
11,133,stroke,50,3,2,L2,spike50,0.6585474944728613,0.3414525055271387,3
11,133,stroke,50,3,2,L2,syn_current,0.6808037039255647,0.31919629607443534,5
11,133,stroke,50,3,2,L2,pre_reset,0.6672702319573314,0.3327297680426686,5
11,134,stroke,50,3,0,L1,spike50,0.49317331609270454,0.5068266839072955,11
11,134,stroke,50,3,0,L1,syn_current,0.9508788738681359,0.049121126131864146,18
11,134,stroke,50,3,0,L1,pre_reset,0.9377112039005352,0.062288796099464805,18
11,134,stroke,50,3,0,L2,spike50,0.2692810270323699,0.7307189729676301,6
11,134,stroke,50,3,0,L2,syn_current,0.6347688466921902,0.36523115330780975,14
11,134,stroke,50,3,0,L2,pre_reset,0.6386038270454116,0.36139617295458837,14
11,134,stroke,50,3,1,L1,spike50,0.8614110371065739,0.13858896289342615,24
11,134,stroke,50,3,1,L1,syn_current,0.9704606656415792,0.02953933435842082,30
11,134,stroke,50,3,1,L1,pre_reset,0.9532060633576516,0.04679393664234843,30
11,134,stroke,50,3,1,L2,spike50,0.6982852969452774,0.3017147030547226,22
11,134,stroke,50,3,1,L2,syn_current,0.8377917881268274,0.16220821187317258,24
11,134,stroke,50,3,1,L2,pre_reset,0.8467286761994736,0.15327132380052644,24
11,136,stroke,50,3,0,L1,spike50,0.8499614068920298,0.1500385931079702,35
11,136,stroke,50,3,0,L1,syn_current,0.9880934114086882,0.011906588591311773,36
11,136,stroke,50,3,0,L1,pre_reset,0.9785679816166782,0.02143201838332176,36
11,136,stroke,50,3,0,L2,spike50,0.5489810761660703,0.4510189238339297,33
11,136,stroke,50,3,0,L2,syn_current,0.6796503615604023,0.32034963843959774,35
11,136,stroke,50,3,0,L2,pre_reset,0.6670279877200459,0.3329720122799541,35
11,136,stroke,50,3,1,L1,spike50,0.7327080396164795,0.26729196038352054,24
11,136,stroke,50,3,1,L1,syn_current,0.9590447404007308,0.040955259599269156,25
11,136,stroke,50,3,1,L1,pre_reset,0.9461052631363731,0.05389473686362689,25
11,136,stroke,50,3,1,L2,spike50,0.5203016566148403,0.4796983433851597,19
11,136,stroke,50,3,1,L2,syn_current,0.6642366369214234,0.33576336307857657,24
11,136,stroke,50,3,1,L2,pre_reset,0.6438199097954158,0.3561800902045842,24
11,138,stroke,50,3,0,L1,spike50,0.8012408022643527,0.19875919773564732,15
11,138,stroke,50,3,0,L1,syn_current,0.9626366554361673,0.03736334456383272,15
11,138,stroke,50,3,0,L1,pre_reset,0.9433947713564756,0.05660522864352435,15
11,138,stroke,50,3,0,L2,spike50,0.31602534312716574,0.6839746568728342,14
11,138,stroke,50,3,0,L2,syn_current,0.5583468858329347,0.4416531141670653,15
11,138,stroke,50,3,0,L2,pre_reset,0.573891886162181,0.426108113837819,15
11,138,stroke,50,3,1,L1,spike50,0.8720892982183118,0.12791070178168817,24
11,138,stroke,50,3,1,L1,syn_current,0.9832885372418277,0.016711462758172257,25
11,138,stroke,50,3,1,L1,pre_reset,0.9716014462339843,0.028398553766015744,25
11,138,stroke,50,3,1,L2,spike50,0.5476357966926205,0.4523642033073795,23
11,138,stroke,50,3,1,L2,syn_current,0.679811197958892,0.320188802041108,24
11,138,stroke,50,3,1,L2,pre_reset,0.6624276120823475,0.33757238791765254,24
11,139,stroke,50,3,0,L1,spike50,0.7397627905710321,0.2602372094289679,19
11,139,stroke,50,3,0,L1,syn_current,0.9378484552158339,0.06215154478416607,28
11,139,stroke,50,3,0,L1,pre_reset,0.9297103903487633,0.07028960965123665,28
11,139,stroke,50,3,0,L2,spike50,0.446336368734793,0.553663631265207,14
11,139,stroke,50,3,0,L2,syn_current,0.41504028852045155,0.5849597114795484,23
11,139,stroke,50,3,0,L2,pre_reset,0.3954981244710911,0.6045018755289089,23
11,139,stroke,50,3,1,L1,spike50,0.8275689589035281,0.1724310410964719,9
11,139,stroke,50,3,1,L1,syn_current,0.9720736656691741,0.02792633433082592,9
11,139,stroke,50,3,1,L1,pre_reset,0.9603981217335785,0.039601878266421475,9
11,139,stroke,50,3,1,L2,spike50,0.5077282826587683,0.49227171734123165,9
11,139,stroke,50,3,1,L2,syn_current,0.5194852235931686,0.4805147764068314,9
11,139,stroke,50,3,1,L2,pre_reset,0.4924919266172437,0.5075080733827563,9
11,139,stroke,50,3,2,L1,spike50,0.7898732214373309,0.21012677856266915,13
11,139,stroke,50,3,2,L1,syn_current,0.9577605632586559,0.042239436741344116,13
11,139,stroke,50,3,2,L1,pre_reset,0.9313105358339909,0.06868946416600907,13
11,139,stroke,50,3,2,L2,spike50,0.6351236561273631,0.3648763438726369,13
11,139,stroke,50,3,2,L2,syn_current,0.7902442640118619,0.20975573598813813,13
11,139,stroke,50,3,2,L2,pre_reset,0.7665133356270217,0.23348666437297827,13
11,140,stroke,50,3,0,L1,spike50,1.0,0.0,13
11,140,stroke,50,3,0,L1,syn_current,1.0,0.0,15
11,140,stroke,50,3,0,L1,pre_reset,1.0,0.0,15
11,140,stroke,50,3,0,L2,spike50,1.0,0.0,13
11,140,stroke,50,3,0,L2,syn_current,1.0,0.0,13
11,140,stroke,50,3,0,L2,pre_reset,1.0,0.0,13
11,140,stroke,50,3,1,L1,spike50,0.8962327035381853,0.1037672964618147,14
11,140,stroke,50,3,1,L1,syn_current,0.9901389482480462,0.009861051751953842,14
11,140,stroke,50,3,1,L1,pre_reset,0.9810087921103497,0.018991207889650252,14
11,140,stroke,50,3,1,L2,spike50,0.8215323342774523,0.17846766572254769,14
11,140,stroke,50,3,1,L2,syn_current,0.8809128991579328,0.1190871008420672,14
11,140,stroke,50,3,1,L2,pre_reset,0.8503203724834495,0.1496796275165505,14
11,140,stroke,50,3,2,L1,spike50,0.8574528428428497,0.14254715715715027,19
11,140,stroke,50,3,2,L1,syn_current,0.981066230677503,0.01893376932249702,19
11,140,stroke,50,3,2,L1,pre_reset,0.9654671564093974,0.0345328435906026,19
11,140,stroke,50,3,2,L2,spike50,0.4429509641095889,0.5570490358904111,19
11,140,stroke,50,3,2,L2,syn_current,0.4578526747451012,0.5421473252548987,19
11,140,stroke,50,3,2,L2,pre_reset,0.3870277507672347,0.6129722492327653,19
11,141,stroke,50,3,0,L1,spike50,0.5216803340638688,0.4783196659361312,13
11,141,stroke,50,3,0,L1,syn_current,0.9362297489589503,0.06377025104104972,16
11,141,stroke,50,3,0,L1,pre_reset,0.931667760211685,0.06833223978831504,16
11,141,stroke,50,3,0,L2,spike50,0.12730420859077773,0.8726957914092223,12
11,141,stroke,50,3,0,L2,syn_current,0.17027567962114537,0.8297243203788547,13
11,141,stroke,50,3,0,L2,pre_reset,0.11535083881715848,0.8846491611828415,13
11,141,stroke,50,3,1,L1,spike50,0.9009672685961363,0.0990327314038637,39
11,141,stroke,50,3,1,L1,syn_current,0.9872242438598516,0.012775756140148364,42
11,141,stroke,50,3,1,L1,pre_reset,0.9778935670477903,0.02210643295220971,42
11,141,stroke,50,3,1,L2,spike50,0.8795399605812405,0.12046003941875949,33
11,141,stroke,50,3,1,L2,syn_current,0.8596263621794845,0.14037363782051548,39
11,141,stroke,50,3,1,L2,pre_reset,0.8546266220327385,0.14537337796726146,39
11,143,stroke,50,3,0,L1,spike50,1.0,0.0,15
11,143,stroke,50,3,0,L1,syn_current,1.0,0.0,18
11,143,stroke,50,3,0,L1,pre_reset,1.0,0.0,18
11,143,stroke,50,3,0,L2,spike50,1.0,0.0,14
11,143,stroke,50,3,0,L2,syn_current,1.0,0.0,15
11,143,stroke,50,3,0,L2,pre_reset,1.0,0.0,15
11,143,stroke,50,3,1,L1,spike50,0.8940108239934119,0.10598917600658808,18
11,143,stroke,50,3,1,L1,syn_current,0.9762336163636447,0.023766383636355304,18
11,143,stroke,50,3,1,L1,pre_reset,0.9650921211919228,0.03490787880807722,18
11,143,stroke,50,3,1,L2,spike50,0.3979674529874806,0.6020325470125194,18
11,143,stroke,50,3,1,L2,syn_current,0.44319836143686153,0.5568016385631385,18
11,143,stroke,50,3,1,L2,pre_reset,0.3712483244954155,0.6287516755045846,18
11,143,stroke,50,3,2,L1,spike50,0.9133393006341018,0.08666069936589815,12
11,143,stroke,50,3,2,L1,syn_current,0.9951664732970397,0.0048335267029603335,12
11,143,stroke,50,3,2,L1,pre_reset,0.9832280803346833,0.01677191966531666,12
11,143,stroke,50,3,2,L2,spike50,0.65411890044085,0.34588109955915003,12
11,143,stroke,50,3,2,L2,syn_current,0.8083557118141256,0.19164428818587442,12
11,143,stroke,50,3,2,L2,pre_reset,0.816545865269224,0.183454134730776,12
11,144,stroke,50,3,0,L1,spike50,0.8067936508804857,0.1932063491195143,15
11,144,stroke,50,3,0,L1,syn_current,0.9710447305702767,0.028955269429723263,17
11,144,stroke,50,3,0,L1,pre_reset,0.95770410982775,0.042295890172249995,17
11,144,stroke,50,3,0,L2,spike50,0.6310544341980922,0.36894556580190785,14
11,144,stroke,50,3,0,L2,syn_current,0.8007964087275714,0.1992035912724286,15
11,144,stroke,50,3,0,L2,pre_reset,0.7750853452545687,0.22491465474543126,15
11,144,stroke,50,3,1,L1,spike50,0.8462918605102893,0.15370813948971074,27
11,144,stroke,50,3,1,L1,syn_current,0.980138797118594,0.019861202881406026,29
11,144,stroke,50,3,1,L1,pre_reset,0.9664214254172578,0.03357857458274216,29
11,144,stroke,50,3,1,L2,spike50,0.6540592668361429,0.3459407331638571,26
11,144,stroke,50,3,1,L2,syn_current,0.7676815520437693,0.2323184479562307,27
11,144,stroke,50,3,1,L2,pre_reset,0.7448136133306074,0.25518638666939264,27
11,145,stroke,50,3,0,L1,spike50,0.5587485836666002,0.4412514163333998,6
11,145,stroke,50,3,0,L1,syn_current,0.8878164377957253,0.11218356220427472,16
11,145,stroke,50,3,0,L1,pre_reset,0.8729960406509781,0.12700395934902187,16
11,145,stroke,50,3,0,L2,spike50,0.26990155548964173,0.7300984445103582,2
11,145,stroke,50,3,0,L2,syn_current,0.5383984274040764,0.4616015725959236,6
11,145,stroke,50,3,0,L2,pre_reset,0.5203130619646925,0.4796869380353075,6
11,145,stroke,50,3,1,L1,spike50,0.861418342398133,0.13858165760186703,22
11,145,stroke,50,3,1,L1,syn_current,0.9411626554027916,0.05883734459720835,37
11,145,stroke,50,3,1,L1,pre_reset,0.9181323211428305,0.0818676788571695,37
11,145,stroke,50,3,1,L2,spike50,0.8736201815321333,0.12637981846786672,17
11,145,stroke,50,3,1,L2,syn_current,0.8489400429857021,0.15105995701429786,29
11,145,stroke,50,3,1,L2,pre_reset,0.8493921769250768,0.15060782307492315,29
