seed,sample_index,scale,gap_ms,gap_steps,stroke_index,layer,state,corr_mean,context_sensitivity,count
23,1,stroke,100,6,0,L1,spike50,0.7223732224895507,0.2776267775104493,16
23,1,stroke,100,6,0,L1,syn_current,0.9446359150660834,0.055364084933916646,16
23,1,stroke,100,6,0,L1,pre_reset,0.9321915177055304,0.06780848229446956,16
23,1,stroke,100,6,0,L2,spike50,0.29516195313225135,0.7048380468677486,15
23,1,stroke,100,6,0,L2,syn_current,0.374810753061393,0.625189246938607,16
23,1,stroke,100,6,0,L2,pre_reset,0.2728385921250516,0.7271614078749484,16
23,1,stroke,100,6,1,L1,spike50,0.9252516437043614,0.07474835629563858,47
23,1,stroke,100,6,1,L1,syn_current,0.9838370481135085,0.016162951886491528,48
23,1,stroke,100,6,1,L1,pre_reset,0.9750066863208063,0.024993313679193663,48
23,1,stroke,100,6,1,L2,spike50,0.7946877514030356,0.2053122485969644,47
23,1,stroke,100,6,1,L2,syn_current,0.9185032293931857,0.08149677060681426,47
23,1,stroke,100,6,1,L2,pre_reset,0.9170722687593881,0.08292773124061192,47
23,2,stroke,100,6,0,L1,spike50,0.8767390918338442,0.12326090816615576,13
23,2,stroke,100,6,0,L1,syn_current,0.956482502511804,0.043517497488196,15
23,2,stroke,100,6,0,L1,pre_reset,0.938970664959082,0.06102933504091801,15
23,2,stroke,100,6,0,L2,spike50,0.816147095787156,0.18385290421284395,13
23,2,stroke,100,6,0,L2,syn_current,0.9289649037446913,0.07103509625530868,13
23,2,stroke,100,6,0,L2,pre_reset,0.9037327526978617,0.09626724730213831,13
23,2,stroke,100,6,1,L1,spike50,0.8072632891078634,0.19273671089213662,14
23,2,stroke,100,6,1,L1,syn_current,0.9599544188555782,0.040045581144421805,14
23,2,stroke,100,6,1,L1,pre_reset,0.9451757017036595,0.0548242982963405,14
23,2,stroke,100,6,1,L2,spike50,0.5516149062239667,0.4483850937760333,13
23,2,stroke,100,6,1,L2,syn_current,0.6996394757995283,0.30036052420047166,14
23,2,stroke,100,6,1,L2,pre_reset,0.6504712875053972,0.3495287124946028,14
23,3,stroke,100,6,0,L1,spike50,0.7873398573234398,0.2126601426765602,13
23,3,stroke,100,6,0,L1,syn_current,0.9498036119941181,0.05019638800588189,17
23,3,stroke,100,6,0,L1,pre_reset,0.9346530626977746,0.0653469373022254,17
23,3,stroke,100,6,0,L2,spike50,0.3716333294171768,0.6283666705828233,7
23,3,stroke,100,6,0,L2,syn_current,0.6231566517421427,0.37684334825785726,13
23,3,stroke,100,6,0,L2,pre_reset,0.6053612033276576,0.39463879667234236,13
23,3,stroke,100,6,1,L1,spike50,0.9785513868924532,0.021448613107546755,34
23,3,stroke,100,6,1,L1,syn_current,0.999577884121986,0.0004221158780139955,34
23,3,stroke,100,6,1,L1,pre_reset,0.9969860012817899,0.0030139987182100647,34
23,3,stroke,100,6,1,L2,spike50,0.9107003548768441,0.08929964512315591,34
23,3,stroke,100,6,1,L2,syn_current,0.9600094871670902,0.039990512832909775,34
23,3,stroke,100,6,1,L2,pre_reset,0.9484877215211762,0.05151227847882378,34
23,3,stroke,100,6,2,L1,spike50,0.789628796142246,0.21037120385775399,11
23,3,stroke,100,6,2,L1,syn_current,0.9207888369664385,0.07921116303356146,16
23,3,stroke,100,6,2,L1,pre_reset,0.897820496123117,0.10217950387688302,16
23,3,stroke,100,6,2,L2,spike50,0.020226081585972774,0.9797739184140273,9
23,3,stroke,100,6,2,L2,syn_current,0.1399264264566316,0.8600735735433684,11
23,3,stroke,100,6,2,L2,pre_reset,0.09731958406486706,0.9026804159351329,11
23,4,stroke,100,6,0,L1,spike50,0.8768821861214878,0.12311781387851217,31
23,4,stroke,100,6,0,L1,syn_current,0.962566242035563,0.03743375796443704,39
23,4,stroke,100,6,0,L1,pre_reset,0.9498717131450051,0.05012828685499493,39
23,4,stroke,100,6,0,L2,spike50,0.5920996500002651,0.4079003499997349,30
23,4,stroke,100,6,0,L2,syn_current,0.7040118619112328,0.2959881380887672,31
23,4,stroke,100,6,0,L2,pre_reset,0.6699430090296041,0.33005699097039587,31
23,4,stroke,100,6,1,L1,spike50,0.906777404560325,0.09322259543967504,36
23,4,stroke,100,6,1,L1,syn_current,0.9872338041447745,0.012766195855225537,36
23,4,stroke,100,6,1,L1,pre_reset,0.9800936920457892,0.019906307954210778,36
23,4,stroke,100,6,1,L2,spike50,0.8020938523232481,0.19790614767675185,33
23,4,stroke,100,6,1,L2,syn_current,0.8227337724846107,0.17726622751538934,36
23,4,stroke,100,6,1,L2,pre_reset,0.7977371862561028,0.2022628137438972,36
23,6,stroke,100,6,0,L1,spike50,0.7656867276372322,0.23431327236276778,13
23,6,stroke,100,6,0,L1,syn_current,0.9557478047736854,0.04425219522631463,14
23,6,stroke,100,6,0,L1,pre_reset,0.9408089172719345,0.0591910827280655,14
23,6,stroke,100,6,0,L2,spike50,0.4395005786312705,0.5604994213687295,12
23,6,stroke,100,6,0,L2,syn_current,0.6335018243276941,0.3664981756723059,13
23,6,stroke,100,6,0,L2,pre_reset,0.5888935412443547,0.41110645875564533,13
23,6,stroke,100,6,1,L1,spike50,0.9418813298747671,0.05811867012523286,22
23,6,stroke,100,6,1,L1,syn_current,0.9983664525577255,0.0016335474422745078,22
23,6,stroke,100,6,1,L1,pre_reset,0.9937073557044325,0.006292644295567529,22
23,6,stroke,100,6,1,L2,spike50,0.6257815354452707,0.3742184645547293,22
23,6,stroke,100,6,1,L2,syn_current,0.7008626339183593,0.29913736608164065,22
23,6,stroke,100,6,1,L2,pre_reset,0.6789417003212459,0.3210582996787541,22
23,6,stroke,100,6,2,L1,spike50,0.8934864746776354,0.10651352532236458,17
23,6,stroke,100,6,2,L1,syn_current,0.9711877575041808,0.02881224249581915,19
23,6,stroke,100,6,2,L1,pre_reset,0.9597022635217662,0.04029773647823376,19
23,6,stroke,100,6,2,L2,spike50,0.8321679071692384,0.16783209283076161,17
23,6,stroke,100,6,2,L2,syn_current,0.9354718780930612,0.0645281219069388,17
23,6,stroke,100,6,2,L2,pre_reset,0.9325911313899786,0.06740886861002138,17
23,7,stroke,100,6,0,L1,spike50,0.7857045390918423,0.21429546090815765,18
23,7,stroke,100,6,0,L1,syn_current,0.9655181676111874,0.03448183238881264,19
23,7,stroke,100,6,0,L1,pre_reset,0.9599645782899595,0.040035421710040486,19
23,7,stroke,100,6,0,L2,spike50,0.24079920755390946,0.7592007924460905,18
23,7,stroke,100,6,0,L2,syn_current,0.4001614616492429,0.5998385383507572,18
23,7,stroke,100,6,0,L2,pre_reset,0.3421023068000866,0.6578976931999134,18
23,7,stroke,100,6,1,L1,spike50,0.8717295319583984,0.12827046804160158,35
23,7,stroke,100,6,1,L1,syn_current,0.9781456144137134,0.021854385586286607,37
23,7,stroke,100,6,1,L1,pre_reset,0.9666964481145858,0.03330355188541423,37
23,7,stroke,100,6,1,L2,spike50,0.7433605722123051,0.2566394277876949,32
23,7,stroke,100,6,1,L2,syn_current,0.851544081130459,0.14845591886954101,35
23,7,stroke,100,6,1,L2,pre_reset,0.8242739302090747,0.1757260697909253,35
23,8,stroke,100,6,0,L1,spike50,0.8851576313200875,0.11484236867991249,13
23,8,stroke,100,6,0,L1,syn_current,0.9741526291306142,0.02584737086938582,16
23,8,stroke,100,6,0,L1,pre_reset,0.9620580890544658,0.03794191094553423,16
23,8,stroke,100,6,0,L2,spike50,0.6976740972861131,0.30232590271388693,13
23,8,stroke,100,6,0,L2,syn_current,0.8795019046802509,0.12049809531974909,13
23,8,stroke,100,6,0,L2,pre_reset,0.8608836351549733,0.13911636484502665,13
23,8,stroke,100,6,1,L1,spike50,0.7894975975669142,0.21050240243308582,11
23,8,stroke,100,6,1,L1,syn_current,0.8873578033557258,0.11264219664427422,15
23,8,stroke,100,6,1,L1,pre_reset,0.8547215073764252,0.14527849262357484,15
23,8,stroke,100,6,1,L2,spike50,0.5085961385337697,0.4914038614662303,9
23,8,stroke,100,6,1,L2,syn_current,0.7441469251266032,0.2558530748733968,11
23,8,stroke,100,6,1,L2,pre_reset,0.6895048815232485,0.3104951184767515,11
23,8,stroke,100,6,2,L1,spike50,0.9236793495403005,0.07632065045969949,25
23,8,stroke,100,6,2,L1,syn_current,0.9919055520504153,0.008094447949584693,25
23,8,stroke,100,6,2,L1,pre_reset,0.9852444142765653,0.014755585723434717,25
23,8,stroke,100,6,2,L2,spike50,0.6589628913356197,0.3410371086643803,25
23,8,stroke,100,6,2,L2,syn_current,0.7937335738715425,0.20626642612845747,25
23,8,stroke,100,6,2,L2,pre_reset,0.7968207137961865,0.20317928620381354,25
23,9,stroke,100,6,0,L1,spike50,0.768732062602134,0.231267937397866,17
23,9,stroke,100,6,0,L1,syn_current,0.9736089373741641,0.026391062625835904,18
23,9,stroke,100,6,0,L1,pre_reset,0.9576082819446672,0.04239171805533282,18
23,9,stroke,100,6,0,L2,spike50,0.5565532252996124,0.4434467747003876,15
23,9,stroke,100,6,0,L2,syn_current,0.7112574133815666,0.28874258661843344,17
23,9,stroke,100,6,0,L2,pre_reset,0.6917856155455866,0.3082143844544134,17
23,9,stroke,100,6,1,L1,spike50,0.8801064666908328,0.11989353330916719,19
23,9,stroke,100,6,1,L1,syn_current,0.9823102280898414,0.017689771910158636,22
23,9,stroke,100,6,1,L1,pre_reset,0.9710275504614049,0.028972449538595124,22
23,9,stroke,100,6,1,L2,spike50,0.750300421931348,0.24969957806865195,19
23,9,stroke,100,6,1,L2,syn_current,0.8794168964764462,0.12058310352355384,19
23,9,stroke,100,6,1,L2,pre_reset,0.8529960635035823,0.14700393649641774,19
23,9,stroke,100,6,2,L1,spike50,0.9583808753698523,0.04161912463014772,14
23,9,stroke,100,6,2,L1,syn_current,0.99937937085022,0.0006206291497800054,14
23,9,stroke,100,6,2,L1,pre_reset,0.9948848217738362,0.005115178226163808,14
23,9,stroke,100,6,2,L2,spike50,0.9241987236970327,0.07580127630296729,14
23,9,stroke,100,6,2,L2,syn_current,0.9778690370619106,0.02213096293808936,14
23,9,stroke,100,6,2,L2,pre_reset,0.9788541709577022,0.02114582904229778,14
23,10,stroke,100,6,0,L1,spike50,0.7794565048994192,0.2205434951005808,21
23,10,stroke,100,6,0,L1,syn_current,0.9832900967968138,0.016709903203186216,21
23,10,stroke,100,6,0,L1,pre_reset,0.9745000709125358,0.025499929087464235,21
23,10,stroke,100,6,0,L2,spike50,0.5123143579098621,0.48768564209013787,18
23,10,stroke,100,6,0,L2,syn_current,0.5410715214033841,0.4589284785966159,21
23,10,stroke,100,6,0,L2,pre_reset,0.502465794131083,0.49753420586891695,21
23,10,stroke,100,6,1,L1,spike50,0.9085241244493223,0.09147587555067771,48
23,10,stroke,100,6,1,L1,syn_current,0.9874663127637656,0.012533687236234381,49
23,10,stroke,100,6,1,L1,pre_reset,0.9779196401471733,0.022080359852826748,49
23,10,stroke,100,6,1,L2,spike50,0.7653273052095538,0.23467269479044617,48
23,10,stroke,100,6,1,L2,syn_current,0.8594645524474278,0.1405354475525722,48
23,10,stroke,100,6,1,L2,pre_reset,0.8483656020822768,0.15163439791772315,48
23,11,stroke,100,6,0,L1,spike50,0.8495206574847435,0.15047934251525652,21
23,11,stroke,100,6,0,L1,syn_current,0.9844748580722318,0.015525141927768216,21
23,11,stroke,100,6,0,L1,pre_reset,0.9757357997035299,0.02426420029647014,21
23,11,stroke,100,6,0,L2,spike50,0.7662567922226393,0.23374320777736068,21
23,11,stroke,100,6,0,L2,syn_current,0.9168546354747574,0.08314536452524257,21
23,11,stroke,100,6,0,L2,pre_reset,0.916057067473068,0.08394293252693197,21
23,11,stroke,100,6,1,L1,spike50,0.8999914638965306,0.10000853610346938,13
23,11,stroke,100,6,1,L1,syn_current,0.973308340637687,0.02669165936231299,15
23,11,stroke,100,6,1,L1,pre_reset,0.960377803321698,0.039622196678302024,15
23,11,stroke,100,6,1,L2,spike50,0.6949738043323572,0.3050261956676428,12
23,11,stroke,100,6,1,L2,syn_current,0.8288941185925096,0.1711058814074904,13
23,11,stroke,100,6,1,L2,pre_reset,0.7757691418510768,0.22423085814892318,13
23,12,stroke,100,6,0,L1,spike50,0.7899764744170574,0.21002352558294257,36
23,12,stroke,100,6,0,L1,syn_current,0.9583682077362425,0.04163179226375746,41
23,12,stroke,100,6,0,L1,pre_reset,0.9507190502600924,0.0492809497399076,41
23,12,stroke,100,6,0,L2,spike50,0.48325979739631375,0.5167402026036862,33
23,12,stroke,100,6,0,L2,syn_current,0.5118559942615828,0.4881440057384172,36
23,12,stroke,100,6,0,L2,pre_reset,0.4582249729537236,0.5417750270462764,36
23,12,stroke,100,6,1,L1,spike50,0.9203312584512332,0.0796687415487668,39
23,12,stroke,100,6,1,L1,syn_current,0.9849411720776087,0.015058827922391327,39
23,12,stroke,100,6,1,L1,pre_reset,0.976350018080984,0.023649981919016017,39
23,12,stroke,100,6,1,L2,spike50,0.8533832172336213,0.14661678276637868,36
23,12,stroke,100,6,1,L2,syn_current,0.8753547449457892,0.12464525505421076,39
23,12,stroke,100,6,1,L2,pre_reset,0.8549002349139505,0.1450997650860495,39
23,13,stroke,100,6,0,L1,spike50,1.0,0.0,16
23,13,stroke,100,6,0,L1,syn_current,1.0,0.0,17
23,13,stroke,100,6,0,L1,pre_reset,1.0,0.0,17
23,13,stroke,100,6,0,L2,spike50,1.0,0.0,16
23,13,stroke,100,6,0,L2,syn_current,1.0,0.0,16
23,13,stroke,100,6,0,L2,pre_reset,1.0,0.0,16
23,13,stroke,100,6,1,L1,spike50,0.8758775263685717,0.12412247363142825,15
23,13,stroke,100,6,1,L1,syn_current,0.9748876017089468,0.025112398291053162,15
23,13,stroke,100,6,1,L1,pre_reset,0.9630111945128934,0.03698880548710659,15
23,13,stroke,100,6,1,L2,spike50,0.5904944995715383,0.4095055004284617,15
23,13,stroke,100,6,1,L2,syn_current,0.6815133383597806,0.31848666164021944,15
23,13,stroke,100,6,1,L2,pre_reset,0.6507314161254615,0.3492685838745385,15
23,13,stroke,100,6,2,L1,spike50,0.9322372432598443,0.06776275674015575,25
23,13,stroke,100,6,2,L1,syn_current,0.9875211670013968,0.012478832998603195,25
23,13,stroke,100,6,2,L1,pre_reset,0.9803925269058352,0.019607473094164773,25
23,13,stroke,100,6,2,L2,spike50,0.535241826807107,0.46475817319289303,25
23,13,stroke,100,6,2,L2,syn_current,0.6890900877958325,0.3109099122041675,25
23,13,stroke,100,6,2,L2,pre_reset,0.6794641748753439,0.32053582512465606,25
23,14,stroke,100,6,0,L1,spike50,1.0,0.0,14
23,14,stroke,100,6,0,L1,syn_current,1.0,0.0,14
23,14,stroke,100,6,0,L1,pre_reset,1.0,0.0,14
23,14,stroke,100,6,0,L2,spike50,1.0,0.0,12
23,14,stroke,100,6,0,L2,syn_current,1.0,0.0,14
23,14,stroke,100,6,0,L2,pre_reset,1.0,0.0,14
23,14,stroke,100,6,1,L1,spike50,0.9649391972075605,0.035060802792439505,37
23,14,stroke,100,6,1,L1,syn_current,0.9963678838167564,0.00363211618324355,37
23,14,stroke,100,6,1,L1,pre_reset,0.9922978326630892,0.007702167336910759,37
23,14,stroke,100,6,1,L2,spike50,0.8096787981840706,0.19032120181592938,37
23,14,stroke,100,6,1,L2,syn_current,0.8771802777971149,0.12281972220288506,37
23,14,stroke,100,6,1,L2,pre_reset,0.8666508519307685,0.13334914806923148,37
23,14,stroke,100,6,2,L1,spike50,0.8078451452034558,0.19215485479654415,14
23,14,stroke,100,6,2,L1,syn_current,0.9464357333869691,0.05356426661303093,14
23,14,stroke,100,6,2,L1,pre_reset,0.9337330211883216,0.06626697881167842,14
23,14,stroke,100,6,2,L2,spike50,-0.10582921011813355,1.1058292101181335,14
23,14,stroke,100,6,2,L2,syn_current,-0.12787625409436357,1.1278762540943637,14
23,14,stroke,100,6,2,L2,pre_reset,-0.1645633310342732,1.1645633310342731,14
23,15,stroke,100,6,0,L1,spike50,0.7365349583771252,0.26346504162287476,18
23,15,stroke,100,6,0,L1,syn_current,0.9536112864422766,0.04638871355772345,20
23,15,stroke,100,6,0,L1,pre_reset,0.9449279781569249,0.055072021843075136,20
23,15,stroke,100,6,0,L2,spike50,0.14036408208287682,0.8596359179171231,15
23,15,stroke,100,6,0,L2,syn_current,0.1585143483855604,0.8414856516144396,18
23,15,stroke,100,6,0,L2,pre_reset,0.09970223753740051,0.9002977624625995,18
23,15,stroke,100,6,1,L1,spike50,0.9075651216375844,0.0924348783624156,34
23,15,stroke,100,6,1,L1,syn_current,0.987099090734446,0.012900909265553984,37
23,15,stroke,100,6,1,L1,pre_reset,0.9801183440527608,0.01988165594723923,37
23,15,stroke,100,6,1,L2,spike50,0.7792492326471945,0.22075076735280552,31
23,15,stroke,100,6,1,L2,syn_current,0.8852321598080788,0.11476784019192121,34
23,15,stroke,100,6,1,L2,pre_reset,0.8689625402643367,0.13103745973566328,34
23,17,stroke,100,6,0,L1,spike50,0.6723895847235168,0.32761041527648316,7
23,17,stroke,100,6,0,L1,syn_current,0.9278137866543322,0.07218621334566777,12
23,17,stroke,100,6,0,L1,pre_reset,0.8961884355471815,0.10381156445281847,12
23,17,stroke,100,6,0,L2,spike50,0.28287000141510654,0.7171299985848935,4
23,17,stroke,100,6,0,L2,syn_current,0.39686880866761715,0.6031311913323829,7
23,17,stroke,100,6,0,L2,pre_reset,0.32473933022010876,0.6752606697798913,7
23,17,stroke,100,6,1,L1,spike50,0.9443501525110412,0.05564984748895885,20
23,17,stroke,100,6,1,L1,syn_current,0.9983021080459075,0.0016978919540925341,20
23,17,stroke,100,6,1,L1,pre_reset,0.9925323253799275,0.007467674620072473,20
23,17,stroke,100,6,1,L2,spike50,0.8719542261071054,0.12804577389289462,20
23,17,stroke,100,6,1,L2,syn_current,0.9281187622566602,0.07188123774333977,20
23,17,stroke,100,6,1,L2,pre_reset,0.8937431083022196,0.10625689169778041,20
23,17,stroke,100,6,2,L1,spike50,0.753231800279072,0.246768199720928,7
23,17,stroke,100,6,2,L1,syn_current,0.9657919348040239,0.03420806519597608,14
23,17,stroke,100,6,2,L1,pre_reset,0.9534036412009329,0.046596358799067095,14
23,17,stroke,100,6,2,L2,spike50,0.3502267964539676,0.6497732035460324,3
23,17,stroke,100,6,2,L2,syn_current,0.6043655731618909,0.3956344268381091,7
23,17,stroke,100,6,2,L2,pre_reset,0.6005988472575865,0.3994011527424135,7
23,18,stroke,100,6,0,L1,spike50,0.8012718255033249,0.19872817449667513,18
23,18,stroke,100,6,0,L1,syn_current,0.9669267453423941,0.03307325465760591,18
23,18,stroke,100,6,0,L1,pre_reset,0.9564336706535025,0.04356632934649751,18
23,18,stroke,100,6,0,L2,spike50,0.3471570535351462,0.6528429464648537,17
23,18,stroke,100,6,0,L2,syn_current,0.45524615524770223,0.5447538447522977,18
23,18,stroke,100,6,0,L2,pre_reset,0.37938933132281316,0.6206106686771868,18
23,18,stroke,100,6,1,L1,spike50,0.940653861222202,0.05934613877779804,64
23,18,stroke,100,6,1,L1,syn_current,0.9926738193826086,0.007326180617391431,64
23,18,stroke,100,6,1,L1,pre_reset,0.9863502651407867,0.01364973485921328,64
23,18,stroke,100,6,1,L2,spike50,0.8867632315916087,0.11323676840839125,64
23,18,stroke,100,6,1,L2,syn_current,0.9543985913786361,0.04560140862136386,64
23,18,stroke,100,6,1,L2,pre_reset,0.9513848396893636,0.048615160310636396,64
23,19,stroke,100,6,0,L1,spike50,0.8455350705119171,0.15446492948808288,17
23,19,stroke,100,6,0,L1,syn_current,0.9705084429949753,0.029491557005024704,19
23,19,stroke,100,6,0,L1,pre_reset,0.9560751757509618,0.04392482424903821,19
23,19,stroke,100,6,0,L2,spike50,0.6998131718336724,0.3001868281663276,17
23,19,stroke,100,6,0,L2,syn_current,0.8364274300014781,0.16357256999852188,17
23,19,stroke,100,6,0,L2,pre_reset,0.8010104741225014,0.19898952587749863,17
23,19,stroke,100,6,1,L1,spike50,0.75300299672101,0.24699700327899,24
23,19,stroke,100,6,1,L1,syn_current,0.9547657229555124,0.04523427704448757,24
23,19,stroke,100,6,1,L1,pre_reset,0.9459997095756139,0.054000290424386144,24
23,19,stroke,100,6,1,L2,spike50,0.3928460464888219,0.6071539535111781,24
23,19,stroke,100,6,1,L2,syn_current,0.5750235214128224,0.4249764785871776,24
23,19,stroke,100,6,1,L2,pre_reset,0.5499940740162151,0.45000592598378486,24
23,20,stroke,100,6,0,L1,spike50,0.6201957282887198,0.3798042717112802,16
23,20,stroke,100,6,0,L1,syn_current,0.9410731421350219,0.05892685786497809,19
23,20,stroke,100,6,0,L1,pre_reset,0.9298502610415678,0.07014973895843224,19
23,20,stroke,100,6,0,L2,spike50,0.36851572101253854,0.6314842789874615,14
23,20,stroke,100,6,0,L2,syn_current,0.535545830449186,0.464454169550814,16
23,20,stroke,100,6,0,L2,pre_reset,0.4724456638329371,0.5275543361670629,16
23,20,stroke,100,6,1,L1,spike50,0.919027933334772,0.08097206666522805,46
23,20,stroke,100,6,1,L1,syn_current,0.978231811739958,0.02176818826004201,47
23,20,stroke,100,6,1,L1,pre_reset,0.967376903110269,0.032623096889730974,47
23,20,stroke,100,6,1,L2,spike50,0.7710247089328404,0.22897529106715964,46
23,20,stroke,100,6,1,L2,syn_current,0.862670169506044,0.13732983049395597,46
23,20,stroke,100,6,1,L2,pre_reset,0.8500020909322181,0.14999790906778188,46
23,23,stroke,100,6,0,L1,spike50,0.8024487906951988,0.1975512093048012,21
23,23,stroke,100,6,0,L1,syn_current,0.9739575100798791,0.026042489920120926,22
23,23,stroke,100,6,0,L1,pre_reset,0.9628832146474586,0.03711678535254137,22
23,23,stroke,100,6,0,L2,spike50,0.43821017093882403,0.561789829061176,21
23,23,stroke,100,6,0,L2,syn_current,0.6817450053582655,0.31825499464173446,21
23,23,stroke,100,6,0,L2,pre_reset,0.6579084358734643,0.34209156412653574,21
23,23,stroke,100,6,1,L1,spike50,0.9361001732229869,0.06389982677701311,45
23,23,stroke,100,6,1,L1,syn_current,0.9891089766613194,0.010891023338680639,46
23,23,stroke,100,6,1,L1,pre_reset,0.9824317500683069,0.017568249931693147,46
23,23,stroke,100,6,1,L2,spike50,0.8399149461822845,0.16008505381771554,45
23,23,stroke,100,6,1,L2,syn_current,0.9360750407713172,0.0639249592286828,45
23,23,stroke,100,6,1,L2,pre_reset,0.9313351728585939,0.06866482714140609,45
23,24,stroke,100,6,0,L1,spike50,0.8210095927307492,0.17899040726925075,23
23,24,stroke,100,6,0,L1,syn_current,0.9746327857323165,0.025367214267683513,25
23,24,stroke,100,6,0,L1,pre_reset,0.9650068813564328,0.034993118643567245,25
23,24,stroke,100,6,0,L2,spike50,0.5933917593960337,0.4066082406039663,20
23,24,stroke,100,6,0,L2,syn_current,0.6705087601068798,0.32949123989312024,23
23,24,stroke,100,6,0,L2,pre_reset,0.634373988922984,0.365626011077016,23
23,24,stroke,100,6,1,L1,spike50,0.7761175695968151,0.2238824304031849,27
23,24,stroke,100,6,1,L1,syn_current,0.9476910200928637,0.052308979907136344,29
23,24,stroke,100,6,1,L1,pre_reset,0.9377961199874862,0.06220388001251376,29
23,24,stroke,100,6,1,L2,spike50,0.4645651052160011,0.5354348947839989,26
23,24,stroke,100,6,1,L2,syn_current,0.59943783464463,0.40056216535537004,27
23,24,stroke,100,6,1,L2,pre_reset,0.564321611307249,0.435678388692751,27
23,26,stroke,100,6,0,L1,spike50,0.7665861400656632,0.23341385993433683,18
23,26,stroke,100,6,0,L1,syn_current,0.9540955665559689,0.045904433444031056,20
23,26,stroke,100,6,0,L1,pre_reset,0.9402468928500373,0.059753107149962736,20
23,26,stroke,100,6,0,L2,spike50,0.3148134227750116,0.6851865772249883,16
23,26,stroke,100,6,0,L2,syn_current,0.4761127900006055,0.5238872099993945,18
23,26,stroke,100,6,0,L2,pre_reset,0.43497067461708183,0.5650293253829182,18
23,26,stroke,100,6,1,L1,spike50,0.879145545363552,0.12085445463644795,26
23,26,stroke,100,6,1,L1,syn_current,0.9823817785916817,0.017618221408318258,27
23,26,stroke,100,6,1,L1,pre_reset,0.974418372261447,0.025581627738552992,27
23,26,stroke,100,6,1,L2,spike50,0.7411375844602067,0.2588624155397933,25
23,26,stroke,100,6,1,L2,syn_current,0.8531914550108455,0.14680854498915452,26
23,26,stroke,100,6,1,L2,pre_reset,0.836280028665696,0.16371997133430405,26
23,26,stroke,100,6,2,L1,spike50,0.9225149772164336,0.07748502278356639,17
23,26,stroke,100,6,2,L1,syn_current,0.9814228093259186,0.018577190674081367,17
23,26,stroke,100,6,2,L1,pre_reset,0.9743646106370847,0.025635389362915317,17
23,26,stroke,100,6,2,L2,spike50,0.27922390474652115,0.7207760952534789,17
23,26,stroke,100,6,2,L2,syn_current,0.27968020696276785,0.7203197930372321,17
23,26,stroke,100,6,2,L2,pre_reset,0.24692029956863212,0.7530797004313678,17
23,28,stroke,100,6,0,L1,spike50,1.0,0.0,19
23,28,stroke,100,6,0,L1,syn_current,1.0,0.0,21
23,28,stroke,100,6,0,L1,pre_reset,1.0,0.0,21
23,28,stroke,100,6,0,L2,spike50,1.0,0.0,19
23,28,stroke,100,6,0,L2,syn_current,1.0,0.0,19
23,28,stroke,100,6,0,L2,pre_reset,1.0,0.0,19
23,28,stroke,100,6,1,L1,spike50,0.9436787365727292,0.05632126342727084,18
23,28,stroke,100,6,1,L1,syn_current,0.9933876033517672,0.006612396648232766,18
23,28,stroke,100,6,1,L1,pre_reset,0.9874268394917435,0.01257316050825652,18
23,28,stroke,100,6,1,L2,spike50,0.8291952086326445,0.1708047913673555,18
23,28,stroke,100,6,1,L2,syn_current,0.8993448498371096,0.1006551501628904,18
23,28,stroke,100,6,1,L2,pre_reset,0.883880518422878,0.11611948157712204,18
23,28,stroke,100,6,2,L1,spike50,0.828761744132169,0.17123825586783104,22
23,28,stroke,100,6,2,L1,syn_current,0.9618065591503169,0.038193440849683125,22
23,28,stroke,100,6,2,L1,pre_reset,0.9548626245331365,0.04513737546686347,22
23,28,stroke,100,6,2,L2,spike50,0.2244253158608834,0.7755746841391166,22
23,28,stroke,100,6,2,L2,syn_current,0.2591876991223988,0.7408123008776012,22
23,28,stroke,100,6,2,L2,pre_reset,0.20168645251149522,0.7983135474885048,22
23,29,stroke,100,6,0,L1,spike50,0.8663439074474503,0.13365609255254973,19
23,29,stroke,100,6,0,L1,syn_current,0.9714079324653423,0.028592067534657706,21
23,29,stroke,100,6,0,L1,pre_reset,0.9602234661362195,0.03977653386378055,21
23,29,stroke,100,6,0,L2,spike50,0.6363879935026726,0.3636120064973274,19
23,29,stroke,100,6,0,L2,syn_current,0.8106445952787169,0.1893554047212831,19
23,29,stroke,100,6,0,L2,pre_reset,0.7775012749755789,0.22249872502442114,19
23,29,stroke,100,6,1,L1,spike50,0.9313697288175611,0.06863027118243892,66
23,29,stroke,100,6,1,L1,syn_current,0.9915703914538526,0.008429608546147382,66
23,29,stroke,100,6,1,L1,pre_reset,0.9841679690182366,0.015832030981763445,66
23,29,stroke,100,6,1,L2,spike50,0.8227139267271855,0.17728607327281454,65
23,29,stroke,100,6,1,L2,syn_current,0.8874203561600627,0.11257964383993735,66
23,29,stroke,100,6,1,L2,pre_reset,0.8810813877520653,0.11891861224793465,66
23,30,stroke,100,6,0,L1,spike50,0.7999284069149872,0.20007159308501277,10
23,30,stroke,100,6,0,L1,syn_current,0.9758955347995215,0.024104465200478487,15
23,30,stroke,100,6,0,L1,pre_reset,0.9648664087242838,0.03513359127571625,15
23,30,stroke,100,6,0,L2,spike50,0.6423000508318338,0.35769994916816616,6
23,30,stroke,100,6,0,L2,syn_current,0.6844988191802504,0.31550118081974965,11
23,30,stroke,100,6,0,L2,pre_reset,0.6803274538220938,0.3196725461779062,11
23,30,stroke,100,6,1,L1,spike50,0.9134685105272438,0.08653148947275624,18
23,30,stroke,100,6,1,L1,syn_current,0.9753393697042726,0.024660630295727404,26
23,30,stroke,100,6,1,L1,pre_reset,0.9629582205888216,0.037041779411178366,26
23,30,stroke,100,6,1,L2,spike50,0.8553344202266453,0.1446655797733547,14
23,30,stroke,100,6,1,L2,syn_current,0.9078196353177509,0.0921803646822491,18
23,30,stroke,100,6,1,L2,pre_reset,0.8952147969964869,0.10478520300351313,18
23,30,stroke,100,6,2,L1,spike50,0.927515209073091,0.07248479092690896,16
23,30,stroke,100,6,2,L1,syn_current,0.9941527954162486,0.005847204583751431,16
23,30,stroke,100,6,2,L1,pre_reset,0.9885685861047872,0.01143141389521285,16
23,30,stroke,100,6,2,L2,spike50,0.8919607735883991,0.10803922641160091,16
23,30,stroke,100,6,2,L2,syn_current,0.9295885086766987,0.07041149132330127,16
23,30,stroke,100,6,2,L2,pre_reset,0.9184990614447084,0.08150093855529161,16
23,31,stroke,100,6,0,L1,spike50,0.8672034801040388,0.1327965198959612,37
23,31,stroke,100,6,0,L1,syn_current,0.9725287102706127,0.027471289729387283,39
23,31,stroke,100,6,0,L1,pre_reset,0.9595520370101542,0.040447962989845765,39
23,31,stroke,100,6,0,L2,spike50,0.6895563954216889,0.3104436045783111,36
23,31,stroke,100,6,0,L2,syn_current,0.7867371418824469,0.21326285811755308,37
23,31,stroke,100,6,0,L2,pre_reset,0.7538206611462511,0.24617933885374887,37
23,31,stroke,100,6,1,L1,spike50,0.8195686831590113,0.18043131684098868,38
23,31,stroke,100,6,1,L1,syn_current,0.955514828900456,0.044485171099543974,38
23,31,stroke,100,6,1,L1,pre_reset,0.9425206463491808,0.05747935365081924,38
23,31,stroke,100,6,1,L2,spike50,0.44245261683975806,0.557547383160242,35
23,31,stroke,100,6,1,L2,syn_current,0.4030865175284825,0.5969134824715174,38
23,31,stroke,100,6,1,L2,pre_reset,0.3656984927851939,0.6343015072148062,38
23,32,stroke,100,6,0,L1,spike50,0.8827768881556325,0.11722311184436751,13
23,32,stroke,100,6,0,L1,syn_current,0.9683311484168681,0.03166885158313193,14
23,32,stroke,100,6,0,L1,pre_reset,0.9468434885130256,0.05315651148697442,14
23,32,stroke,100,6,0,L2,spike50,0.6078462381226265,0.3921537618773735,12
23,32,stroke,100,6,0,L2,syn_current,0.7234399003135626,0.27656009968643736,13
23,32,stroke,100,6,0,L2,pre_reset,0.7013402328921491,0.2986597671078509,13
23,32,stroke,100,6,1,L1,spike50,0.9836639163262583,0.01633608367374173,39
23,32,stroke,100,6,1,L1,syn_current,0.9995922329718099,0.00040776702819012023,39
23,32,stroke,100,6,1,L1,pre_reset,0.996977344924351,0.003022655075649028,39
23,32,stroke,100,6,1,L2,spike50,0.9428012116544685,0.05719878834553149,39
23,32,stroke,100,6,1,L2,syn_current,0.9693094249819293,0.03069057501807071,39
23,32,stroke,100,6,1,L2,pre_reset,0.968445287198247,0.03155471280175304,39
23,32,stroke,100,6,2,L1,spike50,0.5615392337876315,0.4384607662123685,11
23,32,stroke,100,6,2,L1,syn_current,0.9059721568539489,0.09402784314605106,15
23,32,stroke,100,6,2,L1,pre_reset,0.8832459816627318,0.11675401833726817,15
23,32,stroke,100,6,2,L2,spike50,0.1508666364896813,0.8491333635103187,8
23,32,stroke,100,6,2,L2,syn_current,0.09096079277557644,0.9090392072244236,11
23,32,stroke,100,6,2,L2,pre_reset,0.04202109804112177,0.9579789019588782,11
23,35,stroke,100,6,0,L1,spike50,0.7039915030395407,0.2960084969604593,11
23,35,stroke,100,6,0,L1,syn_current,0.9489734082443029,0.051026591755697126,11
23,35,stroke,100,6,0,L1,pre_reset,0.9363544633167874,0.0636455366832126,11
23,35,stroke,100,6,0,L2,spike50,0.455445858258357,0.5445541417416431,11
23,35,stroke,100,6,0,L2,syn_current,0.7239494370148847,0.2760505629851153,11
23,35,stroke,100,6,0,L2,pre_reset,0.7223046464406119,0.2776953535593881,11
23,35,stroke,100,6,1,L1,spike50,0.8592849754658971,0.1407150245341029,12
23,35,stroke,100,6,1,L1,syn_current,0.978968899128895,0.021031100871105046,12
23,35,stroke,100,6,1,L1,pre_reset,0.9655091045887404,0.0344908954112596,12
23,35,stroke,100,6,1,L2,spike50,0.7651051670341973,0.2348948329658027,12
23,35,stroke,100,6,1,L2,syn_current,0.9134476814005404,0.08655231859945955,12
23,35,stroke,100,6,1,L2,pre_reset,0.8992828484910111,0.10071715150898886,12
23,36,stroke,100,6,0,L1,spike50,0.5102853319365138,0.4897146680634862,10
23,36,stroke,100,6,0,L1,syn_current,0.8983825583836913,0.1016174416163087,10
23,36,stroke,100,6,0,L1,pre_reset,0.8914404360393455,0.10855956396065447,10
23,36,stroke,100,6,0,L2,spike50,0.09089739897870579,0.9091026010212943,9
23,36,stroke,100,6,0,L2,syn_current,0.23229789755976996,0.7677021024402301,10
23,36,stroke,100,6,0,L2,pre_reset,0.18609219831064988,0.8139078016893502,10
23,36,stroke,100,6,1,L1,spike50,0.9429852266495924,0.05701477335040761,11
23,36,stroke,100,6,1,L1,syn_current,0.9960370743584991,0.003962925641500914,11
23,36,stroke,100,6,1,L1,pre_reset,0.992628153956138,0.007371846043861985,11
23,36,stroke,100,6,1,L2,spike50,0.4945738976098834,0.5054261023901165,11
23,36,stroke,100,6,1,L2,syn_current,0.6436418010329314,0.35635819896706855,11
23,36,stroke,100,6,1,L2,pre_reset,0.5757865669715471,0.42421343302845294,11
23,36,stroke,100,6,2,L1,spike50,0.8516182042321809,0.14838179576781907,23
23,36,stroke,100,6,2,L1,syn_current,0.9699023070349156,0.030097692965084355,24
23,36,stroke,100,6,2,L1,pre_reset,0.9594848692938459,0.04051513070615409,24
23,36,stroke,100,6,2,L2,spike50,0.47746088717460683,0.5225391128253931,23
23,36,stroke,100,6,2,L2,syn_current,0.6528894628686784,0.34711053713132156,23
23,36,stroke,100,6,2,L2,pre_reset,0.6290742218094149,0.37092577819058514,23
23,37,stroke,100,6,0,L1,spike50,0.8529098278180437,0.1470901721819563,23
23,37,stroke,100,6,0,L1,syn_current,0.9887178754814299,0.011282124518570136,37
23,37,stroke,100,6,0,L1,pre_reset,0.9842051981310778,0.015794801868922237,37
23,37,stroke,100,6,0,L2,spike50,0.8625142236060271,0.13748577639397286,16
23,37,stroke,100,6,0,L2,syn_current,0.7259983113867545,0.2740016886132455,26
23,37,stroke,100,6,0,L2,pre_reset,0.7073004970022047,0.29269950299779535,26
23,37,stroke,100,6,1,L1,spike50,0.9771436486557229,0.022856351344277104,13
23,37,stroke,100,6,1,L1,syn_current,0.9999694147972821,3.058520271792542e-05,13
23,37,stroke,100,6,1,L1,pre_reset,0.9969163714187972,0.003083628581202813,13
23,37,stroke,100,6,1,L2,spike50,0.9387319364129234,0.06126806358707659,13
23,37,stroke,100,6,1,L2,syn_current,0.9811297188494673,0.018870281150532686,13
23,37,stroke,100,6,1,L2,pre_reset,0.9822034405547371,0.017796559445262927,13
23,37,stroke,100,6,2,L1,spike50,0.7394399012921613,0.2605600987078387,11
23,37,stroke,100,6,2,L1,syn_current,0.94324373542112,0.056756264578879945,17
23,37,stroke,100,6,2,L1,pre_reset,0.9279071701699695,0.07209282983003051,17
23,37,stroke,100,6,2,L2,spike50,-0.07361659434386493,1.073616594343865,6
23,37,stroke,100,6,2,L2,syn_current,-0.13695542567905652,1.1369554256790566,11
23,37,stroke,100,6,2,L2,pre_reset,-0.14383745059529046,1.1438374505952904,11
23,40,stroke,100,6,0,L1,spike50,0.6734254059500986,0.3265745940499014,16
23,40,stroke,100,6,0,L1,syn_current,0.9616097070991683,0.038390292900831735,18
23,40,stroke,100,6,0,L1,pre_reset,0.9516397461990683,0.048360253800931674,18
23,40,stroke,100,6,0,L2,spike50,0.4866061751064717,0.5133938248935284,13
23,40,stroke,100,6,0,L2,syn_current,0.580489386715356,0.419510613284644,16
23,40,stroke,100,6,0,L2,pre_reset,0.5142357085492645,0.4857642914507355,16
23,40,stroke,100,6,1,L1,spike50,0.881603020110449,0.118396979889551,19
23,40,stroke,100,6,1,L1,syn_current,0.9522678416104775,0.047732158389522494,28
23,40,stroke,100,6,1,L1,pre_reset,0.9377821779056469,0.062217822094353115,28
23,40,stroke,100,6,1,L2,spike50,0.6916290813514627,0.3083709186485373,17
23,40,stroke,100,6,1,L2,syn_current,0.7749059425117316,0.22509405748826838,19
23,40,stroke,100,6,1,L2,pre_reset,0.7349477255589708,0.2650522744410292,19
23,41,stroke,100,6,0,L1,spike50,0.7797653843968076,0.22023461560319235,12
23,41,stroke,100,6,0,L1,syn_current,0.9778712904389307,0.02212870956106927,13
23,41,stroke,100,6,0,L1,pre_reset,0.9638589048033602,0.03614109519663977,13
23,41,stroke,100,6,0,L2,spike50,0.5657729540791484,0.4342270459208516,11
23,41,stroke,100,6,0,L2,syn_current,0.7196858496754782,0.2803141503245218,12
23,41,stroke,100,6,0,L2,pre_reset,0.7171099557630471,0.28289004423695285,12
23,41,stroke,100,6,1,L1,spike50,0.948195595237855,0.051804404762144984,13
23,41,stroke,100,6,1,L1,syn_current,0.9987516329563213,0.0012483670436786998,13
23,41,stroke,100,6,1,L1,pre_reset,0.9946798457266895,0.005320154273310451,13
23,41,stroke,100,6,1,L2,spike50,0.8491429259014639,0.1508570740985361,13
23,41,stroke,100,6,1,L2,syn_current,0.888023417729052,0.11197658227094798,13
23,41,stroke,100,6,1,L2,pre_reset,0.8743560833118613,0.12564391668813868,13
23,41,stroke,100,6,2,L1,spike50,0.7630930489799971,0.23690695102000292,12
23,41,stroke,100,6,2,L1,syn_current,0.9599981399941645,0.0400018600058355,15
23,41,stroke,100,6,2,L1,pre_reset,0.9369906339604378,0.0630093660395622,15
23,41,stroke,100,6,2,L2,spike50,0.3572529362248189,0.6427470637751811,10
23,41,stroke,100,6,2,L2,syn_current,0.5071294936377218,0.49287050636227825,12
23,41,stroke,100,6,2,L2,pre_reset,0.45989785560016583,0.5401021443998342,12
23,42,stroke,100,6,0,L1,spike50,0.800436090439144,0.199563909560856,11
23,42,stroke,100,6,0,L1,syn_current,0.9825373764407552,0.017462623559244772,11
23,42,stroke,100,6,0,L1,pre_reset,0.9678402900865581,0.03215970991344186,11
23,42,stroke,100,6,0,L2,spike50,0.7066057306330836,0.29339426936691637,10
23,42,stroke,100,6,0,L2,syn_current,0.8479557698636735,0.1520442301363265,11
23,42,stroke,100,6,0,L2,pre_reset,0.824193789720407,0.17580621027959298,11
23,42,stroke,100,6,1,L1,spike50,0.6878161605166496,0.3121838394833504,11
23,42,stroke,100,6,1,L1,syn_current,0.9464530770449402,0.053546922955059806,12
23,42,stroke,100,6,1,L1,pre_reset,0.9261460540391969,0.07385394596080308,12
23,42,stroke,100,6,1,L2,spike50,0.47304331231436597,0.526956687685634,8
23,42,stroke,100,6,1,L2,syn_current,0.5796549686129487,0.42034503138705126,11
23,42,stroke,100,6,1,L2,pre_reset,0.5310864335605473,0.4689135664394527,11
23,42,stroke,100,6,2,L1,spike50,0.9460851851307723,0.05391481486922767,10
23,42,stroke,100,6,2,L1,syn_current,0.992213775564676,0.007786224435323952,10
23,42,stroke,100,6,2,L1,pre_reset,0.98425514517632,0.015744854823680043,10
23,42,stroke,100,6,2,L2,spike50,0.7511829292724888,0.24881707072751125,10
23,42,stroke,100,6,2,L2,syn_current,0.8443383726123337,0.1556616273876663,10
23,42,stroke,100,6,2,L2,pre_reset,0.8285925633825558,0.17140743661744418,10
23,43,stroke,100,6,0,L1,spike50,0.7897467400659975,0.21025325993400246,6
23,43,stroke,100,6,0,L1,syn_current,0.959025627693697,0.040974372306302964,11
23,43,stroke,100,6,0,L1,pre_reset,0.9482206479454937,0.051779352054506345,11
23,43,stroke,100,6,0,L2,spike50,0.39441919771310774,0.6055808022868923,2
23,43,stroke,100,6,0,L2,syn_current,0.43886289061048694,0.561137109389513,6
23,43,stroke,100,6,0,L2,pre_reset,0.38708962041729933,0.6129103795827007,6
23,43,stroke,100,6,1,L1,spike50,0.8821279246714739,0.11787207532852606,21
23,43,stroke,100,6,1,L1,syn_current,0.9675038943032851,0.032496105696714905,24
23,43,stroke,100,6,1,L1,pre_reset,0.9467932134624966,0.05320678653750344,24
23,43,stroke,100,6,1,L2,spike50,0.7086297819498165,0.2913702180501835,20
23,43,stroke,100,6,1,L2,syn_current,0.8514498987160327,0.14855010128396728,21
23,43,stroke,100,6,1,L2,pre_reset,0.8423798715195064,0.15762012848049356,21
23,44,stroke,100,6,0,L1,spike50,0.9068031400890855,0.09319685991091453,28
23,44,stroke,100,6,0,L1,syn_current,0.9750138686382595,0.02498613136174055,37
23,44,stroke,100,6,0,L1,pre_reset,0.9677472095897467,0.03225279041025331,37
23,44,stroke,100,6,0,L2,spike50,0.7922969275410329,0.20770307245896713,23
23,44,stroke,100,6,0,L2,syn_current,0.8284273246685879,0.17157267533141207,28
23,44,stroke,100,6,0,L2,pre_reset,0.8062363461440419,0.19376365385595806,28
23,44,stroke,100,6,1,L1,spike50,0.8340876849915336,0.16591231500846637,12
23,44,stroke,100,6,1,L1,syn_current,0.9707062693037175,0.029293730696282494,12
23,44,stroke,100,6,1,L1,pre_reset,0.9506338092143171,0.04936619078568294,12
23,44,stroke,100,6,1,L2,spike50,0.42945100765388805,0.570548992346112,12
23,44,stroke,100,6,1,L2,syn_current,0.5901404206173758,0.4098595793826242,12
23,44,stroke,100,6,1,L2,pre_reset,0.5443890191543247,0.4556109808456753,12
23,44,stroke,100,6,2,L1,spike50,0.925124669741575,0.07487533025842497,14
23,44,stroke,100,6,2,L1,syn_current,0.9850302481278537,0.01496975187214633,14
23,44,stroke,100,6,2,L1,pre_reset,0.9741358992357341,0.02586410076426593,14
23,44,stroke,100,6,2,L2,spike50,0.7560450655226397,0.24395493447736027,14
23,44,stroke,100,6,2,L2,syn_current,0.8185160221233367,0.18148397787666326,14
23,44,stroke,100,6,2,L2,pre_reset,0.7911282181190318,0.20887178188096822,14
23,47,stroke,100,6,0,L1,spike50,0.7641388317657952,0.23586116823420478,10
23,47,stroke,100,6,0,L1,syn_current,0.9407254733126686,0.05927452668733135,10
23,47,stroke,100,6,0,L1,pre_reset,0.920626479094593,0.07937352090540695,10
23,47,stroke,100,6,0,L2,spike50,0.4883455154101333,0.5116544845898667,9
23,47,stroke,100,6,0,L2,syn_current,0.7084568519850856,0.29154314801491443,10
23,47,stroke,100,6,0,L2,pre_reset,0.6558331765237361,0.34416682347626393,10
23,47,stroke,100,6,1,L1,spike50,0.9473821803508535,0.05261781964914647,11
23,47,stroke,100,6,1,L1,syn_current,0.996737361849527,0.0032626381504730073,11
23,47,stroke,100,6,1,L1,pre_reset,0.9896819257854825,0.01031807421451747,11
23,47,stroke,100,6,1,L2,spike50,0.8622860428304194,0.13771395716958057,11
23,47,stroke,100,6,1,L2,syn_current,0.9199734282862161,0.08002657171378391,11
23,47,stroke,100,6,1,L2,pre_reset,0.9095335911092893,0.09046640889071067,11
23,47,stroke,100,6,2,L1,spike50,0.8266208748364337,0.17337912516356635,25
23,47,stroke,100,6,2,L1,syn_current,0.9664985174556278,0.03350148254437224,27
23,47,stroke,100,6,2,L1,pre_reset,0.9574230578145927,0.04257694218540731,27
23,47,stroke,100,6,2,L2,spike50,0.46088457393526694,0.5391154260647331,24
23,47,stroke,100,6,2,L2,syn_current,0.546992693103413,0.45300730689658697,25
23,47,stroke,100,6,2,L2,pre_reset,0.5052768318002987,0.4947231681997013,25
23,48,stroke,100,6,0,L1,spike50,0.8416035143065332,0.15839648569346676,10
23,48,stroke,100,6,0,L1,syn_current,0.9789673400916055,0.021032659908394535,11
23,48,stroke,100,6,0,L1,pre_reset,0.9666851288663216,0.03331487113367837,11
23,48,stroke,100,6,0,L2,spike50,0.594219739862553,0.40578026013744695,10
23,48,stroke,100,6,0,L2,syn_current,0.8481946784284004,0.15180532157159965,10
23,48,stroke,100,6,0,L2,pre_reset,0.8440173374951317,0.15598266250486825,10
23,48,stroke,100,6,1,L1,spike50,0.9198349524168402,0.08016504758315979,12
23,48,stroke,100,6,1,L1,syn_current,0.9915929899020256,0.008407010097974399,12
23,48,stroke,100,6,1,L1,pre_reset,0.9821484883340488,0.017851511665951225,12
23,48,stroke,100,6,1,L2,spike50,0.6373141870260023,0.3626858129739977,12
23,48,stroke,100,6,1,L2,syn_current,0.7611120969199555,0.23888790308004448,12
23,48,stroke,100,6,1,L2,pre_reset,0.7475513944709444,0.25244860552905557,12
23,48,stroke,100,6,2,L1,spike50,0.8000671181305917,0.19993288186940827,17
23,48,stroke,100,6,2,L1,syn_current,0.9747043862259552,0.025295613774044767,18
23,48,stroke,100,6,2,L1,pre_reset,0.9641402602262984,0.035859739773701604,18
23,48,stroke,100,6,2,L2,spike50,0.4362021670652455,0.5637978329347545,17
23,48,stroke,100,6,2,L2,syn_current,0.6394478289605711,0.36055217103942894,17
23,48,stroke,100,6,2,L2,pre_reset,0.6292572480257065,0.3707427519742935,17
23,49,stroke,100,6,0,L1,spike50,0.771987119733825,0.22801288026617506,14
23,49,stroke,100,6,0,L1,syn_current,0.9791977185414359,0.02080228145856411,14
23,49,stroke,100,6,0,L1,pre_reset,0.9709541716128106,0.029045828387189387,14
23,49,stroke,100,6,0,L2,spike50,0.6041004225242447,0.3958995774757553,13
23,49,stroke,100,6,0,L2,syn_current,0.8050887381397642,0.19491126186023577,14
23,49,stroke,100,6,0,L2,pre_reset,0.8007822433566442,0.19921775664335584,14
23,49,stroke,100,6,1,L1,spike50,0.8934779519272381,0.10652204807276189,49
23,49,stroke,100,6,1,L1,syn_current,0.9914703209862128,0.008529679013787206,50
23,49,stroke,100,6,1,L1,pre_reset,0.9809476522557615,0.019052347744238474,50
23,49,stroke,100,6,1,L2,spike50,0.7864985047129412,0.21350149528705875,47
23,49,stroke,100,6,1,L2,syn_current,0.8538594659963413,0.14614053400365867,49
23,49,stroke,100,6,1,L2,pre_reset,0.8327153871711435,0.16728461282885654,49
23,51,stroke,100,6,0,L1,spike50,0.9377482798221963,0.06225172017780367,47
23,51,stroke,100,6,0,L1,syn_current,0.9958472395665444,0.004152760433455582,49
23,51,stroke,100,6,0,L1,pre_reset,0.9885020702186493,0.011497929781350669,49
23,51,stroke,100,6,0,L2,spike50,0.8562094660819773,0.14379053391802266,47
23,51,stroke,100,6,0,L2,syn_current,0.9182084794083067,0.08179152059169326,47
23,51,stroke,100,6,0,L2,pre_reset,0.9076284264787142,0.09237157352128578,47
23,51,stroke,100,6,1,L1,spike50,0.8732665078767526,0.12673349212324736,13
23,51,stroke,100,6,1,L1,syn_current,0.966765060323803,0.03323493967619695,38
23,51,stroke,100,6,1,L1,pre_reset,0.9575360526078588,0.04246394739214121,38
23,51,stroke,100,6,1,L2,spike50,0.6166574319490863,0.3833425680509137,10
23,51,stroke,100,6,1,L2,syn_current,0.7804686363718292,0.21953136362817083,15
23,51,stroke,100,6,1,L2,pre_reset,0.7898460014160477,0.21015399858395234,15
23,52,stroke,100,6,0,L1,spike50,0.8143173539469949,0.1856826460530051,12
23,52,stroke,100,6,0,L1,syn_current,0.9649418976309806,0.035058102369019406,13
23,52,stroke,100,6,0,L1,pre_reset,0.9501690248611483,0.04983097513885171,13
23,52,stroke,100,6,0,L2,spike50,0.2582710876508216,0.7417289123491784,12
23,52,stroke,100,6,0,L2,syn_current,0.4883614464775064,0.5116385535224937,12
23,52,stroke,100,6,0,L2,pre_reset,0.4597823448437073,0.5402176551562927,12
23,52,stroke,100,6,1,L1,spike50,0.9200962945286741,0.07990370547132586,34
23,52,stroke,100,6,1,L1,syn_current,0.9933408476269302,0.006659152373069799,34
23,52,stroke,100,6,1,L1,pre_reset,0.9844460369595174,0.015553963040482621,34
23,52,stroke,100,6,1,L2,spike50,0.8552739019585828,0.14472609804141723,34
23,52,stroke,100,6,1,L2,syn_current,0.9450965698915835,0.05490343010841647,34
23,52,stroke,100,6,1,L2,pre_reset,0.9475719972801884,0.05242800271981163,34
23,54,stroke,100,6,0,L1,spike50,0.7314504449233591,0.2685495550766409,9
23,54,stroke,100,6,0,L1,syn_current,0.967145957286512,0.03285404271348802,10
23,54,stroke,100,6,0,L1,pre_reset,0.9576373019790794,0.04236269802092063,10
23,54,stroke,100,6,0,L2,spike50,0.524134759959078,0.475865240040922,8
23,54,stroke,100,6,0,L2,syn_current,0.6925220060573294,0.3074779939426706,9
23,54,stroke,100,6,0,L2,pre_reset,0.669129349708932,0.330870650291068,9
23,54,stroke,100,6,1,L1,spike50,0.7876799539323057,0.21232004606769428,12
23,54,stroke,100,6,1,L1,syn_current,0.9725622276120011,0.027437772387998938,12
23,54,stroke,100,6,1,L1,pre_reset,0.9552407553203951,0.044759244679604904,12
23,54,stroke,100,6,1,L2,spike50,0.511338522917618,0.48866147708238195,12
23,54,stroke,100,6,1,L2,syn_current,0.7320796745732615,0.2679203254267385,12
23,54,stroke,100,6,1,L2,pre_reset,0.7111410516099617,0.28885894839003834,12
23,54,stroke,100,6,2,L1,spike50,0.961445123806109,0.038554876193890975,13
23,54,stroke,100,6,2,L1,syn_current,0.9988514887639796,0.0011485112360204441,13
23,54,stroke,100,6,2,L1,pre_reset,0.9924835068107776,0.0075164931892224285,13
23,54,stroke,100,6,2,L2,spike50,0.8613039185962091,0.13869608140379086,13
23,54,stroke,100,6,2,L2,syn_current,0.9439655622428513,0.05603443775714867,13
23,54,stroke,100,6,2,L2,pre_reset,0.942777647578433,0.057222352421567035,13
23,55,stroke,100,6,0,L1,spike50,1.0,0.0,9
23,55,stroke,100,6,0,L1,syn_current,1.0,0.0,10
23,55,stroke,100,6,0,L1,pre_reset,1.0,0.0,10
23,55,stroke,100,6,0,L2,spike50,1.0,0.0,8
23,55,stroke,100,6,0,L2,syn_current,1.0,0.0,9
23,55,stroke,100,6,0,L2,pre_reset,1.0,0.0,9
23,55,stroke,100,6,1,L1,spike50,0.938698389232031,0.06130161076796903,12
23,55,stroke,100,6,1,L1,syn_current,0.9948140875364483,0.005185912463551712,12
23,55,stroke,100,6,1,L1,pre_reset,0.9864441825888325,0.013555817411167514,12
23,55,stroke,100,6,1,L2,spike50,0.8227086395028227,0.1772913604971773,12
23,55,stroke,100,6,1,L2,syn_current,0.909661648851478,0.09033835114852196,12
23,55,stroke,100,6,1,L2,pre_reset,0.887419507716845,0.11258049228315503,12
23,55,stroke,100,6,2,L1,spike50,0.9104052120440498,0.08959478795595022,25
23,55,stroke,100,6,2,L1,syn_current,0.9925391469255739,0.0074608530744261214,25
23,55,stroke,100,6,2,L1,pre_reset,0.9860455418564175,0.013954458143582538,25
23,55,stroke,100,6,2,L2,spike50,0.5383442629281545,0.4616557370718455,25
23,55,stroke,100,6,2,L2,syn_current,0.640985297025365,0.359014702974635,25
23,55,stroke,100,6,2,L2,pre_reset,0.6207462038987451,0.37925379610125487,25
23,59,stroke,100,6,0,L1,spike50,0.882828965726817,0.11717103427318298,57
23,59,stroke,100,6,0,L1,syn_current,0.9956053754575239,0.004394624542476078,60
23,59,stroke,100,6,0,L1,pre_reset,0.9900105279100065,0.009989472089993456,60
23,59,stroke,100,6,0,L2,spike50,0.7672086072504951,0.2327913927495049,55
23,59,stroke,100,6,0,L2,syn_current,0.8429096810183014,0.15709031898169856,57
23,59,stroke,100,6,0,L2,pre_reset,0.8153492820339151,0.1846507179660849,57
23,59,stroke,100,6,1,L1,spike50,0.7782479329648576,0.2217520670351424,23
23,59,stroke,100,6,1,L1,syn_current,0.9742131111933282,0.025786888806671793,26
23,59,stroke,100,6,1,L1,pre_reset,0.963460996756515,0.036539003243485024,26
23,59,stroke,100,6,1,L2,spike50,0.3963303543103209,0.6036696456896791,19
23,59,stroke,100,6,1,L2,syn_current,0.7223280678376187,0.2776719321623813,24
23,59,stroke,100,6,1,L2,pre_reset,0.695391078163679,0.30460892183632104,24
23,60,stroke,100,6,0,L1,spike50,0.7514104375966283,0.2485895624033717,13
23,60,stroke,100,6,0,L1,syn_current,0.9638123378359313,0.03618766216406866,14
23,60,stroke,100,6,0,L1,pre_reset,0.9514378695265885,0.04856213047341151,14
23,60,stroke,100,6,0,L2,spike50,0.4974836123903128,0.5025163876096872,13
23,60,stroke,100,6,0,L2,syn_current,0.6998919532070923,0.3001080467929077,13
23,60,stroke,100,6,0,L2,pre_reset,0.6635309697461071,0.33646903025389285,13
23,60,stroke,100,6,1,L1,spike50,0.8458748278176748,0.15412517218232524,13
23,60,stroke,100,6,1,L1,syn_current,0.9815763471933076,0.018423652806692448,13
23,60,stroke,100,6,1,L1,pre_reset,0.9703790318300552,0.02962096816994475,13
23,60,stroke,100,6,1,L2,spike50,0.7104897540579973,0.2895102459420027,12
23,60,stroke,100,6,1,L2,syn_current,0.8415774496926814,0.15842255030731855,13
23,60,stroke,100,6,1,L2,pre_reset,0.8296827396734623,0.1703172603265377,13
23,61,stroke,100,6,0,L1,spike50,0.5690392659871981,0.4309607340128019,10
23,61,stroke,100,6,0,L1,syn_current,0.9560570976709959,0.04394290232900411,13
23,61,stroke,100,6,0,L1,pre_reset,0.9429577202636058,0.0570422797363942,13
23,61,stroke,100,6,0,L2,spike50,0.35340921708545087,0.6465907829145492,10
23,61,stroke,100,6,0,L2,syn_current,0.5839730727524464,0.41602692724755364,10
23,61,stroke,100,6,0,L2,pre_reset,0.5473196501722141,0.45268034982778593,10
23,61,stroke,100,6,1,L1,spike50,0.881533587048017,0.11846641295198301,36
23,61,stroke,100,6,1,L1,syn_current,0.9909838627323533,0.009016137267646718,36
23,61,stroke,100,6,1,L1,pre_reset,0.980818858754453,0.01918114124554704,36
23,61,stroke,100,6,1,L2,spike50,0.7722243040405966,0.2277756959594034,35
23,61,stroke,100,6,1,L2,syn_current,0.8893079961773113,0.11069200382268873,36
23,61,stroke,100,6,1,L2,pre_reset,0.8870197680050569,0.11298023199494311,36
23,65,stroke,100,6,0,L1,spike50,0.6959493701152435,0.3040506298847565,12
23,65,stroke,100,6,0,L1,syn_current,0.9204894170386769,0.07951058296132307,14
23,65,stroke,100,6,0,L1,pre_reset,0.892097676297458,0.10790232370254205,14
23,65,stroke,100,6,0,L2,spike50,0.23672023582455634,0.7632797641754436,12
23,65,stroke,100,6,0,L2,syn_current,0.4770990591614928,0.5229009408385072,12
23,65,stroke,100,6,0,L2,pre_reset,0.4253046790364776,0.5746953209635224,12
23,65,stroke,100,6,1,L1,spike50,0.945268588421007,0.05473141157899297,32
23,65,stroke,100,6,1,L1,syn_current,0.9918916740777018,0.008108325922298154,33
23,65,stroke,100,6,1,L1,pre_reset,0.9823559517762158,0.01764404822378418,33
23,65,stroke,100,6,1,L2,spike50,0.8366749273745925,0.16332507262540752,31
23,65,stroke,100,6,1,L2,syn_current,0.9295678385937903,0.07043216140620967,32
23,65,stroke,100,6,1,L2,pre_reset,0.9294951373772445,0.07050486262275546,32
23,66,stroke,100,6,0,L1,spike50,0.8280070418318289,0.17199295816817106,16
23,66,stroke,100,6,0,L1,syn_current,0.9755052757292648,0.02449472427073518,17
23,66,stroke,100,6,0,L1,pre_reset,0.9665996212425995,0.03340037875740054,17
23,66,stroke,100,6,0,L2,spike50,0.7100338182085334,0.2899661817914666,16
23,66,stroke,100,6,0,L2,syn_current,0.8630780519216825,0.13692194807831748,16
23,66,stroke,100,6,0,L2,pre_reset,0.8410899469746254,0.15891005302537464,16
23,66,stroke,100,6,1,L1,spike50,0.8560906768014971,0.14390932319850291,11
23,66,stroke,100,6,1,L1,syn_current,0.9721616806858152,0.02783831931418479,13
23,66,stroke,100,6,1,L1,pre_reset,0.9567832157275488,0.043216784272451236,13
23,66,stroke,100,6,1,L2,spike50,0.7337684659755443,0.26623153402445565,11
23,66,stroke,100,6,1,L2,syn_current,0.8766938001791708,0.12330619982082924,11
23,66,stroke,100,6,1,L2,pre_reset,0.8407076217404961,0.15929237825950393,11
23,67,stroke,100,6,0,L1,spike50,1.0,0.0,23
23,67,stroke,100,6,0,L1,syn_current,1.0,0.0,25
23,67,stroke,100,6,0,L1,pre_reset,1.0,0.0,25
23,67,stroke,100,6,0,L2,spike50,1.0,0.0,22
23,67,stroke,100,6,0,L2,syn_current,1.0,0.0,23
23,67,stroke,100,6,0,L2,pre_reset,1.0,0.0,23
23,67,stroke,100,6,1,L1,spike50,0.921306043977192,0.07869395602280804,7
23,67,stroke,100,6,1,L1,syn_current,0.9887711677873928,0.011228832212607176,7
23,67,stroke,100,6,1,L1,pre_reset,0.9784944709235358,0.02150552907646419,7
23,67,stroke,100,6,1,L2,spike50,0.7838263453422541,0.21617365465774585,7
23,67,stroke,100,6,1,L2,syn_current,0.8402951118514078,0.15970488814859218,7
23,67,stroke,100,6,1,L2,pre_reset,0.8405309234183586,0.15946907658164144,7
23,67,stroke,100,6,2,L1,spike50,0.9187427367603693,0.08125726323963067,8
23,67,stroke,100,6,2,L1,syn_current,0.9816895404556774,0.018310459544322644,8
23,67,stroke,100,6,2,L1,pre_reset,0.9657899814994861,0.03421001850051386,8
23,67,stroke,100,6,2,L2,spike50,0.4467343357500824,0.5532656642499176,8
23,67,stroke,100,6,2,L2,syn_current,0.6212557212008645,0.3787442787991355,8
23,67,stroke,100,6,2,L2,pre_reset,0.5778728085351124,0.42212719146488764,8
23,68,stroke,100,6,0,L1,spike50,0.8708122410820742,0.12918775891792578,18
23,68,stroke,100,6,0,L1,syn_current,0.9803879630566021,0.01961203694339786,21
23,68,stroke,100,6,0,L1,pre_reset,0.9702266394688491,0.029773360531150872,21
23,68,stroke,100,6,0,L2,spike50,0.60301201774203,0.39698798225797005,18
23,68,stroke,100,6,0,L2,syn_current,0.8179016768234243,0.1820983231765757,18
23,68,stroke,100,6,0,L2,pre_reset,0.8049664454258196,0.19503355457418037,18
23,68,stroke,100,6,1,L1,spike50,0.8166519773128945,0.18334802268710548,20
23,68,stroke,100,6,1,L1,syn_current,0.9547992394587392,0.045200760541260765,20
23,68,stroke,100,6,1,L1,pre_reset,0.9353535817961433,0.06464641820385675,20
23,68,stroke,100,6,1,L2,spike50,0.41511118043883155,0.5848888195611684,19
23,68,stroke,100,6,1,L2,syn_current,0.5376430848338118,0.46235691516618815,20
23,68,stroke,100,6,1,L2,pre_reset,0.5128108544509059,0.4871891455490941,20
23,71,stroke,100,6,0,L1,spike50,0.7289311845059719,0.27106881549402806,13
23,71,stroke,100,6,0,L1,syn_current,0.9551147732638832,0.044885226736116834,13
23,71,stroke,100,6,0,L1,pre_reset,0.937200917184019,0.06279908281598101,13
23,71,stroke,100,6,0,L2,spike50,0.6379243324278691,0.36207566757213094,12
23,71,stroke,100,6,0,L2,syn_current,0.7656007184310478,0.23439928156895218,13
23,71,stroke,100,6,0,L2,pre_reset,0.7493969724869635,0.25060302751303654,13
23,71,stroke,100,6,1,L1,spike50,0.914199158884732,0.08580084111526798,20
23,71,stroke,100,6,1,L1,syn_current,0.9850994993109552,0.014900500689044804,21
23,71,stroke,100,6,1,L1,pre_reset,0.9740230165767153,0.025976983423284694,21
23,71,stroke,100,6,1,L2,spike50,0.6106256228245914,0.38937437717540857,20
23,71,stroke,100,6,1,L2,syn_current,0.7749911678888132,0.22500883211118683,20
23,71,stroke,100,6,1,L2,pre_reset,0.7346213886613266,0.26537861133867335,20
23,72,stroke,100,6,0,L1,spike50,1.0,0.0,10
23,72,stroke,100,6,0,L1,syn_current,1.0,0.0,11
23,72,stroke,100,6,0,L1,pre_reset,1.0,0.0,11
23,72,stroke,100,6,0,L2,spike50,1.0,0.0,10
23,72,stroke,100,6,0,L2,syn_current,1.0,0.0,10
23,72,stroke,100,6,0,L2,pre_reset,1.0,0.0,10
23,72,stroke,100,6,1,L1,spike50,0.9462258889969619,0.05377411100303808,12
23,72,stroke,100,6,1,L1,syn_current,0.9917858144650182,0.008214185534981766,12
23,72,stroke,100,6,1,L1,pre_reset,0.9833100943921261,0.016689905607873867,12
23,72,stroke,100,6,1,L2,spike50,0.7219776207127232,0.2780223792872768,12
23,72,stroke,100,6,1,L2,syn_current,0.7969679638734318,0.20303203612656817,12
23,72,stroke,100,6,1,L2,pre_reset,0.7801923306698676,0.2198076693301324,12
23,72,stroke,100,6,2,L1,spike50,0.8757483138319645,0.1242516861680355,16
23,72,stroke,100,6,2,L1,syn_current,0.986134389161438,0.01386561083856197,16
23,72,stroke,100,6,2,L1,pre_reset,0.9783366843138058,0.021663315686194173,16
23,72,stroke,100,6,2,L2,spike50,0.6490397677642654,0.3509602322357346,16
23,72,stroke,100,6,2,L2,syn_current,0.7494462683739356,0.2505537316260644,16
23,72,stroke,100,6,2,L2,pre_reset,0.7361587979289897,0.26384120207101025,16
23,73,stroke,100,6,0,L1,spike50,0.8555696046781713,0.14443039532182866,14
23,73,stroke,100,6,0,L1,syn_current,0.978606711793038,0.021393288206961958,14
23,73,stroke,100,6,0,L1,pre_reset,0.9640224835611528,0.03597751643884717,14
23,73,stroke,100,6,0,L2,spike50,0.6232079759129521,0.3767920240870479,14
23,73,stroke,100,6,0,L2,syn_current,0.8438283834327172,0.15617161656728284,14
23,73,stroke,100,6,0,L2,pre_reset,0.8455111150645751,0.1544888849354249,14
23,73,stroke,100,6,1,L1,spike50,0.8703255120928902,0.12967448790710978,15
23,73,stroke,100,6,1,L1,syn_current,0.9848953578351033,0.015104642164896709,15
23,73,stroke,100,6,1,L1,pre_reset,0.9727191504183916,0.02728084958160837,15
23,73,stroke,100,6,1,L2,spike50,0.7546437368248287,0.24535626317517134,15
23,73,stroke,100,6,1,L2,syn_current,0.8872206877407607,0.11277931225923932,15
23,73,stroke,100,6,1,L2,pre_reset,0.8792082512124314,0.1207917487875686,15
23,73,stroke,100,6,2,L1,spike50,0.9590941373018046,0.040905862698195405,7
23,73,stroke,100,6,2,L1,syn_current,0.9990229083052036,0.000977091694796428,7
23,73,stroke,100,6,2,L1,pre_reset,0.9945129010221664,0.0054870989778336154,7
23,73,stroke,100,6,2,L2,spike50,0.9230649727214258,0.07693502727857415,7
23,73,stroke,100,6,2,L2,syn_current,0.9600351815906973,0.03996481840930266,7
23,73,stroke,100,6,2,L2,pre_reset,0.9555864717174851,0.04441352828251488,7
23,74,stroke,100,6,0,L1,spike50,0.7698264915110762,0.23017350848892382,10
23,74,stroke,100,6,0,L1,syn_current,0.9702864395747482,0.02971356042525175,10
23,74,stroke,100,6,0,L1,pre_reset,0.9553032706396272,0.04469672936037283,10
23,74,stroke,100,6,0,L2,spike50,0.4884768551969493,0.5115231448030507,9
23,74,stroke,100,6,0,L2,syn_current,0.6570596188476164,0.34294038115238357,10
23,74,stroke,100,6,0,L2,pre_reset,0.6257476945235736,0.3742523054764264,10
23,74,stroke,100,6,1,L1,spike50,0.8475990074941981,0.15240099250580186,20
23,74,stroke,100,6,1,L1,syn_current,0.9760633287397823,0.0239366712602177,20
23,74,stroke,100,6,1,L1,pre_reset,0.9660808343242318,0.03391916567576825,20
23,74,stroke,100,6,1,L2,spike50,0.5210975216654976,0.4789024783345024,20
23,74,stroke,100,6,1,L2,syn_current,0.7028680118591605,0.2971319881408395,20
23,74,stroke,100,6,1,L2,pre_reset,0.6938450794054896,0.30615492059451044,20
23,76,stroke,100,6,0,L1,spike50,0.7791960677427592,0.22080393225724082,6
23,76,stroke,100,6,0,L1,syn_current,0.8626576156066831,0.13734238439331692,21
23,76,stroke,100,6,0,L1,pre_reset,0.8484410567649099,0.15155894323509012,21
23,76,stroke,100,6,0,L2,spike50,0.33664074893944673,0.6633592510605533,4
23,76,stroke,100,6,0,L2,syn_current,0.42165887268923735,0.5783411273107626,6
23,76,stroke,100,6,0,L2,pre_reset,0.33226006950592807,0.6677399304940719,6
23,76,stroke,100,6,1,L1,spike50,0.9464339286906068,0.05356607130939317,54
23,76,stroke,100,6,1,L1,syn_current,0.9904246886731235,0.009575311326876501,61
23,76,stroke,100,6,1,L1,pre_reset,0.980644690575542,0.019355309424457956,61
23,76,stroke,100,6,1,L2,spike50,0.8983536036447561,0.10164639635524386,54
23,76,stroke,100,6,1,L2,syn_current,0.9600667258803711,0.03993327411962888,54
23,76,stroke,100,6,1,L2,pre_reset,0.9593753345565089,0.04062466544349108,54
23,77,stroke,100,6,0,L1,spike50,0.7749330360443856,0.22506696395561443,16
23,77,stroke,100,6,0,L1,syn_current,0.9520804153631858,0.04791958463681423,20
23,77,stroke,100,6,0,L1,pre_reset,0.9380994662282433,0.06190053377175675,20
23,77,stroke,100,6,0,L2,spike50,0.47665628859740683,0.5233437114025932,15
23,77,stroke,100,6,0,L2,syn_current,0.6364310368149636,0.3635689631850364,16
23,77,stroke,100,6,0,L2,pre_reset,0.6037629905352616,0.3962370094647384,16
23,77,stroke,100,6,1,L1,spike50,0.8333039245146865,0.1666960754853135,19
23,77,stroke,100,6,1,L1,syn_current,0.9647583836251021,0.035241616374897866,20
23,77,stroke,100,6,1,L1,pre_reset,0.9484763863476097,0.05152361365239033,20
23,77,stroke,100,6,1,L2,spike50,0.635944609073787,0.364055390926213,17
23,77,stroke,100,6,1,L2,syn_current,0.7948820340640558,0.20511796593594422,19
23,77,stroke,100,6,1,L2,pre_reset,0.7791538799666732,0.22084612003332682,19
23,78,stroke,100,6,0,L1,spike50,0.8087990917524455,0.19120090824755454,10
23,78,stroke,100,6,0,L1,syn_current,0.9038957816918793,0.09610421830812066,13
23,78,stroke,100,6,0,L1,pre_reset,0.8612436058742307,0.13875639412576934,13
23,78,stroke,100,6,0,L2,spike50,0.32854849463328084,0.6714515053667192,8
23,78,stroke,100,6,0,L2,syn_current,0.535896986453708,0.464103013546292,10
23,78,stroke,100,6,0,L2,pre_reset,0.4755439456289127,0.5244560543710872,10
23,78,stroke,100,6,1,L1,spike50,0.974130455881765,0.025869544118235055,40
23,78,stroke,100,6,1,L1,syn_current,0.9981923152648392,0.0018076847351607972,40
23,78,stroke,100,6,1,L1,pre_reset,0.9943543344268656,0.005645665573134395,40
23,78,stroke,100,6,1,L2,spike50,0.9117682738769994,0.08823172612300056,40
23,78,stroke,100,6,1,L2,syn_current,0.9478890965092791,0.052110903490720895,40
23,78,stroke,100,6,1,L2,pre_reset,0.9255722372050442,0.07442776279495578,40
23,78,stroke,100,6,2,L1,spike50,0.798434823010123,0.20156517698987697,12
23,78,stroke,100,6,2,L1,syn_current,0.938959067864355,0.06104093213564499,14
23,78,stroke,100,6,2,L1,pre_reset,0.9071850584309075,0.09281494156909254,14
23,78,stroke,100,6,2,L2,spike50,0.403698121509087,0.596301878490913,11
23,78,stroke,100,6,2,L2,syn_current,0.5683353420648521,0.43166465793514786,12
23,78,stroke,100,6,2,L2,pre_reset,0.5175104771957467,0.4824895228042533,12
23,79,stroke,100,6,0,L1,spike50,0.9236374291042724,0.07636257089572762,20
23,79,stroke,100,6,0,L1,syn_current,0.9385890501232731,0.061410949876726906,47
23,79,stroke,100,6,0,L1,pre_reset,0.9290127989115045,0.07098720108849554,47
23,79,stroke,100,6,0,L2,spike50,0.8148796082181684,0.1851203917818316,17
23,79,stroke,100,6,0,L2,syn_current,0.8675051619185028,0.1324948380814972,20
23,79,stroke,100,6,0,L2,pre_reset,0.853192249252259,0.146807750747741,20
23,79,stroke,100,6,1,L1,spike50,0.8382852875710504,0.16171471242894964,33
23,79,stroke,100,6,1,L1,syn_current,0.9579598448256472,0.04204015517435278,37
23,79,stroke,100,6,1,L1,pre_reset,0.9409151414554742,0.05908485854452583,37
23,79,stroke,100,6,1,L2,spike50,0.35171990692148986,0.6482800930785102,31
23,79,stroke,100,6,1,L2,syn_current,0.4089706575553839,0.591029342444616,33
23,79,stroke,100,6,1,L2,pre_reset,0.3567450546367232,0.6432549453632768,33
23,81,stroke,100,6,0,L1,spike50,0.9999999999999999,1.1102230246251565e-16,11
23,81,stroke,100,6,0,L1,syn_current,1.0,0.0,13
23,81,stroke,100,6,0,L1,pre_reset,1.0,0.0,13
23,81,stroke,100,6,0,L2,spike50,1.0,0.0,5
23,81,stroke,100,6,0,L2,syn_current,1.0,0.0,12
23,81,stroke,100,6,0,L2,pre_reset,1.0,0.0,12
23,81,stroke,100,6,1,L1,spike50,0.7661929175582048,0.23380708244179516,22
23,81,stroke,100,6,1,L1,syn_current,0.9267874390598287,0.07321256094017126,22
23,81,stroke,100,6,1,L1,pre_reset,0.9070432192988523,0.09295678070114766,22
23,81,stroke,100,6,1,L2,spike50,0.5166861546460262,0.4833138453539738,22
23,81,stroke,100,6,1,L2,syn_current,0.655166043749637,0.34483395625036295,22
23,81,stroke,100,6,1,L2,pre_reset,0.6111582243981832,0.38884177560181676,22
23,81,stroke,100,6,2,L1,spike50,0.9253049036741688,0.07469509632583116,16
23,81,stroke,100,6,2,L1,syn_current,0.9858309684247251,0.014169031575274937,19
23,81,stroke,100,6,2,L1,pre_reset,0.979308934353884,0.020691065646116003,19
23,81,stroke,100,6,2,L2,spike50,0.7302504804759101,0.2697495195240899,19
23,81,stroke,100,6,2,L2,syn_current,0.8022922342036518,0.1977077657963482,19
23,81,stroke,100,6,2,L2,pre_reset,0.7655567910190281,0.23444320898097193,19
23,82,stroke,100,6,0,L1,spike50,0.7421226603167959,0.25787733968320414,17
23,82,stroke,100,6,0,L1,syn_current,0.9599762747015917,0.04002372529840825,19
23,82,stroke,100,6,0,L1,pre_reset,0.9539977959249623,0.046002204075037745,19
23,82,stroke,100,6,0,L2,spike50,0.356414657234609,0.643585342765391,17
23,82,stroke,100,6,0,L2,syn_current,0.5612451557188723,0.43875484428112765,17
23,82,stroke,100,6,0,L2,pre_reset,0.5165063761701181,0.4834936238298819,17
23,82,stroke,100,6,1,L1,spike50,0.8752253763525396,0.12477462364746039,23
23,82,stroke,100,6,1,L1,syn_current,0.9679784680614906,0.03202153193850943,34
23,82,stroke,100,6,1,L1,pre_reset,0.9534225914489767,0.046577408551023325,34
23,82,stroke,100,6,1,L2,spike50,0.6443852418501359,0.3556147581498641,23
23,82,stroke,100,6,1,L2,syn_current,0.8164910672511557,0.18350893274884428,25
23,82,stroke,100,6,1,L2,pre_reset,0.7352897778579859,0.2647102221420141,25
23,83,stroke,100,6,0,L1,spike50,0.6423688666986584,0.35763113330134155,18
23,83,stroke,100,6,0,L1,syn_current,0.9532318653496595,0.046768134650340465,20
23,83,stroke,100,6,0,L1,pre_reset,0.9382592103929681,0.06174078960703189,20
23,83,stroke,100,6,0,L2,spike50,0.6814244569875448,0.31857554301245516,17
23,83,stroke,100,6,0,L2,syn_current,0.78940421972196,0.21059578027804005,18
23,83,stroke,100,6,0,L2,pre_reset,0.7635704563733188,0.23642954362668123,18
23,83,stroke,100,6,1,L1,spike50,0.6838915136470435,0.3161084863529565,3
23,83,stroke,100,6,1,L1,syn_current,0.9311692872570646,0.0688307127429354,14
23,83,stroke,100,6,1,L1,pre_reset,0.9150206822689856,0.08497931773101441,14
23,83,stroke,100,6,1,L2,spike50,,,0
23,83,stroke,100,6,1,L2,syn_current,0.14299651654795678,0.8570034834520432,3
23,83,stroke,100,6,1,L2,pre_reset,0.13302963390301079,0.8669703660969892,3
23,83,stroke,100,6,2,L1,spike50,0.9308466306540031,0.06915336934599692,26
23,83,stroke,100,6,2,L1,syn_current,0.998616727246086,0.0013832727539140333,26
23,83,stroke,100,6,2,L1,pre_reset,0.9943055021507005,0.00569449784929954,26
23,83,stroke,100,6,2,L2,spike50,0.8315499134159263,0.16845008658407368,24
23,83,stroke,100,6,2,L2,syn_current,0.9211857327350048,0.07881426726499519,26
23,83,stroke,100,6,2,L2,pre_reset,0.9068722091522271,0.0931277908477729,26
23,84,stroke,100,6,0,L1,spike50,0.7559738634912503,0.2440261365087497,16
23,84,stroke,100,6,0,L1,syn_current,0.9701256288427044,0.02987437115729563,16
23,84,stroke,100,6,0,L1,pre_reset,0.9582713337241355,0.04172866627586447,16
23,84,stroke,100,6,0,L2,spike50,0.6216038137188526,0.37839618628114735,16
23,84,stroke,100,6,0,L2,syn_current,0.8026368586796703,0.19736314132032973,16
23,84,stroke,100,6,0,L2,pre_reset,0.7904746223637552,0.2095253776362448,16
23,84,stroke,100,6,1,L1,spike50,0.9731518371847886,0.026848162815211407,19
23,84,stroke,100,6,1,L1,syn_current,0.999296735287475,0.0007032647125250202,19
23,84,stroke,100,6,1,L1,pre_reset,0.9943036630534354,0.005696336946564573,19
23,84,stroke,100,6,1,L2,spike50,0.8774662754875898,0.12253372451241018,19
23,84,stroke,100,6,1,L2,syn_current,0.9310376920565379,0.06896230794346214,19
23,84,stroke,100,6,1,L2,pre_reset,0.9242041633074184,0.07579583669258161,19
23,84,stroke,100,6,2,L1,spike50,0.7721488796682011,0.22785112033179888,11
23,84,stroke,100,6,2,L1,syn_current,0.9671339461652045,0.03286605383479546,11
23,84,stroke,100,6,2,L1,pre_reset,0.949947121927559,0.050052878072440965,11
23,84,stroke,100,6,2,L2,spike50,0.5406694901956516,0.4593305098043484,10
23,84,stroke,100,6,2,L2,syn_current,0.5868274265889543,0.41317257341104574,11
23,84,stroke,100,6,2,L2,pre_reset,0.5617713487062465,0.43822865129375355,11
23,85,stroke,100,6,0,L1,spike50,0.751900271924615,0.24809972807538505,18
23,85,stroke,100,6,0,L1,syn_current,0.9725042226719649,0.027495777328035098,19
23,85,stroke,100,6,0,L1,pre_reset,0.9623877161903455,0.037612283809654534,19
23,85,stroke,100,6,0,L2,spike50,0.5565578495030962,0.44344215049690383,17
23,85,stroke,100,6,0,L2,syn_current,0.7518673226470299,0.24813267735297007,18
23,85,stroke,100,6,0,L2,pre_reset,0.7567481897872281,0.24325181021277187,18
23,85,stroke,100,6,1,L1,spike50,0.8990376324414964,0.10096236755850363,37
23,85,stroke,100,6,1,L1,syn_current,0.9877660603277584,0.012233939672241623,38
23,85,stroke,100,6,1,L1,pre_reset,0.9790152357439957,0.020984764256004262,38
23,85,stroke,100,6,1,L2,spike50,0.7996382423448807,0.20036175765511932,34
23,85,stroke,100,6,1,L2,syn_current,0.8966947917691962,0.1033052082308038,37
23,85,stroke,100,6,1,L2,pre_reset,0.8862167427468387,0.1137832572531613,37
23,86,stroke,100,6,0,L1,spike50,0.8142303422842373,0.1857696577157627,12
23,86,stroke,100,6,0,L1,syn_current,0.9755088613884794,0.024491138611520635,14
23,86,stroke,100,6,0,L1,pre_reset,0.9594200332265225,0.04057996677347753,14
23,86,stroke,100,6,0,L2,spike50,0.6474736717467583,0.3525263282532417,11
23,86,stroke,100,6,0,L2,syn_current,0.8229589966934706,0.1770410033065294,12
23,86,stroke,100,6,0,L2,pre_reset,0.8036030316172456,0.19639696838275444,12
23,86,stroke,100,6,1,L1,spike50,0.9639503340543593,0.03604966594564074,12
23,86,stroke,100,6,1,L1,syn_current,0.999228980619499,0.000771019380500948,12
23,86,stroke,100,6,1,L1,pre_reset,0.993839983634007,0.0061600163659929486,12
23,86,stroke,100,6,1,L2,spike50,0.820899594437941,0.17910040556205897,12
23,86,stroke,100,6,1,L2,syn_current,0.9070597881508756,0.09294021184912438,12
23,86,stroke,100,6,1,L2,pre_reset,0.888256518200135,0.11174348179986504,12
23,86,stroke,100,6,2,L1,spike50,0.7586709281018518,0.24132907189814823,9
23,86,stroke,100,6,2,L1,syn_current,0.9632858242079166,0.03671417579208336,20
23,86,stroke,100,6,2,L1,pre_reset,0.950878105868177,0.049121894131822996,20
23,86,stroke,100,6,2,L2,spike50,0.11258201467126368,0.8874179853287363,6
23,86,stroke,100,6,2,L2,syn_current,0.19784330468884706,0.802156695311153,9
23,86,stroke,100,6,2,L2,pre_reset,0.16767536453247311,0.8323246354675269,9
23,87,stroke,100,6,0,L1,spike50,0.6956049111890532,0.3043950888109468,11
23,87,stroke,100,6,0,L1,syn_current,0.9596609503258965,0.04033904967410351,11
23,87,stroke,100,6,0,L1,pre_reset,0.9394240833328523,0.06057591666714768,11
23,87,stroke,100,6,0,L2,spike50,0.4837912660910218,0.5162087339089783,11
23,87,stroke,100,6,0,L2,syn_current,0.6617696414752151,0.3382303585247849,11
23,87,stroke,100,6,0,L2,pre_reset,0.6739666008078502,0.3260333991921498,11
23,87,stroke,100,6,1,L1,spike50,0.9713724647636817,0.028627535236318336,25
23,87,stroke,100,6,1,L1,syn_current,0.9986666346032357,0.0013333653967643189,25
23,87,stroke,100,6,1,L1,pre_reset,0.994887106957762,0.005112893042238054,25
23,87,stroke,100,6,1,L2,spike50,0.8087529951699852,0.19124700483001478,25
23,87,stroke,100,6,1,L2,syn_current,0.8685255358602723,0.13147446413972774,25
23,87,stroke,100,6,1,L2,pre_reset,0.8372679086321064,0.16273209136789357,25
23,87,stroke,100,6,2,L1,spike50,0.7318800208041174,0.2681199791958826,12
23,87,stroke,100,6,2,L1,syn_current,0.9493429945370724,0.05065700546292762,12
23,87,stroke,100,6,2,L1,pre_reset,0.9320062042853213,0.06799379571467867,12
23,87,stroke,100,6,2,L2,spike50,0.48867108538710946,0.5113289146128905,12
23,87,stroke,100,6,2,L2,syn_current,0.6649496745151527,0.33505032548484726,12
23,87,stroke,100,6,2,L2,pre_reset,0.6615025450490611,0.33849745495093886,12
23,88,stroke,100,6,0,L1,spike50,0.722045660283272,0.277954339716728,14
23,88,stroke,100,6,0,L1,syn_current,0.9289564965013135,0.07104350349868649,17
23,88,stroke,100,6,0,L1,pre_reset,0.9209042953649541,0.0790957046350459,17
23,88,stroke,100,6,0,L2,spike50,0.3856490647175291,0.614350935282471,14
23,88,stroke,100,6,0,L2,syn_current,0.5576768248282515,0.44232317517174846,14
23,88,stroke,100,6,0,L2,pre_reset,0.4838796955266638,0.5161203044733362,14
23,88,stroke,100,6,1,L1,spike50,0.8671825021345179,0.13281749786548214,29
23,88,stroke,100,6,1,L1,syn_current,0.9823104391135586,0.017689560886441358,31
23,88,stroke,100,6,1,L1,pre_reset,0.970257915731281,0.02974208426871905,31
23,88,stroke,100,6,1,L2,spike50,0.782993757994179,0.21700624200582097,28
23,88,stroke,100,6,1,L2,syn_current,0.8848923003175581,0.11510769968244194,29
23,88,stroke,100,6,1,L2,pre_reset,0.8695881925670633,0.13041180743293668,29
23,90,stroke,100,6,0,L1,spike50,0.660608408202196,0.339391591797804,8
23,90,stroke,100,6,0,L1,syn_current,0.9601555707912266,0.0398444292087734,9
23,90,stroke,100,6,0,L1,pre_reset,0.9348851273191063,0.06511487268089367,9
23,90,stroke,100,6,0,L2,spike50,0.6411463634968605,0.3588536365031395,7
23,90,stroke,100,6,0,L2,syn_current,0.824315688792232,0.17568431120776795,8
23,90,stroke,100,6,0,L2,pre_reset,0.7861303179875659,0.21386968201243406,8
23,90,stroke,100,6,1,L1,spike50,0.880393720435938,0.119606279564062,20
23,90,stroke,100,6,1,L1,syn_current,0.9803268547710081,0.019673145228991884,20
23,90,stroke,100,6,1,L1,pre_reset,0.9697058117402602,0.03029418825973984,20
23,90,stroke,100,6,1,L2,spike50,0.7851107675908522,0.2148892324091478,20
23,90,stroke,100,6,1,L2,syn_current,0.8803479092127136,0.11965209078728645,20
23,90,stroke,100,6,1,L2,pre_reset,0.8623041641316688,0.13769583586833123,20
23,90,stroke,100,6,2,L1,spike50,0.8598846677278731,0.1401153322721269,16
23,90,stroke,100,6,2,L1,syn_current,0.9811023186339562,0.01889768136604375,18
23,90,stroke,100,6,2,L1,pre_reset,0.9673324858516607,0.03266751414833935,18
23,90,stroke,100,6,2,L2,spike50,0.799988669423408,0.20001133057659204,14
23,90,stroke,100,6,2,L2,syn_current,0.8829398939561588,0.1170601060438412,16
23,90,stroke,100,6,2,L2,pre_reset,0.8736476507726165,0.12635234922738348,16
23,91,stroke,100,6,0,L1,spike50,0.7880326136331356,0.2119673863668644,14
23,91,stroke,100,6,0,L1,syn_current,0.9600292163770813,0.039970783622918726,16
23,91,stroke,100,6,0,L1,pre_reset,0.9429347691772176,0.057065230822782365,16
23,91,stroke,100,6,0,L2,spike50,0.3909304622983661,0.609069537701634,13
23,91,stroke,100,6,0,L2,syn_current,0.6085050538725538,0.3914949461274462,14
23,91,stroke,100,6,0,L2,pre_reset,0.541806855320447,0.45819314467955297,14
23,91,stroke,100,6,1,L1,spike50,0.9356469014203271,0.06435309857967286,48
23,91,stroke,100,6,1,L1,syn_current,0.9912416723006859,0.008758327699314061,50
23,91,stroke,100,6,1,L1,pre_reset,0.98474610815043,0.015253891849570045,50
23,91,stroke,100,6,1,L2,spike50,0.8135778164206727,0.18642218357932727,48
23,91,stroke,100,6,1,L2,syn_current,0.9138123713742851,0.08618762862571494,48
23,91,stroke,100,6,1,L2,pre_reset,0.9102317564999941,0.0897682435000059,48
23,92,stroke,100,6,0,L1,spike50,0.7363433540836888,0.2636566459163112,16
23,92,stroke,100,6,0,L1,syn_current,0.9817126233647477,0.01828737663525226,18
23,92,stroke,100,6,0,L1,pre_reset,0.9698080954741213,0.03019190452587872,18
23,92,stroke,100,6,0,L2,spike50,0.7185763537908081,0.2814236462091919,15
23,92,stroke,100,6,0,L2,syn_current,0.8347891961388522,0.16521080386114784,16
23,92,stroke,100,6,0,L2,pre_reset,0.8445630928512401,0.1554369071487599,16
23,92,stroke,100,6,1,L1,spike50,0.735373418280899,0.26462658171910103,13
23,92,stroke,100,6,1,L1,syn_current,0.9545103030489859,0.045489696951014125,16
23,92,stroke,100,6,1,L1,pre_reset,0.9404886548169009,0.059511345183099085,16
23,92,stroke,100,6,1,L2,spike50,0.3496835837138997,0.6503164162861004,12
23,92,stroke,100,6,1,L2,syn_current,0.5520092259472368,0.4479907740527632,13
23,92,stroke,100,6,1,L2,pre_reset,0.5186375650288101,0.4813624349711899,13
23,93,stroke,100,6,0,L1,spike50,0.7462432642169993,0.25375673578300073,11
23,93,stroke,100,6,0,L1,syn_current,0.9606596761580516,0.03934032384194841,16
23,93,stroke,100,6,0,L1,pre_reset,0.9422410383231259,0.05775896167687411,16
23,93,stroke,100,6,0,L2,spike50,0.5959352412855768,0.40406475871442316,10
23,93,stroke,100,6,0,L2,syn_current,0.7873714724226999,0.2126285275773001,11
23,93,stroke,100,6,0,L2,pre_reset,0.7605016796843533,0.23949832031564666,11
23,93,stroke,100,6,1,L1,spike50,0.8010112843188718,0.1989887156811282,30
23,93,stroke,100,6,1,L1,syn_current,0.9836016516503095,0.01639834834969045,30
23,93,stroke,100,6,1,L1,pre_reset,0.9751497876758657,0.024850212324134313,30
23,93,stroke,100,6,1,L2,spike50,0.44215537156576223,0.5578446284342378,29
23,93,stroke,100,6,1,L2,syn_current,0.6085537467514693,0.39144625324853066,30
23,93,stroke,100,6,1,L2,pre_reset,0.5866497217326251,0.4133502782673749,30
23,96,stroke,100,6,0,L1,spike50,0.7831717901903628,0.21682820980963724,17
23,96,stroke,100,6,0,L1,syn_current,0.975556521155456,0.02444347884454401,18
23,96,stroke,100,6,0,L1,pre_reset,0.9610082956751343,0.03899170432486565,18
23,96,stroke,100,6,0,L2,spike50,0.505266810421398,0.494733189578602,17
23,96,stroke,100,6,0,L2,syn_current,0.712668895069984,0.287331104930016,17
23,96,stroke,100,6,0,L2,pre_reset,0.6912416741070434,0.3087583258929566,17
23,96,stroke,100,6,1,L1,spike50,0.8552558888663336,0.14474411113366636,45
23,96,stroke,100,6,1,L1,syn_current,0.9855562592617774,0.014443740738222632,45
23,96,stroke,100,6,1,L1,pre_reset,0.9764622152804541,0.02353778471954593,45
23,96,stroke,100,6,1,L2,spike50,0.7405772098294723,0.2594227901705277,44
23,96,stroke,100,6,1,L2,syn_current,0.8260052962221988,0.17399470377780124,45
23,96,stroke,100,6,1,L2,pre_reset,0.8081172467466446,0.19188275325335535,45
23,98,stroke,100,6,0,L1,spike50,0.8068705353379904,0.19312946466200964,13
23,98,stroke,100,6,0,L1,syn_current,0.9636158393942658,0.03638416060573424,16
23,98,stroke,100,6,0,L1,pre_reset,0.9533799675915535,0.04662003240844648,16
23,98,stroke,100,6,0,L2,spike50,0.5060243859326935,0.4939756140673065,12
23,98,stroke,100,6,0,L2,syn_current,0.6795177178671241,0.3204822821328759,13
23,98,stroke,100,6,0,L2,pre_reset,0.6661456886409697,0.3338543113590303,13
23,98,stroke,100,6,1,L1,spike50,0.6880291414512907,0.3119708585487093,18
23,98,stroke,100,6,1,L1,syn_current,0.9647775450178161,0.035222454982183904,20
23,98,stroke,100,6,1,L1,pre_reset,0.94893520749494,0.05106479250506002,20
23,98,stroke,100,6,1,L2,spike50,0.30828929207708444,0.6917107079229156,16
23,98,stroke,100,6,1,L2,syn_current,0.5153753347150124,0.4846246652849876,18
23,98,stroke,100,6,1,L2,pre_reset,0.4986646283672619,0.5013353716327381,18
23,98,stroke,100,6,2,L1,spike50,0.9764927122863544,0.02350728771364563,15
23,98,stroke,100,6,2,L1,syn_current,0.9993161879125303,0.000683812087469704,15
23,98,stroke,100,6,2,L1,pre_reset,0.9952287035042586,0.004771296495741373,15
23,98,stroke,100,6,2,L2,spike50,0.9062679142160308,0.09373208578396919,15
23,98,stroke,100,6,2,L2,syn_current,0.954621283338246,0.04537871666175397,15
23,98,stroke,100,6,2,L2,pre_reset,0.9374352922961225,0.06256470770387745,15
23,100,stroke,100,6,0,L1,spike50,0.8381427483836821,0.16185725161631792,13
23,100,stroke,100,6,0,L1,syn_current,0.9673875753374964,0.03261242466250358,18
23,100,stroke,100,6,0,L1,pre_reset,0.9617623676278568,0.03823763237214317,18
23,100,stroke,100,6,0,L2,spike50,0.4550894262323471,0.544910573767653,12
23,100,stroke,100,6,0,L2,syn_current,0.6899923327719748,0.3100076672280252,13
23,100,stroke,100,6,0,L2,pre_reset,0.6647916513965649,0.33520834860343507,13
23,100,stroke,100,6,1,L1,spike50,0.9435043131744536,0.0564956868255464,15
23,100,stroke,100,6,1,L1,syn_current,0.999007498696041,0.0009925013039590036,15
23,100,stroke,100,6,1,L1,pre_reset,0.9951202853103441,0.004879714689655867,15
23,100,stroke,100,6,1,L2,spike50,0.9012505990870049,0.09874940091299511,15
23,100,stroke,100,6,1,L2,syn_current,0.943434346387461,0.05656565361253896,15
23,100,stroke,100,6,1,L2,pre_reset,0.9227786293845258,0.07722137061547418,15
23,100,stroke,100,6,2,L1,spike50,0.8213269682904981,0.17867303170950188,13
23,100,stroke,100,6,2,L1,syn_current,0.9639817427945,0.036018257205500004,22
23,100,stroke,100,6,2,L1,pre_reset,0.9498509353736445,0.05014906462635549,22
23,100,stroke,100,6,2,L2,spike50,0.5570586622886308,0.44294133771136923,8
23,100,stroke,100,6,2,L2,syn_current,0.663775364552387,0.33622463544761305,13
23,100,stroke,100,6,2,L2,pre_reset,0.6283075276775734,0.37169247232242664,13
23,101,stroke,100,6,0,L1,spike50,0.7231963710751148,0.2768036289248852,19
23,101,stroke,100,6,0,L1,syn_current,0.9467912037346438,0.05320879626535624,20
23,101,stroke,100,6,0,L1,pre_reset,0.9336476860389373,0.06635231396106267,20
23,101,stroke,100,6,0,L2,spike50,0.21163533547183294,0.788364664528167,18
23,101,stroke,100,6,0,L2,syn_current,0.24702055917929994,0.7529794408207,19
23,101,stroke,100,6,0,L2,pre_reset,0.178334320973826,0.821665679026174,19
23,101,stroke,100,6,1,L1,spike50,0.9246286531909527,0.07537134680904733,48
23,101,stroke,100,6,1,L1,syn_current,0.9829849991606773,0.017015000839322725,53
23,101,stroke,100,6,1,L1,pre_reset,0.9744385846652566,0.02556141533474343,53
23,101,stroke,100,6,1,L2,spike50,0.7794347321766458,0.22056526782335417,46
23,101,stroke,100,6,1,L2,syn_current,0.8283188649544023,0.17168113504559768,48
23,101,stroke,100,6,1,L2,pre_reset,0.8090528473180026,0.19094715268199736,48
23,102,stroke,100,6,0,L1,spike50,0.9999999999999999,1.1102230246251565e-16,2
23,102,stroke,100,6,0,L1,syn_current,1.0,0.0,10
23,102,stroke,100,6,0,L1,pre_reset,1.0,0.0,10
23,102,stroke,100,6,0,L2,spike50,,,0
23,102,stroke,100,6,0,L2,syn_current,1.0,0.0,2
23,102,stroke,100,6,0,L2,pre_reset,1.0,0.0,2
23,102,stroke,100,6,1,L1,spike50,0.8812556380974229,0.11874436190257709,20
23,102,stroke,100,6,1,L1,syn_current,0.9890508654725638,0.010949134527436177,21
23,102,stroke,100,6,1,L1,pre_reset,0.9826968501046762,0.017303149895323777,21
23,102,stroke,100,6,1,L2,spike50,0.5448176075998951,0.45518239240010494,17
23,102,stroke,100,6,1,L2,syn_current,0.6392210820236548,0.3607789179763452,21
23,102,stroke,100,6,1,L2,pre_reset,0.6202277633808783,0.37977223661912174,21
23,102,stroke,100,6,2,L1,spike50,0.9231691518228772,0.07683084817712282,15
23,102,stroke,100,6,2,L1,syn_current,0.9865293733749183,0.013470626625081694,16
23,102,stroke,100,6,2,L1,pre_reset,0.9782075404568937,0.02179245954310627,16
23,102,stroke,100,6,2,L2,spike50,0.7079570991188731,0.29204290088112694,11
23,102,stroke,100,6,2,L2,syn_current,0.7425368939499049,0.25746310605009515,16
23,102,stroke,100,6,2,L2,pre_reset,0.7050468615846943,0.2949531384153057,16
23,103,stroke,100,6,0,L1,spike50,0.852454154028888,0.14754584597111198,27
23,103,stroke,100,6,0,L1,syn_current,0.9280173638818194,0.07198263611818057,37
23,103,stroke,100,6,0,L1,pre_reset,0.9160587883173582,0.08394121168264179,37
23,103,stroke,100,6,0,L2,spike50,0.7117830427547114,0.2882169572452886,25
23,103,stroke,100,6,0,L2,syn_current,0.7866472478681769,0.21335275213182314,27
23,103,stroke,100,6,0,L2,pre_reset,0.7549435476231655,0.2450564523768345,27
23,103,stroke,100,6,1,L1,spike50,0.9076254217008758,0.09237457829912421,30
23,103,stroke,100,6,1,L1,syn_current,0.9654471906780018,0.034552809321998224,33
23,103,stroke,100,6,1,L1,pre_reset,0.9465376340416323,0.05346236595836773,33
23,103,stroke,100,6,1,L2,spike50,0.6672646884208259,0.33273531157917413,29
23,103,stroke,100,6,1,L2,syn_current,0.8197994903437706,0.18020050965622936,30
23,103,stroke,100,6,1,L2,pre_reset,0.7936268012900476,0.2063731987099524,30
23,104,stroke,100,6,0,L1,spike50,0.6515960767619926,0.3484039232380074,10
23,104,stroke,100,6,0,L1,syn_current,0.9430283726029939,0.05697162739700612,12
23,104,stroke,100,6,0,L1,pre_reset,0.9254697962014431,0.0745302037985569,12
23,104,stroke,100,6,0,L2,spike50,0.17794635016021207,0.8220536498397879,7
23,104,stroke,100,6,0,L2,syn_current,0.19975527457266887,0.8002447254273312,10
23,104,stroke,100,6,0,L2,pre_reset,0.16160885517783727,0.8383911448221627,10
23,104,stroke,100,6,1,L1,spike50,0.9384104265902913,0.06158957340970872,23
23,104,stroke,100,6,1,L1,syn_current,0.9774829849786174,0.02251701502138259,33
23,104,stroke,100,6,1,L1,pre_reset,0.9640934647461664,0.03590653525383358,33
23,104,stroke,100,6,1,L2,spike50,0.7767590142417389,0.22324098575826112,21
23,104,stroke,100,6,1,L2,syn_current,0.8719035957751923,0.12809640422480773,23
23,104,stroke,100,6,1,L2,pre_reset,0.8541322167539606,0.14586778324603944,23
23,104,stroke,100,6,2,L1,spike50,0.9846955911346866,0.015304408865313368,14
23,104,stroke,100,6,2,L1,syn_current,0.9999554343614062,4.456563859378537e-05,14
23,104,stroke,100,6,2,L1,pre_reset,0.99704027187805,0.0029597281219500005,14
23,104,stroke,100,6,2,L2,spike50,0.9637467331978699,0.036253266802130146,14
23,104,stroke,100,6,2,L2,syn_current,0.9906477125808413,0.009352287419158722,14
23,104,stroke,100,6,2,L2,pre_reset,0.9909329251094624,0.009067074890537596,14
23,105,stroke,100,6,0,L1,spike50,0.8368526470296159,0.16314735297038407,15
23,105,stroke,100,6,0,L1,syn_current,0.9530598106248467,0.04694018937515332,18
23,105,stroke,100,6,0,L1,pre_reset,0.9265298800028524,0.07347011999714759,18
23,105,stroke,100,6,0,L2,spike50,0.5036896507219809,0.4963103492780191,14
23,105,stroke,100,6,0,L2,syn_current,0.7319898506164435,0.2680101493835565,15
23,105,stroke,100,6,0,L2,pre_reset,0.7072222937892189,0.29277770621078114,15
23,105,stroke,100,6,1,L1,spike50,0.9165823828252311,0.08341761717476892,47
23,105,stroke,100,6,1,L1,syn_current,0.9817159746486556,0.018284025351344435,51
23,105,stroke,100,6,1,L1,pre_reset,0.974556144722573,0.025443855277426985,51
23,105,stroke,100,6,1,L2,spike50,0.7624223132333525,0.23757768676664748,47
23,105,stroke,100,6,1,L2,syn_current,0.8683667771184963,0.1316332228815037,47
23,105,stroke,100,6,1,L2,pre_reset,0.8275031165043035,0.17249688349569647,47
23,106,stroke,100,6,0,L1,spike50,0.8369503459897443,0.16304965401025573,12
23,106,stroke,100,6,0,L1,syn_current,0.9534370723083508,0.04656292769164916,12
23,106,stroke,100,6,0,L1,pre_reset,0.9287867252672896,0.07121327473271044,12
23,106,stroke,100,6,0,L2,spike50,0.6081137875744367,0.3918862124255633,12
23,106,stroke,100,6,0,L2,syn_current,0.7962807205439663,0.20371927945603374,12
23,106,stroke,100,6,0,L2,pre_reset,0.7491198078839009,0.25088019211609913,12
23,106,stroke,100,6,1,L1,spike50,0.8979566875334684,0.10204331246653164,13
23,106,stroke,100,6,1,L1,syn_current,0.983060503416412,0.016939496583587954,13
23,106,stroke,100,6,1,L1,pre_reset,0.9726039922951233,0.027396007704876713,13
23,106,stroke,100,6,1,L2,spike50,0.7133766737710657,0.28662332622893427,13
23,106,stroke,100,6,1,L2,syn_current,0.8984620246806793,0.10153797531932074,13
23,106,stroke,100,6,1,L2,pre_reset,0.8812249975321623,0.11877500246783768,13
23,107,stroke,100,6,0,L1,spike50,1.0,0.0,9
23,107,stroke,100,6,0,L1,syn_current,1.0,0.0,10
23,107,stroke,100,6,0,L1,pre_reset,1.0,0.0,10
23,107,stroke,100,6,0,L2,spike50,1.0,0.0,8
23,107,stroke,100,6,0,L2,syn_current,1.0,0.0,9
23,107,stroke,100,6,0,L2,pre_reset,0.9999999999999998,2.220446049250313e-16,9
23,107,stroke,100,6,1,L1,spike50,0.8492486680746485,0.1507513319253515,11
23,107,stroke,100,6,1,L1,syn_current,0.9705667014284907,0.029433298571509336,11
23,107,stroke,100,6,1,L1,pre_reset,0.96164654637235,0.03835345362764997,11
23,107,stroke,100,6,1,L2,spike50,0.6375933788368733,0.3624066211631267,11
23,107,stroke,100,6,1,L2,syn_current,0.8281812078130181,0.17181879218698193,11
23,107,stroke,100,6,1,L2,pre_reset,0.8001573973253752,0.19984260267462484,11
23,107,stroke,100,6,2,L1,spike50,0.8267777792881875,0.17322222071181248,27
23,107,stroke,100,6,2,L1,syn_current,0.9661150926222511,0.03388490737774885,27
23,107,stroke,100,6,2,L1,pre_reset,0.9551990708732183,0.044800929126781686,27
23,107,stroke,100,6,2,L2,spike50,0.4686264479739337,0.5313735520260663,27
23,107,stroke,100,6,2,L2,syn_current,0.6124975437900327,0.38750245620996726,27
23,107,stroke,100,6,2,L2,pre_reset,0.60297493128172,0.39702506871828,27
23,110,stroke,100,6,0,L1,spike50,0.7164504054570239,0.2835495945429761,12
23,110,stroke,100,6,0,L1,syn_current,0.9478959383439529,0.052104061656047085,14
23,110,stroke,100,6,0,L1,pre_reset,0.9350779917489762,0.06492200825102379,14
23,110,stroke,100,6,0,L2,spike50,0.4222938661211327,0.5777061338788674,12
23,110,stroke,100,6,0,L2,syn_current,0.7955721078694814,0.2044278921305186,12
23,110,stroke,100,6,0,L2,pre_reset,0.782172707873568,0.21782729212643204,12
23,110,stroke,100,6,1,L1,spike50,0.8918159847001904,0.10818401529980959,20
23,110,stroke,100,6,1,L1,syn_current,0.989408819613716,0.010591180386284038,20
23,110,stroke,100,6,1,L1,pre_reset,0.9776528309942126,0.02234716900578737,20
23,110,stroke,100,6,1,L2,spike50,0.8121264459041226,0.18787355409587736,20
23,110,stroke,100,6,1,L2,syn_current,0.9254766704469042,0.07452332955309582,20
23,110,stroke,100,6,1,L2,pre_reset,0.9233470492535142,0.07665295074648582,20
23,111,stroke,100,6,0,L1,spike50,0.8384183632477152,0.16158163675228476,11
23,111,stroke,100,6,0,L1,syn_current,0.9625961165248055,0.03740388347519452,13
23,111,stroke,100,6,0,L1,pre_reset,0.9432002495172847,0.05679975048271535,13
23,111,stroke,100,6,0,L2,spike50,0.6433537162691365,0.3566462837308635,11
23,111,stroke,100,6,0,L2,syn_current,0.8789684533920344,0.12103154660796556,11
23,111,stroke,100,6,0,L2,pre_reset,0.8669320985643509,0.13306790143564906,11
23,111,stroke,100,6,1,L1,spike50,0.8498034218459107,0.15019657815408927,13
23,111,stroke,100,6,1,L1,syn_current,0.9833710698483243,0.016628930151675658,13
23,111,stroke,100,6,1,L1,pre_reset,0.9704739208487785,0.029526079151221518,13
23,111,stroke,100,6,1,L2,spike50,0.6538578242255864,0.34614217577441364,11
23,111,stroke,100,6,1,L2,syn_current,0.8061112129710429,0.19388878702895707,13
23,111,stroke,100,6,1,L2,pre_reset,0.8015266816616892,0.19847331833831083,13
23,111,stroke,100,6,2,L1,spike50,0.953519273365887,0.04648072663411296,14
23,111,stroke,100,6,2,L1,syn_current,0.9932316899964502,0.006768310003549827,14
23,111,stroke,100,6,2,L1,pre_reset,0.9871648332936547,0.012835166706345325,14
23,111,stroke,100,6,2,L2,spike50,0.7574677807994323,0.24253221920056767,14
23,111,stroke,100,6,2,L2,syn_current,0.8775353287944477,0.12246467120555227,14
23,111,stroke,100,6,2,L2,pre_reset,0.8732494997482231,0.12675050025177692,14
23,112,stroke,100,6,0,L1,spike50,0.735235544606238,0.26476445539376203,13
23,112,stroke,100,6,0,L1,syn_current,0.9680550604677671,0.031944939532232874,13
23,112,stroke,100,6,0,L1,pre_reset,0.9586871023679702,0.04131289763202983,13
23,112,stroke,100,6,0,L2,spike50,0.17165879639741785,0.8283412036025821,11
23,112,stroke,100,6,0,L2,syn_current,0.4050079088243696,0.5949920911756303,13
23,112,stroke,100,6,0,L2,pre_reset,0.33426993118789583,0.6657300688121042,13
23,112,stroke,100,6,1,L1,spike50,0.978912062909327,0.021087937090673026,13
23,112,stroke,100,6,1,L1,syn_current,0.998801605664804,0.0011983943351959736,13
23,112,stroke,100,6,1,L1,pre_reset,0.995702959410478,0.004297040589521961,13
23,112,stroke,100,6,1,L2,spike50,0.8926673489510202,0.10733265104897982,13
23,112,stroke,100,6,1,L2,syn_current,0.9499779442503151,0.05002205574968488,13
23,112,stroke,100,6,1,L2,pre_reset,0.9429977912545829,0.05700220874541706,13
23,112,stroke,100,6,2,L1,spike50,0.7483794528509382,0.2516205471490618,8
23,112,stroke,100,6,2,L1,syn_current,0.9025880639861021,0.09741193601389786,11
23,112,stroke,100,6,2,L1,pre_reset,0.8718912751160814,0.12810872488391856,11
23,112,stroke,100,6,2,L2,spike50,0.27221364361258854,0.7277863563874114,7
23,112,stroke,100,6,2,L2,syn_current,0.4224566921210086,0.5775433078789913,8
23,112,stroke,100,6,2,L2,pre_reset,0.3891986083215628,0.6108013916784372,8
23,113,stroke,100,6,0,L1,spike50,0.627297361442082,0.37270263855791796,11
23,113,stroke,100,6,0,L1,syn_current,0.9487516663710864,0.05124833362891357,12
23,113,stroke,100,6,0,L1,pre_reset,0.9306908006788147,0.06930919932118529,12
23,113,stroke,100,6,0,L2,spike50,0.4611036011701057,0.5388963988298943,11
23,113,stroke,100,6,0,L2,syn_current,0.7188423696147983,0.2811576303852017,11
23,113,stroke,100,6,0,L2,pre_reset,0.6759262958756966,0.32407370412430336,11
23,113,stroke,100,6,1,L1,spike50,0.9208223159804276,0.07917768401957237,27
23,113,stroke,100,6,1,L1,syn_current,0.9921342406432923,0.007865759356707747,27
23,113,stroke,100,6,1,L1,pre_reset,0.983308096475261,0.016691903524739038,27
23,113,stroke,100,6,1,L2,spike50,0.8338456230312091,0.16615437696879087,27
23,113,stroke,100,6,1,L2,syn_current,0.9157936223097957,0.08420637769020434,27
23,113,stroke,100,6,1,L2,pre_reset,0.9210323576173046,0.07896764238269538,27
23,114,stroke,100,6,0,L1,spike50,1.0,0.0,9
23,114,stroke,100,6,0,L1,syn_current,1.0,0.0,11
23,114,stroke,100,6,0,L1,pre_reset,1.0,0.0,11
23,114,stroke,100,6,0,L2,spike50,1.0,0.0,9
23,114,stroke,100,6,0,L2,syn_current,1.0,0.0,9
23,114,stroke,100,6,0,L2,pre_reset,1.0,0.0,9
23,114,stroke,100,6,1,L1,spike50,0.91786746395856,0.08213253604144,10
23,114,stroke,100,6,1,L1,syn_current,0.986742562309486,0.013257437690514018,10
23,114,stroke,100,6,1,L1,pre_reset,0.976716337969344,0.023283662030656016,10
23,114,stroke,100,6,1,L2,spike50,0.49293889876943686,0.5070611012305631,10
23,114,stroke,100,6,1,L2,syn_current,0.6455491374577024,0.35445086254229763,10
23,114,stroke,100,6,1,L2,pre_reset,0.6072046225369654,0.3927953774630346,10
23,114,stroke,100,6,2,L1,spike50,0.9101581558803433,0.08984184411965668,12
23,114,stroke,100,6,2,L1,syn_current,0.9917841314503287,0.008215868549671268,12
23,114,stroke,100,6,2,L1,pre_reset,0.9851951484923047,0.014804851507695282,12
23,114,stroke,100,6,2,L2,spike50,0.7138646832356538,0.2861353167643462,12
23,114,stroke,100,6,2,L2,syn_current,0.8636889215086025,0.13631107849139745,12
23,114,stroke,100,6,2,L2,pre_reset,0.8545653590277652,0.1454346409722348,12
23,115,stroke,100,6,0,L1,spike50,0.6217371755568226,0.3782628244431774,8
23,115,stroke,100,6,0,L1,syn_current,0.9316758108494372,0.06832418915056282,8
23,115,stroke,100,6,0,L1,pre_reset,0.9081155771052809,0.0918844228947191,8
23,115,stroke,100,6,0,L2,spike50,0.32390503140571386,0.6760949685942861,8
23,115,stroke,100,6,0,L2,syn_current,0.4847436291827084,0.5152563708172916,8
23,115,stroke,100,6,0,L2,pre_reset,0.4729671747535735,0.5270328252464265,8
23,115,stroke,100,6,1,L1,spike50,0.8765479485899978,0.12345205141000215,10
23,115,stroke,100,6,1,L1,syn_current,0.981635492707813,0.01836450729218697,10
23,115,stroke,100,6,1,L1,pre_reset,0.960733493335702,0.039266506664297984,10
23,115,stroke,100,6,1,L2,spike50,0.6701057164566608,0.32989428354333916,10
23,115,stroke,100,6,1,L2,syn_current,0.877288740541502,0.12271125945849803,10
23,115,stroke,100,6,1,L2,pre_reset,0.864742178212022,0.13525782178797796,10
23,115,stroke,100,6,2,L1,spike50,0.9461281335741467,0.05387186642585329,21
23,115,stroke,100,6,2,L1,syn_current,0.991650636413271,0.008349363586728997,21
23,115,stroke,100,6,2,L1,pre_reset,0.9849348639291768,0.01506513607082316,21
23,115,stroke,100,6,2,L2,spike50,0.7290479004222712,0.2709520995777288,21
23,115,stroke,100,6,2,L2,syn_current,0.8371284756122489,0.1628715243877511,21
23,115,stroke,100,6,2,L2,pre_reset,0.8333260357439495,0.16667396425605052,21
23,116,stroke,100,6,0,L1,spike50,0.6184877778479848,0.3815122221520152,10
23,116,stroke,100,6,0,L1,syn_current,0.9271973417022792,0.07280265829772081,10
23,116,stroke,100,6,0,L1,pre_reset,0.912459972226881,0.08754002777311898,10
23,116,stroke,100,6,0,L2,spike50,-0.1729052741537317,1.1729052741537318,9
23,116,stroke,100,6,0,L2,syn_current,-0.0011828544865213897,1.0011828544865213,10
23,116,stroke,100,6,0,L2,pre_reset,-0.009468463047758245,1.0094684630477582,10
23,116,stroke,100,6,1,L1,spike50,0.9206525482489901,0.07934745175100988,19
23,116,stroke,100,6,1,L1,syn_current,0.9899578577849127,0.010042142215087257,19
23,116,stroke,100,6,1,L1,pre_reset,0.9793019507613344,0.020698049238665583,19
23,116,stroke,100,6,1,L2,spike50,0.7672876100577931,0.2327123899422069,19
23,116,stroke,100,6,1,L2,syn_current,0.9069346214762697,0.09306537852373031,19
23,116,stroke,100,6,1,L2,pre_reset,0.9164289886424253,0.08357101135757472,19
23,119,stroke,100,6,0,L1,spike50,0.7627105158176117,0.23728948418238827,13
23,119,stroke,100,6,0,L1,syn_current,0.9358550931409388,0.06414490685906116,15
23,119,stroke,100,6,0,L1,pre_reset,0.9131532647266234,0.08684673527337661,15
23,119,stroke,100,6,0,L2,spike50,0.03987232439250707,0.9601276756074929,12
23,119,stroke,100,6,0,L2,syn_current,0.25939755111963303,0.740602448880367,13
23,119,stroke,100,6,0,L2,pre_reset,0.2165307800579908,0.7834692199420092,13
23,119,stroke,100,6,1,L1,spike50,0.9382118942789166,0.0617881057210834,37
23,119,stroke,100,6,1,L1,syn_current,0.9906315045328645,0.009368495467135474,38
23,119,stroke,100,6,1,L1,pre_reset,0.9835714376629905,0.01642856233700951,38
23,119,stroke,100,6,1,L2,spike50,0.810888532950274,0.18911146704972603,36
23,119,stroke,100,6,1,L2,syn_current,0.9070915053368878,0.09290849466311224,37
23,119,stroke,100,6,1,L2,pre_reset,0.9018596231525099,0.09814037684749011,37
23,120,stroke,100,6,0,L1,spike50,0.7006421790519369,0.29935782094806307,11
23,120,stroke,100,6,0,L1,syn_current,0.9239708598949661,0.07602914010503392,11
23,120,stroke,100,6,0,L1,pre_reset,0.9006714283243619,0.09932857167563813,11
23,120,stroke,100,6,0,L2,spike50,0.5687569332771969,0.4312430667228031,11
23,120,stroke,100,6,0,L2,syn_current,0.7501564184283704,0.24984358157162956,11
23,120,stroke,100,6,0,L2,pre_reset,0.7248267073572582,0.2751732926427418,11
23,120,stroke,100,6,1,L1,spike50,0.8966733973562768,0.10332660264372318,10
23,120,stroke,100,6,1,L1,syn_current,0.9836201069250707,0.016379893074929264,10
23,120,stroke,100,6,1,L1,pre_reset,0.9733685486716078,0.026631451328392175,10
23,120,stroke,100,6,1,L2,spike50,0.7324321506273008,0.2675678493726992,10
23,120,stroke,100,6,1,L2,syn_current,0.9277237973124441,0.07227620268755586,10
23,120,stroke,100,6,1,L2,pre_reset,0.9134328255623216,0.08656717443767836,10
23,121,stroke,100,6,0,L1,spike50,0.8000027481461731,0.19999725185382689,12
23,121,stroke,100,6,0,L1,syn_current,0.9768476415847668,0.02315235841523322,12
23,121,stroke,100,6,0,L1,pre_reset,0.964343063023131,0.035656936976869,12
23,121,stroke,100,6,0,L2,spike50,0.5129873637600048,0.48701263623999524,11
23,121,stroke,100,6,0,L2,syn_current,0.822747905606883,0.17725209439311695,12
23,121,stroke,100,6,0,L2,pre_reset,0.817608328800954,0.18239167119904598,12
23,121,stroke,100,6,1,L1,spike50,0.959181894898418,0.040818105101582014,44
23,121,stroke,100,6,1,L1,syn_current,0.9962080187150597,0.0037919812849402934,44
23,121,stroke,100,6,1,L1,pre_reset,0.9914863038280398,0.008513696171960183,44
23,121,stroke,100,6,1,L2,spike50,0.7758067581377336,0.2241932418622664,44
23,121,stroke,100,6,1,L2,syn_current,0.8780660374215905,0.1219339625784095,44
23,121,stroke,100,6,1,L2,pre_reset,0.8683843141881098,0.1316156858118902,44
23,125,stroke,100,6,0,L1,spike50,0.7252729601873852,0.2747270398126148,11
23,125,stroke,100,6,0,L1,syn_current,0.9111753406794885,0.08882465932051153,16
23,125,stroke,100,6,0,L1,pre_reset,0.8898141168725529,0.11018588312744715,16
23,125,stroke,100,6,0,L2,spike50,0.27758899846293345,0.7224110015370666,10
23,125,stroke,100,6,0,L2,syn_current,0.47755152706960424,0.5224484729303958,11
23,125,stroke,100,6,0,L2,pre_reset,0.4233896716310788,0.5766103283689212,11
23,125,stroke,100,6,1,L1,spike50,0.932702433749352,0.06729756625064798,31
23,125,stroke,100,6,1,L1,syn_current,0.9882579716502303,0.011742028349769673,34
23,125,stroke,100,6,1,L1,pre_reset,0.9803821116074735,0.01961788839252654,34
23,125,stroke,100,6,1,L2,spike50,0.744659069017743,0.25534093098225696,30
23,125,stroke,100,6,1,L2,syn_current,0.8339454670500764,0.16605453294992356,31
23,125,stroke,100,6,1,L2,pre_reset,0.8171108379630954,0.18288916203690464,31
23,126,stroke,100,6,0,L1,spike50,0.8031056412373049,0.19689435876269512,13
23,126,stroke,100,6,0,L1,syn_current,0.9512291739333171,0.048770826066682926,16
23,126,stroke,100,6,0,L1,pre_reset,0.9232271023478004,0.07677289765219963,16
23,126,stroke,100,6,0,L2,spike50,0.5433056984755066,0.4566943015244934,12
23,126,stroke,100,6,0,L2,syn_current,0.7461067924080377,0.2538932075919623,13
23,126,stroke,100,6,0,L2,pre_reset,0.7476582901926422,0.2523417098073578,13
23,126,stroke,100,6,1,L1,spike50,0.8033124416153741,0.19668755838462593,12
23,126,stroke,100,6,1,L1,syn_current,0.9801196412939442,0.019880358706055756,13
23,126,stroke,100,6,1,L1,pre_reset,0.9688602657407333,0.03113973425926675,13
23,126,stroke,100,6,1,L2,spike50,0.6154611208601166,0.3845388791398834,12
23,126,stroke,100,6,1,L2,syn_current,0.8227787260195716,0.17722127398042842,12
23,126,stroke,100,6,1,L2,pre_reset,0.8141397320576221,0.18586026794237787,12
23,127,stroke,100,6,0,L1,spike50,0.7972379768151417,0.20276202318485825,22
23,127,stroke,100,6,0,L1,syn_current,0.9658170960525364,0.034182903947463594,25
23,127,stroke,100,6,0,L1,pre_reset,0.9527066919476773,0.04729330805232268,25
23,127,stroke,100,6,0,L2,spike50,0.42084030269082023,0.5791596973091797,21
23,127,stroke,100,6,0,L2,syn_current,0.5874088325989582,0.41259116740104185,22
23,127,stroke,100,6,0,L2,pre_reset,0.5324136471318098,0.46758635286819017,22
23,127,stroke,100,6,1,L1,spike50,0.7423297717325118,0.2576702282674882,8
23,127,stroke,100,6,1,L1,syn_current,0.9451269321924536,0.054873067807546416,8
23,127,stroke,100,6,1,L1,pre_reset,0.9090570003787501,0.09094299962124985,8
23,127,stroke,100,6,1,L2,spike50,0.5111719392394394,0.4888280607605606,8
23,127,stroke,100,6,1,L2,syn_current,0.7362326200959514,0.26376737990404864,8
23,127,stroke,100,6,1,L2,pre_reset,0.7292207471358029,0.27077925286419713,8
23,127,stroke,100,6,2,L1,spike50,0.9277268224190287,0.07227317758097129,8
23,127,stroke,100,6,2,L1,syn_current,0.9933975797626251,0.006602420237374895,8
23,127,stroke,100,6,2,L1,pre_reset,0.9853772329293216,0.014622767070678444,8
23,127,stroke,100,6,2,L2,spike50,0.8006907661347051,0.19930923386529487,8
23,127,stroke,100,6,2,L2,syn_current,0.9040785005488174,0.09592149945118256,8
23,127,stroke,100,6,2,L2,pre_reset,0.8816055638948672,0.11839443610513278,8
23,128,stroke,100,6,0,L1,spike50,0.8746666800738377,0.12533331992616226,22
23,128,stroke,100,6,0,L1,syn_current,0.9900994844836406,0.009900515516359398,23
23,128,stroke,100,6,0,L1,pre_reset,0.9811621100304815,0.018837889969518518,23
23,128,stroke,100,6,0,L2,spike50,0.7059477484772617,0.2940522515227383,22
23,128,stroke,100,6,0,L2,syn_current,0.838887330411827,0.16111266958817305,22
23,128,stroke,100,6,0,L2,pre_reset,0.8233595220080351,0.17664047799196492,22
23,128,stroke,100,6,1,L1,spike50,0.8229079704487079,0.1770920295512921,21
23,128,stroke,100,6,1,L1,syn_current,0.9588005476330926,0.04119945236690736,25
23,128,stroke,100,6,1,L1,pre_reset,0.9442350056220641,0.05576499437793592,25
23,128,stroke,100,6,1,L2,spike50,0.7071998283854642,0.29280017161453575,16
23,128,stroke,100,6,1,L2,syn_current,0.7277984575629296,0.2722015424370704,23
23,128,stroke,100,6,1,L2,pre_reset,0.693422324096207,0.30657767590379303,23
23,130,stroke,100,6,0,L1,spike50,0.685800349465156,0.314199650534844,10
23,130,stroke,100,6,0,L1,syn_current,0.9248335990242459,0.07516640097575411,22
23,130,stroke,100,6,0,L1,pre_reset,0.9121994361162421,0.0878005638837579,22
23,130,stroke,100,6,0,L2,spike50,0.41106029553442436,0.5889397044655756,7
23,130,stroke,100,6,0,L2,syn_current,0.5635693328233523,0.4364306671766477,10
23,130,stroke,100,6,0,L2,pre_reset,0.5065831283599704,0.49341687164002956,10
23,130,stroke,100,6,1,L1,spike50,0.936873842260269,0.06312615773973096,23
23,130,stroke,100,6,1,L1,syn_current,0.9799122523166321,0.02008774768336785,40
23,130,stroke,100,6,1,L1,pre_reset,0.9694326568134095,0.03056734318659049,40
23,130,stroke,100,6,1,L2,spike50,0.8254425116844393,0.17455748831556073,14
23,130,stroke,100,6,1,L2,syn_current,0.8144211503201859,0.18557884967981408,26
23,130,stroke,100,6,1,L2,pre_reset,0.807087684572651,0.192912315427349,26
23,131,stroke,100,6,0,L1,spike50,0.7139894942937958,0.28601050570620423,12
23,131,stroke,100,6,0,L1,syn_current,0.9672355451339729,0.03276445486602708,15
23,131,stroke,100,6,0,L1,pre_reset,0.9550298361101703,0.04497016388982966,15
23,131,stroke,100,6,0,L2,spike50,0.43398168016318384,0.5660183198368162,10
23,131,stroke,100,6,0,L2,syn_current,0.721343669790281,0.278656330209719,12
23,131,stroke,100,6,0,L2,pre_reset,0.6936393392756638,0.3063606607243362,12
23,131,stroke,100,6,1,L1,spike50,0.8940629638261506,0.10593703617384942,21
23,131,stroke,100,6,1,L1,syn_current,0.9709284338396638,0.029071566160336237,28
23,131,stroke,100,6,1,L1,pre_reset,0.9556794554649579,0.04432054453504208,28
23,131,stroke,100,6,1,L2,spike50,0.6769678072565651,0.32303219274343487,18
23,131,stroke,100,6,1,L2,syn_current,0.7069093928087449,0.2930906071912551,21
23,131,stroke,100,6,1,L2,pre_reset,0.6716056887649111,0.3283943112350889,21
23,132,stroke,100,6,0,L1,spike50,1.0,0.0,11
23,132,stroke,100,6,0,L1,syn_current,1.0,0.0,15
23,132,stroke,100,6,0,L1,pre_reset,1.0,0.0,15
23,132,stroke,100,6,0,L2,spike50,0.9999999999999999,1.1102230246251565e-16,4
23,132,stroke,100,6,0,L2,syn_current,1.0,0.0,11
23,132,stroke,100,6,0,L2,pre_reset,1.0,0.0,11
23,132,stroke,100,6,1,L1,spike50,0.5227664979424037,0.4772335020575963,10
23,132,stroke,100,6,1,L1,syn_current,0.9794550631586453,0.020544936841354722,13
23,132,stroke,100,6,1,L1,pre_reset,0.9720926970940643,0.027907302905935683,13
23,132,stroke,100,6,1,L2,spike50,0.23545766231354934,0.7645423376864506,7
23,132,stroke,100,6,1,L2,syn_current,0.17776505534488926,0.8222349446551107,13
23,132,stroke,100,6,1,L2,pre_reset,0.17396280365943037,0.8260371963405696,13
23,132,stroke,100,6,2,L1,spike50,0.7749734038780596,0.22502659612194043,11
23,132,stroke,100,6,2,L1,syn_current,0.9785025368720746,0.021497463127925442,18
23,132,stroke,100,6,2,L1,pre_reset,0.9703656494422699,0.029634350557730116,18
23,132,stroke,100,6,2,L2,spike50,0.5235000939611086,0.47649990603889136,7
23,132,stroke,100,6,2,L2,syn_current,0.6816883176401503,0.31831168235984975,18
23,132,stroke,100,6,2,L2,pre_reset,0.6746960214809531,0.3253039785190469,18
23,133,stroke,100,6,0,L1,spike50,1.0,0.0,11
23,133,stroke,100,6,0,L1,syn_current,1.0,0.0,18
23,133,stroke,100,6,0,L1,pre_reset,1.0,0.0,18
23,133,stroke,100,6,0,L2,spike50,1.0,0.0,10
23,133,stroke,100,6,0,L2,syn_current,1.0,0.0,12
23,133,stroke,100,6,0,L2,pre_reset,1.0,0.0,12
23,133,stroke,100,6,1,L1,spike50,0.8320833508847427,0.16791664911525728,17
23,133,stroke,100,6,1,L1,syn_current,0.9794535035503478,0.02054649644965223,18
23,133,stroke,100,6,1,L1,pre_reset,0.9673219011457697,0.03267809885423034,18
23,133,stroke,100,6,1,L2,spike50,0.6543272456690586,0.34567275433094136,12
23,133,stroke,100,6,1,L2,syn_current,0.7257366010850212,0.27426339891497875,18
23,133,stroke,100,6,1,L2,pre_reset,0.7189472883339886,0.2810527116660114,18
23,133,stroke,100,6,2,L1,spike50,0.9002340595499706,0.0997659404500294,11
23,133,stroke,100,6,2,L1,syn_current,0.9912685632583187,0.008731436741681309,11
23,133,stroke,100,6,2,L1,pre_reset,0.980702738457967,0.01929726154203304,11
23,133,stroke,100,6,2,L2,spike50,0.5172923657642516,0.48270763423574836,9
23,133,stroke,100,6,2,L2,syn_current,0.6024622422311068,0.3975377577688932,11
23,133,stroke,100,6,2,L2,pre_reset,0.5402080004849241,0.4597919995150759,11
23,134,stroke,100,6,0,L1,spike50,0.5375809939470405,0.4624190060529595,14
23,134,stroke,100,6,0,L1,syn_current,0.9619562727211579,0.03804372727884209,18
23,134,stroke,100,6,0,L1,pre_reset,0.9489427962156601,0.051057203784339866,18
23,134,stroke,100,6,0,L2,spike50,,,0
23,134,stroke,100,6,0,L2,syn_current,0.45789434804859597,0.542105651951404,15
23,134,stroke,100,6,0,L2,pre_reset,0.46500846439286114,0.5349915356071389,15
23,134,stroke,100,6,1,L1,spike50,0.8774782731141925,0.12252172688580754,23
23,134,stroke,100,6,1,L1,syn_current,0.9800301801605673,0.01996981983943269,30
23,134,stroke,100,6,1,L1,pre_reset,0.9673616081160897,0.03263839188391027,30
23,134,stroke,100,6,1,L2,spike50,0.7497944777320021,0.25020552226799786,22
23,134,stroke,100,6,1,L2,syn_current,0.8517039245769367,0.14829607542306333,23
23,134,stroke,100,6,1,L2,pre_reset,0.8389068748342635,0.16109312516573648,23
23,136,stroke,100,6,0,L1,spike50,0.794411659333292,0.20558834066670795,34
23,136,stroke,100,6,0,L1,syn_current,0.989484104826895,0.010515895173105028,36
23,136,stroke,100,6,0,L1,pre_reset,0.9822594870879886,0.017740512912011397,36
23,136,stroke,100,6,0,L2,spike50,0.6479466466642219,0.35205335333577814,30
23,136,stroke,100,6,0,L2,syn_current,0.7738983828428531,0.22610161715714694,34
23,136,stroke,100,6,0,L2,pre_reset,0.758401842569599,0.24159815743040103,34
23,136,stroke,100,6,1,L1,spike50,0.8418144181091168,0.15818558189088316,20
23,136,stroke,100,6,1,L1,syn_current,0.9505482063804114,0.049451793619588624,25
23,136,stroke,100,6,1,L1,pre_reset,0.9318886948474022,0.06811130515259778,25
23,136,stroke,100,6,1,L2,spike50,0.6669885621362052,0.33301143786379483,16
23,136,stroke,100,6,1,L2,syn_current,0.705502803071448,0.29449719692855203,20
23,136,stroke,100,6,1,L2,pre_reset,0.6416808614171384,0.3583191385828616,20
23,138,stroke,100,6,0,L1,spike50,0.7793322142528966,0.22066778574710344,15
23,138,stroke,100,6,0,L1,syn_current,0.9679235760674472,0.03207642393255283,15
23,138,stroke,100,6,0,L1,pre_reset,0.9530751858643385,0.04692481413566152,15
23,138,stroke,100,6,0,L2,spike50,0.4437783214906518,0.5562216785093482,14
23,138,stroke,100,6,0,L2,syn_current,0.695079255403802,0.304920744596198,15
23,138,stroke,100,6,0,L2,pre_reset,0.69181676398099,0.30818323601901,15
23,138,stroke,100,6,1,L1,spike50,0.8912599369144759,0.10874006308552409,24
23,138,stroke,100,6,1,L1,syn_current,0.9863416166046014,0.013658383395398599,25
23,138,stroke,100,6,1,L1,pre_reset,0.9762431187057555,0.02375688129424447,25
23,138,stroke,100,6,1,L2,spike50,0.7300513633584623,0.2699486366415377,24
23,138,stroke,100,6,1,L2,syn_current,0.8677632681498141,0.13223673185018592,24
23,138,stroke,100,6,1,L2,pre_reset,0.8483004107771763,0.15169958922282367,24
23,139,stroke,100,6,0,L1,spike50,0.8062311930801807,0.19376880691981935,20
23,139,stroke,100,6,0,L1,syn_current,0.9466956939694189,0.05330430603058112,28
23,139,stroke,100,6,0,L1,pre_reset,0.9434528670678235,0.0565471329321765,28
23,139,stroke,100,6,0,L2,spike50,0.39751134744248035,0.6024886525575197,22
23,139,stroke,100,6,0,L2,syn_current,0.41422938839660184,0.5857706116033982,23
23,139,stroke,100,6,0,L2,pre_reset,0.35848232195839097,0.641517678041609,23
23,139,stroke,100,6,1,L1,spike50,0.8370260722381619,0.16297392776183806,5
23,139,stroke,100,6,1,L1,syn_current,0.9112912007156884,0.08870879928431163,9
23,139,stroke,100,6,1,L1,pre_reset,0.8774900304809755,0.12250996951902449,9
23,139,stroke,100,6,1,L2,spike50,0.351862294767195,0.648137705232805,3
23,139,stroke,100,6,1,L2,syn_current,0.48206759664000687,0.5179324033599931,5
23,139,stroke,100,6,1,L2,pre_reset,0.42553226607370015,0.5744677339262998,5
23,139,stroke,100,6,2,L1,spike50,0.9594460356417868,0.040553964358213235,13
23,139,stroke,100,6,2,L1,syn_current,0.9975412410155938,0.002458758984406173,13
23,139,stroke,100,6,2,L1,pre_reset,0.9912278371682215,0.008772162831778507,13
23,139,stroke,100,6,2,L2,spike50,0.8921216820106319,0.10787831798936809,13
23,139,stroke,100,6,2,L2,syn_current,0.9374968898764588,0.06250311012354115,13
23,139,stroke,100,6,2,L2,pre_reset,0.9254001395231679,0.07459986047683209,13
23,140,stroke,100,6,0,L1,spike50,0.7635951182212499,0.23640488177875008,13
23,140,stroke,100,6,0,L1,syn_current,0.9893174026715513,0.010682597328448673,15
23,140,stroke,100,6,0,L1,pre_reset,0.9799530321381156,0.020046967861884424,15
23,140,stroke,100,6,0,L2,spike50,0.5840740139894279,0.41592598601057207,12
23,140,stroke,100,6,0,L2,syn_current,0.7692281137415301,0.2307718862584699,13
23,140,stroke,100,6,0,L2,pre_reset,0.7664384570520689,0.23356154294793108,13
23,140,stroke,100,6,1,L1,spike50,0.9276584722650443,0.07234152773495572,13
23,140,stroke,100,6,1,L1,syn_current,0.9993411535219078,0.0006588464780922232,14
23,140,stroke,100,6,1,L1,pre_reset,0.9926455287174701,0.007354471282529862,14
23,140,stroke,100,6,1,L2,spike50,0.7373062393561458,0.2626937606438542,14
23,140,stroke,100,6,1,L2,syn_current,0.8390716997202975,0.1609283002797025,14
23,140,stroke,100,6,1,L2,pre_reset,0.8480331151092539,0.15196688489074606,14
23,140,stroke,100,6,2,L1,spike50,0.7185613811206762,0.28143861887932375,12
23,140,stroke,100,6,2,L1,syn_current,0.9487872766464063,0.051212723353593725,19
23,140,stroke,100,6,2,L1,pre_reset,0.9317879797220462,0.06821202027795381,19
23,140,stroke,100,6,2,L2,spike50,0.4186736138387501,0.5813263861612499,9
23,140,stroke,100,6,2,L2,syn_current,0.5562833270053767,0.44371667299462325,12
23,140,stroke,100,6,2,L2,pre_reset,0.5210119672093961,0.47898803279060387,12
23,141,stroke,100,6,0,L1,spike50,0.6661795553810447,0.3338204446189553,13
23,141,stroke,100,6,0,L1,syn_current,0.9497959153143452,0.05020408468565485,16
23,141,stroke,100,6,0,L1,pre_reset,0.939037111323146,0.060962888676853955,16
23,141,stroke,100,6,0,L2,spike50,0.21004818445667003,0.7899518155433299,12
23,141,stroke,100,6,0,L2,syn_current,0.3051215630352951,0.694878436964705,13
23,141,stroke,100,6,0,L2,pre_reset,0.23617549402820084,0.7638245059717992,13
23,141,stroke,100,6,1,L1,spike50,0.9563141364463209,0.043685863553679094,36
23,141,stroke,100,6,1,L1,syn_current,0.9875738687179345,0.012426131282065489,42
23,141,stroke,100,6,1,L1,pre_reset,0.9785094184532471,0.021490581546752874,42
23,141,stroke,100,6,1,L2,spike50,0.8694736976613147,0.13052630233868534,34
23,141,stroke,100,6,1,L2,syn_current,0.8923483113603687,0.10765168863963126,36
23,141,stroke,100,6,1,L2,pre_reset,0.8768087673877614,0.12319123261223863,36
23,143,stroke,100,6,0,L1,spike50,0.7934690360055167,0.20653096399448334,15
23,143,stroke,100,6,0,L1,syn_current,0.9513412440804571,0.04865875591954294,18
23,143,stroke,100,6,0,L1,pre_reset,0.9334353751622582,0.06656462483774184,18
23,143,stroke,100,6,0,L2,spike50,0.35882586228056057,0.6411741377194394,13
23,143,stroke,100,6,0,L2,syn_current,0.47756460428101616,0.5224353957189838,15
23,143,stroke,100,6,0,L2,pre_reset,0.39132645223956514,0.6086735477604348,15
23,143,stroke,100,6,1,L1,spike50,0.8361654406880943,0.16383455931190571,12
23,143,stroke,100,6,1,L1,syn_current,0.9624384705106438,0.037561529489356205,18
23,143,stroke,100,6,1,L1,pre_reset,0.9464824126586626,0.05351758734133738,18
23,143,stroke,100,6,1,L2,spike50,0.5428252169858246,0.45717478301417536,12
23,143,stroke,100,6,1,L2,syn_current,0.6925212341849253,0.3074787658150747,12
23,143,stroke,100,6,1,L2,pre_reset,0.6405267275403158,0.3594732724596842,12
23,143,stroke,100,6,2,L1,spike50,0.9159691923579337,0.08403080764206627,12
23,143,stroke,100,6,2,L1,syn_current,0.9992789400267884,0.0007210599732115908,12
23,143,stroke,100,6,2,L1,pre_reset,0.9938635426916275,0.006136457308372534,12
23,143,stroke,100,6,2,L2,spike50,0.703372034054005,0.29662796594599505,12
23,143,stroke,100,6,2,L2,syn_current,0.8010921682474438,0.19890783175255622,12
23,143,stroke,100,6,2,L2,pre_reset,0.7776634697171462,0.22233653028285383,12
23,144,stroke,100,6,0,L1,spike50,0.7342794760373178,0.2657205239626822,16
23,144,stroke,100,6,0,L1,syn_current,0.9729684229421117,0.02703157705788828,17
23,144,stroke,100,6,0,L1,pre_reset,0.9605211213373203,0.03947887866267974,17
23,144,stroke,100,6,0,L2,spike50,0.43987115262090626,0.5601288473790937,15
23,144,stroke,100,6,0,L2,syn_current,0.5648032693299316,0.43519673067006837,16
23,144,stroke,100,6,0,L2,pre_reset,0.5330763466324729,0.46692365336752706,16
23,144,stroke,100,6,1,L1,spike50,0.8778059655872348,0.12219403441276522,27
23,144,stroke,100,6,1,L1,syn_current,0.9875660837078379,0.012433916292162062,29
23,144,stroke,100,6,1,L1,pre_reset,0.9790947909012977,0.020905209098702304,29
23,144,stroke,100,6,1,L2,spike50,0.7346351177198727,0.26536488228012733,25
23,144,stroke,100,6,1,L2,syn_current,0.8168661087227784,0.18313389127722157,27
23,144,stroke,100,6,1,L2,pre_reset,0.8249429748560069,0.17505702514399313,27
23,145,stroke,100,6,0,L1,spike50,0.7691700078456497,0.2308299921543503,8
23,145,stroke,100,6,0,L1,syn_current,0.8994632694643414,0.10053673053565859,16
23,145,stroke,100,6,0,L1,pre_reset,0.8799294507916935,0.12007054920830651,16
23,145,stroke,100,6,0,L2,spike50,0.4360303987537403,0.5639696012462597,5
23,145,stroke,100,6,0,L2,syn_current,0.7544756773735324,0.24552432262646762,8
23,145,stroke,100,6,0,L2,pre_reset,0.7054309330683635,0.29456906693163654,8
23,145,stroke,100,6,1,L1,spike50,0.9485530548081842,0.05144694519181581,19
23,145,stroke,100,6,1,L1,syn_current,0.9529727639599394,0.04702723604006065,37
23,145,stroke,100,6,1,L1,pre_reset,0.9349791161892114,0.06502088381078863,37
23,145,stroke,100,6,1,L2,spike50,0.8210060616545477,0.1789939383454523,17
23,145,stroke,100,6,1,L2,syn_current,0.9097210017881718,0.09027899821182817,19
23,145,stroke,100,6,1,L2,pre_reset,0.8770118257755098,0.12298817422449015,19
