seed,sample_index,scale,gap_ms,gap_steps,stroke_index,layer,state,corr_mean,context_sensitivity,count
37,1,stroke,50,3,0,L1,spike50,0.6956583977534142,0.3043416022465858,16
37,1,stroke,50,3,0,L1,syn_current,0.9209214401089094,0.07907855989109058,16
37,1,stroke,50,3,0,L1,pre_reset,0.9050400581157098,0.09495994188429024,16
37,1,stroke,50,3,0,L2,spike50,0.31999926840583026,0.6800007315941697,15
37,1,stroke,50,3,0,L2,syn_current,0.5445886855367206,0.4554113144632794,16
37,1,stroke,50,3,0,L2,pre_reset,0.49993102921255966,0.5000689707874404,16
37,1,stroke,50,3,1,L1,spike50,0.8901015268793075,0.10989847312069245,47
37,1,stroke,50,3,1,L1,syn_current,0.9724492328857087,0.027550767114291275,48
37,1,stroke,50,3,1,L1,pre_reset,0.9600781566253556,0.03992184337464444,48
37,1,stroke,50,3,1,L2,spike50,0.7612077955484652,0.23879220445153482,47
37,1,stroke,50,3,1,L2,syn_current,0.8448775620746733,0.15512243792532665,47
37,1,stroke,50,3,1,L2,pre_reset,0.8398535160008708,0.16014648399912923,47
37,2,stroke,50,3,0,L1,spike50,0.8109189799252778,0.18908102007472216,13
37,2,stroke,50,3,0,L1,syn_current,0.9368361854520474,0.06316381454795261,15
37,2,stroke,50,3,0,L1,pre_reset,0.9262324358776053,0.07376756412239471,15
37,2,stroke,50,3,0,L2,spike50,0.7217490441641878,0.27825095583581216,13
37,2,stroke,50,3,0,L2,syn_current,0.8787924259281558,0.12120757407184424,13
37,2,stroke,50,3,0,L2,pre_reset,0.8558736061813476,0.14412639381865244,13
37,2,stroke,50,3,1,L1,spike50,0.694004159458931,0.305995840541069,14
37,2,stroke,50,3,1,L1,syn_current,0.9213738364638914,0.07862616353610863,14
37,2,stroke,50,3,1,L1,pre_reset,0.9025026612308776,0.09749733876912237,14
37,2,stroke,50,3,1,L2,spike50,0.6640500206936678,0.3359499793063322,12
37,2,stroke,50,3,1,L2,syn_current,0.7083966576162093,0.2916033423837907,14
37,2,stroke,50,3,1,L2,pre_reset,0.6931441941565516,0.3068558058434484,14
37,3,stroke,50,3,0,L1,spike50,0.8072762855850943,0.19272371441490566,7
37,3,stroke,50,3,0,L1,syn_current,0.8676871495611254,0.13231285043887464,17
37,3,stroke,50,3,0,L1,pre_reset,0.8450101274148552,0.15498987258514485,17
37,3,stroke,50,3,0,L2,spike50,0.37183244195981036,0.6281675580401896,5
37,3,stroke,50,3,0,L2,syn_current,0.44735028201194954,0.5526497179880505,7
37,3,stroke,50,3,0,L2,pre_reset,0.40335414889716337,0.5966458511028366,7
37,3,stroke,50,3,1,L1,spike50,0.9543934740398183,0.045606525960181665,34
37,3,stroke,50,3,1,L1,syn_current,0.9927007238885025,0.007299276111497499,34
37,3,stroke,50,3,1,L1,pre_reset,0.9857886576664854,0.01421134233351462,34
37,3,stroke,50,3,1,L2,spike50,0.7095903160923029,0.29040968390769706,34
37,3,stroke,50,3,1,L2,syn_current,0.8382025065860654,0.16179749341393457,34
37,3,stroke,50,3,1,L2,pre_reset,0.8268229078435201,0.17317709215647992,34
37,3,stroke,50,3,2,L1,spike50,0.6260351326303537,0.3739648673696463,14
37,3,stroke,50,3,2,L1,syn_current,0.9022631624974742,0.09773683750252582,16
37,3,stroke,50,3,2,L1,pre_reset,0.8857363208625588,0.11426367913744118,16
37,3,stroke,50,3,2,L2,spike50,0.19801851347579869,0.8019814865242013,13
37,3,stroke,50,3,2,L2,syn_current,0.3196268575811003,0.6803731424188997,14
37,3,stroke,50,3,2,L2,pre_reset,0.2960955456531818,0.7039044543468183,14
37,4,stroke,50,3,0,L1,spike50,0.8935847395661208,0.10641526043387917,32
37,4,stroke,50,3,0,L1,syn_current,0.9528287911165823,0.04717120888341775,39
37,4,stroke,50,3,0,L1,pre_reset,0.9380611751546263,0.06193882484537372,39
37,4,stroke,50,3,0,L2,spike50,0.608305291392099,0.391694708607901,31
37,4,stroke,50,3,0,L2,syn_current,0.7441444541824929,0.25585554581750714,32
37,4,stroke,50,3,0,L2,pre_reset,0.7278756517269258,0.2721243482730742,32
37,4,stroke,50,3,1,L1,spike50,0.9000890297111672,0.09991097028883278,34
37,4,stroke,50,3,1,L1,syn_current,0.9799909093521004,0.020009090647899574,36
37,4,stroke,50,3,1,L1,pre_reset,0.9714395406261508,0.028560459373849212,36
37,4,stroke,50,3,1,L2,spike50,0.8394341022688256,0.16056589773117436,32
37,4,stroke,50,3,1,L2,syn_current,0.8760504440197256,0.12394955598027435,34
37,4,stroke,50,3,1,L2,pre_reset,0.8604157542806453,0.13958424571935468,34
37,6,stroke,50,3,0,L1,spike50,1.0,0.0,13
37,6,stroke,50,3,0,L1,syn_current,1.0,0.0,14
37,6,stroke,50,3,0,L1,pre_reset,1.0,0.0,14
37,6,stroke,50,3,0,L2,spike50,1.0,0.0,13
37,6,stroke,50,3,0,L2,syn_current,1.0,0.0,13
37,6,stroke,50,3,0,L2,pre_reset,1.0,0.0,13
37,6,stroke,50,3,1,L1,spike50,0.8758449164490011,0.12415508355099891,22
37,6,stroke,50,3,1,L1,syn_current,0.9742901997551318,0.02570980024486824,22
37,6,stroke,50,3,1,L1,pre_reset,0.9605465343038719,0.039453465696128065,22
37,6,stroke,50,3,1,L2,spike50,0.5528451533038528,0.44715484669614725,22
37,6,stroke,50,3,1,L2,syn_current,0.6485432545656622,0.3514567454343378,22
37,6,stroke,50,3,1,L2,pre_reset,0.6249170087435956,0.37508299125640443,22
37,6,stroke,50,3,2,L1,spike50,0.9339231961363191,0.06607680386368087,19
37,6,stroke,50,3,2,L1,syn_current,0.9845783473442014,0.015421652655798646,19
37,6,stroke,50,3,2,L1,pre_reset,0.9737688913185923,0.026231108681407656,19
37,6,stroke,50,3,2,L2,spike50,0.7473361622265168,0.2526638377734832,19
37,6,stroke,50,3,2,L2,syn_current,0.8902878579142608,0.1097121420857392,19
37,6,stroke,50,3,2,L2,pre_reset,0.8921161210102756,0.1078838789897244,19
37,7,stroke,50,3,0,L1,spike50,0.7735936379802253,0.2264063620197747,18
37,7,stroke,50,3,0,L1,syn_current,0.9533622486098338,0.04663775139016624,19
37,7,stroke,50,3,0,L1,pre_reset,0.9416195559419074,0.05838044405809262,19
37,7,stroke,50,3,0,L2,spike50,0.2618640997153238,0.7381359002846761,18
37,7,stroke,50,3,0,L2,syn_current,0.4342309789077021,0.5657690210922979,18
37,7,stroke,50,3,0,L2,pre_reset,0.3809226639762712,0.6190773360237287,18
37,7,stroke,50,3,1,L1,spike50,0.9169053760535321,0.08309462394646794,32
37,7,stroke,50,3,1,L1,syn_current,0.9687547351532165,0.03124526484678347,37
37,7,stroke,50,3,1,L1,pre_reset,0.9565833272972615,0.043416672702738524,37
37,7,stroke,50,3,1,L2,spike50,0.7413859464357972,0.25861405356420275,32
37,7,stroke,50,3,1,L2,syn_current,0.8834084019916787,0.1165915980083213,32
37,7,stroke,50,3,1,L2,pre_reset,0.8606781210257592,0.13932187897424075,32
37,8,stroke,50,3,0,L1,spike50,0.8085792982596497,0.1914207017403503,13
37,8,stroke,50,3,0,L1,syn_current,0.9359959511021765,0.06400404889782352,16
37,8,stroke,50,3,0,L1,pre_reset,0.9226319037196262,0.07736809628037378,16
37,8,stroke,50,3,0,L2,spike50,0.5232606201238348,0.4767393798761652,13
37,8,stroke,50,3,0,L2,syn_current,0.7484289300085109,0.25157106999148915,13
37,8,stroke,50,3,0,L2,pre_reset,0.7207133253103971,0.2792866746896029,13
37,8,stroke,50,3,1,L1,spike50,0.9410587678203074,0.058941232179692604,15
37,8,stroke,50,3,1,L1,syn_current,0.9967055293701659,0.003294470629834123,15
37,8,stroke,50,3,1,L1,pre_reset,0.9910307064924629,0.008969293507537057,15
37,8,stroke,50,3,1,L2,spike50,0.7205110529288644,0.2794889470711356,15
37,8,stroke,50,3,1,L2,syn_current,0.8684794521286993,0.13152054787130074,15
37,8,stroke,50,3,1,L2,pre_reset,0.8605013054582292,0.13949869454177077,15
37,8,stroke,50,3,2,L1,spike50,0.8251226789822996,0.17487732101770037,24
37,8,stroke,50,3,2,L1,syn_current,0.9630239809783054,0.03697601902169456,25
37,8,stroke,50,3,2,L1,pre_reset,0.9500429799342133,0.04995702006578673,25
37,8,stroke,50,3,2,L2,spike50,0.7085902078114801,0.2914097921885199,23
37,8,stroke,50,3,2,L2,syn_current,0.8317949919321848,0.16820500806781524,24
37,8,stroke,50,3,2,L2,pre_reset,0.8183743374057711,0.18162566259422885,24
37,9,stroke,50,3,0,L1,spike50,0.7114059159877903,0.28859408401220965,17
37,9,stroke,50,3,0,L1,syn_current,0.9332247342568506,0.0667752657431494,18
37,9,stroke,50,3,0,L1,pre_reset,0.9084760424875574,0.09152395751244258,18
37,9,stroke,50,3,0,L2,spike50,0.4816349951266086,0.5183650048733914,16
37,9,stroke,50,3,0,L2,syn_current,0.6534409279524686,0.34655907204753145,17
37,9,stroke,50,3,0,L2,pre_reset,0.6137369595148519,0.38626304048514815,17
37,9,stroke,50,3,1,L1,spike50,0.8759481965153784,0.12405180348462164,23
37,9,stroke,50,3,1,L1,syn_current,0.9634357575416048,0.03656424245839518,23
37,9,stroke,50,3,1,L1,pre_reset,0.945385234835306,0.05461476516469399,23
37,9,stroke,50,3,1,L2,spike50,0.6270943917894299,0.37290560821057006,23
37,9,stroke,50,3,1,L2,syn_current,0.7434377882094966,0.2565622117905034,23
37,9,stroke,50,3,1,L2,pre_reset,0.7250498064729151,0.27495019352708494,23
37,9,stroke,50,3,2,L1,spike50,0.6186877997174741,0.3813122002825259,11
37,9,stroke,50,3,2,L1,syn_current,0.8504980916209429,0.14950190837905708,14
37,9,stroke,50,3,2,L1,pre_reset,0.8263146269887794,0.17368537301122056,14
37,9,stroke,50,3,2,L2,spike50,0.0007797580500505469,0.9992202419499494,10
37,9,stroke,50,3,2,L2,syn_current,-0.010364817977952637,1.0103648179779527,11
37,9,stroke,50,3,2,L2,pre_reset,-0.06571168131876846,1.0657116813187684,11
37,10,stroke,50,3,0,L1,spike50,0.7689639333478155,0.23103606665218446,21
37,10,stroke,50,3,0,L1,syn_current,0.9756135667628262,0.02438643323717382,21
37,10,stroke,50,3,0,L1,pre_reset,0.9669270914151864,0.0330729085848136,21
37,10,stroke,50,3,0,L2,spike50,0.5555373154788195,0.44446268452118054,20
37,10,stroke,50,3,0,L2,syn_current,0.6900845264236727,0.3099154735763273,21
37,10,stroke,50,3,0,L2,pre_reset,0.660752816627188,0.339247183372812,21
37,10,stroke,50,3,1,L1,spike50,0.8757485332642595,0.1242514667357405,48
37,10,stroke,50,3,1,L1,syn_current,0.9808624617240951,0.01913753827590492,49
37,10,stroke,50,3,1,L1,pre_reset,0.9670382476367398,0.032961752363260155,49
37,10,stroke,50,3,1,L2,spike50,0.6577968943742631,0.34220310562573686,48
37,10,stroke,50,3,1,L2,syn_current,0.754324711374582,0.245675288625418,48
37,10,stroke,50,3,1,L2,pre_reset,0.7289169111886111,0.2710830888113889,48
37,11,stroke,50,3,0,L1,spike50,0.8623190284964105,0.1376809715035895,21
37,11,stroke,50,3,0,L1,syn_current,0.9776865141590397,0.022313485840960268,21
37,11,stroke,50,3,0,L1,pre_reset,0.9650421992216835,0.03495780077831645,21
37,11,stroke,50,3,0,L2,spike50,0.7922374184229771,0.20776258157702288,21
37,11,stroke,50,3,0,L2,syn_current,0.9061853206227356,0.0938146793772644,21
37,11,stroke,50,3,0,L2,pre_reset,0.8952106522124295,0.10478934778757054,21
37,11,stroke,50,3,1,L1,spike50,0.7648332827484062,0.23516671725159377,13
37,11,stroke,50,3,1,L1,syn_current,0.9614606282552963,0.03853937174470368,15
37,11,stroke,50,3,1,L1,pre_reset,0.9468383860979416,0.053161613902058424,15
37,11,stroke,50,3,1,L2,spike50,0.552055782227825,0.44794421777217497,11
37,11,stroke,50,3,1,L2,syn_current,0.6746483956133253,0.32535160438667465,13
37,11,stroke,50,3,1,L2,pre_reset,0.6099270379764141,0.3900729620235859,13
37,12,stroke,50,3,0,L1,spike50,0.742087216359688,0.257912783640312,37
37,12,stroke,50,3,0,L1,syn_current,0.9504447489297863,0.049555251070213746,41
37,12,stroke,50,3,0,L1,pre_reset,0.940573091547414,0.059426908452586025,41
37,12,stroke,50,3,0,L2,spike50,0.41852869536813403,0.581471304631866,33
37,12,stroke,50,3,0,L2,syn_current,0.4903710628053874,0.5096289371946126,37
37,12,stroke,50,3,0,L2,pre_reset,0.46682260316090574,0.5331773968390943,37
37,12,stroke,50,3,1,L1,spike50,0.8518441971326823,0.14815580286731767,39
37,12,stroke,50,3,1,L1,syn_current,0.9780499699443147,0.0219500300556853,39
37,12,stroke,50,3,1,L1,pre_reset,0.967938853617453,0.03206114638254698,39
37,12,stroke,50,3,1,L2,spike50,0.7818363337155417,0.21816366628445827,38
37,12,stroke,50,3,1,L2,syn_current,0.8723812905480829,0.1276187094519171,39
37,12,stroke,50,3,1,L2,pre_reset,0.8547487741216435,0.14525122587835648,39
37,13,stroke,50,3,0,L1,spike50,1.0,0.0,16
37,13,stroke,50,3,0,L1,syn_current,1.0,0.0,17
37,13,stroke,50,3,0,L1,pre_reset,1.0,0.0,17
37,13,stroke,50,3,0,L2,spike50,1.0,0.0,16
37,13,stroke,50,3,0,L2,syn_current,1.0,0.0,16
37,13,stroke,50,3,0,L2,pre_reset,1.0,0.0,16
37,13,stroke,50,3,1,L1,spike50,0.8628874062317381,0.1371125937682619,15
37,13,stroke,50,3,1,L1,syn_current,0.9599156710245739,0.04008432897542613,15
37,13,stroke,50,3,1,L1,pre_reset,0.9384484203094338,0.06155157969056624,15
37,13,stroke,50,3,1,L2,spike50,0.5709105149431407,0.4290894850568593,15
37,13,stroke,50,3,1,L2,syn_current,0.6891143557806466,0.3108856442193534,15
37,13,stroke,50,3,1,L2,pre_reset,0.6474399468681319,0.3525600531318681,15
37,13,stroke,50,3,2,L1,spike50,0.8961002437411976,0.10389975625880243,25
37,13,stroke,50,3,2,L1,syn_current,0.9790325251130629,0.020967474886937065,25
37,13,stroke,50,3,2,L1,pre_reset,0.9660944815524097,0.033905518447590266,25
37,13,stroke,50,3,2,L2,spike50,0.5147785778316972,0.4852214221683028,25
37,13,stroke,50,3,2,L2,syn_current,0.689662325594787,0.310337674405213,25
37,13,stroke,50,3,2,L2,pre_reset,0.6872760686016715,0.31272393139832855,25
37,14,stroke,50,3,0,L1,spike50,0.6139155921847756,0.38608440781522435,14
37,14,stroke,50,3,0,L1,syn_current,0.8957696990357249,0.1042303009642751,14
37,14,stroke,50,3,0,L1,pre_reset,0.873047932413085,0.12695206758691502,14
37,14,stroke,50,3,0,L2,spike50,0.3991042281578794,0.6008957718421206,13
37,14,stroke,50,3,0,L2,syn_current,0.5235121575372014,0.4764878424627986,14
37,14,stroke,50,3,0,L2,pre_reset,0.502239544571892,0.497760455428108,14
37,14,stroke,50,3,1,L1,spike50,0.9339241255688906,0.0660758744311094,37
37,14,stroke,50,3,1,L1,syn_current,0.9891340291682429,0.01086597083175711,37
37,14,stroke,50,3,1,L1,pre_reset,0.9803627631755422,0.019637236824457838,37
37,14,stroke,50,3,1,L2,spike50,0.8034609765134597,0.1965390234865403,37
37,14,stroke,50,3,1,L2,syn_current,0.8840530798547805,0.11594692014521946,37
37,14,stroke,50,3,1,L2,pre_reset,0.8693735261947927,0.1306264738052073,37
37,14,stroke,50,3,2,L1,spike50,0.5535146897557692,0.44648531024423077,14
37,14,stroke,50,3,2,L1,syn_current,0.8689627221656347,0.13103727783436525,14
37,14,stroke,50,3,2,L1,pre_reset,0.8458409452979216,0.15415905470207836,14
37,14,stroke,50,3,2,L2,spike50,0.19470660381185206,0.8052933961881479,13
37,14,stroke,50,3,2,L2,syn_current,0.2852779715645092,0.7147220284354908,14
37,14,stroke,50,3,2,L2,pre_reset,0.2696229615619994,0.7303770384380006,14
37,15,stroke,50,3,0,L1,spike50,0.6967213488745487,0.30327865112545127,19
37,15,stroke,50,3,0,L1,syn_current,0.9330570798052458,0.06694292019475423,20
37,15,stroke,50,3,0,L1,pre_reset,0.9214430048065548,0.07855699519344517,20
37,15,stroke,50,3,0,L2,spike50,-0.017448351187837857,1.0174483511878378,18
37,15,stroke,50,3,0,L2,syn_current,-0.0056778759265253345,1.0056778759265252,19
37,15,stroke,50,3,0,L2,pre_reset,-0.03928522265887873,1.0392852226588787,19
37,15,stroke,50,3,1,L1,spike50,0.9098788769928726,0.09012112300712738,35
37,15,stroke,50,3,1,L1,syn_current,0.9809516973650643,0.019048302634935732,37
37,15,stroke,50,3,1,L1,pre_reset,0.9714300328629943,0.02856996713700566,37
37,15,stroke,50,3,1,L2,spike50,0.8356036770109104,0.16439632298908957,31
37,15,stroke,50,3,1,L2,syn_current,0.9001992927538314,0.09980070724616863,35
37,15,stroke,50,3,1,L2,pre_reset,0.8849441193959672,0.11505588060403282,35
37,17,stroke,50,3,0,L1,spike50,0.6956514378469805,0.30434856215301953,4
37,17,stroke,50,3,0,L1,syn_current,0.9136346200880018,0.08636537991199822,12
37,17,stroke,50,3,0,L1,pre_reset,0.8801656182919667,0.11983438170803329,12
37,17,stroke,50,3,0,L2,spike50,,,0
37,17,stroke,50,3,0,L2,syn_current,0.18520079779116663,0.8147992022088334,4
37,17,stroke,50,3,0,L2,pre_reset,0.14772743293324145,0.8522725670667586,4
37,17,stroke,50,3,1,L1,spike50,0.9323921017884498,0.06760789821155022,20
37,17,stroke,50,3,1,L1,syn_current,0.9973602263577975,0.00263977364220247,20
37,17,stroke,50,3,1,L1,pre_reset,0.9884159227363586,0.011584077263641412,20
37,17,stroke,50,3,1,L2,spike50,0.7500067540215444,0.24999324597845562,20
37,17,stroke,50,3,1,L2,syn_current,0.8757631023291983,0.1242368976708017,20
37,17,stroke,50,3,1,L2,pre_reset,0.8491603970730945,0.15083960292690546,20
37,17,stroke,50,3,2,L1,spike50,0.7962068569964389,0.2037931430035611,6
37,17,stroke,50,3,2,L1,syn_current,0.9521736847432706,0.047826315256729424,14
37,17,stroke,50,3,2,L1,pre_reset,0.9327858797873727,0.06721412021262729,14
37,17,stroke,50,3,2,L2,spike50,0.4457532636665036,0.5542467363334964,3
37,17,stroke,50,3,2,L2,syn_current,0.4887710988904989,0.511228901109501,6
37,17,stroke,50,3,2,L2,pre_reset,0.46958867825639006,0.5304113217436099,6
37,18,stroke,50,3,0,L1,spike50,0.7528721378911452,0.24712786210885485,18
37,18,stroke,50,3,0,L1,syn_current,0.9543391542812818,0.0456608457187182,18
37,18,stroke,50,3,0,L1,pre_reset,0.9401522385761941,0.05984776142380588,18
37,18,stroke,50,3,0,L2,spike50,0.21384851466313554,0.7861514853368645,18
37,18,stroke,50,3,0,L2,syn_current,0.37305027199178054,0.6269497280082195,18
37,18,stroke,50,3,0,L2,pre_reset,0.31736713533919164,0.6826328646608084,18
37,18,stroke,50,3,1,L1,spike50,0.9200117731540416,0.07998822684595841,64
37,18,stroke,50,3,1,L1,syn_current,0.9894668052031307,0.010533194796869316,64
37,18,stroke,50,3,1,L1,pre_reset,0.9808772030849356,0.019122796915064355,64
37,18,stroke,50,3,1,L2,spike50,0.8402713214048925,0.15972867859510753,64
37,18,stroke,50,3,1,L2,syn_current,0.9137539945225339,0.08624600547746608,64
37,18,stroke,50,3,1,L2,pre_reset,0.9082104828481588,0.09178951715184125,64
37,19,stroke,50,3,0,L1,spike50,0.8436114076573782,0.1563885923426218,17
37,19,stroke,50,3,0,L1,syn_current,0.9639858039820653,0.03601419601793465,19
37,19,stroke,50,3,0,L1,pre_reset,0.9464221958027553,0.05357780419724467,19
37,19,stroke,50,3,0,L2,spike50,0.6307163755941227,0.36928362440587725,17
37,19,stroke,50,3,0,L2,syn_current,0.8100228048032202,0.1899771951967798,17
37,19,stroke,50,3,0,L2,pre_reset,0.7823924043298996,0.21760759567010035,17
37,19,stroke,50,3,1,L1,spike50,0.7291379449620767,0.27086205503792327,24
37,19,stroke,50,3,1,L1,syn_current,0.9350384478858228,0.0649615521141772,24
37,19,stroke,50,3,1,L1,pre_reset,0.9156843217933682,0.08431567820663177,24
37,19,stroke,50,3,1,L2,spike50,0.3082383257097608,0.6917616742902393,24
37,19,stroke,50,3,1,L2,syn_current,0.465775997271338,0.534224002728662,24
37,19,stroke,50,3,1,L2,pre_reset,0.45149116959488694,0.5485088304051131,24
37,20,stroke,50,3,0,L1,spike50,0.832831640932687,0.16716835906731298,16
37,20,stroke,50,3,0,L1,syn_current,0.9140271945992265,0.08597280540077346,19
37,20,stroke,50,3,0,L1,pre_reset,0.8893677426548602,0.11063225734513982,19
37,20,stroke,50,3,0,L2,spike50,0.4048460314672291,0.5951539685327709,16
37,20,stroke,50,3,0,L2,syn_current,0.6061373276398098,0.39386267236019024,16
37,20,stroke,50,3,0,L2,pre_reset,0.567233936957499,0.432766063042501,16
37,20,stroke,50,3,1,L1,spike50,0.8633992190634148,0.13660078093658523,46
37,20,stroke,50,3,1,L1,syn_current,0.9748269742291871,0.02517302577081293,47
37,20,stroke,50,3,1,L1,pre_reset,0.9595088632951628,0.04049113670483717,47
37,20,stroke,50,3,1,L2,spike50,0.7129956217932059,0.28700437820679414,46
37,20,stroke,50,3,1,L2,syn_current,0.8284861281722611,0.17151387182773892,46
37,20,stroke,50,3,1,L2,pre_reset,0.8213375648750632,0.17866243512493685,46
37,23,stroke,50,3,0,L1,spike50,0.7751689717350958,0.2248310282649042,21
37,23,stroke,50,3,0,L1,syn_current,0.9620895603651175,0.0379104396348825,22
37,23,stroke,50,3,0,L1,pre_reset,0.9480369347869909,0.051963065213009085,22
37,23,stroke,50,3,0,L2,spike50,0.4756824147895259,0.5243175852104741,21
37,23,stroke,50,3,0,L2,syn_current,0.6960155763212899,0.30398442367871015,21
37,23,stroke,50,3,0,L2,pre_reset,0.6785037495655262,0.32149625043447383,21
37,23,stroke,50,3,1,L1,spike50,0.9102703279087313,0.0897296720912687,45
37,23,stroke,50,3,1,L1,syn_current,0.9839455200145377,0.016054479985462278,46
37,23,stroke,50,3,1,L1,pre_reset,0.9738835740324435,0.026116425967556478,46
37,23,stroke,50,3,1,L2,spike50,0.7827624608603105,0.21723753913968946,45
37,23,stroke,50,3,1,L2,syn_current,0.8630653641158176,0.13693463588418242,45
37,23,stroke,50,3,1,L2,pre_reset,0.850834685150008,0.14916531484999196,45
37,24,stroke,50,3,0,L1,spike50,0.8168830998037329,0.18311690019626714,23
37,24,stroke,50,3,0,L1,syn_current,0.9701028697273238,0.029897130272676153,25
37,24,stroke,50,3,0,L1,pre_reset,0.9613651892438372,0.03863481075616282,25
37,24,stroke,50,3,0,L2,spike50,0.4199705841739933,0.5800294158260066,22
37,24,stroke,50,3,0,L2,syn_current,0.4987538511125387,0.5012461488874613,23
37,24,stroke,50,3,0,L2,pre_reset,0.4280062888348427,0.5719937111651573,23
37,24,stroke,50,3,1,L1,spike50,0.8062405592638865,0.1937594407361135,27
37,24,stroke,50,3,1,L1,syn_current,0.9218761005669875,0.07812389943301246,29
37,24,stroke,50,3,1,L1,pre_reset,0.8980552427503012,0.10194475724969876,29
37,24,stroke,50,3,1,L2,spike50,0.5016704149573766,0.49832958504262337,27
37,24,stroke,50,3,1,L2,syn_current,0.655603451039305,0.34439654896069505,27
37,24,stroke,50,3,1,L2,pre_reset,0.6303440292875986,0.3696559707124014,27
37,26,stroke,50,3,0,L1,spike50,0.8456788750847564,0.15432112491524363,17
37,26,stroke,50,3,0,L1,syn_current,0.9541114758469795,0.04588852415302047,20
37,26,stroke,50,3,0,L1,pre_reset,0.9410976349925912,0.05890236500740875,20
37,26,stroke,50,3,0,L2,spike50,0.4302879784576398,0.5697120215423602,17
37,26,stroke,50,3,0,L2,syn_current,0.6086049866899198,0.3913950133100802,17
37,26,stroke,50,3,0,L2,pre_reset,0.58904097594852,0.41095902405148,17
37,26,stroke,50,3,1,L1,spike50,0.8616953154714888,0.1383046845285112,25
37,26,stroke,50,3,1,L1,syn_current,0.9688998225127806,0.031100177487219383,27
37,26,stroke,50,3,1,L1,pre_reset,0.9561290862026388,0.04387091379736119,27
37,26,stroke,50,3,1,L2,spike50,0.6418196624482319,0.35818033755176815,25
37,26,stroke,50,3,1,L2,syn_current,0.7457049828876476,0.25429501711235236,25
37,26,stroke,50,3,1,L2,pre_reset,0.714871393635203,0.285128606364797,25
37,26,stroke,50,3,2,L1,spike50,0.9697065302636209,0.03029346973637914,17
37,26,stroke,50,3,2,L1,syn_current,0.9993445965874962,0.0006554034125038077,17
37,26,stroke,50,3,2,L1,pre_reset,0.9924472147519857,0.007552785248014282,17
37,26,stroke,50,3,2,L2,spike50,0.9064249256217931,0.09357507437820689,17
37,26,stroke,50,3,2,L2,syn_current,0.9405378936493668,0.059462106350633204,17
37,26,stroke,50,3,2,L2,pre_reset,0.9324395024526255,0.06756049754737448,17
37,28,stroke,50,3,0,L1,spike50,0.8338455829834417,0.1661544170165583,19
37,28,stroke,50,3,0,L1,syn_current,0.9793126432667096,0.020687356733290363,21
37,28,stroke,50,3,0,L1,pre_reset,0.9681202290504008,0.03187977094959915,21
37,28,stroke,50,3,0,L2,spike50,0.6023172232602528,0.39768277673974717,19
37,28,stroke,50,3,0,L2,syn_current,0.8151602145389989,0.1848397854610011,19
37,28,stroke,50,3,0,L2,pre_reset,0.8095204674883185,0.19047953251168148,19
37,28,stroke,50,3,1,L1,spike50,0.9735514229052254,0.02644857709477455,18
37,28,stroke,50,3,1,L1,syn_current,0.9995894067859616,0.00041059321403835725,18
37,28,stroke,50,3,1,L1,pre_reset,0.9953328091331998,0.00466719086680023,18
37,28,stroke,50,3,1,L2,spike50,0.8949364597330841,0.10506354026691589,18
37,28,stroke,50,3,1,L2,syn_current,0.964916571641695,0.035083428358305024,18
37,28,stroke,50,3,1,L2,pre_reset,0.9649969148006997,0.03500308519930029,18
37,28,stroke,50,3,2,L1,spike50,0.6451807214963281,0.3548192785036719,20
37,28,stroke,50,3,2,L1,syn_current,0.9195611805372114,0.08043881946278864,22
37,28,stroke,50,3,2,L1,pre_reset,0.9067163815004573,0.0932836184995427,22
37,28,stroke,50,3,2,L2,spike50,0.29460646805441393,0.7053935319455861,20
37,28,stroke,50,3,2,L2,syn_current,0.4089462320078222,0.5910537679921778,20
37,28,stroke,50,3,2,L2,pre_reset,0.37118566275657194,0.6288143372434281,20
37,29,stroke,50,3,0,L1,spike50,0.8248672607973893,0.17513273920261074,19
37,29,stroke,50,3,0,L1,syn_current,0.9621275756233914,0.03787242437660865,21
37,29,stroke,50,3,0,L1,pre_reset,0.9479643055168474,0.052035694483152595,21
37,29,stroke,50,3,0,L2,spike50,0.6183866352608107,0.3816133647391893,18
37,29,stroke,50,3,0,L2,syn_current,0.7317645154184083,0.26823548458159174,19
37,29,stroke,50,3,0,L2,pre_reset,0.697851953747219,0.302148046252781,19
37,29,stroke,50,3,1,L1,spike50,0.9137140973680129,0.0862859026319871,66
37,29,stroke,50,3,1,L1,syn_current,0.9877967070136681,0.012203292986331937,66
37,29,stroke,50,3,1,L1,pre_reset,0.9785307761309823,0.02146922386901773,66
37,29,stroke,50,3,1,L2,spike50,0.7756340279105767,0.22436597208942333,66
37,29,stroke,50,3,1,L2,syn_current,0.8631064664833706,0.13689353351662936,66
37,29,stroke,50,3,1,L2,pre_reset,0.8554754507379493,0.14452454926205072,66
37,30,stroke,50,3,0,L1,spike50,0.6216069625332962,0.37839303746670383,12
37,30,stroke,50,3,0,L1,syn_current,0.8895027493566301,0.1104972506433699,15
37,30,stroke,50,3,0,L1,pre_reset,0.8749908675725897,0.1250091324274103,15
37,30,stroke,50,3,0,L2,spike50,0.2969048378250762,0.7030951621749237,6
37,30,stroke,50,3,0,L2,syn_current,0.554502314735933,0.44549768526406697,12
37,30,stroke,50,3,0,L2,pre_reset,0.5288546472952018,0.4711453527047982,12
37,30,stroke,50,3,1,L1,spike50,0.8912249192020673,0.10877508079793274,15
37,30,stroke,50,3,1,L1,syn_current,0.9629047924456178,0.037095207554382226,26
37,30,stroke,50,3,1,L1,pre_reset,0.9481511531179988,0.0518488468820012,26
37,30,stroke,50,3,1,L2,spike50,0.6571315697674206,0.3428684302325794,14
37,30,stroke,50,3,1,L2,syn_current,0.8780012873240587,0.12199871267594131,15
37,30,stroke,50,3,1,L2,pre_reset,0.8599950295600439,0.14000497043995608,15
37,30,stroke,50,3,2,L1,spike50,0.9616541982120743,0.03834580178792568,16
37,30,stroke,50,3,2,L1,syn_current,0.9995542072382149,0.0004457927617851354,16
37,30,stroke,50,3,2,L1,pre_reset,0.9954217302305579,0.004578269769442089,16
37,30,stroke,50,3,2,L2,spike50,0.9138426206550188,0.08615737934498124,16
37,30,stroke,50,3,2,L2,syn_current,0.96350845085062,0.03649154914938002,16
37,30,stroke,50,3,2,L2,pre_reset,0.9642563093281313,0.035743690671868666,16
37,31,stroke,50,3,0,L1,spike50,0.8612178628790238,0.1387821371209762,37
37,31,stroke,50,3,0,L1,syn_current,0.9561838304513023,0.043816169548697714,39
37,31,stroke,50,3,0,L1,pre_reset,0.9375310288730623,0.06246897112693772,39
37,31,stroke,50,3,0,L2,spike50,0.8006464459443193,0.19935355405568067,36
37,31,stroke,50,3,0,L2,syn_current,0.8496244150912611,0.15037558490873892,37
37,31,stroke,50,3,0,L2,pre_reset,0.8259413585511064,0.1740586414488936,37
37,31,stroke,50,3,1,L1,spike50,0.8277379625110205,0.1722620374889795,35
37,31,stroke,50,3,1,L1,syn_current,0.9405960043280622,0.05940399567193777,38
37,31,stroke,50,3,1,L1,pre_reset,0.930397019134494,0.06960298086550598,38
37,31,stroke,50,3,1,L2,spike50,0.6883040641531993,0.31169593584680066,34
37,31,stroke,50,3,1,L2,syn_current,0.7408628258633794,0.25913717413662063,35
37,31,stroke,50,3,1,L2,pre_reset,0.7132313754793801,0.2867686245206199,35
37,32,stroke,50,3,0,L1,spike50,0.718005354235575,0.281994645764425,13
37,32,stroke,50,3,0,L1,syn_current,0.9310701478370529,0.06892985216294711,14
37,32,stroke,50,3,0,L1,pre_reset,0.9047538667577474,0.09524613324225262,14
37,32,stroke,50,3,0,L2,spike50,0.2874261306938786,0.7125738693061214,12
37,32,stroke,50,3,0,L2,syn_current,0.4917942604120621,0.5082057395879379,13
37,32,stroke,50,3,0,L2,pre_reset,0.4504420031883979,0.5495579968116021,13
37,32,stroke,50,3,1,L1,spike50,0.9110852848829791,0.08891471511702087,37
37,32,stroke,50,3,1,L1,syn_current,0.9834515083123219,0.016548491687678135,39
37,32,stroke,50,3,1,L1,pre_reset,0.9729226201828646,0.027077379817135427,39
37,32,stroke,50,3,1,L2,spike50,0.7804333283829141,0.21956667161708587,36
37,32,stroke,50,3,1,L2,syn_current,0.8597057583256518,0.14029424167434823,37
37,32,stroke,50,3,1,L2,pre_reset,0.8481634491874309,0.15183655081256908,37
37,32,stroke,50,3,2,L1,spike50,0.9800556768655337,0.019944323134466257,15
37,32,stroke,50,3,2,L1,syn_current,0.9998878668298069,0.0001121331701930961,15
37,32,stroke,50,3,2,L1,pre_reset,0.9946402537211104,0.005359746278889577,15
37,32,stroke,50,3,2,L2,spike50,0.9701362895139376,0.0298637104860624,15
37,32,stroke,50,3,2,L2,syn_current,0.9880360217554714,0.01196397824452855,15
37,32,stroke,50,3,2,L2,pre_reset,0.988624410706518,0.011375589293482036,15
37,35,stroke,50,3,0,L1,spike50,0.6259437510124258,0.37405624898757417,11
37,35,stroke,50,3,0,L1,syn_current,0.9176982334062767,0.08230176659372335,11
37,35,stroke,50,3,0,L1,pre_reset,0.9008368306785073,0.09916316932149272,11
37,35,stroke,50,3,0,L2,spike50,0.4064082124333357,0.5935917875666643,11
37,35,stroke,50,3,0,L2,syn_current,0.6709579812402185,0.32904201875978145,11
37,35,stroke,50,3,0,L2,pre_reset,0.662098996785679,0.33790100321432104,11
37,35,stroke,50,3,1,L1,spike50,0.7914016123825647,0.20859838761743532,12
37,35,stroke,50,3,1,L1,syn_current,0.9656313017459057,0.034368698254094276,12
37,35,stroke,50,3,1,L1,pre_reset,0.9528600609318943,0.04713993906810565,12
37,35,stroke,50,3,1,L2,spike50,0.689500866222016,0.310499133777984,12
37,35,stroke,50,3,1,L2,syn_current,0.850620089412895,0.14937991058710498,12
37,35,stroke,50,3,1,L2,pre_reset,0.8365257677845997,0.16347423221540025,12
37,36,stroke,50,3,0,L1,spike50,0.5928914521879658,0.4071085478120342,10
37,36,stroke,50,3,0,L1,syn_current,0.879864636412683,0.12013536358731702,10
37,36,stroke,50,3,0,L1,pre_reset,0.8470015057573438,0.1529984942426562,10
37,36,stroke,50,3,0,L2,spike50,0.41445250110913634,0.5855474988908637,10
37,36,stroke,50,3,0,L2,syn_current,0.4936066348628597,0.5063933651371403,10
37,36,stroke,50,3,0,L2,pre_reset,0.4727932507234233,0.5272067492765766,10
37,36,stroke,50,3,1,L1,spike50,0.7218897143425068,0.2781102856574932,11
37,36,stroke,50,3,1,L1,syn_current,0.9613366980535726,0.03866330194642742,11
37,36,stroke,50,3,1,L1,pre_reset,0.933541148118773,0.06645885188122702,11
37,36,stroke,50,3,1,L2,spike50,0.6756677904590414,0.32433220954095865,10
37,36,stroke,50,3,1,L2,syn_current,0.7409687792106642,0.2590312207893358,11
37,36,stroke,50,3,1,L2,pre_reset,0.7019013410282476,0.29809865897175236,11
37,36,stroke,50,3,2,L1,spike50,0.9641292128818219,0.03587078711817815,24
37,36,stroke,50,3,2,L1,syn_current,0.993202610482924,0.00679738951707598,24
37,36,stroke,50,3,2,L1,pre_reset,0.9857850277349242,0.014214972265075843,24
37,36,stroke,50,3,2,L2,spike50,0.8119800189262626,0.1880199810737374,24
37,36,stroke,50,3,2,L2,syn_current,0.9345580287841747,0.06544197121582529,24
37,36,stroke,50,3,2,L2,pre_reset,0.9363863829622087,0.06361361703779134,24
37,37,stroke,50,3,0,L1,spike50,1.0,0.0,26
37,37,stroke,50,3,0,L1,syn_current,1.0,0.0,37
37,37,stroke,50,3,0,L1,pre_reset,1.0,0.0,37
37,37,stroke,50,3,0,L2,spike50,1.0,0.0,24
37,37,stroke,50,3,0,L2,syn_current,1.0,0.0,26
37,37,stroke,50,3,0,L2,pre_reset,1.0,0.0,26
37,37,stroke,50,3,1,L1,spike50,0.8787945468407025,0.12120545315929754,13
37,37,stroke,50,3,1,L1,syn_current,0.9803591727653764,0.01964082723462357,13
37,37,stroke,50,3,1,L1,pre_reset,0.9703276393953717,0.0296723606046283,13
37,37,stroke,50,3,1,L2,spike50,0.4333586694130387,0.5666413305869613,13
37,37,stroke,50,3,1,L2,syn_current,0.5677919487860039,0.4322080512139961,13
37,37,stroke,50,3,1,L2,pre_reset,0.5366641220736835,0.4633358779263165,13
37,37,stroke,50,3,2,L1,spike50,0.9062136235256809,0.09378637647431909,17
37,37,stroke,50,3,2,L1,syn_current,0.9756505690410577,0.024349430958942264,17
37,37,stroke,50,3,2,L1,pre_reset,0.9610118742170689,0.03898812578293109,17
37,37,stroke,50,3,2,L2,spike50,0.5333672190934107,0.46663278090658933,17
37,37,stroke,50,3,2,L2,syn_current,0.7072555296199946,0.2927444703800054,17
37,37,stroke,50,3,2,L2,pre_reset,0.7032569045000562,0.2967430954999438,17
37,40,stroke,50,3,0,L1,spike50,0.7037383979581471,0.2962616020418529,17
37,40,stroke,50,3,0,L1,syn_current,0.9423161393670024,0.057683860632997574,18
37,40,stroke,50,3,0,L1,pre_reset,0.9200025342139919,0.07999746578600808,18
37,40,stroke,50,3,0,L2,spike50,0.32274027121980775,0.6772597287801922,16
37,40,stroke,50,3,0,L2,syn_current,0.4457469523552394,0.5542530476447606,17
37,40,stroke,50,3,0,L2,pre_reset,0.4076560123582983,0.5923439876417017,17
37,40,stroke,50,3,1,L1,spike50,0.9084196702980201,0.09158032970197993,19
37,40,stroke,50,3,1,L1,syn_current,0.9317548233860563,0.06824517661394369,28
37,40,stroke,50,3,1,L1,pre_reset,0.9128854536518476,0.08711454634815241,28
37,40,stroke,50,3,1,L2,spike50,0.6147525149960275,0.38524748500397255,17
37,40,stroke,50,3,1,L2,syn_current,0.7615911555292051,0.2384088444707949,19
37,40,stroke,50,3,1,L2,pre_reset,0.6993495836020643,0.30065041639793566,19
37,41,stroke,50,3,0,L1,spike50,0.7760775288643628,0.22392247113563724,12
37,41,stroke,50,3,0,L1,syn_current,0.96780768162045,0.032192318379549945,13
37,41,stroke,50,3,0,L1,pre_reset,0.9492404020708972,0.050759597929102784,13
37,41,stroke,50,3,0,L2,spike50,0.4296422839070717,0.5703577160929283,12
37,41,stroke,50,3,0,L2,syn_current,0.6948774748545755,0.3051225251454245,12
37,41,stroke,50,3,0,L2,pre_reset,0.6815584580978712,0.3184415419021288,12
37,41,stroke,50,3,1,L1,spike50,0.8154756796705912,0.1845243203294088,13
37,41,stroke,50,3,1,L1,syn_current,0.9563703855484739,0.04362961445152613,13
37,41,stroke,50,3,1,L1,pre_reset,0.9369819681125691,0.06301803188743094,13
37,41,stroke,50,3,1,L2,spike50,0.0894931841658721,0.9105068158341278,13
37,41,stroke,50,3,1,L2,syn_current,0.2526956163182858,0.7473043836817141,13
37,41,stroke,50,3,1,L2,pre_reset,0.2523218654125258,0.7476781345874741,13
37,41,stroke,50,3,2,L1,spike50,0.5369284821360508,0.4630715178639492,12
37,41,stroke,50,3,2,L1,syn_current,0.9446570696307892,0.055342930369210785,15
37,41,stroke,50,3,2,L1,pre_reset,0.9261093740753595,0.07389062592464046,15
37,41,stroke,50,3,2,L2,spike50,0.2699820255659058,0.7300179744340942,13
37,41,stroke,50,3,2,L2,syn_current,0.4404978788375726,0.5595021211624274,14
37,41,stroke,50,3,2,L2,pre_reset,0.3908352753853658,0.6091647246146342,14
37,42,stroke,50,3,0,L1,spike50,0.7714375178795567,0.22856248212044328,11
37,42,stroke,50,3,0,L1,syn_current,0.9685701050436747,0.03142989495632531,11
37,42,stroke,50,3,0,L1,pre_reset,0.9455380583394347,0.05446194166056528,11
37,42,stroke,50,3,0,L2,spike50,0.666216793177668,0.333783206822332,10
37,42,stroke,50,3,0,L2,syn_current,0.7998207676403769,0.2001792323596231,11
37,42,stroke,50,3,0,L2,pre_reset,0.7614569493609262,0.23854305063907377,11
37,42,stroke,50,3,1,L1,spike50,0.9625308417118322,0.03746915828816777,12
37,42,stroke,50,3,1,L1,syn_current,0.9973258663147258,0.0026741336852742492,12
37,42,stroke,50,3,1,L1,pre_reset,0.9900624115544686,0.009937588445531387,12
37,42,stroke,50,3,1,L2,spike50,0.8564294516872185,0.1435705483127815,12
37,42,stroke,50,3,1,L2,syn_current,0.9446417525732458,0.055358247426754215,12
37,42,stroke,50,3,1,L2,pre_reset,0.9474977631020307,0.05250223689796929,12
37,42,stroke,50,3,2,L1,spike50,0.7174570058579821,0.2825429941420179,9
37,42,stroke,50,3,2,L1,syn_current,0.9332621070138971,0.06673789298610289,10
37,42,stroke,50,3,2,L1,pre_reset,0.9123587577736487,0.08764124222635128,10
37,42,stroke,50,3,2,L2,spike50,0.3044629379613889,0.6955370620386111,8
37,42,stroke,50,3,2,L2,syn_current,0.3612910789233219,0.6387089210766781,9
37,42,stroke,50,3,2,L2,pre_reset,0.3043568588090916,0.6956431411909084,9
37,43,stroke,50,3,0,L1,spike50,0.5536596160886113,0.44634038391138875,11
37,43,stroke,50,3,0,L1,syn_current,0.9446579467336845,0.05534205326631547,11
37,43,stroke,50,3,0,L1,pre_reset,0.9275216491226872,0.0724783508773128,11
37,43,stroke,50,3,0,L2,spike50,0.23379521170799805,0.766204788292002,9
37,43,stroke,50,3,0,L2,syn_current,0.45518628962894536,0.5448137103710546,11
37,43,stroke,50,3,0,L2,pre_reset,0.41544659644715054,0.5845534035528495,11
37,43,stroke,50,3,1,L1,spike50,0.8477838504346951,0.15221614956530494,21
37,43,stroke,50,3,1,L1,syn_current,0.9509161652746378,0.04908383472536215,24
37,43,stroke,50,3,1,L1,pre_reset,0.9196564551825192,0.08034354481748085,24
37,43,stroke,50,3,1,L2,spike50,0.7652093639758152,0.23479063602418482,19
37,43,stroke,50,3,1,L2,syn_current,0.8601235513076558,0.13987644869234417,21
37,43,stroke,50,3,1,L2,pre_reset,0.8563388141048426,0.14366118589515742,21
37,44,stroke,50,3,0,L1,spike50,0.8562023887788318,0.1437976112211682,28
37,44,stroke,50,3,0,L1,syn_current,0.9431181846285847,0.056881815371415345,37
37,44,stroke,50,3,0,L1,pre_reset,0.924559858643028,0.07544014135697197,37
37,44,stroke,50,3,0,L2,spike50,0.7419867713057424,0.2580132286942576,23
37,44,stroke,50,3,0,L2,syn_current,0.7726439112417497,0.2273560887582503,28
37,44,stroke,50,3,0,L2,pre_reset,0.7627196089127786,0.23728039108722143,28
37,44,stroke,50,3,1,L1,spike50,0.839252197685373,0.16074780231462704,12
37,44,stroke,50,3,1,L1,syn_current,0.977145938457539,0.022854061542460946,12
37,44,stroke,50,3,1,L1,pre_reset,0.9658518099127672,0.0341481900872328,12
37,44,stroke,50,3,1,L2,spike50,0.2602947804061427,0.7397052195938574,12
37,44,stroke,50,3,1,L2,syn_current,0.4534389089949684,0.5465610910050316,12
37,44,stroke,50,3,1,L2,pre_reset,0.4003572324627825,0.5996427675372176,12
37,44,stroke,50,3,2,L1,spike50,0.5112226390237179,0.4887773609762821,4
37,44,stroke,50,3,2,L1,syn_current,0.8827352825160207,0.11726471748397926,14
37,44,stroke,50,3,2,L1,pre_reset,0.8644539430189949,0.13554605698100508,14
37,44,stroke,50,3,2,L2,spike50,,,0
37,44,stroke,50,3,2,L2,syn_current,0.21817139953638065,0.7818286004636193,4
37,44,stroke,50,3,2,L2,pre_reset,0.19275687785657425,0.8072431221434258,4
37,47,stroke,50,3,0,L1,spike50,0.5692529513372908,0.4307470486627092,10
37,47,stroke,50,3,0,L1,syn_current,0.8985414443404324,0.10145855565956763,10
37,47,stroke,50,3,0,L1,pre_reset,0.8800735001337072,0.11992649986629278,10
37,47,stroke,50,3,0,L2,spike50,0.42813081672089803,0.571869183279102,10
37,47,stroke,50,3,0,L2,syn_current,0.6774894624645711,0.3225105375354289,10
37,47,stroke,50,3,0,L2,pre_reset,0.665363975558276,0.334636024441724,10
37,47,stroke,50,3,1,L1,spike50,0.8697697861668057,0.13023021383319433,11
37,47,stroke,50,3,1,L1,syn_current,0.9742438327462494,0.025756167253750628,11
37,47,stroke,50,3,1,L1,pre_reset,0.957469116827971,0.04253088317202902,11
37,47,stroke,50,3,1,L2,spike50,0.6651598984153503,0.3348401015846497,11
37,47,stroke,50,3,1,L2,syn_current,0.8387610038327048,0.1612389961672952,11
37,47,stroke,50,3,1,L2,pre_reset,0.8244699071541912,0.17553009284580878,11
37,47,stroke,50,3,2,L1,spike50,0.7095811398599994,0.2904188601400006,26
37,47,stroke,50,3,2,L1,syn_current,0.9499756713226981,0.05002432867730189,27
37,47,stroke,50,3,2,L1,pre_reset,0.9357187356891317,0.06428126431086834,27
37,47,stroke,50,3,2,L2,spike50,0.37384158568332915,0.6261584143166709,25
37,47,stroke,50,3,2,L2,syn_current,0.485145945832382,0.514854054167618,26
37,47,stroke,50,3,2,L2,pre_reset,0.44776688959205657,0.5522331104079434,26
37,48,stroke,50,3,0,L1,spike50,0.7939283654693271,0.2060716345306729,11
37,48,stroke,50,3,0,L1,syn_current,0.9671515402157226,0.03284845978427742,11
37,48,stroke,50,3,0,L1,pre_reset,0.9478026361232214,0.052197363876778646,11
37,48,stroke,50,3,0,L2,spike50,0.3343773675547915,0.6656226324452085,11
37,48,stroke,50,3,0,L2,syn_current,0.6096904681365456,0.3903095318634544,11
37,48,stroke,50,3,0,L2,pre_reset,0.5992974067131681,0.4007025932868319,11
37,48,stroke,50,3,1,L1,spike50,0.8540265950983607,0.14597340490163935,12
37,48,stroke,50,3,1,L1,syn_current,0.9805971092120003,0.019402890787999727,12
37,48,stroke,50,3,1,L1,pre_reset,0.9711510292985764,0.02884897070142356,12
37,48,stroke,50,3,1,L2,spike50,0.48773278380172996,0.51226721619827,12
37,48,stroke,50,3,1,L2,syn_current,0.590264926420533,0.40973507357946704,12
37,48,stroke,50,3,1,L2,pre_reset,0.5685688136286797,0.4314311863713203,12
37,48,stroke,50,3,2,L1,spike50,0.74797179683184,0.25202820316816,17
37,48,stroke,50,3,2,L1,syn_current,0.9605930586624714,0.039406941337528645,18
37,48,stroke,50,3,2,L1,pre_reset,0.9497006925600788,0.05029930743992117,18
37,48,stroke,50,3,2,L2,spike50,0.5636059005742999,0.43639409942570007,17
37,48,stroke,50,3,2,L2,syn_current,0.7469316924158108,0.2530683075841892,17
37,48,stroke,50,3,2,L2,pre_reset,0.7077316712650926,0.2922683287349074,17
37,49,stroke,50,3,0,L1,spike50,0.7625612768375014,0.2374387231624986,14
37,49,stroke,50,3,0,L1,syn_current,0.9690233310159,0.03097666898410001,14
37,49,stroke,50,3,0,L1,pre_reset,0.9531180848407015,0.046881915159298515,14
37,49,stroke,50,3,0,L2,spike50,0.37881834758451743,0.6211816524154825,13
37,49,stroke,50,3,0,L2,syn_current,0.5608586906825402,0.43914130931745976,14
37,49,stroke,50,3,0,L2,pre_reset,0.557979623816797,0.442020376183203,14
37,49,stroke,50,3,1,L1,spike50,0.8295462115762794,0.1704537884237206,49
37,49,stroke,50,3,1,L1,syn_current,0.9859215373985295,0.014078462601470498,50
37,49,stroke,50,3,1,L1,pre_reset,0.973848003724173,0.026151996275826983,50
37,49,stroke,50,3,1,L2,spike50,0.6287643585900546,0.37123564140994536,47
37,49,stroke,50,3,1,L2,syn_current,0.682370816553482,0.317629183446518,49
37,49,stroke,50,3,1,L2,pre_reset,0.6381383840082981,0.36186161599170186,49
37,51,stroke,50,3,0,L1,spike50,0.9040866265903801,0.09591337340961992,48
37,51,stroke,50,3,0,L1,syn_current,0.9933139275192722,0.006686072480727834,49
37,51,stroke,50,3,0,L1,pre_reset,0.9820541338491474,0.017945866150852585,49
37,51,stroke,50,3,0,L2,spike50,0.8240866191738513,0.1759133808261487,47
37,51,stroke,50,3,0,L2,syn_current,0.9178927235463408,0.08210727645365923,48
37,51,stroke,50,3,0,L2,pre_reset,0.9199804932985799,0.0800195067014201,48
37,51,stroke,50,3,1,L1,spike50,0.8473416297025984,0.1526583702974016,11
37,51,stroke,50,3,1,L1,syn_current,0.9522090118960156,0.04779098810398441,38
37,51,stroke,50,3,1,L1,pre_reset,0.9415945997629422,0.05840540023705776,38
37,51,stroke,50,3,1,L2,spike50,0.33442143079364584,0.6655785692063542,5
37,51,stroke,50,3,1,L2,syn_current,0.7740002012698635,0.22599979873013654,11
37,51,stroke,50,3,1,L2,pre_reset,0.823547295119807,0.17645270488019305,11
37,52,stroke,50,3,0,L1,spike50,0.7259022676364771,0.27409773236352286,13
37,52,stroke,50,3,0,L1,syn_current,0.9599573848560827,0.04004261514391727,13
37,52,stroke,50,3,0,L1,pre_reset,0.9438249635471359,0.05617503645286415,13
37,52,stroke,50,3,0,L2,spike50,0.31048085766639033,0.6895191423336097,13
37,52,stroke,50,3,0,L2,syn_current,0.42909263324905084,0.5709073667509492,13
37,52,stroke,50,3,0,L2,pre_reset,0.35548202428646475,0.6445179757135353,13
37,52,stroke,50,3,1,L1,spike50,0.9031320413327568,0.09686795866724318,34
37,52,stroke,50,3,1,L1,syn_current,0.9893072936975109,0.010692706302489086,34
37,52,stroke,50,3,1,L1,pre_reset,0.9766913165817064,0.02330868341829362,34
37,52,stroke,50,3,1,L2,spike50,0.8465569329830357,0.1534430670169643,34
37,52,stroke,50,3,1,L2,syn_current,0.9119742979150811,0.08802570208491889,34
37,52,stroke,50,3,1,L2,pre_reset,0.9055673584472079,0.09443264155279207,34
37,54,stroke,50,3,0,L1,spike50,1.0,0.0,9
37,54,stroke,50,3,0,L1,syn_current,1.0,0.0,10
37,54,stroke,50,3,0,L1,pre_reset,1.0,0.0,10
37,54,stroke,50,3,0,L2,spike50,1.0,0.0,9
37,54,stroke,50,3,0,L2,syn_current,1.0,0.0,9
37,54,stroke,50,3,0,L2,pre_reset,1.0,0.0,9
37,54,stroke,50,3,1,L1,spike50,0.9222794526683279,0.07772054733167211,12
37,54,stroke,50,3,1,L1,syn_current,0.9922227449840332,0.007777255015966822,12
37,54,stroke,50,3,1,L1,pre_reset,0.9802080997022736,0.019791900297726372,12
37,54,stroke,50,3,1,L2,spike50,0.540201924069433,0.459798075930567,12
37,54,stroke,50,3,1,L2,syn_current,0.7632407550181909,0.2367592449818091,12
37,54,stroke,50,3,1,L2,pre_reset,0.7761699130930962,0.22383008690690376,12
37,54,stroke,50,3,2,L1,spike50,0.9095732026734351,0.09042679732656489,13
37,54,stroke,50,3,2,L1,syn_current,0.9667043975590845,0.03329560244091545,13
37,54,stroke,50,3,2,L1,pre_reset,0.945023238735974,0.05497676126402595,13
37,54,stroke,50,3,2,L2,spike50,0.6565959741025872,0.3434040258974128,13
37,54,stroke,50,3,2,L2,syn_current,0.8022509657381016,0.19774903426189838,13
37,54,stroke,50,3,2,L2,pre_reset,0.7979650727059198,0.20203492729408024,13
37,55,stroke,50,3,0,L1,spike50,0.3746364247722071,0.6253635752277928,7
37,55,stroke,50,3,0,L1,syn_current,0.8957468109318665,0.10425318906813352,10
37,55,stroke,50,3,0,L1,pre_reset,0.882350784754119,0.11764921524588101,10
37,55,stroke,50,3,0,L2,spike50,0.15685583072519885,0.8431441692748012,7
37,55,stroke,50,3,0,L2,syn_current,0.7424086010797302,0.25759139892026983,9
37,55,stroke,50,3,0,L2,pre_reset,0.717484562176486,0.28251543782351396,9
37,55,stroke,50,3,1,L1,spike50,0.9247402357781298,0.0752597642218702,12
37,55,stroke,50,3,1,L1,syn_current,0.9916164529685371,0.008383547031462935,12
37,55,stroke,50,3,1,L1,pre_reset,0.9805835931594106,0.01941640684058943,12
37,55,stroke,50,3,1,L2,spike50,0.6853172611843492,0.3146827388156508,12
37,55,stroke,50,3,1,L2,syn_current,0.8664777247401161,0.13352227525988392,12
37,55,stroke,50,3,1,L2,pre_reset,0.8352748002754734,0.1647251997245266,12
37,55,stroke,50,3,2,L1,spike50,0.6725597532072873,0.32744024679271266,23
37,55,stroke,50,3,2,L1,syn_current,0.9477685392928171,0.052231460707182875,25
37,55,stroke,50,3,2,L1,pre_reset,0.9315732475322863,0.06842675246771368,25
37,55,stroke,50,3,2,L2,spike50,0.30529917037085313,0.6947008296291468,23
37,55,stroke,50,3,2,L2,syn_current,0.4593843059732718,0.5406156940267282,23
37,55,stroke,50,3,2,L2,pre_reset,0.40916085095960186,0.5908391490403981,23
37,59,stroke,50,3,0,L1,spike50,0.8693837400370781,0.13061625996292192,59
37,59,stroke,50,3,0,L1,syn_current,0.9936700828494001,0.00632991715059994,60
37,59,stroke,50,3,0,L1,pre_reset,0.9853133356694436,0.014686664330556432,60
37,59,stroke,50,3,0,L2,spike50,0.7902602457233691,0.20973975427663094,56
37,59,stroke,50,3,0,L2,syn_current,0.8799068772777888,0.12009312272221118,59
37,59,stroke,50,3,0,L2,pre_reset,0.8670283771753197,0.13297162282468034,59
37,59,stroke,50,3,1,L1,spike50,0.6350502139957268,0.3649497860042732,18
37,59,stroke,50,3,1,L1,syn_current,0.9717855386656685,0.028214461334331475,26
37,59,stroke,50,3,1,L1,pre_reset,0.961535464972166,0.03846453502783398,26
37,59,stroke,50,3,1,L2,spike50,0.24545394315532168,0.7545460568446783,17
37,59,stroke,50,3,1,L2,syn_current,0.4716884357886419,0.528311564211358,23
37,59,stroke,50,3,1,L2,pre_reset,0.4209762269760841,0.5790237730239158,23
37,60,stroke,50,3,0,L1,spike50,0.7413383233668628,0.2586616766331372,13
37,60,stroke,50,3,0,L1,syn_current,0.9466643896658894,0.053335610334110606,14
37,60,stroke,50,3,0,L1,pre_reset,0.9253310075583523,0.07466899244164771,14
37,60,stroke,50,3,0,L2,spike50,0.3561624132318621,0.6438375867681378,13
37,60,stroke,50,3,0,L2,syn_current,0.5345813587907459,0.46541864120925414,13
37,60,stroke,50,3,0,L2,pre_reset,0.5093591961040608,0.4906408038959392,13
37,60,stroke,50,3,1,L1,spike50,0.6824376061221147,0.3175623938778853,13
37,60,stroke,50,3,1,L1,syn_current,0.9654301475040334,0.03456985249596656,13
37,60,stroke,50,3,1,L1,pre_reset,0.9591128897416448,0.04088711025835523,13
37,60,stroke,50,3,1,L2,spike50,0.5475969577431262,0.4524030422568738,13
37,60,stroke,50,3,1,L2,syn_current,0.7168983495533189,0.2831016504466811,13
37,60,stroke,50,3,1,L2,pre_reset,0.6885154516229494,0.31148454837705064,13
37,61,stroke,50,3,0,L1,spike50,0.6078398310106998,0.3921601689893002,11
37,61,stroke,50,3,0,L1,syn_current,0.9457188100363927,0.05428118996360731,13
37,61,stroke,50,3,0,L1,pre_reset,0.9280842669270394,0.07191573307296062,13
37,61,stroke,50,3,0,L2,spike50,0.27063201708113493,0.7293679829188651,10
37,61,stroke,50,3,0,L2,syn_current,0.4985384136418226,0.5014615863581774,11
37,61,stroke,50,3,0,L2,pre_reset,0.4568975338537197,0.5431024661462803,11
37,61,stroke,50,3,1,L1,spike50,0.7901233206627594,0.20987667933724063,36
37,61,stroke,50,3,1,L1,syn_current,0.9813506028449466,0.018649397155053427,36
37,61,stroke,50,3,1,L1,pre_reset,0.9723525472955905,0.027647452704409492,36
37,61,stroke,50,3,1,L2,spike50,0.6654961969511768,0.3345038030488232,36
37,61,stroke,50,3,1,L2,syn_current,0.7606415494162477,0.23935845058375227,36
37,61,stroke,50,3,1,L2,pre_reset,0.7429438756047857,0.2570561243952143,36
37,65,stroke,50,3,0,L1,spike50,0.6749702131690629,0.3250297868309371,12
37,65,stroke,50,3,0,L1,syn_current,0.8830612523470246,0.1169387476529754,14
37,65,stroke,50,3,0,L1,pre_reset,0.8479455268868653,0.1520544731131347,14
37,65,stroke,50,3,0,L2,spike50,0.2939963659904797,0.7060036340095204,12
37,65,stroke,50,3,0,L2,syn_current,0.5144087502177248,0.4855912497822752,12
37,65,stroke,50,3,0,L2,pre_reset,0.4900694340083079,0.5099305659916922,12
37,65,stroke,50,3,1,L1,spike50,0.8782546163352459,0.12174538366475407,32
37,65,stroke,50,3,1,L1,syn_current,0.9841265247042844,0.01587347529571559,33
37,65,stroke,50,3,1,L1,pre_reset,0.973413908509745,0.026586091490255037,33
37,65,stroke,50,3,1,L2,spike50,0.70422343157272,0.29577656842727995,31
37,65,stroke,50,3,1,L2,syn_current,0.8155257582808554,0.18447424171914462,32
37,65,stroke,50,3,1,L2,pre_reset,0.8069351163706916,0.1930648836293084,32
37,66,stroke,50,3,0,L1,spike50,0.8669629761402213,0.13303702385977867,16
37,66,stroke,50,3,0,L1,syn_current,0.9659598756343935,0.03404012436560655,17
37,66,stroke,50,3,0,L1,pre_reset,0.9454125555863432,0.054587444413656816,17
37,66,stroke,50,3,0,L2,spike50,0.7623430076867332,0.23765699231326676,16
37,66,stroke,50,3,0,L2,syn_current,0.8833883166926828,0.1166116833073172,16
37,66,stroke,50,3,0,L2,pre_reset,0.8767271927457339,0.12327280725426615,16
37,66,stroke,50,3,1,L1,spike50,0.719254578293917,0.28074542170608296,11
37,66,stroke,50,3,1,L1,syn_current,0.9451815274861113,0.054818472513888716,13
37,66,stroke,50,3,1,L1,pre_reset,0.9292645757915703,0.07073542420842971,13
37,66,stroke,50,3,1,L2,spike50,0.6324903689658803,0.3675096310341197,11
37,66,stroke,50,3,1,L2,syn_current,0.8092151392498984,0.1907848607501016,11
37,66,stroke,50,3,1,L2,pre_reset,0.7853847069539472,0.21461529304605276,11
37,67,stroke,50,3,0,L1,spike50,0.7906536538834026,0.20934634611659741,23
37,67,stroke,50,3,0,L1,syn_current,0.9455562622078,0.05444373779220002,25
37,67,stroke,50,3,0,L1,pre_reset,0.9234954234265116,0.07650457657348841,25
37,67,stroke,50,3,0,L2,spike50,0.412123228742607,0.587876771257393,23
37,67,stroke,50,3,0,L2,syn_current,0.5726377637522816,0.4273622362477184,23
37,67,stroke,50,3,0,L2,pre_reset,0.5569183144383804,0.44308168556161964,23
37,67,stroke,50,3,1,L1,spike50,0.8610986660316644,0.1389013339683356,7
37,67,stroke,50,3,1,L1,syn_current,0.9541586606316804,0.04584133936831958,7
37,67,stroke,50,3,1,L1,pre_reset,0.9282903526478518,0.07170964735214824,7
37,67,stroke,50,3,1,L2,spike50,0.6143995341022084,0.3856004658977916,7
37,67,stroke,50,3,1,L2,syn_current,0.7484255641696015,0.2515744358303985,7
37,67,stroke,50,3,1,L2,pre_reset,0.7021358195145108,0.29786418048548924,7
37,67,stroke,50,3,2,L1,spike50,0.502532561747577,0.497467438252423,7
37,67,stroke,50,3,2,L1,syn_current,0.8571143763870683,0.14288562361293167,8
37,67,stroke,50,3,2,L1,pre_reset,0.813341728782902,0.186658271217098,8
37,67,stroke,50,3,2,L2,spike50,0.2733787231478429,0.7266212768521572,6
37,67,stroke,50,3,2,L2,syn_current,0.4346640155026746,0.5653359844973254,7
37,67,stroke,50,3,2,L2,pre_reset,0.36080284067981816,0.6391971593201818,7
37,68,stroke,50,3,0,L1,spike50,0.8121873722551408,0.18781262774485918,20
37,68,stroke,50,3,0,L1,syn_current,0.9670072465477013,0.032992753452298684,21
37,68,stroke,50,3,0,L1,pre_reset,0.9464170268656605,0.05358297313433946,21
37,68,stroke,50,3,0,L2,spike50,0.5964268119776265,0.4035731880223735,18
37,68,stroke,50,3,0,L2,syn_current,0.7728079178358169,0.22719208216418307,20
37,68,stroke,50,3,0,L2,pre_reset,0.7713032945957167,0.22869670540428333,20
37,68,stroke,50,3,1,L1,spike50,0.6840182602977427,0.3159817397022573,20
37,68,stroke,50,3,1,L1,syn_current,0.9429517661169899,0.05704823388301006,20
37,68,stroke,50,3,1,L1,pre_reset,0.9283697406223071,0.07163025937769285,20
37,68,stroke,50,3,1,L2,spike50,0.4861854233587299,0.5138145766412701,20
37,68,stroke,50,3,1,L2,syn_current,0.7161296533779378,0.28387034662206223,20
37,68,stroke,50,3,1,L2,pre_reset,0.703146161175443,0.29685383882455696,20
37,71,stroke,50,3,0,L1,spike50,0.6704545265927359,0.32954547340726414,13
37,71,stroke,50,3,0,L1,syn_current,0.9289750651338002,0.07102493486619976,13
37,71,stroke,50,3,0,L1,pre_reset,0.9054913569869387,0.09450864301306128,13
37,71,stroke,50,3,0,L2,spike50,0.6444074553034499,0.3555925446965501,13
37,71,stroke,50,3,0,L2,syn_current,0.8179387719926121,0.1820612280073879,13
37,71,stroke,50,3,0,L2,pre_reset,0.8174724410571454,0.18252755894285455,13
37,71,stroke,50,3,1,L1,spike50,0.7945212522800632,0.2054787477199368,20
37,71,stroke,50,3,1,L1,syn_current,0.9748755208741199,0.025124479125880117,21
37,71,stroke,50,3,1,L1,pre_reset,0.9603319149990751,0.03966808500092489,21
37,71,stroke,50,3,1,L2,spike50,0.5821750016571752,0.4178249983428248,15
37,71,stroke,50,3,1,L2,syn_current,0.5986400717173884,0.4013599282826116,20
37,71,stroke,50,3,1,L2,pre_reset,0.5865771449419175,0.4134228550580825,20
37,72,stroke,50,3,0,L1,spike50,0.787305916512871,0.21269408348712904,11
37,72,stroke,50,3,0,L1,syn_current,0.9633715260346724,0.036628473965327646,11
37,72,stroke,50,3,0,L1,pre_reset,0.9304868314679993,0.06951316853200074,11
37,72,stroke,50,3,0,L2,spike50,0.7607427569951466,0.2392572430048534,10
37,72,stroke,50,3,0,L2,syn_current,0.9078348485643306,0.09216515143566939,11
37,72,stroke,50,3,0,L2,pre_reset,0.9075030569805208,0.0924969430194792,11
37,72,stroke,50,3,1,L1,spike50,0.674129302616633,0.32587069738336705,11
37,72,stroke,50,3,1,L1,syn_current,0.9431412451332651,0.05685875486673486,12
37,72,stroke,50,3,1,L1,pre_reset,0.9244961451618083,0.07550385483819166,12
37,72,stroke,50,3,1,L2,spike50,0.1563027502651074,0.8436972497348926,10
37,72,stroke,50,3,1,L2,syn_current,0.4545703804464933,0.5454296195535067,11
37,72,stroke,50,3,1,L2,pre_reset,0.48202757141260477,0.5179724285873952,11
37,72,stroke,50,3,2,L1,spike50,0.9168813394136975,0.08311866058630246,16
37,72,stroke,50,3,2,L1,syn_current,0.9871239302610574,0.01287606973894262,16
37,72,stroke,50,3,2,L1,pre_reset,0.9715223514786044,0.02847764852139556,16
37,72,stroke,50,3,2,L2,spike50,0.7568392937825766,0.24316070621742336,16
37,72,stroke,50,3,2,L2,syn_current,0.8749869961289656,0.12501300387103442,16
37,72,stroke,50,3,2,L2,pre_reset,0.8633301166401366,0.1366698833598634,16
37,73,stroke,50,3,0,L1,spike50,0.863698156813622,0.13630184318637795,14
37,73,stroke,50,3,0,L1,syn_current,0.9782489057429435,0.021751094257056458,14
37,73,stroke,50,3,0,L1,pre_reset,0.9600360108577753,0.039963989142224654,14
37,73,stroke,50,3,0,L2,spike50,0.7497016894916995,0.25029831050830054,14
37,73,stroke,50,3,0,L2,syn_current,0.8792174745454303,0.12078252545456969,14
37,73,stroke,50,3,0,L2,pre_reset,0.876081373925024,0.12391862607497595,14
37,73,stroke,50,3,1,L1,spike50,0.9716888705873576,0.028311129412642355,15
37,73,stroke,50,3,1,L1,syn_current,0.9986786902814325,0.001321309718567476,15
37,73,stroke,50,3,1,L1,pre_reset,0.992178947272198,0.00782105272780198,15
37,73,stroke,50,3,1,L2,spike50,0.9110152696789336,0.08898473032106635,15
37,73,stroke,50,3,1,L2,syn_current,0.9476945360547797,0.05230546394522029,15
37,73,stroke,50,3,1,L2,pre_reset,0.9430668040067388,0.05693319599326119,15
37,73,stroke,50,3,2,L1,spike50,0.7017453398494249,0.2982546601505751,7
37,73,stroke,50,3,2,L1,syn_current,0.926382547198374,0.07361745280162602,7
37,73,stroke,50,3,2,L1,pre_reset,0.9076762167614544,0.09232378323854562,7
37,73,stroke,50,3,2,L2,spike50,0.5061019697503631,0.49389803024963685,7
37,73,stroke,50,3,2,L2,syn_current,0.6716785066379497,0.3283214933620503,7
37,73,stroke,50,3,2,L2,pre_reset,0.6303726330010206,0.36962736699897936,7
37,74,stroke,50,3,0,L1,spike50,0.7383902919557954,0.2616097080442046,10
37,74,stroke,50,3,0,L1,syn_current,0.9584007322576618,0.04159926774233824,10
37,74,stroke,50,3,0,L1,pre_reset,0.9343927371116226,0.06560726288837737,10
37,74,stroke,50,3,0,L2,spike50,0.6428957218652612,0.3571042781347388,10
37,74,stroke,50,3,0,L2,syn_current,0.7921344292000496,0.20786557079995038,10
37,74,stroke,50,3,0,L2,pre_reset,0.7590417462442482,0.24095825375575175,10
37,74,stroke,50,3,1,L1,spike50,0.7686321385424126,0.23136786145758736,20
37,74,stroke,50,3,1,L1,syn_current,0.9562191057473506,0.043780894252649416,20
37,74,stroke,50,3,1,L1,pre_reset,0.9403705973874908,0.05962940261250915,20
37,74,stroke,50,3,1,L2,spike50,0.5972698801424113,0.40273011985758866,20
37,74,stroke,50,3,1,L2,syn_current,0.6982805596245754,0.30171944037542464,20
37,74,stroke,50,3,1,L2,pre_reset,0.6738779906851382,0.3261220093148618,20
37,76,stroke,50,3,0,L1,spike50,0.7404237812006305,0.25957621879936954,11
37,76,stroke,50,3,0,L1,syn_current,0.815488083180527,0.184511916819473,21
37,76,stroke,50,3,0,L1,pre_reset,0.7918046639887157,0.20819533601128426,21
37,76,stroke,50,3,0,L2,spike50,0.12484580312114762,0.8751541968788523,9
37,76,stroke,50,3,0,L2,syn_current,0.10760559049622748,0.8923944095037726,11
37,76,stroke,50,3,0,L2,pre_reset,0.02830031889474396,0.9716996811052561,11
37,76,stroke,50,3,1,L1,spike50,0.9482373729894462,0.051762627010553786,54
37,76,stroke,50,3,1,L1,syn_current,0.9855767077306364,0.014423292269363563,61
37,76,stroke,50,3,1,L1,pre_reset,0.9743160561694333,0.025683943830566713,61
37,76,stroke,50,3,1,L2,spike50,0.8946394490822376,0.10536055091776242,52
37,76,stroke,50,3,1,L2,syn_current,0.9268899071646746,0.07311009283532544,54
37,76,stroke,50,3,1,L2,pre_reset,0.9221509958934903,0.07784900410650974,54
37,77,stroke,50,3,0,L1,spike50,0.8098965487548705,0.1901034512451295,17
37,77,stroke,50,3,0,L1,syn_current,0.9514651513877272,0.04853484861227275,20
37,77,stroke,50,3,0,L1,pre_reset,0.9359529732920218,0.06404702670797824,20
37,77,stroke,50,3,0,L2,spike50,0.5493595846771531,0.45064041532284693,16
37,77,stroke,50,3,0,L2,syn_current,0.6932253527645559,0.3067746472354441,17
37,77,stroke,50,3,0,L2,pre_reset,0.6638988064316673,0.3361011935683327,17
37,77,stroke,50,3,1,L1,spike50,0.849630742126294,0.15036925787370603,18
37,77,stroke,50,3,1,L1,syn_current,0.9417661025540252,0.05823389744597485,20
37,77,stroke,50,3,1,L1,pre_reset,0.9182382709856263,0.08176172901437373,20
37,77,stroke,50,3,1,L2,spike50,0.7118908596867103,0.2881091403132897,18
37,77,stroke,50,3,1,L2,syn_current,0.828397032257571,0.171602967742429,18
37,77,stroke,50,3,1,L2,pre_reset,0.8140221336790877,0.1859778663209123,18
37,78,stroke,50,3,0,L1,spike50,0.7016765794097316,0.2983234205902684,9
37,78,stroke,50,3,0,L1,syn_current,0.9334681386756275,0.0665318613243725,13
37,78,stroke,50,3,0,L1,pre_reset,0.8976128119625032,0.1023871880374968,13
37,78,stroke,50,3,0,L2,spike50,0.2870188434752986,0.7129811565247014,4
37,78,stroke,50,3,0,L2,syn_current,0.7036345507901761,0.2963654492098239,9
37,78,stroke,50,3,0,L2,pre_reset,0.719091070943106,0.280908929056894,9
37,78,stroke,50,3,1,L1,spike50,0.9282654412993147,0.07173455870068535,40
37,78,stroke,50,3,1,L1,syn_current,0.9988969215496336,0.0011030784503663904,40
37,78,stroke,50,3,1,L1,pre_reset,0.9906453600980079,0.009354639901992146,40
37,78,stroke,50,3,1,L2,spike50,0.8271491226299201,0.17285087737007987,40
37,78,stroke,50,3,1,L2,syn_current,0.8992423434847165,0.10075765651528346,40
37,78,stroke,50,3,1,L2,pre_reset,0.8974274616237732,0.10257253837622682,40
37,78,stroke,50,3,2,L1,spike50,0.6512306321064317,0.34876936789356827,11
37,78,stroke,50,3,2,L1,syn_current,0.9151990379750289,0.08480096202497112,14
37,78,stroke,50,3,2,L1,pre_reset,0.8907365176439906,0.10926348235600936,14
37,78,stroke,50,3,2,L2,spike50,0.2047105979130282,0.7952894020869719,10
37,78,stroke,50,3,2,L2,syn_current,0.3325903594545589,0.667409640545441,11
37,78,stroke,50,3,2,L2,pre_reset,0.3079443045976561,0.6920556954023439,11
37,79,stroke,50,3,0,L1,spike50,0.9088149574404147,0.09118504255958526,18
37,79,stroke,50,3,0,L1,syn_current,0.9039502794095304,0.09604972059046957,47
37,79,stroke,50,3,0,L1,pre_reset,0.8912175006847253,0.10878249931527473,47
37,79,stroke,50,3,0,L2,spike50,0.8385359126878679,0.16146408731213213,16
37,79,stroke,50,3,0,L2,syn_current,0.9122534343465118,0.08774656565348815,18
37,79,stroke,50,3,0,L2,pre_reset,0.8977588686770877,0.10224113132291235,18
37,79,stroke,50,3,1,L1,spike50,0.7803656473895966,0.21963435261040343,34
37,79,stroke,50,3,1,L1,syn_current,0.9612770590723579,0.03872294092764206,37
37,79,stroke,50,3,1,L1,pre_reset,0.9491110884710399,0.050888911528960135,37
37,79,stroke,50,3,1,L2,spike50,0.591139596948285,0.408860403051715,30
37,79,stroke,50,3,1,L2,syn_current,0.7619200886001006,0.23807991139989937,34
37,79,stroke,50,3,1,L2,pre_reset,0.7380010658447507,0.26199893415524933,34
37,81,stroke,50,3,0,L1,spike50,0.5952800309416385,0.4047199690583615,11
37,81,stroke,50,3,0,L1,syn_current,0.846725741987954,0.15327425801204597,13
37,81,stroke,50,3,0,L1,pre_reset,0.8152105813302033,0.1847894186697967,13
37,81,stroke,50,3,0,L2,spike50,0.4141258931378102,0.5858741068621898,8
37,81,stroke,50,3,0,L2,syn_current,0.6828235375079946,0.3171764624920054,11
37,81,stroke,50,3,0,L2,pre_reset,0.6417181665673698,0.3582818334326302,11
37,81,stroke,50,3,1,L1,spike50,0.8753310585521437,0.12466894144785634,9
37,81,stroke,50,3,1,L1,syn_current,0.9585755283011689,0.04142447169883112,22
37,81,stroke,50,3,1,L1,pre_reset,0.9461911810747725,0.053808818925227486,22
37,81,stroke,50,3,1,L2,spike50,0.7076901987171259,0.2923098012828741,6
37,81,stroke,50,3,1,L2,syn_current,0.8074804475723063,0.1925195524276937,9
37,81,stroke,50,3,1,L2,pre_reset,0.7952108558703804,0.20478914412961957,9
37,81,stroke,50,3,2,L1,spike50,0.8912717879324281,0.10872821206757188,19
37,81,stroke,50,3,2,L1,syn_current,0.999121744889429,0.0008782551105710468,19
37,81,stroke,50,3,2,L1,pre_reset,0.9962832861147114,0.003716713885288603,19
37,81,stroke,50,3,2,L2,spike50,0.8424792953878567,0.1575207046121433,19
37,81,stroke,50,3,2,L2,syn_current,0.9477146520266203,0.05228534797337969,19
37,81,stroke,50,3,2,L2,pre_reset,0.9138826130548433,0.0861173869451567,19
37,82,stroke,50,3,0,L1,spike50,0.7608368197687767,0.2391631802312233,17
37,82,stroke,50,3,0,L1,syn_current,0.9490493808837597,0.050950619116240325,19
37,82,stroke,50,3,0,L1,pre_reset,0.9351240363388683,0.06487596366113169,19
37,82,stroke,50,3,0,L2,spike50,0.3350694112655435,0.6649305887344565,17
37,82,stroke,50,3,0,L2,syn_current,0.5284591949410575,0.47154080505894247,17
37,82,stroke,50,3,0,L2,pre_reset,0.4935874758383164,0.5064125241616836,17
37,82,stroke,50,3,1,L1,spike50,0.8618352013981705,0.1381647986018295,25
37,82,stroke,50,3,1,L1,syn_current,0.9466406155468294,0.053359384453170566,34
37,82,stroke,50,3,1,L1,pre_reset,0.9288557217523229,0.0711442782476771,34
37,82,stroke,50,3,1,L2,spike50,0.5157230175611315,0.4842769824388685,24
37,82,stroke,50,3,1,L2,syn_current,0.6823078677385301,0.31769213226146986,25
37,82,stroke,50,3,1,L2,pre_reset,0.6214114183054211,0.3785885816945789,25
37,83,stroke,50,3,0,L1,spike50,0.8306229704661658,0.16937702953383416,19
37,83,stroke,50,3,0,L1,syn_current,0.9415187993775381,0.05848120062246187,20
37,83,stroke,50,3,0,L1,pre_reset,0.9195656717974503,0.0804343282025497,20
37,83,stroke,50,3,0,L2,spike50,0.6306121876290394,0.36938781237096063,16
37,83,stroke,50,3,0,L2,syn_current,0.7858309691359932,0.21416903086400685,19
37,83,stroke,50,3,0,L2,pre_reset,0.7681875473770903,0.23181245262290973,19
37,83,stroke,50,3,1,L1,spike50,0.6091774098826256,0.3908225901173744,4
37,83,stroke,50,3,1,L1,syn_current,0.8853178420497463,0.11468215795025372,14
37,83,stroke,50,3,1,L1,pre_reset,0.868523015592977,0.13147698440702305,14
37,83,stroke,50,3,1,L2,spike50,,,0
37,83,stroke,50,3,1,L2,syn_current,0.5741248595080992,0.4258751404919008,4
37,83,stroke,50,3,1,L2,pre_reset,0.5302536527142521,0.46974634728574793,4
37,83,stroke,50,3,2,L1,spike50,0.893944027509707,0.10605597249029297,26
37,83,stroke,50,3,2,L1,syn_current,0.9967939775182484,0.0032060224817516136,26
37,83,stroke,50,3,2,L1,pre_reset,0.990656397849635,0.009343602150365005,26
37,83,stroke,50,3,2,L2,spike50,0.7610199486972349,0.23898005130276512,25
37,83,stroke,50,3,2,L2,syn_current,0.884065021214445,0.11593497878555503,26
37,83,stroke,50,3,2,L2,pre_reset,0.8579978770665865,0.14200212293341352,26
37,84,stroke,50,3,0,L1,spike50,0.8605211073814221,0.13947889261857793,16
37,84,stroke,50,3,0,L1,syn_current,0.9730543906511637,0.026945609348836275,16
37,84,stroke,50,3,0,L1,pre_reset,0.9550129979665095,0.044987002033490486,16
37,84,stroke,50,3,0,L2,spike50,0.5441250455637612,0.4558749544362388,16
37,84,stroke,50,3,0,L2,syn_current,0.7374956647995397,0.26250433520046035,16
37,84,stroke,50,3,0,L2,pre_reset,0.7146985866729442,0.28530141332705583,16
37,84,stroke,50,3,1,L1,spike50,0.8622688335029052,0.13773116649709483,19
37,84,stroke,50,3,1,L1,syn_current,0.9679697701448579,0.032030229855142145,19
37,84,stroke,50,3,1,L1,pre_reset,0.9583437621895676,0.04165623781043237,19
37,84,stroke,50,3,1,L2,spike50,0.6774098824577764,0.32259011754222355,19
37,84,stroke,50,3,1,L2,syn_current,0.8046050789875536,0.19539492101244638,19
37,84,stroke,50,3,1,L2,pre_reset,0.795571043659811,0.20442895634018898,19
37,84,stroke,50,3,2,L1,spike50,0.745303526934686,0.25469647306531396,11
37,84,stroke,50,3,2,L1,syn_current,0.9574469742065045,0.042553025793495514,11
37,84,stroke,50,3,2,L1,pre_reset,0.9414912637026919,0.05850873629730813,11
37,84,stroke,50,3,2,L2,spike50,0.5231764193526552,0.47682358064734476,11
37,84,stroke,50,3,2,L2,syn_current,0.5994724339062354,0.4005275660937646,11
37,84,stroke,50,3,2,L2,pre_reset,0.5540148412154127,0.44598515878458733,11
37,85,stroke,50,3,0,L1,spike50,0.7286485807281753,0.2713514192718247,19
37,85,stroke,50,3,0,L1,syn_current,0.9649478550730614,0.035052144926938644,19
37,85,stroke,50,3,0,L1,pre_reset,0.9518506224609136,0.048149377539086435,19
37,85,stroke,50,3,0,L2,spike50,0.49200630380008853,0.5079936961999114,18
37,85,stroke,50,3,0,L2,syn_current,0.6958988956228888,0.30410110437711124,19
37,85,stroke,50,3,0,L2,pre_reset,0.6952122487461445,0.3047877512538555,19
37,85,stroke,50,3,1,L1,spike50,0.7179494181255253,0.28205058187447474,38
37,85,stroke,50,3,1,L1,syn_current,0.9804416816894846,0.019558318310515355,38
37,85,stroke,50,3,1,L1,pre_reset,0.971342165902824,0.028657834097176038,38
37,85,stroke,50,3,1,L2,spike50,0.6428756686348336,0.3571243313651664,37
37,85,stroke,50,3,1,L2,syn_current,0.7699628704126851,0.23003712958731493,38
37,85,stroke,50,3,1,L2,pre_reset,0.7572310102458264,0.2427689897541736,38
37,86,stroke,50,3,0,L1,spike50,0.7843406827888664,0.21565931721113363,11
37,86,stroke,50,3,0,L1,syn_current,0.95577596616682,0.044224033833179965,14
37,86,stroke,50,3,0,L1,pre_reset,0.9397381063771685,0.06026189362283152,14
37,86,stroke,50,3,0,L2,spike50,0.5552750738167943,0.4447249261832057,11
37,86,stroke,50,3,0,L2,syn_current,0.8167873524369393,0.18321264756306066,11
37,86,stroke,50,3,0,L2,pre_reset,0.8059825322767356,0.19401746772326445,11
37,86,stroke,50,3,1,L1,spike50,0.6004388138962492,0.3995611861037508,10
37,86,stroke,50,3,1,L1,syn_current,0.9283259387446336,0.07167406125536635,12
37,86,stroke,50,3,1,L1,pre_reset,0.9041428707423829,0.09585712925761714,12
37,86,stroke,50,3,1,L2,spike50,0.4296093370301345,0.5703906629698655,10
37,86,stroke,50,3,1,L2,syn_current,0.6808586030182339,0.31914139698176613,10
37,86,stroke,50,3,1,L2,pre_reset,0.6364510352950551,0.3635489647049449,10
37,86,stroke,50,3,2,L1,spike50,0.9190623089892871,0.08093769101071291,20
37,86,stroke,50,3,2,L1,syn_current,0.9949984865439188,0.005001513456081241,20
37,86,stroke,50,3,2,L1,pre_reset,0.9860783114814484,0.013921688518551578,20
37,86,stroke,50,3,2,L2,spike50,0.744877754524148,0.25512224547585205,20
37,86,stroke,50,3,2,L2,syn_current,0.8803869333441495,0.11961306665585048,20
37,86,stroke,50,3,2,L2,pre_reset,0.8740268220130952,0.12597317798690477,20
37,87,stroke,50,3,0,L1,spike50,0.6683701028629049,0.3316298971370951,11
37,87,stroke,50,3,0,L1,syn_current,0.9455386227007591,0.05446137729924094,11
37,87,stroke,50,3,0,L1,pre_reset,0.9176498668017932,0.08235013319820683,11
37,87,stroke,50,3,0,L2,spike50,0.772749938392868,0.22725006160713201,9
37,87,stroke,50,3,0,L2,syn_current,0.7262981824757317,0.27370181752426825,11
37,87,stroke,50,3,0,L2,pre_reset,0.7161128876235626,0.2838871123764374,11
37,87,stroke,50,3,1,L1,spike50,0.9582031173976661,0.04179688260233394,25
37,87,stroke,50,3,1,L1,syn_current,0.9981086936654228,0.0018913063345772363,25
37,87,stroke,50,3,1,L1,pre_reset,0.9914999964502431,0.008500003549756885,25
37,87,stroke,50,3,1,L2,spike50,0.792284756392023,0.207715243607977,25
37,87,stroke,50,3,1,L2,syn_current,0.9121149772465423,0.08788502275345766,25
37,87,stroke,50,3,1,L2,pre_reset,0.9093987578610822,0.09060124213891785,25
37,87,stroke,50,3,2,L1,spike50,0.6342460653879404,0.36575393461205963,12
37,87,stroke,50,3,2,L1,syn_current,0.9266975428784424,0.07330245712155758,12
37,87,stroke,50,3,2,L1,pre_reset,0.911645987335817,0.08835401266418297,12
37,87,stroke,50,3,2,L2,spike50,0.5164724017527672,0.4835275982472328,12
37,87,stroke,50,3,2,L2,syn_current,0.6760281215750283,0.32397187842497166,12
37,87,stroke,50,3,2,L2,pre_reset,0.6567466925435524,0.34325330745644755,12
37,88,stroke,50,3,0,L1,spike50,0.644270690365751,0.355729309634249,15
37,88,stroke,50,3,0,L1,syn_current,0.8961132980957923,0.10388670190420768,17
37,88,stroke,50,3,0,L1,pre_reset,0.8776972434201891,0.12230275657981093,17
37,88,stroke,50,3,0,L2,spike50,0.25589630976155603,0.7441036902384439,14
37,88,stroke,50,3,0,L2,syn_current,0.35281038883623256,0.6471896111637674,15
37,88,stroke,50,3,0,L2,pre_reset,0.3008877505383875,0.6991122494616124,15
37,88,stroke,50,3,1,L1,spike50,0.8489362141673258,0.1510637858326742,28
37,88,stroke,50,3,1,L1,syn_current,0.9685138193418193,0.03148618065818065,31
37,88,stroke,50,3,1,L1,pre_reset,0.9575260056634397,0.042473994336560295,31
37,88,stroke,50,3,1,L2,spike50,0.6658709423581046,0.3341290576418954,27
37,88,stroke,50,3,1,L2,syn_current,0.8009059768447965,0.19909402315520353,28
37,88,stroke,50,3,1,L2,pre_reset,0.7749345052526804,0.22506549474731963,28
37,90,stroke,50,3,0,L1,spike50,0.686450186082367,0.31354981391763304,7
37,90,stroke,50,3,0,L1,syn_current,0.9392810493173419,0.06071895068265809,9
37,90,stroke,50,3,0,L1,pre_reset,0.9133758983263446,0.08662410167365542,9
37,90,stroke,50,3,0,L2,spike50,0.6031448001758334,0.3968551998241666,7
37,90,stroke,50,3,0,L2,syn_current,0.8591156498523276,0.14088435014767242,7
37,90,stroke,50,3,0,L2,pre_reset,0.8185972748819174,0.18140272511808264,7
37,90,stroke,50,3,1,L1,spike50,0.9384130554105145,0.06158694458948555,20
37,90,stroke,50,3,1,L1,syn_current,0.9954030586542386,0.004596941345761385,20
37,90,stroke,50,3,1,L1,pre_reset,0.9834649209183232,0.01653507908167684,20
37,90,stroke,50,3,1,L2,spike50,0.8429293078112293,0.15707069218877068,20
37,90,stroke,50,3,1,L2,syn_current,0.9379785889365146,0.062021411063485354,20
37,90,stroke,50,3,1,L2,pre_reset,0.9345930629165352,0.06540693708346479,20
37,90,stroke,50,3,2,L1,spike50,0.8491094998220599,0.15089050017794015,15
37,90,stroke,50,3,2,L1,syn_current,0.9683252172572355,0.031674782742764473,18
37,90,stroke,50,3,2,L1,pre_reset,0.9550420179029702,0.044957982097029836,18
37,90,stroke,50,3,2,L2,spike50,0.6396104751239796,0.3603895248760204,13
37,90,stroke,50,3,2,L2,syn_current,0.8133160362904742,0.18668396370952578,15
37,90,stroke,50,3,2,L2,pre_reset,0.8046381673773583,0.19536183262264173,15
37,91,stroke,50,3,0,L1,spike50,0.8096058544582466,0.19039414554175338,13
37,91,stroke,50,3,0,L1,syn_current,0.9414881900549268,0.05851180994507321,16
37,91,stroke,50,3,0,L1,pre_reset,0.9136487725462695,0.08635122745373047,16
37,91,stroke,50,3,0,L2,spike50,0.33303420536538647,0.6669657946346135,13
37,91,stroke,50,3,0,L2,syn_current,0.5166569622003739,0.48334303779962606,13
37,91,stroke,50,3,0,L2,pre_reset,0.44708682375057074,0.5529131762494293,13
37,91,stroke,50,3,1,L1,spike50,0.924876225889292,0.07512377411070803,48
37,91,stroke,50,3,1,L1,syn_current,0.986152293136403,0.013847706863597042,50
37,91,stroke,50,3,1,L1,pre_reset,0.976530051050242,0.023469948949757957,50
37,91,stroke,50,3,1,L2,spike50,0.8065678864160892,0.19343211358391077,48
37,91,stroke,50,3,1,L2,syn_current,0.9026121956925218,0.09738780430747818,48
37,91,stroke,50,3,1,L2,pre_reset,0.8998211597579769,0.10017884024202306,48
37,92,stroke,50,3,0,L1,spike50,0.8825948397641508,0.11740516023584924,16
37,92,stroke,50,3,0,L1,syn_current,0.9776011035947982,0.022398896405201763,18
37,92,stroke,50,3,0,L1,pre_reset,0.9623193233649735,0.0376806766350265,18
37,92,stroke,50,3,0,L2,spike50,0.7419723173234222,0.25802768267657783,16
37,92,stroke,50,3,0,L2,syn_current,0.915525114530144,0.08447488546985604,16
37,92,stroke,50,3,0,L2,pre_reset,0.9199710687868209,0.08002893121317911,16
37,92,stroke,50,3,1,L1,spike50,0.6857843896392226,0.3142156103607774,13
37,92,stroke,50,3,1,L1,syn_current,0.9297275935039733,0.07027240649602673,16
37,92,stroke,50,3,1,L1,pre_reset,0.9053306083141539,0.0946693916858461,16
37,92,stroke,50,3,1,L2,spike50,0.346308958598617,0.653691041401383,13
37,92,stroke,50,3,1,L2,syn_current,0.5720106679472601,0.4279893320527399,13
37,92,stroke,50,3,1,L2,pre_reset,0.5357606702885451,0.4642393297114549,13
37,93,stroke,50,3,0,L1,spike50,0.7595999074243687,0.24040009257563133,12
37,93,stroke,50,3,0,L1,syn_current,0.9353447394037655,0.0646552605962345,16
37,93,stroke,50,3,0,L1,pre_reset,0.908349657720827,0.09165034227917301,16
37,93,stroke,50,3,0,L2,spike50,0.4204565144049253,0.5795434855950747,10
37,93,stroke,50,3,0,L2,syn_current,0.6002588167327803,0.39974118326721975,12
37,93,stroke,50,3,0,L2,pre_reset,0.5494585917221587,0.4505414082778413,12
37,93,stroke,50,3,1,L1,spike50,0.6952916423809842,0.3047083576190158,30
37,93,stroke,50,3,1,L1,syn_current,0.965123444219488,0.034876555780511964,30
37,93,stroke,50,3,1,L1,pre_reset,0.9551597191021559,0.04484028089784409,30
37,93,stroke,50,3,1,L2,spike50,0.28958657201223,0.7104134279877701,29
37,93,stroke,50,3,1,L2,syn_current,0.3748533986996771,0.6251466013003228,30
37,93,stroke,50,3,1,L2,pre_reset,0.32661924641102696,0.6733807535889731,30
37,96,stroke,50,3,0,L1,spike50,0.817313295701975,0.18268670429802503,16
37,96,stroke,50,3,0,L1,syn_current,0.9659152991442244,0.03408470085577564,18
37,96,stroke,50,3,0,L1,pre_reset,0.9449533216154786,0.055046678384521375,18
37,96,stroke,50,3,0,L2,spike50,0.6003136522836702,0.3996863477163298,15
37,96,stroke,50,3,0,L2,syn_current,0.7770623489686307,0.2229376510313693,16
37,96,stroke,50,3,0,L2,pre_reset,0.7614500212755588,0.23854997872444117,16
37,96,stroke,50,3,1,L1,spike50,0.8066889163278931,0.19331108367210692,44
37,96,stroke,50,3,1,L1,syn_current,0.9798489740478515,0.02015102595214846,45
37,96,stroke,50,3,1,L1,pre_reset,0.9717485761126896,0.02825142388731039,45
37,96,stroke,50,3,1,L2,spike50,0.6959089111215713,0.30409108887842873,44
37,96,stroke,50,3,1,L2,syn_current,0.7958049472661523,0.20419505273384775,44
37,96,stroke,50,3,1,L2,pre_reset,0.7695554247259634,0.2304445752740366,44
37,98,stroke,50,3,0,L1,spike50,0.8283473449966685,0.1716526550033315,14
37,98,stroke,50,3,0,L1,syn_current,0.9583791534931287,0.041620846506871256,16
37,98,stroke,50,3,0,L1,pre_reset,0.9398763252961982,0.060123674703801755,16
37,98,stroke,50,3,0,L2,spike50,0.582175925121148,0.417824074878852,14
37,98,stroke,50,3,0,L2,syn_current,0.7535807947100915,0.24641920528990846,14
37,98,stroke,50,3,0,L2,pre_reset,0.7454071906804378,0.2545928093195622,14
37,98,stroke,50,3,1,L1,spike50,0.9504344956175265,0.049565504382473535,21
37,98,stroke,50,3,1,L1,syn_current,0.9981768210962915,0.0018231789037085333,21
37,98,stroke,50,3,1,L1,pre_reset,0.9864214274597038,0.013578572540296152,21
37,98,stroke,50,3,1,L2,spike50,0.8417812151672353,0.15821878483276475,21
37,98,stroke,50,3,1,L2,syn_current,0.9191358293638462,0.08086417063615381,21
37,98,stroke,50,3,1,L2,pre_reset,0.9221398748619094,0.0778601251380906,21
37,98,stroke,50,3,2,L1,spike50,0.7559894027524369,0.24401059724756313,14
37,98,stroke,50,3,2,L1,syn_current,0.9604104294558096,0.03958957054419043,15
37,98,stroke,50,3,2,L1,pre_reset,0.9458557220587216,0.05414427794127841,15
37,98,stroke,50,3,2,L2,spike50,0.5985990643329434,0.4014009356670566,12
37,98,stroke,50,3,2,L2,syn_current,0.7298061973449848,0.27019380265501525,14
37,98,stroke,50,3,2,L2,pre_reset,0.7001775133329772,0.2998224866670228,14
37,100,stroke,50,3,0,L1,spike50,0.8300133534790383,0.16998664652096174,13
37,100,stroke,50,3,0,L1,syn_current,0.9561979102576762,0.0438020897423238,18
37,100,stroke,50,3,0,L1,pre_reset,0.9404611343634662,0.059538865636533767,18
37,100,stroke,50,3,0,L2,spike50,0.6099086470548076,0.39009135294519237,11
37,100,stroke,50,3,0,L2,syn_current,0.8094654351599863,0.19053456484001374,13
37,100,stroke,50,3,0,L2,pre_reset,0.8040156075936061,0.19598439240639387,13
37,100,stroke,50,3,1,L1,spike50,0.9328744978224066,0.06712550217759339,15
37,100,stroke,50,3,1,L1,syn_current,0.9981358473702238,0.001864152629776239,15
37,100,stroke,50,3,1,L1,pre_reset,0.9881152270936818,0.011884772906318175,15
37,100,stroke,50,3,1,L2,spike50,0.8724265666669023,0.12757343333309767,15
37,100,stroke,50,3,1,L2,syn_current,0.9452084760028794,0.05479152399712062,15
37,100,stroke,50,3,1,L2,pre_reset,0.9486138147697948,0.05138618523020522,15
37,100,stroke,50,3,2,L1,spike50,0.74584471710799,0.25415528289200995,17
37,100,stroke,50,3,2,L1,syn_current,0.9462052709350814,0.053794729064918556,22
37,100,stroke,50,3,2,L1,pre_reset,0.9286860782304793,0.07131392176952067,22
37,100,stroke,50,3,2,L2,spike50,0.3960026556975358,0.6039973443024642,12
37,100,stroke,50,3,2,L2,syn_current,0.5972891282091141,0.40271087179088594,17
37,100,stroke,50,3,2,L2,pre_reset,0.5377160928168196,0.46228390718318035,17
37,101,stroke,50,3,0,L1,spike50,0.7338726926379288,0.26612730736207124,19
37,101,stroke,50,3,0,L1,syn_current,0.9197817908618113,0.08021820913818867,20
37,101,stroke,50,3,0,L1,pre_reset,0.8922501093753384,0.10774989062466156,20
37,101,stroke,50,3,0,L2,spike50,0.13812804657071415,0.8618719534292858,17
37,101,stroke,50,3,0,L2,syn_current,0.33111772630766984,0.6688822736923301,19
37,101,stroke,50,3,0,L2,pre_reset,0.2941039818895714,0.7058960181104286,19
37,101,stroke,50,3,1,L1,spike50,0.920235365147423,0.07976463485257701,48
37,101,stroke,50,3,1,L1,syn_current,0.9738252466339917,0.026174753366008274,53
37,101,stroke,50,3,1,L1,pre_reset,0.9589653518146223,0.04103464818537772,53
37,101,stroke,50,3,1,L2,spike50,0.7467502175891647,0.2532497824108353,47
37,101,stroke,50,3,1,L2,syn_current,0.8384936252818682,0.16150637471813178,48
37,101,stroke,50,3,1,L2,pre_reset,0.8270669569499077,0.17293304305009227,48
37,102,stroke,50,3,0,L1,spike50,0.849591901943187,0.150408098056813,2
37,102,stroke,50,3,0,L1,syn_current,0.8815104618133074,0.11848953818669261,10
37,102,stroke,50,3,0,L1,pre_reset,0.8663076836824164,0.1336923163175836,10
37,102,stroke,50,3,0,L2,spike50,,,0
37,102,stroke,50,3,0,L2,syn_current,0.3621577961668979,0.6378422038331021,2
37,102,stroke,50,3,0,L2,pre_reset,0.34515232269324436,0.6548476773067556,2
37,102,stroke,50,3,1,L1,spike50,0.9062846624657078,0.09371533753429218,21
37,102,stroke,50,3,1,L1,syn_current,0.9946458188067365,0.005354181193263474,21
37,102,stroke,50,3,1,L1,pre_reset,0.9833477812257411,0.01665221877425893,21
37,102,stroke,50,3,1,L2,spike50,0.6819534744940741,0.31804652550592594,21
37,102,stroke,50,3,1,L2,syn_current,0.7810072209676834,0.21899277903231662,21
37,102,stroke,50,3,1,L2,pre_reset,0.735419897003248,0.26458010299675205,21
37,102,stroke,50,3,2,L1,spike50,0.8473477683430914,0.15265223165690855,10
37,102,stroke,50,3,2,L1,syn_current,0.9529150958863979,0.04708490411360211,16
37,102,stroke,50,3,2,L1,pre_reset,0.9318454554564845,0.06815454454351555,16
37,102,stroke,50,3,2,L2,spike50,0.3584116540581815,0.6415883459418186,9
37,102,stroke,50,3,2,L2,syn_current,0.43242328046438816,0.5675767195356118,10
37,102,stroke,50,3,2,L2,pre_reset,0.36806800327802497,0.631931996721975,10
37,103,stroke,50,3,0,L1,spike50,0.91410250113104,0.08589749886896003,27
37,103,stroke,50,3,0,L1,syn_current,0.9076410365519855,0.09235896344801453,37
37,103,stroke,50,3,0,L1,pre_reset,0.8876251305943544,0.11237486940564556,37
37,103,stroke,50,3,0,L2,spike50,0.7366677081832148,0.2633322918167852,26
37,103,stroke,50,3,0,L2,syn_current,0.8361028217750294,0.16389717822497063,27
37,103,stroke,50,3,0,L2,pre_reset,0.8147398853237351,0.1852601146762649,27
37,103,stroke,50,3,1,L1,spike50,0.8317816558425694,0.16821834415743064,30
37,103,stroke,50,3,1,L1,syn_current,0.9500612932643843,0.049938706735615734,33
37,103,stroke,50,3,1,L1,pre_reset,0.9312157373189763,0.06878426268102367,33
37,103,stroke,50,3,1,L2,spike50,0.5521904698482001,0.4478095301517999,29
37,103,stroke,50,3,1,L2,syn_current,0.6503153783523056,0.3496846216476944,30
37,103,stroke,50,3,1,L2,pre_reset,0.6101392456938599,0.3898607543061401,30
37,104,stroke,50,3,0,L1,spike50,0.6880245627126771,0.3119754372873229,10
37,104,stroke,50,3,0,L1,syn_current,0.9233373720336159,0.07666262796638412,12
37,104,stroke,50,3,0,L1,pre_reset,0.9060222625120519,0.09397773748794813,12
37,104,stroke,50,3,0,L2,spike50,0.1952238219126523,0.8047761780873477,5
37,104,stroke,50,3,0,L2,syn_current,0.3811873026940332,0.6188126973059668,10
37,104,stroke,50,3,0,L2,pre_reset,0.3574706961910752,0.6425293038089248,10
37,104,stroke,50,3,1,L1,spike50,0.8712566489790996,0.1287433510209004,21
37,104,stroke,50,3,1,L1,syn_current,0.9701137591633326,0.029886240836667355,33
37,104,stroke,50,3,1,L1,pre_reset,0.9560757885745366,0.04392421142546343,33
37,104,stroke,50,3,1,L2,spike50,0.6293304507252578,0.37066954927474216,20
37,104,stroke,50,3,1,L2,syn_current,0.7392075288502176,0.26079247114978243,21
37,104,stroke,50,3,1,L2,pre_reset,0.7052683284031739,0.2947316715968261,21
37,104,stroke,50,3,2,L1,spike50,0.9533948677020458,0.046605132297954155,14
37,104,stroke,50,3,2,L1,syn_current,0.9949052624474062,0.00509473755259382,14
37,104,stroke,50,3,2,L1,pre_reset,0.9863371970549932,0.013662802945006769,14
37,104,stroke,50,3,2,L2,spike50,0.9322635666616461,0.06773643333835389,14
37,104,stroke,50,3,2,L2,syn_current,0.9602474237511983,0.039752576248801685,14
37,104,stroke,50,3,2,L2,pre_reset,0.9583217814892678,0.04167821851073217,14
37,105,stroke,50,3,0,L1,spike50,0.769301471391827,0.23069852860817297,16
37,105,stroke,50,3,0,L1,syn_current,0.9391491108247886,0.06085088917521142,18
37,105,stroke,50,3,0,L1,pre_reset,0.9069466770516565,0.09305332294834345,18
37,105,stroke,50,3,0,L2,spike50,0.4265439854248481,0.5734560145751519,15
37,105,stroke,50,3,0,L2,syn_current,0.6041522053987837,0.39584779460121633,16
37,105,stroke,50,3,0,L2,pre_reset,0.5702636005586762,0.4297363994413238,16
37,105,stroke,50,3,1,L1,spike50,0.9034574862350077,0.09654251376499234,48
37,105,stroke,50,3,1,L1,syn_current,0.9716602068316883,0.0283397931683117,51
37,105,stroke,50,3,1,L1,pre_reset,0.9586059352665767,0.04139406473342333,51
37,105,stroke,50,3,1,L2,spike50,0.7044348814864797,0.2955651185135203,47
37,105,stroke,50,3,1,L2,syn_current,0.7701300242460182,0.22986997575398183,48
37,105,stroke,50,3,1,L2,pre_reset,0.7378134860401806,0.2621865139598194,48
37,106,stroke,50,3,0,L1,spike50,0.692936226974842,0.30706377302515797,12
37,106,stroke,50,3,0,L1,syn_current,0.912073796076414,0.08792620392358597,12
37,106,stroke,50,3,0,L1,pre_reset,0.8861515449197404,0.11384845508025965,12
37,106,stroke,50,3,0,L2,spike50,0.4588740515074175,0.5411259484925826,12
37,106,stroke,50,3,0,L2,syn_current,0.7025324032140093,0.29746759678599066,12
37,106,stroke,50,3,0,L2,pre_reset,0.6523663196026336,0.3476336803973664,12
37,106,stroke,50,3,1,L1,spike50,0.8529503477893903,0.14704965221060973,13
37,106,stroke,50,3,1,L1,syn_current,0.9662647310948197,0.033735268905180305,13
37,106,stroke,50,3,1,L1,pre_reset,0.950883009861782,0.04911699013821802,13
37,106,stroke,50,3,1,L2,spike50,0.6087989506296836,0.3912010493703164,13
37,106,stroke,50,3,1,L2,syn_current,0.7969836656766519,0.2030163343233481,13
37,106,stroke,50,3,1,L2,pre_reset,0.7616101432743257,0.23838985672567425,13
37,107,stroke,50,3,0,L1,spike50,0.3858388260443975,0.6141611739556025,9
37,107,stroke,50,3,0,L1,syn_current,0.8389231168595138,0.16107688314048618,10
37,107,stroke,50,3,0,L1,pre_reset,0.8254732731972083,0.1745267268027917,10
37,107,stroke,50,3,0,L2,spike50,0.38160160236402224,0.6183983976359777,8
37,107,stroke,50,3,0,L2,syn_current,0.766305278596999,0.23369472140300096,9
37,107,stroke,50,3,0,L2,pre_reset,0.7455016237004117,0.25449837629958827,9
37,107,stroke,50,3,1,L1,spike50,0.8643102681508334,0.13568973184916655,11
37,107,stroke,50,3,1,L1,syn_current,0.9872574257199311,0.012742574280068864,11
37,107,stroke,50,3,1,L1,pre_reset,0.9753731384521802,0.02462686154781979,11
37,107,stroke,50,3,1,L2,spike50,0.733151225369734,0.266848774630266,11
37,107,stroke,50,3,1,L2,syn_current,0.9194611263672813,0.08053887363271872,11
37,107,stroke,50,3,1,L2,pre_reset,0.9090692244404284,0.09093077555957163,11
37,107,stroke,50,3,2,L1,spike50,0.9236398557010597,0.07636014429894034,27
37,107,stroke,50,3,2,L1,syn_current,0.9827747540186619,0.017225245981338122,27
37,107,stroke,50,3,2,L1,pre_reset,0.9698154547090861,0.030184545290913856,27
37,107,stroke,50,3,2,L2,spike50,0.8262860880019898,0.17371391199801023,27
37,107,stroke,50,3,2,L2,syn_current,0.943064908535265,0.056935091464734966,27
37,107,stroke,50,3,2,L2,pre_reset,0.9467248180598148,0.05327518194018521,27
37,110,stroke,50,3,0,L1,spike50,0.5900759986185682,0.4099240013814318,12
37,110,stroke,50,3,0,L1,syn_current,0.928094759113269,0.071905240886731,14
37,110,stroke,50,3,0,L1,pre_reset,0.9117826828521822,0.08821731714781778,14
37,110,stroke,50,3,0,L2,spike50,0.38803413981284235,0.6119658601871576,12
37,110,stroke,50,3,0,L2,syn_current,0.5725926509328835,0.4274073490671165,12
37,110,stroke,50,3,0,L2,pre_reset,0.5466902051060193,0.4533097948939807,12
37,110,stroke,50,3,1,L1,spike50,0.848812584114411,0.15118741588558904,20
37,110,stroke,50,3,1,L1,syn_current,0.98282266615903,0.017177333840969977,20
37,110,stroke,50,3,1,L1,pre_reset,0.967235813351351,0.032764186648648996,20
37,110,stroke,50,3,1,L2,spike50,0.7733694279853485,0.22663057201465153,20
37,110,stroke,50,3,1,L2,syn_current,0.8757397746694899,0.12426022533051007,20
37,110,stroke,50,3,1,L2,pre_reset,0.8697243126252998,0.1302756873747002,20
37,111,stroke,50,3,0,L1,spike50,0.6809459944436574,0.31905400555634256,13
37,111,stroke,50,3,0,L1,syn_current,0.9373580084674729,0.06264199153252714,13
37,111,stroke,50,3,0,L1,pre_reset,0.9158458342273291,0.08415416577267087,13
37,111,stroke,50,3,0,L2,spike50,0.42188621466913023,0.5781137853308698,13
37,111,stroke,50,3,0,L2,syn_current,0.5365913245719964,0.46340867542800357,13
37,111,stroke,50,3,0,L2,pre_reset,0.5116351069039843,0.4883648930960157,13
37,111,stroke,50,3,1,L1,spike50,0.9357621603237013,0.0642378396762987,13
37,111,stroke,50,3,1,L1,syn_current,0.9908437018337612,0.009156298166238752,13
37,111,stroke,50,3,1,L1,pre_reset,0.9821429447853591,0.01785705521464087,13
37,111,stroke,50,3,1,L2,spike50,0.6408254936276706,0.3591745063723294,13
37,111,stroke,50,3,1,L2,syn_current,0.8228395781360932,0.1771604218639068,13
37,111,stroke,50,3,1,L2,pre_reset,0.8192485201411839,0.18075147985881612,13
37,111,stroke,50,3,2,L1,spike50,0.7843550958746496,0.21564490412535042,14
37,111,stroke,50,3,2,L1,syn_current,0.9506307512253074,0.04936924877469262,14
37,111,stroke,50,3,2,L1,pre_reset,0.9327857137781311,0.06721428622186887,14
37,111,stroke,50,3,2,L2,spike50,0.519210525746071,0.48078947425392904,14
37,111,stroke,50,3,2,L2,syn_current,0.7302429255585156,0.26975707444148445,14
37,111,stroke,50,3,2,L2,pre_reset,0.7165729496228552,0.2834270503771448,14
37,112,stroke,50,3,0,L1,spike50,1.0,0.0,13
37,112,stroke,50,3,0,L1,syn_current,1.0,0.0,13
37,112,stroke,50,3,0,L1,pre_reset,1.0,0.0,13
37,112,stroke,50,3,0,L2,spike50,1.0,0.0,13
37,112,stroke,50,3,0,L2,syn_current,1.0,0.0,13
37,112,stroke,50,3,0,L2,pre_reset,1.0,0.0,13
37,112,stroke,50,3,1,L1,spike50,0.9086047839244487,0.09139521607555134,13
37,112,stroke,50,3,1,L1,syn_current,0.9805749443418876,0.019425055658112367,13
37,112,stroke,50,3,1,L1,pre_reset,0.9659887089213993,0.03401129107860068,13
37,112,stroke,50,3,1,L2,spike50,0.624659126668125,0.37534087333187505,13
37,112,stroke,50,3,1,L2,syn_current,0.8598299508218832,0.14017004917811682,13
37,112,stroke,50,3,1,L2,pre_reset,0.8561144660482586,0.14388553395174142,13
37,112,stroke,50,3,2,L1,spike50,0.874118843453608,0.12588115654639198,11
37,112,stroke,50,3,2,L1,syn_current,0.9765212247198601,0.023478775280139863,11
37,112,stroke,50,3,2,L1,pre_reset,0.9619059881166081,0.0380940118833919,11
37,112,stroke,50,3,2,L2,spike50,0.6691239134310482,0.33087608656895184,11
37,112,stroke,50,3,2,L2,syn_current,0.8645719275650385,0.13542807243496147,11
37,112,stroke,50,3,2,L2,pre_reset,0.8646392648960166,0.1353607351039834,11
37,113,stroke,50,3,0,L1,spike50,0.6594944051179883,0.3405055948820117,11
37,113,stroke,50,3,0,L1,syn_current,0.9392442779680427,0.06075572203195734,12
37,113,stroke,50,3,0,L1,pre_reset,0.9204402127332477,0.07955978726675228,12
37,113,stroke,50,3,0,L2,spike50,0.3157155684616762,0.6842844315383239,11
37,113,stroke,50,3,0,L2,syn_current,0.5633572398256729,0.4366427601743271,11
37,113,stroke,50,3,0,L2,pre_reset,0.5311646014698329,0.4688353985301671,11
37,113,stroke,50,3,1,L1,spike50,0.8972423664011674,0.10275763359883261,27
37,113,stroke,50,3,1,L1,syn_current,0.9850827376936074,0.014917262306392565,27
37,113,stroke,50,3,1,L1,pre_reset,0.9725331504771423,0.027466849522857717,27
37,113,stroke,50,3,1,L2,spike50,0.7661726592991337,0.2338273407008663,27
37,113,stroke,50,3,1,L2,syn_current,0.8821351050599786,0.11786489494002139,27
37,113,stroke,50,3,1,L2,pre_reset,0.875701927680901,0.12429807231909895,27
37,114,stroke,50,3,0,L1,spike50,0.5937120562575593,0.4062879437424407,10
37,114,stroke,50,3,0,L1,syn_current,0.9256099096095715,0.07439009039042854,11
37,114,stroke,50,3,0,L1,pre_reset,0.9044838315075215,0.09551616849247846,11
37,114,stroke,50,3,0,L2,spike50,0.4842121273624488,0.5157878726375512,9
37,114,stroke,50,3,0,L2,syn_current,0.574103545664753,0.42589645433524703,10
37,114,stroke,50,3,0,L2,pre_reset,0.5552003756382987,0.4447996243617013,10
37,114,stroke,50,3,1,L1,spike50,0.835498691918142,0.16450130808185803,10
37,114,stroke,50,3,1,L1,syn_current,0.976336149388224,0.023663850611776005,10
37,114,stroke,50,3,1,L1,pre_reset,0.9586093660236343,0.041390633976365665,10
37,114,stroke,50,3,1,L2,spike50,0.7780467124213999,0.2219532875786001,10
37,114,stroke,50,3,1,L2,syn_current,0.9054914884489547,0.09450851155104534,10
37,114,stroke,50,3,1,L2,pre_reset,0.8894617719109824,0.11053822808901759,10
37,114,stroke,50,3,2,L1,spike50,0.9527988344268551,0.04720116557314491,12
37,114,stroke,50,3,2,L1,syn_current,0.993289300957734,0.006710699042265955,12
37,114,stroke,50,3,2,L1,pre_reset,0.9836383603566552,0.016361639643344805,12
37,114,stroke,50,3,2,L2,spike50,0.8033013120290984,0.19669868797090162,12
37,114,stroke,50,3,2,L2,syn_current,0.9624303288242179,0.03756967117578214,12
37,114,stroke,50,3,2,L2,pre_reset,0.9614933112670306,0.03850668873296936,12
37,115,stroke,50,3,0,L1,spike50,1.0,0.0,8
37,115,stroke,50,3,0,L1,syn_current,1.0,0.0,8
37,115,stroke,50,3,0,L1,pre_reset,1.0,0.0,8
37,115,stroke,50,3,0,L2,spike50,0.9999999999999999,1.1102230246251565e-16,7
37,115,stroke,50,3,0,L2,syn_current,0.9999999999999999,1.1102230246251565e-16,8
37,115,stroke,50,3,0,L2,pre_reset,1.0,0.0,8
37,115,stroke,50,3,1,L1,spike50,0.9097875721601062,0.0902124278398938,10
37,115,stroke,50,3,1,L1,syn_current,0.9849317257375108,0.015068274262489245,10
37,115,stroke,50,3,1,L1,pre_reset,0.97218378829833,0.027816211701670035,10
37,115,stroke,50,3,1,L2,spike50,0.5131454688427358,0.4868545311572642,10
37,115,stroke,50,3,1,L2,syn_current,0.6593018242385497,0.34069817576145034,10
37,115,stroke,50,3,1,L2,pre_reset,0.6054408310524797,0.3945591689475203,10
37,115,stroke,50,3,2,L1,spike50,0.9034563204203284,0.09654367957967158,21
37,115,stroke,50,3,2,L1,syn_current,0.9800618096531185,0.01993819034688149,21
37,115,stroke,50,3,2,L1,pre_reset,0.97113296703267,0.028867032967329953,21
37,115,stroke,50,3,2,L2,spike50,0.6337376978483752,0.3662623021516248,21
37,115,stroke,50,3,2,L2,syn_current,0.7442536507694383,0.2557463492305617,21
37,115,stroke,50,3,2,L2,pre_reset,0.7271328126367054,0.2728671873632946,21
37,116,stroke,50,3,0,L1,spike50,0.5164049442209445,0.4835950557790555,10
37,116,stroke,50,3,0,L1,syn_current,0.9012828066032579,0.09871719339674212,10
37,116,stroke,50,3,0,L1,pre_reset,0.8900200583160697,0.10997994168393033,10
37,116,stroke,50,3,0,L2,spike50,0.3584082858744263,0.6415917141255737,10
37,116,stroke,50,3,0,L2,syn_current,0.485554667793249,0.514445332206751,10
37,116,stroke,50,3,0,L2,pre_reset,0.48652933541774396,0.513470664582256,10
37,116,stroke,50,3,1,L1,spike50,0.8709146509897131,0.1290853490102869,19
37,116,stroke,50,3,1,L1,syn_current,0.9816574007210196,0.01834259927898041,19
37,116,stroke,50,3,1,L1,pre_reset,0.9704572930904343,0.02954270690956573,19
37,116,stroke,50,3,1,L2,spike50,0.7596564151075632,0.2403435848924368,19
37,116,stroke,50,3,1,L2,syn_current,0.870253279220848,0.12974672077915195,19
37,116,stroke,50,3,1,L2,pre_reset,0.8708701968306883,0.12912980316931166,19
37,119,stroke,50,3,0,L1,spike50,0.635063174040303,0.364936825959697,15
37,119,stroke,50,3,0,L1,syn_current,0.9147847484269321,0.08521525157306786,15
37,119,stroke,50,3,0,L1,pre_reset,0.8929750338554006,0.10702496614459944,15
37,119,stroke,50,3,0,L2,spike50,0.24124467766224234,0.7587553223377577,15
37,119,stroke,50,3,0,L2,syn_current,0.39061894181310913,0.6093810581868908,15
37,119,stroke,50,3,0,L2,pre_reset,0.3549581803654448,0.6450418196345552,15
37,119,stroke,50,3,1,L1,spike50,0.8727056244981464,0.12729437550185363,38
37,119,stroke,50,3,1,L1,syn_current,0.9851693406309564,0.014830659369043597,38
37,119,stroke,50,3,1,L1,pre_reset,0.9769740212094549,0.023025978790545132,38
37,119,stroke,50,3,1,L2,spike50,0.7297907121349895,0.27020928786501053,37
37,119,stroke,50,3,1,L2,syn_current,0.8181896945125869,0.18181030548741306,38
37,119,stroke,50,3,1,L2,pre_reset,0.8035652186140233,0.1964347813859767,38
37,120,stroke,50,3,0,L1,spike50,0.6491658695800141,0.3508341304199859,11
37,120,stroke,50,3,0,L1,syn_current,0.883501834641584,0.11649816535841595,11
37,120,stroke,50,3,0,L1,pre_reset,0.8502869251346428,0.14971307486535723,11
37,120,stroke,50,3,0,L2,spike50,0.4766993446701491,0.5233006553298509,11
37,120,stroke,50,3,0,L2,syn_current,0.6714833130758078,0.3285166869241922,11
37,120,stroke,50,3,0,L2,pre_reset,0.6474509577280391,0.35254904227196093,11
37,120,stroke,50,3,1,L1,spike50,0.8568333960299531,0.14316660397004688,10
37,120,stroke,50,3,1,L1,syn_current,0.9687807277637219,0.031219272236278073,10
37,120,stroke,50,3,1,L1,pre_reset,0.9541385493883301,0.04586145061166991,10
37,120,stroke,50,3,1,L2,spike50,0.6291373884482956,0.3708626115517044,10
37,120,stroke,50,3,1,L2,syn_current,0.8445715879421357,0.15542841205786428,10
37,120,stroke,50,3,1,L2,pre_reset,0.8236933133187133,0.17630668668128668,10
37,121,stroke,50,3,0,L1,spike50,0.7721435099427718,0.2278564900572282,12
37,121,stroke,50,3,0,L1,syn_current,0.9668164598102763,0.03318354018972369,12
37,121,stroke,50,3,0,L1,pre_reset,0.951919250083963,0.04808074991603695,12
37,121,stroke,50,3,0,L2,spike50,0.6023311799897749,0.3976688200102251,12
37,121,stroke,50,3,0,L2,syn_current,0.7745243336919655,0.2254756663080345,12
37,121,stroke,50,3,0,L2,pre_reset,0.762373158583125,0.23762684141687496,12
37,121,stroke,50,3,1,L1,spike50,0.9301020205843298,0.06989797941567022,44
37,121,stroke,50,3,1,L1,syn_current,0.9921475920693132,0.007852407930686756,44
37,121,stroke,50,3,1,L1,pre_reset,0.9829910151167571,0.017008984883242872,44
37,121,stroke,50,3,1,L2,spike50,0.7995126841495462,0.20048731585045376,44
37,121,stroke,50,3,1,L2,syn_current,0.8937754385109848,0.10622456148901516,44
37,121,stroke,50,3,1,L2,pre_reset,0.8938762789709394,0.10612372102906065,44
37,125,stroke,50,3,0,L1,spike50,0.6520617623982948,0.34793823760170517,12
37,125,stroke,50,3,0,L1,syn_current,0.8743354589232569,0.12566454107674307,16
37,125,stroke,50,3,0,L1,pre_reset,0.8441053423431671,0.15589465765683286,16
37,125,stroke,50,3,0,L2,spike50,0.3768240659719612,0.6231759340280387,11
37,125,stroke,50,3,0,L2,syn_current,0.3919509712231037,0.6080490287768963,12
37,125,stroke,50,3,0,L2,pre_reset,0.336060934239187,0.6639390657608131,12
37,125,stroke,50,3,1,L1,spike50,0.9075288781939261,0.09247112180607386,29
37,125,stroke,50,3,1,L1,syn_current,0.9807080646672276,0.019291935332772403,34
37,125,stroke,50,3,1,L1,pre_reset,0.9698487996323583,0.03015120036764174,34
37,125,stroke,50,3,1,L2,spike50,0.7407840927951664,0.25921590720483356,25
37,125,stroke,50,3,1,L2,syn_current,0.8030624149518198,0.19693758504818015,29
37,125,stroke,50,3,1,L2,pre_reset,0.8060330130464954,0.19396698695350456,29
37,126,stroke,50,3,0,L1,spike50,0.8060680177872714,0.19393198221272856,12
37,126,stroke,50,3,0,L1,syn_current,0.9289906323666921,0.0710093676333079,16
37,126,stroke,50,3,0,L1,pre_reset,0.896072285475874,0.10392771452412597,16
37,126,stroke,50,3,0,L2,spike50,0.6382356507627874,0.36176434923721257,11
37,126,stroke,50,3,0,L2,syn_current,0.7035697680795122,0.2964302319204878,12
37,126,stroke,50,3,0,L2,pre_reset,0.6916994673971605,0.3083005326028395,12
37,126,stroke,50,3,1,L1,spike50,0.7039932529131973,0.29600674708680275,13
37,126,stroke,50,3,1,L1,syn_current,0.9691922262768115,0.030807773723188547,13
37,126,stroke,50,3,1,L1,pre_reset,0.9557101373548172,0.044289862645182754,13
37,126,stroke,50,3,1,L2,spike50,0.6296338787832902,0.37036612121670975,12
37,126,stroke,50,3,1,L2,syn_current,0.7735920755379032,0.2264079244620968,13
37,126,stroke,50,3,1,L2,pre_reset,0.7481759328865754,0.25182406711342464,13
37,127,stroke,50,3,0,L1,spike50,1.0,0.0,22
37,127,stroke,50,3,0,L1,syn_current,1.0,0.0,25
37,127,stroke,50,3,0,L1,pre_reset,1.0,0.0,25
37,127,stroke,50,3,0,L2,spike50,1.0,0.0,22
37,127,stroke,50,3,0,L2,syn_current,1.0,0.0,22
37,127,stroke,50,3,0,L2,pre_reset,1.0,0.0,22
37,127,stroke,50,3,1,L1,spike50,0.9116151748557675,0.08838482514423252,8
37,127,stroke,50,3,1,L1,syn_current,0.9831485126264772,0.016851487373522822,8
37,127,stroke,50,3,1,L1,pre_reset,0.9690855161739886,0.030914483826011363,8
37,127,stroke,50,3,1,L2,spike50,0.7832290671070781,0.21677093289292193,8
37,127,stroke,50,3,1,L2,syn_current,0.8788248678072018,0.12117513219279819,8
37,127,stroke,50,3,1,L2,pre_reset,0.8605375115036101,0.13946248849638987,8
37,127,stroke,50,3,2,L1,spike50,0.8759507132813973,0.12404928671860271,8
37,127,stroke,50,3,2,L1,syn_current,0.9806492838853846,0.019350716114615363,8
37,127,stroke,50,3,2,L1,pre_reset,0.965262381138259,0.03473761886174098,8
37,127,stroke,50,3,2,L2,spike50,0.5087856215753179,0.4912143784246821,8
37,127,stroke,50,3,2,L2,syn_current,0.742003746421048,0.25799625357895195,8
37,127,stroke,50,3,2,L2,pre_reset,0.719890217675539,0.28010978232446104,8
37,128,stroke,50,3,0,L1,spike50,0.836094242595948,0.163905757404052,22
37,128,stroke,50,3,0,L1,syn_current,0.9835669213728842,0.01643307862711585,23
37,128,stroke,50,3,0,L1,pre_reset,0.9688830584414846,0.03111694155851541,23
37,128,stroke,50,3,0,L2,spike50,0.7180058426090937,0.2819941573909063,22
37,128,stroke,50,3,0,L2,syn_current,0.8449019717497908,0.15509802825020924,22
37,128,stroke,50,3,0,L2,pre_reset,0.8265084443633868,0.17349155563661323,22
37,128,stroke,50,3,1,L1,spike50,0.6838544705778908,0.31614552942210916,21
37,128,stroke,50,3,1,L1,syn_current,0.9572363994296533,0.04276360057034667,25
37,128,stroke,50,3,1,L1,pre_reset,0.944331051402097,0.055668948597902945,25
37,128,stroke,50,3,1,L2,spike50,0.5470953970392918,0.4529046029607082,17
37,128,stroke,50,3,1,L2,syn_current,0.8279227036766289,0.1720772963233711,21
37,128,stroke,50,3,1,L2,pre_reset,0.8077910456977483,0.1922089543022517,21
37,130,stroke,50,3,0,L1,spike50,0.6534581509505908,0.3465418490494092,10
37,130,stroke,50,3,0,L1,syn_current,0.9067256715486871,0.0932743284513129,22
37,130,stroke,50,3,0,L1,pre_reset,0.8838496591013443,0.11615034089865572,22
37,130,stroke,50,3,0,L2,spike50,0.2842906568619867,0.7157093431380133,6
37,130,stroke,50,3,0,L2,syn_current,0.20295724696415837,0.7970427530358416,10
37,130,stroke,50,3,0,L2,pre_reset,0.190547008368185,0.8094529916318149,10
37,130,stroke,50,3,1,L1,spike50,0.8947527540208455,0.10524724597915447,20
37,130,stroke,50,3,1,L1,syn_current,0.9704688218277908,0.029531178172209183,40
37,130,stroke,50,3,1,L1,pre_reset,0.9576648673053757,0.0423351326946243,40
37,130,stroke,50,3,1,L2,spike50,0.5951245996965512,0.4048754003034488,13
37,130,stroke,50,3,1,L2,syn_current,0.8697932236125856,0.1302067763874144,31
37,130,stroke,50,3,1,L2,pre_reset,0.8875594897283225,0.11244051027167745,31
37,131,stroke,50,3,0,L1,spike50,0.7434558281991874,0.25654417180081257,12
37,131,stroke,50,3,0,L1,syn_current,0.9543001803349563,0.04569981966504366,15
37,131,stroke,50,3,0,L1,pre_reset,0.9353876678942689,0.06461233210573114,15
37,131,stroke,50,3,0,L2,spike50,0.3696597098253161,0.630340290174684,11
37,131,stroke,50,3,0,L2,syn_current,0.6367348153858051,0.3632651846141949,12
37,131,stroke,50,3,0,L2,pre_reset,0.6255381724854704,0.3744618275145296,12
37,131,stroke,50,3,1,L1,spike50,0.903472042563401,0.09652795743659903,20
37,131,stroke,50,3,1,L1,syn_current,0.9560488653536352,0.0439511346463648,28
37,131,stroke,50,3,1,L1,pre_reset,0.9386133396257001,0.06138666037429985,28
37,131,stroke,50,3,1,L2,spike50,0.6353223908352332,0.36467760916476677,17
37,131,stroke,50,3,1,L2,syn_current,0.715817222270037,0.28418277772996303,20
37,131,stroke,50,3,1,L2,pre_reset,0.6924194669517691,0.30758053304823085,20
37,132,stroke,50,3,0,L1,spike50,0.7554035492115602,0.24459645078843983,10
37,132,stroke,50,3,0,L1,syn_current,0.9740053393558236,0.025994660644176437,15
37,132,stroke,50,3,0,L1,pre_reset,0.9602272813355085,0.0397727186644915,15
37,132,stroke,50,3,0,L2,spike50,0.46236748179251785,0.5376325182074821,10
37,132,stroke,50,3,0,L2,syn_current,0.8002548497691195,0.19974515023088046,10
37,132,stroke,50,3,0,L2,pre_reset,0.7717483114721015,0.22825168852789846,10
37,132,stroke,50,3,1,L1,spike50,,,0
37,132,stroke,50,3,1,L1,syn_current,0.9016568598985025,0.09834314010149747,13
37,132,stroke,50,3,1,L1,pre_reset,0.8731942902016656,0.1268057097983344,13
37,132,stroke,50,3,1,L2,spike50,,,0
37,132,stroke,50,3,1,L2,syn_current,,,0
37,132,stroke,50,3,1,L2,pre_reset,,,0
37,132,stroke,50,3,2,L1,spike50,0.75156274829111,0.24843725170888997,10
37,132,stroke,50,3,2,L1,syn_current,0.9920174416921375,0.007982558307862542,18
37,132,stroke,50,3,2,L1,pre_reset,0.9856306554796119,0.014369344520388072,18
37,132,stroke,50,3,2,L2,spike50,0.23068915393948694,0.769310846060513,1
37,132,stroke,50,3,2,L2,syn_current,0.6921130312776996,0.30788696872230037,11
37,132,stroke,50,3,2,L2,pre_reset,0.7357006822265614,0.2642993177734386,11
37,133,stroke,50,3,0,L1,spike50,1.0,0.0,13
37,133,stroke,50,3,0,L1,syn_current,1.0,0.0,18
37,133,stroke,50,3,0,L1,pre_reset,1.0,0.0,18
37,133,stroke,50,3,0,L2,spike50,1.0,0.0,10
37,133,stroke,50,3,0,L2,syn_current,1.0,0.0,13
37,133,stroke,50,3,0,L2,pre_reset,1.0,0.0,13
37,133,stroke,50,3,1,L1,spike50,0.8412797637472038,0.1587202362527962,18
37,133,stroke,50,3,1,L1,syn_current,0.9650762968239809,0.034923703176019116,18
37,133,stroke,50,3,1,L1,pre_reset,0.9423592253065125,0.057640774693487495,18
37,133,stroke,50,3,1,L2,spike50,0.392759040292699,0.607240959707301,18
37,133,stroke,50,3,1,L2,syn_current,0.5806418774870639,0.41935812251293614,18
37,133,stroke,50,3,1,L2,pre_reset,0.5693555508926944,0.4306444491073056,18
37,133,stroke,50,3,2,L1,spike50,0.8218597282405482,0.1781402717594518,11
37,133,stroke,50,3,2,L1,syn_current,0.987501313214711,0.012498686785288982,11
37,133,stroke,50,3,2,L1,pre_reset,0.9745521581454287,0.025447841854571274,11
37,133,stroke,50,3,2,L2,spike50,0.4673767694849029,0.5326232305150971,11
37,133,stroke,50,3,2,L2,syn_current,0.7210651462994329,0.27893485370056714,11
37,133,stroke,50,3,2,L2,pre_reset,0.7537997431173765,0.24620025688262348,11
37,134,stroke,50,3,0,L1,spike50,0.7660204277117585,0.2339795722882415,15
37,134,stroke,50,3,0,L1,syn_current,0.9478435537103985,0.05215644628960148,18
37,134,stroke,50,3,0,L1,pre_reset,0.9261849998915671,0.0738150001084329,18
37,134,stroke,50,3,0,L2,spike50,0.31639075457772625,0.6836092454222737,14
37,134,stroke,50,3,0,L2,syn_current,0.6775793390833093,0.32242066091669075,15
37,134,stroke,50,3,0,L2,pre_reset,0.6676137302374813,0.3323862697625187,15
37,134,stroke,50,3,1,L1,spike50,0.7968575157665049,0.20314248423349512,26
37,134,stroke,50,3,1,L1,syn_current,0.9668943689432262,0.03310563105677378,30
37,134,stroke,50,3,1,L1,pre_reset,0.9534218564915599,0.04657814350844014,30
37,134,stroke,50,3,1,L2,spike50,0.7294504592943913,0.27054954070560866,22
37,134,stroke,50,3,1,L2,syn_current,0.818308335599417,0.18169166440058304,26
37,134,stroke,50,3,1,L2,pre_reset,0.7900921067713027,0.2099078932286973,26
37,136,stroke,50,3,0,L1,spike50,0.8510895958809378,0.1489104041190622,34
37,136,stroke,50,3,0,L1,syn_current,0.9855874742751178,0.014412525724882164,36
37,136,stroke,50,3,0,L1,pre_reset,0.9763974268925375,0.0236025731074625,36
37,136,stroke,50,3,0,L2,spike50,0.6265515570932437,0.3734484429067563,28
37,136,stroke,50,3,0,L2,syn_current,0.8033438652760571,0.19665613472394294,34
37,136,stroke,50,3,0,L2,pre_reset,0.796054865805154,0.20394513419484595,34
37,136,stroke,50,3,1,L1,spike50,0.7840261913406339,0.2159738086593661,19
37,136,stroke,50,3,1,L1,syn_current,0.9458421770855368,0.05415782291446325,25
37,136,stroke,50,3,1,L1,pre_reset,0.9344793245942208,0.06552067540577922,25
37,136,stroke,50,3,1,L2,spike50,0.4648864981771969,0.535113501822803,17
37,136,stroke,50,3,1,L2,syn_current,0.7210776076623479,0.27892239233765215,19
37,136,stroke,50,3,1,L2,pre_reset,0.6953199322958732,0.3046800677041268,19
37,138,stroke,50,3,0,L1,spike50,0.7589304037672683,0.24106959623273172,15
37,138,stroke,50,3,0,L1,syn_current,0.9512751029804183,0.048724897019581714,15
37,138,stroke,50,3,0,L1,pre_reset,0.9317793916696343,0.0682206083303657,15
37,138,stroke,50,3,0,L2,spike50,0.617460257454752,0.38253974254524803,14
37,138,stroke,50,3,0,L2,syn_current,0.7644392126516664,0.23556078734833363,15
37,138,stroke,50,3,0,L2,pre_reset,0.764254878831769,0.235745121168231,15
37,138,stroke,50,3,1,L1,spike50,0.8407517498722311,0.1592482501277689,24
37,138,stroke,50,3,1,L1,syn_current,0.9759435901905726,0.02405640980942736,25
37,138,stroke,50,3,1,L1,pre_reset,0.9638635663259678,0.03613643367403219,25
37,138,stroke,50,3,1,L2,spike50,0.52396676531119,0.47603323468881,23
37,138,stroke,50,3,1,L2,syn_current,0.6848698874411352,0.3151301125588648,24
37,138,stroke,50,3,1,L2,pre_reset,0.676154746210934,0.32384525378906603,24
37,139,stroke,50,3,0,L1,spike50,0.8225683491726897,0.17743165082731027,23
37,139,stroke,50,3,0,L1,syn_current,0.9272741916538825,0.07272580834611753,28
37,139,stroke,50,3,0,L1,pre_reset,0.9137689190408125,0.08623108095918752,28
37,139,stroke,50,3,0,L2,spike50,0.3981192771721966,0.6018807228278034,22
37,139,stroke,50,3,0,L2,syn_current,0.44087653445164954,0.5591234655483505,23
37,139,stroke,50,3,0,L2,pre_reset,0.3853952377726852,0.6146047622273147,23
37,139,stroke,50,3,1,L1,spike50,0.6709392795006088,0.32906072049939117,5
37,139,stroke,50,3,1,L1,syn_current,0.8713658103440968,0.12863418965590323,9
37,139,stroke,50,3,1,L1,pre_reset,0.8364531763927121,0.1635468236072879,9
37,139,stroke,50,3,1,L2,spike50,0.14766427058473655,0.8523357294152635,3
37,139,stroke,50,3,1,L2,syn_current,0.3457057659121692,0.6542942340878308,5
37,139,stroke,50,3,1,L2,pre_reset,0.2302010075842948,0.7697989924157052,5
37,139,stroke,50,3,2,L1,spike50,0.9243364091686577,0.07566359083134233,13
37,139,stroke,50,3,2,L1,syn_current,0.9951811953536271,0.004818804646372854,13
37,139,stroke,50,3,2,L1,pre_reset,0.9867320980569179,0.013267901943082139,13
37,139,stroke,50,3,2,L2,spike50,0.816584766425778,0.18341523357422196,13
37,139,stroke,50,3,2,L2,syn_current,0.9139574091082248,0.08604259089177524,13
37,139,stroke,50,3,2,L2,pre_reset,0.9075409446510295,0.09245905534897048,13
37,140,stroke,50,3,0,L1,spike50,1.0,0.0,14
37,140,stroke,50,3,0,L1,syn_current,1.0,0.0,15
37,140,stroke,50,3,0,L1,pre_reset,1.0,0.0,15
37,140,stroke,50,3,0,L2,spike50,1.0,0.0,13
37,140,stroke,50,3,0,L2,syn_current,1.0000000000000002,-2.220446049250313e-16,14
37,140,stroke,50,3,0,L2,pre_reset,1.0,0.0,14
37,140,stroke,50,3,1,L1,spike50,0.9538104436484849,0.046189556351515115,14
37,140,stroke,50,3,1,L1,syn_current,0.9921641926326074,0.007835807367392644,14
37,140,stroke,50,3,1,L1,pre_reset,0.9829014632754584,0.017098536724541646,14
37,140,stroke,50,3,1,L2,spike50,0.8067295657763826,0.19327043422361745,14
37,140,stroke,50,3,1,L2,syn_current,0.8826504931023486,0.11734950689765145,14
37,140,stroke,50,3,1,L2,pre_reset,0.8748995710587835,0.12510042894121653,14
37,140,stroke,50,3,2,L1,spike50,0.8835306800146592,0.11646931998534082,19
37,140,stroke,50,3,2,L1,syn_current,0.9765459990198824,0.02345400098011763,19
37,140,stroke,50,3,2,L1,pre_reset,0.9660385991996959,0.033961400800304076,19
37,140,stroke,50,3,2,L2,spike50,0.3939588851174745,0.6060411148825255,19
37,140,stroke,50,3,2,L2,syn_current,0.4681831708047915,0.5318168291952086,19
37,140,stroke,50,3,2,L2,pre_reset,0.4278145676750884,0.5721854323249116,19
37,141,stroke,50,3,0,L1,spike50,0.7231451217198762,0.2768548782801238,12
37,141,stroke,50,3,0,L1,syn_current,0.9299710259191103,0.0700289740808897,16
37,141,stroke,50,3,0,L1,pre_reset,0.9113161239862191,0.08868387601378092,16
37,141,stroke,50,3,0,L2,spike50,0.21440981995726371,0.7855901800427363,13
37,141,stroke,50,3,0,L2,syn_current,0.48508764043314867,0.5149123595668513,13
37,141,stroke,50,3,0,L2,pre_reset,0.4516686520783004,0.5483313479216996,13
37,141,stroke,50,3,1,L1,spike50,0.949351136169474,0.050648863830526025,36
37,141,stroke,50,3,1,L1,syn_current,0.9841057716971041,0.015894228302895885,42
37,141,stroke,50,3,1,L1,pre_reset,0.972928301131837,0.027071698868162963,42
37,141,stroke,50,3,1,L2,spike50,0.826923333488075,0.173076666511925,33
37,141,stroke,50,3,1,L2,syn_current,0.8938570370012315,0.10614296299876846,36
37,141,stroke,50,3,1,L2,pre_reset,0.8948872851857931,0.10511271481420692,36
37,143,stroke,50,3,0,L1,spike50,0.8157469265791067,0.18425307342089325,15
37,143,stroke,50,3,0,L1,syn_current,0.9608686704756377,0.03913132952436227,18
37,143,stroke,50,3,0,L1,pre_reset,0.938519806451795,0.061480193548205,18
37,143,stroke,50,3,0,L2,spike50,0.6096697541209417,0.3903302458790583,14
37,143,stroke,50,3,0,L2,syn_current,0.8692571420718473,0.13074285792815266,15
37,143,stroke,50,3,0,L2,pre_reset,0.8528613175738721,0.14713868242612793,15
37,143,stroke,50,3,1,L1,spike50,0.8255352676009472,0.1744647323990528,13
37,143,stroke,50,3,1,L1,syn_current,0.9440770570109813,0.055922942989018676,18
37,143,stroke,50,3,1,L1,pre_reset,0.9210742329353914,0.07892576706460863,18
37,143,stroke,50,3,1,L2,spike50,0.5025490060987964,0.4974509939012036,11
37,143,stroke,50,3,1,L2,syn_current,0.6810833944583907,0.3189166055416093,13
37,143,stroke,50,3,1,L2,pre_reset,0.653601019502934,0.34639898049706597,13
37,143,stroke,50,3,2,L1,spike50,0.9427552395515725,0.05724476044842752,12
37,143,stroke,50,3,2,L1,syn_current,0.9953146248966962,0.004685375103303802,12
37,143,stroke,50,3,2,L1,pre_reset,0.9871382781419594,0.012861721858040576,12
37,143,stroke,50,3,2,L2,spike50,0.8370875468994591,0.16291245310054092,12
37,143,stroke,50,3,2,L2,syn_current,0.9050387014760446,0.0949612985239554,12
37,143,stroke,50,3,2,L2,pre_reset,0.8995999339554569,0.1004000660445431,12
37,144,stroke,50,3,0,L1,spike50,0.8257762647233774,0.1742237352766226,15
37,144,stroke,50,3,0,L1,syn_current,0.9588247606464851,0.04117523935351486,17
37,144,stroke,50,3,0,L1,pre_reset,0.934375579844851,0.06562442015514902,17
37,144,stroke,50,3,0,L2,spike50,0.5526617272036595,0.44733827279634053,15
37,144,stroke,50,3,0,L2,syn_current,0.7489562568964274,0.2510437431035726,15
37,144,stroke,50,3,0,L2,pre_reset,0.7113821795596417,0.28861782044035833,15
37,144,stroke,50,3,1,L1,spike50,0.8549393032524658,0.1450606967475342,27
37,144,stroke,50,3,1,L1,syn_current,0.9783845914991586,0.021615408500841427,29
37,144,stroke,50,3,1,L1,pre_reset,0.9636838230873719,0.03631617691262812,29
37,144,stroke,50,3,1,L2,spike50,0.6997559823139472,0.3002440176860528,26
37,144,stroke,50,3,1,L2,syn_current,0.8153868240928205,0.18461317590717952,27
37,144,stroke,50,3,1,L2,pre_reset,0.8049392098785232,0.1950607901214768,27
37,145,stroke,50,3,0,L1,spike50,0.7071204736225976,0.29287952637740244,10
37,145,stroke,50,3,0,L1,syn_current,0.8917022470269056,0.10829775297309441,16
37,145,stroke,50,3,0,L1,pre_reset,0.8722949191176771,0.1277050808823229,16
37,145,stroke,50,3,0,L2,spike50,0.3084191479943328,0.6915808520056672,2
37,145,stroke,50,3,0,L2,syn_current,0.16583773549996622,0.8341622645000337,10
37,145,stroke,50,3,0,L2,pre_reset,0.1335796536055717,0.8664203463944283,10
37,145,stroke,50,3,1,L1,spike50,0.9166039258234836,0.0833960741765164,19
37,145,stroke,50,3,1,L1,syn_current,0.9264348245339971,0.07356517546600294,37
37,145,stroke,50,3,1,L1,pre_reset,0.9031111844517618,0.09688881554823825,37
37,145,stroke,50,3,1,L2,spike50,0.7743072021895454,0.2256927978104546,16
37,145,stroke,50,3,1,L2,syn_current,0.8532616136315413,0.1467383863684587,19
37,145,stroke,50,3,1,L2,pre_reset,0.8234530904155679,0.1765469095844321,19
