seed,sample_index,scale,gap_ms,gap_steps,stroke_index,layer,state,corr_mean,context_sensitivity,count
37,1,stroke,100,6,0,L1,spike50,0.7426319024556156,0.2573680975443844,16
37,1,stroke,100,6,0,L1,syn_current,0.9405248417363092,0.059475158263690764,16
37,1,stroke,100,6,0,L1,pre_reset,0.9250271899406772,0.07497281005932277,16
37,1,stroke,100,6,0,L2,spike50,0.3808629301154925,0.6191370698845076,15
37,1,stroke,100,6,0,L2,syn_current,0.600910355755155,0.39908964424484505,16
37,1,stroke,100,6,0,L2,pre_reset,0.5539242064939013,0.4460757935060987,16
37,1,stroke,100,6,1,L1,spike50,0.9070055893349965,0.09299441066500347,47
37,1,stroke,100,6,1,L1,syn_current,0.9790833367247912,0.020916663275208802,48
37,1,stroke,100,6,1,L1,pre_reset,0.9690482698056821,0.03095173019431785,48
37,1,stroke,100,6,1,L2,spike50,0.7739567538484032,0.22604324615159677,47
37,1,stroke,100,6,1,L2,syn_current,0.8679284063302835,0.13207159366971655,47
37,1,stroke,100,6,1,L2,pre_reset,0.8626478879466558,0.1373521120533442,47
37,2,stroke,100,6,0,L1,spike50,0.8402252332689704,0.15977476673102964,13
37,2,stroke,100,6,0,L1,syn_current,0.951861622628998,0.04813837737100202,15
37,2,stroke,100,6,0,L1,pre_reset,0.9397156154230658,0.06028438457693419,15
37,2,stroke,100,6,0,L2,spike50,0.7459581393999783,0.25404186060002165,13
37,2,stroke,100,6,0,L2,syn_current,0.8955053037052243,0.1044946962947757,13
37,2,stroke,100,6,0,L2,pre_reset,0.8741117668024254,0.12588823319757458,13
37,2,stroke,100,6,1,L1,spike50,0.7431035975552968,0.25689640244470324,14
37,2,stroke,100,6,1,L1,syn_current,0.9390003226206746,0.060999677379325434,14
37,2,stroke,100,6,1,L1,pre_reset,0.9216799609590733,0.07832003904092666,14
37,2,stroke,100,6,1,L2,spike50,0.666721427376887,0.333278572623113,12
37,2,stroke,100,6,1,L2,syn_current,0.7370807556199983,0.2629192443800017,14
37,2,stroke,100,6,1,L2,pre_reset,0.7290387111377518,0.27096128886224824,14
37,3,stroke,100,6,0,L1,spike50,0.8072464699761633,0.19275353002383666,7
37,3,stroke,100,6,0,L1,syn_current,0.8954016182398489,0.10459838176015113,17
37,3,stroke,100,6,0,L1,pre_reset,0.8719085863027347,0.1280914136972653,17
37,3,stroke,100,6,0,L2,spike50,0.42957482199582014,0.5704251780041798,5
37,3,stroke,100,6,0,L2,syn_current,0.4607526841729482,0.5392473158270519,7
37,3,stroke,100,6,0,L2,pre_reset,0.40470855039011217,0.5952914496098878,7
37,3,stroke,100,6,1,L1,spike50,0.9306114807821262,0.06938851921787381,27
37,3,stroke,100,6,1,L1,syn_current,0.9687365963302296,0.03126340366977043,34
37,3,stroke,100,6,1,L1,pre_reset,0.9514901364459443,0.04850986355405573,34
37,3,stroke,100,6,1,L2,spike50,0.7898937768837045,0.21010622311629545,27
37,3,stroke,100,6,1,L2,syn_current,0.9114309467454446,0.08856905325455544,27
37,3,stroke,100,6,1,L2,pre_reset,0.9014646366199159,0.09853536338008406,27
37,3,stroke,100,6,2,L1,spike50,0.8946421782294389,0.10535782177056108,16
37,3,stroke,100,6,2,L1,syn_current,0.9832358473371572,0.016764152662842813,16
37,3,stroke,100,6,2,L1,pre_reset,0.9763715482522313,0.02362845174776873,16
37,3,stroke,100,6,2,L2,spike50,0.6274914962766349,0.3725085037233651,16
37,3,stroke,100,6,2,L2,syn_current,0.7639686667673037,0.23603133323269632,16
37,3,stroke,100,6,2,L2,pre_reset,0.7717707301828465,0.22822926981715352,16
37,4,stroke,100,6,0,L1,spike50,0.8943405136032634,0.10565948639673661,32
37,4,stroke,100,6,0,L1,syn_current,0.9620996492776928,0.03790035072230724,39
37,4,stroke,100,6,0,L1,pre_reset,0.9462007841551124,0.05379921584488756,39
37,4,stroke,100,6,0,L2,spike50,0.6702442493239351,0.3297557506760649,31
37,4,stroke,100,6,0,L2,syn_current,0.7832184743619163,0.21678152563808373,32
37,4,stroke,100,6,0,L2,pre_reset,0.7662628571972088,0.23373714280279123,32
37,4,stroke,100,6,1,L1,spike50,0.9123111017139837,0.08768889828601634,34
37,4,stroke,100,6,1,L1,syn_current,0.9854266398143472,0.014573360185652806,36
37,4,stroke,100,6,1,L1,pre_reset,0.9776952400140577,0.02230475998594228,36
37,4,stroke,100,6,1,L2,spike50,0.8626204434442987,0.13737955655570133,32
37,4,stroke,100,6,1,L2,syn_current,0.8927516795132021,0.10724832048679789,34
37,4,stroke,100,6,1,L2,pre_reset,0.8775768149655243,0.12242318503447569,34
37,6,stroke,100,6,0,L1,spike50,0.8565749047171616,0.14342509528283842,13
37,6,stroke,100,6,0,L1,syn_current,0.9788991770886313,0.021100822911368722,14
37,6,stroke,100,6,0,L1,pre_reset,0.963506937814272,0.03649306218572801,14
37,6,stroke,100,6,0,L2,spike50,0.7564009939135169,0.2435990060864831,13
37,6,stroke,100,6,0,L2,syn_current,0.9128030452347302,0.08719695476526979,13
37,6,stroke,100,6,0,L2,pre_reset,0.9022957079583684,0.09770429204163156,13
37,6,stroke,100,6,1,L1,spike50,0.7570244487215472,0.24297555127845283,20
37,6,stroke,100,6,1,L1,syn_current,0.9523071971382464,0.04769280286175359,22
37,6,stroke,100,6,1,L1,pre_reset,0.9286010664044557,0.07139893359554428,22
37,6,stroke,100,6,1,L2,spike50,0.5031398281496408,0.49686017185035924,19
37,6,stroke,100,6,1,L2,syn_current,0.8216543394220629,0.1783456605779371,20
37,6,stroke,100,6,1,L2,pre_reset,0.7902652261700496,0.20973477382995043,20
37,6,stroke,100,6,2,L1,spike50,0.9086722355762152,0.09132776442378476,19
37,6,stroke,100,6,2,L1,syn_current,0.9887485252211753,0.01125147477882471,19
37,6,stroke,100,6,2,L1,pre_reset,0.9799176072349172,0.020082392765082835,19
37,6,stroke,100,6,2,L2,spike50,0.7116669078542827,0.28833309214571734,19
37,6,stroke,100,6,2,L2,syn_current,0.8673708107975149,0.13262918920248512,19
37,6,stroke,100,6,2,L2,pre_reset,0.8626124122112372,0.1373875877887628,19
37,7,stroke,100,6,0,L1,spike50,0.8122666946596859,0.18773330534031407,18
37,7,stroke,100,6,0,L1,syn_current,0.965194436211771,0.034805563788228966,19
37,7,stroke,100,6,0,L1,pre_reset,0.9552801371888017,0.04471986281119833,19
37,7,stroke,100,6,0,L2,spike50,0.33738121643388963,0.6626187835661104,18
37,7,stroke,100,6,0,L2,syn_current,0.5280844508831719,0.4719155491168281,18
37,7,stroke,100,6,0,L2,pre_reset,0.4793744620174645,0.5206255379825355,18
37,7,stroke,100,6,1,L1,spike50,0.9302721612267385,0.0697278387732615,32
37,7,stroke,100,6,1,L1,syn_current,0.9759843463744189,0.024015653625581113,37
37,7,stroke,100,6,1,L1,pre_reset,0.9635304329371808,0.03646956706281923,37
37,7,stroke,100,6,1,L2,spike50,0.7597814532151497,0.24021854678485033,32
37,7,stroke,100,6,1,L2,syn_current,0.9025846018795037,0.09741539812049627,32
37,7,stroke,100,6,1,L2,pre_reset,0.8797803815996548,0.12021961840034523,32
37,8,stroke,100,6,0,L1,spike50,0.8310624315225561,0.1689375684774439,13
37,8,stroke,100,6,0,L1,syn_current,0.9461220239521523,0.05387797604784772,16
37,8,stroke,100,6,0,L1,pre_reset,0.9324942969029741,0.06750570309702586,16
37,8,stroke,100,6,0,L2,spike50,0.5700495039223709,0.42995049607762914,13
37,8,stroke,100,6,0,L2,syn_current,0.7723946530479504,0.2276053469520496,13
37,8,stroke,100,6,0,L2,pre_reset,0.7445118586151556,0.25548814138484444,13
37,8,stroke,100,6,1,L1,spike50,0.9000349443189037,0.09996505568109626,9
37,8,stroke,100,6,1,L1,syn_current,0.8709081771791466,0.1290918228208534,15
37,8,stroke,100,6,1,L1,pre_reset,0.8389572499725347,0.16104275002746526,15
37,8,stroke,100,6,1,L2,spike50,0.5167770634375469,0.4832229365624531,9
37,8,stroke,100,6,1,L2,syn_current,0.8411577187384843,0.15884228126151567,9
37,8,stroke,100,6,1,L2,pre_reset,0.8139850323003812,0.18601496769961878,9
37,8,stroke,100,6,2,L1,spike50,0.9647209441043058,0.035279055895694245,25
37,8,stroke,100,6,2,L1,syn_current,0.9985084454370673,0.0014915545629327065,25
37,8,stroke,100,6,2,L1,pre_reset,0.9930649026528343,0.006935097347165686,25
37,8,stroke,100,6,2,L2,spike50,0.8980026681039949,0.10199733189600513,25
37,8,stroke,100,6,2,L2,syn_current,0.9671578132153908,0.03284218678460915,25
37,8,stroke,100,6,2,L2,pre_reset,0.9621734958689554,0.0378265041310446,25
37,9,stroke,100,6,0,L1,spike50,1.0,0.0,17
37,9,stroke,100,6,0,L1,syn_current,1.0,0.0,18
37,9,stroke,100,6,0,L1,pre_reset,1.0,0.0,18
37,9,stroke,100,6,0,L2,spike50,1.0,0.0,16
37,9,stroke,100,6,0,L2,syn_current,1.0,0.0,17
37,9,stroke,100,6,0,L2,pre_reset,1.0,0.0,17
37,9,stroke,100,6,1,L1,spike50,0.9084660093195699,0.09153399068043011,23
37,9,stroke,100,6,1,L1,syn_current,0.9811594343932538,0.018840565606746185,23
37,9,stroke,100,6,1,L1,pre_reset,0.9691476500295373,0.03085234997046271,23
37,9,stroke,100,6,1,L2,spike50,0.7461609281732428,0.25383907182675725,23
37,9,stroke,100,6,1,L2,syn_current,0.8465435307454083,0.15345646925459167,23
37,9,stroke,100,6,1,L2,pre_reset,0.8336408840996448,0.16635911590035524,23
37,9,stroke,100,6,2,L1,spike50,0.757691163327257,0.24230883667274306,14
37,9,stroke,100,6,2,L1,syn_current,0.9379113724400133,0.062088627559986675,14
37,9,stroke,100,6,2,L1,pre_reset,0.920062516080449,0.07993748391955102,14
37,9,stroke,100,6,2,L2,spike50,0.042806137023817935,0.957193862976182,14
37,9,stroke,100,6,2,L2,syn_current,0.07188450408321835,0.9281154959167817,14
37,9,stroke,100,6,2,L2,pre_reset,0.05398462762613247,0.9460153723738676,14
37,10,stroke,100,6,0,L1,spike50,0.797453828614579,0.20254617138542097,21
37,10,stroke,100,6,0,L1,syn_current,0.9809613692792503,0.01903863072074974,21
37,10,stroke,100,6,0,L1,pre_reset,0.9726212311202671,0.027378768879732895,21
37,10,stroke,100,6,0,L2,spike50,0.6182264658418853,0.38177353415811466,20
37,10,stroke,100,6,0,L2,syn_current,0.7397693435572572,0.2602306564427428,21
37,10,stroke,100,6,0,L2,pre_reset,0.711217710016013,0.28878228998398703,21
37,10,stroke,100,6,1,L1,spike50,0.897755844816876,0.10224415518312402,48
37,10,stroke,100,6,1,L1,syn_current,0.9858195785327092,0.014180421467290816,49
37,10,stroke,100,6,1,L1,pre_reset,0.9737917945293618,0.02620820547063818,49
37,10,stroke,100,6,1,L2,spike50,0.7323338769027005,0.26766612309729954,48
37,10,stroke,100,6,1,L2,syn_current,0.8297293426622283,0.1702706573377717,48
37,10,stroke,100,6,1,L2,pre_reset,0.8063564688033562,0.1936435311966438,48
37,11,stroke,100,6,0,L1,spike50,0.8722914533628267,0.12770854663717335,21
37,11,stroke,100,6,0,L1,syn_current,0.9837621604456838,0.016237839554316236,21
37,11,stroke,100,6,0,L1,pre_reset,0.9728982589385108,0.027101741061489215,21
37,11,stroke,100,6,0,L2,spike50,0.8033661642900511,0.19663383570994886,21
37,11,stroke,100,6,0,L2,syn_current,0.9086287001091558,0.09137129989084425,21
37,11,stroke,100,6,0,L2,pre_reset,0.8953914717032709,0.10460852829672906,21
37,11,stroke,100,6,1,L1,spike50,0.7941647700472345,0.20583522995276549,13
37,11,stroke,100,6,1,L1,syn_current,0.9701784716972818,0.029821528302718225,15
37,11,stroke,100,6,1,L1,pre_reset,0.9564793021333838,0.043520697866616165,15
37,11,stroke,100,6,1,L2,spike50,0.6134908168865477,0.3865091831134523,11
37,11,stroke,100,6,1,L2,syn_current,0.7357310429754264,0.26426895702457365,13
37,11,stroke,100,6,1,L2,pre_reset,0.676748341998709,0.32325165800129096,13
37,12,stroke,100,6,0,L1,spike50,0.7630994653333415,0.2369005346666585,37
37,12,stroke,100,6,0,L1,syn_current,0.96020656032225,0.03979343967774995,41
37,12,stroke,100,6,0,L1,pre_reset,0.9490319277269073,0.050968072273092746,41
37,12,stroke,100,6,0,L2,spike50,0.5150678809204979,0.48493211907950207,33
37,12,stroke,100,6,0,L2,syn_current,0.5840959007392248,0.4159040992607752,37
37,12,stroke,100,6,0,L2,pre_reset,0.5566712036431806,0.44332879635681943,37
37,12,stroke,100,6,1,L1,spike50,0.8684119362854934,0.1315880637145066,39
37,12,stroke,100,6,1,L1,syn_current,0.9837378626281472,0.01626213737185278,39
37,12,stroke,100,6,1,L1,pre_reset,0.9745740481620325,0.025425951837967475,39
37,12,stroke,100,6,1,L2,spike50,0.8096780152423637,0.1903219847576363,38
37,12,stroke,100,6,1,L2,syn_current,0.8846575516248689,0.11534244837513108,39
37,12,stroke,100,6,1,L2,pre_reset,0.8665015116856473,0.13349848831435274,39
37,13,stroke,100,6,0,L1,spike50,1.0,0.0,16
37,13,stroke,100,6,0,L1,syn_current,1.0,0.0,17
37,13,stroke,100,6,0,L1,pre_reset,1.0,0.0,17
37,13,stroke,100,6,0,L2,spike50,1.0,0.0,16
37,13,stroke,100,6,0,L2,syn_current,1.0,0.0,16
37,13,stroke,100,6,0,L2,pre_reset,1.0,0.0,16
37,13,stroke,100,6,1,L1,spike50,0.8946319472563006,0.10536805274369943,15
37,13,stroke,100,6,1,L1,syn_current,0.9687732594268029,0.031226740573197076,15
37,13,stroke,100,6,1,L1,pre_reset,0.9522913596447068,0.04770864035529321,15
37,13,stroke,100,6,1,L2,spike50,0.6251121193522867,0.3748878806477133,15
37,13,stroke,100,6,1,L2,syn_current,0.7378187940112312,0.2621812059887688,15
37,13,stroke,100,6,1,L2,pre_reset,0.6965251917982005,0.3034748082017995,15
37,13,stroke,100,6,2,L1,spike50,0.8986607372398215,0.10133926276017846,25
37,13,stroke,100,6,2,L1,syn_current,0.9833719522384676,0.016628047761532372,25
37,13,stroke,100,6,2,L1,pre_reset,0.9714372324427712,0.028562767557228752,25
37,13,stroke,100,6,2,L2,spike50,0.5855170960524202,0.4144829039475798,25
37,13,stroke,100,6,2,L2,syn_current,0.7369159649565324,0.26308403504346756,25
37,13,stroke,100,6,2,L2,pre_reset,0.731131385463066,0.268868614536934,25
37,14,stroke,100,6,0,L1,spike50,0.8127926152393901,0.18720738476060994,14
37,14,stroke,100,6,0,L1,syn_current,0.9782762111813407,0.02172378881865933,14
37,14,stroke,100,6,0,L1,pre_reset,0.962414304741287,0.037585695258713026,14
37,14,stroke,100,6,0,L2,spike50,0.686082456112356,0.31391754388764403,13
37,14,stroke,100,6,0,L2,syn_current,0.8093635968754912,0.1906364031245088,14
37,14,stroke,100,6,0,L2,pre_reset,0.7912187547989752,0.2087812452010248,14
37,14,stroke,100,6,1,L1,spike50,0.9780569365531502,0.02194306344684982,37
37,14,stroke,100,6,1,L1,syn_current,0.9996453654576068,0.00035463454239315073,37
37,14,stroke,100,6,1,L1,pre_reset,0.9955173191194786,0.004482680880521395,37
37,14,stroke,100,6,1,L2,spike50,0.9423891117127091,0.057610888287290885,37
37,14,stroke,100,6,1,L2,syn_current,0.9838819462731025,0.016118053726897452,37
37,14,stroke,100,6,1,L2,pre_reset,0.9848896704070025,0.015110329592997518,37
37,14,stroke,100,6,2,L1,spike50,0.5820377592089461,0.41796224079105393,14
37,14,stroke,100,6,2,L1,syn_current,0.8979425315737918,0.10205746842620822,14
37,14,stroke,100,6,2,L1,pre_reset,0.8816304829683723,0.11836951703162768,14
37,14,stroke,100,6,2,L2,spike50,0.1793821422683767,0.8206178577316233,13
37,14,stroke,100,6,2,L2,syn_current,0.3157947018356087,0.6842052981643914,14
37,14,stroke,100,6,2,L2,pre_reset,0.2845456299959649,0.7154543700040351,14
37,15,stroke,100,6,0,L1,spike50,0.7130504503828516,0.28694954961714836,19
37,15,stroke,100,6,0,L1,syn_current,0.9473326248821596,0.052667375117840365,20
37,15,stroke,100,6,0,L1,pre_reset,0.9338579117614738,0.06614208823852619,20
37,15,stroke,100,6,0,L2,spike50,0.05809852095877139,0.9419014790412286,18
37,15,stroke,100,6,0,L2,syn_current,0.09972077236113092,0.9002792276388691,19
37,15,stroke,100,6,0,L2,pre_reset,0.07192587653544158,0.9280741234645584,19
37,15,stroke,100,6,1,L1,spike50,0.918758272352448,0.081241727647552,35
37,15,stroke,100,6,1,L1,syn_current,0.9846990557589097,0.015300944241090297,37
37,15,stroke,100,6,1,L1,pre_reset,0.9755766282096545,0.024423371790345483,37
37,15,stroke,100,6,1,L2,spike50,0.8521633090998526,0.1478366909001474,31
37,15,stroke,100,6,1,L2,syn_current,0.9123541690563878,0.08764583094361222,35
37,15,stroke,100,6,1,L2,pre_reset,0.9008913300342147,0.09910866996578527,35
37,17,stroke,100,6,0,L1,spike50,0.6398052959665614,0.36019470403343856,4
37,17,stroke,100,6,0,L1,syn_current,0.924386437435251,0.07561356256474905,12
37,17,stroke,100,6,0,L1,pre_reset,0.8941683217100725,0.10583167828992746,12
37,17,stroke,100,6,0,L2,spike50,,,0
37,17,stroke,100,6,0,L2,syn_current,0.12194068707046642,0.8780593129295335,4
37,17,stroke,100,6,0,L2,pre_reset,0.09063374199329967,0.9093662580067003,4
37,17,stroke,100,6,1,L1,spike50,0.7902575674702631,0.2097424325297369,9
37,17,stroke,100,6,1,L1,syn_current,0.9588053723738389,0.04119462762616111,20
37,17,stroke,100,6,1,L1,pre_reset,0.9432112268960774,0.05678877310392261,20
37,17,stroke,100,6,1,L2,spike50,0.5625492921039407,0.43745070789605933,10
37,17,stroke,100,6,1,L2,syn_current,0.8689197390251596,0.13108026097484038,12
37,17,stroke,100,6,1,L2,pre_reset,0.8294644940461144,0.17053550595388556,12
37,17,stroke,100,6,2,L1,spike50,0.9044100169594316,0.09558998304056843,13
37,17,stroke,100,6,2,L1,syn_current,0.9987741093936712,0.0012258906063288277,14
37,17,stroke,100,6,2,L1,pre_reset,0.9932028545324523,0.006797145467547727,14
37,17,stroke,100,6,2,L2,spike50,0.6270773231804604,0.3729226768195396,12
37,17,stroke,100,6,2,L2,syn_current,0.8358718376877549,0.16412816231224514,14
37,17,stroke,100,6,2,L2,pre_reset,0.879423034090655,0.12057696590934497,14
37,18,stroke,100,6,0,L1,spike50,0.7844200493394131,0.21557995066058688,18
37,18,stroke,100,6,0,L1,syn_current,0.9658757348103312,0.03412426518966882,18
37,18,stroke,100,6,0,L1,pre_reset,0.9522283033982397,0.04777169660176028,18
37,18,stroke,100,6,0,L2,spike50,0.30160556091773455,0.6983944390822654,18
37,18,stroke,100,6,0,L2,syn_current,0.49941635324499356,0.5005836467550064,18
37,18,stroke,100,6,0,L2,pre_reset,0.44926236762444915,0.5507376323755508,18
37,18,stroke,100,6,1,L1,spike50,0.9345979336138557,0.06540206638614432,64
37,18,stroke,100,6,1,L1,syn_current,0.9922363192148703,0.0077636807851296785,64
37,18,stroke,100,6,1,L1,pre_reset,0.9849584528476396,0.01504154715236039,64
37,18,stroke,100,6,1,L2,spike50,0.8599341658398727,0.1400658341601273,64
37,18,stroke,100,6,1,L2,syn_current,0.9319739854195412,0.06802601458045876,64
37,18,stroke,100,6,1,L2,pre_reset,0.9247548409043169,0.07524515909568308,64
37,19,stroke,100,6,0,L1,spike50,0.8586581881779594,0.14134181182204064,17
37,19,stroke,100,6,0,L1,syn_current,0.9729496144354247,0.027050385564575286,19
37,19,stroke,100,6,0,L1,pre_reset,0.956850748091331,0.04314925190866903,19
37,19,stroke,100,6,0,L2,spike50,0.6673271466056859,0.33267285339431407,17
37,19,stroke,100,6,0,L2,syn_current,0.8388348506599802,0.1611651493400198,17
37,19,stroke,100,6,0,L2,pre_reset,0.8159159757099114,0.18408402429008863,17
37,19,stroke,100,6,1,L1,spike50,0.7740671004775823,0.22593289952241769,24
37,19,stroke,100,6,1,L1,syn_current,0.951612015720119,0.048387984279881,24
37,19,stroke,100,6,1,L1,pre_reset,0.9359764992777274,0.06402350072227259,24
37,19,stroke,100,6,1,L2,spike50,0.4139647537661085,0.5860352462338916,24
37,19,stroke,100,6,1,L2,syn_current,0.5567765437386191,0.44322345626138093,24
37,19,stroke,100,6,1,L2,pre_reset,0.5348744593725528,0.46512554062744715,24
37,20,stroke,100,6,0,L1,spike50,0.8520620207810522,0.1479379792189478,16
37,20,stroke,100,6,0,L1,syn_current,0.9274782671155533,0.07252173288444674,19
37,20,stroke,100,6,0,L1,pre_reset,0.905044936140758,0.09495506385924202,19
37,20,stroke,100,6,0,L2,spike50,0.4802612555271855,0.5197387444728145,16
37,20,stroke,100,6,0,L2,syn_current,0.660311132327616,0.33968886767238404,16
37,20,stroke,100,6,0,L2,pre_reset,0.6320978582741926,0.3679021417258074,16
37,20,stroke,100,6,1,L1,spike50,0.8806213873641223,0.11937861263587768,46
37,20,stroke,100,6,1,L1,syn_current,0.9810640140700935,0.01893598592990653,47
37,20,stroke,100,6,1,L1,pre_reset,0.9683000221081243,0.03169997789187573,47
37,20,stroke,100,6,1,L2,spike50,0.7321340776403524,0.26786592235964757,46
37,20,stroke,100,6,1,L2,syn_current,0.8456887817395247,0.15431121826047534,46
37,20,stroke,100,6,1,L2,pre_reset,0.8383110255157468,0.16168897448425323,46
37,23,stroke,100,6,0,L1,spike50,0.8069083883163121,0.19309161168368794,21
37,23,stroke,100,6,0,L1,syn_current,0.9708186297256806,0.02918137027431944,22
37,23,stroke,100,6,0,L1,pre_reset,0.9581918027871424,0.041808197212857556,22
37,23,stroke,100,6,0,L2,spike50,0.4993851379965732,0.5006148620034268,21
37,23,stroke,100,6,0,L2,syn_current,0.7258575927766986,0.2741424072233014,21
37,23,stroke,100,6,0,L2,pre_reset,0.7104133801860125,0.2895866198139875,21
37,23,stroke,100,6,1,L1,spike50,0.9228200848464209,0.07717991515357914,45
37,23,stroke,100,6,1,L1,syn_current,0.9879653559469973,0.012034644053002697,46
37,23,stroke,100,6,1,L1,pre_reset,0.9778304878671311,0.022169512132868885,46
37,23,stroke,100,6,1,L2,spike50,0.8245476463503241,0.17545235364967593,45
37,23,stroke,100,6,1,L2,syn_current,0.8954408596820451,0.10455914031795488,45
37,23,stroke,100,6,1,L2,pre_reset,0.8835060990120431,0.11649390098795687,45
37,24,stroke,100,6,0,L1,spike50,0.840579865276883,0.159420134723117,23
37,24,stroke,100,6,0,L1,syn_current,0.9777279195055968,0.022272080494403212,25
37,24,stroke,100,6,0,L1,pre_reset,0.9686428995355297,0.03135710046447027,25
37,24,stroke,100,6,0,L2,spike50,0.5112352347182143,0.4887647652817857,22
37,24,stroke,100,6,0,L2,syn_current,0.5982130450570058,0.4017869549429942,23
37,24,stroke,100,6,0,L2,pre_reset,0.5320406616853494,0.46795933831465064,23
37,24,stroke,100,6,1,L1,spike50,0.8329785471126145,0.16702145288738546,27
37,24,stroke,100,6,1,L1,syn_current,0.9408582583906422,0.05914174160935781,29
37,24,stroke,100,6,1,L1,pre_reset,0.9212495803619555,0.07875041963804452,29
37,24,stroke,100,6,1,L2,spike50,0.585410335481597,0.41458966451840296,27
37,24,stroke,100,6,1,L2,syn_current,0.7215427238971268,0.2784572761028732,27
37,24,stroke,100,6,1,L2,pre_reset,0.6930700882354578,0.3069299117645422,27
37,26,stroke,100,6,0,L1,spike50,1.0,0.0,17
37,26,stroke,100,6,0,L1,syn_current,1.0,0.0,20
37,26,stroke,100,6,0,L1,pre_reset,1.0,0.0,20
37,26,stroke,100,6,0,L2,spike50,1.0,0.0,17
37,26,stroke,100,6,0,L2,syn_current,1.0,0.0,17
37,26,stroke,100,6,0,L2,pre_reset,1.0,0.0,17
37,26,stroke,100,6,1,L1,spike50,0.9452735050742935,0.05472649492570647,27
37,26,stroke,100,6,1,L1,syn_current,0.9896672967753724,0.010332703224627648,27
37,26,stroke,100,6,1,L1,pre_reset,0.9783946423595509,0.02160535764044913,27
37,26,stroke,100,6,1,L2,spike50,0.7774018563565197,0.2225981436434803,27
37,26,stroke,100,6,1,L2,syn_current,0.8766583878992842,0.12334161210071581,27
37,26,stroke,100,6,1,L2,pre_reset,0.8760521703728068,0.1239478296271932,27
37,26,stroke,100,6,2,L1,spike50,0.867244394011078,0.132755605988922,17
37,26,stroke,100,6,2,L1,syn_current,0.9790585995901175,0.02094140040988246,17
37,26,stroke,100,6,2,L1,pre_reset,0.9704148401846583,0.02958515981534171,17
37,26,stroke,100,6,2,L2,spike50,0.29236941089917906,0.707630589100821,17
37,26,stroke,100,6,2,L2,syn_current,0.41013062086628044,0.5898693791337195,17
37,26,stroke,100,6,2,L2,pre_reset,0.3823320601123458,0.6176679398876542,17
37,28,stroke,100,6,0,L1,spike50,1.0,0.0,19
37,28,stroke,100,6,0,L1,syn_current,1.0,0.0,21
37,28,stroke,100,6,0,L1,pre_reset,1.0,0.0,21
37,28,stroke,100,6,0,L2,spike50,1.0,0.0,19
37,28,stroke,100,6,0,L2,syn_current,1.0,0.0,19
37,28,stroke,100,6,0,L2,pre_reset,1.0,0.0,19
37,28,stroke,100,6,1,L1,spike50,0.932097462203273,0.06790253779672695,18
37,28,stroke,100,6,1,L1,syn_current,0.9900223041702743,0.009977695829725741,18
37,28,stroke,100,6,1,L1,pre_reset,0.9794846582756119,0.02051534172438807,18
37,28,stroke,100,6,1,L2,spike50,0.771036030797135,0.228963969202865,18
37,28,stroke,100,6,1,L2,syn_current,0.882478234517904,0.11752176548209603,18
37,28,stroke,100,6,1,L2,pre_reset,0.877717025958388,0.12228297404161204,18
37,28,stroke,100,6,2,L1,spike50,0.8071419116568358,0.1928580883431642,22
37,28,stroke,100,6,2,L1,syn_current,0.9640381482335482,0.035961851766451836,22
37,28,stroke,100,6,2,L1,pre_reset,0.9533690704107488,0.04663092958925119,22
37,28,stroke,100,6,2,L2,spike50,0.3583746138918707,0.6416253861081294,22
37,28,stroke,100,6,2,L2,syn_current,0.4206658864451702,0.5793341135548298,22
37,28,stroke,100,6,2,L2,pre_reset,0.3767670999569384,0.6232329000430616,22
37,29,stroke,100,6,0,L1,spike50,0.8438432012295919,0.1561567987704081,19
37,29,stroke,100,6,0,L1,syn_current,0.9725059939833587,0.027494006016641315,21
37,29,stroke,100,6,0,L1,pre_reset,0.9595400621908845,0.0404599378091155,21
37,29,stroke,100,6,0,L2,spike50,0.6836184848848852,0.3163815151151148,18
37,29,stroke,100,6,0,L2,syn_current,0.7984079255378744,0.20159207446212557,19
37,29,stroke,100,6,0,L2,pre_reset,0.7699375120880676,0.2300624879119324,19
37,29,stroke,100,6,1,L1,spike50,0.9289487243796063,0.0710512756203937,66
37,29,stroke,100,6,1,L1,syn_current,0.9909610219734386,0.009038978026561395,66
37,29,stroke,100,6,1,L1,pre_reset,0.9827670372591196,0.017232962740880375,66
37,29,stroke,100,6,1,L2,spike50,0.8054317570428875,0.1945682429571125,66
37,29,stroke,100,6,1,L2,syn_current,0.8864395082563507,0.11356049174364935,66
37,29,stroke,100,6,1,L2,pre_reset,0.8794714315503821,0.1205285684496179,66
37,30,stroke,100,6,0,L1,spike50,0.7879731686973396,0.21202683130266042,12
37,30,stroke,100,6,0,L1,syn_current,0.9727370929816774,0.02726290701832257,15
37,30,stroke,100,6,0,L1,pre_reset,0.9601902287505458,0.03980977124945417,15
37,30,stroke,100,6,0,L2,spike50,0.6535566593003691,0.3464433406996309,6
37,30,stroke,100,6,0,L2,syn_current,0.8118339558258856,0.18816604417411442,12
37,30,stroke,100,6,0,L2,pre_reset,0.779208222009287,0.22079177799071303,12
37,30,stroke,100,6,1,L1,spike50,0.9035791595960718,0.09642084040392818,15
37,30,stroke,100,6,1,L1,syn_current,0.9725631046768967,0.02743689532310334,26
37,30,stroke,100,6,1,L1,pre_reset,0.9601573625838148,0.03984263741618521,26
37,30,stroke,100,6,1,L2,spike50,0.7292994545471316,0.27070054545286837,14
37,30,stroke,100,6,1,L2,syn_current,0.9034487700270764,0.09655122997292365,15
37,30,stroke,100,6,1,L2,pre_reset,0.8842624405228567,0.11573755947714326,15
37,30,stroke,100,6,2,L1,spike50,0.9642015452549701,0.03579845474502985,16
37,30,stroke,100,6,2,L1,syn_current,0.9923266813140397,0.007673318685960329,16
37,30,stroke,100,6,2,L1,pre_reset,0.9860378423406921,0.013962157659307861,16
37,30,stroke,100,6,2,L2,spike50,0.890015053836944,0.10998494616305599,16
37,30,stroke,100,6,2,L2,syn_current,0.9602241055058989,0.03977589449410113,16
37,30,stroke,100,6,2,L2,pre_reset,0.956083310134884,0.04391668986511599,16
37,31,stroke,100,6,0,L1,spike50,0.8732105532604422,0.12678944673955783,37
37,31,stroke,100,6,0,L1,syn_current,0.964368127439813,0.03563187256018696,39
37,31,stroke,100,6,0,L1,pre_reset,0.944957730655274,0.055042269344726,39
37,31,stroke,100,6,0,L2,spike50,0.818245907679105,0.181754092320895,36
37,31,stroke,100,6,0,L2,syn_current,0.8713723489657649,0.12862765103423512,37
37,31,stroke,100,6,0,L2,pre_reset,0.8500327478134752,0.14996725218652485,37
37,31,stroke,100,6,1,L1,spike50,0.8525595652224991,0.1474404347775009,35
37,31,stroke,100,6,1,L1,syn_current,0.953235776785982,0.046764223214017964,38
37,31,stroke,100,6,1,L1,pre_reset,0.9437624555420348,0.05623754445796525,38
37,31,stroke,100,6,1,L2,spike50,0.7377848016030434,0.2622151983969566,34
37,31,stroke,100,6,1,L2,syn_current,0.7726624795319595,0.22733752046804045,35
37,31,stroke,100,6,1,L2,pre_reset,0.746246707958275,0.25375329204172503,35
37,32,stroke,100,6,0,L1,spike50,0.7082000371858815,0.29179996281411846,13
37,32,stroke,100,6,0,L1,syn_current,0.9436163666212486,0.05638363337875141,14
37,32,stroke,100,6,0,L1,pre_reset,0.9284702271871202,0.07152977281287975,14
37,32,stroke,100,6,0,L2,spike50,0.2640365727942182,0.7359634272057818,12
37,32,stroke,100,6,0,L2,syn_current,0.4378099617384649,0.562190038261535,13
37,32,stroke,100,6,0,L2,pre_reset,0.3714347380149815,0.6285652619850185,13
37,32,stroke,100,6,1,L1,spike50,0.9170074103168325,0.08299258968316747,37
37,32,stroke,100,6,1,L1,syn_current,0.9872460529644519,0.012753947035548108,39
37,32,stroke,100,6,1,L1,pre_reset,0.9780805667918957,0.0219194332081043,39
37,32,stroke,100,6,1,L2,spike50,0.8039436656059702,0.1960563343940298,36
37,32,stroke,100,6,1,L2,syn_current,0.8783836520995554,0.12161634790044462,37
37,32,stroke,100,6,1,L2,pre_reset,0.8658397066809538,0.13416029331904622,37
37,32,stroke,100,6,2,L1,spike50,0.8854833228351683,0.11451667716483171,15
37,32,stroke,100,6,2,L1,syn_current,0.9687566586940927,0.031243341305907335,15
37,32,stroke,100,6,2,L1,pre_reset,0.9577197526944919,0.042280247305508056,15
37,32,stroke,100,6,2,L2,spike50,0.5367730692117801,0.46322693078821986,15
37,32,stroke,100,6,2,L2,syn_current,0.709444699822996,0.29055530017700404,15
37,32,stroke,100,6,2,L2,pre_reset,0.7106000357894332,0.2893999642105668,15
37,35,stroke,100,6,0,L1,spike50,0.6895334068203053,0.3104665931796947,11
37,35,stroke,100,6,0,L1,syn_current,0.9389131490530871,0.06108685094691291,11
37,35,stroke,100,6,0,L1,pre_reset,0.9224276915200366,0.07757230847996344,11
37,35,stroke,100,6,0,L2,spike50,0.40899179848316025,0.5910082015168397,11
37,35,stroke,100,6,0,L2,syn_current,0.6655113057106026,0.3344886942893974,11
37,35,stroke,100,6,0,L2,pre_reset,0.6454930797497372,0.35450692025026276,11
37,35,stroke,100,6,1,L1,spike50,0.8219925515418373,0.17800744845816274,12
37,35,stroke,100,6,1,L1,syn_current,0.9750035705904486,0.02499642940955138,12
37,35,stroke,100,6,1,L1,pre_reset,0.9639493847953219,0.036050615204678116,12
37,35,stroke,100,6,1,L2,spike50,0.7158648260385365,0.2841351739614635,12
37,35,stroke,100,6,1,L2,syn_current,0.8748094179097384,0.12519058209026157,12
37,35,stroke,100,6,1,L2,pre_reset,0.85707776817612,0.14292223182387997,12
37,36,stroke,100,6,0,L1,spike50,1.0,0.0,10
37,36,stroke,100,6,0,L1,syn_current,1.0,0.0,10
37,36,stroke,100,6,0,L1,pre_reset,1.0,0.0,10
37,36,stroke,100,6,0,L2,spike50,1.0,0.0,10
37,36,stroke,100,6,0,L2,syn_current,1.0,0.0,10
37,36,stroke,100,6,0,L2,pre_reset,1.0,0.0,10
37,36,stroke,100,6,1,L1,spike50,0.886666556242706,0.11333344375729404,11
37,36,stroke,100,6,1,L1,syn_current,0.9783196388621621,0.02168036113783789,11
37,36,stroke,100,6,1,L1,pre_reset,0.9650787387880316,0.03492126121196837,11
37,36,stroke,100,6,1,L2,spike50,0.45910436207236177,0.5408956379276382,11
37,36,stroke,100,6,1,L2,syn_current,0.6983331116606031,0.3016668883393969,11
37,36,stroke,100,6,1,L2,pre_reset,0.6566907326204255,0.34330926737957446,11
37,36,stroke,100,6,2,L1,spike50,0.9373923333734483,0.0626076666265517,24
37,36,stroke,100,6,2,L1,syn_current,0.9857476002134967,0.014252399786503278,24
37,36,stroke,100,6,2,L1,pre_reset,0.9755315163871977,0.024468483612802294,24
37,36,stroke,100,6,2,L2,spike50,0.6346527609819231,0.36534723901807686,24
37,36,stroke,100,6,2,L2,syn_current,0.7767751498820337,0.22322485011796633,24
37,36,stroke,100,6,2,L2,pre_reset,0.7526307083451839,0.24736929165481614,24
37,37,stroke,100,6,0,L1,spike50,0.93212815147997,0.06787184852003003,26
37,37,stroke,100,6,0,L1,syn_current,0.9808503221906504,0.01914967780934962,37
37,37,stroke,100,6,0,L1,pre_reset,0.9751746310550268,0.024825368944973225,37
37,37,stroke,100,6,0,L2,spike50,0.7378937762742486,0.26210622372575143,24
37,37,stroke,100,6,0,L2,syn_current,0.8832130135314961,0.11678698646850394,26
37,37,stroke,100,6,0,L2,pre_reset,0.8715924646403431,0.12840753535965688,26
37,37,stroke,100,6,1,L1,spike50,0.6890449687759433,0.31095503122405665,9
37,37,stroke,100,6,1,L1,syn_current,0.9035440369551424,0.0964559630448576,13
37,37,stroke,100,6,1,L1,pre_reset,0.879060532199133,0.12093946780086695,13
37,37,stroke,100,6,1,L2,spike50,0.3387344035766534,0.6612655964233466,8
37,37,stroke,100,6,1,L2,syn_current,0.4547224673863039,0.545277532613696,9
37,37,stroke,100,6,1,L2,pre_reset,0.3668284175252419,0.6331715824747581,9
37,37,stroke,100,6,2,L1,spike50,0.8937656717174649,0.1062343282825351,17
37,37,stroke,100,6,2,L1,syn_current,0.9803585771258528,0.019641422874147163,17
37,37,stroke,100,6,2,L1,pre_reset,0.9683274339215051,0.03167256607849489,17
37,37,stroke,100,6,2,L2,spike50,0.4702670687629522,0.5297329312370478,17
37,37,stroke,100,6,2,L2,syn_current,0.5873998032770285,0.41260019672297155,17
37,37,stroke,100,6,2,L2,pre_reset,0.5840349910861493,0.4159650089138507,17
37,40,stroke,100,6,0,L1,spike50,0.734353148856416,0.265646851143584,17
37,40,stroke,100,6,0,L1,syn_current,0.9555734924588507,0.044426507541149296,18
37,40,stroke,100,6,0,L1,pre_reset,0.9340745064079609,0.06592549359203914,18
37,40,stroke,100,6,0,L2,spike50,0.4531448634259423,0.5468551365740577,16
37,40,stroke,100,6,0,L2,syn_current,0.5736068940352527,0.42639310596474733,17
37,40,stroke,100,6,0,L2,pre_reset,0.5303219868701203,0.46967801312987967,17
37,40,stroke,100,6,1,L1,spike50,0.9040124826912221,0.09598751730877786,19
37,40,stroke,100,6,1,L1,syn_current,0.9449874271216409,0.055012572878359145,28
37,40,stroke,100,6,1,L1,pre_reset,0.9269032971390427,0.07309670286095726,28
37,40,stroke,100,6,1,L2,spike50,0.6257428800413265,0.3742571199586735,17
37,40,stroke,100,6,1,L2,syn_current,0.7591852033398977,0.2408147966601023,19
37,40,stroke,100,6,1,L2,pre_reset,0.702376869046127,0.29762313095387305,19
37,41,stroke,100,6,0,L1,spike50,0.8326999475328547,0.1673000524671453,12
37,41,stroke,100,6,0,L1,syn_current,0.9777151045856571,0.022284895414342865,13
37,41,stroke,100,6,0,L1,pre_reset,0.9570115854469535,0.04298841455304647,13
37,41,stroke,100,6,0,L2,spike50,0.6525342231504696,0.3474657768495304,12
37,41,stroke,100,6,0,L2,syn_current,0.8318923152414496,0.16810768475855042,12
37,41,stroke,100,6,0,L2,pre_reset,0.8057491240410918,0.19425087595890822,12
37,41,stroke,100,6,1,L1,spike50,0.946454123332418,0.05354587666758204,13
37,41,stroke,100,6,1,L1,syn_current,0.9986034392836911,0.0013965607163088922,13
37,41,stroke,100,6,1,L1,pre_reset,0.9923068553217234,0.007693144678276642,13
37,41,stroke,100,6,1,L2,spike50,0.8217012001114506,0.17829879988854935,13
37,41,stroke,100,6,1,L2,syn_current,0.8737658637681973,0.12623413623180268,13
37,41,stroke,100,6,1,L2,pre_reset,0.8712249216651227,0.12877507833487734,13
37,41,stroke,100,6,2,L1,spike50,0.5941367719316405,0.4058632280683595,12
37,41,stroke,100,6,2,L1,syn_current,0.9598117407214749,0.040188259278525096,15
37,41,stroke,100,6,2,L1,pre_reset,0.941397083758941,0.058602916241058955,15
37,41,stroke,100,6,2,L2,spike50,0.35268220393384253,0.6473177960661575,13
37,41,stroke,100,6,2,L2,syn_current,0.5595723453712896,0.44042765462871036,14
37,41,stroke,100,6,2,L2,pre_reset,0.5142459945733043,0.48575400542669567,14
37,42,stroke,100,6,0,L1,spike50,0.7757071281751962,0.22429287182480384,11
37,42,stroke,100,6,0,L1,syn_current,0.969886723616873,0.030113276383126997,11
37,42,stroke,100,6,0,L1,pre_reset,0.9506077121362163,0.04939228786378369,11
37,42,stroke,100,6,0,L2,spike50,0.7226888599855842,0.2773111400144158,10
37,42,stroke,100,6,0,L2,syn_current,0.8786914469448931,0.1213085530551069,11
37,42,stroke,100,6,0,L2,pre_reset,0.8558153587984443,0.14418464120155572,11
37,42,stroke,100,6,1,L1,spike50,0.8546424294524093,0.1453575705475907,12
37,42,stroke,100,6,1,L1,syn_current,0.9657138221973497,0.03428617780265031,12
37,42,stroke,100,6,1,L1,pre_reset,0.9480293559670326,0.05197064403296736,12
37,42,stroke,100,6,1,L2,spike50,0.3047086975750742,0.6952913024249259,12
37,42,stroke,100,6,1,L2,syn_current,0.3606809025408519,0.6393190974591481,12
37,42,stroke,100,6,1,L2,pre_reset,0.2828364036334434,0.7171635963665566,12
37,42,stroke,100,6,2,L1,spike50,0.779732891219496,0.22026710878050404,9
37,42,stroke,100,6,2,L1,syn_current,0.9530595034171249,0.046940496582875135,10
37,42,stroke,100,6,2,L1,pre_reset,0.9357073243851701,0.06429267561482988,10
37,42,stroke,100,6,2,L2,spike50,0.36091169452464256,0.6390883054753574,8
37,42,stroke,100,6,2,L2,syn_current,0.4479637559049774,0.5520362440950226,9
37,42,stroke,100,6,2,L2,pre_reset,0.38644559862855543,0.6135544013714446,9
37,43,stroke,100,6,0,L1,spike50,0.5962001087855773,0.4037998912144227,11
37,43,stroke,100,6,0,L1,syn_current,0.9576038695977102,0.042396130402289844,11
37,43,stroke,100,6,0,L1,pre_reset,0.9431960578939026,0.056803942106097405,11
37,43,stroke,100,6,0,L2,spike50,0.28305592482393443,0.7169440751760656,9
37,43,stroke,100,6,0,L2,syn_current,0.4475708161697687,0.5524291838302313,11
37,43,stroke,100,6,0,L2,pre_reset,0.39349433151699476,0.6065056684830052,11
37,43,stroke,100,6,1,L1,spike50,0.8696532008515644,0.1303467991484356,21
37,43,stroke,100,6,1,L1,syn_current,0.96175293153589,0.03824706846410997,24
37,43,stroke,100,6,1,L1,pre_reset,0.9333205284051935,0.06667947159480647,24
37,43,stroke,100,6,1,L2,spike50,0.8140913021005067,0.18590869789949327,19
37,43,stroke,100,6,1,L2,syn_current,0.8932760602702567,0.10672393972974326,21
37,43,stroke,100,6,1,L2,pre_reset,0.8898532324678705,0.11014676753212949,21
37,44,stroke,100,6,0,L1,spike50,0.9330745122520234,0.06692548774797658,28
37,44,stroke,100,6,0,L1,syn_current,0.9817194612717712,0.018280538728228768,37
37,44,stroke,100,6,0,L1,pre_reset,0.9705196821943165,0.029480317805683498,37
37,44,stroke,100,6,0,L2,spike50,0.8791986044391429,0.12080139556085712,23
37,44,stroke,100,6,0,L2,syn_current,0.9233093650378835,0.07669063496211648,28
37,44,stroke,100,6,0,L2,pre_reset,0.931875875761604,0.06812412423839598,28
37,44,stroke,100,6,1,L1,spike50,0.9871823700801349,0.012817629919865126,12
37,44,stroke,100,6,1,L1,syn_current,0.9999849635659822,1.5036434017789979e-05,12
37,44,stroke,100,6,1,L1,pre_reset,0.9960729796945179,0.003927020305482087,12
37,44,stroke,100,6,1,L2,spike50,0.9742150702981474,0.025784929701852644,12
37,44,stroke,100,6,1,L2,syn_current,0.9919182094463236,0.008081790553676416,12
37,44,stroke,100,6,1,L2,pre_reset,0.9934306691561504,0.006569330843849586,12
37,44,stroke,100,6,2,L1,spike50,0.5399219324823528,0.46007806751764724,4
37,44,stroke,100,6,2,L1,syn_current,0.9108079510214344,0.08919204897856559,14
37,44,stroke,100,6,2,L1,pre_reset,0.8922958105616484,0.10770418943835158,14
37,44,stroke,100,6,2,L2,spike50,,,0
37,44,stroke,100,6,2,L2,syn_current,0.32747909097228345,0.6725209090277166,4
37,44,stroke,100,6,2,L2,pre_reset,0.30325315164360883,0.6967468483563912,4
37,47,stroke,100,6,0,L1,spike50,0.6394804897755452,0.36051951022445483,10
37,47,stroke,100,6,0,L1,syn_current,0.9257916982622328,0.07420830173776716,10
37,47,stroke,100,6,0,L1,pre_reset,0.9099334435798763,0.09006655642012373,10
37,47,stroke,100,6,0,L2,spike50,0.44338995902152023,0.5566100409784798,10
37,47,stroke,100,6,0,L2,syn_current,0.7043696097231502,0.2956303902768498,10
37,47,stroke,100,6,0,L2,pre_reset,0.6897694153556627,0.3102305846443373,10
37,47,stroke,100,6,1,L1,spike50,0.8640330773931602,0.13596692260683985,11
37,47,stroke,100,6,1,L1,syn_current,0.9817490505400369,0.018250949459963084,11
37,47,stroke,100,6,1,L1,pre_reset,0.9686344269086646,0.031365573091335364,11
37,47,stroke,100,6,1,L2,spike50,0.6558926030600337,0.3441073969399663,11
37,47,stroke,100,6,1,L2,syn_current,0.829584831268269,0.17041516873173101,11
37,47,stroke,100,6,1,L2,pre_reset,0.809314869351886,0.190685130648114,11
37,47,stroke,100,6,2,L1,spike50,0.7465867503755159,0.2534132496244841,26
37,47,stroke,100,6,2,L1,syn_current,0.9613795166304064,0.03862048336959356,27
37,47,stroke,100,6,2,L1,pre_reset,0.9490410296230422,0.050958970376957846,27
37,47,stroke,100,6,2,L2,spike50,0.43330245576647236,0.5666975442335276,25
37,47,stroke,100,6,2,L2,syn_current,0.5558164526510881,0.44418354734891186,26
37,47,stroke,100,6,2,L2,pre_reset,0.514602493171869,0.485397506828131,26
37,48,stroke,100,6,0,L1,spike50,1.0,0.0,11
37,48,stroke,100,6,0,L1,syn_current,1.0,0.0,11
37,48,stroke,100,6,0,L1,pre_reset,1.0,0.0,11
37,48,stroke,100,6,0,L2,spike50,1.0,0.0,11
37,48,stroke,100,6,0,L2,syn_current,1.0,0.0,11
37,48,stroke,100,6,0,L2,pre_reset,1.0,0.0,11
37,48,stroke,100,6,1,L1,spike50,0.9001937993907437,0.09980620060925627,12
37,48,stroke,100,6,1,L1,syn_current,0.9900406393918545,0.009959360608145507,12
37,48,stroke,100,6,1,L1,pre_reset,0.9798725746534928,0.020127425346507244,12
37,48,stroke,100,6,1,L2,spike50,0.623588034327119,0.37641196567288104,12
37,48,stroke,100,6,1,L2,syn_current,0.7234438683401998,0.2765561316598002,12
37,48,stroke,100,6,1,L2,pre_reset,0.7029386737518005,0.2970613262481995,12
37,48,stroke,100,6,2,L1,spike50,0.9291048015143318,0.07089519848566816,18
37,48,stroke,100,6,2,L1,syn_current,0.9875232361870636,0.012476763812936387,18
37,48,stroke,100,6,2,L1,pre_reset,0.9785070818546537,0.021492918145346263,18
37,48,stroke,100,6,2,L2,spike50,0.7509759717088909,0.24902402829110915,18
37,48,stroke,100,6,2,L2,syn_current,0.8737914155425694,0.12620858445743055,18
37,48,stroke,100,6,2,L2,pre_reset,0.8707309086204121,0.12926909137958786,18
37,49,stroke,100,6,0,L1,spike50,0.802751301418806,0.19724869858119398,14
37,49,stroke,100,6,0,L1,syn_current,0.9763340792431956,0.023665920756804404,14
37,49,stroke,100,6,0,L1,pre_reset,0.962003755913617,0.037996244086383024,14
37,49,stroke,100,6,0,L2,spike50,0.401391391176832,0.598608608823168,13
37,49,stroke,100,6,0,L2,syn_current,0.6277935955750086,0.3722064044249914,14
37,49,stroke,100,6,0,L2,pre_reset,0.6258507604191476,0.37414923958085244,14
37,49,stroke,100,6,1,L1,spike50,0.8535938622587129,0.14640613774128708,49
37,49,stroke,100,6,1,L1,syn_current,0.9895072664232566,0.010492733576743407,50
37,49,stroke,100,6,1,L1,pre_reset,0.9795966421555774,0.020403357844422598,50
37,49,stroke,100,6,1,L2,spike50,0.6967476302509613,0.3032523697490387,47
37,49,stroke,100,6,1,L2,syn_current,0.7401752084698909,0.25982479153010907,49
37,49,stroke,100,6,1,L2,pre_reset,0.6951455990723564,0.3048544009276436,49
37,51,stroke,100,6,0,L1,spike50,0.914809798632764,0.08519020136723598,48
37,51,stroke,100,6,0,L1,syn_current,0.9951528316663572,0.004847168333642848,49
37,51,stroke,100,6,0,L1,pre_reset,0.9854441578438353,0.014555842156164678,49
37,51,stroke,100,6,0,L2,spike50,0.881892886654465,0.11810711334553503,47
37,51,stroke,100,6,0,L2,syn_current,0.9497308146503688,0.05026918534963121,48
37,51,stroke,100,6,0,L2,pre_reset,0.9527284288834906,0.04727157111650937,48
37,51,stroke,100,6,1,L1,spike50,0.8358829064296924,0.16411709357030757,11
37,51,stroke,100,6,1,L1,syn_current,0.9617741110415509,0.03822588895844914,38
37,51,stroke,100,6,1,L1,pre_reset,0.951738603561917,0.048261396438083026,38
37,51,stroke,100,6,1,L2,spike50,0.3438338551177046,0.6561661448822954,5
37,51,stroke,100,6,1,L2,syn_current,0.8180448768090728,0.18195512319092721,11
37,51,stroke,100,6,1,L2,pre_reset,0.8715096831210858,0.1284903168789142,11
37,52,stroke,100,6,0,L1,spike50,0.7577892933762572,0.24221070662374278,13
37,52,stroke,100,6,0,L1,syn_current,0.9702754971559829,0.029724502844017064,13
37,52,stroke,100,6,0,L1,pre_reset,0.9561771505262091,0.04382284947379089,13
37,52,stroke,100,6,0,L2,spike50,0.32616132434408424,0.6738386756559158,13
37,52,stroke,100,6,0,L2,syn_current,0.48429862213394653,0.5157013778660535,13
37,52,stroke,100,6,0,L2,pre_reset,0.40914412746417866,0.5908558725358213,13
37,52,stroke,100,6,1,L1,spike50,0.9111242196459127,0.08887578035408727,34
37,52,stroke,100,6,1,L1,syn_current,0.9923155759493746,0.007684424050625416,34
37,52,stroke,100,6,1,L1,pre_reset,0.9808284021836196,0.019171597816380448,34
37,52,stroke,100,6,1,L2,spike50,0.8617266709575016,0.13827332904249845,34
37,52,stroke,100,6,1,L2,syn_current,0.9320283497170929,0.06797165028290708,34
37,52,stroke,100,6,1,L2,pre_reset,0.9282482429868023,0.07175175701319769,34
37,54,stroke,100,6,0,L1,spike50,0.7558479793250521,0.2441520206749479,9
37,54,stroke,100,6,0,L1,syn_current,0.9510235264149894,0.04897647358501056,10
37,54,stroke,100,6,0,L1,pre_reset,0.9303146395998529,0.06968536040014706,10
37,54,stroke,100,6,0,L2,spike50,0.42256902067195035,0.5774309793280497,9
37,54,stroke,100,6,0,L2,syn_current,0.7374160605778272,0.26258393942217284,9
37,54,stroke,100,6,0,L2,pre_reset,0.7024545727363645,0.29754542726363553,9
37,54,stroke,100,6,1,L1,spike50,0.9110046097515555,0.0889953902484445,12
37,54,stroke,100,6,1,L1,syn_current,0.990040299845577,0.009959700154423046,12
37,54,stroke,100,6,1,L1,pre_reset,0.9779163139428705,0.022083686057129515,12
37,54,stroke,100,6,1,L2,spike50,0.577437176640964,0.42256282335903605,12
37,54,stroke,100,6,1,L2,syn_current,0.7606921631693421,0.23930783683065793,12
37,54,stroke,100,6,1,L2,pre_reset,0.7492621502419916,0.2507378497580084,12
37,54,stroke,100,6,2,L1,spike50,0.7653918834265087,0.23460811657349134,13
37,54,stroke,100,6,2,L1,syn_current,0.9612705614529307,0.03872943854706934,13
37,54,stroke,100,6,2,L1,pre_reset,0.9408945062019474,0.05910549379805263,13
37,54,stroke,100,6,2,L2,spike50,0.4934010033229917,0.5065989966770084,13
37,54,stroke,100,6,2,L2,syn_current,0.7514465144708158,0.24855348552918421,13
37,54,stroke,100,6,2,L2,pre_reset,0.7458655900889058,0.25413440991109415,13
37,55,stroke,100,6,0,L1,spike50,0.46397031120240667,0.5360296887975933,7
37,55,stroke,100,6,0,L1,syn_current,0.9184000803677123,0.08159991963228774,10
37,55,stroke,100,6,0,L1,pre_reset,0.904369956645487,0.09563004335451297,10
37,55,stroke,100,6,0,L2,spike50,0.16776841689662142,0.8322315831033786,7
37,55,stroke,100,6,0,L2,syn_current,0.7650341029285918,0.23496589707140825,9
37,55,stroke,100,6,0,L2,pre_reset,0.7359964254544794,0.2640035745455206,9
37,55,stroke,100,6,1,L1,spike50,0.9285114536542315,0.07148854634576851,12
37,55,stroke,100,6,1,L1,syn_current,0.9942522571588257,0.005747742841174297,12
37,55,stroke,100,6,1,L1,pre_reset,0.9838513658911885,0.01614863410881151,12
37,55,stroke,100,6,1,L2,spike50,0.7550584795005011,0.2449415204994989,12
37,55,stroke,100,6,1,L2,syn_current,0.9047249342621265,0.09527506573787348,12
37,55,stroke,100,6,1,L2,pre_reset,0.8879456904925137,0.1120543095074863,12
37,55,stroke,100,6,2,L1,spike50,0.7058439370529185,0.2941560629470815,23
37,55,stroke,100,6,2,L1,syn_current,0.9588385886695242,0.041161411330475794,25
37,55,stroke,100,6,2,L1,pre_reset,0.9415297808643786,0.05847021913562145,25
37,55,stroke,100,6,2,L2,spike50,0.37903059950882495,0.620969400491175,23
37,55,stroke,100,6,2,L2,syn_current,0.5732817590625232,0.4267182409374768,23
37,55,stroke,100,6,2,L2,pre_reset,0.5205310911390324,0.4794689088609676,23
37,59,stroke,100,6,0,L1,spike50,0.883618170961525,0.11638182903847505,59
37,59,stroke,100,6,0,L1,syn_current,0.9953826009780045,0.0046173990219955385,60
37,59,stroke,100,6,0,L1,pre_reset,0.9874631941287713,0.01253680587122874,60
37,59,stroke,100,6,0,L2,spike50,0.8272554569299926,0.17274454307000742,56
37,59,stroke,100,6,0,L2,syn_current,0.9049690137999504,0.09503098620004957,59
37,59,stroke,100,6,0,L2,pre_reset,0.894631905560303,0.10536809443969697,59
37,59,stroke,100,6,1,L1,spike50,0.6262897533111245,0.37371024668887554,18
37,59,stroke,100,6,1,L1,syn_current,0.9782197196865492,0.021780280313450806,26
37,59,stroke,100,6,1,L1,pre_reset,0.9680319320243955,0.031968067975604475,26
37,59,stroke,100,6,1,L2,spike50,0.2697270075656356,0.7302729924343644,17
37,59,stroke,100,6,1,L2,syn_current,0.5242160574521404,0.4757839425478596,23
37,59,stroke,100,6,1,L2,pre_reset,0.47470089978657526,0.5252991002134247,23
37,60,stroke,100,6,0,L1,spike50,0.7806546332763831,0.21934536672361693,13
37,60,stroke,100,6,0,L1,syn_current,0.9612127544759685,0.038787245524031455,14
37,60,stroke,100,6,0,L1,pre_reset,0.9436796436386409,0.056320356361359125,14
37,60,stroke,100,6,0,L2,spike50,0.4662147691019757,0.5337852308980243,13
37,60,stroke,100,6,0,L2,syn_current,0.6582561097648991,0.3417438902351009,13
37,60,stroke,100,6,0,L2,pre_reset,0.6167668809753734,0.38323311902462665,13
37,60,stroke,100,6,1,L1,spike50,0.7046589492675785,0.29534105073242145,13
37,60,stroke,100,6,1,L1,syn_current,0.9745984967779544,0.025401503222045596,13
37,60,stroke,100,6,1,L1,pre_reset,0.9676019727412719,0.03239802725872809,13
37,60,stroke,100,6,1,L2,spike50,0.5256261388511251,0.4743738611488749,13
37,60,stroke,100,6,1,L2,syn_current,0.7180270001873301,0.2819729998126699,13
37,60,stroke,100,6,1,L2,pre_reset,0.7025058102315808,0.29749418976841924,13
37,61,stroke,100,6,0,L1,spike50,0.6253719260561464,0.37462807394385356,11
37,61,stroke,100,6,0,L1,syn_current,0.9562997368724057,0.04370026312759434,13
37,61,stroke,100,6,0,L1,pre_reset,0.9403763818521166,0.05962361814788342,13
37,61,stroke,100,6,0,L2,spike50,0.2912053534275584,0.7087946465724416,10
37,61,stroke,100,6,0,L2,syn_current,0.5116205193392929,0.48837948066070713,11
37,61,stroke,100,6,0,L2,pre_reset,0.45136033907471335,0.5486396609252866,11
37,61,stroke,100,6,1,L1,spike50,0.8110093460179554,0.18899065398204462,36
37,61,stroke,100,6,1,L1,syn_current,0.9865065193680255,0.01349348063197453,36
37,61,stroke,100,6,1,L1,pre_reset,0.9773781938357546,0.02262180616424536,36
37,61,stroke,100,6,1,L2,spike50,0.7068018621418595,0.29319813785814053,36
37,61,stroke,100,6,1,L2,syn_current,0.8001601791206208,0.19983982087937924,36
37,61,stroke,100,6,1,L2,pre_reset,0.7838513487289044,0.21614865127109562,36
37,65,stroke,100,6,0,L1,spike50,0.728084855378511,0.271915144621489,12
37,65,stroke,100,6,0,L1,syn_current,0.9102993076442522,0.08970069235574785,14
37,65,stroke,100,6,0,L1,pre_reset,0.8729292000580198,0.12707079994198023,14
37,65,stroke,100,6,0,L2,spike50,0.38571904811110236,0.6142809518888976,12
37,65,stroke,100,6,0,L2,syn_current,0.5747132119016075,0.4252867880983925,12
37,65,stroke,100,6,0,L2,pre_reset,0.5511926318985401,0.44880736810145994,12
37,65,stroke,100,6,1,L1,spike50,0.8920415435476994,0.10795845645230062,32
37,65,stroke,100,6,1,L1,syn_current,0.988136184337145,0.011863815662854993,33
37,65,stroke,100,6,1,L1,pre_reset,0.9780191143638791,0.021980885636120884,33
37,65,stroke,100,6,1,L2,spike50,0.767850627544052,0.23214937245594802,31
37,65,stroke,100,6,1,L2,syn_current,0.8513822226575887,0.14861777734241133,32
37,65,stroke,100,6,1,L2,pre_reset,0.8421039094493739,0.15789609055062614,32
37,66,stroke,100,6,0,L1,spike50,0.8913300935470228,0.10866990645297725,16
37,66,stroke,100,6,0,L1,syn_current,0.9756880066643598,0.02431199333564016,17
37,66,stroke,100,6,0,L1,pre_reset,0.9590322822818922,0.04096771771810781,17
37,66,stroke,100,6,0,L2,spike50,0.7633100860809005,0.23668991391909955,16
37,66,stroke,100,6,0,L2,syn_current,0.891549450984212,0.10845054901578799,16
37,66,stroke,100,6,0,L2,pre_reset,0.882745394976273,0.11725460502372698,16
37,66,stroke,100,6,1,L1,spike50,0.7597229390476652,0.2402770609523348,11
37,66,stroke,100,6,1,L1,syn_current,0.958436654717032,0.04156334528296801,13
37,66,stroke,100,6,1,L1,pre_reset,0.9430924430950726,0.05690755690492744,13
37,66,stroke,100,6,1,L2,spike50,0.6666648355553751,0.33333516444462485,11
37,66,stroke,100,6,1,L2,syn_current,0.8375610537011607,0.16243894629883926,11
37,66,stroke,100,6,1,L2,pre_reset,0.8150794911111071,0.1849205088888929,11
37,67,stroke,100,6,0,L1,spike50,0.8137391489079954,0.18626085109200463,23
37,67,stroke,100,6,0,L1,syn_current,0.9578595316067396,0.042140468393260355,25
37,67,stroke,100,6,0,L1,pre_reset,0.9373018393204943,0.06269816067950573,25
37,67,stroke,100,6,0,L2,spike50,0.4386357618559278,0.5613642381440722,23
37,67,stroke,100,6,0,L2,syn_current,0.5644702729349341,0.4355297270650659,23
37,67,stroke,100,6,0,L2,pre_reset,0.5376509610454737,0.4623490389545263,23
37,67,stroke,100,6,1,L1,spike50,0.8804181365736979,0.11958186342630206,7
37,67,stroke,100,6,1,L1,syn_current,0.9669927374155394,0.03300726258446063,7
37,67,stroke,100,6,1,L1,pre_reset,0.9438866242799104,0.056113375720089564,7
37,67,stroke,100,6,1,L2,spike50,0.6508317103561903,0.34916828964380975,7
37,67,stroke,100,6,1,L2,syn_current,0.7844554898557886,0.2155445101442114,7
37,67,stroke,100,6,1,L2,pre_reset,0.7404476515775892,0.2595523484224108,7
37,67,stroke,100,6,2,L1,spike50,0.545352340752487,0.45464765924751305,7
37,67,stroke,100,6,2,L1,syn_current,0.8932979161372899,0.10670208386271007,8
37,67,stroke,100,6,2,L1,pre_reset,0.8549445456051237,0.14505545439487633,8
37,67,stroke,100,6,2,L2,spike50,0.34066612617992376,0.6593338738200762,6
37,67,stroke,100,6,2,L2,syn_current,0.5278764603029711,0.4721235396970289,7
37,67,stroke,100,6,2,L2,pre_reset,0.44784379220796694,0.552156207792033,7
37,68,stroke,100,6,0,L1,spike50,0.8215661297173673,0.1784338702826327,20
37,68,stroke,100,6,0,L1,syn_current,0.9755950861319117,0.024404913868088296,21
37,68,stroke,100,6,0,L1,pre_reset,0.9585298159594741,0.04147018404052594,21
37,68,stroke,100,6,0,L2,spike50,0.6368206149181128,0.3631793850818872,18
37,68,stroke,100,6,0,L2,syn_current,0.80299009380401,0.19700990619599001,20
37,68,stroke,100,6,0,L2,pre_reset,0.8028751407025065,0.19712485929749346,20
37,68,stroke,100,6,1,L1,spike50,0.7345787438573405,0.26542125614265955,20
37,68,stroke,100,6,1,L1,syn_current,0.9558342876317878,0.04416571236821221,20
37,68,stroke,100,6,1,L1,pre_reset,0.9453012849037101,0.054698715096289874,20
37,68,stroke,100,6,1,L2,spike50,0.5235314705944794,0.47646852940552065,20
37,68,stroke,100,6,1,L2,syn_current,0.7557335330137649,0.2442664669862351,20
37,68,stroke,100,6,1,L2,pre_reset,0.734676547915347,0.265323452084653,20
37,71,stroke,100,6,0,L1,spike50,0.6956996686639132,0.3043003313360868,13
37,71,stroke,100,6,0,L1,syn_current,0.9455560636003617,0.05444393639963829,13
37,71,stroke,100,6,0,L1,pre_reset,0.9272460094212902,0.07275399057870979,13
37,71,stroke,100,6,0,L2,spike50,0.6123028591197425,0.38769714088025753,13
37,71,stroke,100,6,0,L2,syn_current,0.8054191482529766,0.19458085174702344,13
37,71,stroke,100,6,0,L2,pre_reset,0.798023764402837,0.20197623559716305,13
37,71,stroke,100,6,1,L1,spike50,0.8132435582970221,0.1867564417029779,20
37,71,stroke,100,6,1,L1,syn_current,0.9813254187196725,0.018674581280327507,21
37,71,stroke,100,6,1,L1,pre_reset,0.9680110648551287,0.03198893514487133,21
37,71,stroke,100,6,1,L2,spike50,0.6176917633446181,0.38230823665538194,15
37,71,stroke,100,6,1,L2,syn_current,0.6465205609851135,0.35347943901488654,20
37,71,stroke,100,6,1,L2,pre_reset,0.6363342658603699,0.3636657341396301,20
37,72,stroke,100,6,0,L1,spike50,0.7757394589750658,0.2242605410249342,11
37,72,stroke,100,6,0,L1,syn_current,0.9665611924008541,0.03343880759914586,11
37,72,stroke,100,6,0,L1,pre_reset,0.9391243606448367,0.06087563935516327,11
37,72,stroke,100,6,0,L2,spike50,0.6699687407451671,0.3300312592548329,10
37,72,stroke,100,6,0,L2,syn_current,0.8304476496072358,0.16955235039276417,11
37,72,stroke,100,6,0,L2,pre_reset,0.8061276125853625,0.19387238741463753,11
37,72,stroke,100,6,1,L1,spike50,0.9097314311209733,0.09026856887902668,12
37,72,stroke,100,6,1,L1,syn_current,0.9849939415539035,0.015006058446096482,12
37,72,stroke,100,6,1,L1,pre_reset,0.97150943694858,0.028490563051419948,12
37,72,stroke,100,6,1,L2,spike50,0.5189127065168715,0.4810872934831285,12
37,72,stroke,100,6,1,L2,syn_current,0.6624805588273873,0.3375194411726127,12
37,72,stroke,100,6,1,L2,pre_reset,0.6503654759055635,0.3496345240944365,12
37,72,stroke,100,6,2,L1,spike50,0.7656262018692392,0.23437379813076076,15
37,72,stroke,100,6,2,L1,syn_current,0.9566706387589188,0.04332936124108122,16
37,72,stroke,100,6,2,L1,pre_reset,0.9393426889462515,0.0606573110537485,16
37,72,stroke,100,6,2,L2,spike50,0.5752700168679069,0.4247299831320931,15
37,72,stroke,100,6,2,L2,syn_current,0.8213520905196866,0.1786479094803134,15
37,72,stroke,100,6,2,L2,pre_reset,0.8120885659872941,0.18791143401270594,15
37,73,stroke,100,6,0,L1,spike50,1.0,0.0,14
37,73,stroke,100,6,0,L1,syn_current,1.0,0.0,14
37,73,stroke,100,6,0,L1,pre_reset,1.0,0.0,14
37,73,stroke,100,6,0,L2,spike50,1.0,0.0,14
37,73,stroke,100,6,0,L2,syn_current,1.0,0.0,14
37,73,stroke,100,6,0,L2,pre_reset,1.0,0.0,14
37,73,stroke,100,6,1,L1,spike50,0.9321938290000938,0.06780617099990616,15
37,73,stroke,100,6,1,L1,syn_current,0.9908457514912611,0.009154248508738916,15
37,73,stroke,100,6,1,L1,pre_reset,0.98061418434401,0.019385815655989957,15
37,73,stroke,100,6,1,L2,spike50,0.7429573611254463,0.2570426388745537,15
37,73,stroke,100,6,1,L2,syn_current,0.8564986169336616,0.14350138306633842,15
37,73,stroke,100,6,1,L2,pre_reset,0.8500255336329537,0.14997446636704626,15
37,73,stroke,100,6,2,L1,spike50,0.9409711484272483,0.05902885157275173,7
37,73,stroke,100,6,2,L1,syn_current,0.9913825692874421,0.008617430712557939,7
37,73,stroke,100,6,2,L1,pre_reset,0.9811947175036746,0.018805282496325404,7
37,73,stroke,100,6,2,L2,spike50,0.8667707637076029,0.13322923629239714,7
37,73,stroke,100,6,2,L2,syn_current,0.9360326622834751,0.06396733771652485,7
37,73,stroke,100,6,2,L2,pre_reset,0.9399286731423423,0.0600713268576577,7
37,74,stroke,100,6,0,L1,spike50,0.7751442338335822,0.22485576616641778,10
37,74,stroke,100,6,0,L1,syn_current,0.9686382278102723,0.03136177218972769,10
37,74,stroke,100,6,0,L1,pre_reset,0.9475185976795559,0.05248140232044407,10
37,74,stroke,100,6,0,L2,spike50,0.6313492643822249,0.36865073561777506,10
37,74,stroke,100,6,0,L2,syn_current,0.7847166841666054,0.21528331583339455,10
37,74,stroke,100,6,0,L2,pre_reset,0.7452101516092002,0.25478984839079977,10
37,74,stroke,100,6,1,L1,spike50,0.797737205262125,0.202262794737875,20
37,74,stroke,100,6,1,L1,syn_current,0.9670060471159255,0.03299395288407447,20
37,74,stroke,100,6,1,L1,pre_reset,0.9536602321981423,0.04633976780185767,20
37,74,stroke,100,6,1,L2,spike50,0.6414880172033139,0.35851198279668606,20
37,74,stroke,100,6,1,L2,syn_current,0.7525228324574629,0.24747716754253712,20
37,74,stroke,100,6,1,L2,pre_reset,0.7240881704572296,0.2759118295427704,20
37,76,stroke,100,6,0,L1,spike50,0.7571905445734775,0.24280945542652255,11
37,76,stroke,100,6,0,L1,syn_current,0.8459164142839031,0.15408358571609693,21
37,76,stroke,100,6,0,L1,pre_reset,0.8220041873707099,0.1779958126292901,21
37,76,stroke,100,6,0,L2,spike50,0.2258158067077495,0.7741841932922505,9
37,76,stroke,100,6,0,L2,syn_current,0.23809441071909007,0.7619055892809099,11
37,76,stroke,100,6,0,L2,pre_reset,0.16426213585111157,0.8357378641488884,11
37,76,stroke,100,6,1,L1,spike50,0.9512143274716713,0.04878567252832866,54
37,76,stroke,100,6,1,L1,syn_current,0.989058657911259,0.01094134208874098,61
37,76,stroke,100,6,1,L1,pre_reset,0.97823022523928,0.02176977476071995,61
37,76,stroke,100,6,1,L2,spike50,0.9066720743032369,0.09332792569676307,52
37,76,stroke,100,6,1,L2,syn_current,0.9255570577987293,0.07444294220127068,54
37,76,stroke,100,6,1,L2,pre_reset,0.9219959065125153,0.07800409348748472,54
37,77,stroke,100,6,0,L1,spike50,0.8400861669210904,0.1599138330789096,17
37,77,stroke,100,6,0,L1,syn_current,0.9619991286830476,0.0380008713169524,20
37,77,stroke,100,6,0,L1,pre_reset,0.9484248234266159,0.05157517657338406,20
37,77,stroke,100,6,0,L2,spike50,0.6137345343986785,0.38626546560132147,16
37,77,stroke,100,6,0,L2,syn_current,0.7708305429619545,0.22916945703804548,17
37,77,stroke,100,6,0,L2,pre_reset,0.7477618265014727,0.2522381734985273,17
37,77,stroke,100,6,1,L1,spike50,0.8692773497568194,0.13072265024318064,18
37,77,stroke,100,6,1,L1,syn_current,0.9570533585976342,0.042946641402365815,20
37,77,stroke,100,6,1,L1,pre_reset,0.9376933564275725,0.062306643572427545,20
37,77,stroke,100,6,1,L2,spike50,0.7383928142831196,0.26160718571688035,18
37,77,stroke,100,6,1,L2,syn_current,0.8566547292121424,0.14334527078785764,18
37,77,stroke,100,6,1,L2,pre_reset,0.8414964599761559,0.15850354002384415,18
37,78,stroke,100,6,0,L1,spike50,0.62004612528718,0.37995387471282005,9
37,78,stroke,100,6,0,L1,syn_current,0.9002244460891659,0.09977555391083415,13
37,78,stroke,100,6,0,L1,pre_reset,0.8699267057760178,0.13007329422398217,13
37,78,stroke,100,6,0,L2,spike50,0.0972531535412195,0.9027468464587804,4
37,78,stroke,100,6,0,L2,syn_current,0.42177523506133713,0.5782247649386629,9
37,78,stroke,100,6,0,L2,pre_reset,0.42006794736434583,0.5799320526356542,9
37,78,stroke,100,6,1,L1,spike50,0.9485756202066884,0.0514243797933116,40
37,78,stroke,100,6,1,L1,syn_current,0.9979182381540597,0.002081761845940333,40
37,78,stroke,100,6,1,L1,pre_reset,0.9920720667090264,0.007927933290973632,40
37,78,stroke,100,6,1,L2,spike50,0.8738179981851225,0.1261820018148775,40
37,78,stroke,100,6,1,L2,syn_current,0.9127958361145794,0.08720416388542063,40
37,78,stroke,100,6,1,L2,pre_reset,0.895640856462778,0.10435914353722198,40
37,78,stroke,100,6,2,L1,spike50,0.6900067572927866,0.3099932427072134,11
37,78,stroke,100,6,2,L1,syn_current,0.9339834936213125,0.0660165063786875,14
37,78,stroke,100,6,2,L1,pre_reset,0.909774343752512,0.09022565624748802,14
37,78,stroke,100,6,2,L2,spike50,0.19529183308727416,0.8047081669127258,10
37,78,stroke,100,6,2,L2,syn_current,0.38818930211045327,0.6118106978895468,11
37,78,stroke,100,6,2,L2,pre_reset,0.36545769415804036,0.6345423058419597,11
37,79,stroke,100,6,0,L1,spike50,0.925122027692078,0.07487797230792204,18
37,79,stroke,100,6,0,L1,syn_current,0.9194905782448176,0.08050942175518239,47
37,79,stroke,100,6,0,L1,pre_reset,0.9068441236871719,0.09315587631282807,47
37,79,stroke,100,6,0,L2,spike50,0.8439940940918611,0.1560059059081389,16
37,79,stroke,100,6,0,L2,syn_current,0.9206301958026005,0.07936980419739947,18
37,79,stroke,100,6,0,L2,pre_reset,0.9046412152459903,0.09535878475400972,18
37,79,stroke,100,6,1,L1,spike50,0.7822211330754134,0.2177788669245866,34
37,79,stroke,100,6,1,L1,syn_current,0.9711253221184988,0.02887467788150122,37
37,79,stroke,100,6,1,L1,pre_reset,0.9599126174675111,0.04008738253248889,37
37,79,stroke,100,6,1,L2,spike50,0.5906684884201889,0.40933151157981107,30
37,79,stroke,100,6,1,L2,syn_current,0.7337853752497037,0.26621462475029634,34
37,79,stroke,100,6,1,L2,pre_reset,0.7120610390726778,0.2879389609273222,34
37,81,stroke,100,6,0,L1,spike50,0.6457181740944842,0.3542818259055158,11
37,81,stroke,100,6,0,L1,syn_current,0.8826565483498847,0.11734345165011528,13
37,81,stroke,100,6,0,L1,pre_reset,0.8554535626242784,0.1445464373757216,13
37,81,stroke,100,6,0,L2,spike50,0.4032822912579366,0.5967177087420634,8
37,81,stroke,100,6,0,L2,syn_current,0.656272418552966,0.34372758144703397,11
37,81,stroke,100,6,0,L2,pre_reset,0.6222028277155184,0.3777971722844816,11
37,81,stroke,100,6,1,L1,spike50,0.8212536444053069,0.1787463555946931,9
37,81,stroke,100,6,1,L1,syn_current,0.9688234413508393,0.03117655864916069,22
37,81,stroke,100,6,1,L1,pre_reset,0.9573020271595417,0.04269797284045829,22
37,81,stroke,100,6,1,L2,spike50,0.7145393276735406,0.28546067232645944,6
37,81,stroke,100,6,1,L2,syn_current,0.7810415972937967,0.21895840270620326,9
37,81,stroke,100,6,1,L2,pre_reset,0.7889732391120352,0.2110267608879648,9
37,81,stroke,100,6,2,L1,spike50,0.9849898981962689,0.01501010180373108,16
37,81,stroke,100,6,2,L1,syn_current,0.9995023290908244,0.0004976709091756293,19
37,81,stroke,100,6,2,L1,pre_reset,0.9976228264566006,0.0023771735433993912,19
37,81,stroke,100,6,2,L2,spike50,0.8275796193840573,0.17242038061594267,19
37,81,stroke,100,6,2,L2,syn_current,0.9467868515120528,0.053213148487947226,19
37,81,stroke,100,6,2,L2,pre_reset,0.9323114267315283,0.06768857326847166,19
37,82,stroke,100,6,0,L1,spike50,0.7940004028790345,0.2059995971209655,17
37,82,stroke,100,6,0,L1,syn_current,0.9609161876222135,0.039083812377786464,19
37,82,stroke,100,6,0,L1,pre_reset,0.9477759237896285,0.052224076210371506,19
37,82,stroke,100,6,0,L2,spike50,0.4230187377349092,0.5769812622650907,17
37,82,stroke,100,6,0,L2,syn_current,0.6140088774797953,0.38599112252020473,17
37,82,stroke,100,6,0,L2,pre_reset,0.5676571660908901,0.4323428339091099,17
37,82,stroke,100,6,1,L1,spike50,0.8654780231183655,0.13452197688163448,25
37,82,stroke,100,6,1,L1,syn_current,0.9577955499772877,0.042204450022712336,34
37,82,stroke,100,6,1,L1,pre_reset,0.9396795564579911,0.06032044354200894,34
37,82,stroke,100,6,1,L2,spike50,0.5540253817205874,0.44597461827941265,24
37,82,stroke,100,6,1,L2,syn_current,0.7135322988486547,0.28646770115134534,25
37,82,stroke,100,6,1,L2,pre_reset,0.6615167293348978,0.3384832706651022,25
37,83,stroke,100,6,0,L1,spike50,0.8523896984788478,0.14761030152115218,19
37,83,stroke,100,6,0,L1,syn_current,0.9618657948441113,0.03813420515588872,20
37,83,stroke,100,6,0,L1,pre_reset,0.945025202367827,0.054974797632172945,20
37,83,stroke,100,6,0,L2,spike50,0.7173826035867432,0.2826173964132568,16
37,83,stroke,100,6,0,L2,syn_current,0.835291536766468,0.16470846323353205,19
37,83,stroke,100,6,0,L2,pre_reset,0.8269255405756702,0.17307445942432975,19
37,83,stroke,100,6,1,L1,spike50,0.9373141286083306,0.06268587139166937,14
37,83,stroke,100,6,1,L1,syn_current,0.9982744661004791,0.0017255338995209035,14
37,83,stroke,100,6,1,L1,pre_reset,0.9920462079936373,0.007953792006362703,14
37,83,stroke,100,6,1,L2,spike50,0.9661380084977543,0.03386199150224567,14
37,83,stroke,100,6,1,L2,syn_current,0.9816466308332742,0.018353369166725808,14
37,83,stroke,100,6,1,L2,pre_reset,0.9769465922087007,0.023053407791299274,14
37,83,stroke,100,6,2,L1,spike50,0.7891642890808861,0.2108357109191139,19
37,83,stroke,100,6,2,L1,syn_current,0.9771334986550093,0.022866501344990686,26
37,83,stroke,100,6,2,L1,pre_reset,0.9666326406410484,0.03336735935895163,26
37,83,stroke,100,6,2,L2,spike50,0.4121240558802803,0.5878759441197197,23
37,83,stroke,100,6,2,L2,syn_current,0.8525166594941433,0.14748334050585665,24
37,83,stroke,100,6,2,L2,pre_reset,0.842427509345313,0.15757249065468704,24
37,84,stroke,100,6,0,L1,spike50,0.8275495935258566,0.17245040647414345,16
37,84,stroke,100,6,0,L1,syn_current,0.9633830507071093,0.03661694929289072,16
37,84,stroke,100,6,0,L1,pre_reset,0.9430176562919934,0.05698234370800659,16
37,84,stroke,100,6,0,L2,spike50,0.5046930022633079,0.49530699773669207,16
37,84,stroke,100,6,0,L2,syn_current,0.6866042979914704,0.3133957020085296,16
37,84,stroke,100,6,0,L2,pre_reset,0.6713758507560736,0.32862414924392636,16
37,84,stroke,100,6,1,L1,spike50,0.7077538513386202,0.29224614866137977,19
37,84,stroke,100,6,1,L1,syn_current,0.9564680298976279,0.043531970102372086,19
37,84,stroke,100,6,1,L1,pre_reset,0.9473381498000245,0.05266185019997549,19
37,84,stroke,100,6,1,L2,spike50,0.4579625969254198,0.5420374030745803,19
37,84,stroke,100,6,1,L2,syn_current,0.5982109389353909,0.4017890610646091,19
37,84,stroke,100,6,1,L2,pre_reset,0.5767578613527027,0.4232421386472973,19
37,84,stroke,100,6,2,L1,spike50,0.9594873921936102,0.04051260780638977,11
37,84,stroke,100,6,2,L1,syn_current,0.9985653005513591,0.0014346994486409415,11
37,84,stroke,100,6,2,L1,pre_reset,0.992425674589721,0.007574325410279026,11
37,84,stroke,100,6,2,L2,spike50,0.8650841928201793,0.13491580717982066,11
37,84,stroke,100,6,2,L2,syn_current,0.9395742624097282,0.06042573759027181,11
37,84,stroke,100,6,2,L2,pre_reset,0.9287395337065191,0.07126046629348093,11
37,85,stroke,100,6,0,L1,spike50,0.7468306477603346,0.2531693522396654,19
37,85,stroke,100,6,0,L1,syn_current,0.9733611494769677,0.026638850523032276,19
37,85,stroke,100,6,0,L1,pre_reset,0.9614409086332779,0.03855909136672209,19
37,85,stroke,100,6,0,L2,spike50,0.49822649976540245,0.5017735002345975,18
37,85,stroke,100,6,0,L2,syn_current,0.7099485416357425,0.2900514583642575,19
37,85,stroke,100,6,0,L2,pre_reset,0.7008054187888152,0.2991945812111848,19
37,85,stroke,100,6,1,L1,spike50,0.7401951832863417,0.2598048167136583,38
37,85,stroke,100,6,1,L1,syn_current,0.9856291220277117,0.01437087797228831,38
37,85,stroke,100,6,1,L1,pre_reset,0.9761530130021178,0.023846986997882236,38
37,85,stroke,100,6,1,L2,spike50,0.6878492017426033,0.31215079825739667,37
37,85,stroke,100,6,1,L2,syn_current,0.8110754300899682,0.18892456991003181,38
37,85,stroke,100,6,1,L2,pre_reset,0.796437161747796,0.203562838252204,38
37,86,stroke,100,6,0,L1,spike50,0.8289270624439492,0.1710729375560508,11
37,86,stroke,100,6,0,L1,syn_current,0.9682263002224023,0.0317736997775977,14
37,86,stroke,100,6,0,L1,pre_reset,0.9532995882505167,0.04670041174948325,14
37,86,stroke,100,6,0,L2,spike50,0.6151057611791236,0.38489423882087637,11
37,86,stroke,100,6,0,L2,syn_current,0.872431351126333,0.12756864887366703,11
37,86,stroke,100,6,0,L2,pre_reset,0.860188353934189,0.13981164606581098,11
37,86,stroke,100,6,1,L1,spike50,0.6486655513409176,0.35133444865908237,10
37,86,stroke,100,6,1,L1,syn_current,0.946617251773256,0.05338274822674405,12
37,86,stroke,100,6,1,L1,pre_reset,0.9245076849469779,0.07549231505302212,12
37,86,stroke,100,6,1,L2,spike50,0.4376877804592751,0.5623122195407249,10
37,86,stroke,100,6,1,L2,syn_current,0.716397683390768,0.28360231660923196,10
37,86,stroke,100,6,1,L2,pre_reset,0.6706105486971223,0.32938945130287767,10
37,86,stroke,100,6,2,L1,spike50,0.9164848053719122,0.08351519462808776,20
37,86,stroke,100,6,2,L1,syn_current,0.9971659798178323,0.002834020182167718,20
37,86,stroke,100,6,2,L1,pre_reset,0.9895833136827104,0.010416686317289647,20
37,86,stroke,100,6,2,L2,spike50,0.7764284852276526,0.22357151477234738,20
37,86,stroke,100,6,2,L2,syn_current,0.9254105842564819,0.07458941574351807,20
37,86,stroke,100,6,2,L2,pre_reset,0.9213890549950676,0.07861094500493238,20
37,87,stroke,100,6,0,L1,spike50,1.0,0.0,11
37,87,stroke,100,6,0,L1,syn_current,1.0,0.0,11
37,87,stroke,100,6,0,L1,pre_reset,1.0,0.0,11
37,87,stroke,100,6,0,L2,spike50,1.0,0.0,9
37,87,stroke,100,6,0,L2,syn_current,1.0,0.0,11
37,87,stroke,100,6,0,L2,pre_reset,1.0,0.0,11
37,87,stroke,100,6,1,L1,spike50,0.9525805825613999,0.04741941743860012,25
37,87,stroke,100,6,1,L1,syn_current,0.9943491157574437,0.005650884242556331,25
37,87,stroke,100,6,1,L1,pre_reset,0.9863615337604656,0.013638466239534353,25
37,87,stroke,100,6,1,L2,spike50,0.7788612557095318,0.2211387442904682,25
37,87,stroke,100,6,1,L2,syn_current,0.904740598794943,0.09525940120505705,25
37,87,stroke,100,6,1,L2,pre_reset,0.9022436751121967,0.09775632488780328,25
37,87,stroke,100,6,2,L1,spike50,0.8875951437566653,0.11240485624333474,12
37,87,stroke,100,6,2,L1,syn_current,0.9779732201730279,0.022026779826972098,12
37,87,stroke,100,6,2,L1,pre_reset,0.9696353555703562,0.030364644429643817,12
37,87,stroke,100,6,2,L2,spike50,0.6338582979038221,0.3661417020961779,12
37,87,stroke,100,6,2,L2,syn_current,0.8271583610917458,0.1728416389082542,12
37,87,stroke,100,6,2,L2,pre_reset,0.8163732847045582,0.18362671529544183,12
37,88,stroke,100,6,0,L1,spike50,0.7093040429116392,0.2906959570883608,15
37,88,stroke,100,6,0,L1,syn_current,0.9187307142480894,0.08126928575191061,17
37,88,stroke,100,6,0,L1,pre_reset,0.8983614634589238,0.10163853654107624,17
37,88,stroke,100,6,0,L2,spike50,0.4234174216442435,0.5765825783557565,14
37,88,stroke,100,6,0,L2,syn_current,0.5114263078442862,0.4885736921557138,15
37,88,stroke,100,6,0,L2,pre_reset,0.4599264167689083,0.5400735832310917,15
37,88,stroke,100,6,1,L1,spike50,0.8713719181480656,0.12862808185193442,28
37,88,stroke,100,6,1,L1,syn_current,0.9757568967886844,0.02424310321131562,31
37,88,stroke,100,6,1,L1,pre_reset,0.9655111438988656,0.03448885610113439,31
37,88,stroke,100,6,1,L2,spike50,0.7086229661576767,0.2913770338423233,27
37,88,stroke,100,6,1,L2,syn_current,0.8188108326788418,0.1811891673211582,28
37,88,stroke,100,6,1,L2,pre_reset,0.7872450295754633,0.21275497042453673,28
37,90,stroke,100,6,0,L1,spike50,0.7163479971639185,0.2836520028360815,7
37,90,stroke,100,6,0,L1,syn_current,0.9556271587898153,0.0443728412101847,9
37,90,stroke,100,6,0,L1,pre_reset,0.9344569509571521,0.06554304904284791,9
37,90,stroke,100,6,0,L2,spike50,0.6021118773471089,0.3978881226528911,7
37,90,stroke,100,6,0,L2,syn_current,0.8685659348737199,0.1314340651262801,7
37,90,stroke,100,6,0,L2,pre_reset,0.8262557606043694,0.17374423939563055,7
37,90,stroke,100,6,1,L1,spike50,0.9502188823585426,0.04978111764145743,20
37,90,stroke,100,6,1,L1,syn_current,0.9972441584004365,0.0027558415995635466,20
37,90,stroke,100,6,1,L1,pre_reset,0.9888560529724784,0.011143947027521639,20
37,90,stroke,100,6,1,L2,spike50,0.8622895329245633,0.13771046707543666,20
37,90,stroke,100,6,1,L2,syn_current,0.9496415416817197,0.05035845831828034,20
37,90,stroke,100,6,1,L2,pre_reset,0.938021794204802,0.06197820579519797,20
37,90,stroke,100,6,2,L1,spike50,0.8653259562624562,0.13467404373754377,15
37,90,stroke,100,6,2,L1,syn_current,0.9769518658617328,0.02304813413826723,18
37,90,stroke,100,6,2,L1,pre_reset,0.9646239852048374,0.035376014795162614,18
37,90,stroke,100,6,2,L2,spike50,0.7212624132992862,0.2787375867007138,13
37,90,stroke,100,6,2,L2,syn_current,0.8523286851593616,0.14767131484063845,15
37,90,stroke,100,6,2,L2,pre_reset,0.8377794583658645,0.16222054163413546,15
37,91,stroke,100,6,0,L1,spike50,0.8335737951004553,0.16642620489954474,13
37,91,stroke,100,6,0,L1,syn_current,0.9560304995979393,0.04396950040206071,16
37,91,stroke,100,6,0,L1,pre_reset,0.9296247817461138,0.07037521825388615,16
37,91,stroke,100,6,0,L2,spike50,0.423619212762122,0.576380787237878,13
37,91,stroke,100,6,0,L2,syn_current,0.6084282815190274,0.3915717184809726,13
37,91,stroke,100,6,0,L2,pre_reset,0.5381770835510558,0.46182291644894424,13
37,91,stroke,100,6,1,L1,spike50,0.9386466811737139,0.06135331882628614,48
37,91,stroke,100,6,1,L1,syn_current,0.989855214075475,0.010144785924524946,50
37,91,stroke,100,6,1,L1,pre_reset,0.9812442273506784,0.0187557726493216,50
37,91,stroke,100,6,1,L2,spike50,0.8511073157716414,0.14889268422835855,48
37,91,stroke,100,6,1,L2,syn_current,0.9274636190926914,0.07253638090730863,48
37,91,stroke,100,6,1,L2,pre_reset,0.9249738513731178,0.07502614862688217,48
37,92,stroke,100,6,0,L1,spike50,0.8812369612917923,0.1187630387082077,16
37,92,stroke,100,6,0,L1,syn_current,0.9835426211266043,0.01645737887339571,18
37,92,stroke,100,6,0,L1,pre_reset,0.9700739403674165,0.029926059632583546,18
37,92,stroke,100,6,0,L2,spike50,0.7779692250769141,0.22203077492308587,16
37,92,stroke,100,6,0,L2,syn_current,0.9247859874781874,0.07521401252181259,16
37,92,stroke,100,6,0,L2,pre_reset,0.9236792406155561,0.07632075938444394,16
37,92,stroke,100,6,1,L1,spike50,0.7177417353804205,0.2822582646195795,13
37,92,stroke,100,6,1,L1,syn_current,0.9470579704249708,0.05294202957502925,16
37,92,stroke,100,6,1,L1,pre_reset,0.9258442563925403,0.07415574360745969,16
37,92,stroke,100,6,1,L2,spike50,0.455543384776599,0.5444566152234009,13
37,92,stroke,100,6,1,L2,syn_current,0.6790797243337777,0.3209202756662223,13
37,92,stroke,100,6,1,L2,pre_reset,0.6425876713830818,0.3574123286169182,13
37,93,stroke,100,6,0,L1,spike50,0.8035904569480156,0.19640954305198444,12
37,93,stroke,100,6,0,L1,syn_current,0.9512954830945588,0.0487045169054412,16
37,93,stroke,100,6,0,L1,pre_reset,0.9269341711071287,0.07306582889287128,16
37,93,stroke,100,6,0,L2,spike50,0.4641990374008886,0.5358009625991114,10
37,93,stroke,100,6,0,L2,syn_current,0.6424829978304005,0.3575170021695995,12
37,93,stroke,100,6,0,L2,pre_reset,0.6015222442955528,0.3984777557044472,12
37,93,stroke,100,6,1,L1,spike50,0.7219630282054524,0.27803697179454756,30
37,93,stroke,100,6,1,L1,syn_current,0.9748511416122991,0.025148858387700868,30
37,93,stroke,100,6,1,L1,pre_reset,0.9638973253633448,0.036102674636655174,30
37,93,stroke,100,6,1,L2,spike50,0.3243452146149177,0.6756547853850823,29
37,93,stroke,100,6,1,L2,syn_current,0.41655983524275736,0.5834401647572427,30
37,93,stroke,100,6,1,L2,pre_reset,0.3654313996172516,0.6345686003827484,30
37,96,stroke,100,6,0,L1,spike50,0.8459006242397804,0.1540993757602196,16
37,96,stroke,100,6,0,L1,syn_current,0.9750702447392524,0.024929755260747588,18
37,96,stroke,100,6,0,L1,pre_reset,0.9559792194345754,0.04402078056542458,18
37,96,stroke,100,6,0,L2,spike50,0.6975209570727166,0.30247904292728345,15
37,96,stroke,100,6,0,L2,syn_current,0.8439139501313229,0.15608604986867713,16
37,96,stroke,100,6,0,L2,pre_reset,0.823562088933972,0.17643791106602802,16
37,96,stroke,100,6,1,L1,spike50,0.8262409716909129,0.17375902830908707,44
37,96,stroke,100,6,1,L1,syn_current,0.9852107502275097,0.014789249772490298,45
37,96,stroke,100,6,1,L1,pre_reset,0.9770208166419652,0.022979183358034838,45
37,96,stroke,100,6,1,L2,spike50,0.7254081521039842,0.27459184789601576,44
37,96,stroke,100,6,1,L2,syn_current,0.8438561952113841,0.1561438047886159,44
37,96,stroke,100,6,1,L2,pre_reset,0.8245196791441757,0.17548032085582432,44
37,98,stroke,100,6,0,L1,spike50,0.8600262017423432,0.13997379825765677,14
37,98,stroke,100,6,0,L1,syn_current,0.9758849461783405,0.02411505382165946,16
37,98,stroke,100,6,0,L1,pre_reset,0.9625583786657183,0.03744162133428175,16
37,98,stroke,100,6,0,L2,spike50,0.7119358009445352,0.28806419905546476,14
37,98,stroke,100,6,0,L2,syn_current,0.8416261362183907,0.15837386378160934,14
37,98,stroke,100,6,0,L2,pre_reset,0.8248892261007834,0.1751107738992166,14
37,98,stroke,100,6,1,L1,spike50,0.670960171505902,0.32903982849409796,18
37,98,stroke,100,6,1,L1,syn_current,0.9566120286153399,0.04338797138466011,20
37,98,stroke,100,6,1,L1,pre_reset,0.9378165319829221,0.06218346801707786,20
37,98,stroke,100,6,1,L2,spike50,0.3676182593515378,0.6323817406484622,16
37,98,stroke,100,6,1,L2,syn_current,0.5423088096450149,0.45769119035498507,18
37,98,stroke,100,6,1,L2,pre_reset,0.5025441779275915,0.49745582207240846,18
37,98,stroke,100,6,2,L1,spike50,0.9004995711143226,0.09950042888567745,15
37,98,stroke,100,6,2,L1,syn_current,0.98702737060475,0.012972629395250013,15
37,98,stroke,100,6,2,L1,pre_reset,0.9749604288031954,0.025039571196804555,15
37,98,stroke,100,6,2,L2,spike50,0.7562623790140831,0.2437376209859169,15
37,98,stroke,100,6,2,L2,syn_current,0.8579909815425871,0.14200901845741287,15
37,98,stroke,100,6,2,L2,pre_reset,0.8538436017307754,0.14615639826922455,15
37,100,stroke,100,6,0,L1,spike50,0.8459322193356283,0.15406778066437166,13
37,100,stroke,100,6,0,L1,syn_current,0.960549128696615,0.03945087130338498,18
37,100,stroke,100,6,0,L1,pre_reset,0.9450329969513014,0.054967003048698615,18
37,100,stroke,100,6,0,L2,spike50,0.6375190151676527,0.36248098483234725,11
37,100,stroke,100,6,0,L2,syn_current,0.8480423882879381,0.1519576117120619,13
37,100,stroke,100,6,0,L2,pre_reset,0.8379471651174485,0.1620528348825515,13
37,100,stroke,100,6,1,L1,spike50,0.5779269693015896,0.4220730306984104,5
37,100,stroke,100,6,1,L1,syn_current,0.9086655149155403,0.09133448508445974,15
37,100,stroke,100,6,1,L1,pre_reset,0.885538272117694,0.11446172788230602,15
37,100,stroke,100,6,1,L2,spike50,,,0
37,100,stroke,100,6,1,L2,syn_current,0.43439408969048954,0.5656059103095105,5
37,100,stroke,100,6,1,L2,pre_reset,0.4738020931309691,0.5261979068690309,5
37,100,stroke,100,6,2,L1,spike50,0.8922959248080147,0.10770407519198533,21
37,100,stroke,100,6,2,L1,syn_current,0.9976030709275568,0.0023969290724431547,22
37,100,stroke,100,6,2,L1,pre_reset,0.9903287983224345,0.009671201677565522,22
37,100,stroke,100,6,2,L2,spike50,0.7103372407944825,0.28966275920551754,17
37,100,stroke,100,6,2,L2,syn_current,0.7865764165660069,0.21342358343399315,22
37,100,stroke,100,6,2,L2,pre_reset,0.7942202065687011,0.20577979343129893,22
37,101,stroke,100,6,0,L1,spike50,0.7678388772414797,0.2321611227585203,19
37,101,stroke,100,6,0,L1,syn_current,0.9400675369435975,0.05993246305640254,20
37,101,stroke,100,6,0,L1,pre_reset,0.916655879495776,0.08334412050422402,20
37,101,stroke,100,6,0,L2,spike50,0.2661501582519155,0.7338498417480845,17
37,101,stroke,100,6,0,L2,syn_current,0.45604937910746174,0.5439506208925382,19
37,101,stroke,100,6,0,L2,pre_reset,0.4196095353471189,0.580390464652881,19
37,101,stroke,100,6,1,L1,spike50,0.9259232459813735,0.07407675401862646,48
37,101,stroke,100,6,1,L1,syn_current,0.9802892931976602,0.019710706802339772,53
37,101,stroke,100,6,1,L1,pre_reset,0.9665707720422831,0.033429227957716856,53
37,101,stroke,100,6,1,L2,spike50,0.7643303568145775,0.2356696431854225,47
37,101,stroke,100,6,1,L2,syn_current,0.840537279905954,0.15946272009404605,48
37,101,stroke,100,6,1,L2,pre_reset,0.8301129060012409,0.16988709399875912,48
37,102,stroke,100,6,0,L1,spike50,0.8528372632142485,0.14716273678575154,2
37,102,stroke,100,6,0,L1,syn_current,0.8829249160192767,0.1170750839807233,10
37,102,stroke,100,6,0,L1,pre_reset,0.8645999689316403,0.13540003106835974,10
37,102,stroke,100,6,0,L2,spike50,,,0
37,102,stroke,100,6,0,L2,syn_current,0.32032889094943184,0.6796711090505682,2
37,102,stroke,100,6,0,L2,pre_reset,0.3089153499237962,0.6910846500762038,2
37,102,stroke,100,6,1,L1,spike50,0.8831868530233161,0.11681314697668388,12
37,102,stroke,100,6,1,L1,syn_current,0.9735194414642289,0.026480558535771137,21
37,102,stroke,100,6,1,L1,pre_reset,0.9573813550865257,0.042618644913474335,21
37,102,stroke,100,6,1,L2,spike50,0.7884324674292678,0.21156753257073224,10
37,102,stroke,100,6,1,L2,syn_current,0.9084584142045736,0.09154158579542637,12
37,102,stroke,100,6,1,L2,pre_reset,0.8918013260025485,0.10819867399745153,12
37,102,stroke,100,6,2,L1,spike50,0.9248533722908315,0.07514662770916847,16
37,102,stroke,100,6,2,L1,syn_current,0.9996901284918842,0.0003098715081157888,16
37,102,stroke,100,6,2,L1,pre_reset,0.9922055610775073,0.0077944389224926525,16
37,102,stroke,100,6,2,L2,spike50,0.8941760041249831,0.1058239958750169,16
37,102,stroke,100,6,2,L2,syn_current,0.9607531276915133,0.03924687230848667,16
37,102,stroke,100,6,2,L2,pre_reset,0.9683851159421485,0.03161488405785151,16
37,103,stroke,100,6,0,L1,spike50,0.9204727442848522,0.07952725571514785,27
37,103,stroke,100,6,0,L1,syn_current,0.922744518457819,0.07725548154218098,37
37,103,stroke,100,6,0,L1,pre_reset,0.9016721163759387,0.09832788362406131,37
37,103,stroke,100,6,0,L2,spike50,0.7382462635301452,0.2617537364698548,26
37,103,stroke,100,6,0,L2,syn_current,0.8425777620639847,0.15742223793601529,27
37,103,stroke,100,6,0,L2,pre_reset,0.8219216010727342,0.17807839892726585,27
37,103,stroke,100,6,1,L1,spike50,0.8442976306439749,0.1557023693560251,30
37,103,stroke,100,6,1,L1,syn_current,0.9610595669473678,0.03894043305263217,33
37,103,stroke,100,6,1,L1,pre_reset,0.9418777572302179,0.05812224276978206,33
37,103,stroke,100,6,1,L2,spike50,0.5773491257855398,0.42265087421446024,29
37,103,stroke,100,6,1,L2,syn_current,0.664273052987887,0.33572694701211303,30
37,103,stroke,100,6,1,L2,pre_reset,0.6238156574422802,0.3761843425577198,30
37,104,stroke,100,6,0,L1,spike50,0.7196765201045652,0.2803234798954348,10
37,104,stroke,100,6,0,L1,syn_current,0.9395701755234779,0.06042982447652212,12
37,104,stroke,100,6,0,L1,pre_reset,0.9260639186298478,0.07393608137015217,12
37,104,stroke,100,6,0,L2,spike50,0.21158262160833533,0.7884173783916647,5
37,104,stroke,100,6,0,L2,syn_current,0.46231720679073585,0.5376827932092642,10
37,104,stroke,100,6,0,L2,pre_reset,0.46201280949675894,0.5379871905032411,10
37,104,stroke,100,6,1,L1,spike50,0.8937431769662366,0.10625682303376338,21
37,104,stroke,100,6,1,L1,syn_current,0.9771479581954234,0.02285204180457656,33
37,104,stroke,100,6,1,L1,pre_reset,0.9639260002511661,0.03607399974883385,33
37,104,stroke,100,6,1,L2,spike50,0.6596503471454904,0.3403496528545096,20
37,104,stroke,100,6,1,L2,syn_current,0.7719907046934179,0.2280092953065821,21
37,104,stroke,100,6,1,L2,pre_reset,0.7412257260930462,0.25877427390695384,21
37,104,stroke,100,6,2,L1,spike50,0.9824691659557463,0.017530834044253707,14
37,104,stroke,100,6,2,L1,syn_current,0.9999499630277956,5.003697220440362e-05,14
37,104,stroke,100,6,2,L1,pre_reset,0.9961800129618991,0.003819987038100936,14
37,104,stroke,100,6,2,L2,spike50,0.96990336411126,0.03009663588874001,14
37,104,stroke,100,6,2,L2,syn_current,0.9861334883376438,0.013866511662356196,14
37,104,stroke,100,6,2,L2,pre_reset,0.9861536949516153,0.013846305048384688,14
37,105,stroke,100,6,0,L1,spike50,0.8036600748286606,0.19633992517133936,16
37,105,stroke,100,6,0,L1,syn_current,0.9536266221328437,0.04637337786715634,18
37,105,stroke,100,6,0,L1,pre_reset,0.9219795378445558,0.07802046215544423,18
37,105,stroke,100,6,0,L2,spike50,0.5024337025004996,0.49756629749950043,15
37,105,stroke,100,6,0,L2,syn_current,0.6816843901922887,0.31831560980771134,16
37,105,stroke,100,6,0,L2,pre_reset,0.6538688023723779,0.3461311976276221,16
37,105,stroke,100,6,1,L1,spike50,0.9090281935704679,0.09097180642953206,48
37,105,stroke,100,6,1,L1,syn_current,0.9770268763919582,0.022973123608041823,51
37,105,stroke,100,6,1,L1,pre_reset,0.9640077547515727,0.03599224524842726,51
37,105,stroke,100,6,1,L2,spike50,0.7331767115325464,0.2668232884674536,47
37,105,stroke,100,6,1,L2,syn_current,0.8050087444646935,0.1949912555353065,48
37,105,stroke,100,6,1,L2,pre_reset,0.7786479376328663,0.22135206236713367,48
37,106,stroke,100,6,0,L1,spike50,0.7356023177097781,0.26439768229022187,12
37,106,stroke,100,6,0,L1,syn_current,0.9351425661389651,0.06485743386103493,12
37,106,stroke,100,6,0,L1,pre_reset,0.9142816105234197,0.08571838947658028,12
37,106,stroke,100,6,0,L2,spike50,0.5317197810823401,0.4682802189176599,12
37,106,stroke,100,6,0,L2,syn_current,0.7498431137923368,0.2501568862076632,12
37,106,stroke,100,6,0,L2,pre_reset,0.7000850106344708,0.2999149893655292,12
37,106,stroke,100,6,1,L1,spike50,0.8843851256749017,0.11561487432509832,13
37,106,stroke,100,6,1,L1,syn_current,0.9756765445240683,0.024323455475931732,13
37,106,stroke,100,6,1,L1,pre_reset,0.9627178610381968,0.03728213896180321,13
37,106,stroke,100,6,1,L2,spike50,0.6725332740906859,0.32746672590931414,13
37,106,stroke,100,6,1,L2,syn_current,0.8348478385461391,0.1651521614538609,13
37,106,stroke,100,6,1,L2,pre_reset,0.8039886779657816,0.19601132203421845,13
37,107,stroke,100,6,0,L1,spike50,0.5274837818411907,0.4725162181588093,9
37,107,stroke,100,6,0,L1,syn_current,0.8966777872232561,0.10332221277674392,10
37,107,stroke,100,6,0,L1,pre_reset,0.880626342768139,0.119373657231861,10
37,107,stroke,100,6,0,L2,spike50,0.2842813001094987,0.7157186998905013,8
37,107,stroke,100,6,0,L2,syn_current,0.6048897859001728,0.39511021409982716,9
37,107,stroke,100,6,0,L2,pre_reset,0.5566012245003694,0.4433987754996306,9
37,107,stroke,100,6,1,L1,spike50,0.961999623062823,0.03800037693717695,11
37,107,stroke,100,6,1,L1,syn_current,0.9967220867884009,0.0032779132115990928,11
37,107,stroke,100,6,1,L1,pre_reset,0.9916138678148009,0.008386132185199124,11
37,107,stroke,100,6,1,L2,spike50,0.8221569772081903,0.17784302279180975,11
37,107,stroke,100,6,1,L2,syn_current,0.9369485219982997,0.0630514780017003,11
37,107,stroke,100,6,1,L2,pre_reset,0.9171067734476502,0.08289322655234976,11
37,107,stroke,100,6,2,L1,spike50,0.7712018418528803,0.22879815814711968,24
37,107,stroke,100,6,2,L1,syn_current,0.9345882424274756,0.06541175757252438,27
37,107,stroke,100,6,2,L1,pre_reset,0.9207063094200721,0.07929369057992786,27
37,107,stroke,100,6,2,L2,spike50,0.4785661957038662,0.5214338042961337,24
37,107,stroke,100,6,2,L2,syn_current,0.6205899177710007,0.3794100822289993,24
37,107,stroke,100,6,2,L2,pre_reset,0.5814211271178714,0.4185788728821286,24
37,110,stroke,100,6,0,L1,spike50,0.6363925199439883,0.36360748005601173,12
37,110,stroke,100,6,0,L1,syn_current,0.9393077369627195,0.06069226303728048,14
37,110,stroke,100,6,0,L1,pre_reset,0.9245992512881215,0.07540074871187852,14
37,110,stroke,100,6,0,L2,spike50,0.49219155010341725,0.5078084498965827,12
37,110,stroke,100,6,0,L2,syn_current,0.6069272812012984,0.39307271879870165,12
37,110,stroke,100,6,0,L2,pre_reset,0.5662464864891282,0.43375351351087177,12
37,110,stroke,100,6,1,L1,spike50,0.8843422849704142,0.11565771502958577,20
37,110,stroke,100,6,1,L1,syn_current,0.9877437531662983,0.012256246833701745,20
37,110,stroke,100,6,1,L1,pre_reset,0.9749309682186104,0.02506903178138964,20
37,110,stroke,100,6,1,L2,spike50,0.8021238058000162,0.1978761941999838,20
37,110,stroke,100,6,1,L2,syn_current,0.8983485148540025,0.10165148514599753,20
37,110,stroke,100,6,1,L2,pre_reset,0.8914540149083526,0.10854598509164737,20
37,111,stroke,100,6,0,L1,spike50,0.7131262649003962,0.2868737350996038,13
37,111,stroke,100,6,0,L1,syn_current,0.9532153572739174,0.046784642726082626,13
37,111,stroke,100,6,0,L1,pre_reset,0.9366393165580001,0.06336068344199985,13
37,111,stroke,100,6,0,L2,spike50,0.41460847832055736,0.5853915216794426,13
37,111,stroke,100,6,0,L2,syn_current,0.5733754001565566,0.42662459984344336,13
37,111,stroke,100,6,0,L2,pre_reset,0.5332631144007306,0.4667368855992694,13
37,111,stroke,100,6,1,L1,spike50,0.9367372568446428,0.06326274315535718,13
37,111,stroke,100,6,1,L1,syn_current,0.993521794933329,0.006478205066670961,13
37,111,stroke,100,6,1,L1,pre_reset,0.9856478954496322,0.014352104550367839,13
37,111,stroke,100,6,1,L2,spike50,0.6649907245620554,0.33500927543794456,13
37,111,stroke,100,6,1,L2,syn_current,0.8037311615765628,0.19626883842343723,13
37,111,stroke,100,6,1,L2,pre_reset,0.7912365561676743,0.2087634438323257,13
37,111,stroke,100,6,2,L1,spike50,0.8058134818228201,0.1941865181771799,14
37,111,stroke,100,6,2,L1,syn_current,0.9636135029368065,0.036386497063193524,14
37,111,stroke,100,6,2,L1,pre_reset,0.9484798650136766,0.05152013498632335,14
37,111,stroke,100,6,2,L2,spike50,0.5440377923651826,0.45596220763481743,14
37,111,stroke,100,6,2,L2,syn_current,0.7836843895642429,0.2163156104357571,14
37,111,stroke,100,6,2,L2,pre_reset,0.7691604694580818,0.2308395305419182,14
37,112,stroke,100,6,0,L1,spike50,1.0,0.0,13
37,112,stroke,100,6,0,L1,syn_current,1.0,0.0,13
37,112,stroke,100,6,0,L1,pre_reset,1.0,0.0,13
37,112,stroke,100,6,0,L2,spike50,1.0,0.0,13
37,112,stroke,100,6,0,L2,syn_current,1.0,0.0,13
37,112,stroke,100,6,0,L2,pre_reset,1.0,0.0,13
37,112,stroke,100,6,1,L1,spike50,0.9217318910180546,0.07826810898194536,13
37,112,stroke,100,6,1,L1,syn_current,0.9856804862053354,0.014319513794664562,13
37,112,stroke,100,6,1,L1,pre_reset,0.973364264622355,0.026635735377644965,13
37,112,stroke,100,6,1,L2,spike50,0.6730965988314952,0.3269034011685048,13
37,112,stroke,100,6,1,L2,syn_current,0.8794254403740761,0.1205745596259239,13
37,112,stroke,100,6,1,L2,pre_reset,0.8744628380503876,0.1255371619496124,13
37,112,stroke,100,6,2,L1,spike50,0.8472340409488084,0.1527659590511916,11
37,112,stroke,100,6,2,L1,syn_current,0.9814130661269362,0.01858693387306376,11
37,112,stroke,100,6,2,L1,pre_reset,0.9684925972305872,0.03150740276941277,11
37,112,stroke,100,6,2,L2,spike50,0.6462651871021201,0.3537348128978799,11
37,112,stroke,100,6,2,L2,syn_current,0.8530308670624315,0.14696913293756853,11
37,112,stroke,100,6,2,L2,pre_reset,0.856925444634506,0.14307455536549396,11
37,113,stroke,100,6,0,L1,spike50,0.6884197120418438,0.3115802879581562,11
37,113,stroke,100,6,0,L1,syn_current,0.9518498672049165,0.04815013279508351,12
37,113,stroke,100,6,0,L1,pre_reset,0.9323684001670051,0.06763159983299494,12
37,113,stroke,100,6,0,L2,spike50,0.3648632420398913,0.6351367579601087,11
37,113,stroke,100,6,0,L2,syn_current,0.5926009080050764,0.40739909199492363,11
37,113,stroke,100,6,0,L2,pre_reset,0.5625053888404898,0.43749461115951016,11
37,113,stroke,100,6,1,L1,spike50,0.9187600018851597,0.08123999811484028,27
37,113,stroke,100,6,1,L1,syn_current,0.9893485650508305,0.010651434949169536,27
37,113,stroke,100,6,1,L1,pre_reset,0.9781949047048428,0.021805095295157173,27
37,113,stroke,100,6,1,L2,spike50,0.7948409710418163,0.20515902895818372,27
37,113,stroke,100,6,1,L2,syn_current,0.9093931903994082,0.09060680960059175,27
37,113,stroke,100,6,1,L2,pre_reset,0.9055093515344297,0.09449064846557031,27
37,114,stroke,100,6,0,L1,spike50,0.5859654960946238,0.4140345039053762,10
37,114,stroke,100,6,0,L1,syn_current,0.9476489128082511,0.05235108719174886,11
37,114,stroke,100,6,0,L1,pre_reset,0.9325124479293891,0.06748755207061086,11
37,114,stroke,100,6,0,L2,spike50,0.3712769281461337,0.6287230718538663,9
37,114,stroke,100,6,0,L2,syn_current,0.3463067763965786,0.6536932236034214,10
37,114,stroke,100,6,0,L2,pre_reset,0.30053465126863854,0.6994653487313615,10
37,114,stroke,100,6,1,L1,spike50,0.9604946607130677,0.03950533928693234,10
37,114,stroke,100,6,1,L1,syn_current,0.9974899889724427,0.002510011027557324,10
37,114,stroke,100,6,1,L1,pre_reset,0.9924870679293496,0.007512932070650402,10
37,114,stroke,100,6,1,L2,spike50,0.7871326967927439,0.2128673032072561,10
37,114,stroke,100,6,1,L2,syn_current,0.8929308554810775,0.10706914451892247,10
37,114,stroke,100,6,1,L2,pre_reset,0.861500528080305,0.13849947191969503,10
37,114,stroke,100,6,2,L1,spike50,0.8094885826436942,0.19051141735630583,12
37,114,stroke,100,6,2,L1,syn_current,0.9674660331912279,0.032533966808772075,12
37,114,stroke,100,6,2,L1,pre_reset,0.9485266119977008,0.05147338800229917,12
37,114,stroke,100,6,2,L2,spike50,0.6092510453571436,0.3907489546428564,12
37,114,stroke,100,6,2,L2,syn_current,0.8142355465125802,0.18576445348741977,12
37,114,stroke,100,6,2,L2,pre_reset,0.7967142218902774,0.2032857781097226,12
37,115,stroke,100,6,0,L1,spike50,0.6508231934452857,0.3491768065547143,8
37,115,stroke,100,6,0,L1,syn_current,0.9375198002308089,0.06248019976919106,8
37,115,stroke,100,6,0,L1,pre_reset,0.9078373566749556,0.09216264332504442,8
37,115,stroke,100,6,0,L2,spike50,0.5155766920061142,0.4844233079938858,7
37,115,stroke,100,6,0,L2,syn_current,0.5701280933042592,0.4298719066957408,8
37,115,stroke,100,6,0,L2,pre_reset,0.5186704077825317,0.4813295922174683,8
37,115,stroke,100,6,1,L1,spike50,0.9678243160235226,0.03217568397647741,10
37,115,stroke,100,6,1,L1,syn_current,0.9971363701394831,0.002863629860516914,10
37,115,stroke,100,6,1,L1,pre_reset,0.9920013476573653,0.007998652342634749,10
37,115,stroke,100,6,1,L2,spike50,0.8032028885177407,0.1967971114822593,10
37,115,stroke,100,6,1,L2,syn_current,0.9059654237749225,0.09403457622507749,10
37,115,stroke,100,6,1,L2,pre_reset,0.8780763832398751,0.12192361676012486,10
37,115,stroke,100,6,2,L1,spike50,0.7912007198456956,0.20879928015430438,21
37,115,stroke,100,6,2,L1,syn_current,0.9531649730070499,0.04683502699295006,21
37,115,stroke,100,6,2,L1,pre_reset,0.9417179791093628,0.058282020890637165,21
37,115,stroke,100,6,2,L2,spike50,0.5914277296171818,0.4085722703828182,21
37,115,stroke,100,6,2,L2,syn_current,0.6567601193751865,0.3432398806248135,21
37,115,stroke,100,6,2,L2,pre_reset,0.6141224322638204,0.38587756773617965,21
37,116,stroke,100,6,0,L1,spike50,0.5551950480373835,0.4448049519626165,10
37,116,stroke,100,6,0,L1,syn_current,0.9210463924135327,0.0789536075864673,10
37,116,stroke,100,6,0,L1,pre_reset,0.9100240053171598,0.08997599468284023,10
37,116,stroke,100,6,0,L2,spike50,0.37239649741437375,0.6276035025856262,10
37,116,stroke,100,6,0,L2,syn_current,0.4759788096404306,0.5240211903595694,10
37,116,stroke,100,6,0,L2,pre_reset,0.462436051109146,0.537563948890854,10
37,116,stroke,100,6,1,L1,spike50,0.893502301917468,0.10649769808253196,19
37,116,stroke,100,6,1,L1,syn_current,0.9869552725010056,0.013044727498994435,19
37,116,stroke,100,6,1,L1,pre_reset,0.97707673102248,0.02292326897751995,19
37,116,stroke,100,6,1,L2,spike50,0.7808083379579807,0.21919166204201934,19
37,116,stroke,100,6,1,L2,syn_current,0.8832223984246179,0.11677760157538208,19
37,116,stroke,100,6,1,L2,pre_reset,0.8802137272586423,0.11978627274135767,19
37,119,stroke,100,6,0,L1,spike50,0.6496245978752223,0.3503754021247777,15
37,119,stroke,100,6,0,L1,syn_current,0.9299537527276609,0.0700462472723391,15
37,119,stroke,100,6,0,L1,pre_reset,0.9115419012822887,0.08845809871771126,15
37,119,stroke,100,6,0,L2,spike50,0.2754988559953416,0.7245011440046585,15
37,119,stroke,100,6,0,L2,syn_current,0.3978024732646872,0.6021975267353128,15
37,119,stroke,100,6,0,L2,pre_reset,0.35554549183790324,0.6444545081620967,15
37,119,stroke,100,6,1,L1,spike50,0.8877739101879762,0.11222608981202375,38
37,119,stroke,100,6,1,L1,syn_current,0.9889196041942528,0.011080395805747156,38
37,119,stroke,100,6,1,L1,pre_reset,0.9811293886486027,0.018870611351397337,38
37,119,stroke,100,6,1,L2,spike50,0.7809308945560927,0.21906910544390734,37
37,119,stroke,100,6,1,L2,syn_current,0.8627504199716188,0.13724958002838117,38
37,119,stroke,100,6,1,L2,pre_reset,0.8535195129311104,0.1464804870688896,38
37,120,stroke,100,6,0,L1,spike50,0.7004516517030193,0.29954834829698074,11
37,120,stroke,100,6,0,L1,syn_current,0.911619434063343,0.088380565936657,11
37,120,stroke,100,6,0,L1,pre_reset,0.881939181687413,0.11806081831258697,11
37,120,stroke,100,6,0,L2,spike50,0.49738863384068316,0.5026113661593168,11
37,120,stroke,100,6,0,L2,syn_current,0.6842879338189932,0.3157120661810068,11
37,120,stroke,100,6,0,L2,pre_reset,0.653877256593133,0.346122743406867,11
37,120,stroke,100,6,1,L1,spike50,0.89131118082702,0.10868881917298001,10
37,120,stroke,100,6,1,L1,syn_current,0.9776318841936366,0.022368115806363442,10
37,120,stroke,100,6,1,L1,pre_reset,0.9660586464614027,0.033941353538597285,10
37,120,stroke,100,6,1,L2,spike50,0.7055823859023332,0.29441761409766676,10
37,120,stroke,100,6,1,L2,syn_current,0.883508348104448,0.116491651895552,10
37,120,stroke,100,6,1,L2,pre_reset,0.8659793211262616,0.13402067887373836,10
37,121,stroke,100,6,0,L1,spike50,0.7887258183922913,0.21127418160770872,12
37,121,stroke,100,6,0,L1,syn_current,0.9746562092614531,0.025343790738546867,12
37,121,stroke,100,6,0,L1,pre_reset,0.9635573712755766,0.03644262872442339,12
37,121,stroke,100,6,0,L2,spike50,0.6111859274062706,0.38881407259372935,12
37,121,stroke,100,6,0,L2,syn_current,0.7982501395575125,0.20174986044248755,12
37,121,stroke,100,6,0,L2,pre_reset,0.7794335563685358,0.22056644363146416,12
37,121,stroke,100,6,1,L1,spike50,0.9352124936844206,0.06478750631557939,44
37,121,stroke,100,6,1,L1,syn_current,0.9943749876551737,0.0056250123448262634,44
37,121,stroke,100,6,1,L1,pre_reset,0.9861635450941395,0.013836454905860496,44
37,121,stroke,100,6,1,L2,spike50,0.8342438916890322,0.16575610831096776,44
37,121,stroke,100,6,1,L2,syn_current,0.914520694249872,0.08547930575012797,44
37,121,stroke,100,6,1,L2,pre_reset,0.9138723069597532,0.08612769304024681,44
37,125,stroke,100,6,0,L1,spike50,0.6953506392990046,0.30464936070099535,12
37,125,stroke,100,6,0,L1,syn_current,0.9007831132991218,0.09921688670087825,16
37,125,stroke,100,6,0,L1,pre_reset,0.8685607650084883,0.13143923499151167,16
37,125,stroke,100,6,0,L2,spike50,0.4375996305592089,0.5624003694407911,11
37,125,stroke,100,6,0,L2,syn_current,0.47981522410761784,0.5201847758923821,12
37,125,stroke,100,6,0,L2,pre_reset,0.4200122709948708,0.5799877290051292,12
37,125,stroke,100,6,1,L1,spike50,0.9114125966301505,0.0885874033698495,29
37,125,stroke,100,6,1,L1,syn_current,0.98544097918773,0.014559020812270007,34
37,125,stroke,100,6,1,L1,pre_reset,0.9757568848110351,0.024243115188964937,34
37,125,stroke,100,6,1,L2,spike50,0.7505374134986313,0.24946258650136865,25
37,125,stroke,100,6,1,L2,syn_current,0.8188566078790047,0.18114339212099528,29
37,125,stroke,100,6,1,L2,pre_reset,0.821022481876449,0.178977518123551,29
37,126,stroke,100,6,0,L1,spike50,0.8368669198829602,0.16313308011703975,12
37,126,stroke,100,6,0,L1,syn_current,0.9450487059087124,0.05495129409128763,16
37,126,stroke,100,6,0,L1,pre_reset,0.9138829502249626,0.08611704977503742,16
37,126,stroke,100,6,0,L2,spike50,0.7103811135638882,0.2896188864361118,11
37,126,stroke,100,6,0,L2,syn_current,0.7614319844648284,0.2385680155351716,12
37,126,stroke,100,6,0,L2,pre_reset,0.7422024209781513,0.25779757902184874,12
37,126,stroke,100,6,1,L1,spike50,0.7413593876458987,0.2586406123541013,13
37,126,stroke,100,6,1,L1,syn_current,0.9764646681270676,0.02353533187293244,13
37,126,stroke,100,6,1,L1,pre_reset,0.9637753474423083,0.036224652557691694,13
37,126,stroke,100,6,1,L2,spike50,0.6576022338716163,0.3423977661283837,12
37,126,stroke,100,6,1,L2,syn_current,0.8136171318431888,0.18638286815681115,13
37,126,stroke,100,6,1,L2,pre_reset,0.7842135917058377,0.2157864082941623,13
37,127,stroke,100,6,0,L1,spike50,0.8409729024513112,0.15902709754868882,22
37,127,stroke,100,6,0,L1,syn_current,0.9719393851555368,0.028060614844463205,25
37,127,stroke,100,6,0,L1,pre_reset,0.9516017430798389,0.04839825692016109,25
37,127,stroke,100,6,0,L2,spike50,0.44149620734929745,0.5585037926507026,22
37,127,stroke,100,6,0,L2,syn_current,0.6496323399531977,0.3503676600468023,22
37,127,stroke,100,6,0,L2,pre_reset,0.6199743523419927,0.3800256476580073,22
37,127,stroke,100,6,1,L1,spike50,0.6247330263402532,0.3752669736597468,8
37,127,stroke,100,6,1,L1,syn_current,0.9470824001674809,0.05291759983251909,8
37,127,stroke,100,6,1,L1,pre_reset,0.9276328708479422,0.07236712915205779,8
37,127,stroke,100,6,1,L2,spike50,0.46063206679510477,0.5393679332048953,8
37,127,stroke,100,6,1,L2,syn_current,0.7675728445204549,0.23242715547954507,8
37,127,stroke,100,6,1,L2,pre_reset,0.7487826570151346,0.2512173429848654,8
37,127,stroke,100,6,2,L1,spike50,0.8889389909620213,0.11106100903797866,8
37,127,stroke,100,6,2,L1,syn_current,0.9869228664083463,0.013077133591653745,8
37,127,stroke,100,6,2,L1,pre_reset,0.9746015343767309,0.025398465623269084,8
37,127,stroke,100,6,2,L2,spike50,0.7154277363226287,0.2845722636773713,8
37,127,stroke,100,6,2,L2,syn_current,0.8695240007899798,0.13047599921002018,8
37,127,stroke,100,6,2,L2,pre_reset,0.8648233464593227,0.13517665354067732,8
37,128,stroke,100,6,0,L1,spike50,0.860106903147138,0.139893096852862,22
37,128,stroke,100,6,0,L1,syn_current,0.9879828708482471,0.012017129151752903,23
37,128,stroke,100,6,0,L1,pre_reset,0.9756944979176979,0.02430550208230209,23
37,128,stroke,100,6,0,L2,spike50,0.7771897470019518,0.22281025299804824,22
37,128,stroke,100,6,0,L2,syn_current,0.8979171872403036,0.10208281275969644,22
37,128,stroke,100,6,0,L2,pre_reset,0.8855145946178713,0.1144854053821287,22
37,128,stroke,100,6,1,L1,spike50,0.7088467874788547,0.29115321252114534,21
37,128,stroke,100,6,1,L1,syn_current,0.9669124107561093,0.03308758924389066,25
37,128,stroke,100,6,1,L1,pre_reset,0.9552480629989369,0.04475193700106306,25
37,128,stroke,100,6,1,L2,spike50,0.5595027415025268,0.44049725849747323,17
37,128,stroke,100,6,1,L2,syn_current,0.8442057793935741,0.1557942206064259,21
37,128,stroke,100,6,1,L2,pre_reset,0.8280043016719498,0.17199569832805017,21
37,130,stroke,100,6,0,L1,spike50,0.6703289330010231,0.32967106699897686,10
37,130,stroke,100,6,0,L1,syn_current,0.9189959373501871,0.08100406264981286,22
37,130,stroke,100,6,0,L1,pre_reset,0.895944092545129,0.10405590745487103,22
37,130,stroke,100,6,0,L2,spike50,0.38737480163112675,0.6126251983688733,6
37,130,stroke,100,6,0,L2,syn_current,0.2895940728495408,0.7104059271504592,10
37,130,stroke,100,6,0,L2,pre_reset,0.27656826977244475,0.7234317302275552,10
37,130,stroke,100,6,1,L1,spike50,0.9084923688976918,0.0915076311023082,20
37,130,stroke,100,6,1,L1,syn_current,0.9774462820445358,0.022553717955464236,40
37,130,stroke,100,6,1,L1,pre_reset,0.9656116719447482,0.03438832805525183,40
37,130,stroke,100,6,1,L2,spike50,0.6256280030775607,0.3743719969224393,13
37,130,stroke,100,6,1,L2,syn_current,0.8456488490867151,0.15435115091328488,31
37,130,stroke,100,6,1,L2,pre_reset,0.8679086984280344,0.13209130157196558,31
37,131,stroke,100,6,0,L1,spike50,0.7776259955879614,0.22237400441203858,12
37,131,stroke,100,6,0,L1,syn_current,0.9631737968907496,0.036826203109250444,15
37,131,stroke,100,6,0,L1,pre_reset,0.9445087789737932,0.05549122102620685,15
37,131,stroke,100,6,0,L2,spike50,0.42161183249584955,0.5783881675041505,11
37,131,stroke,100,6,0,L2,syn_current,0.6679907612870736,0.3320092387129264,12
37,131,stroke,100,6,0,L2,pre_reset,0.6439372823926496,0.3560627176073504,12
37,131,stroke,100,6,1,L1,spike50,0.9204690934619485,0.0795309065380515,20
37,131,stroke,100,6,1,L1,syn_current,0.9644224328647413,0.035577567135258725,28
37,131,stroke,100,6,1,L1,pre_reset,0.9468730853199815,0.05312691468001851,28
37,131,stroke,100,6,1,L2,spike50,0.7162471260816183,0.28375287391838167,17
37,131,stroke,100,6,1,L2,syn_current,0.7922617640308742,0.20773823596912577,20
37,131,stroke,100,6,1,L2,pre_reset,0.7646078940521676,0.23539210594783244,20
37,132,stroke,100,6,0,L1,spike50,0.7797916255459642,0.22020837445403585,10
37,132,stroke,100,6,0,L1,syn_current,0.9838356397672967,0.01616436023270329,15
37,132,stroke,100,6,0,L1,pre_reset,0.9707320675315613,0.02926793246843873,15
37,132,stroke,100,6,0,L2,spike50,0.5123808150805905,0.4876191849194095,10
37,132,stroke,100,6,0,L2,syn_current,0.8080898964166282,0.1919101035833718,10
37,132,stroke,100,6,0,L2,pre_reset,0.7936769940208472,0.20632300597915276,10
37,132,stroke,100,6,1,L1,spike50,0.8639477340433225,0.13605226595667752,13
37,132,stroke,100,6,1,L1,syn_current,0.9990680347913824,0.0009319652086176022,13
37,132,stroke,100,6,1,L1,pre_reset,0.99226124953114,0.007738750468859967,13
37,132,stroke,100,6,1,L2,spike50,0.7700703156645214,0.22992968433547856,13
37,132,stroke,100,6,1,L2,syn_current,0.8845787719432793,0.11542122805672073,13
37,132,stroke,100,6,1,L2,pre_reset,0.8667760448296169,0.1332239551703831,13
37,132,stroke,100,6,2,L1,spike50,,,0
37,132,stroke,100,6,2,L1,syn_current,0.9268857438398772,0.07311425616012279,18
37,132,stroke,100,6,2,L1,pre_reset,0.8998142758347749,0.10018572416522509,18
37,132,stroke,100,6,2,L2,spike50,,,0
37,132,stroke,100,6,2,L2,syn_current,,,0
37,132,stroke,100,6,2,L2,pre_reset,,,0
37,133,stroke,100,6,0,L1,spike50,0.8026621900505579,0.19733780994944206,13
37,133,stroke,100,6,0,L1,syn_current,0.9623347948205259,0.03766520517947414,18
37,133,stroke,100,6,0,L1,pre_reset,0.9421432416670249,0.0578567583329751,18
37,133,stroke,100,6,0,L2,spike50,0.3096228479844657,0.6903771520155343,10
37,133,stroke,100,6,0,L2,syn_current,0.47675690759922174,0.5232430924007783,13
37,133,stroke,100,6,0,L2,pre_reset,0.45935954147201763,0.5406404585279824,13
37,133,stroke,100,6,1,L1,spike50,0.8746707081548202,0.12532929184517982,17
37,133,stroke,100,6,1,L1,syn_current,0.9981295876980367,0.0018704123019632757,18
37,133,stroke,100,6,1,L1,pre_reset,0.9901424262013566,0.009857573798643382,18
37,133,stroke,100,6,1,L2,spike50,0.7223506339909257,0.2776493660090743,17
37,133,stroke,100,6,1,L2,syn_current,0.8953916728666995,0.10460832713330048,18
37,133,stroke,100,6,1,L2,pre_reset,0.8992705969705683,0.10072940302943167,18
37,133,stroke,100,6,2,L1,spike50,0.6514355687229738,0.3485644312770262,8
37,133,stroke,100,6,2,L1,syn_current,0.9616687286683626,0.038331271331637384,11
37,133,stroke,100,6,2,L1,pre_reset,0.9406999891914359,0.05930001080856406,11
37,133,stroke,100,6,2,L2,spike50,0.39907684431450563,0.6009231556854944,3
37,133,stroke,100,6,2,L2,syn_current,0.5764992464875673,0.42350075351243266,8
37,133,stroke,100,6,2,L2,pre_reset,0.5465544497480211,0.45344555025197886,8
37,134,stroke,100,6,0,L1,spike50,0.7866394293214293,0.21336057067857073,15
37,134,stroke,100,6,0,L1,syn_current,0.9593927930412289,0.04060720695877107,18
37,134,stroke,100,6,0,L1,pre_reset,0.9374399960205876,0.06256000397941242,18
37,134,stroke,100,6,0,L2,spike50,0.39054492405835856,0.6094550759416415,14
37,134,stroke,100,6,0,L2,syn_current,0.7827969933787936,0.2172030066212064,15
37,134,stroke,100,6,0,L2,pre_reset,0.7609722559515749,0.23902774404842508,15
37,134,stroke,100,6,1,L1,spike50,0.7925101173095677,0.20748988269043234,26
37,134,stroke,100,6,1,L1,syn_current,0.9756717216060563,0.024328278393943692,30
37,134,stroke,100,6,1,L1,pre_reset,0.9626248348717021,0.03737516512829786,30
37,134,stroke,100,6,1,L2,spike50,0.7658336987277288,0.23416630127227123,22
37,134,stroke,100,6,1,L2,syn_current,0.8348678290275321,0.1651321709724679,26
37,134,stroke,100,6,1,L2,pre_reset,0.811722302813576,0.18827769718642395,26
37,136,stroke,100,6,0,L1,spike50,0.8553183870977676,0.14468161290223236,34
37,136,stroke,100,6,0,L1,syn_current,0.9893370032176735,0.010662996782326517,36
37,136,stroke,100,6,0,L1,pre_reset,0.9812673322043105,0.018732667795689495,36
37,136,stroke,100,6,0,L2,spike50,0.7098266269669983,0.2901733730330017,28
37,136,stroke,100,6,0,L2,syn_current,0.8535742227880224,0.14642577721197758,34
37,136,stroke,100,6,0,L2,pre_reset,0.8439308778079632,0.15606912219203684,34
37,136,stroke,100,6,1,L1,spike50,0.8011177438495928,0.19888225615040722,19
37,136,stroke,100,6,1,L1,syn_current,0.9575548162764848,0.042445183723515245,25
37,136,stroke,100,6,1,L1,pre_reset,0.9469540197504801,0.0530459802495199,25
37,136,stroke,100,6,1,L2,spike50,0.510205572102156,0.489794427897844,17
37,136,stroke,100,6,1,L2,syn_current,0.7365651278927717,0.26343487210722827,19
37,136,stroke,100,6,1,L2,pre_reset,0.7124635001282169,0.2875364998717831,19
37,138,stroke,100,6,0,L1,spike50,0.7776336165015473,0.22236638349845272,15
37,138,stroke,100,6,0,L1,syn_current,0.9628313781253349,0.037168621874665075,15
37,138,stroke,100,6,0,L1,pre_reset,0.9444089668554595,0.0555910331445405,15
37,138,stroke,100,6,0,L2,spike50,0.6646290237253415,0.3353709762746585,14
37,138,stroke,100,6,0,L2,syn_current,0.788472479376031,0.21152752062396896,15
37,138,stroke,100,6,0,L2,pre_reset,0.7878870066299133,0.2121129933700867,15
37,138,stroke,100,6,1,L1,spike50,0.8678002090582609,0.13219979094173906,24
37,138,stroke,100,6,1,L1,syn_current,0.9821267165538545,0.01787328344614547,25
37,138,stroke,100,6,1,L1,pre_reset,0.9716561465269414,0.028343853473058567,25
37,138,stroke,100,6,1,L2,spike50,0.6293836759179839,0.37061632408201606,23
37,138,stroke,100,6,1,L2,syn_current,0.7704243019387264,0.22957569806127365,24
37,138,stroke,100,6,1,L2,pre_reset,0.7540017401545717,0.24599825984542834,24
37,139,stroke,100,6,0,L1,spike50,0.8426300764029114,0.15736992359708857,23
37,139,stroke,100,6,0,L1,syn_current,0.943865610974215,0.05613438902578505,28
37,139,stroke,100,6,0,L1,pre_reset,0.9295290940915322,0.07047090590846783,28
37,139,stroke,100,6,0,L2,spike50,0.4309197074843961,0.5690802925156039,22
37,139,stroke,100,6,0,L2,syn_current,0.578500883682633,0.42149911631736703,23
37,139,stroke,100,6,0,L2,pre_reset,0.5547272775977863,0.4452727224022137,23
37,139,stroke,100,6,1,L1,spike50,0.7779633585864514,0.22203664141354862,9
37,139,stroke,100,6,1,L1,syn_current,0.9746345970302337,0.025365402969766304,9
37,139,stroke,100,6,1,L1,pre_reset,0.9579422530778796,0.04205774692212039,9
37,139,stroke,100,6,1,L2,spike50,0.2572634986800756,0.7427365013199244,9
37,139,stroke,100,6,1,L2,syn_current,0.404744238661992,0.5952557613380081,9
37,139,stroke,100,6,1,L2,pre_reset,0.35083188505193896,0.649168114948061,9
37,139,stroke,100,6,2,L1,spike50,0.6757381131220536,0.32426188687794644,13
37,139,stroke,100,6,2,L1,syn_current,0.9546266041519017,0.0453733958480983,13
37,139,stroke,100,6,2,L1,pre_reset,0.933112368807566,0.06688763119243402,13
37,139,stroke,100,6,2,L2,spike50,0.4664356383469741,0.5335643616530259,12
37,139,stroke,100,6,2,L2,syn_current,0.6812238555122959,0.3187761444877041,13
37,139,stroke,100,6,2,L2,pre_reset,0.6473894824977221,0.3526105175022779,13
37,140,stroke,100,6,0,L1,spike50,0.7583851620560061,0.24161483794399385,14
37,140,stroke,100,6,0,L1,syn_current,0.9729907981660346,0.02700920183396538,15
37,140,stroke,100,6,0,L1,pre_reset,0.9525644367959384,0.047435563204061615,15
37,140,stroke,100,6,0,L2,spike50,0.5441825682314472,0.4558174317685528,13
37,140,stroke,100,6,0,L2,syn_current,0.7300117978520774,0.26998820214792263,14
37,140,stroke,100,6,0,L2,pre_reset,0.7249527650864674,0.27504723491353256,14
37,140,stroke,100,6,1,L1,spike50,0.8055421597109289,0.1944578402890711,10
37,140,stroke,100,6,1,L1,syn_current,0.9663409850593156,0.03365901494068435,14
37,140,stroke,100,6,1,L1,pre_reset,0.9505584404190692,0.04944155958093077,14
37,140,stroke,100,6,1,L2,spike50,0.5289162463899805,0.47108375361001953,7
37,140,stroke,100,6,1,L2,syn_current,0.6968152379299617,0.3031847620700383,10
37,140,stroke,100,6,1,L2,pre_reset,0.6799316935216482,0.3200683064783518,10
37,140,stroke,100,6,2,L1,spike50,0.9253216190361306,0.07467838096386936,19
37,140,stroke,100,6,2,L1,syn_current,0.9880612874850148,0.011938712514985239,19
37,140,stroke,100,6,2,L1,pre_reset,0.9731045297263016,0.02689547027369843,19
37,140,stroke,100,6,2,L2,spike50,0.6924008521216168,0.30759914787838316,19
37,140,stroke,100,6,2,L2,syn_current,0.7771779321442329,0.22282206785576708,19
37,140,stroke,100,6,2,L2,pre_reset,0.7773878606188545,0.22261213938114555,19
37,141,stroke,100,6,0,L1,spike50,0.7489446493555514,0.2510553506444486,12
37,141,stroke,100,6,0,L1,syn_current,0.9443981206894284,0.05560187931057159,16
37,141,stroke,100,6,0,L1,pre_reset,0.9226366813256186,0.0773633186743814,16
37,141,stroke,100,6,0,L2,spike50,0.26141897920308627,0.7385810207969137,13
37,141,stroke,100,6,0,L2,syn_current,0.560548748335955,0.439451251664045,13
37,141,stroke,100,6,0,L2,pre_reset,0.523390873080502,0.47660912691949797,13
37,141,stroke,100,6,1,L1,spike50,0.9484139263394447,0.05158607366055534,36
37,141,stroke,100,6,1,L1,syn_current,0.9883000061811809,0.011699993818819143,42
37,141,stroke,100,6,1,L1,pre_reset,0.9782025168915728,0.021797483108427218,42
37,141,stroke,100,6,1,L2,spike50,0.8667545446358066,0.1332454553641934,33
37,141,stroke,100,6,1,L2,syn_current,0.8979578491103938,0.10204215088960622,36
37,141,stroke,100,6,1,L2,pre_reset,0.9018164282602353,0.09818357173976466,36
37,143,stroke,100,6,0,L1,spike50,1.0,0.0,15
37,143,stroke,100,6,0,L1,syn_current,1.0,0.0,18
37,143,stroke,100,6,0,L1,pre_reset,1.0,0.0,18
37,143,stroke,100,6,0,L2,spike50,1.0,0.0,14
37,143,stroke,100,6,0,L2,syn_current,1.0,0.0,15
37,143,stroke,100,6,0,L2,pre_reset,1.0,0.0,15
37,143,stroke,100,6,1,L1,spike50,0.9092459677634019,0.09075403223659806,18
37,143,stroke,100,6,1,L1,syn_current,0.9844432247220172,0.015556775277982826,18
37,143,stroke,100,6,1,L1,pre_reset,0.9725565009567178,0.02744349904328225,18
37,143,stroke,100,6,1,L2,spike50,0.3716559950693632,0.6283440049306368,18
37,143,stroke,100,6,1,L2,syn_current,0.5501468720709028,0.44985312792909715,18
37,143,stroke,100,6,1,L2,pre_reset,0.5383151896858425,0.46168481031415753,18
37,143,stroke,100,6,2,L1,spike50,0.8850355301011662,0.1149644698988338,12
37,143,stroke,100,6,2,L1,syn_current,0.9948598401590604,0.005140159840939629,12
37,143,stroke,100,6,2,L1,pre_reset,0.985370150741188,0.014629849258812055,12
37,143,stroke,100,6,2,L2,spike50,0.7896745507749547,0.21032544922504526,12
37,143,stroke,100,6,2,L2,syn_current,0.8585086326191083,0.14149136738089174,12
37,143,stroke,100,6,2,L2,pre_reset,0.8532501241746205,0.14674987582537946,12
37,144,stroke,100,6,0,L1,spike50,0.8553970429482995,0.14460295705170045,15
37,144,stroke,100,6,0,L1,syn_current,0.9687206172413534,0.03127938275864661,17
37,144,stroke,100,6,0,L1,pre_reset,0.9473333669515057,0.05266663304849428,17
37,144,stroke,100,6,0,L2,spike50,0.6147496195404801,0.38525038045951987,15
37,144,stroke,100,6,0,L2,syn_current,0.8056448729957697,0.1943551270042303,15
37,144,stroke,100,6,0,L2,pre_reset,0.7715355613369013,0.22846443866309873,15
37,144,stroke,100,6,1,L1,spike50,0.8666553106793974,0.13334468932060262,27
37,144,stroke,100,6,1,L1,syn_current,0.9842553156691294,0.015744684330870617,29
37,144,stroke,100,6,1,L1,pre_reset,0.9713927856065477,0.028607214393452263,29
37,144,stroke,100,6,1,L2,spike50,0.7132661736072732,0.2867338263927268,26
37,144,stroke,100,6,1,L2,syn_current,0.8276459331296594,0.1723540668703406,27
37,144,stroke,100,6,1,L2,pre_reset,0.8212069109837643,0.1787930890162357,27
37,145,stroke,100,6,0,L1,spike50,0.7184543266153469,0.2815456733846531,10
37,145,stroke,100,6,0,L1,syn_current,0.9062681587434218,0.09373184125657819,16
37,145,stroke,100,6,0,L1,pre_reset,0.8855230643126517,0.11447693568734829,16
37,145,stroke,100,6,0,L2,spike50,0.3663071431968121,0.6336928568031879,2
37,145,stroke,100,6,0,L2,syn_current,0.19579875402388477,0.8042012459761152,10
37,145,stroke,100,6,0,L2,pre_reset,0.17361981974244112,0.8263801802575589,10
37,145,stroke,100,6,1,L1,spike50,0.9148637339956739,0.08513626600432611,19
37,145,stroke,100,6,1,L1,syn_current,0.938145858805403,0.06185414119459698,37
37,145,stroke,100,6,1,L1,pre_reset,0.915019836297128,0.08498016370287198,37
37,145,stroke,100,6,1,L2,spike50,0.8365535856878078,0.1634464143121922,16
37,145,stroke,100,6,1,L2,syn_current,0.8977844612029792,0.10221553879702083,19
37,145,stroke,100,6,1,L2,pre_reset,0.878073760749718,0.12192623925028201,19
