seed,reset_case,phase,delay_steps,delay_ms,layer,state,corr_mean,corr_std,cosine_mean,cosine_std,normalized_l2_mean,normalized_l2_std,count
11,intact,0.25,0,0.0,L1,spike50,1.0,1.365441196261787e-16,1.0,1.3805294023239838e-16,0.0,0.0,119
11,intact,0.25,0,0.0,L1,syn_current,1.0,1.3597399555105182e-16,1.0,1.3455014484288012e-16,0.0,0.0,128
11,intact,0.25,0,0.0,L1,pre_reset,1.0,1.2832264423908535e-16,1.0,1.2295751324518482e-16,0.0,0.0,128
11,intact,0.25,0,0.0,L2,spike50,1.0,1.4043333874306804e-16,1.0,1.2299310667862546e-16,0.0,0.0,110
11,intact,0.25,0,0.0,L2,syn_current,1.0,1.246471573565699e-16,1.0,1.3191415199864766e-16,0.0,0.0,119
11,intact,0.25,0,0.0,L2,pre_reset,1.0,1.435698634481398e-16,1.0,1.3578342223308123e-16,0.0,0.0,119
11,intact,0.25,1,15.625,L1,spike50,1.0,1.155189392856061e-16,1.0,1.4415596854692583e-16,0.0,0.0,121
11,intact,0.25,1,15.625,L1,syn_current,1.0,1.3238565818820347e-16,1.0,1.4654050252376534e-16,0.0,0.0,128
11,intact,0.25,1,15.625,L1,pre_reset,1.0,1.1978388074229732e-16,1.0,1.45220290906747e-16,0.0,0.0,128
11,intact,0.25,1,15.625,L2,spike50,1.0,1.408986078434855e-16,1.0,1.3086419388053634e-16,0.0,0.0,113
11,intact,0.25,1,15.625,L2,syn_current,1.0,1.1595901302887535e-16,1.0,1.1942123619484718e-16,0.0,0.0,121
11,intact,0.25,1,15.625,L2,pre_reset,1.0,1.2361272322822894e-16,1.0,1.3541095381348762e-16,0.0,0.0,121
11,intact,0.25,2,31.25,L1,spike50,1.0,1.3075659740283351e-16,1.0,1.4205201749847224e-16,0.0,0.0,124
11,intact,0.25,2,31.25,L1,syn_current,1.0,1.455514664586365e-16,1.0,1.4621156719869436e-16,0.0,0.0,128
11,intact,0.25,2,31.25,L1,pre_reset,1.0,1.2907088757326182e-16,1.0,1.3773311131392582e-16,0.0,0.0,128
11,intact,0.25,2,31.25,L2,spike50,1.0,1.4320556322592511e-16,1.0,1.1932560208516451e-16,0.0,0.0,116
11,intact,0.25,2,31.25,L2,syn_current,1.0,1.2452647265114848e-16,1.0,1.4064552723790722e-16,0.0,0.0,124
11,intact,0.25,2,31.25,L2,pre_reset,1.0,1.2689861861333744e-16,1.0,1.22919612135655e-16,0.0,0.0,124
11,intact,0.25,4,62.5,L1,spike50,1.0,1.2985338597471815e-16,1.0,1.5447667261737484e-16,0.0,0.0,125
11,intact,0.25,4,62.5,L1,syn_current,1.0,1.3526394372366472e-16,1.0,1.391243901732968e-16,0.0,0.0,128
11,intact,0.25,4,62.5,L1,pre_reset,1.0,1.3632763462826172e-16,1.0,1.3311106448512295e-16,0.0,0.0,128
11,intact,0.25,4,62.5,L2,spike50,1.0,1.4506656294615844e-16,1.0,1.2897683578866752e-16,0.0,0.0,123
11,intact,0.25,4,62.5,L2,syn_current,1.0,1.2481988174211263e-16,1.0,1.4148266844381744e-16,0.0,0.0,125
11,intact,0.25,4,62.5,L2,pre_reset,1.0,1.3831079839119411e-16,1.0,1.4321446692197792e-16,0.0,0.0,125
11,intact,0.25,8,125.0,L1,spike50,1.0,1.289583352025021e-16,1.0,1.308410382236479e-16,0.0,0.0,126
11,intact,0.25,8,125.0,L1,syn_current,1.0,1.2719202621569003e-16,1.0,1.432171564712973e-16,0.0,0.0,128
11,intact,0.25,8,125.0,L1,pre_reset,1.0,1.4588189019024588e-16,1.0,1.237382037120247e-16,0.0,0.0,128
11,intact,0.25,8,125.0,L2,spike50,1.0,1.395248278859353e-16,1.0,1.289583352025021e-16,0.0,0.0,126
11,intact,0.25,8,125.0,L2,syn_current,1.0,1.3650827657014018e-16,1.0,1.4310328291794667e-16,0.0,0.0,127
11,intact,0.25,8,125.0,L2,pre_reset,1.0,1.3507883114215232e-16,1.0,1.1656613243001854e-16,0.0,0.0,127
11,intact,0.25,16,250.0,L1,spike50,1.0,1.3897443194211846e-16,1.0,1.2957804429148437e-16,0.0,0.0,127
11,intact,0.25,16,250.0,L1,syn_current,1.0,1.3877787807814454e-16,1.0,1.1978388074229732e-16,0.0,0.0,128
11,intact,0.25,16,250.0,L1,pre_reset,1.0,1.2412670766236366e-16,1.0,1.455514664586365e-16,0.0,0.0,128
11,intact,0.25,16,250.0,L2,spike50,1.0,1.3507883114215232e-16,1.0,1.1446566971331575e-16,0.0,0.0,127
11,intact,0.25,16,250.0,L2,syn_current,1.0,1.5670228712733343e-16,1.0,1.3773311131392582e-16,0.0,0.0,128
11,intact,0.25,16,250.0,L2,pre_reset,1.0,1.3668035872266426e-16,1.0,1.32021460364232e-16,0.0,0.0,128
11,intact,0.25,32,500.0,L1,spike50,1.0,1.2566871346510768e-16,1.0,1.3455014484288012e-16,0.0,0.0,128
11,intact,0.25,32,500.0,L1,syn_current,1.0,1.2566871346510768e-16,1.0,1.2794688166302258e-16,0.0,0.0,128
11,intact,0.25,32,500.0,L1,pre_reset,1.0,1.349075163749573e-16,1.0,1.3018518929051675e-16,0.0,0.0,128
11,intact,0.25,32,500.0,L2,spike50,1.0,1.523399351117959e-16,1.0,1.4050189297646195e-16,0.0,0.0,128
11,intact,0.25,32,500.0,L2,syn_current,1.0,1.2981481815797575e-16,1.0,1.3455014484288012e-16,0.0,0.0,128
11,intact,0.25,32,500.0,L2,pre_reset,1.0,1.233484761181068e-16,1.0,1.3018518929051675e-16,0.0,0.0,128
11,intact,0.5,0,0.0,L1,spike50,1.0,1.3507883114215232e-16,1.0,1.3435840557263324e-16,0.0,0.0,127
11,intact,0.5,0,0.0,L1,syn_current,1.0,1.2643266404855218e-16,1.0,1.41866021015769e-16,0.0,0.0,128
11,intact,0.5,0,0.0,L1,pre_reset,1.0,1.3383253895372864e-16,1.0,1.2757001226805672e-16,0.0,0.0,128
11,intact,0.5,0,0.0,L2,spike50,1.0,1.519836421805895e-16,1.0,1.2731119800817288e-16,0.0,0.0,127
11,intact,0.5,0,0.0,L2,syn_current,1.0,1.3055450971845835e-16,1.0,1.2907088757326182e-16,0.0,0.0,128
11,intact,0.5,0,0.0,L2,pre_reset,1.0,1.3808224523606804e-16,1.0,1.221718341885767e-16,0.0,0.0,128
11,intact,0.5,1,15.625,L1,spike50,1.0,1.2981481815797575e-16,1.0,1.4288057044435644e-16,0.0,0.0,128
11,intact,0.5,1,15.625,L1,syn_current,1.0,1.2944338730181992e-16,1.0,1.3347228920484555e-16,0.0,0.0,128
11,intact,0.5,1,15.625,L1,pre_reset,1.0,1.3668035872266426e-16,1.0,1.370321748998225e-16,0.0,0.0,128
11,intact,0.5,1,15.625,L2,spike50,1.0,1.4310328291794667e-16,1.0,1.3827430440586067e-16,0.0,0.0,127
11,intact,0.5,1,15.625,L2,syn_current,1.0,1.4084416362486778e-16,1.0,1.3668035872266426e-16,0.0,0.0,128
11,intact,0.5,1,15.625,L2,pre_reset,1.0,1.35619434333351e-16,1.0,1.2256530327225742e-16,0.0,0.0,128
11,intact,0.5,2,31.25,L1,spike50,1.0,1.237382037120247e-16,1.0,1.4355295331320574e-16,0.0,0.0,128
11,intact,0.5,2,31.25,L1,syn_current,1.0,1.341918215839574e-16,1.0,1.2528499130684399e-16,0.0,0.0,128
11,intact,0.5,2,31.25,L1,pre_reset,1.0,1.41866021015769e-16,1.0,1.517065022846004e-16,0.0,0.0,128
11,intact,0.5,2,31.25,L2,spike50,1.0,1.3435840557263324e-16,1.0,1.3327046535506418e-16,0.0,0.0,127
11,intact,0.5,2,31.25,L2,syn_current,1.0,1.3808224523606804e-16,1.0,1.3347228920484555e-16,0.0,0.0,128
11,intact,0.5,2,31.25,L2,pre_reset,1.0,1.35619434333351e-16,1.0,1.237382037120247e-16,0.0,0.0,128
11,intact,0.5,4,62.5,L1,spike50,1.0,1.2794688166302258e-16,1.0,1.3981483803777926e-16,0.0,0.0,128
11,intact,0.5,4,62.5,L1,syn_current,1.0,1.4084416362486778e-16,1.0,1.3981483803777926e-16,0.0,0.0,128
11,intact,0.5,4,62.5,L1,pre_reset,1.0,1.494683490070454e-16,1.0,1.2757001226805672e-16,0.0,0.0,128
11,intact,0.5,4,62.5,L2,spike50,1.0,1.269294544261546e-16,1.0,1.3862481017581076e-16,0.0,0.0,127
11,intact,0.5,4,62.5,L2,syn_current,1.0,1.370321748998225e-16,1.0,1.3129003390305665e-16,0.0,0.0,128
11,intact,0.5,4,62.5,L2,pre_reset,1.0,1.2566871346510768e-16,1.0,1.432171564712973e-16,0.0,0.0,128
11,intact,0.5,8,125.0,L1,spike50,1.0,1.2528499130684399e-16,1.0,1.3947004136484323e-16,0.0,0.0,128
11,intact,0.5,8,125.0,L1,syn_current,1.0,1.4084416362486778e-16,1.0,1.2295751324518482e-16,0.0,0.0,128
11,intact,0.5,8,125.0,L1,pre_reset,1.0,1.4882269437304651e-16,1.0,1.484988143495895e-16,0.0,0.0,128
11,intact,0.5,8,125.0,L2,spike50,1.0,1.3018518929051675e-16,1.0,1.2832264423908535e-16,0.0,0.0,128
11,intact,0.5,8,125.0,L2,syn_current,1.0,1.3738309013483032e-16,1.0,1.4220500840710912e-16,0.0,0.0,128
11,intact,0.5,8,125.0,L2,pre_reset,1.0,1.2681291352079812e-16,1.0,1.4784892582902023e-16,0.0,0.0,128
11,intact,0.5,16,250.0,L1,spike50,1.0,1.2757001226805672e-16,1.0,1.370321748998225e-16,0.0,0.0,128
11,intact,0.5,16,250.0,L1,syn_current,1.0,1.391243901732968e-16,1.0,1.391243901732968e-16,0.0,0.0,128
11,intact,0.5,16,250.0,L1,pre_reset,1.0,1.411856045225854e-16,1.0,1.2907088757326182e-16,0.0,0.0,128
11,intact,0.5,16,250.0,L2,spike50,1.0,1.2794688166302258e-16,1.0,1.2605126751125787e-16,0.0,0.0,128
11,intact,0.5,16,250.0,L2,syn_current,1.0,1.4084416362486778e-16,1.0,1.3597399555105182e-16,0.0,0.0,128
11,intact,0.5,16,250.0,L2,pre_reset,1.0,1.391243901732968e-16,1.0,1.3808224523606804e-16,0.0,0.0,128
11,intact,0.5,32,500.0,L1,spike50,1.0,1.2688263138573214e-16,1.0,1.2437976951050375e-16,0.0,0.0,98
11,intact,0.5,32,500.0,L1,syn_current,1.0,1.4449447319834534e-16,1.0,1.4007463231115136e-16,0.0,0.0,98
11,intact,0.5,32,500.0,L1,pre_reset,1.0,1.3317010687635424e-16,1.0,1.2638602426926515e-16,0.0,0.0,98
11,intact,0.5,32,500.0,L2,spike50,1.0,1.4230171362631512e-16,1.0,1.2488435482582415e-16,0.0,0.0,98
11,intact,0.5,32,500.0,L2,syn_current,1.0,1.3457935360146644e-16,1.0,1.436213868172659e-16,0.0,0.0,98
11,intact,0.5,32,500.0,L2,pre_reset,1.0,1.4536231567507431e-16,1.0,1.3597399555105182e-16,0.0,0.0,98
11,intact,0.75,0,0.0,L1,spike50,1.0,1.4355295331320574e-16,1.0,1.38430498614478e-16,0.0,0.0,128
11,intact,0.75,0,0.0,L1,syn_current,1.0,1.2681291352079812e-16,1.0,1.2794688166302258e-16,0.0,0.0,128
11,intact,0.75,0,0.0,L1,pre_reset,1.0,1.4288057044435644e-16,1.0,1.2681291352079812e-16,0.0,0.0,128
11,intact,0.75,0,0.0,L2,spike50,1.0,1.4914587107148684e-16,1.0,1.2566871346510768e-16,0.0,0.0,128
11,intact,0.75,0,0.0,L2,syn_current,1.0,1.2794688166302258e-16,1.0,1.2681291352079812e-16,0.0,0.0,128
11,intact,0.75,0,0.0,L2,pre_reset,1.0,1.286973096911129e-16,1.0,1.432171564712973e-16,0.0,0.0,128
11,intact,0.75,1,15.625,L1,spike50,1.0,1.2566871346510768e-16,1.0,1.2719202621569003e-16,0.0,0.0,128
11,intact,0.75,1,15.625,L1,syn_current,1.0,1.3773311131392582e-16,1.0,1.455514664586365e-16,0.0,0.0,128
11,intact,0.75,1,15.625,L1,pre_reset,1.0,1.3808224523606804e-16,1.0,1.2832264423908535e-16,0.0,0.0,128
11,intact,0.75,1,15.625,L2,spike50,1.0,1.3455014484288012e-16,1.0,1.2757001226805672e-16,0.0,0.0,128
11,intact,0.75,1,15.625,L2,syn_current,1.0,1.35619434333351e-16,1.0,1.32021460364232e-16,0.0,0.0,128
11,intact,0.75,1,15.625,L2,pre_reset,1.0,1.4152622167509192e-16,1.0,1.3165625507162631e-16,0.0,0.0,128
11,intact,0.75,2,31.25,L1,spike50,1.0,1.1359458890015176e-16,1.0,1.2681291352079812e-16,0.0,0.0,128
11,intact,0.75,2,31.25,L1,syn_current,1.0,1.2643266404855218e-16,1.0,1.4488835837920476e-16,0.0,0.0,128
11,intact,0.75,2,31.25,L1,pre_reset,1.0,1.3668035872266426e-16,1.0,1.3018518929051675e-16,0.0,0.0,128
11,intact,0.75,2,31.25,L2,spike50,1.0,1.286973096911129e-16,1.0,1.3129003390305665e-16,0.0,0.0,128
11,intact,0.75,2,31.25,L2,syn_current,1.0,1.286973096911129e-16,1.0,1.2794688166302258e-16,0.0,0.0,128
11,intact,0.75,2,31.25,L2,pre_reset,1.0,1.38430498614478e-16,1.0,1.2832264423908535e-16,0.0,0.0,128
11,intact,0.75,4,62.5,L1,spike50,1.0,1.4488835837920476e-16,1.0,1.4050189297646195e-16,0.0,0.0,128
11,intact,0.75,4,62.5,L1,syn_current,1.0,1.3238565818820347e-16,1.0,1.3668035872266426e-16,0.0,0.0,128
11,intact,0.75,4,62.5,L1,pre_reset,1.0,1.4050189297646195e-16,1.0,1.3632763462826172e-16,0.0,0.0,128
11,intact,0.75,4,62.5,L2,spike50,1.0,1.4784892582902023e-16,1.0,1.2944338730181992e-16,0.0,0.0,128
11,intact,0.75,4,62.5,L2,syn_current,1.0,1.41866021015769e-16,1.0,1.41866021015769e-16,0.0,0.0,128
11,intact,0.75,4,62.5,L2,pre_reset,1.0,1.3383253895372864e-16,1.0,1.4050189297646195e-16,0.0,0.0,128
11,intact,0.75,8,125.0,L1,spike50,1.0,1.5043163512556135e-16,1.0,1.3738309013483032e-16,0.0,0.0,128
11,intact,0.75,8,125.0,L1,syn_current,1.0,1.3092278833360675e-16,1.0,1.341918215839574e-16,0.0,0.0,128
11,intact,0.75,8,125.0,L1,pre_reset,1.0,1.2794688166302258e-16,1.0,1.442222014787673e-16,0.0,0.0,128
11,intact,0.75,8,125.0,L2,spike50,1.0,1.3165625507162631e-16,1.0,1.1443916996305594e-16,0.0,0.0,128
11,intact,0.75,8,125.0,L2,syn_current,1.0,1.35619434333351e-16,1.0,1.4220500840710912e-16,0.0,0.0,128
11,intact,0.75,8,125.0,L2,pre_reset,1.0,1.35619434333351e-16,1.0,1.2794688166302258e-16,0.0,0.0,128
11,intact,0.75,16,250.0,L1,spike50,1.0,1.4318719576740867e-16,1.0,1.5066279330058339e-16,0.0,0.0,101
11,intact,0.75,16,250.0,L1,syn_current,1.0,1.3973639479471003e-16,1.0,1.4403697887039982e-16,0.0,0.0,101
11,intact,0.75,16,250.0,L1,pre_reset,1.0,1.3024376530665983e-16,1.0,1.2595668412020159e-16,0.0,0.0,101
11,intact,0.75,16,250.0,L2,spike50,1.0,1.3973639479471003e-16,1.0,1.4318719576740867e-16,0.0,0.0,101
11,intact,0.75,16,250.0,L2,syn_current,1.0,1.498505890370689e-16,1.0,1.3210448479144024e-16,0.0,0.0,101
11,intact,0.75,16,250.0,L2,pre_reset,1.0,1.469725319861989e-16,1.0,1.419029797296996e-16,0.0,0.0,101
11,intact,0.75,32,500.0,L1,spike50,1.0,7.850462293418876e-17,0.9999999999999998,7.850462293418876e-17,0.0,0.0,2
11,intact,0.75,32,500.0,L1,syn_current,1.0,0.0,1.0,1.7554167342883506e-16,0.0,0.0,2
11,intact,0.75,32,500.0,L1,pre_reset,1.0,1.5700924586837752e-16,1.0,7.850462293418876e-17,0.0,0.0,2
11,intact,0.75,32,500.0,L2,spike50,0.9999999999999998,7.850462293418876e-17,1.0,0.0,0.0,0.0,2
11,intact,0.75,32,500.0,L2,syn_current,1.0,0.0,1.0,0.0,0.0,0.0,2
11,intact,0.75,32,500.0,L2,pre_reset,1.0000000000000002,0.0,1.0,0.0,0.0,0.0,2
11,intact,0.25,0,0.0,L1,spike50,1.0,1.0749688212373146e-16,1.0,1.4152622167509192e-16,0.0,0.0,16
11,intact,0.25,0,0.0,L1,syn_current,1.0,1.3846913936850747e-16,1.0,1.480297366166875e-16,0.0,0.0,18
11,intact,0.25,0,0.0,L1,pre_reset,1.0,1.1406457265696475e-16,1.0,1.1102230246251563e-16,0.0,0.0,18
11,intact,0.25,0,0.0,L2,spike50,1.0,1.7670807611707614e-16,1.0,1.5700924586837752e-16,0.0,0.0,15
11,intact,0.25,0,0.0,L2,syn_current,1.0,1.3463431760359523e-16,1.0,1.6378971648228381e-16,0.0,0.0,17
11,intact,0.25,0,0.0,L2,pre_reset,1.0,1.3191415199864766e-16,1.0,1.0770745408287616e-16,0.0,0.0,17
11,intact,0.25,1,15.625,L1,spike50,1.0,1.548132042069375e-16,1.0,1.6131166563777087e-16,0.0,0.0,18
11,intact,0.25,1,15.625,L1,syn_current,1.0,1.227397735431716e-16,1.0,1.2549831513118703e-16,0.0,0.0,18
11,intact,0.25,1,15.625,L1,pre_reset,1.0,1.5032490816276442e-16,1.0,1.4092011087418584e-16,0.0,0.0,18
11,intact,0.25,1,15.625,L2,spike50,1.0,1.5960461584102712e-16,1.0,1.5437024706384128e-16,0.0,0.0,15
11,intact,0.25,1,15.625,L2,syn_current,1.0,1.548132042069375e-16,1.0,1.4569841396346152e-16,0.0,0.0,18
11,intact,0.25,1,15.625,L2,pre_reset,1.0,1.4332917616497527e-16,1.0,1.4569841396346152e-16,0.0,0.0,18
11,intact,0.25,2,31.25,L1,spike50,1.0,1.480297366166875e-16,1.0,1.548132042069375e-16,0.0,0.0,18
11,intact,0.25,2,31.25,L1,syn_current,1.0,1.5032490816276442e-16,1.0,1.4569841396346152e-16,0.0,0.0,18
11,intact,0.25,2,31.25,L1,pre_reset,1.0,1.4332917616497527e-16,1.0,1.4332917616497527e-16,0.0,0.0,18
11,intact,0.25,2,31.25,L2,spike50,1.0,1.4152622167509192e-16,1.0,1.5202354861220294e-16,0.0,0.0,16
11,intact,0.25,2,31.25,L2,syn_current,1.0,1.4092011087418584e-16,1.0,1.695893682875867e-16,0.0,0.0,18
11,intact,0.25,2,31.25,L2,pre_reset,1.0,1.3343220141622404e-16,1.0,1.308410382236479e-16,0.0,0.0,18
11,intact,0.25,4,62.5,L1,spike50,1.0,1.5700924586837752e-16,1.0,1.4332917616497527e-16,0.0,0.0,18
11,intact,0.25,4,62.5,L1,syn_current,1.0,1.548132042069375e-16,1.0,1.0467283057891834e-16,0.0,0.0,18
11,intact,0.25,4,62.5,L1,pre_reset,1.0,1.3597399555105182e-16,1.0,1.3846913936850747e-16,0.0,0.0,18
11,intact,0.25,4,62.5,L2,spike50,1.0,1.6131166563777087e-16,1.0,1.2819751242557092e-16,0.0,0.0,18
11,intact,0.25,4,62.5,L2,syn_current,1.0,1.2549831513118703e-16,1.0,1.6131166563777087e-16,0.0,0.0,18
11,intact,0.25,4,62.5,L2,pre_reset,1.0,1.013490324081353e-16,1.0,1.308410382236479e-16,0.0,0.0,18
11,intact,0.25,8,125.0,L1,spike50,1.0,1.308410382236479e-16,1.0,1.3343220141622404e-16,0.0,0.0,18
11,intact,0.25,8,125.0,L1,syn_current,1.0,1.3343220141622404e-16,1.0,1.5032490816276442e-16,0.0,0.0,18
11,intact,0.25,8,125.0,L1,pre_reset,1.0,1.0789428415231562e-16,1.0,1.4092011087418584e-16,0.0,0.0,18
11,intact,0.25,8,125.0,L2,spike50,1.0,1.227397735431716e-16,1.0,1.0789428415231562e-16,0.0,0.0,18
11,intact,0.25,8,125.0,L2,syn_current,1.0,7.850462293418876e-17,1.0,1.2549831513118703e-16,0.0,0.0,18
11,intact,0.25,8,125.0,L2,pre_reset,1.0,1.3343220141622404e-16,1.0,1.4092011087418584e-16,0.0,0.0,18
11,intact,0.25,16,250.0,L1,spike50,1.0,1.227397735431716e-16,1.0,1.5032490816276442e-16,0.0,0.0,18
11,intact,0.25,16,250.0,L1,syn_current,1.0,1.5917499294642454e-16,1.0,1.548132042069375e-16,0.0,0.0,18
11,intact,0.25,16,250.0,L1,pre_reset,1.0,1.227397735431716e-16,1.0,1.6755828462014355e-16,0.0,0.0,18
11,intact,0.25,16,250.0,L2,spike50,1.0,1.4569841396346152e-16,1.0,1.1702778228589004e-16,0.0,0.0,18
11,intact,0.25,16,250.0,L2,syn_current,1.0,1.227397735431716e-16,1.0,1.3846913936850747e-16,0.0,0.0,18
11,intact,0.25,16,250.0,L2,pre_reset,1.0,1.695893682875867e-16,1.0,1.1406457265696475e-16,0.0,0.0,18
11,intact,0.25,32,500.0,L1,spike50,1.0,1.227397735431716e-16,1.0,1.227397735431716e-16,0.0,0.0,18
11,intact,0.25,32,500.0,L1,syn_current,1.0,1.5032490816276442e-16,1.0,1.4092011087418584e-16,0.0,0.0,18
11,intact,0.25,32,500.0,L1,pre_reset,1.0,1.3597399555105182e-16,1.0,1.4332917616497527e-16,0.0,0.0,18
11,intact,0.25,32,500.0,L2,spike50,1.0,1.4569841396346152e-16,1.0,1.013490324081353e-16,0.0,0.0,18
11,intact,0.25,32,500.0,L2,syn_current,1.0,1.4332917616497527e-16,1.0,1.1406457265696475e-16,0.0,0.0,18
11,intact,0.25,32,500.0,L2,pre_reset,1.0,1.308410382236479e-16,1.0,1.3343220141622404e-16,0.0,0.0,18
11,intact,0.5,0,0.0,L1,spike50,1.0,1.3597399555105182e-16,1.0,1.5032490816276442e-16,0.0,0.0,18
11,intact,0.5,0,0.0,L1,syn_current,1.0,1.6131166563777087e-16,1.0,1.4332917616497527e-16,0.0,0.0,18
11,intact,0.5,0,0.0,L1,pre_reset,1.0,1.308410382236479e-16,1.0,1.3343220141622404e-16,0.0,0.0,18
11,intact,0.5,0,0.0,L2,spike50,1.0,1.2549831513118703e-16,1.0,1.3846913936850747e-16,0.0,0.0,18
11,intact,0.5,0,0.0,L2,syn_current,1.0,9.791246743253676e-17,1.0,1.227397735431716e-16,0.0,0.0,18
11,intact,0.5,0,0.0,L2,pre_reset,1.0,1.1102230246251563e-16,1.0,1.3343220141622404e-16,0.0,0.0,18
11,intact,0.5,1,15.625,L1,spike50,1.0,1.308410382236479e-16,1.0,1.3846913936850747e-16,0.0,0.0,18
11,intact,0.5,1,15.625,L1,syn_current,1.0,1.480297366166875e-16,1.0,1.3597399555105182e-16,0.0,0.0,18
11,intact,0.5,1,15.625,L1,pre_reset,1.0,1.5258555995074122e-16,1.0,1.2819751242557092e-16,0.0,0.0,18
11,intact,0.5,1,15.625,L2,spike50,1.0,1.4092011087418584e-16,1.0,1.2819751242557092e-16,0.0,0.0,18
11,intact,0.5,1,15.625,L2,syn_current,1.0,1.5032490816276442e-16,1.0,1.3343220141622404e-16,0.0,0.0,18
11,intact,0.5,1,15.625,L2,pre_reset,1.0,9.064933036736788e-17,1.0,1.3846913936850747e-16,0.0,0.0,18
11,intact,0.5,2,31.25,L1,spike50,1.0,1.0789428415231562e-16,1.0,1.548132042069375e-16,0.0,0.0,18
11,intact,0.5,2,31.25,L1,syn_current,1.0,1.199177923332954e-16,1.0,1.227397735431716e-16,0.0,0.0,18
11,intact,0.5,2,31.25,L1,pre_reset,1.0,1.1102230246251563e-16,1.0,1.4092011087418584e-16,0.0,0.0,18
11,intact,0.5,2,31.25,L2,spike50,1.0,1.3343220141622404e-16,1.0,1.1702778228589004e-16,0.0,0.0,18
11,intact,0.5,2,31.25,L2,syn_current,1.0,1.308410382236479e-16,1.0,9.435081445006127e-17,0.0,0.0,18
11,intact,0.5,2,31.25,L2,pre_reset,1.0,8.275113844157577e-17,1.0,1.1406457265696475e-16,0.0,0.0,18
11,intact,0.5,4,62.5,L1,spike50,1.0,1.2549831513118703e-16,1.0,1.548132042069375e-16,0.0,0.0,18
11,intact,0.5,4,62.5,L1,syn_current,1.0,1.4332917616497527e-16,1.0,9.791246743253676e-17,0.0,0.0,18
11,intact,0.5,4,62.5,L1,pre_reset,1.0,1.480297366166875e-16,1.0,1.8317745351310708e-16,0.0,0.0,18
11,intact,0.5,4,62.5,L2,spike50,1.0,1.4332917616497527e-16,1.0,1.2549831513118703e-16,0.0,0.0,18
11,intact,0.5,4,62.5,L2,syn_current,1.0,1.308410382236479e-16,1.0,1.199177923332954e-16,0.0,0.0,18
11,intact,0.5,4,62.5,L2,pre_reset,1.0,1.3597399555105182e-16,1.0,1.227397735431716e-16,0.0,0.0,18
11,intact,0.5,8,125.0,L1,spike50,1.0,1.3597399555105182e-16,1.0,1.3597399555105182e-16,0.0,0.0,18
11,intact,0.5,8,125.0,L1,syn_current,1.0,1.1102230246251563e-16,1.0,1.4569841396346152e-16,0.0,0.0,18
11,intact,0.5,8,125.0,L1,pre_reset,1.0,1.308410382236479e-16,1.0,1.308410382236479e-16,0.0,0.0,18
11,intact,0.5,8,125.0,L2,spike50,1.0,1.6755828462014355e-16,1.0,1.2549831513118703e-16,0.0,0.0,18
11,intact,0.5,8,125.0,L2,syn_current,1.0,1.3597399555105182e-16,1.0,1.1406457265696475e-16,0.0,0.0,18
11,intact,0.5,8,125.0,L2,pre_reset,1.0,1.5917499294642454e-16,1.0,1.5032490816276442e-16,0.0,0.0,18
11,intact,0.5,16,250.0,L1,spike50,1.0,1.0467283057891834e-16,1.0,1.308410382236479e-16,0.0,0.0,18
11,intact,0.5,16,250.0,L1,syn_current,1.0,1.2819751242557092e-16,1.0,1.2549831513118703e-16,0.0,0.0,18
11,intact,0.5,16,250.0,L1,pre_reset,1.0,1.0467283057891834e-16,1.0,1.655022768831515e-16,0.0,0.0,18
11,intact,0.5,16,250.0,L2,spike50,1.0,1.0467283057891834e-16,1.0,1.480297366166875e-16,0.0,0.0,18
11,intact,0.5,16,250.0,L2,syn_current,1.0,1.199177923332954e-16,1.0,1.2819751242557092e-16,0.0,0.0,18
11,intact,0.5,16,250.0,L2,pre_reset,1.0,1.1406457265696475e-16,1.0,1.2819751242557092e-16,0.0,0.0,18
11,intact,0.5,32,500.0,L1,spike50,1.0,1.3597399555105182e-16,1.0,1.1491900087240784e-16,0.0,0.0,14
11,intact,0.5,32,500.0,L1,syn_current,1.0,1.2234061875101336e-16,1.0,1.5129789507223254e-16,0.0,0.0,14
11,intact,0.5,32,500.0,L1,pre_reset,1.0,1.293370682799372e-16,1.0,1.6252000960812472e-16,0.0,0.0,14
11,intact,0.5,32,500.0,L2,spike50,1.0,1.32697032177375e-16,1.0,1.4230171362631512e-16,0.0,0.0,14
11,intact,0.5,32,500.0,L2,syn_current,1.0,1.4230171362631512e-16,1.0,1.4536231567507431e-16,0.0,0.0,14
11,intact,0.5,32,500.0,L2,pre_reset,1.0,1.5418001871423694e-16,1.0,1.5418001871423694e-16,0.0,0.0,14
11,intact,0.75,0,0.0,L1,spike50,1.0,1.1406457265696475e-16,1.0,1.0467283057891834e-16,0.0,0.0,18
11,intact,0.75,0,0.0,L1,syn_current,1.0,1.7159641292148392e-16,1.0,1.013490324081353e-16,0.0,0.0,18
11,intact,0.75,0,0.0,L1,pre_reset,1.0,1.3846913936850747e-16,1.0,1.0467283057891834e-16,0.0,0.0,18
11,intact,0.75,0,0.0,L2,spike50,1.0,1.4092011087418584e-16,1.0,1.227397735431716e-16,0.0,0.0,18
11,intact,0.75,0,0.0,L2,syn_current,1.0,1.5258555995074122e-16,1.0,1.695893682875867e-16,0.0,0.0,18
11,intact,0.75,0,0.0,L2,pre_reset,1.0,1.3597399555105182e-16,1.0,1.1102230246251563e-16,0.0,0.0,18
11,intact,0.75,1,15.625,L1,spike50,1.0,1.227397735431716e-16,1.0,1.5917499294642454e-16,0.0,0.0,18
11,intact,0.75,1,15.625,L1,syn_current,1.0,1.4332917616497527e-16,1.0,1.199177923332954e-16,0.0,0.0,18
11,intact,0.75,1,15.625,L1,pre_reset,1.0,1.480297366166875e-16,1.0,1.308410382236479e-16,0.0,0.0,18
11,intact,0.75,1,15.625,L2,spike50,1.0,9.791246743253676e-17,1.0,1.2549831513118703e-16,0.0,0.0,18
11,intact,0.75,1,15.625,L2,syn_current,1.0,1.5917499294642454e-16,1.0,1.227397735431716e-16,0.0,0.0,18
11,intact,0.75,1,15.625,L2,pre_reset,1.0,1.6755828462014355e-16,1.0,1.3846913936850747e-16,0.0,0.0,18
11,intact,0.75,2,31.25,L1,spike50,1.0,1.0467283057891834e-16,1.0,9.435081445006127e-17,0.0,0.0,18
11,intact,0.75,2,31.25,L1,syn_current,1.0,1.3343220141622404e-16,1.0,1.1406457265696475e-16,0.0,0.0,18
11,intact,0.75,2,31.25,L1,pre_reset,1.0,1.227397735431716e-16,1.0,1.199177923332954e-16,0.0,0.0,18
11,intact,0.75,2,31.25,L2,spike50,1.0,1.480297366166875e-16,1.0,1.5258555995074122e-16,0.0,0.0,18
11,intact,0.75,2,31.25,L2,syn_current,1.0,1.5032490816276442e-16,1.0,1.2549831513118703e-16,0.0,0.0,18
11,intact,0.75,2,31.25,L2,pre_reset,1.0,1.5032490816276442e-16,1.0,1.3597399555105182e-16,0.0,0.0,18
11,intact,0.75,4,62.5,L1,spike50,1.0,1.1702778228589004e-16,1.0,1.548132042069375e-16,0.0,0.0,18
11,intact,0.75,4,62.5,L1,syn_current,1.0,1.013490324081353e-16,1.0,1.548132042069375e-16,0.0,0.0,18
11,intact,0.75,4,62.5,L1,pre_reset,1.0,1.3846913936850747e-16,1.0,1.3343220141622404e-16,0.0,0.0,18
11,intact,0.75,4,62.5,L2,spike50,1.0,1.1406457265696475e-16,1.0,1.4332917616497527e-16,0.0,0.0,18
11,intact,0.75,4,62.5,L2,syn_current,1.0,1.548132042069375e-16,1.0,1.3846913936850747e-16,0.0,0.0,18
11,intact,0.75,4,62.5,L2,pre_reset,1.0,1.3343220141622404e-16,1.0,1.1702778228589004e-16,0.0,0.0,18
11,intact,0.75,8,125.0,L1,spike50,1.0,1.308410382236479e-16,1.0,1.6131166563777087e-16,0.0,0.0,18
11,intact,0.75,8,125.0,L1,syn_current,1.0,1.2819751242557092e-16,1.0,1.2549831513118703e-16,0.0,0.0,18
11,intact,0.75,8,125.0,L1,pre_reset,1.0,8.679012619367784e-17,1.0,1.4332917616497527e-16,0.0,0.0,18
11,intact,0.75,8,125.0,L2,spike50,1.0,1.4569841396346152e-16,1.0,7.850462293418876e-17,0.0,0.0,18
11,intact,0.75,8,125.0,L2,syn_current,1.0,1.4092011087418584e-16,1.0,1.3343220141622404e-16,0.0,0.0,18
11,intact,0.75,8,125.0,L2,pre_reset,1.0,1.1102230246251563e-16,1.0,1.3846913936850747e-16,0.0,0.0,18
11,intact,0.75,16,250.0,L1,spike50,1.0,1.32697032177375e-16,1.0,1.18687833744435e-16,0.0,0.0,14
11,intact,0.75,16,250.0,L1,syn_current,1.0,1.32697032177375e-16,1.0,1.0698376758482635e-16,0.0,0.0,14
11,intact,0.75,16,250.0,L1,pre_reset,1.0,1.3917382147355022e-16,1.0,1.1102230246251563e-16,0.0,0.0,14
11,intact,0.75,16,250.0,L2,spike50,1.0,1.32697032177375e-16,1.0,1.5418001871423694e-16,0.0,0.0,14
11,intact,0.75,16,250.0,L2,syn_current,1.0,1.4536231567507431e-16,1.0,1.5129789507223254e-16,0.0,0.0,14
11,intact,0.75,16,250.0,L2,pre_reset,1.0,1.2234061875101336e-16,1.0,1.4536231567507431e-16,0.0,0.0,14
11,reset_l1,0.25,0,0.0,L1,spike50,0.9325616526285948,0.061346833940902,0.9374155544373824,0.0599277674673231,0.3714085603399555,0.214771571908626,113
11,reset_l1,0.25,0,0.0,L1,syn_current,0.5523952330583599,0.1998339003041872,0.5770110820958645,0.1848583642565876,0.867540647282012,0.1512322391200487,90
11,reset_l1,0.25,0,0.0,L1,pre_reset,0.4320793167645588,0.169735000189996,0.4640849742550702,0.1589886871491632,0.9300622108697296,0.0867209988780541,90
11,reset_l1,0.25,0,0.0,L2,spike50,0.954593524687094,0.1148036956056151,0.9618833267374232,0.1116019055248215,0.1788065797288326,0.2135296862236363,107
11,reset_l1,0.25,0,0.0,L2,syn_current,0.9195692775338282,0.1087261773834055,0.926179554159974,0.0967717415129529,0.33832499077888,0.2510844986651819,114
11,reset_l1,0.25,0,0.0,L2,pre_reset,0.9587061548880292,0.0706689701151345,0.960935637839428,0.0645516480646208,0.2471465829741505,0.2296979980616259,114
11,reset_l1,0.25,1,15.625,L1,spike50,0.8733653572024795,0.111537247381538,0.8815163419523155,0.1096998867604691,0.5658548752269211,0.2060546168767794,113
11,reset_l1,0.25,1,15.625,L1,syn_current,0.6406666206111786,0.1878524307719813,0.6599988734808556,0.172756545415777,0.7620393899626803,0.1663900073037828,120
11,reset_l1,0.25,1,15.625,L1,pre_reset,0.5411571089895795,0.1810116665357529,0.5675642540753647,0.1684263338978705,0.8390336150339639,0.1267774996691331,120
11,reset_l1,0.25,1,15.625,L2,spike50,0.9131171784002698,0.141333838964639,0.930367861795375,0.1350803423602247,0.280949009579274,0.2475648970380673,108
11,reset_l1,0.25,1,15.625,L2,syn_current,0.8842133599292907,0.1588451022220136,0.8935455656722114,0.1397536757492365,0.4596672915409662,0.2518407967005479,114
11,reset_l1,0.25,1,15.625,L2,pre_reset,0.9181663699059848,0.1264638836451671,0.9231089329271328,0.107141210901941,0.3841487304899723,0.2497222950711281,114
11,reset_l1,0.25,2,31.25,L1,spike50,0.7172619724833034,0.1500821137736485,0.7338761033539779,0.1464654214318059,0.7639398353604627,0.1730965168978975,112
11,reset_l1,0.25,2,31.25,L1,syn_current,0.7311113815765209,0.1478305253729954,0.745710376541197,0.1385872027044561,0.6803465238058808,0.1686226864231006,124
11,reset_l1,0.25,2,31.25,L1,pre_reset,0.6549140902030562,0.1540668777555427,0.6758464195186122,0.1445903783861731,0.7496270218207477,0.1418586018991232,124
11,reset_l1,0.25,2,31.25,L2,spike50,0.8516756735924373,0.1524410360803904,0.8866855896940742,0.1458382809010279,0.3962367851901284,0.2532726341635912,110
11,reset_l1,0.25,2,31.25,L2,syn_current,0.8527033791892588,0.1781464939205419,0.8652648626436421,0.1482339703306799,0.5435616171585543,0.224051287621427,116
11,reset_l1,0.25,2,31.25,L2,pre_reset,0.884147366403901,0.1521299049042668,0.8911337038734392,0.1269522611369191,0.483458503227935,0.2345939471196663,116
11,reset_l1,0.25,4,62.5,L1,spike50,0.4620515574108909,0.2148169954117362,0.4896213125144618,0.2125967997896085,0.9002120427944473,0.19309644902392,68
11,reset_l1,0.25,4,62.5,L1,syn_current,0.8187562395651389,0.1110287190128641,0.831682148002416,0.1027651913594539,0.5631216229363145,0.1591785169875186,128
11,reset_l1,0.25,4,62.5,L1,pre_reset,0.7714504184913901,0.1233397379088291,0.7887048454694765,0.1139179065147392,0.6139208345386802,0.1490789919607663,128
11,reset_l1,0.25,4,62.5,L2,spike50,0.6898725104274439,0.1798477616455432,0.7670539098303034,0.1743677281193997,0.6042587437346933,0.218249924726803,117
11,reset_l1,0.25,4,62.5,L2,syn_current,0.817227201133195,0.1660148389138557,0.8258034494121289,0.1462089091398205,0.6054123786677176,0.1967828905736247,121
11,reset_l1,0.25,4,62.5,L2,pre_reset,0.8466300814909216,0.1485756642049566,0.8494402623511094,0.1320284446673903,0.5677875176608764,0.1974004906943106,121
11,reset_l1,0.25,8,125.0,L1,spike50,0.658490231944373,0.1944062355140432,0.679228343705705,0.1922548125142927,0.7596645228987031,0.2189979909423331,103
11,reset_l1,0.25,8,125.0,L1,syn_current,0.9112385653638972,0.0596573683100975,0.9194863634818364,0.0534827754909436,0.412995523206175,0.1337445013821025,128
11,reset_l1,0.25,8,125.0,L1,pre_reset,0.8863394826168457,0.0676018647057714,0.8973573062435326,0.0601365674867926,0.4435856124734172,0.1268583099072595,128
11,reset_l1,0.25,8,125.0,L2,spike50,0.611280743138347,0.1539671694092876,0.7214374561413555,0.1383545835264997,0.6702602290703359,0.1728419339843046,124
11,reset_l1,0.25,8,125.0,L2,syn_current,0.8114271204992567,0.141942729551862,0.8146017140016603,0.1264339707166772,0.6270873444055727,0.16926338948653,126
11,reset_l1,0.25,8,125.0,L2,pre_reset,0.8178239884692666,0.1338345981105576,0.8151182404383613,0.1262600262568256,0.6278591435510892,0.1675480989858297,126
11,reset_l1,0.25,16,250.0,L1,spike50,0.8631210232099908,0.0988272826762697,0.8730699315047266,0.0978799545882048,0.4981806938659907,0.1708691740652889,125
11,reset_l1,0.25,16,250.0,L1,syn_current,0.9801949627557413,0.0137905847098055,0.9825058211552103,0.0121714551522091,0.2132285226535769,0.0703934707822348,128
11,reset_l1,0.25,16,250.0,L1,pre_reset,0.9676981842962636,0.0179413754269783,0.9714723122844676,0.0156661025392916,0.2486502097575211,0.0649000138407665,128
11,reset_l1,0.25,16,250.0,L2,spike50,0.6791193272090987,0.170744884322285,0.7991880610619583,0.1309839906272223,0.5749861161345304,0.1844718920162858,125
11,reset_l1,0.25,16,250.0,L2,syn_current,0.8299853731089055,0.1307894369849166,0.8547155571937726,0.1055321357295837,0.5419527197278069,0.171603910800626,127
11,reset_l1,0.25,16,250.0,L2,pre_reset,0.8209939436834242,0.1309433869200669,0.838288222976138,0.1145609505565053,0.569883880355988,0.1726785986499417,127
11,reset_l1,0.25,32,500.0,L1,spike50,0.9572869131134104,0.0317561309425432,0.9609245121025995,0.031353763249571,0.2744404964778493,0.1029595620918494,128
11,reset_l1,0.25,32,500.0,L1,syn_current,0.9978238008304864,0.001753932036988,0.9981489232691126,0.0014559418398672,0.075249235167083,0.0310496987453828,128
11,reset_l1,0.25,32,500.0,L1,pre_reset,0.9899084336926852,0.0051235495904618,0.9913016261212716,0.0043456261246833,0.1337547023861588,0.0327615682169462,128
11,reset_l1,0.25,32,500.0,L2,spike50,0.8356860160669292,0.1241012350861868,0.9166408461739712,0.1020332822399145,0.3697016280096852,0.132726441829052,128
11,reset_l1,0.25,32,500.0,L2,syn_current,0.9157773697887612,0.0683434699157061,0.938318640412087,0.0451757179864931,0.3470487584993196,0.1268464799617318,128
11,reset_l1,0.25,32,500.0,L2,pre_reset,0.9115513539850988,0.0825557957391803,0.9317161989252094,0.0535464751750215,0.3659234607173291,0.1365679770009159,128
11,reset_l1,0.5,0,0.0,L1,spike50,0.9603167417557288,0.0294289310393301,0.9642455990797107,0.0288823953595551,0.326346737370206,0.0974924672279686,127
11,reset_l1,0.5,0,0.0,L1,syn_current,0.4719244575732945,0.1913962840991843,0.4989108798613052,0.1689887683509663,0.9149138300029538,0.1039553066387636,83
11,reset_l1,0.5,0,0.0,L1,pre_reset,0.3686882784989384,0.1484897842558298,0.4012145491646154,0.1320081149989757,0.956135724438094,0.0540687692713332,83
11,reset_l1,0.5,0,0.0,L2,spike50,0.9853335466947418,0.0126970527136579,0.991853340628556,0.0111008339314982,0.1160152312116891,0.0589310920295349,127
11,reset_l1,0.5,0,0.0,L2,syn_current,0.967791687256902,0.0297669113138728,0.9734798674869464,0.0234962606088338,0.2394829303462,0.0910904603290305,128
11,reset_l1,0.5,0,0.0,L2,pre_reset,0.9883026169820496,0.0124301620578272,0.989750473991291,0.010155208954604,0.1478514334220653,0.0636008594661625,128
11,reset_l1,0.5,1,15.625,L1,spike50,0.9185200205880706,0.0812447429841083,0.9259613189465012,0.0799637410533825,0.5458425426726016,0.1181414009000188,125
11,reset_l1,0.5,1,15.625,L1,syn_current,0.5462965575697067,0.1859585338057428,0.5715863856048796,0.1699095366032487,0.8437483471279648,0.1272391785663832,114
11,reset_l1,0.5,1,15.625,L1,pre_reset,0.4614314062950259,0.1689564941260102,0.492023653691495,0.1554064440324385,0.8936179198842356,0.0917156093836553,114
11,reset_l1,0.5,1,15.625,L2,spike50,0.9620377026363456,0.0269958406472165,0.9787555360341124,0.023738397446672,0.193473682186811,0.0770990855081947,127
11,reset_l1,0.5,1,15.625,L2,syn_current,0.9433769734498408,0.0524560260575419,0.952908890989576,0.0439934470108234,0.3364655674688895,0.1100809816832746,128
11,reset_l1,0.5,1,15.625,L2,pre_reset,0.9683834407828468,0.0312641766773328,0.9724269163007596,0.0260576536827248,0.2547868117717556,0.0916633610539505,128
11,reset_l1,0.5,2,31.25,L1,spike50,0.7818511242800095,0.1075038711862806,0.7989974703462837,0.1065725366862528,0.767302008790729,0.0734829151263016,123
11,reset_l1,0.5,2,31.25,L1,syn_current,0.6231310540989338,0.1539670481885097,0.6476568341571829,0.1412566916743229,0.7847612934359312,0.1221639864894158,124
11,reset_l1,0.5,2,31.25,L1,pre_reset,0.5536609194286728,0.1513840265956325,0.583637852411168,0.139362951820077,0.8307334835401807,0.1053092954397039,124
11,reset_l1,0.5,2,31.25,L2,spike50,0.9137054008345044,0.0431419901457296,0.9509592338451704,0.033554769735745,0.2995090115288672,0.0917317452152724,127
11,reset_l1,0.5,2,31.25,L2,syn_current,0.9132861642104952,0.0683075774063998,0.9275491741879972,0.0530916109505257,0.4236959220755055,0.1061059484181485,128
11,reset_l1,0.5,2,31.25,L2,pre_reset,0.942632375491268,0.0513463457596324,0.949516100642262,0.0417187241232974,0.35214545150541,0.1021948829447778,128
11,reset_l1,0.5,4,62.5,L1,spike50,0.3164160876921356,0.1778238325373544,0.3559560289847904,0.1777117343059087,0.9717000010297506,0.0533490330742234,56
11,reset_l1,0.5,4,62.5,L1,syn_current,0.7422762538433263,0.1260749359754754,0.7625573867734479,0.1127160484262726,0.6730683951943415,0.1265445196732393,128
11,reset_l1,0.5,4,62.5,L1,pre_reset,0.6970113941853153,0.1305097678746637,0.7214874724951477,0.1169731794937394,0.7059715013909371,0.1165492380663277,128
11,reset_l1,0.5,4,62.5,L2,spike50,0.7677250406332031,0.0840200880897486,0.8606933976864639,0.0574144336433676,0.499381804903025,0.1061804018681968,127
11,reset_l1,0.5,4,62.5,L2,syn_current,0.8535082291507717,0.1027999262301196,0.8763389549784962,0.0812017276898825,0.5366489986533411,0.1080188695381013,128
11,reset_l1,0.5,4,62.5,L2,pre_reset,0.8881931940004193,0.082336718529237,0.9015645967403768,0.0654275633262502,0.4900255169008006,0.108427526531761,128
11,reset_l1,0.5,8,125.0,L1,spike50,0.6074867413038715,0.1767456916952763,0.6359777484188215,0.1770327134265152,0.8436887383276978,0.1550560099913836,93
11,reset_l1,0.5,8,125.0,L1,syn_current,0.8774739852262672,0.0734406041618492,0.8889827964456898,0.0668758430387116,0.5015693480050047,0.124808941620277,128
11,reset_l1,0.5,8,125.0,L1,pre_reset,0.8560461469887739,0.0737393320147713,0.8694880377536296,0.0667227505706374,0.515135657497244,0.1126681297207387,128
11,reset_l1,0.5,8,125.0,L2,spike50,0.5937982626357178,0.1456091182832117,0.7411884114728776,0.1194713220588583,0.6596156969449536,0.1203331794033913,127
11,reset_l1,0.5,8,125.0,L2,syn_current,0.7784599609595892,0.1482526445302078,0.8083484433668071,0.1162976486540074,0.6312454116849385,0.1287003945995718,128
11,reset_l1,0.5,8,125.0,L2,pre_reset,0.7998287499562067,0.138129639038797,0.8193349796455235,0.1135142316368231,0.6210319640218177,0.1239399233253859,128
11,reset_l1,0.5,16,250.0,L1,spike50,0.8383793403715545,0.0994161547003417,0.8505198417774846,0.0991646031750299,0.5703525923375427,0.1717291657196753,124
11,reset_l1,0.5,16,250.0,L1,syn_current,0.9712884654058708,0.0198184974267421,0.9747417040804174,0.0175063793360252,0.2721967544616623,0.0818924504242792,128
11,reset_l1,0.5,16,250.0,L1,pre_reset,0.9588565633402828,0.0214511747810091,0.9637172493667012,0.0189231613783145,0.29132754780128,0.0691909518999526,128
11,reset_l1,0.5,16,250.0,L2,spike50,0.5822475005714943,0.1850249655008086,0.7580116076504577,0.1291879400980291,0.634475105029684,0.1579560843074188,128
11,reset_l1,0.5,16,250.0,L2,syn_current,0.750440927177478,0.1600523736265488,0.8007254119897105,0.1216363663400241,0.6265837843020056,0.1467439373781522,128
11,reset_l1,0.5,16,250.0,L2,pre_reset,0.7508796727897368,0.1610128388211923,0.7889995441566173,0.1277131799726381,0.6455910268678889,0.1456489726952229,128
11,reset_l1,0.5,32,500.0,L1,spike50,0.9475854438306034,0.0331567821017168,0.9517779372189292,0.0332114194386919,0.3230982572781011,0.1250906833418129,97
11,reset_l1,0.5,32,500.0,L1,syn_current,0.9963976069247072,0.0025072835774512,0.996846836185762,0.002191868967241,0.1044702780517822,0.03310635421041,98
11,reset_l1,0.5,32,500.0,L1,pre_reset,0.9879649793687242,0.0055261690665183,0.9894550957664948,0.0047400064639397,0.1519082337100577,0.0319015494871055,98
11,reset_l1,0.5,32,500.0,L2,spike50,0.7766041450259762,0.1470889908326241,0.8863067916721463,0.0958779357784028,0.4359558106699183,0.1491825471383634,98
11,reset_l1,0.5,32,500.0,L2,syn_current,0.8582034392847091,0.1179011053359581,0.8959620083382641,0.0686918805383145,0.4502695685382737,0.1325526466860738,98
11,reset_l1,0.5,32,500.0,L2,pre_reset,0.8487256919036978,0.1274145106505209,0.880421989814523,0.0841768232376185,0.4792526681830127,0.1420593929866274,98
11,reset_l1,0.75,0,0.0,L1,spike50,0.9635505270650552,0.0213591316879015,0.9671288416151615,0.0208803972201076,0.323968193135749,0.073524684224693,128
11,reset_l1,0.75,0,0.0,L1,syn_current,0.4803672464095549,0.1709576904675799,0.5094155666908347,0.15775008811982,0.9097939134021348,0.1026230228057566,91
11,reset_l1,0.75,0,0.0,L1,pre_reset,0.3886371704318536,0.1468265714202112,0.4232999183045543,0.137180219832861,0.9502416069271832,0.0584031042484286,91
11,reset_l1,0.75,0,0.0,L2,spike50,0.9847956383847488,0.008573514882644,0.9927158613353556,0.0045511249312714,0.1159604072002718,0.0365435267930523,128
11,reset_l1,0.75,0,0.0,L2,syn_current,0.9647146623317824,0.0327883226691156,0.9724624252363334,0.0240640766640031,0.2402480776480719,0.0909723181492123,128
11,reset_l1,0.75,0,0.0,L2,pre_reset,0.9868942096057374,0.0131595885298348,0.989208666159646,0.0100467295086802,0.1495665403298048,0.0638350546913062,128
11,reset_l1,0.75,1,15.625,L1,spike50,0.9288046726715502,0.0414222551631675,0.9353225866635004,0.0406148622912008,0.5426149304200296,0.0616821351193363,128
11,reset_l1,0.75,1,15.625,L1,syn_current,0.6001311111229379,0.161527776611045,0.622855339275578,0.1490322074921957,0.8113063733036363,0.1271359672062914,120
11,reset_l1,0.75,1,15.625,L1,pre_reset,0.5164740443458379,0.1494024768381179,0.5456534930703938,0.1399242009621484,0.8694183487768183,0.0935766403741457,120
11,reset_l1,0.75,1,15.625,L2,spike50,0.9599608780520108,0.0212038842299963,0.97973256428098,0.0118922111787979,0.1961406920536488,0.0548052186477746,128
11,reset_l1,0.75,1,15.625,L2,syn_current,0.938691354241376,0.0485554337850197,0.952191780515358,0.0342705771402459,0.341303526278117,0.0943981017057128,128
11,reset_l1,0.75,1,15.625,L2,pre_reset,0.9656345322492678,0.0283326487853592,0.9719738895478138,0.0210232925932306,0.2574845883779977,0.0843262095031052,128
11,reset_l1,0.75,2,31.25,L1,spike50,0.7888680834030384,0.0840633284212568,0.8067870293301579,0.0825500033048804,0.7624176468056066,0.0577060157493367,126
11,reset_l1,0.75,2,31.25,L1,syn_current,0.6783742093330535,0.1404651681369137,0.6978246025049913,0.1301306404488734,0.7444295158473617,0.1272470009741595,126
11,reset_l1,0.75,2,31.25,L1,pre_reset,0.6144777542093954,0.137516800030529,0.6393075308615563,0.1285015661114721,0.7920297468717026,0.1063042275933138,126
11,reset_l1,0.75,2,31.25,L2,spike50,0.9085726559893348,0.04315676130796,0.9515167300317996,0.0236551114993739,0.304139583474693,0.0731418649526512,128
11,reset_l1,0.75,2,31.25,L2,syn_current,0.9042392858328624,0.0692713425263869,0.923278430400576,0.0529613409752923,0.4251661933025953,0.10917648291625,128
11,reset_l1,0.75,2,31.25,L2,pre_reset,0.9372864840415412,0.0474073071178194,0.9474918132750508,0.0378408536636267,0.3532774356701879,0.1037723589644106,128
11,reset_l1,0.75,4,62.5,L1,spike50,0.4206410429894033,0.1620317475368874,0.4542009004121702,0.1610178887900399,0.9494267849378726,0.0684666962788063,69
11,reset_l1,0.75,4,62.5,L1,syn_current,0.7789227780587772,0.1088090378170295,0.7964126852530602,0.098537077243921,0.6443095224074888,0.1254621467576245,128
11,reset_l1,0.75,4,62.5,L1,pre_reset,0.743323926031989,0.1081370658016273,0.7638537152854763,0.097973238047498,0.669231431935295,0.1126804991115759,128
11,reset_l1,0.75,4,62.5,L2,spike50,0.7462354693109067,0.0984399456681578,0.853261467883286,0.0601282558005606,0.5148632090292207,0.0996263146069763,128
11,reset_l1,0.75,4,62.5,L2,syn_current,0.843738435324643,0.1124362829524877,0.8727469660552685,0.0798467143515328,0.5378748417200545,0.116859447698055,128
11,reset_l1,0.75,4,62.5,L2,pre_reset,0.8798189524578461,0.0909796956309183,0.8984705561856196,0.0679238757581276,0.489685413873629,0.1186374063033047,128
11,reset_l1,0.75,8,125.0,L1,spike50,0.5982284752142798,0.1859463767653372,0.6213572572643199,0.1865365622487495,0.8376346637898979,0.1420824731905636,103
11,reset_l1,0.75,8,125.0,L1,syn_current,0.8877802483275901,0.063421208071719,0.898954991903411,0.0576349191639283,0.4955608748566021,0.1125500304773333,128
11,reset_l1,0.75,8,125.0,L1,pre_reset,0.8661350252849729,0.0650680929362873,0.8796172850125401,0.0590507206326333,0.5052659917424636,0.1009038657088766,128
11,reset_l1,0.75,8,125.0,L2,spike50,0.5525799811466671,0.1596062932854935,0.7239430609033501,0.1055547984313506,0.6798116816999222,0.11875622741889,128
11,reset_l1,0.75,8,125.0,L2,syn_current,0.7414516617035016,0.166197660706253,0.7794738702487685,0.1342483412887221,0.6624226164820588,0.1349156672635709,128
11,reset_l1,0.75,8,125.0,L2,pre_reset,0.7725116788443502,0.1515314476610451,0.7987972209497523,0.1282362459874889,0.643605877940947,0.1333133538501719,128
11,reset_l1,0.75,16,250.0,L1,spike50,0.8055287557057716,0.1123279387150095,0.8157558790899971,0.1131214132301325,0.6332644456565742,0.1734745953154749,96
11,reset_l1,0.75,16,250.0,L1,syn_current,0.9635207579488572,0.0233197188935526,0.96823307768229,0.0198918317612458,0.3085604573669315,0.0910955022526661,101
11,reset_l1,0.75,16,250.0,L1,pre_reset,0.9508574701598332,0.0245814045337685,0.9571764132951412,0.0209083646292202,0.3176966207673156,0.0762155913469428,101
11,reset_l1,0.75,16,250.0,L2,spike50,0.4887916930592066,0.2153319360534543,0.6982649329765607,0.1486149825440045,0.7016040527450101,0.1560609522619331,101
11,reset_l1,0.75,16,250.0,L2,syn_current,0.676697721295079,0.2061283437388909,0.7392207249773202,0.1607179944024186,0.692039185532757,0.1500105678966805,101
11,reset_l1,0.75,16,250.0,L2,pre_reset,0.6751253804835315,0.2040818548744045,0.7212101042494841,0.1728749830721865,0.7135525515567631,0.1483926241216576,101
11,reset_l1,0.75,32,500.0,L1,spike50,0.961940156372185,0.0380598436278148,0.9635863249727652,0.0364136750272346,0.1986798535597109,0.1986798535597109,2
11,reset_l1,0.75,32,500.0,L1,syn_current,0.9971615164201176,0.0006863873808767,0.9975762429537762,0.0006249710695007,0.1044065754394217,0.0245483354700278,2
11,reset_l1,0.75,32,500.0,L1,pre_reset,0.990304874034788,0.0010126678090561,0.9917656490245365,0.0011297552188236,0.1328103143784011,0.0118162399017276,2
11,reset_l1,0.75,32,500.0,L2,spike50,0.7475531537166564,0.1372299094785078,0.8313757800813499,0.079651761519998,0.6324379981313172,0.0719729791837084,2
11,reset_l1,0.75,32,500.0,L2,syn_current,0.8589990160558161,0.1115046710853021,0.9350446177772136,0.045452288110015,0.385260091371262,0.1298584808848976,2
11,reset_l1,0.75,32,500.0,L2,pre_reset,0.8487105635356731,0.0924760581860437,0.907192217063048,0.0484795787421145,0.4268185578989388,0.1169712100229783,2
11,reset_l1,0.25,0,0.0,L1,spike50,0.9251117256580976,0.0676803820837666,0.9304637216957634,0.0654904533639663,0.3268940483499747,0.1988900343796751,16
11,reset_l1,0.25,0,0.0,L1,syn_current,0.5184577068197966,0.182466717063872,0.541346186988315,0.1772394963723706,0.8994980738560917,0.1007093458568389,12
11,reset_l1,0.25,0,0.0,L1,pre_reset,0.3987335515492987,0.1373856782392194,0.4322688568626388,0.1391595437644829,0.950331587839196,0.0487933059613643,12
11,reset_l1,0.25,0,0.0,L2,spike50,0.9488506594597204,0.0616991307086837,0.9590161959600916,0.0616060615633201,0.2097286010480122,0.1766836710788147,15
11,reset_l1,0.25,0,0.0,L2,syn_current,0.858785295880077,0.1706246609244821,0.8697244058282925,0.1582011069331799,0.4145901063952388,0.330817290425664,17
11,reset_l1,0.25,0,0.0,L2,pre_reset,0.9462852492703624,0.0562514868510457,0.9462678086516784,0.0562291367814333,0.2810634183272087,0.2176737817812435,17
11,reset_l1,0.25,1,15.625,L1,spike50,0.908110135519938,0.0503466500877001,0.914635578945705,0.0471425830961818,0.5818306900765263,0.2072129269893075,16
11,reset_l1,0.25,1,15.625,L1,syn_current,0.6037623951022446,0.1882000299811538,0.6262540092464535,0.1756354298898166,0.8152800676287951,0.1325578474062394,16
11,reset_l1,0.25,1,15.625,L1,pre_reset,0.5139618304800524,0.1766975607985955,0.5461453718012225,0.1663389801890194,0.8773189507538832,0.0922934539207817,16
11,reset_l1,0.25,1,15.625,L2,spike50,0.912996827753506,0.0892767894284402,0.9319881928598824,0.0894621005325511,0.2779826727377172,0.2006574022879244,15
11,reset_l1,0.25,1,15.625,L2,syn_current,0.8946780586533711,0.0765488226943923,0.9009312475015336,0.0727190140211341,0.4875780951756275,0.1981372219386539,17
11,reset_l1,0.25,1,15.625,L2,pre_reset,0.9261440544328368,0.0580303923838522,0.9258248418612542,0.0598188912958719,0.413181153982455,0.2036002226899662,17
11,reset_l1,0.25,2,31.25,L1,spike50,0.7217654887489021,0.1165289805879617,0.7336296908460954,0.1167741696031749,0.7832655761000962,0.1462875066682017,16
11,reset_l1,0.25,2,31.25,L1,syn_current,0.698890768436915,0.1425158627854899,0.7144659041794363,0.1441368756599959,0.7234058058045556,0.1208525291291047,18
11,reset_l1,0.25,2,31.25,L1,pre_reset,0.6177594596325581,0.1428046320370241,0.6427352764837067,0.145301511656798,0.7945229433932223,0.1037573031871496,18
11,reset_l1,0.25,2,31.25,L2,spike50,0.8588639527388239,0.0782230617482317,0.897692164548392,0.0530850088224701,0.4577544630059089,0.2554185517594169,14
11,reset_l1,0.25,2,31.25,L2,syn_current,0.8189077000897651,0.105817333496915,0.830194498023078,0.1048539653542151,0.6175540608582509,0.1560126334015358,17
11,reset_l1,0.25,2,31.25,L2,pre_reset,0.8805736061065226,0.0776696359396295,0.8819557028789587,0.0802606817235404,0.5232760704589098,0.1729418703991269,17
11,reset_l1,0.25,4,62.5,L1,spike50,0.2847640748891613,0.0,0.2955987834492879,0.0,0.9986347900002324,0.0056289050292247,1
11,reset_l1,0.25,4,62.5,L1,syn_current,0.767154375582248,0.1132275029337952,0.7832556460200382,0.1104566630229404,0.6573068231483519,0.1331562344883582,18
11,reset_l1,0.25,4,62.5,L1,pre_reset,0.72881988698507,0.1094522226489652,0.7498021232448696,0.1071219369144323,0.6872130652774824,0.1123163393086904,18
11,reset_l1,0.25,4,62.5,L2,spike50,0.6369323391912717,0.1321447618629806,0.7133131299223556,0.100563911023167,0.766010440541772,0.1576041300772922,14
11,reset_l1,0.25,4,62.5,L2,syn_current,0.7365931998762888,0.1533460120244053,0.7467437379389633,0.1426503095906477,0.7315533992412199,0.1304574373297382,17
11,reset_l1,0.25,4,62.5,L2,pre_reset,0.7902863310424135,0.1335656723912696,0.7923412294270765,0.1341479753018937,0.6683486832485861,0.1500046287850058,17
11,reset_l1,0.25,8,125.0,L1,spike50,0.5874702194577887,0.205248392558927,0.6012077833417035,0.1979851866429843,0.9127020455278814,0.1139153549458933,9
11,reset_l1,0.25,8,125.0,L1,syn_current,0.8898768211039835,0.0643567070076912,0.9019731471734372,0.0585225115020478,0.4850030025308887,0.1396711387892195,18
11,reset_l1,0.25,8,125.0,L1,pre_reset,0.8591807465733515,0.0841426640198979,0.8758355072258603,0.0745778984396578,0.5080670222947795,0.1329555623917315,18
11,reset_l1,0.25,8,125.0,L2,spike50,0.4516984561324783,0.1554766830230654,0.5378506746968197,0.157693705354218,0.8698640198579297,0.0996844031781831,15
11,reset_l1,0.25,8,125.0,L2,syn_current,0.6217838127584933,0.2054101495732898,0.6619075759527161,0.1751681558767684,0.7763971665647085,0.1225376165287259,18
11,reset_l1,0.25,8,125.0,L2,pre_reset,0.6538677547812896,0.1971964573059547,0.6800420693110597,0.1777337805439361,0.7605249989563297,0.1233360241080456,18
11,reset_l1,0.25,16,250.0,L1,spike50,0.8000140020052412,0.1128576350065952,0.8093746284263723,0.1131769961529464,0.6381247183040113,0.1591839111208392,17
11,reset_l1,0.25,16,250.0,L1,syn_current,0.9784114504020444,0.0135756665318443,0.9810608263302912,0.012122030734403,0.240467549065602,0.063297707674496,18
11,reset_l1,0.25,16,250.0,L1,pre_reset,0.9650280507897588,0.0171013327612054,0.9697607849403164,0.0146330099142983,0.2613432063460335,0.0600416862055434,18
11,reset_l1,0.25,16,250.0,L2,spike50,0.5086690774441304,0.1964328430960084,0.6239881679882187,0.2029928169247191,0.7689959585398838,0.1765001040400565,17
11,reset_l1,0.25,16,250.0,L2,syn_current,0.7839503426755484,0.0990413459634504,0.8122617478765282,0.0777125500195256,0.643553502777642,0.1445036746943899,18
11,reset_l1,0.25,16,250.0,L2,pre_reset,0.7557911302739592,0.1217910807142349,0.7856954334281172,0.0898358598146795,0.6710741830946642,0.1300335751731595,18
11,reset_l1,0.25,32,500.0,L1,spike50,0.9538570949898988,0.0244687546462108,0.9570487170310444,0.0245193145734377,0.3149052165706302,0.0896663942175136,18
11,reset_l1,0.25,32,500.0,L1,syn_current,0.997793391570528,0.0014459573290088,0.9981490846771603,0.0012251027385896,0.0833416857294038,0.0240170185629119,18
11,reset_l1,0.25,32,500.0,L1,pre_reset,0.9900692509448984,0.0037508728874564,0.9915854277933668,0.003269193912219,0.1373027775314536,0.0268734388382023,18
11,reset_l1,0.25,32,500.0,L2,spike50,0.80612458938467,0.1072004053010826,0.8940022350149035,0.0799704206386844,0.4310198139839494,0.1427261752533383,18
11,reset_l1,0.25,32,500.0,L2,syn_current,0.9017498638349832,0.0747271618544209,0.9388894146882516,0.0391771150151551,0.3789689122660278,0.1169680630509231,18
11,reset_l1,0.25,32,500.0,L2,pre_reset,0.8885460903512464,0.0826200788860112,0.9238317134005184,0.0500338275411192,0.4083159915483622,0.1244866615951176,18
11,reset_l1,0.5,0,0.0,L1,spike50,0.9504378874014257,0.0181367944396363,0.954464801652926,0.0165767856285887,0.3550023933437779,0.0561155471759012,18
11,reset_l1,0.5,0,0.0,L1,syn_current,0.5187765749733076,0.1557523581581414,0.5506979605799551,0.1363428768752738,0.8848055392669241,0.09664297938873,15
11,reset_l1,0.5,0,0.0,L1,pre_reset,0.4225155247807251,0.1251246794175748,0.4615361056143285,0.1137510618821146,0.9393654010216862,0.0500601588734314,15
11,reset_l1,0.5,0,0.0,L2,spike50,0.9754196405818388,0.0275487662102972,0.9851210469003868,0.0252349689934017,0.1497673438594576,0.0854680532989555,18
11,reset_l1,0.5,0,0.0,L2,syn_current,0.939055010445705,0.0637568114704396,0.9568660172478012,0.0406333820149702,0.301133164779183,0.1095121082441716,18
11,reset_l1,0.5,0,0.0,L2,pre_reset,0.9751539652905146,0.0263053634299443,0.9816120748416994,0.0176694530691221,0.1980403347845027,0.0780143869685185,18
11,reset_l1,0.5,1,15.625,L1,spike50,0.9004351923592177,0.065310353078795,0.9085837011756444,0.0587135206418432,0.5575541774765231,0.0838729152880767,18
11,reset_l1,0.5,1,15.625,L1,syn_current,0.6148974735959537,0.1396234542933265,0.6368344228363725,0.1309579142438641,0.8094946461198297,0.1234031796959646,17
11,reset_l1,0.5,1,15.625,L1,pre_reset,0.5375307857208805,0.1343311278250358,0.566740982748248,0.1307299416470125,0.8655502049508976,0.0913091521669226,17
11,reset_l1,0.5,1,15.625,L2,spike50,0.9465793356935892,0.0318622758173057,0.9704104960490764,0.0241245711197361,0.232159206315857,0.0779302704270335,18
11,reset_l1,0.5,1,15.625,L2,syn_current,0.9117773016410712,0.0928127294754891,0.9369985396036644,0.0628641593732764,0.3827154402576702,0.1096241769134394,18
11,reset_l1,0.5,1,15.625,L2,pre_reset,0.9459039252899004,0.0543886538572352,0.958468759095195,0.0390479979665547,0.3100721096312656,0.0962646983465759,18
11,reset_l1,0.5,2,31.25,L1,spike50,0.7481573373304126,0.1231236433636416,0.7624076948275262,0.1161475460634722,0.7816711369987679,0.0855984790620526,17
11,reset_l1,0.5,2,31.25,L1,syn_current,0.6869924489603022,0.1267327035714457,0.7113413298440424,0.1171046899661891,0.7343423826484216,0.1006626464611824,18
11,reset_l1,0.5,2,31.25,L1,pre_reset,0.6216340406768457,0.1293575262547097,0.653334850474785,0.1189695898313856,0.7894382251789391,0.0936957009905036,18
11,reset_l1,0.5,2,31.25,L2,spike50,0.8776058406830805,0.081270963189943,0.9300105509025348,0.0570290171480128,0.3526055217240686,0.1130159575463918,18
11,reset_l1,0.5,2,31.25,L2,syn_current,0.8642241903862861,0.1494917630518229,0.9033339998507692,0.0881384556219205,0.485324358036862,0.1139705814169544,18
11,reset_l1,0.5,2,31.25,L2,pre_reset,0.9075668003421388,0.1034964514615501,0.9300140046646532,0.0651899707060259,0.4155893118924848,0.1098814479381458,18
11,reset_l1,0.5,4,62.5,L1,spike50,0.401388421702992,0.1130263223427471,0.42842980199636,0.1269465838458797,0.9693655409900696,0.0563438047480761,7
11,reset_l1,0.5,4,62.5,L1,syn_current,0.7874550687786903,0.0839215497497356,0.8040521955423513,0.0769639508409864,0.6307632449917243,0.1057413159597629,18
11,reset_l1,0.5,4,62.5,L1,pre_reset,0.7473893284437606,0.0953083362619852,0.7702708795891452,0.0858502714788732,0.6575023730843451,0.1104330425107115,18
11,reset_l1,0.5,4,62.5,L2,spike50,0.6727798148628826,0.1734839204458265,0.7986612109260695,0.1172610160167062,0.5896953454712623,0.1202982298440795,18
11,reset_l1,0.5,4,62.5,L2,syn_current,0.7909864877141728,0.1608551223555249,0.8359031543357645,0.121149246102875,0.6273465464678882,0.1313082668729215,18
11,reset_l1,0.5,4,62.5,L2,pre_reset,0.8256495336288048,0.1536158504222331,0.857501114772333,0.1186320283635887,0.5843566821864076,0.1420072457947702,18
11,reset_l1,0.5,8,125.0,L1,spike50,0.5566760556744433,0.1371182950521981,0.5802975756407527,0.135011397838357,0.8865629435604014,0.1112996663256815,13
11,reset_l1,0.5,8,125.0,L1,syn_current,0.8972980022615005,0.0470046084831607,0.9088922420609769,0.0395187657974019,0.4687276332805832,0.1008332453029309,18
11,reset_l1,0.5,8,125.0,L1,pre_reset,0.8755939494830348,0.0544948239948059,0.8896996445686008,0.0462512273432696,0.4811196586389303,0.094899854987769,18
11,reset_l1,0.5,8,125.0,L2,spike50,0.488154142936294,0.2166321674675939,0.6433092423736297,0.1807307228222408,0.748986491290855,0.1236943295754202,18
11,reset_l1,0.5,8,125.0,L2,syn_current,0.7040888700719038,0.2176552092424533,0.7526643530687125,0.1674916504504876,0.716620863905586,0.1373503251415974,18
11,reset_l1,0.5,8,125.0,L2,pre_reset,0.7313883909391823,0.184344933179422,0.7690479426859291,0.1513914737755304,0.7102464983702701,0.1341523005158857,18
11,reset_l1,0.5,16,250.0,L1,spike50,0.8053706196364994,0.1236823063617656,0.8136844493015067,0.1241866793124638,0.6540577328990668,0.1630343782250196,17
11,reset_l1,0.5,16,250.0,L1,syn_current,0.9731717178264876,0.0116492032059081,0.9772020753099038,0.0099540197238995,0.2786277318361596,0.0548344439898646,18
11,reset_l1,0.5,16,250.0,L1,pre_reset,0.9613522510148056,0.012904227683171,0.9671654148546877,0.010879196083454,0.2922379947689681,0.0494626438402181,18
11,reset_l1,0.5,16,250.0,L2,spike50,0.4701415152413712,0.136281453868149,0.655658337802878,0.1333105816707213,0.763237080706473,0.1241872259957477,17
11,reset_l1,0.5,16,250.0,L2,syn_current,0.7036937063836292,0.1445714557588478,0.7775886945563054,0.1066653499517198,0.7020486214629417,0.0969908015008545,18
11,reset_l1,0.5,16,250.0,L2,pre_reset,0.7003646224126093,0.1324453608591095,0.7569967700999021,0.107703096607362,0.7193636923831758,0.0846235324987915,18
11,reset_l1,0.5,32,500.0,L1,spike50,0.9343070956551498,0.0614657981565083,0.9374854565740924,0.0610073972679243,0.3600335564696472,0.1360721837174123,14
11,reset_l1,0.5,32,500.0,L1,syn_current,0.996846313176984,0.0015992515978405,0.9973364041664609,0.0013118006164901,0.1046076107076346,0.027896887478316,14
11,reset_l1,0.5,32,500.0,L1,pre_reset,0.9869352033123968,0.0034665841697965,0.9888448764513826,0.002840556884193,0.1576840659089838,0.021844607872417,14
11,reset_l1,0.5,32,500.0,L2,spike50,0.7657074301998746,0.1585365934258162,0.8796738477377575,0.0618692400237314,0.4736187825882388,0.1276067073741532,14
11,reset_l1,0.5,32,500.0,L2,syn_current,0.8709119987124465,0.0919562709352709,0.9109506404358472,0.0553539205404555,0.4530809970321335,0.1073754793462732,14
11,reset_l1,0.5,32,500.0,L2,pre_reset,0.8496805547824994,0.1161150888421979,0.8966089260426686,0.0671907104596599,0.484594355417842,0.1172634299937727,14
11,reset_l1,0.75,0,0.0,L1,spike50,0.963613413404948,0.0194665770320621,0.9666251050806386,0.018922454153,0.3101010441508394,0.0701772242798942,18
11,reset_l1,0.75,0,0.0,L1,syn_current,0.4761508554578548,0.1585739641512539,0.5135357604960108,0.1331037480009902,0.9187323361344996,0.0930145736747766,12
11,reset_l1,0.75,0,0.0,L1,pre_reset,0.386934452389337,0.1409569784951635,0.4313850147317481,0.1206752674698933,0.9543104859107822,0.0575661962950953,12
11,reset_l1,0.75,0,0.0,L2,spike50,0.9851271937379418,0.005821041437506,0.992303680433754,0.0044935967935314,0.1216498487594209,0.0315261037694808,18
11,reset_l1,0.75,0,0.0,L2,syn_current,0.9684538673828272,0.0216153870890819,0.9755405886039886,0.0169391251175759,0.2319445608770473,0.076114481731479,18
11,reset_l1,0.75,0,0.0,L2,pre_reset,0.9879927723925964,0.0085877859289204,0.9902788342069048,0.0066958989494697,0.1477758022501063,0.0497798595906076,18
11,reset_l1,0.75,1,15.625,L1,spike50,0.9332359083638864,0.0276890287851671,0.9387068642697072,0.0269123936358214,0.519661178587689,0.0475313250761887,18
11,reset_l1,0.75,1,15.625,L1,syn_current,0.5888502578846136,0.1563381532578859,0.6114653698268319,0.139550846547087,0.8367788861351952,0.1131951255699798,16
11,reset_l1,0.75,1,15.625,L1,pre_reset,0.5088175474590334,0.1450364241236091,0.5389136146584016,0.1340994365793192,0.8877588072185416,0.0846975646597628,16
11,reset_l1,0.75,1,15.625,L2,spike50,0.9638754292336782,0.0094854802513979,0.980695155341535,0.006538975129956,0.1998338174054209,0.0378601276439992,18
11,reset_l1,0.75,1,15.625,L2,syn_current,0.9439363723094396,0.0365912824894546,0.9561711410366658,0.0253049672605657,0.3331389663361545,0.0787860730379342,18
11,reset_l1,0.75,1,15.625,L2,pre_reset,0.9655015332567944,0.0244317002183604,0.9719386855474292,0.0166842588611628,0.2613938948542675,0.0670326624074166,18
11,reset_l1,0.75,2,31.25,L1,spike50,0.8003249213683905,0.0873367808731614,0.81256168295405,0.0871727607773616,0.7502519781508385,0.0797429368056544,17
11,reset_l1,0.75,2,31.25,L1,syn_current,0.6235378871163998,0.140218184653943,0.642955686867299,0.1368624278259286,0.8087802450056716,0.0990210467469027,17
11,reset_l1,0.75,2,31.25,L1,pre_reset,0.5633476631839346,0.1496107053938524,0.5883382349177961,0.1449385257364662,0.8416314771784497,0.0923449929184782,17
11,reset_l1,0.75,2,31.25,L2,spike50,0.9174554938225388,0.0239200881425176,0.9531560585740868,0.0177525294464371,0.3069844299310222,0.0587938881754489,18
11,reset_l1,0.75,2,31.25,L2,syn_current,0.9298629729320936,0.0367322888667277,0.9445126398353764,0.0277989948236467,0.3970838385194201,0.0757153359244364,18
11,reset_l1,0.75,2,31.25,L2,pre_reset,0.9465678215233542,0.0321807455570872,0.9562948945556542,0.0229776597798515,0.3417038137207701,0.0729334571191691,18
11,reset_l1,0.75,4,62.5,L1,spike50,0.3671838333003738,0.1867551227924732,0.3963299349141579,0.1924135118560851,0.9786361145340486,0.0489063962881133,5
11,reset_l1,0.75,4,62.5,L1,syn_current,0.753793631380062,0.1067556924999679,0.7719481930565916,0.0994783192221021,0.6772667904481661,0.1097555233991915,18
11,reset_l1,0.75,4,62.5,L1,pre_reset,0.7059282460234004,0.1195305371261062,0.7292849269910944,0.111156246949013,0.7114190772803135,0.1113752670610285,18
11,reset_l1,0.75,4,62.5,L2,spike50,0.7703550802636496,0.0540929250818877,0.8542857819161728,0.0438151077557812,0.5255790640605487,0.078127219944775,18
11,reset_l1,0.75,4,62.5,L2,syn_current,0.8639331555386619,0.0652958183693509,0.8930468874097828,0.0463504354387599,0.5410745591770298,0.0624011734621059,18
11,reset_l1,0.75,4,62.5,L2,pre_reset,0.8939503276796784,0.0530741180297422,0.9134950020924804,0.0394064506469875,0.4939208243560886,0.068684675426891,18
11,reset_l1,0.75,8,125.0,L1,spike50,0.5828914857503252,0.1110927552386511,0.6008909496034281,0.1053691169237412,0.9155094235654204,0.0826608755297957,11
11,reset_l1,0.75,8,125.0,L1,syn_current,0.895962237844235,0.0466366857318105,0.9085421718667456,0.0417024367195464,0.5082835930046097,0.1079251538421457,18
11,reset_l1,0.75,8,125.0,L1,pre_reset,0.8744197395880133,0.0480211604064885,0.889810243161327,0.0427611071306904,0.5139668222796254,0.0956230520547579,18
11,reset_l1,0.75,8,125.0,L2,spike50,0.5623161106908388,0.0967099641108085,0.6942757379590703,0.0911152573460127,0.7211379319254287,0.0788387299021437,18
11,reset_l1,0.75,8,125.0,L2,syn_current,0.7684535957913332,0.1250111034225662,0.816860430863067,0.0883155498354609,0.6775559174054087,0.0650462451419765,18
11,reset_l1,0.75,8,125.0,L2,pre_reset,0.802113379153009,0.0936471721316544,0.8444626887710804,0.0710686094347902,0.6500297354321676,0.0605241372866945,18
11,reset_l1,0.75,16,250.0,L1,spike50,0.7555293539083681,0.1303909169964891,0.7639388494576639,0.1293377548255969,0.7657642949969868,0.184418349654568,11
11,reset_l1,0.75,16,250.0,L1,syn_current,0.9632572995136036,0.0189692412130758,0.9690839968272136,0.0158105874586847,0.3330663113256488,0.0663634315218102,14
11,reset_l1,0.75,16,250.0,L1,pre_reset,0.951453494954286,0.0210868107106058,0.9595043663161305,0.0170062959852842,0.33385488510753,0.0663567619936278,14
11,reset_l1,0.75,16,250.0,L2,spike50,0.4585048542164583,0.1551481369524428,0.6017667983465718,0.1485133615879223,0.7865949988511759,0.1117404125889396,14
11,reset_l1,0.75,16,250.0,L2,syn_current,0.7010749965669323,0.161414575693156,0.7657677494913475,0.1075720112318475,0.7372502166988111,0.087017982198642,14
11,reset_l1,0.75,16,250.0,L2,pre_reset,0.7071404727919167,0.1385657881527174,0.7692683197844635,0.0935109356451241,0.7405276700533252,0.0715329057536002,14
11,reset_l2,0.25,0,0.0,L1,spike50,1.0,1.365441196261787e-16,1.0,1.3805294023239838e-16,0.0,0.0,119
11,reset_l2,0.25,0,0.0,L1,syn_current,1.0,1.3597399555105182e-16,1.0,1.3455014484288012e-16,0.0,0.0,128
11,reset_l2,0.25,0,0.0,L1,pre_reset,1.0,1.2832264423908535e-16,1.0,1.2295751324518482e-16,0.0,0.0,128
11,reset_l2,0.25,0,0.0,L2,spike50,0.9614107861556322,0.0535494572143243,0.9717378189420416,0.0483953131910836,0.2902935384985496,0.1987477232131128,105
11,reset_l2,0.25,0,0.0,L2,syn_current,0.6100018886945482,0.2726351163972871,0.6459622241633576,0.2261223486985797,0.7286102398590171,0.3000001500089228,113
11,reset_l2,0.25,0,0.0,L2,pre_reset,0.5313163768193856,0.287235131014941,0.5602440726149707,0.253848453474318,0.7901741000440777,0.3053626942933885,113
11,reset_l2,0.25,1,15.625,L1,spike50,1.0,1.155189392856061e-16,1.0,1.4415596854692583e-16,0.0,0.0,121
11,reset_l2,0.25,1,15.625,L1,syn_current,1.0,1.3238565818820347e-16,1.0,1.4654050252376534e-16,0.0,0.0,128
11,reset_l2,0.25,1,15.625,L1,pre_reset,1.0,1.1978388074229732e-16,1.0,1.45220290906747e-16,0.0,0.0,128
11,reset_l2,0.25,1,15.625,L2,spike50,0.9083410566882884,0.0782930505848203,0.9373714143027116,0.0723326746235901,0.4205102570465885,0.197887161879733,111
11,reset_l2,0.25,1,15.625,L2,syn_current,0.771163399179604,0.1937570922702266,0.8023984740987624,0.1525893853622272,0.6030234031136307,0.2786626281285389,120
11,reset_l2,0.25,1,15.625,L2,pre_reset,0.7092990097261035,0.2158517551991644,0.7346150968149442,0.1821162455441813,0.6770108250564212,0.2891367385329138,120
11,reset_l2,0.25,2,31.25,L1,spike50,1.0,1.3075659740283351e-16,1.0,1.4205201749847224e-16,0.0,0.0,124
11,reset_l2,0.25,2,31.25,L1,syn_current,1.0,1.455514664586365e-16,1.0,1.4621156719869436e-16,0.0,0.0,128
11,reset_l2,0.25,2,31.25,L1,pre_reset,1.0,1.2907088757326182e-16,1.0,1.3773311131392582e-16,0.0,0.0,128
11,reset_l2,0.25,2,31.25,L2,spike50,0.8245355961364972,0.0810397250248772,0.8900345681962055,0.0544643753411209,0.5073670640461685,0.2232503641615466,115
11,reset_l2,0.25,2,31.25,L2,syn_current,0.838846055409252,0.1434608142723825,0.8621878037714685,0.1126914046259403,0.5220918357277233,0.2544144977602755,124
11,reset_l2,0.25,2,31.25,L2,pre_reset,0.7896811484562364,0.171108732921629,0.8089064511564412,0.1411328400870313,0.5983470266851183,0.2719061230198938,124
11,reset_l2,0.25,4,62.5,L1,spike50,1.0,1.2985338597471815e-16,1.0,1.5447667261737484e-16,0.0,0.0,125
11,reset_l2,0.25,4,62.5,L1,syn_current,1.0,1.3526394372366472e-16,1.0,1.391243901732968e-16,0.0,0.0,128
11,reset_l2,0.25,4,62.5,L1,pre_reset,1.0,1.3632763462826172e-16,1.0,1.3311106448512295e-16,0.0,0.0,128
11,reset_l2,0.25,4,62.5,L2,spike50,0.7431136078733394,0.1651098447425554,0.8295462403542906,0.1212859629831521,0.5038612442160967,0.238486802513402,123
11,reset_l2,0.25,4,62.5,L2,syn_current,0.8928978471025166,0.1139122596975451,0.9113591727936784,0.0834929764121202,0.413604298428688,0.2250974384132036,125
11,reset_l2,0.25,4,62.5,L2,pre_reset,0.85980541584045,0.1340543905891735,0.8750624728946775,0.105913482639266,0.4883743357743167,0.249848181260061,125
11,reset_l2,0.25,8,125.0,L1,spike50,1.0,1.289583352025021e-16,1.0,1.308410382236479e-16,0.0,0.0,126
11,reset_l2,0.25,8,125.0,L1,syn_current,1.0,1.2719202621569003e-16,1.0,1.432171564712973e-16,0.0,0.0,128
11,reset_l2,0.25,8,125.0,L1,pre_reset,1.0,1.4588189019024588e-16,1.0,1.237382037120247e-16,0.0,0.0,128
11,reset_l2,0.25,8,125.0,L2,spike50,0.8824074419233172,0.0979143196653678,0.9343880756890784,0.0563024144877075,0.3108241182090645,0.1678524211159998,126
11,reset_l2,0.25,8,125.0,L2,syn_current,0.9408062086690744,0.0696133651661205,0.9527912732450196,0.0519371240962166,0.2897465277556074,0.1816606754692647,127
11,reset_l2,0.25,8,125.0,L2,pre_reset,0.9266093430448432,0.0779462742773456,0.9353646971262276,0.0664006299238111,0.346544780174708,0.2056641121202354,127
11,reset_l2,0.25,16,250.0,L1,spike50,1.0,1.3897443194211846e-16,1.0,1.2957804429148437e-16,0.0,0.0,127
11,reset_l2,0.25,16,250.0,L1,syn_current,1.0,1.3877787807814454e-16,1.0,1.1978388074229732e-16,0.0,0.0,128
11,reset_l2,0.25,16,250.0,L1,pre_reset,1.0,1.2412670766236366e-16,1.0,1.455514664586365e-16,0.0,0.0,128
11,reset_l2,0.25,16,250.0,L2,spike50,0.9546864368371916,0.0440965661810574,0.9786107284305828,0.020556368188349,0.1775128682607581,0.1024898987855663,127
11,reset_l2,0.25,16,250.0,L2,syn_current,0.982928610150534,0.0226863323555621,0.987360759354934,0.0143439825655927,0.1464044206605643,0.0987071438382493,128
11,reset_l2,0.25,16,250.0,L2,pre_reset,0.9764863298087244,0.0306765243230546,0.9813900538227964,0.0205724274273722,0.1811650104079244,0.1184461152849097,128
11,reset_l2,0.25,32,500.0,L1,spike50,1.0,1.2566871346510768e-16,1.0,1.3455014484288012e-16,0.0,0.0,128
11,reset_l2,0.25,32,500.0,L1,syn_current,1.0,1.2566871346510768e-16,1.0,1.2794688166302258e-16,0.0,0.0,128
11,reset_l2,0.25,32,500.0,L1,pre_reset,1.0,1.349075163749573e-16,1.0,1.3018518929051675e-16,0.0,0.0,128
11,reset_l2,0.25,32,500.0,L2,spike50,0.9917577007874882,0.0104915239276121,0.9963582467578842,0.005044212661265,0.0703996684847408,0.0482630956836697,128
11,reset_l2,0.25,32,500.0,L2,syn_current,0.9972034874260348,0.0046236645319542,0.9980870242932528,0.0027346292443722,0.0518147503111621,0.0406159750704583,128
11,reset_l2,0.25,32,500.0,L2,pre_reset,0.9957565135782775,0.007516267744488,0.9969822947321668,0.0042693313146662,0.0661491435032154,0.0502709921002746,128
11,reset_l2,0.5,0,0.0,L1,spike50,1.0,1.3507883114215232e-16,1.0,1.3435840557263324e-16,0.0,0.0,127
11,reset_l2,0.5,0,0.0,L1,syn_current,1.0,1.2643266404855218e-16,1.0,1.41866021015769e-16,0.0,0.0,128
11,reset_l2,0.5,0,0.0,L1,pre_reset,1.0,1.3383253895372864e-16,1.0,1.2757001226805672e-16,0.0,0.0,128
11,reset_l2,0.5,0,0.0,L2,spike50,0.9803714615583308,0.0120384316947081,0.989816683320737,0.0099991344011061,0.2582300136205818,0.0407988774512566,127
11,reset_l2,0.5,0,0.0,L2,syn_current,0.543567932317842,0.2077403926727425,0.5980915047384984,0.1893366416107422,0.8757530466122275,0.0741371350325629,125
11,reset_l2,0.5,0,0.0,L2,pre_reset,0.4664866319507951,0.2193513811195274,0.5232061429040502,0.2062731968982901,0.9292996314713392,0.0489273402128252,125
11,reset_l2,0.5,1,15.625,L1,spike50,1.0,1.2981481815797575e-16,1.0,1.4288057044435644e-16,0.0,0.0,128
11,reset_l2,0.5,1,15.625,L1,syn_current,1.0,1.2944338730181992e-16,1.0,1.3347228920484555e-16,0.0,0.0,128
11,reset_l2,0.5,1,15.625,L1,pre_reset,1.0,1.3668035872266426e-16,1.0,1.370321748998225e-16,0.0,0.0,128
11,reset_l2,0.5,1,15.625,L2,spike50,0.92994397372076,0.0311148106400536,0.9646703312048434,0.0209845542931309,0.4488252625089639,0.0649386595826647,127
11,reset_l2,0.5,1,15.625,L2,syn_current,0.668638565192721,0.1868248100957118,0.7270513836449951,0.1538392675039962,0.7814840112359769,0.1089446595896129,127
11,reset_l2,0.5,1,15.625,L2,pre_reset,0.6003077755586186,0.1976790933740539,0.657508869398126,0.1743906364530181,0.8464987211447471,0.0876904267188373,127
11,reset_l2,0.5,2,31.25,L1,spike50,1.0,1.237382037120247e-16,1.0,1.4355295331320574e-16,0.0,0.0,128
11,reset_l2,0.5,2,31.25,L1,syn_current,1.0,1.341918215839574e-16,1.0,1.2528499130684399e-16,0.0,0.0,128
11,reset_l2,0.5,2,31.25,L1,pre_reset,1.0,1.41866021015769e-16,1.0,1.517065022846004e-16,0.0,0.0,128
11,reset_l2,0.5,2,31.25,L2,spike50,0.7911745427543204,0.0692933536085496,0.8887657434721878,0.030969640698611,0.6030332272039127,0.0935514328194103,127
11,reset_l2,0.5,2,31.25,L2,syn_current,0.736768641430195,0.1547254676139522,0.7883865503188694,0.1224786643209936,0.7071339970101658,0.1055061309776286,128
11,reset_l2,0.5,2,31.25,L2,pre_reset,0.6758496850479618,0.1704198307928421,0.7260287152551488,0.1447437031948112,0.7803884875200098,0.097643859851818,128
11,reset_l2,0.5,4,62.5,L1,spike50,1.0,1.2794688166302258e-16,1.0,1.3981483803777926e-16,0.0,0.0,128
11,reset_l2,0.5,4,62.5,L1,syn_current,1.0,1.4084416362486778e-16,1.0,1.3981483803777926e-16,0.0,0.0,128
11,reset_l2,0.5,4,62.5,L1,pre_reset,1.0,1.494683490070454e-16,1.0,1.2757001226805672e-16,0.0,0.0,128
11,reset_l2,0.5,4,62.5,L2,spike50,0.6261610544786134,0.1386826559544548,0.7653410020317183,0.1052138786624299,0.6480204981614313,0.1310878584142989,127
11,reset_l2,0.5,4,62.5,L2,syn_current,0.8131915959067151,0.1081426781382886,0.8514974957282835,0.0850016008545216,0.5978877764690029,0.1134948214531809,128
11,reset_l2,0.5,4,62.5,L2,pre_reset,0.7617144772091569,0.1263438968692302,0.7994860910037515,0.1034012536208639,0.6800317096319144,0.1108493882125599,128
11,reset_l2,0.5,8,125.0,L1,spike50,1.0,1.2528499130684399e-16,1.0,1.3947004136484323e-16,0.0,0.0,128
11,reset_l2,0.5,8,125.0,L1,syn_current,1.0,1.4084416362486778e-16,1.0,1.2295751324518482e-16,0.0,0.0,128
11,reset_l2,0.5,8,125.0,L1,pre_reset,1.0,1.4882269437304651e-16,1.0,1.484988143495895e-16,0.0,0.0,128
11,reset_l2,0.5,8,125.0,L2,spike50,0.7898146154125711,0.1046950195305423,0.8894738209882359,0.0589422932663698,0.447038739986592,0.1122617046266631,128
11,reset_l2,0.5,8,125.0,L2,syn_current,0.8821390650103758,0.0840016768628321,0.911198878709097,0.0618065073903701,0.4466850298241719,0.1249339918986458,128
11,reset_l2,0.5,8,125.0,L2,pre_reset,0.848618669618156,0.1020679659666671,0.8772026053201156,0.0782511661400498,0.5239044757317448,0.1327094043261555,128
11,reset_l2,0.5,16,250.0,L1,spike50,1.0,1.2757001226805672e-16,1.0,1.370321748998225e-16,0.0,0.0,128
11,reset_l2,0.5,16,250.0,L1,syn_current,1.0,1.391243901732968e-16,1.0,1.391243901732968e-16,0.0,0.0,128
11,reset_l2,0.5,16,250.0,L1,pre_reset,1.0,1.411856045225854e-16,1.0,1.2907088757326182e-16,0.0,0.0,128
11,reset_l2,0.5,16,250.0,L2,spike50,0.9159118794327892,0.0564094306132475,0.9602720939109608,0.029743152764973,0.2642816548380454,0.092669968356728,128
11,reset_l2,0.5,16,250.0,L2,syn_current,0.9595613921098454,0.0345695250888642,0.9702229049075368,0.025487764956307,0.2474230810890886,0.0900837074190067,128
11,reset_l2,0.5,16,250.0,L2,pre_reset,0.946453185553082,0.0445362432741361,0.9584493721947366,0.0326400544634964,0.2970000723444563,0.1001562033564395,128
11,reset_l2,0.5,32,500.0,L1,spike50,1.0,1.2688263138573214e-16,1.0,1.2437976951050375e-16,0.0,0.0,98
11,reset_l2,0.5,32,500.0,L1,syn_current,1.0,1.4449447319834534e-16,1.0,1.4007463231115136e-16,0.0,0.0,98
11,reset_l2,0.5,32,500.0,L1,pre_reset,1.0,1.3317010687635424e-16,1.0,1.2638602426926515e-16,0.0,0.0,98
11,reset_l2,0.5,32,500.0,L2,spike50,0.9815267146619916,0.0179117885817098,0.991478418336064,0.0103308961873968,0.1173699314613987,0.0578126547401418,98
11,reset_l2,0.5,32,500.0,L2,syn_current,0.9936590640400678,0.0076646793978264,0.995484910344553,0.0042487251685623,0.0914867378473871,0.0404378288250007,98
11,reset_l2,0.5,32,500.0,L2,pre_reset,0.9906155726818158,0.0128860251410051,0.9930654007172977,0.0066650455415033,0.1132497318433856,0.0502873275706563,98
11,reset_l2,0.75,0,0.0,L1,spike50,1.0,1.4355295331320574e-16,1.0,1.38430498614478e-16,0.0,0.0,128
11,reset_l2,0.75,0,0.0,L1,syn_current,1.0,1.2681291352079812e-16,1.0,1.2794688166302258e-16,0.0,0.0,128
11,reset_l2,0.75,0,0.0,L1,pre_reset,1.0,1.4288057044435644e-16,1.0,1.2681291352079812e-16,0.0,0.0,128
11,reset_l2,0.75,0,0.0,L2,spike50,0.980739187744363,0.0090198064990942,0.9909151562950564,0.0048462931295491,0.2591894460467129,0.0190507859613848,128
11,reset_l2,0.75,0,0.0,L2,syn_current,0.4988906318866909,0.2550732135357184,0.57727894396047,0.1852671232682808,0.8824596122289541,0.0681676982938311,127
11,reset_l2,0.75,0,0.0,L2,pre_reset,0.4205282967362628,0.2635506733942805,0.4988571615797662,0.2089767670758596,0.9333701526279764,0.0467101623848167,127
11,reset_l2,0.75,1,15.625,L1,spike50,1.0,1.2566871346510768e-16,1.0,1.2719202621569003e-16,0.0,0.0,128
11,reset_l2,0.75,1,15.625,L1,syn_current,1.0,1.3773311131392582e-16,1.0,1.455514664586365e-16,0.0,0.0,128
11,reset_l2,0.75,1,15.625,L1,pre_reset,1.0,1.3808224523606804e-16,1.0,1.2832264423908535e-16,0.0,0.0,128
11,reset_l2,0.75,1,15.625,L2,spike50,0.9300384254769922,0.0295898394008525,0.9671193829709012,0.0129431938512987,0.4522277215109215,0.0443162271741469,128
11,reset_l2,0.75,1,15.625,L2,syn_current,0.6564759076393089,0.1949353708334935,0.7247781145769763,0.140399776894398,0.7866850960529452,0.0850302542984677,128
11,reset_l2,0.75,1,15.625,L2,pre_reset,0.5753280079678025,0.223889286201126,0.6494438839758179,0.1707817673082091,0.8516439711064308,0.0735136349458058,128
11,reset_l2,0.75,2,31.25,L1,spike50,1.0,1.1359458890015176e-16,1.0,1.2681291352079812e-16,0.0,0.0,128
11,reset_l2,0.75,2,31.25,L1,syn_current,1.0,1.2643266404855218e-16,1.0,1.4488835837920476e-16,0.0,0.0,128
11,reset_l2,0.75,2,31.25,L1,pre_reset,1.0,1.3668035872266426e-16,1.0,1.3018518929051675e-16,0.0,0.0,128
11,reset_l2,0.75,2,31.25,L2,spike50,0.7888998414982971,0.0640162514260152,0.8914319391055603,0.0275876759319419,0.6086199498183651,0.0726004081522926,128
11,reset_l2,0.75,2,31.25,L2,syn_current,0.7201421696887207,0.1640829551463567,0.7804867791888814,0.1131118940653445,0.7149167205848653,0.0962575086070614,128
11,reset_l2,0.75,2,31.25,L2,pre_reset,0.65436188776551,0.186881777997668,0.7167127594804699,0.1390218890443726,0.7867323969689164,0.0873732534673722,128
11,reset_l2,0.75,4,62.5,L1,spike50,1.0,1.4488835837920476e-16,1.0,1.4050189297646195e-16,0.0,0.0,128
11,reset_l2,0.75,4,62.5,L1,syn_current,1.0,1.3238565818820347e-16,1.0,1.3668035872266426e-16,0.0,0.0,128
11,reset_l2,0.75,4,62.5,L1,pre_reset,1.0,1.4050189297646195e-16,1.0,1.3632763462826172e-16,0.0,0.0,128
11,reset_l2,0.75,4,62.5,L2,spike50,0.6306447736429546,0.1379885555404875,0.7788498549898514,0.0893655251191068,0.6461123734814713,0.1133517588387779,126
11,reset_l2,0.75,4,62.5,L2,syn_current,0.7976189636946425,0.1314125525529516,0.8435529001167421,0.0934634889454856,0.5982508814614214,0.1115189050569959,128
11,reset_l2,0.75,4,62.5,L2,pre_reset,0.7468534301155485,0.1463414285516318,0.7919013951962928,0.1127710786907762,0.6821089209878335,0.1048357253891881,128
11,reset_l2,0.75,8,125.0,L1,spike50,1.0,1.5043163512556135e-16,1.0,1.3738309013483032e-16,0.0,0.0,128
11,reset_l2,0.75,8,125.0,L1,syn_current,1.0,1.3092278833360675e-16,1.0,1.341918215839574e-16,0.0,0.0,128
11,reset_l2,0.75,8,125.0,L1,pre_reset,1.0,1.2794688166302258e-16,1.0,1.442222014787673e-16,0.0,0.0,128
11,reset_l2,0.75,8,125.0,L2,spike50,0.8011267280659348,0.1250563954119018,0.8937706167488738,0.087662207395224,0.4286755479258755,0.128193217314905,128
11,reset_l2,0.75,8,125.0,L2,syn_current,0.8844111908522665,0.0925780938047134,0.9138214683687408,0.0615477698641004,0.4414760693106301,0.1117414180640968,128
11,reset_l2,0.75,8,125.0,L2,pre_reset,0.8545643947754644,0.1052825319276129,0.8813242381603112,0.0791380305900648,0.5174477180383394,0.1153279021732952,128
11,reset_l2,0.75,16,250.0,L1,spike50,1.0,1.4318719576740867e-16,1.0,1.5066279330058339e-16,0.0,0.0,101
11,reset_l2,0.75,16,250.0,L1,syn_current,1.0,1.3973639479471003e-16,1.0,1.4403697887039982e-16,0.0,0.0,101
11,reset_l2,0.75,16,250.0,L1,pre_reset,1.0,1.3024376530665983e-16,1.0,1.2595668412020159e-16,0.0,0.0,101
11,reset_l2,0.75,16,250.0,L2,spike50,0.9211293545691972,0.051143564099562,0.9627798382772432,0.0258190711725117,0.2590831481097725,0.0840350010404114,101
11,reset_l2,0.75,16,250.0,L2,syn_current,0.9560915322639812,0.0384723767003689,0.969146724812944,0.0219471265378876,0.263458273273811,0.0798643756552439,101
11,reset_l2,0.75,16,250.0,L2,pre_reset,0.9425880523199588,0.0491794917920942,0.9553835504398556,0.0329191417432117,0.3166516973898759,0.0978041733977153,101
11,reset_l2,0.75,32,500.0,L1,spike50,1.0,7.850462293418876e-17,0.9999999999999998,7.850462293418876e-17,0.0,0.0,2
11,reset_l2,0.75,32,500.0,L1,syn_current,1.0,0.0,1.0,1.7554167342883506e-16,0.0,0.0,2
11,reset_l2,0.75,32,500.0,L1,pre_reset,1.0,1.5700924586837752e-16,1.0,7.850462293418876e-17,0.0,0.0,2
11,reset_l2,0.75,32,500.0,L2,spike50,0.9579089067521664,0.0021072717166633,0.9770127856664712,0.0018160642132346,0.2175134143334252,0.0038264927480894,2
11,reset_l2,0.75,32,500.0,L2,syn_current,0.9911846378430512,0.0048799683311898,0.995160679605032,0.0023504232257985,0.1246597739014794,0.0279891478335056,2
11,reset_l2,0.75,32,500.0,L2,pre_reset,0.9781582669994824,0.0040380646842315,0.9853124473850352,0.0017633877587051,0.1898970859566064,0.0204242064765079,2
11,reset_l2,0.25,0,0.0,L1,spike50,1.0,1.0749688212373146e-16,1.0,1.4152622167509192e-16,0.0,0.0,16
11,reset_l2,0.25,0,0.0,L1,syn_current,1.0,1.3846913936850747e-16,1.0,1.480297366166875e-16,0.0,0.0,18
11,reset_l2,0.25,0,0.0,L1,pre_reset,1.0,1.1406457265696475e-16,1.0,1.1102230246251563e-16,0.0,0.0,18
11,reset_l2,0.25,0,0.0,L2,spike50,0.948459206339786,0.0568693978965947,0.9596993587394465,0.0555409401638012,0.2812395956171558,0.1681463536315231,15
11,reset_l2,0.25,0,0.0,L2,syn_current,0.5645007525821385,0.1849326910689409,0.5982686389750961,0.1655910461731374,0.8224229486867422,0.2672737239843177,14
11,reset_l2,0.25,0,0.0,L2,pre_reset,0.4147175778241805,0.265764833124295,0.4484826241074567,0.2552779079930992,0.8882907613666594,0.2608275412571256,14
11,reset_l2,0.25,1,15.625,L1,spike50,1.0,1.548132042069375e-16,1.0,1.6131166563777087e-16,0.0,0.0,18
11,reset_l2,0.25,1,15.625,L1,syn_current,1.0,1.227397735431716e-16,1.0,1.2549831513118703e-16,0.0,0.0,18
11,reset_l2,0.25,1,15.625,L1,pre_reset,1.0,1.5032490816276442e-16,1.0,1.4092011087418584e-16,0.0,0.0,18
11,reset_l2,0.25,1,15.625,L2,spike50,0.8979252687486073,0.0593281325620737,0.9282476497078366,0.051172447293217,0.4331516696252657,0.2034210271402237,15
11,reset_l2,0.25,1,15.625,L2,syn_current,0.750014658301862,0.1606439428121895,0.7823403770689945,0.1331126412523313,0.6758064626555282,0.2061257222213646,17
11,reset_l2,0.25,1,15.625,L2,pre_reset,0.6513214342005627,0.2341660300058994,0.6794486821132376,0.2094137156626585,0.7672935174184737,0.2201513605045455,17
11,reset_l2,0.25,2,31.25,L1,spike50,1.0,1.480297366166875e-16,1.0,1.548132042069375e-16,0.0,0.0,18
11,reset_l2,0.25,2,31.25,L1,syn_current,1.0,1.5032490816276442e-16,1.0,1.4569841396346152e-16,0.0,0.0,18
11,reset_l2,0.25,2,31.25,L1,pre_reset,1.0,1.4332917616497527e-16,1.0,1.4332917616497527e-16,0.0,0.0,18
11,reset_l2,0.25,2,31.25,L2,spike50,0.7659897038397336,0.0658441722070701,0.8377593218490963,0.043961112922445,0.6184123457219322,0.2355231893057446,15
11,reset_l2,0.25,2,31.25,L2,syn_current,0.7910162795935188,0.1398166872275014,0.8175628336666374,0.1233221498359539,0.5831043846355048,0.1956969462589845,18
11,reset_l2,0.25,2,31.25,L2,pre_reset,0.7218233720501579,0.1910964886130917,0.74761881647426,0.1692991379290475,0.6669404878096777,0.2122261408157239,18
11,reset_l2,0.25,4,62.5,L1,spike50,1.0,1.5700924586837752e-16,1.0,1.4332917616497527e-16,0.0,0.0,18
11,reset_l2,0.25,4,62.5,L1,syn_current,1.0,1.548132042069375e-16,1.0,1.0467283057891834e-16,0.0,0.0,18
11,reset_l2,0.25,4,62.5,L1,pre_reset,1.0,1.3597399555105182e-16,1.0,1.3846913936850747e-16,0.0,0.0,18
11,reset_l2,0.25,4,62.5,L2,spike50,0.5930847163674687,0.1876044524134706,0.6963306329574456,0.1697148940589823,0.7252925638995967,0.2343047596141459,16
11,reset_l2,0.25,4,62.5,L2,syn_current,0.8556477162914012,0.1337211028121158,0.8922381905513154,0.0771232410296456,0.4540431911817243,0.1758889219013243,18
11,reset_l2,0.25,4,62.5,L2,pre_reset,0.8146925816605036,0.1632538431699838,0.8520945456767309,0.1009216795829584,0.5203351851696553,0.1880142961943304,18
11,reset_l2,0.25,8,125.0,L1,spike50,1.0,1.308410382236479e-16,1.0,1.3343220141622404e-16,0.0,0.0,18
11,reset_l2,0.25,8,125.0,L1,syn_current,1.0,1.3343220141622404e-16,1.0,1.5032490816276442e-16,0.0,0.0,18
11,reset_l2,0.25,8,125.0,L1,pre_reset,1.0,1.0789428415231562e-16,1.0,1.4092011087418584e-16,0.0,0.0,18
11,reset_l2,0.25,8,125.0,L2,spike50,0.8138558244818849,0.1135930176802343,0.880577987727021,0.0749724243005761,0.4475255060436698,0.1775479838491706,18
11,reset_l2,0.25,8,125.0,L2,syn_current,0.928435192816042,0.0589305119528781,0.949013204943118,0.0402021756831367,0.3050831995885536,0.1408705571058569,18
11,reset_l2,0.25,8,125.0,L2,pre_reset,0.9121853759052284,0.0663806945642281,0.9306895743912056,0.0507443061100713,0.3542848167501342,0.1509785131454199,18
11,reset_l2,0.25,16,250.0,L1,spike50,1.0,1.227397735431716e-16,1.0,1.5032490816276442e-16,0.0,0.0,18
11,reset_l2,0.25,16,250.0,L1,syn_current,1.0,1.5917499294642454e-16,1.0,1.548132042069375e-16,0.0,0.0,18
11,reset_l2,0.25,16,250.0,L1,pre_reset,1.0,1.227397735431716e-16,1.0,1.6755828462014355e-16,0.0,0.0,18
11,reset_l2,0.25,16,250.0,L2,spike50,0.9339396771380756,0.0480487778420374,0.964530298737411,0.0259227243039008,0.2382974722831292,0.1160100099217408,18
11,reset_l2,0.25,16,250.0,L2,syn_current,0.9864311172450884,0.0136970233943351,0.990018931039326,0.0094712936054472,0.1305294743839589,0.0685571175781142,18
11,reset_l2,0.25,16,250.0,L2,pre_reset,0.9782841660254828,0.0206189124592623,0.9838816775743704,0.0140749043529773,0.1675855832837894,0.0834864128044008,18
11,reset_l2,0.25,32,500.0,L1,spike50,1.0,1.227397735431716e-16,1.0,1.227397735431716e-16,0.0,0.0,18
11,reset_l2,0.25,32,500.0,L1,syn_current,1.0,1.5032490816276442e-16,1.0,1.4092011087418584e-16,0.0,0.0,18
11,reset_l2,0.25,32,500.0,L1,pre_reset,1.0,1.3597399555105182e-16,1.0,1.4332917616497527e-16,0.0,0.0,18
11,reset_l2,0.25,32,500.0,L2,spike50,0.9930864047183312,0.0058187586854876,0.997157005755425,0.0020112870461616,0.0690524426697607,0.0306207733758117,18
11,reset_l2,0.25,32,500.0,L2,syn_current,0.9989401734016126,0.0008842754552171,0.9992796511665828,0.0007128294462505,0.0350528666596929,0.0187321962327633,18
11,reset_l2,0.25,32,500.0,L2,pre_reset,0.9973833058017436,0.0023091575082123,0.9982631692527096,0.0013411377872991,0.0560076643515419,0.0246712690960387,18
11,reset_l2,0.5,0,0.0,L1,spike50,1.0,1.3597399555105182e-16,1.0,1.5032490816276442e-16,0.0,0.0,18
11,reset_l2,0.5,0,0.0,L1,syn_current,1.0,1.6131166563777087e-16,1.0,1.4332917616497527e-16,0.0,0.0,18
11,reset_l2,0.5,0,0.0,L1,pre_reset,1.0,1.308410382236479e-16,1.0,1.3343220141622404e-16,0.0,0.0,18
11,reset_l2,0.5,0,0.0,L2,spike50,0.9724190165543272,0.0309840056885586,0.9836602136258542,0.0284554595960688,0.2751965288269368,0.0658944350212651,18
11,reset_l2,0.5,0,0.0,L2,syn_current,0.6498738540698455,0.1859599155614497,0.6588330180745534,0.1677223531382653,0.8368810304509179,0.0725642293773137,18
11,reset_l2,0.5,0,0.0,L2,pre_reset,0.5618940545752731,0.2182124980329005,0.5827550210656723,0.2054026133645335,0.9022020892141588,0.0528893870638837,18
11,reset_l2,0.5,1,15.625,L1,spike50,1.0,1.308410382236479e-16,1.0,1.3846913936850747e-16,0.0,0.0,18
11,reset_l2,0.5,1,15.625,L1,syn_current,1.0,1.480297366166875e-16,1.0,1.3597399555105182e-16,0.0,0.0,18
11,reset_l2,0.5,1,15.625,L1,pre_reset,1.0,1.5258555995074122e-16,1.0,1.2819751242557092e-16,0.0,0.0,18
11,reset_l2,0.5,1,15.625,L2,spike50,0.9257616919006786,0.0341477808178642,0.9620021551678306,0.0230399535349453,0.4602069294713681,0.0513169191818012,18
11,reset_l2,0.5,1,15.625,L2,syn_current,0.6808811262342824,0.1952710753205034,0.7376034206080644,0.1477911420506903,0.766508016322131,0.0842265058125038,18
11,reset_l2,0.5,1,15.625,L2,pre_reset,0.6131983507650407,0.2335687595550672,0.6650984349329326,0.1974997482775227,0.8275727637039799,0.0831295223217863,18
11,reset_l2,0.5,2,31.25,L1,spike50,1.0,1.0789428415231562e-16,1.0,1.548132042069375e-16,0.0,0.0,18
11,reset_l2,0.5,2,31.25,L1,syn_current,1.0,1.199177923332954e-16,1.0,1.227397735431716e-16,0.0,0.0,18
11,reset_l2,0.5,2,31.25,L1,pre_reset,1.0,1.1102230246251563e-16,1.0,1.4092011087418584e-16,0.0,0.0,18
11,reset_l2,0.5,2,31.25,L2,spike50,0.7846655274582399,0.0946546890956921,0.8824654757084439,0.0570679275084607,0.6303425230429549,0.0857889348553916,18
11,reset_l2,0.5,2,31.25,L2,syn_current,0.7626060553210714,0.1537407545647377,0.8089768859311423,0.1274749619394553,0.6766534048997841,0.0938033388653649,18
11,reset_l2,0.5,2,31.25,L2,pre_reset,0.6862437542243724,0.1912448271350831,0.7363934093486381,0.1668702478728749,0.7575945425983028,0.0888104096042385,18
11,reset_l2,0.5,4,62.5,L1,spike50,1.0,1.2549831513118703e-16,1.0,1.548132042069375e-16,0.0,0.0,18
11,reset_l2,0.5,4,62.5,L1,syn_current,1.0,1.4332917616497527e-16,1.0,9.791246743253676e-17,0.0,0.0,18
11,reset_l2,0.5,4,62.5,L1,pre_reset,1.0,1.480297366166875e-16,1.0,1.8317745351310708e-16,0.0,0.0,18
11,reset_l2,0.5,4,62.5,L2,spike50,0.6429871382721137,0.1349755193997601,0.7664897369982339,0.0989473705116427,0.6553628580083344,0.127950069054528,18
11,reset_l2,0.5,4,62.5,L2,syn_current,0.8500526497640457,0.1002264008947714,0.8833876719178839,0.0723825844018815,0.5382496068753917,0.0977529353471786,18
11,reset_l2,0.5,4,62.5,L2,pre_reset,0.7877952355724805,0.1402581365636885,0.8239277664209143,0.1093088384548059,0.6329013319769083,0.1002009262408311,18
11,reset_l2,0.5,8,125.0,L1,spike50,1.0,1.3597399555105182e-16,1.0,1.3597399555105182e-16,0.0,0.0,18
11,reset_l2,0.5,8,125.0,L1,syn_current,1.0,1.1102230246251563e-16,1.0,1.4569841396346152e-16,0.0,0.0,18
11,reset_l2,0.5,8,125.0,L1,pre_reset,1.0,1.308410382236479e-16,1.0,1.308410382236479e-16,0.0,0.0,18
11,reset_l2,0.5,8,125.0,L2,spike50,0.8258221607882409,0.0921035706714257,0.9081364549854988,0.0475397154805769,0.4154700844388783,0.1108620648055245,18
11,reset_l2,0.5,8,125.0,L2,syn_current,0.9024884499235158,0.0792835548305331,0.9362861837223638,0.0458478211570155,0.3926024454322501,0.101197672899187,18
11,reset_l2,0.5,8,125.0,L2,pre_reset,0.8661580989435635,0.1017623086021956,0.9031987256054976,0.0674362133876863,0.4753621058587294,0.1086642816097655,18
11,reset_l2,0.5,16,250.0,L1,spike50,1.0,1.0467283057891834e-16,1.0,1.308410382236479e-16,0.0,0.0,18
11,reset_l2,0.5,16,250.0,L1,syn_current,1.0,1.2819751242557092e-16,1.0,1.2549831513118703e-16,0.0,0.0,18
11,reset_l2,0.5,16,250.0,L1,pre_reset,1.0,1.0467283057891834e-16,1.0,1.655022768831515e-16,0.0,0.0,18
11,reset_l2,0.5,16,250.0,L2,spike50,0.9300194185511732,0.040142174350277,0.96497311809107,0.0239498425851491,0.249839641929279,0.0829419993159972,18
11,reset_l2,0.5,16,250.0,L2,syn_current,0.9651491678556036,0.0252355469889842,0.9792678584046072,0.0126586664607972,0.2235409695368171,0.0557283607008989,18
11,reset_l2,0.5,16,250.0,L2,pre_reset,0.9471711728297522,0.0361149947367646,0.965885066527422,0.0203419087572768,0.2845233388901464,0.0704826965667688,18
11,reset_l2,0.5,32,500.0,L1,spike50,1.0,1.3597399555105182e-16,1.0,1.1491900087240784e-16,0.0,0.0,14
11,reset_l2,0.5,32,500.0,L1,syn_current,1.0,1.2234061875101336e-16,1.0,1.5129789507223254e-16,0.0,0.0,14
11,reset_l2,0.5,32,500.0,L1,pre_reset,1.0,1.293370682799372e-16,1.0,1.6252000960812472e-16,0.0,0.0,14
11,reset_l2,0.5,32,500.0,L2,spike50,0.983600317823098,0.0176676556898715,0.9930663286405328,0.0057266681772081,0.1096352048367021,0.044198186582025,14
11,reset_l2,0.5,32,500.0,L2,syn_current,0.9961028683380582,0.0039213364949193,0.9976871839733594,0.0020930180098571,0.0697480266988228,0.029505992860705,14
11,reset_l2,0.5,32,500.0,L2,pre_reset,0.9930263674509054,0.0070426858002964,0.9958847205963745,0.0034940901187372,0.0911623416924573,0.0403387876491564,14
11,reset_l2,0.75,0,0.0,L1,spike50,1.0,1.1406457265696475e-16,1.0,1.0467283057891834e-16,0.0,0.0,18
11,reset_l2,0.75,0,0.0,L1,syn_current,1.0,1.7159641292148392e-16,1.0,1.013490324081353e-16,0.0,0.0,18
11,reset_l2,0.75,0,0.0,L1,pre_reset,1.0,1.3846913936850747e-16,1.0,1.0467283057891834e-16,0.0,0.0,18
11,reset_l2,0.75,0,0.0,L2,spike50,0.9810168793797448,0.0091024733589796,0.9905156180390254,0.005597695200932,0.2628924962814552,0.0221825604150189,18
11,reset_l2,0.75,0,0.0,L2,syn_current,0.506629773419678,0.2683811490305494,0.5930000117966635,0.1865163881052507,0.884883406012863,0.0597980734305119,18
11,reset_l2,0.75,0,0.0,L2,pre_reset,0.4340001213601381,0.2857367123035965,0.5234557508451883,0.2151121562212319,0.9322166545277538,0.0411014084566152,18
11,reset_l2,0.75,1,15.625,L1,spike50,1.0,1.227397735431716e-16,1.0,1.5917499294642454e-16,0.0,0.0,18
11,reset_l2,0.75,1,15.625,L1,syn_current,1.0,1.4332917616497527e-16,1.0,1.199177923332954e-16,0.0,0.0,18
11,reset_l2,0.75,1,15.625,L1,pre_reset,1.0,1.480297366166875e-16,1.0,1.308410382236479e-16,0.0,0.0,18
11,reset_l2,0.75,1,15.625,L2,spike50,0.937411684860048,0.0305274248289661,0.9688796206808534,0.0146532716510946,0.472789210444193,0.0497613050844521,18
11,reset_l2,0.75,1,15.625,L2,syn_current,0.628268455678816,0.2053714027560496,0.7415404491992222,0.1187928455101093,0.7888879713477581,0.0641229919757741,18
11,reset_l2,0.75,1,15.625,L2,pre_reset,0.5509547885585172,0.2404971440277353,0.6660928212912142,0.151342959837927,0.8482317536549974,0.0549819711241357,18
11,reset_l2,0.75,2,31.25,L1,spike50,1.0,1.0467283057891834e-16,1.0,9.435081445006127e-17,0.0,0.0,18
11,reset_l2,0.75,2,31.25,L1,syn_current,1.0,1.3343220141622404e-16,1.0,1.1406457265696475e-16,0.0,0.0,18
11,reset_l2,0.75,2,31.25,L1,pre_reset,1.0,1.227397735431716e-16,1.0,1.199177923332954e-16,0.0,0.0,18
11,reset_l2,0.75,2,31.25,L2,spike50,0.7841115057024053,0.0960866455016804,0.8859724321862891,0.0426183689088832,0.6491523038524897,0.0754922714882461,18
11,reset_l2,0.75,2,31.25,L2,syn_current,0.7044411104538675,0.1770216123658183,0.813817343890396,0.0682459337078055,0.7164193753909911,0.0627366039689258,18
11,reset_l2,0.75,2,31.25,L2,pre_reset,0.6382958540205473,0.1921695268707223,0.7526814212083436,0.0835160971591951,0.7754146917847304,0.0557827714767743,18
11,reset_l2,0.75,4,62.5,L1,spike50,1.0,1.1702778228589004e-16,1.0,1.548132042069375e-16,0.0,0.0,18
11,reset_l2,0.75,4,62.5,L1,syn_current,1.0,1.013490324081353e-16,1.0,1.548132042069375e-16,0.0,0.0,18
11,reset_l2,0.75,4,62.5,L1,pre_reset,1.0,1.3846913936850747e-16,1.0,1.3343220141622404e-16,0.0,0.0,18
11,reset_l2,0.75,4,62.5,L2,spike50,0.6003180215319197,0.149817863852027,0.7471643922932896,0.0816534730781269,0.6990211757263839,0.1034625780338432,18
11,reset_l2,0.75,4,62.5,L2,syn_current,0.8028454697199909,0.1150012321941205,0.8819120431618654,0.0412745094237192,0.5865460056852105,0.0518725601106617,18
11,reset_l2,0.75,4,62.5,L2,pre_reset,0.7372805627484781,0.142244621211963,0.8313812195505934,0.0548422851535392,0.6632174482677766,0.0610784624139173,18
11,reset_l2,0.75,8,125.0,L1,spike50,1.0,1.308410382236479e-16,1.0,1.6131166563777087e-16,0.0,0.0,18
11,reset_l2,0.75,8,125.0,L1,syn_current,1.0,1.2819751242557092e-16,1.0,1.2549831513118703e-16,0.0,0.0,18
11,reset_l2,0.75,8,125.0,L1,pre_reset,1.0,8.679012619367784e-17,1.0,1.4332917616497527e-16,0.0,0.0,18
11,reset_l2,0.75,8,125.0,L2,spike50,0.7964683363696773,0.1026218202987831,0.8972872847144673,0.0407046313747819,0.4468993096456021,0.0823831914985715,18
11,reset_l2,0.75,8,125.0,L2,syn_current,0.8971588165567778,0.0695776765468289,0.9425156414022888,0.0226197400790509,0.4128248860101578,0.0536004448170745,18
11,reset_l2,0.75,8,125.0,L2,pre_reset,0.8571461827988061,0.0766665805595366,0.9121960545707662,0.0285994144779534,0.4988090562767142,0.0593009638997321,18
11,reset_l2,0.75,16,250.0,L1,spike50,1.0,1.32697032177375e-16,1.0,1.18687833744435e-16,0.0,0.0,14
11,reset_l2,0.75,16,250.0,L1,syn_current,1.0,1.32697032177375e-16,1.0,1.0698376758482635e-16,0.0,0.0,14
11,reset_l2,0.75,16,250.0,L1,pre_reset,1.0,1.3917382147355022e-16,1.0,1.1102230246251563e-16,0.0,0.0,14
11,reset_l2,0.75,16,250.0,L2,spike50,0.9259809321111636,0.0471592802343134,0.9650931684416966,0.0168171230091578,0.258151021595631,0.0613524730358214,14
11,reset_l2,0.75,16,250.0,L2,syn_current,0.964488086622845,0.0243229069164864,0.9782554126603792,0.0108058910818596,0.2481332079312974,0.0588156098055716,14
11,reset_l2,0.75,16,250.0,L2,pre_reset,0.948263596271442,0.0357313383823591,0.9654145423476884,0.0191238468400573,0.3061877499006145,0.0759713434046781,14
11,reset_both,0.25,0,0.0,L1,spike50,0.9325616526285948,0.061346833940902,0.9374155544373824,0.0599277674673231,0.3714085603399555,0.214771571908626,113
11,reset_both,0.25,0,0.0,L1,syn_current,0.5523952330583599,0.1998339003041872,0.5770110820958645,0.1848583642565876,0.867540647282012,0.1512322391200487,90
11,reset_both,0.25,0,0.0,L1,pre_reset,0.4320793167645588,0.169735000189996,0.4640849742550702,0.1589886871491632,0.9300622108697296,0.0867209988780541,90
11,reset_both,0.25,0,0.0,L2,spike50,0.9682900944879448,0.051357960312998,0.9753783879942812,0.0489988385899189,0.3038973921598781,0.2092987073530228,104
11,reset_both,0.25,0,0.0,L2,syn_current,0.336710293770681,0.1993678801034324,0.3548809836488424,0.2038057057817113,0.9283185471101928,0.2557316992728154,2
11,reset_both,0.25,0,0.0,L2,pre_reset,0.2795823586483602,0.2564958152257532,0.2947193580063921,0.2639673314241616,0.9284394065173364,0.2557664431781389,2
11,reset_both,0.25,1,15.625,L1,spike50,0.8733653572024795,0.111537247381538,0.8815163419523155,0.1096998867604691,0.5658548752269211,0.2060546168767794,113
11,reset_both,0.25,1,15.625,L1,syn_current,0.6406666206111786,0.1878524307719813,0.6599988734808556,0.172756545415777,0.7620393899626803,0.1663900073037828,120
11,reset_both,0.25,1,15.625,L1,pre_reset,0.5411571089895795,0.1810116665357529,0.5675642540753647,0.1684263338978705,0.8390336150339639,0.1267774996691331,120
11,reset_both,0.25,1,15.625,L2,spike50,0.9255226739725264,0.0978092514855969,0.9442620568613465,0.0904282460594748,0.5162424011888116,0.2301222633519,105
11,reset_both,0.25,1,15.625,L2,syn_current,0.3490838262109237,0.3224772668028827,0.3476458622907216,0.2979104126057574,0.9413139425450958,0.2306886307773477,10
11,reset_both,0.25,1,15.625,L2,pre_reset,0.3193631259537668,0.3200872969756547,0.322100598914682,0.298894206095663,0.9414376740743012,0.229711223448902,10
11,reset_both,0.25,2,31.25,L1,spike50,0.7172619724833034,0.1500821137736485,0.7338761033539779,0.1464654214318059,0.7639398353604627,0.1730965168978975,112
11,reset_both,0.25,2,31.25,L1,syn_current,0.7311113815765209,0.1478305253729954,0.745710376541197,0.1385872027044561,0.6803465238058808,0.1686226864231006,124
11,reset_both,0.25,2,31.25,L1,pre_reset,0.6549140902030562,0.1540668777555427,0.6758464195186122,0.1445903783861731,0.7496270218207477,0.1418586018991232,124
11,reset_both,0.25,2,31.25,L2,spike50,0.8366369738935914,0.13845313808718,0.8856003756988804,0.1186675392497117,0.7167590408704583,0.2413698436590078,106
11,reset_both,0.25,2,31.25,L2,syn_current,0.3752488956455558,0.3226950967081047,0.3827213522009632,0.3111275285051684,0.9467574486844696,0.1877699992499666,29
11,reset_both,0.25,2,31.25,L2,pre_reset,0.3401808877877813,0.3158200470990326,0.3479900538137665,0.3096949535861335,0.950481661686113,0.1869069310080755,29
11,reset_both,0.25,4,62.5,L1,spike50,0.4620515574108909,0.2148169954117362,0.4896213125144618,0.2125967997896085,0.9002120427944473,0.19309644902392,68
11,reset_both,0.25,4,62.5,L1,syn_current,0.8187562395651389,0.1110287190128641,0.831682148002416,0.1027651913594539,0.5631216229363145,0.1591785169875186,128
11,reset_both,0.25,4,62.5,L1,pre_reset,0.7714504184913901,0.1233397379088291,0.7887048454694765,0.1139179065147392,0.6139208345386802,0.1490789919607663,128
11,reset_both,0.25,4,62.5,L2,spike50,0.2773088203387479,0.2417843807070536,0.4186177061714305,0.2295323852044425,0.9231654409723552,0.2028496127372565,47
11,reset_both,0.25,4,62.5,L2,syn_current,0.4699230481999152,0.3356726105330829,0.4738592208228698,0.3223606134449538,0.8977691827761535,0.2035766379388006,68
11,reset_both,0.25,4,62.5,L2,pre_reset,0.443420529750199,0.3335753483686703,0.4460260535853517,0.3264537536527231,0.9055407030160678,0.2034853755809079,68
11,reset_both,0.25,8,125.0,L1,spike50,0.658490231944373,0.1944062355140432,0.679228343705705,0.1922548125142927,0.7596645228987031,0.2189979909423331,103
11,reset_both,0.25,8,125.0,L1,syn_current,0.9112385653638972,0.0596573683100975,0.9194863634818364,0.0534827754909436,0.412995523206175,0.1337445013821025,128
11,reset_both,0.25,8,125.0,L1,pre_reset,0.8863394826168457,0.0676018647057714,0.8973573062435326,0.0601365674867926,0.4435856124734172,0.1268583099072595,128
11,reset_both,0.25,8,125.0,L2,spike50,0.4322713971237328,0.2659457070797224,0.5836309858904271,0.2317538983517587,0.825162377581213,0.2056709830479756,93
11,reset_both,0.25,8,125.0,L2,syn_current,0.6133954385936182,0.2614430984612833,0.6229975720861495,0.2420996447443992,0.8058070900476955,0.2134651153329596,104
11,reset_both,0.25,8,125.0,L2,pre_reset,0.5862050507461724,0.265518789408982,0.5874329940640723,0.2546390840074136,0.826632857972103,0.2097233679741142,104
11,reset_both,0.25,16,250.0,L1,spike50,0.8631210232099908,0.0988272826762697,0.8730699315047266,0.0978799545882048,0.4981806938659907,0.1708691740652889,125
11,reset_both,0.25,16,250.0,L1,syn_current,0.9801949627557413,0.0137905847098055,0.9825058211552103,0.0121714551522091,0.2132285226535769,0.0703934707822348,128
11,reset_both,0.25,16,250.0,L1,pre_reset,0.9676981842962636,0.0179413754269783,0.9714723122844676,0.0156661025392916,0.2486502097575211,0.0649000138407665,128
11,reset_both,0.25,16,250.0,L2,spike50,0.6181132036219358,0.2186012973068437,0.7564851057818912,0.176383766510135,0.6264731940522872,0.2058158606138594,122
11,reset_both,0.25,16,250.0,L2,syn_current,0.7478619687323746,0.2229630158835113,0.7931837148057155,0.1660208222033043,0.6059725835279914,0.1997846922999485,125
11,reset_both,0.25,16,250.0,L2,pre_reset,0.7224122436204764,0.2343469932438491,0.7616755158038647,0.1812350177554131,0.6438179391408432,0.200033404514672,125
11,reset_both,0.25,32,500.0,L1,spike50,0.9572869131134104,0.0317561309425432,0.9609245121025995,0.031353763249571,0.2744404964778493,0.1029595620918494,128
11,reset_both,0.25,32,500.0,L1,syn_current,0.9978238008304864,0.001753932036988,0.9981489232691126,0.0014559418398672,0.075249235167083,0.0310496987453828,128
11,reset_both,0.25,32,500.0,L1,pre_reset,0.9899084336926852,0.0051235495904618,0.9913016261212716,0.0043456261246833,0.1337547023861588,0.0327615682169462,128
11,reset_both,0.25,32,500.0,L2,spike50,0.831138852309664,0.1249865566654594,0.9138514244540674,0.1020723226642583,0.3754021170593185,0.1376745669222826,128
11,reset_both,0.25,32,500.0,L2,syn_current,0.9079177288110256,0.074291456196607,0.9331384492269076,0.0485989832269736,0.36094968358863,0.1338483466096069,128
11,reset_both,0.25,32,500.0,L2,pre_reset,0.901160615507206,0.0915492542146544,0.9244984864002026,0.0588399690839392,0.3829135876426933,0.1450304872100067,128
11,reset_both,0.5,0,0.0,L1,spike50,0.9603167417557288,0.0294289310393301,0.9642455990797107,0.0288823953595551,0.326346737370206,0.0974924672279686,127
11,reset_both,0.5,0,0.0,L1,syn_current,0.4719244575732945,0.1913962840991843,0.4989108798613052,0.1689887683509663,0.9149138300029538,0.1039553066387636,83
11,reset_both,0.5,0,0.0,L1,pre_reset,0.3686882784989384,0.1484897842558298,0.4012145491646154,0.1320081149989757,0.956135724438094,0.0540687692713332,83
11,reset_both,0.5,0,0.0,L2,spike50,0.985707052216716,0.011003674783431,0.9922326386568312,0.0100153588176731,0.2666590042254664,0.03807936253425,127
11,reset_both,0.5,0,0.0,L2,syn_current,,,,,0.9999999999998672,2.071827045001605e-13,0
11,reset_both,0.5,0,0.0,L2,pre_reset,,,,,0.99999999999992,9.902697927302455e-14,0
11,reset_both,0.5,1,15.625,L1,spike50,0.9185200205880706,0.0812447429841083,0.9259613189465012,0.0799637410533825,0.5458425426726016,0.1181414009000188,125
11,reset_both,0.5,1,15.625,L1,syn_current,0.5462965575697067,0.1859585338057428,0.5715863856048796,0.1699095366032487,0.8437483471279648,0.1272391785663832,114
11,reset_both,0.5,1,15.625,L1,pre_reset,0.4614314062950259,0.1689564941260102,0.492023653691495,0.1554064440324385,0.8936179198842356,0.0917156093836553,114
11,reset_both,0.5,1,15.625,L2,spike50,0.9617568435481114,0.0265456067548649,0.9794632094187244,0.0227527635518502,0.5100297947051391,0.0551426350685593,127
11,reset_both,0.5,1,15.625,L2,syn_current,0.1296756696989297,0.3808788000532703,0.1425411230035922,0.3744949537589331,0.9978135311036024,0.0296396517239391,6
11,reset_both,0.5,1,15.625,L2,pre_reset,0.0634855272613469,0.3749489218206522,0.0750028512483883,0.3719139749315582,0.9984101019813904,0.0230561299132468,6
11,reset_both,0.5,2,31.25,L1,spike50,0.7818511242800095,0.1075038711862806,0.7989974703462837,0.1065725366862528,0.767302008790729,0.0734829151263016,123
11,reset_both,0.5,2,31.25,L1,syn_current,0.6231310540989338,0.1539670481885097,0.6476568341571829,0.1412566916743229,0.7847612934359312,0.1221639864894158,124
11,reset_both,0.5,2,31.25,L1,pre_reset,0.5536609194286728,0.1513840265956325,0.583637852411168,0.139362951820077,0.8307334835401807,0.1053092954397039,124
11,reset_both,0.5,2,31.25,L2,spike50,0.8893655716836515,0.0582001927780258,0.9394554157621744,0.0417787993565448,0.749933866271667,0.069195476114534,127
11,reset_both,0.5,2,31.25,L2,syn_current,0.1435476446079496,0.3208969687200685,0.2040435156607598,0.3221350653764832,0.9950137178393708,0.034061470778764,17
11,reset_both,0.5,2,31.25,L2,pre_reset,0.0961808567648893,0.3283253217923879,0.1528476284720404,0.3323433825557063,0.9956856682181286,0.0361777329078138,17
11,reset_both,0.5,4,62.5,L1,spike50,0.3164160876921356,0.1778238325373544,0.3559560289847904,0.1777117343059087,0.9717000010297506,0.0533490330742234,56
11,reset_both,0.5,4,62.5,L1,syn_current,0.7422762538433263,0.1260749359754754,0.7625573867734479,0.1127160484262726,0.6730683951943415,0.1265445196732393,128
11,reset_both,0.5,4,62.5,L1,pre_reset,0.6970113941853153,0.1305097678746637,0.7214874724951477,0.1169731794937394,0.7059715013909371,0.1165492380663277,128
11,reset_both,0.5,4,62.5,L2,spike50,0.082383163194518,0.2248166214156759,0.3290219934305065,0.1829183759720791,0.9776035194792476,0.0978435488038971,31
11,reset_both,0.5,4,62.5,L2,syn_current,0.1643212933219177,0.3612659173125886,0.1921154000123688,0.335116232728921,0.9863113025033348,0.062769531593442,56
11,reset_both,0.5,4,62.5,L2,pre_reset,0.1249399453304229,0.3582319210173861,0.1488345142754229,0.3401098118660347,0.9900433947557614,0.0543235357667743,56
11,reset_both,0.5,8,125.0,L1,spike50,0.6074867413038715,0.1767456916952763,0.6359777484188215,0.1770327134265152,0.8436887383276978,0.1550560099913836,93
11,reset_both,0.5,8,125.0,L1,syn_current,0.8774739852262672,0.0734406041618492,0.8889827964456898,0.0668758430387116,0.5015693480050047,0.124808941620277,128
11,reset_both,0.5,8,125.0,L1,pre_reset,0.8560461469887739,0.0737393320147713,0.8694880377536296,0.0667227505706374,0.515135657497244,0.1126681297207387,128
11,reset_both,0.5,8,125.0,L2,spike50,0.2265709350205193,0.2629677150468775,0.4823198192858188,0.2144229629707111,0.9102343975372996,0.1278768654046779,79
11,reset_both,0.5,8,125.0,L2,syn_current,0.3539751737344073,0.3417244963181364,0.4176346302224127,0.2942170483658675,0.9187874799093472,0.1524053554356683,94
11,reset_both,0.5,8,125.0,L2,pre_reset,0.3110532890757879,0.3400397093472146,0.3529773432386185,0.3060104421062708,0.9400859673472702,0.133550577707003,94
11,reset_both,0.5,16,250.0,L1,spike50,0.8383793403715545,0.0994161547003417,0.8505198417774846,0.0991646031750299,0.5703525923375427,0.1717291657196753,124
11,reset_both,0.5,16,250.0,L1,syn_current,0.9712884654058708,0.0198184974267421,0.9747417040804174,0.0175063793360252,0.2721967544616623,0.0818924504242792,128
11,reset_both,0.5,16,250.0,L1,pre_reset,0.9588565633402828,0.0214511747810091,0.9637172493667012,0.0189231613783145,0.29132754780128,0.0691909518999526,128
11,reset_both,0.5,16,250.0,L2,spike50,0.4694910887247338,0.242896462069504,0.6819992423452098,0.1775093919227649,0.7275715427947225,0.180969336261086,119
11,reset_both,0.5,16,250.0,L2,syn_current,0.5870192287799507,0.2736397700019545,0.6715362378371353,0.1955985559158731,0.7507038542860706,0.1693435013246722,126
11,reset_both,0.5,16,250.0,L2,pre_reset,0.559962760100092,0.275063190190441,0.6265780765917972,0.2143265837358941,0.7864493373291437,0.1648370028792752,126
11,reset_both,0.5,32,500.0,L1,spike50,0.9475854438306034,0.0331567821017168,0.9517779372189292,0.0332114194386919,0.3230982572781011,0.1250906833418129,97
11,reset_both,0.5,32,500.0,L1,syn_current,0.9963976069247072,0.0025072835774512,0.996846836185762,0.002191868967241,0.1044702780517822,0.03310635421041,98
11,reset_both,0.5,32,500.0,L1,pre_reset,0.9879649793687242,0.0055261690665183,0.9894550957664948,0.0047400064639397,0.1519082337100577,0.0319015494871055,98
11,reset_both,0.5,32,500.0,L2,spike50,0.762819569799569,0.1603547298083711,0.8788512948715415,0.1042153541223381,0.4541546739819354,0.1575171280294767,97
11,reset_both,0.5,32,500.0,L2,syn_current,0.8334302003739713,0.1581607513454624,0.8790163525732733,0.0850797263180263,0.4792921015406606,0.1424018841847659,98
11,reset_both,0.5,32,500.0,L2,pre_reset,0.8182468559672145,0.1699067684084322,0.8577862470629245,0.1023862681048571,0.515689864269508,0.1526217177727692,98
11,reset_both,0.75,0,0.0,L1,spike50,0.9635505270650552,0.0213591316879015,0.9671288416151615,0.0208803972201076,0.323968193135749,0.073524684224693,128
11,reset_both,0.75,0,0.0,L1,syn_current,0.4803672464095549,0.1709576904675799,0.5094155666908347,0.15775008811982,0.9097939134021348,0.1026230228057566,91
11,reset_both,0.75,0,0.0,L1,pre_reset,0.3886371704318536,0.1468265714202112,0.4232999183045543,0.137180219832861,0.9502416069271832,0.0584031042484286,91
11,reset_both,0.75,0,0.0,L2,spike50,0.9855050949216472,0.0077950536245182,0.993113200177415,0.004546060988952,0.265759810397281,0.014295430132681,128
11,reset_both,0.75,0,0.0,L2,syn_current,0.2431049531521901,0.0,0.2551944870173214,0.0,0.9997448045776168,0.0028759063528986,1
11,reset_both,0.75,0,0.0,L2,pre_reset,0.1481722996256406,0.0,0.1617815684732461,0.0,0.9999027130043832,0.0010963687595031,1
11,reset_both,0.75,1,15.625,L1,spike50,0.9288046726715502,0.0414222551631675,0.9353225866635004,0.0406148622912008,0.5426149304200296,0.0616821351193363,128
11,reset_both,0.75,1,15.625,L1,syn_current,0.6001311111229379,0.161527776611045,0.622855339275578,0.1490322074921957,0.8113063733036363,0.1271359672062914,120
11,reset_both,0.75,1,15.625,L1,pre_reset,0.5164740443458379,0.1494024768381179,0.5456534930703938,0.1399242009621484,0.8694183487768183,0.0935766403741457,120
11,reset_both,0.75,1,15.625,L2,spike50,0.9600204519341696,0.0215341542609463,0.9810301905825038,0.0110074684100208,0.5107779897614082,0.0147272920040478,128
11,reset_both,0.75,1,15.625,L2,syn_current,0.2296775735144811,0.3371465976607488,0.2880957605120277,0.235506845842867,0.997371389232103,0.0117896949455602,11
11,reset_both,0.75,1,15.625,L2,pre_reset,0.2024971331331492,0.3212793095313224,0.2537151054889593,0.2332623772572528,0.9984855410326996,0.0069597712550999,11
11,reset_both,0.75,2,31.25,L1,spike50,0.7888680834030384,0.0840633284212568,0.8067870293301579,0.0825500033048804,0.7624176468056066,0.0577060157493367,126
11,reset_both,0.75,2,31.25,L1,syn_current,0.6783742093330535,0.1404651681369137,0.6978246025049913,0.1301306404488734,0.7444295158473617,0.1272470009741595,126
11,reset_both,0.75,2,31.25,L1,pre_reset,0.6144777542093954,0.137516800030529,0.6393075308615563,0.1285015661114721,0.7920297468717026,0.1063042275933138,126
11,reset_both,0.75,2,31.25,L2,spike50,0.8747708729779229,0.0704573083997593,0.936149748899251,0.0391443270616762,0.7545560769840813,0.0160213729649855,128
11,reset_both,0.75,2,31.25,L2,syn_current,0.2060094015015681,0.3057775262433236,0.2656524803546884,0.273756829502974,0.992718986792765,0.031791160706574,26
11,reset_both,0.75,2,31.25,L2,pre_reset,0.201035428346451,0.2871747493690539,0.2522443489665421,0.2663396803735677,0.9947691443757808,0.0210478859180081,26
11,reset_both,0.75,4,62.5,L1,spike50,0.4206410429894033,0.1620317475368874,0.4542009004121702,0.1610178887900399,0.9494267849378726,0.0684666962788063,69
11,reset_both,0.75,4,62.5,L1,syn_current,0.7789227780587772,0.1088090378170295,0.7964126852530602,0.098537077243921,0.6443095224074888,0.1254621467576245,128
11,reset_both,0.75,4,62.5,L1,pre_reset,0.743323926031989,0.1081370658016273,0.7638537152854763,0.097973238047498,0.669231431935295,0.1126804991115759,128
11,reset_both,0.75,4,62.5,L2,spike50,0.0893305417940693,0.1899548491740738,0.3247201175480008,0.1797823184722072,0.9781755566716156,0.0490779991605164,46
11,reset_both,0.75,4,62.5,L2,syn_current,0.250456193602188,0.3089305462152255,0.289759385564121,0.2841965686790722,0.9741682048541144,0.0614110197181533,69
11,reset_both,0.75,4,62.5,L2,pre_reset,0.2091000856268327,0.297103469506997,0.241170331259254,0.2804867647295564,0.9817228518851568,0.0452005691525333,69
11,reset_both,0.75,8,125.0,L1,spike50,0.5982284752142798,0.1859463767653372,0.6213572572643199,0.1865365622487495,0.8376346637898979,0.1420824731905636,103
11,reset_both,0.75,8,125.0,L1,syn_current,0.8877802483275901,0.063421208071719,0.898954991903411,0.0576349191639283,0.4955608748566021,0.1125500304773333,128
11,reset_both,0.75,8,125.0,L1,pre_reset,0.8661350252849729,0.0650680929362873,0.8796172850125401,0.0590507206326333,0.5052659917424636,0.1009038657088766,128
11,reset_both,0.75,8,125.0,L2,spike50,0.1711183753908813,0.2716840165657259,0.4367298285398743,0.2224301580288425,0.9231096696703476,0.1167433849464635,83
11,reset_both,0.75,8,125.0,L2,syn_current,0.2890810031867442,0.356918006081782,0.3572993970815356,0.3045949556100311,0.9438375469864008,0.1371490583674029,104
11,reset_both,0.75,8,125.0,L2,pre_reset,0.2672271958213515,0.3449771460292048,0.3098567797323553,0.3090961709213539,0.956515840942475,0.1180889892724973,104
11,reset_both,0.75,16,250.0,L1,spike50,0.8055287557057716,0.1123279387150095,0.8157558790899971,0.1131214132301325,0.6332644456565742,0.1734745953154749,96
11,reset_both,0.75,16,250.0,L1,syn_current,0.9635207579488572,0.0233197188935526,0.96823307768229,0.0198918317612458,0.3085604573669315,0.0910955022526661,101
11,reset_both,0.75,16,250.0,L1,pre_reset,0.9508574701598332,0.0245814045337685,0.9571764132951412,0.0209083646292202,0.3176966207673156,0.0762155913469428,101
11,reset_both,0.75,16,250.0,L2,spike50,0.3256167273223613,0.2654413357763359,0.5896469125706709,0.1906229567411577,0.8164561509276512,0.1626282867078331,90
11,reset_both,0.75,16,250.0,L2,syn_current,0.4238015594329966,0.3107316424666827,0.5445239697775738,0.2417137446702745,0.8385884121835773,0.1630016622542094,98
11,reset_both,0.75,16,250.0,L2,pre_reset,0.3932384245877879,0.3019507438096893,0.4873861507042482,0.2563479984995443,0.8719154233789899,0.1556068450917728,98
11,reset_both,0.75,32,500.0,L1,spike50,0.961940156372185,0.0380598436278148,0.9635863249727652,0.0364136750272346,0.1986798535597109,0.1986798535597109,2
11,reset_both,0.75,32,500.0,L1,syn_current,0.9971615164201176,0.0006863873808767,0.9975762429537762,0.0006249710695007,0.1044065754394217,0.0245483354700278,2
11,reset_both,0.75,32,500.0,L1,pre_reset,0.990304874034788,0.0010126678090561,0.9917656490245365,0.0011297552188236,0.1328103143784011,0.0118162399017276,2
11,reset_both,0.75,32,500.0,L2,spike50,0.6245745116883344,0.1931209770977146,0.7438727002149303,0.1217618665704383,0.7296043476044762,0.0699389010022794,2
11,reset_both,0.75,32,500.0,L2,syn_current,0.71677702402751,0.2218867445613359,0.8748707871831458,0.0864840803980763,0.492626025468574,0.1514634083444869,2
11,reset_both,0.75,32,500.0,L2,pre_reset,0.704298549666133,0.2152954287253582,0.8425306828707952,0.0986489752964125,0.5184097055115138,0.1595522242706885,2
11,reset_both,0.25,0,0.0,L1,spike50,0.9251117256580976,0.0676803820837666,0.9304637216957634,0.0654904533639663,0.3268940483499747,0.1988900343796751,16
11,reset_both,0.25,0,0.0,L1,syn_current,0.5184577068197966,0.182466717063872,0.541346186988315,0.1772394963723706,0.8994980738560917,0.1007093458568389,12
11,reset_both,0.25,0,0.0,L1,pre_reset,0.3987335515492987,0.1373856782392194,0.4322688568626388,0.1391595437644829,0.950331587839196,0.0487933059613643,12
11,reset_both,0.25,0,0.0,L2,spike50,0.950078733421494,0.0614048581038082,0.9592047545987556,0.0616407853999646,0.286609842313953,0.177546898201066,15
11,reset_both,0.25,0,0.0,L2,syn_current,,,,,0.9444444444441128,0.2290614236453451,0
11,reset_both,0.25,0,0.0,L2,pre_reset,,,,,0.9444444444442412,0.2290614236453762,0
11,reset_both,0.25,1,15.625,L1,spike50,0.908110135519938,0.0503466500877001,0.914635578945705,0.0471425830961818,0.5818306900765263,0.2072129269893075,16
11,reset_both,0.25,1,15.625,L1,syn_current,0.6037623951022446,0.1882000299811538,0.6262540092464535,0.1756354298898166,0.8152800676287951,0.1325578474062394,16
11,reset_both,0.25,1,15.625,L1,pre_reset,0.5139618304800524,0.1766975607985955,0.5461453718012225,0.1663389801890194,0.8773189507538832,0.0922934539207817,16
11,reset_both,0.25,1,15.625,L2,spike50,0.90871013105986,0.087542858439245,0.9285296103558714,0.0886509029382964,0.4648065125375799,0.2260374692939584,15
11,reset_both,0.25,1,15.625,L2,syn_current,,,,,0.9999999999996676,2.2562623639684335e-13,0
11,reset_both,0.25,1,15.625,L2,pre_reset,,,,,0.9999999999997704,1.8340755743868012e-13,0
11,reset_both,0.25,2,31.25,L1,spike50,0.7217654887489021,0.1165289805879617,0.7336296908460954,0.1167741696031749,0.7832655761000962,0.1462875066682017,16
11,reset_both,0.25,2,31.25,L1,syn_current,0.698890768436915,0.1425158627854899,0.7144659041794363,0.1441368756599959,0.7234058058045556,0.1208525291291047,18
11,reset_both,0.25,2,31.25,L1,pre_reset,0.6177594596325581,0.1428046320370241,0.6427352764837067,0.145301511656798,0.7945229433932223,0.1037573031871496,18
11,reset_both,0.25,2,31.25,L2,spike50,0.8186736352406692,0.0608839910031057,0.8666991454762485,0.0495133682234838,0.7039364684788958,0.2622602904361259,14
11,reset_both,0.25,2,31.25,L2,syn_current,-0.0324023612290921,0.0,-0.0848436862847491,0.0,1.0017667949244349,0.0072846820936672,1
11,reset_both,0.25,2,31.25,L2,pre_reset,-0.0201958175231948,0.0,-0.0533760089271503,0.0,1.0007750518076886,0.0031956204693146,1
11,reset_both,0.25,4,62.5,L1,spike50,0.2847640748891613,0.0,0.2955987834492879,0.0,0.9986347900002324,0.0056289050292247,1
11,reset_both,0.25,4,62.5,L1,syn_current,0.767154375582248,0.1132275029337952,0.7832556460200382,0.1104566630229404,0.6573068231483519,0.1331562344883582,18
11,reset_both,0.25,4,62.5,L1,pre_reset,0.72881988698507,0.1094522226489652,0.7498021232448696,0.1071219369144323,0.6872130652774824,0.1123163393086904,18
11,reset_both,0.25,4,62.5,L2,spike50,,,,,0.9999999999998804,1.6409217324667177e-13,0
11,reset_both,0.25,4,62.5,L2,syn_current,-0.0532453177145386,0.0,-0.1146812210537435,0.0,1.001281003749629,0.0052817137677479,1
11,reset_both,0.25,4,62.5,L2,pre_reset,-0.0343119358909282,0.0,-0.0772396830322059,0.0,1.00139721907792,0.0057608818411675,1
11,reset_both,0.25,8,125.0,L1,spike50,0.5874702194577887,0.205248392558927,0.6012077833417035,0.1979851866429843,0.9127020455278814,0.1139153549458933,9
11,reset_both,0.25,8,125.0,L1,syn_current,0.8898768211039835,0.0643567070076912,0.9019731471734372,0.0585225115020478,0.4850030025308887,0.1396711387892195,18
11,reset_both,0.25,8,125.0,L1,pre_reset,0.8591807465733515,0.0841426640198979,0.8758355072258603,0.0745778984396578,0.5080670222947795,0.1329555623917315,18
11,reset_both,0.25,8,125.0,L2,spike50,0.3855092890290453,0.2506542889857689,0.5082394336592962,0.2154351440395923,0.9708811725900476,0.0745503449455756,4
11,reset_both,0.25,8,125.0,L2,syn_current,0.4177349489116002,0.379894678309525,0.4817148173385632,0.3033132508630395,0.9204365822924307,0.1328887193548269,9
11,reset_both,0.25,8,125.0,L2,pre_reset,0.4037462691116446,0.3935195178685566,0.4542847855881999,0.3328249760034328,0.9288706138213486,0.1225745504563762,9
11,reset_both,0.25,16,250.0,L1,spike50,0.8000140020052412,0.1128576350065952,0.8093746284263723,0.1131769961529464,0.6381247183040113,0.1591839111208392,17
11,reset_both,0.25,16,250.0,L1,syn_current,0.9784114504020444,0.0135756665318443,0.9810608263302912,0.012122030734403,0.240467549065602,0.063297707674496,18
11,reset_both,0.25,16,250.0,L1,pre_reset,0.9650280507897588,0.0171013327612054,0.9697607849403164,0.0146330099142983,0.2613432063460335,0.0600416862055434,18
11,reset_both,0.25,16,250.0,L2,spike50,0.4972130444885601,0.201367996109027,0.6254298819680995,0.1991295717003393,0.8002425197613712,0.1734500529008399,15
11,reset_both,0.25,16,250.0,L2,syn_current,0.7656681722269346,0.1122883762889602,0.7943915429332963,0.0880630550891927,0.6797236169968733,0.1561477439369731,17
11,reset_both,0.25,16,250.0,L2,pre_reset,0.728521227913602,0.1329802647532575,0.7600792714018778,0.1056533827950774,0.7133284943695601,0.146368008718304,17
11,reset_both,0.25,32,500.0,L1,spike50,0.9538570949898988,0.0244687546462108,0.9570487170310444,0.0245193145734377,0.3149052165706302,0.0896663942175136,18
11,reset_both,0.25,32,500.0,L1,syn_current,0.997793391570528,0.0014459573290088,0.9981490846771603,0.0012251027385896,0.0833416857294038,0.0240170185629119,18
11,reset_both,0.25,32,500.0,L1,pre_reset,0.9900692509448984,0.0037508728874564,0.9915854277933668,0.003269193912219,0.1373027775314536,0.0268734388382023,18
11,reset_both,0.25,32,500.0,L2,spike50,0.8048253574558275,0.10534023424351,0.8927421317603625,0.0787266041696652,0.4334520090454318,0.1418885650174193,18
11,reset_both,0.25,32,500.0,L2,syn_current,0.8995151482863856,0.0747083517741897,0.9373296079387776,0.039387041522444,0.3836268676851779,0.1187273803857817,18
11,reset_both,0.25,32,500.0,L2,pre_reset,0.8848660845355565,0.0823601414256647,0.9211218909526406,0.0492535162356517,0.4149113315968618,0.1245317013046946,18
11,reset_both,0.5,0,0.0,L1,spike50,0.9504378874014257,0.0181367944396363,0.954464801652926,0.0165767856285887,0.3550023933437779,0.0561155471759012,18
11,reset_both,0.5,0,0.0,L1,syn_current,0.5187765749733076,0.1557523581581414,0.5506979605799551,0.1363428768752738,0.8848055392669241,0.09664297938873,15
11,reset_both,0.5,0,0.0,L1,pre_reset,0.4225155247807251,0.1251246794175748,0.4615361056143285,0.1137510618821146,0.9393654010216862,0.0500601588734314,15
11,reset_both,0.5,0,0.0,L2,spike50,0.9758568781343376,0.031139570935688,0.984998371299658,0.0287318146694451,0.282449841318467,0.0631744630584566,18
11,reset_both,0.5,0,0.0,L2,syn_current,,,,,0.9999999999998536,6.980961275751104e-14,0
11,reset_both,0.5,0,0.0,L2,pre_reset,,,,,0.9999999999999049,4.490238732997415e-14,0
11,reset_both,0.5,1,15.625,L1,spike50,0.9004351923592177,0.065310353078795,0.9085837011756444,0.0587135206418432,0.5575541774765231,0.0838729152880767,18
11,reset_both,0.5,1,15.625,L1,syn_current,0.6148974735959537,0.1396234542933265,0.6368344228363725,0.1309579142438641,0.8094946461198297,0.1234031796959646,17
11,reset_both,0.5,1,15.625,L1,pre_reset,0.5375307857208805,0.1343311278250358,0.566740982748248,0.1307299416470125,0.8655502049508976,0.0913091521669226,17
11,reset_both,0.5,1,15.625,L2,spike50,0.9455705741580313,0.0334458015980596,0.9707291155493823,0.025470000140636,0.5142306530066807,0.0211642544899242,18
11,reset_both,0.5,1,15.625,L2,syn_current,0.547589798910354,0.0,0.5403214681842647,0.0,0.9912413179680208,0.0361129711584125,1
11,reset_both,0.5,1,15.625,L2,pre_reset,0.3888501264861797,0.0,0.3990242202539595,0.0,0.9956888646540476,0.0177752663972907,1
11,reset_both,0.5,2,31.25,L1,spike50,0.7481573373304126,0.1231236433636416,0.7624076948275262,0.1161475460634722,0.7816711369987679,0.0855984790620526,17
11,reset_both,0.5,2,31.25,L1,syn_current,0.6869924489603022,0.1267327035714457,0.7113413298440424,0.1171046899661891,0.7343423826484216,0.1006626464611824,18
11,reset_both,0.5,2,31.25,L1,pre_reset,0.6216340406768457,0.1293575262547097,0.653334850474785,0.1189695898313856,0.7894382251789391,0.0936957009905036,18
11,reset_both,0.5,2,31.25,L2,spike50,0.8385892916846253,0.0924217259022208,0.909853663914052,0.0650756028386326,0.7570702395565823,0.0228729553921897,18
11,reset_both,0.5,2,31.25,L2,syn_current,0.1952687420057064,0.2555834420715448,0.3034848612307364,0.1455749095255675,0.993446665468536,0.0243500957570539,2
11,reset_both,0.5,2,31.25,L2,pre_reset,0.216746830457232,0.1906741418689394,0.3125888450122562,0.0913354170138283,0.9944374444732504,0.0196077152788174,2
11,reset_both,0.5,4,62.5,L1,spike50,0.401388421702992,0.1130263223427471,0.42842980199636,0.1269465838458797,0.9693655409900696,0.0563438047480761,7
11,reset_both,0.5,4,62.5,L1,syn_current,0.7874550687786903,0.0839215497497356,0.8040521955423513,0.0769639508409864,0.6307632449917243,0.1057413159597629,18
11,reset_both,0.5,4,62.5,L1,pre_reset,0.7473893284437606,0.0953083362619852,0.7702708795891452,0.0858502714788732,0.6575023730843451,0.1104330425107115,18
11,reset_both,0.5,4,62.5,L2,spike50,0.1633214747282403,0.2295580011615466,0.4280168641989099,0.1916907884744846,0.981855377003727,0.0511635585184391,3
11,reset_both,0.5,4,62.5,L2,syn_current,0.2265132065133024,0.2841913177564008,0.2728776629334183,0.2492859952730046,0.988367274042205,0.0399747683277318,7
11,reset_both,0.5,4,62.5,L2,pre_reset,0.1842955990835054,0.2765258227539924,0.221505689715221,0.2499983006629349,0.9930901005227872,0.0275750822898805,7
11,reset_both,0.5,8,125.0,L1,spike50,0.5566760556744433,0.1371182950521981,0.5802975756407527,0.135011397838357,0.8865629435604014,0.1112996663256815,13
11,reset_both,0.5,8,125.0,L1,syn_current,0.8972980022615005,0.0470046084831607,0.9088922420609769,0.0395187657974019,0.4687276332805832,0.1008332453029309,18
11,reset_both,0.5,8,125.0,L1,pre_reset,0.8755939494830348,0.0544948239948059,0.8896996445686008,0.0462512273432696,0.4811196586389303,0.094899854987769,18
11,reset_both,0.5,8,125.0,L2,spike50,0.175817820664155,0.2293260806121422,0.4256154774869994,0.1910667690034395,0.9507145758977514,0.0898488112116795,9
11,reset_both,0.5,8,125.0,L2,syn_current,0.2749608925005464,0.3931850641786839,0.348564078634047,0.3044148241685896,0.9522074966225882,0.090448878218066,13
11,reset_both,0.5,8,125.0,L2,pre_reset,0.2444513893075278,0.3737827578033479,0.3045753324528227,0.3087469507134057,0.9671039346575124,0.0666069472057513,13
11,reset_both,0.5,16,250.0,L1,spike50,0.8053706196364994,0.1236823063617656,0.8136844493015067,0.1241866793124638,0.6540577328990668,0.1630343782250196,17
11,reset_both,0.5,16,250.0,L1,syn_current,0.9731717178264876,0.0116492032059081,0.9772020753099038,0.0099540197238995,0.2786277318361596,0.0548344439898646,18
11,reset_both,0.5,16,250.0,L1,pre_reset,0.9613522510148056,0.012904227683171,0.9671654148546877,0.010879196083454,0.2922379947689681,0.0494626438402181,18
11,reset_both,0.5,16,250.0,L2,spike50,0.3631141073029728,0.1538497374419281,0.5976886173364939,0.1252265993552098,0.8442258612379759,0.1177133779982952,14
11,reset_both,0.5,16,250.0,L2,syn_current,0.5320288948899068,0.1856059540589952,0.634885252925042,0.1358075776363871,0.8216855977710122,0.1055928396066058,17
11,reset_both,0.5,16,250.0,L2,pre_reset,0.4995775861133272,0.1790522347402935,0.5789885905143526,0.1407963432821499,0.8524961316554913,0.0937403381138373,17
11,reset_both,0.5,32,500.0,L1,spike50,0.9343070956551498,0.0614657981565083,0.9374854565740924,0.0610073972679243,0.3600335564696472,0.1360721837174123,14
11,reset_both,0.5,32,500.0,L1,syn_current,0.996846313176984,0.0015992515978405,0.9973364041664609,0.0013118006164901,0.1046076107076346,0.027896887478316,14
11,reset_both,0.5,32,500.0,L1,pre_reset,0.9869352033123968,0.0034665841697965,0.9888448764513826,0.002840556884193,0.1576840659089838,0.021844607872417,14
11,reset_both,0.5,32,500.0,L2,spike50,0.7330749621866087,0.1765984671911028,0.8583074159651344,0.0752310885931537,0.5100130945951654,0.1415637231831041,14
11,reset_both,0.5,32,500.0,L2,syn_current,0.8502163739922189,0.1016999781906964,0.8957088986147482,0.0636525023972222,0.4839498677979881,0.1186895196107819,14
11,reset_both,0.5,32,500.0,L2,pre_reset,0.8262839914922686,0.1258042218550701,0.8785376172056844,0.0757142696123609,0.5173635513315816,0.1280095761830627,14
11,reset_both,0.75,0,0.0,L1,spike50,0.963613413404948,0.0194665770320621,0.9666251050806386,0.018922454153,0.3101010441508394,0.0701772242798942,18
11,reset_both,0.75,0,0.0,L1,syn_current,0.4761508554578548,0.1585739641512539,0.5135357604960108,0.1331037480009902,0.9187323361344996,0.0930145736747766,12
11,reset_both,0.75,0,0.0,L1,pre_reset,0.386934452389337,0.1409569784951635,0.4313850147317481,0.1206752674698933,0.9543104859107822,0.0575661962950953,12
11,reset_both,0.75,0,0.0,L2,spike50,0.9848123353198138,0.0073209915196916,0.9923029922836254,0.0051219534845357,0.2679348875540357,0.0166547570978363,18
11,reset_both,0.75,0,0.0,L2,syn_current,0.0184478183701491,0.0,0.0359194200763681,0.0,1.0002640333669024,0.0010886374610072,1
11,reset_both,0.75,0,0.0,L2,pre_reset,-0.0103750967777592,0.0,8.706261403182236e-05,0.0,1.000182216329038,0.0007512971717121,1
11,reset_both,0.75,1,15.625,L1,spike50,0.9332359083638864,0.0276890287851671,0.9387068642697072,0.0269123936358214,0.519661178587689,0.0475313250761887,18
11,reset_both,0.75,1,15.625,L1,syn_current,0.5888502578846136,0.1563381532578859,0.6114653698268319,0.139550846547087,0.8367788861351952,0.1131951255699798,16
11,reset_both,0.75,1,15.625,L1,pre_reset,0.5088175474590334,0.1450364241236091,0.5389136146584016,0.1340994365793192,0.8877588072185416,0.0846975646597628,16
11,reset_both,0.75,1,15.625,L2,spike50,0.9638627505795632,0.0195168808764589,0.9815789825573974,0.0114854424553702,0.5112973073192106,0.0110042753087817,18
11,reset_both,0.75,1,15.625,L2,syn_current,0.0001753170810776,0.0,-0.0048890089326547,0.0,1.0023755581251372,0.0097946770703049,1
11,reset_both,0.75,1,15.625,L2,pre_reset,-0.0920800326213843,0.0,-0.0929967564506994,0.0,1.0015933051227344,0.0065693653152449,1
11,reset_both,0.75,2,31.25,L1,spike50,0.8003249213683905,0.0873367808731614,0.81256168295405,0.0871727607773616,0.7502519781508385,0.0797429368056544,17
11,reset_both,0.75,2,31.25,L1,syn_current,0.6235378871163998,0.140218184653943,0.642955686867299,0.1368624278259286,0.8087802450056716,0.0990210467469027,17
11,reset_both,0.75,2,31.25,L1,pre_reset,0.5633476631839346,0.1496107053938524,0.5883382349177961,0.1449385257364662,0.8416314771784497,0.0923449929184782,17
11,reset_both,0.75,2,31.25,L2,spike50,0.8631882399031677,0.0904820416220633,0.9266964525151792,0.0538275405905726,0.7576110909199696,0.0143749738650786,18
11,reset_both,0.75,2,31.25,L2,syn_current,-0.0793180111240528,0.0,-0.0823194512222766,0.0,1.002359670219992,0.0097291695592264,1
11,reset_both,0.75,2,31.25,L2,pre_reset,-0.1066012516964409,0.0,-0.1080300671341457,0.0,1.00211860237426,0.0087352213681321,1
11,reset_both,0.75,4,62.5,L1,spike50,0.3671838333003738,0.1867551227924732,0.3963299349141579,0.1924135118560851,0.9786361145340486,0.0489063962881133,5
11,reset_both,0.75,4,62.5,L1,syn_current,0.753793631380062,0.1067556924999679,0.7719481930565916,0.0994783192221021,0.6772667904481661,0.1097555233991915,18
11,reset_both,0.75,4,62.5,L1,pre_reset,0.7059282460234004,0.1195305371261062,0.7292849269910944,0.111156246949013,0.7114190772803135,0.1113752670610285,18
11,reset_both,0.75,4,62.5,L2,spike50,-0.1494450377682306,0.0828208535242071,0.2054570417987862,0.0612807644360838,1.0007540836875315,0.0125590038625371,2
11,reset_both,0.75,4,62.5,L2,syn_current,-0.0806508979966371,0.1109615842616574,0.0101955798223065,0.1621644288601592,1.0085523851608984,0.0243792258696705,5
11,reset_both,0.75,4,62.5,L2,pre_reset,-0.1360938276839639,0.0792521494574479,-0.0502759905711609,0.1534586396422248,1.0081768997767284,0.0217639423609937,5
11,reset_both,0.75,8,125.0,L1,spike50,0.5828914857503252,0.1110927552386511,0.6008909496034281,0.1053691169237412,0.9155094235654204,0.0826608755297957,11
11,reset_both,0.75,8,125.0,L1,syn_current,0.895962237844235,0.0466366857318105,0.9085421718667456,0.0417024367195464,0.5082835930046097,0.1079251538421457,18
11,reset_both,0.75,8,125.0,L1,pre_reset,0.8744197395880133,0.0480211604064885,0.889810243161327,0.0427611071306904,0.5139668222796254,0.0956230520547579,18
11,reset_both,0.75,8,125.0,L2,spike50,-0.0306178348731794,0.1851275130919868,0.2046794420798856,0.1327485768194733,0.9917018447753918,0.0281017972321395,8
11,reset_both,0.75,8,125.0,L2,syn_current,0.1925498280209712,0.3148440561490365,0.3082431597468975,0.288092238172727,0.9795396333941756,0.0568400180028154,11
11,reset_both,0.75,8,125.0,L2,pre_reset,0.1462078316039388,0.3315825501670394,0.2726790585207209,0.3202672087399135,0.9820943282468592,0.0523332454510548,11
11,reset_both,0.75,16,250.0,L1,spike50,0.7555293539083681,0.1303909169964891,0.7639388494576639,0.1293377548255969,0.7657642949969868,0.184418349654568,11
11,reset_both,0.75,16,250.0,L1,syn_current,0.9632572995136036,0.0189692412130758,0.9690839968272136,0.0158105874586847,0.3330663113256488,0.0663634315218102,14
11,reset_both,0.75,16,250.0,L1,pre_reset,0.951453494954286,0.0210868107106058,0.9595043663161305,0.0170062959852842,0.33385488510753,0.0663567619936278,14
11,reset_both,0.75,16,250.0,L2,spike50,0.3388400353770215,0.1900243669328052,0.5175967496441405,0.1839508039650699,0.9019951923152776,0.100087033881857,9
11,reset_both,0.75,16,250.0,L2,syn_current,0.3607408625702622,0.2366055509998445,0.5096500353716888,0.1736743685582485,0.9031425415866472,0.1019964982120019,11
11,reset_both,0.75,16,250.0,L2,pre_reset,0.3333829322411994,0.2013136324786824,0.4713469207517815,0.1566405104585557,0.916452802326864,0.088971751982397,11
23,intact,0.25,0,0.0,L1,spike50,1.0,1.2748648357880571e-16,1.0,1.3973253034982495e-16,0.0,0.0,113
23,intact,0.25,0,0.0,L1,syn_current,1.0,1.2681291352079812e-16,1.0,1.2944338730181992e-16,0.0,0.0,128
23,intact,0.25,0,0.0,L1,pre_reset,1.0,1.391243901732968e-16,1.0,1.4488835837920476e-16,0.0,0.0,128
23,intact,0.25,0,0.0,L2,spike50,1.0,1.2086577382315719e-16,1.0,1.3300384653418923e-16,0.0,0.0,108
23,intact,0.25,0,0.0,L2,syn_current,1.0,1.3298519110993952e-16,1.0,1.3095476361515172e-16,0.0,0.0,115
23,intact,0.25,0,0.0,L2,pre_reset,1.0,1.2763891494299552e-16,1.0,1.396680287471207e-16,0.0,0.0,115
23,intact,0.25,1,15.625,L1,spike50,1.0,1.2819751242557092e-16,1.0,1.5767879792876567e-16,0.0,0.0,117
23,intact,0.25,1,15.625,L1,syn_current,1.0,1.3668035872266426e-16,1.0,1.3311106448512295e-16,0.0,0.0,128
23,intact,0.25,1,15.625,L1,pre_reset,1.0,1.3165625507162631e-16,1.0,1.3311106448512295e-16,0.0,0.0,128
23,intact,0.25,1,15.625,L2,spike50,1.0,1.4909974585898082e-16,1.0,1.3838080179054134e-16,0.0,0.0,112
23,intact,0.25,1,15.625,L2,syn_current,1.0,1.3597399555105182e-16,1.0,1.336494824613297e-16,0.0,0.0,118
23,intact,0.25,1,15.625,L2,pre_reset,1.0,1.3325812149681e-16,1.0,1.4272055695633346e-16,0.0,0.0,118
23,intact,0.25,2,31.25,L1,spike50,1.0,1.2899625854847775e-16,1.0,1.4651859647647592e-16,0.0,0.0,120
23,intact,0.25,2,31.25,L1,syn_current,1.0,1.4288057044435644e-16,1.0,1.286973096911129e-16,0.0,0.0,128
23,intact,0.25,2,31.25,L1,pre_reset,1.0,1.2944338730181992e-16,1.0,1.41866021015769e-16,0.0,0.0,128
23,intact,0.25,2,31.25,L2,spike50,1.0,1.3397132361779332e-16,1.0,1.2777511420171622e-16,0.0,0.0,114
23,intact,0.25,2,31.25,L2,syn_current,1.0,1.4936182176879119e-16,1.0,1.346565693709736e-16,0.0,0.0,121
23,intact,0.25,2,31.25,L2,pre_reset,1.0,1.4730156003361335e-16,1.0,1.4202020649874554e-16,0.0,0.0,121
23,intact,0.25,4,62.5,L1,spike50,1.0,1.4286978659812464e-16,1.0,1.40783984329461e-16,0.0,0.0,125
23,intact,0.25,4,62.5,L1,syn_current,1.0,1.38430498614478e-16,1.0,1.2944338730181992e-16,0.0,0.0,128
23,intact,0.25,4,62.5,L1,pre_reset,1.0,1.4084416362486778e-16,1.0,1.4288057044435644e-16,0.0,0.0,128
23,intact,0.25,4,62.5,L2,spike50,1.0,1.337263366841628e-16,1.0,1.2832879511478641e-16,0.0,0.0,122
23,intact,0.25,4,62.5,L2,syn_current,1.0,1.3704890552376615e-16,1.0,1.3846913936850747e-16,0.0,0.0,126
23,intact,0.25,4,62.5,L2,pre_reset,1.0,1.270477357254339e-16,1.0,1.374053402103078e-16,0.0,0.0,126
23,intact,0.25,8,125.0,L1,spike50,1.0,1.3009122667322963e-16,1.0,1.3597399555105182e-16,0.0,0.0,126
23,intact,0.25,8,125.0,L1,syn_current,1.0,1.4084416362486778e-16,1.0,1.3526394372366472e-16,0.0,0.0,128
23,intact,0.25,8,125.0,L1,pre_reset,1.0,1.3165625507162631e-16,1.0,1.3092278833360675e-16,0.0,0.0,128
23,intact,0.25,8,125.0,L2,spike50,1.0,1.4008181544145075e-16,1.0,1.1749496091904414e-16,0.0,0.0,125
23,intact,0.25,8,125.0,L2,syn_current,1.0,1.3932317635981983e-16,1.0,1.2957804429148437e-16,0.0,0.0,127
23,intact,0.25,8,125.0,L2,pre_reset,1.0,1.36152322179223e-16,1.0,1.49407461633072e-16,0.0,0.0,127
23,intact,0.25,16,250.0,L1,spike50,1.0,1.3932317635981983e-16,1.0,1.3827430440586067e-16,0.0,0.0,127
23,intact,0.25,16,250.0,L1,syn_current,1.0,1.3947004136484323e-16,1.0,1.3092278833360675e-16,0.0,0.0,128
23,intact,0.25,16,250.0,L1,pre_reset,1.0,1.2832264423908535e-16,1.0,1.341918215839574e-16,0.0,0.0,128
23,intact,0.25,16,250.0,L2,spike50,1.0,1.329058395955588e-16,1.0,1.1102230246251563e-16,0.0,0.0,127
23,intact,0.25,16,250.0,L2,syn_current,1.0,1.3947004136484323e-16,1.0,1.370321748998225e-16,0.0,0.0,128
23,intact,0.25,16,250.0,L2,pre_reset,1.0,1.432171564712973e-16,1.0,1.2981481815797575e-16,0.0,0.0,128
23,intact,0.25,32,500.0,L1,spike50,1.0,1.3668035872266426e-16,1.0,1.3092278833360675e-16,0.0,0.0,128
23,intact,0.25,32,500.0,L1,syn_current,1.0,1.2681291352079812e-16,1.0,1.5075136265974306e-16,0.0,0.0,128
23,intact,0.25,32,500.0,L1,pre_reset,1.0,1.3383253895372864e-16,1.0,1.4084416362486778e-16,0.0,0.0,128
23,intact,0.25,32,500.0,L2,spike50,1.0,1.3597399555105182e-16,1.0,1.2177709378935643e-16,0.0,0.0,128
23,intact,0.25,32,500.0,L2,syn_current,1.0,1.2981481815797575e-16,1.0,1.2681291352079812e-16,0.0,0.0,128
23,intact,0.25,32,500.0,L2,pre_reset,1.0,1.5011122659325203e-16,1.0,1.3383253895372864e-16,0.0,0.0,128
23,intact,0.5,0,0.0,L1,spike50,1.0,1.3238565818820347e-16,1.0,1.442222014787673e-16,0.0,0.0,128
23,intact,0.5,0,0.0,L1,syn_current,1.0,1.391243901732968e-16,1.0,1.401587864985631e-16,0.0,0.0,128
23,intact,0.5,0,0.0,L1,pre_reset,1.0,1.455514664586365e-16,1.0,1.3238565818820347e-16,0.0,0.0,128
23,intact,0.5,0,0.0,L2,spike50,1.0,1.4208231899089008e-16,1.0,1.3686330519721066e-16,0.0,0.0,127
23,intact,0.5,0,0.0,L2,syn_current,1.0,1.4220500840710912e-16,1.0,1.2944338730181992e-16,0.0,0.0,128
23,intact,0.5,0,0.0,L2,pre_reset,1.0,1.3947004136484323e-16,1.0,1.3773311131392582e-16,0.0,0.0,128
23,intact,0.5,1,15.625,L1,spike50,1.0,1.3347228920484555e-16,1.0,1.2794688166302258e-16,0.0,0.0,128
23,intact,0.5,1,15.625,L1,syn_current,1.0,1.38430498614478e-16,1.0,1.3274885683554194e-16,0.0,0.0,128
23,intact,0.5,1,15.625,L1,pre_reset,1.0,1.4050189297646195e-16,1.0,1.3129003390305665e-16,0.0,0.0,128
23,intact,0.5,1,15.625,L2,spike50,1.0,1.48102567979823e-16,1.0,1.2731119800817288e-16,0.0,0.0,127
23,intact,0.5,1,15.625,L2,syn_current,1.0,1.4784892582902023e-16,1.0,1.2832264423908535e-16,0.0,0.0,128
23,intact,0.5,1,15.625,L2,pre_reset,1.0,1.3738309013483032e-16,1.0,1.3526394372366472e-16,0.0,0.0,128
23,intact,0.5,2,31.25,L1,spike50,1.0,1.3383253895372864e-16,1.0,1.3877787807814454e-16,0.0,0.0,128
23,intact,0.5,2,31.25,L1,syn_current,1.0,1.3738309013483032e-16,1.0,1.4220500840710912e-16,0.0,0.0,128
23,intact,0.5,2,31.25,L1,pre_reset,1.0,1.45220290906747e-16,1.0,1.4388796649533547e-16,0.0,0.0,128
23,intact,0.5,2,31.25,L2,spike50,1.0,1.3180591028681364e-16,1.0,1.2105893333660694e-16,0.0,0.0,127
23,intact,0.5,2,31.25,L2,syn_current,1.0,1.32021460364232e-16,1.0,1.2681291352079812e-16,0.0,0.0,128
23,intact,0.5,2,31.25,L2,pre_reset,1.0,1.4654050252376534e-16,1.0,1.4152622167509192e-16,0.0,0.0,128
23,intact,0.5,4,62.5,L1,spike50,1.0,1.1816510524180758e-16,1.0,1.3455014484288012e-16,0.0,0.0,128
23,intact,0.5,4,62.5,L1,syn_current,1.0,1.45220290906747e-16,1.0,1.249000902703301e-16,0.0,0.0,128
23,intact,0.5,4,62.5,L1,pre_reset,1.0,1.4152622167509192e-16,1.0,1.4784892582902023e-16,0.0,0.0,128
23,intact,0.5,4,62.5,L2,spike50,1.0,1.484988143495895e-16,1.0,1.1857187100668868e-16,0.0,0.0,128
23,intact,0.5,4,62.5,L2,syn_current,1.0,1.391243901732968e-16,1.0,1.349075163749573e-16,0.0,0.0,128
23,intact,0.5,4,62.5,L2,pre_reset,1.0,1.3773311131392582e-16,1.0,1.3055450971845835e-16,0.0,0.0,128
23,intact,0.5,8,125.0,L1,spike50,1.0,1.4288057044435644e-16,1.0,1.35619434333351e-16,0.0,0.0,128
23,intact,0.5,8,125.0,L1,syn_current,1.0,1.401587864985631e-16,1.0,1.3773311131392582e-16,0.0,0.0,128
23,intact,0.5,8,125.0,L1,pre_reset,1.0,1.41866021015769e-16,1.0,1.411856045225854e-16,0.0,0.0,128
23,intact,0.5,8,125.0,L2,spike50,1.0,1.4686870114880514e-16,1.0,1.3808224523606804e-16,0.0,0.0,128
23,intact,0.5,8,125.0,L2,syn_current,1.0,1.3738309013483032e-16,1.0,1.2794688166302258e-16,0.0,0.0,128
23,intact,0.5,8,125.0,L2,pre_reset,1.0,1.5011122659325203e-16,1.0,1.4050189297646195e-16,0.0,0.0,128
23,intact,0.5,16,250.0,L1,spike50,1.0,1.2981481815797575e-16,1.0,1.401587864985631e-16,0.0,0.0,128
23,intact,0.5,16,250.0,L1,syn_current,1.0,1.233484761181068e-16,1.0,1.2719202621569003e-16,0.0,0.0,128
23,intact,0.5,16,250.0,L1,pre_reset,1.0,1.3526394372366472e-16,1.0,1.3808224523606804e-16,0.0,0.0,128
23,intact,0.5,16,250.0,L2,spike50,1.0,1.4254318964189535e-16,1.0,1.2605126751125787e-16,0.0,0.0,128
23,intact,0.5,16,250.0,L2,syn_current,1.0,1.32021460364232e-16,1.0,1.3773311131392582e-16,0.0,0.0,128
23,intact,0.5,16,250.0,L2,pre_reset,1.0,1.3773311131392582e-16,1.0,1.3808224523606804e-16,0.0,0.0,128
23,intact,0.5,32,500.0,L1,spike50,1.0,1.4096968699212206e-16,1.0,1.3457935360146644e-16,0.0,0.0,98
23,intact,0.5,32,500.0,L1,syn_current,1.0,1.4793529977350847e-16,1.0,1.427429603089487e-16,0.0,0.0,98
23,intact,0.5,32,500.0,L1,pre_reset,1.0,1.2737730238996231e-16,1.0,1.3872122248154866e-16,0.0,0.0,98
23,intact,0.5,32,500.0,L2,spike50,1.0,1.4835979218054372e-16,1.0,1.2836092550966014e-16,0.0,0.0,98
23,intact,0.5,32,500.0,L2,syn_current,1.0,1.1708747511419704e-16,1.0,1.3457935360146644e-16,0.0,0.0,98
23,intact,0.5,32,500.0,L2,pre_reset,1.0,1.4492904402376927e-16,1.0,1.3597399555105182e-16,0.0,0.0,98
23,intact,0.75,0,0.0,L1,spike50,1.0,1.3668035872266426e-16,1.0,1.341918215839574e-16,0.0,0.0,128
23,intact,0.75,0,0.0,L1,syn_current,1.0,1.4152622167509192e-16,1.0,1.286973096911129e-16,0.0,0.0,128
23,intact,0.75,0,0.0,L1,pre_reset,1.0,1.3129003390305665e-16,1.0,1.3055450971845835e-16,0.0,0.0,128
23,intact,0.75,0,0.0,L2,spike50,1.0,1.349075163749573e-16,1.0,1.2794688166302258e-16,0.0,0.0,128
23,intact,0.75,0,0.0,L2,syn_current,1.0,1.3526394372366472e-16,1.0,1.3055450971845835e-16,0.0,0.0,128
23,intact,0.75,0,0.0,L2,pre_reset,1.0,1.4686870114880514e-16,1.0,1.341918215839574e-16,0.0,0.0,128
23,intact,0.75,1,15.625,L1,spike50,1.0,1.3238565818820347e-16,1.0,1.3773311131392582e-16,0.0,0.0,128
23,intact,0.75,1,15.625,L1,syn_current,1.0,1.401587864985631e-16,1.0,1.3129003390305665e-16,0.0,0.0,128
23,intact,0.75,1,15.625,L1,pre_reset,1.0,1.32021460364232e-16,1.0,1.4621156719869436e-16,0.0,0.0,128
23,intact,0.75,1,15.625,L2,spike50,1.0,1.3018518929051675e-16,1.0,1.2566871346510768e-16,0.0,0.0,128
23,intact,0.75,1,15.625,L2,syn_current,1.0,1.4488835837920476e-16,1.0,1.4355295331320574e-16,0.0,0.0,128
23,intact,0.75,1,15.625,L2,pre_reset,1.0,1.3808224523606804e-16,1.0,1.45220290906747e-16,0.0,0.0,128
23,intact,0.75,2,31.25,L1,spike50,1.0,1.2907088757326182e-16,1.0,1.370321748998225e-16,0.0,0.0,128
23,intact,0.75,2,31.25,L1,syn_current,1.0,1.4288057044435644e-16,1.0,1.3877787807814454e-16,0.0,0.0,128
23,intact,0.75,2,31.25,L1,pre_reset,1.0,1.5075136265974306e-16,1.0,1.4817422638912102e-16,0.0,0.0,128
23,intact,0.75,2,31.25,L2,spike50,1.0,1.4084416362486778e-16,1.0,1.2832264423908535e-16,0.0,0.0,128
23,intact,0.75,2,31.25,L2,syn_current,1.0,1.2794688166302258e-16,1.0,1.349075163749573e-16,0.0,0.0,128
23,intact,0.75,2,31.25,L2,pre_reset,1.0,1.3383253895372864e-16,1.0,1.3947004136484323e-16,0.0,0.0,128
23,intact,0.75,4,62.5,L1,spike50,1.0,1.411856045225854e-16,1.0,1.3738309013483032e-16,0.0,0.0,128
23,intact,0.75,4,62.5,L1,syn_current,1.0,1.3947004136484323e-16,1.0,1.2794688166302258e-16,0.0,0.0,128
23,intact,0.75,4,62.5,L1,pre_reset,1.0,1.249000902703301e-16,1.0,1.3455014484288012e-16,0.0,0.0,128
23,intact,0.75,4,62.5,L2,spike50,1.0,1.3632763462826172e-16,1.0,1.233484761181068e-16,0.0,0.0,128
23,intact,0.75,4,62.5,L2,syn_current,1.0,1.370321748998225e-16,1.0,1.3947004136484323e-16,0.0,0.0,128
23,intact,0.75,4,62.5,L2,pre_reset,1.0,1.3238565818820347e-16,1.0,1.3632763462826172e-16,0.0,0.0,128
23,intact,0.75,8,125.0,L1,spike50,1.0,1.3055450971845835e-16,1.0,1.4152622167509192e-16,0.0,0.0,128
23,intact,0.75,8,125.0,L1,syn_current,1.0,1.401587864985631e-16,1.0,1.341918215839574e-16,0.0,0.0,128
23,intact,0.75,8,125.0,L1,pre_reset,1.0,1.2981481815797575e-16,1.0,1.4686870114880514e-16,0.0,0.0,128
23,intact,0.75,8,125.0,L2,spike50,1.0,1.3526394372366472e-16,1.0,1.3947004136484323e-16,0.0,0.0,128
23,intact,0.75,8,125.0,L2,syn_current,1.0,1.3165625507162631e-16,1.0,1.497901326927488e-16,0.0,0.0,128
23,intact,0.75,8,125.0,L2,pre_reset,1.0,1.3668035872266426e-16,1.0,1.2681291352079812e-16,0.0,0.0,128
23,intact,0.75,16,250.0,L1,spike50,1.0,1.4147231718954291e-16,1.0,1.3210448479144024e-16,0.0,0.0,101
23,intact,0.75,16,250.0,L1,syn_current,1.0,1.3619819025490724e-16,1.0,1.3709130271133067e-16,0.0,0.0,101
23,intact,0.75,16,250.0,L1,pre_reset,1.0,1.283560746536786e-16,1.0,1.486239605823699e-16,0.0,0.0,101
23,intact,0.75,16,250.0,L2,spike50,1.0,1.5187295565933059e-16,1.0,1.283560746536786e-16,0.0,0.0,101
23,intact,0.75,16,250.0,L2,syn_current,1.0,1.4780055280279588e-16,1.0,1.4738712387323106e-16,0.0,0.0,101
23,intact,0.75,16,250.0,L2,pre_reset,1.0,1.2547130010232358e-16,1.0,1.205099825635968e-16,0.0,0.0,101
23,intact,0.75,32,500.0,L1,spike50,1.0,1.1102230246251563e-16,1.0,0.0,0.0,0.0,2
23,intact,0.75,32,500.0,L1,syn_current,1.0,0.0,1.0,1.5700924586837752e-16,0.0,0.0,2
23,intact,0.75,32,500.0,L1,pre_reset,1.0,1.7554167342883506e-16,1.0,0.0,0.0,0.0,2
23,intact,0.75,32,500.0,L2,spike50,1.0,0.0,1.0,0.0,0.0,0.0,2
23,intact,0.75,32,500.0,L2,syn_current,1.0,1.5700924586837752e-16,1.0,0.0,0.0,0.0,2
23,intact,0.75,32,500.0,L2,pre_reset,1.0,1.5700924586837752e-16,1.0,1.7554167342883506e-16,0.0,0.0,2
23,intact,0.25,0,0.0,L1,spike50,1.0,1.3463431760359523e-16,1.0,1.7241605244756251e-16,0.0,0.0,17
23,intact,0.25,0,0.0,L1,syn_current,1.0,1.5917499294642454e-16,1.0,1.634204043630099e-16,0.0,0.0,18
23,intact,0.25,0,0.0,L1,pre_reset,1.0,1.199177923332954e-16,1.0,1.2549831513118703e-16,0.0,0.0,18
23,intact,0.25,0,0.0,L2,spike50,1.0,1.2495147891281314e-16,1.0,1.0335613878656587e-16,0.0,0.0,15
23,intact,0.25,0,0.0,L2,syn_current,1.0,1.308410382236479e-16,1.0,1.480297366166875e-16,0.0,0.0,18
23,intact,0.25,0,0.0,L2,pre_reset,1.0,1.4092011087418584e-16,1.0,1.199177923332954e-16,0.0,0.0,18
23,intact,0.25,1,15.625,L1,spike50,1.0,1.7657125218938523e-16,1.0,7.616067116634043e-17,0.0,0.0,17
23,intact,0.25,1,15.625,L1,syn_current,1.0,1.4092011087418584e-16,1.0,1.4092011087418584e-16,0.0,0.0,18
23,intact,0.25,1,15.625,L1,pre_reset,1.0,1.1702778228589004e-16,1.0,1.199177923332954e-16,0.0,0.0,18
23,intact,0.25,1,15.625,L2,spike50,1.0,1.3136335981433191e-16,1.0,1.1819226651219083e-16,0.0,0.0,15
23,intact,0.25,1,15.625,L2,syn_current,1.0,1.013490324081353e-16,1.0,1.227397735431716e-16,0.0,0.0,18
23,intact,0.25,1,15.625,L2,pre_reset,1.0,1.2819751242557092e-16,1.0,1.4332917616497527e-16,0.0,0.0,18
23,intact,0.25,2,31.25,L1,spike50,1.0,1.1702778228589004e-16,1.0,1.2549831513118703e-16,0.0,0.0,18
23,intact,0.25,2,31.25,L1,syn_current,1.0,1.3597399555105182e-16,1.0,1.5258555995074122e-16,0.0,0.0,18
23,intact,0.25,2,31.25,L1,pre_reset,1.0,1.634204043630099e-16,1.0,8.275113844157577e-17,0.0,0.0,18
23,intact,0.25,2,31.25,L2,spike50,1.0,1.442222014787673e-16,1.0,1.2098374922832816e-16,0.0,0.0,16
23,intact,0.25,2,31.25,L2,syn_current,1.0,1.5032490816276442e-16,1.0,1.2819751242557092e-16,0.0,0.0,18
23,intact,0.25,2,31.25,L2,pre_reset,1.0,1.308410382236479e-16,1.0,1.2819751242557092e-16,0.0,0.0,18
23,intact,0.25,4,62.5,L1,spike50,1.0,1.199177923332954e-16,1.0,1.1702778228589004e-16,0.0,0.0,18
23,intact,0.25,4,62.5,L1,syn_current,1.0,1.0467283057891834e-16,1.0,1.3343220141622404e-16,0.0,0.0,18
23,intact,0.25,4,62.5,L1,pre_reset,1.0,1.4092011087418584e-16,1.0,1.1702778228589004e-16,0.0,0.0,18
23,intact,0.25,4,62.5,L2,spike50,1.0,1.424835689255994e-16,1.0,1.3463431760359523e-16,0.0,0.0,17
23,intact,0.25,4,62.5,L2,syn_current,1.0,1.6755828462014355e-16,1.0,1.2549831513118703e-16,0.0,0.0,18
23,intact,0.25,4,62.5,L2,pre_reset,1.0,1.227397735431716e-16,1.0,1.1702778228589004e-16,0.0,0.0,18
23,intact,0.25,8,125.0,L1,spike50,1.0,1.3846913936850747e-16,1.0,1.3597399555105182e-16,0.0,0.0,18
23,intact,0.25,8,125.0,L1,syn_current,1.0,1.3343220141622404e-16,1.0,1.5258555995074122e-16,0.0,0.0,18
23,intact,0.25,8,125.0,L1,pre_reset,1.0,9.791246743253676e-17,1.0,1.227397735431716e-16,0.0,0.0,18
23,intact,0.25,8,125.0,L2,spike50,1.0,9.064933036736788e-17,1.0,1.4092011087418584e-16,0.0,0.0,18
23,intact,0.25,8,125.0,L2,syn_current,1.0,8.679012619367784e-17,1.0,1.4332917616497527e-16,0.0,0.0,18
23,intact,0.25,8,125.0,L2,pre_reset,1.0,1.3846913936850747e-16,1.0,1.3343220141622404e-16,0.0,0.0,18
23,intact,0.25,16,250.0,L1,spike50,1.0,1.1406457265696475e-16,1.0,9.791246743253676e-17,0.0,0.0,18
23,intact,0.25,16,250.0,L1,syn_current,1.0,1.5032490816276442e-16,1.0,1.1702778228589004e-16,0.0,0.0,18
23,intact,0.25,16,250.0,L1,pre_reset,1.0,1.6131166563777087e-16,1.0,1.0467283057891834e-16,0.0,0.0,18
23,intact,0.25,16,250.0,L2,spike50,1.0,1.3597399555105182e-16,1.0,1.1406457265696475e-16,0.0,0.0,18
23,intact,0.25,16,250.0,L2,syn_current,1.0,1.308410382236479e-16,1.0,1.2819751242557092e-16,0.0,0.0,18
23,intact,0.25,16,250.0,L2,pre_reset,1.0,9.791246743253676e-17,1.0,1.4569841396346152e-16,0.0,0.0,18
23,intact,0.25,32,500.0,L1,spike50,1.0,1.3846913936850747e-16,1.0,1.5700924586837752e-16,0.0,0.0,18
23,intact,0.25,32,500.0,L1,syn_current,1.0,1.227397735431716e-16,1.0,1.5032490816276442e-16,0.0,0.0,18
23,intact,0.25,32,500.0,L1,pre_reset,1.0,1.655022768831515e-16,1.0,1.3343220141622404e-16,0.0,0.0,18
23,intact,0.25,32,500.0,L2,spike50,1.0,1.3343220141622404e-16,1.0,1.4092011087418584e-16,0.0,0.0,18
23,intact,0.25,32,500.0,L2,syn_current,1.0,1.548132042069375e-16,1.0,1.480297366166875e-16,0.0,0.0,18
23,intact,0.25,32,500.0,L2,pre_reset,1.0,1.4569841396346152e-16,1.0,1.0789428415231562e-16,0.0,0.0,18
23,intact,0.5,0,0.0,L1,spike50,1.0,1.4092011087418584e-16,1.0,1.6131166563777087e-16,0.0,0.0,18
23,intact,0.5,0,0.0,L1,syn_current,1.0,1.227397735431716e-16,1.0,1.7554167342883506e-16,0.0,0.0,18
23,intact,0.5,0,0.0,L1,pre_reset,1.0,1.6131166563777087e-16,1.0,1.5917499294642454e-16,0.0,0.0,18
23,intact,0.5,0,0.0,L2,spike50,1.0,1.5700924586837752e-16,1.0,1.308410382236479e-16,0.0,0.0,18
23,intact,0.5,0,0.0,L2,syn_current,1.0,1.3343220141622404e-16,1.0,1.2549831513118703e-16,0.0,0.0,18
23,intact,0.5,0,0.0,L2,pre_reset,1.0,1.1102230246251563e-16,1.0,1.4569841396346152e-16,0.0,0.0,18
23,intact,0.5,1,15.625,L1,spike50,1.0,1.2549831513118703e-16,1.0,1.3597399555105182e-16,0.0,0.0,18
23,intact,0.5,1,15.625,L1,syn_current,1.0,1.655022768831515e-16,1.0,1.3597399555105182e-16,0.0,0.0,18
23,intact,0.5,1,15.625,L1,pre_reset,1.0,1.3343220141622404e-16,1.0,1.3597399555105182e-16,0.0,0.0,18
23,intact,0.5,1,15.625,L2,spike50,1.0,1.199177923332954e-16,1.0,1.3597399555105182e-16,0.0,0.0,18
23,intact,0.5,1,15.625,L2,syn_current,1.0,1.4332917616497527e-16,1.0,1.3343220141622404e-16,0.0,0.0,18
23,intact,0.5,1,15.625,L2,pre_reset,1.0,1.4332917616497527e-16,1.0,1.1406457265696475e-16,0.0,0.0,18
23,intact,0.5,2,31.25,L1,spike50,1.0,1.0467283057891834e-16,1.0,1.548132042069375e-16,0.0,0.0,18
23,intact,0.5,2,31.25,L1,syn_current,1.0,1.227397735431716e-16,1.0,1.227397735431716e-16,0.0,0.0,18
23,intact,0.5,2,31.25,L1,pre_reset,1.0,1.1406457265696475e-16,1.0,1.3343220141622404e-16,0.0,0.0,18
23,intact,0.5,2,31.25,L2,spike50,1.0,1.3597399555105182e-16,1.0,1.1406457265696475e-16,0.0,0.0,18
23,intact,0.5,2,31.25,L2,syn_current,1.0,1.480297366166875e-16,1.0,1.0789428415231562e-16,0.0,0.0,18
23,intact,0.5,2,31.25,L2,pre_reset,1.0,1.480297366166875e-16,1.0,1.1102230246251563e-16,0.0,0.0,18
23,intact,0.5,4,62.5,L1,spike50,1.0,9.791246743253676e-17,1.0,1.1702778228589004e-16,0.0,0.0,18
23,intact,0.5,4,62.5,L1,syn_current,1.0,1.5258555995074122e-16,1.0,1.308410382236479e-16,0.0,0.0,18
23,intact,0.5,4,62.5,L1,pre_reset,1.0,1.6755828462014355e-16,1.0,1.3343220141622404e-16,0.0,0.0,18
23,intact,0.5,4,62.5,L2,spike50,1.0,1.3846913936850747e-16,1.0,8.679012619367784e-17,0.0,0.0,18
23,intact,0.5,4,62.5,L2,syn_current,1.0,1.5258555995074122e-16,1.0,1.2819751242557092e-16,0.0,0.0,18
23,intact,0.5,4,62.5,L2,pre_reset,1.0,8.275113844157577e-17,1.0,1.3846913936850747e-16,0.0,0.0,18
23,intact,0.5,8,125.0,L1,spike50,1.0,1.227397735431716e-16,1.0,1.013490324081353e-16,0.0,0.0,18
23,intact,0.5,8,125.0,L1,syn_current,1.0,1.3343220141622404e-16,1.0,1.2549831513118703e-16,0.0,0.0,18
23,intact,0.5,8,125.0,L1,pre_reset,1.0,1.4332917616497527e-16,1.0,1.2819751242557092e-16,0.0,0.0,18
23,intact,0.5,8,125.0,L2,spike50,1.0,1.4332917616497527e-16,1.0,1.3597399555105182e-16,0.0,0.0,18
23,intact,0.5,8,125.0,L2,syn_current,1.0,1.5700924586837752e-16,1.0,1.1406457265696475e-16,0.0,0.0,18
23,intact,0.5,8,125.0,L2,pre_reset,1.0,1.3343220141622404e-16,1.0,1.4569841396346152e-16,0.0,0.0,18
23,intact,0.5,16,250.0,L1,spike50,1.0,1.4332917616497527e-16,1.0,1.2819751242557092e-16,0.0,0.0,18
23,intact,0.5,16,250.0,L1,syn_current,1.0,1.7358025238735567e-16,1.0,1.3597399555105182e-16,0.0,0.0,18
23,intact,0.5,16,250.0,L1,pre_reset,1.0,1.548132042069375e-16,1.0,1.4092011087418584e-16,0.0,0.0,18
23,intact,0.5,16,250.0,L2,spike50,1.0,1.5258555995074122e-16,1.0,1.227397735431716e-16,0.0,0.0,18
23,intact,0.5,16,250.0,L2,syn_current,1.0,1.308410382236479e-16,1.0,1.3846913936850747e-16,0.0,0.0,18
23,intact,0.5,16,250.0,L2,pre_reset,1.0,1.2549831513118703e-16,1.0,1.5258555995074122e-16,0.0,0.0,18
23,intact,0.5,32,500.0,L1,spike50,1.0,1.1491900087240784e-16,1.0,1.3597399555105182e-16,0.0,0.0,14
23,intact,0.5,32,500.0,L1,syn_current,1.0,1.5418001871423694e-16,1.0,1.7301576226679928e-16,0.0,0.0,14
23,intact,0.5,32,500.0,L1,pre_reset,1.0,1.4835979218054372e-16,1.0,1.2234061875101336e-16,0.0,0.0,14
23,intact,0.5,32,500.0,L2,spike50,1.0,1.293370682799372e-16,1.0,1.18687833744435e-16,0.0,0.0,14
23,intact,0.5,32,500.0,L2,syn_current,1.0,1.2588745812754728e-16,1.0,1.18687833744435e-16,0.0,0.0,14
23,intact,0.5,32,500.0,L2,pre_reset,1.0,1.4230171362631512e-16,1.0,1.0698376758482635e-16,0.0,0.0,14
23,intact,0.75,0,0.0,L1,spike50,1.0,1.5917499294642454e-16,1.0,1.308410382236479e-16,0.0,0.0,18
23,intact,0.75,0,0.0,L1,syn_current,1.0,1.548132042069375e-16,1.0,1.3846913936850747e-16,0.0,0.0,18
23,intact,0.75,0,0.0,L1,pre_reset,1.0,1.3343220141622404e-16,1.0,1.3343220141622404e-16,0.0,0.0,18
23,intact,0.75,0,0.0,L2,spike50,1.0,1.308410382236479e-16,1.0,1.227397735431716e-16,0.0,0.0,18
23,intact,0.75,0,0.0,L2,syn_current,1.0,1.3846913936850747e-16,1.0,1.7554167342883506e-16,0.0,0.0,18
23,intact,0.75,0,0.0,L2,pre_reset,1.0,1.1702778228589004e-16,1.0,1.199177923332954e-16,0.0,0.0,18
23,intact,0.75,1,15.625,L1,spike50,1.0,1.655022768831515e-16,1.0,1.1406457265696475e-16,0.0,0.0,18
23,intact,0.75,1,15.625,L1,syn_current,1.0,1.6131166563777087e-16,1.0,9.064933036736788e-17,0.0,0.0,18
23,intact,0.75,1,15.625,L1,pre_reset,1.0,1.1406457265696475e-16,1.0,1.3597399555105182e-16,0.0,0.0,18
23,intact,0.75,1,15.625,L2,spike50,1.0,1.2549831513118703e-16,1.0,1.199177923332954e-16,0.0,0.0,18
23,intact,0.75,1,15.625,L2,syn_current,1.0,1.5917499294642454e-16,1.0,1.227397735431716e-16,0.0,0.0,18
23,intact,0.75,1,15.625,L2,pre_reset,1.0,1.4332917616497527e-16,1.0,1.227397735431716e-16,0.0,0.0,18
23,intact,0.75,2,31.25,L1,spike50,1.0,1.308410382236479e-16,1.0,1.8317745351310708e-16,0.0,0.0,18
23,intact,0.75,2,31.25,L1,syn_current,1.0,1.480297366166875e-16,1.0,9.435081445006127e-17,0.0,0.0,18
23,intact,0.75,2,31.25,L1,pre_reset,1.0,1.4092011087418584e-16,1.0,8.275113844157577e-17,0.0,0.0,18
23,intact,0.75,2,31.25,L2,spike50,1.0,1.1406457265696475e-16,1.0,1.4569841396346152e-16,0.0,0.0,18
23,intact,0.75,2,31.25,L2,syn_current,1.0,1.6755828462014355e-16,1.0,1.199177923332954e-16,0.0,0.0,18
23,intact,0.75,2,31.25,L2,pre_reset,1.0,1.3846913936850747e-16,1.0,1.2549831513118703e-16,0.0,0.0,18
23,intact,0.75,4,62.5,L1,spike50,1.0,1.4569841396346152e-16,1.0,1.013490324081353e-16,0.0,0.0,18
23,intact,0.75,4,62.5,L1,syn_current,1.0,1.634204043630099e-16,1.0,1.199177923332954e-16,0.0,0.0,18
23,intact,0.75,4,62.5,L1,pre_reset,1.0,1.4569841396346152e-16,1.0,1.227397735431716e-16,0.0,0.0,18
23,intact,0.75,4,62.5,L2,spike50,1.0,1.3846913936850747e-16,1.0,1.3846913936850747e-16,0.0,0.0,18
23,intact,0.75,4,62.5,L2,syn_current,1.0,1.634204043630099e-16,1.0,1.227397735431716e-16,0.0,0.0,18
23,intact,0.75,4,62.5,L2,pre_reset,1.0,1.227397735431716e-16,1.0,1.4092011087418584e-16,0.0,0.0,18
23,intact,0.75,8,125.0,L1,spike50,1.0,1.3846913936850747e-16,1.0,1.013490324081353e-16,0.0,0.0,18
23,intact,0.75,8,125.0,L1,syn_current,1.0,1.3597399555105182e-16,1.0,1.1102230246251563e-16,0.0,0.0,18
23,intact,0.75,8,125.0,L1,pre_reset,1.0,1.3597399555105182e-16,1.0,1.199177923332954e-16,0.0,0.0,18
23,intact,0.75,8,125.0,L2,spike50,1.0,1.3846913936850747e-16,1.0,1.227397735431716e-16,0.0,0.0,18
23,intact,0.75,8,125.0,L2,syn_current,1.0,1.5032490816276442e-16,1.0,9.435081445006127e-17,0.0,0.0,18
23,intact,0.75,8,125.0,L2,pre_reset,1.0,1.5258555995074122e-16,1.0,1.4332917616497527e-16,0.0,0.0,18
23,intact,0.75,16,250.0,L1,spike50,1.0,1.2234061875101336e-16,1.0,1.3597399555105182e-16,0.0,0.0,14
23,intact,0.75,16,250.0,L1,syn_current,1.0,1.3597399555105182e-16,1.0,1.1102230246251563e-16,0.0,0.0,14
23,intact,0.75,16,250.0,L1,pre_reset,1.0,9.841075292759332e-17,1.0,1.0698376758482635e-16,0.0,0.0,14
23,intact,0.75,16,250.0,L2,spike50,1.0,1.7045242408169922e-16,1.0,1.18687833744435e-16,0.0,0.0,14
23,intact,0.75,16,250.0,L2,syn_current,1.0,1.3917382147355022e-16,1.0,1.2234061875101336e-16,0.0,0.0,14
23,intact,0.75,16,250.0,L2,pre_reset,1.0,1.1491900087240784e-16,1.0,1.5700924586837752e-16,0.0,0.0,14
23,reset_l1,0.25,0,0.0,L1,spike50,0.9157625232101146,0.0895723868753282,0.9210605502397344,0.0884318184930473,0.3576421974313745,0.2078566304665155,111
23,reset_l1,0.25,0,0.0,L1,syn_current,0.5648878603133459,0.1878114718295773,0.5916795878216781,0.1748855080561118,0.8677331296713291,0.1515138964340686,90
23,reset_l1,0.25,0,0.0,L1,pre_reset,0.4561891195304925,0.1578906085425936,0.4877337141192904,0.1494783584293711,0.929364103417036,0.0879301369683577,90
23,reset_l1,0.25,0,0.0,L2,spike50,0.9563581869557636,0.0766336189274641,0.9642506068032716,0.074041829854699,0.1977339394116888,0.2185541822031987,104
23,reset_l1,0.25,0,0.0,L2,syn_current,0.9089514285342252,0.1593234277427263,0.9161240507185664,0.1414065121064162,0.322352908444832,0.2370883540161834,113
23,reset_l1,0.25,0,0.0,L2,pre_reset,0.9502087146042496,0.1176903042796393,0.954643042643644,0.0977248460594489,0.2309216255915816,0.2077098878993273,113
23,reset_l1,0.25,1,15.625,L1,spike50,0.84948342669261,0.1265089719103196,0.8591308056607558,0.1246083502787521,0.5574098046406519,0.2267287250554389,111
23,reset_l1,0.25,1,15.625,L1,syn_current,0.6428068611045064,0.1790353663749511,0.6634928786418738,0.1665212023833405,0.7665274589771021,0.164431497917739,120
23,reset_l1,0.25,1,15.625,L1,pre_reset,0.5480275400778599,0.1698880962363512,0.5734264280291458,0.1612791264134419,0.843436761884531,0.1263629108502612,120
23,reset_l1,0.25,1,15.625,L2,spike50,0.9193219239604312,0.1056425640883852,0.9363605596209188,0.1018689782242814,0.299479252591016,0.2520971868461182,105
23,reset_l1,0.25,1,15.625,L2,syn_current,0.8611843081219663,0.2099625139362959,0.8690021413517512,0.191362928844821,0.4478327135380181,0.2600444209645369,114
23,reset_l1,0.25,1,15.625,L2,pre_reset,0.898134269372621,0.1837107372482621,0.9042653960488476,0.1614770536955518,0.3728291049376124,0.2508959314806622,114
23,reset_l1,0.25,2,31.25,L1,spike50,0.6862709578176931,0.1363446706027347,0.7037444213371075,0.1357538277200358,0.7541964376518091,0.2141672296584052,109
23,reset_l1,0.25,2,31.25,L1,syn_current,0.7340617904296166,0.1417619815876304,0.7489116869489246,0.1339650173917117,0.6855247093953182,0.1682038763821345,124
23,reset_l1,0.25,2,31.25,L1,pre_reset,0.6593251479679317,0.1433581065167657,0.6781932637894278,0.1375800138374737,0.7573427009732412,0.1418229093255709,124
23,reset_l1,0.25,2,31.25,L2,spike50,0.8513210940996045,0.1363856095272279,0.8850156304603081,0.1311917051679622,0.407004259223312,0.25622867171217,107
23,reset_l1,0.25,2,31.25,L2,syn_current,0.8243905185504722,0.2206886422052173,0.8352934220947256,0.1958768811209355,0.5329910572387206,0.2422236039706654,116
23,reset_l1,0.25,2,31.25,L2,pre_reset,0.8578394933211941,0.2033235490850491,0.8643168474539793,0.1827433916888879,0.4758005674346819,0.2463996436533981,116
23,reset_l1,0.25,4,62.5,L1,spike50,0.4876505757904849,0.2012345557879829,0.5103599693141433,0.1985125755362574,0.9086520275356968,0.1732795078712396,66
23,reset_l1,0.25,4,62.5,L1,syn_current,0.8250069820479158,0.1057368721606934,0.835028364053926,0.1009566087651258,0.5682546383391766,0.1618595110371536,128
23,reset_l1,0.25,4,62.5,L1,pre_reset,0.7752021089483345,0.1152044729860522,0.787710062992294,0.1110439371164075,0.6263753327893326,0.1509229047656892,128
23,reset_l1,0.25,4,62.5,L2,spike50,0.6914547580971435,0.160301161488553,0.7664118896375841,0.1498281880322629,0.6267810897717717,0.2360639825220067,109
23,reset_l1,0.25,4,62.5,L2,syn_current,0.7843695038531203,0.2051662970558616,0.7937719048710081,0.1872260222144152,0.6346199680168854,0.1944065200209375,121
23,reset_l1,0.25,4,62.5,L2,pre_reset,0.8088424746681291,0.1976904338801275,0.8133678053830516,0.1837827760580165,0.6021185175961228,0.2018483102521859,121
23,reset_l1,0.25,8,125.0,L1,spike50,0.6675500870081795,0.2024215853837207,0.6857421908848018,0.2014724716872802,0.7636012408101402,0.2144075914053033,102
23,reset_l1,0.25,8,125.0,L1,syn_current,0.915047216078448,0.057766695136793,0.9209033821981788,0.0539712970189468,0.4202307185685857,0.1371753361528069,128
23,reset_l1,0.25,8,125.0,L1,pre_reset,0.8890145948620024,0.0653621743550081,0.8958236935662393,0.0615403515842709,0.4592149217939544,0.132692627685655,128
23,reset_l1,0.25,8,125.0,L2,spike50,0.6069087651946922,0.1682369526133392,0.7005562635309422,0.161825038081403,0.6827172665061283,0.191159362662058,121
23,reset_l1,0.25,8,125.0,L2,syn_current,0.8046121719740544,0.1491366025405458,0.8063261811482455,0.1374843975657886,0.6244081980583549,0.174860730734299,126
23,reset_l1,0.25,8,125.0,L2,pre_reset,0.8081077146414896,0.1517689831706147,0.8063457014924255,0.141352246137181,0.6224402525001381,0.1691626187455109,126
23,reset_l1,0.25,16,250.0,L1,spike50,0.873580713805073,0.1075631533767488,0.8825721072373647,0.1078235542380181,0.4900705266961174,0.1761930227062738,124
23,reset_l1,0.25,16,250.0,L1,syn_current,0.9837637920085144,0.0112836482080551,0.984954073924204,0.0105514689352715,0.2122018800615026,0.0700533977231191,128
23,reset_l1,0.25,16,250.0,L1,pre_reset,0.9730313623053474,0.0156419016127611,0.9745226647573896,0.0147292926359927,0.2504855400364982,0.0690409730616516,128
23,reset_l1,0.25,16,250.0,L2,spike50,0.6610838236237138,0.1883205867681614,0.7737163104025778,0.1653550242349182,0.5969970766485886,0.1913824697089611,126
23,reset_l1,0.25,16,250.0,L2,syn_current,0.8178826621199436,0.1524259440997777,0.8503339193873026,0.1030808601303493,0.5455332923318941,0.1664194450574994,128
23,reset_l1,0.25,16,250.0,L2,pre_reset,0.8108679686378819,0.1538493592691082,0.8340540663448344,0.1114153743287591,0.5663411182746595,0.1710314707949224,128
23,reset_l1,0.25,32,500.0,L1,spike50,0.9663719848743408,0.0268192257913933,0.9693639034340557,0.0264322473249717,0.2450668924061525,0.0914788834998932,128
23,reset_l1,0.25,32,500.0,L1,syn_current,0.9984489331496432,0.0011821772775973,0.9985386470463636,0.0011089378663381,0.0739505215942004,0.0311238114330396,128
23,reset_l1,0.25,32,500.0,L1,pre_reset,0.9937731973677616,0.0033781839470209,0.994077177998323,0.0032008173145197,0.1159907494992665,0.0326090290979464,128
23,reset_l1,0.25,32,500.0,L2,spike50,0.8483593208935836,0.0975859596413851,0.923671742238245,0.0636021559432512,0.3643575015800644,0.1204837200623736,128
23,reset_l1,0.25,32,500.0,L2,syn_current,0.9194640623941576,0.0654061664664835,0.9420903758888848,0.0426731159770642,0.331552673010015,0.1130023687089186,128
23,reset_l1,0.25,32,500.0,L2,pre_reset,0.9148519873514565,0.0683022347982767,0.9341512637368232,0.0479196791183689,0.3535895924954909,0.1208558765657765,128
23,reset_l1,0.5,0,0.0,L1,spike50,0.9634720027968297,0.0211627034716277,0.9671711696830312,0.0204929433798622,0.3292182516693922,0.1187550017485535,126
23,reset_l1,0.5,0,0.0,L1,syn_current,0.5006187400678128,0.1653233165972376,0.5228876463383857,0.1540332208329794,0.9158686754858922,0.099760716371532,83
23,reset_l1,0.5,0,0.0,L1,pre_reset,0.410812878903074,0.1259595008336619,0.4339453092201427,0.1204308354803505,0.9565246423947438,0.0517825444822082,83
23,reset_l1,0.5,0,0.0,L2,spike50,0.9843004899292972,0.0094376323953673,0.9915284374330148,0.0064812698162806,0.1226605283613228,0.0471792911691504,127
23,reset_l1,0.5,0,0.0,L2,syn_current,0.9622486750269365,0.0327748647825195,0.9695680503669776,0.0237196651881025,0.2549564252517695,0.0908876688120871,128
23,reset_l1,0.5,0,0.0,L2,pre_reset,0.9853059061226014,0.0143701363655106,0.987692990376712,0.0106447020084321,0.1606846998011704,0.066403057167096,128
23,reset_l1,0.5,1,15.625,L1,spike50,0.927767437645852,0.0471340953254466,0.9345016196731224,0.0457172741482221,0.5475156464157493,0.0972055356236592,125
23,reset_l1,0.5,1,15.625,L1,syn_current,0.5807454380719137,0.1657015048744276,0.6025387141534673,0.1568672483597893,0.8429312101052524,0.1215268775149135,114
23,reset_l1,0.5,1,15.625,L1,pre_reset,0.5043702348885385,0.1486944262328888,0.5266376402380516,0.1430980152915954,0.894696293525242,0.0853367025397804,114
23,reset_l1,0.5,1,15.625,L2,spike50,0.9591223973218188,0.0203366437446276,0.9771663528480952,0.0129979813898204,0.2075633603738582,0.0644886181353171,127
23,reset_l1,0.5,1,15.625,L2,syn_current,0.93129167598494,0.0638671779402556,0.9439402837873134,0.0483084556652125,0.3627397151652913,0.1113382804578943,128
23,reset_l1,0.5,1,15.625,L2,pre_reset,0.9583908474757712,0.0438943002122472,0.9650836973898154,0.0334873821559966,0.2805965883017837,0.1002940377296084,128
23,reset_l1,0.5,2,31.25,L1,spike50,0.7827870776100636,0.1069736831394091,0.8001865331028352,0.1066451723953221,0.775204386129343,0.0793635404695212,120
23,reset_l1,0.5,2,31.25,L1,syn_current,0.6519651792616841,0.1365318748357752,0.6722384219783031,0.1302099060916892,0.7862856059451578,0.1172668183348108,124
23,reset_l1,0.5,2,31.25,L1,pre_reset,0.5890421504565169,0.1322050925114891,0.6099504696991971,0.1275162742989804,0.8344926972588397,0.098228997397002,124
23,reset_l1,0.5,2,31.25,L2,spike50,0.9080426360607244,0.0415635387312488,0.946133778287376,0.0282734833546998,0.3175674105354066,0.0857935236596739,127
23,reset_l1,0.5,2,31.25,L2,syn_current,0.9036148761127476,0.0672792091623924,0.918805169579554,0.0505369189486836,0.4455779294370037,0.0996385790921212,128
23,reset_l1,0.5,2,31.25,L2,pre_reset,0.9315443947086304,0.0543011086767956,0.9407493744338912,0.0420912228927511,0.3758572142487585,0.1033833519108704,128
23,reset_l1,0.5,4,62.5,L1,spike50,0.3522584566120342,0.1894861611588891,0.3858972656093825,0.1876724976994615,0.96906337652812,0.0545495412997566,58
23,reset_l1,0.5,4,62.5,L1,syn_current,0.7605977690085775,0.1124950969465563,0.77618342137482,0.1061743472241587,0.6803060368918449,0.1221326246768093,128
23,reset_l1,0.5,4,62.5,L1,pre_reset,0.7169754742501346,0.1141376642784021,0.7327731451682584,0.1086743289783719,0.7187871058662086,0.1098876318022048,128
23,reset_l1,0.5,4,62.5,L2,spike50,0.7494436613633451,0.0940167356771004,0.8397861189901262,0.0727059156393072,0.5385638152578918,0.1134433631647931,127
23,reset_l1,0.5,4,62.5,L2,syn_current,0.8442291065117871,0.1046257344679886,0.8667651756542043,0.0758536380540797,0.5538782414850376,0.10520139794804,128
23,reset_l1,0.5,4,62.5,L2,pre_reset,0.8746445306044128,0.0942450017987272,0.8897159075965908,0.0703120616514869,0.5081558446843086,0.112803459758212,128
23,reset_l1,0.5,8,125.0,L1,spike50,0.626848237566312,0.1661873226438144,0.651138220807944,0.1665919043519185,0.8329798315140482,0.1557403548857084,98
23,reset_l1,0.5,8,125.0,L1,syn_current,0.886690626529562,0.0647024284821533,0.8947203988175922,0.0609009979043377,0.5144297851033506,0.1242882444324461,128
23,reset_l1,0.5,8,125.0,L1,pre_reset,0.8608820411050165,0.0693676031839645,0.8685314901417105,0.0657358591655101,0.5415474060605499,0.1140534719411177,128
23,reset_l1,0.5,8,125.0,L2,spike50,0.5829005432829845,0.1381289612130697,0.7183175797359134,0.1172613157626173,0.6869321142096421,0.1214669211469717,127
23,reset_l1,0.5,8,125.0,L2,syn_current,0.7764234922216872,0.127790540242007,0.8015447216558134,0.0966884012656358,0.6449143630999254,0.1173947068974728,128
23,reset_l1,0.5,8,125.0,L2,pre_reset,0.795546082549001,0.1213146540030562,0.812265719312943,0.0947091480680565,0.6301837220395592,0.1099377699921893,128
23,reset_l1,0.5,16,250.0,L1,spike50,0.8660039626768569,0.0676406529506427,0.8764986231521392,0.06797092433694,0.5354864289515799,0.1612125082734009,124
23,reset_l1,0.5,16,250.0,L1,syn_current,0.9763712754433264,0.0163160181134618,0.9780588448458676,0.0151488029172918,0.2778425995570395,0.0855856977955187,128
23,reset_l1,0.5,16,250.0,L1,pre_reset,0.9645251532637794,0.0193212923071186,0.9659589387389782,0.0183328951871715,0.3071747941157193,0.0784658342221393,128
23,reset_l1,0.5,16,250.0,L2,spike50,0.5895377897051757,0.1781724385365058,0.7512045538468738,0.1379279195410972,0.6446898189873447,0.1546138791211946,128
23,reset_l1,0.5,16,250.0,L2,syn_current,0.767453955565292,0.1474420861849258,0.8061279465491664,0.1151731623218927,0.6158961778810578,0.1667788029533258,128
23,reset_l1,0.5,16,250.0,L2,pre_reset,0.7601475993484361,0.1430992120278027,0.7893905891705639,0.1208936311928902,0.6393117560763636,0.165101045462176,128
23,reset_l1,0.5,32,500.0,L1,spike50,0.9542006096884024,0.0276758047174457,0.9580916298416676,0.027107629469308,0.2999020550426512,0.0927334431409289,98
23,reset_l1,0.5,32,500.0,L1,syn_current,0.9971857752800478,0.0018677114058203,0.9973299877632736,0.0017765979180686,0.1078808070496845,0.0332777097044689,98
23,reset_l1,0.5,32,500.0,L1,pre_reset,0.9917317145449204,0.0037389152979321,0.9920391274243052,0.0035817183362023,0.1452800614661816,0.0321215809352627,98
23,reset_l1,0.5,32,500.0,L2,spike50,0.7693082598719325,0.1361755411124155,0.8893415672183044,0.0744012271274785,0.4389522273509183,0.1359314388781994,98
23,reset_l1,0.5,32,500.0,L2,syn_current,0.8642457088982985,0.1104155603946562,0.9033942973841024,0.0710834454430993,0.4308878293123934,0.1405356528393373,98
23,reset_l1,0.5,32,500.0,L2,pre_reset,0.8480021015432307,0.1226260119254496,0.8829111213344556,0.085227491457369,0.4723214489258611,0.1540660556072686,98
23,reset_l1,0.75,0,0.0,L1,spike50,0.9690347018365416,0.0165062895505682,0.9720929269261496,0.0158936290225625,0.3111575806965728,0.0594063060418506,128
23,reset_l1,0.75,0,0.0,L1,syn_current,0.4891246959522685,0.1525888609882405,0.5179150321993974,0.1424970979819113,0.9156696373839311,0.0941614413278494,91
23,reset_l1,0.75,0,0.0,L1,pre_reset,0.4109038660371588,0.124537524099356,0.438885452253567,0.1184776319792755,0.954342745483445,0.0523536607612462,91
23,reset_l1,0.75,0,0.0,L2,spike50,0.9831944502982062,0.0107493446361186,0.9919016313870764,0.0056951242390235,0.1214978803415174,0.0402106256852945,128
23,reset_l1,0.75,0,0.0,L2,syn_current,0.9565128313727363,0.0426508955841586,0.9676057777609424,0.0277579400311381,0.2591392343136763,0.0936479601830072,128
23,reset_l1,0.75,0,0.0,L2,pre_reset,0.9822693108755608,0.0250178070672608,0.9867658149890188,0.0120341329126294,0.1645840708368579,0.0667307933009401,128
23,reset_l1,0.75,1,15.625,L1,spike50,0.9372914315855154,0.0482482521179501,0.9431882294242074,0.0468002228893353,0.5333544063993044,0.0599362945201448,128
23,reset_l1,0.75,1,15.625,L1,syn_current,0.6060001582917047,0.1384930282652069,0.6294817967887468,0.1296285637739395,0.82461032130094,0.1164092603710127,120
23,reset_l1,0.75,1,15.625,L1,pre_reset,0.5275964089479231,0.1271927882184897,0.55205601483425,0.1214635134710838,0.8826191979596679,0.0832629527284358,120
23,reset_l1,0.75,1,15.625,L2,spike50,0.9566717441145712,0.0230485147792414,0.9779162698181668,0.0137069111370987,0.204514862320266,0.0580495528557449,128
23,reset_l1,0.75,1,15.625,L2,syn_current,0.9293898161468872,0.05276066809829,0.945846733991418,0.0350712689855986,0.3552281073519825,0.0928039731899615,128
23,reset_l1,0.75,1,15.625,L2,pre_reset,0.9578900214729176,0.0404844281939107,0.9669829760830352,0.0228280449748769,0.274137434020097,0.0836734734649499,128
23,reset_l1,0.75,2,31.25,L1,spike50,0.8150219734601114,0.0667366467157388,0.8307383055658472,0.0634660096724048,0.7575852315755898,0.0434794332561407,128
23,reset_l1,0.75,2,31.25,L1,syn_current,0.681690558925768,0.1277869061351508,0.701556911097235,0.1183843188793465,0.7610027631563572,0.1188772558532461,126
23,reset_l1,0.75,2,31.25,L1,pre_reset,0.6201331594495627,0.1221192070745427,0.6404564297031611,0.1155243378553249,0.811587620264269,0.096724844326703,126
23,reset_l1,0.75,2,31.25,L2,spike50,0.9001115991205861,0.0475211378079169,0.9467893485692904,0.0280754566716849,0.3184565289471818,0.0773946824342909,128
23,reset_l1,0.75,2,31.25,L2,syn_current,0.8952831823672724,0.073079122211446,0.9159460914879004,0.0572633768179035,0.4412541796980844,0.0998018635245117,128
23,reset_l1,0.75,2,31.25,L2,pre_reset,0.9295987302337668,0.0504546169065526,0.941444450220194,0.0377344535641904,0.3692819421759834,0.0934885842940397,128
23,reset_l1,0.75,4,62.5,L1,spike50,0.4592261050274375,0.1545203714161878,0.489476213908396,0.1540401337443147,0.9509323387105412,0.0671054561022348,66
23,reset_l1,0.75,4,62.5,L1,syn_current,0.784344707777527,0.0980710114902329,0.7985622723510182,0.0921646704905989,0.6640518647727098,0.1209717698587365,128
23,reset_l1,0.75,4,62.5,L1,pre_reset,0.7435036983827884,0.098657136706959,0.7574524319656231,0.093991585288183,0.6981385672871262,0.1077081185436315,128
23,reset_l1,0.75,4,62.5,L2,spike50,0.7271529566412627,0.0944031676878763,0.8370827509496879,0.0639889883979168,0.5419774248960239,0.0943268093664019,128
23,reset_l1,0.75,4,62.5,L2,syn_current,0.8254627243121995,0.1192843815414349,0.8581083471038029,0.0890502050400737,0.5595617977117264,0.1118514374678328,128
23,reset_l1,0.75,4,62.5,L2,pre_reset,0.864013684685419,0.0983305344973583,0.8846631496633073,0.0780662915778147,0.5108207224920382,0.1130309077295916,128
23,reset_l1,0.75,8,125.0,L1,spike50,0.621326915139427,0.143218142940823,0.6429293958015447,0.1465115636445314,0.8376422218421954,0.1358262159786758,103
23,reset_l1,0.75,8,125.0,L1,syn_current,0.8978231657480693,0.0584210476291016,0.9044675691926478,0.0562440230657367,0.5143213121847834,0.1127645261989497,128
23,reset_l1,0.75,8,125.0,L1,pre_reset,0.8737331772464829,0.0644832868990069,0.8796101567080178,0.0632369861678723,0.5368868502850788,0.1061062806637206,128
23,reset_l1,0.75,8,125.0,L2,spike50,0.5466402571489273,0.1436930096809432,0.7110277885653888,0.1010236985708707,0.6950837383132406,0.1085221626662059,128
23,reset_l1,0.75,8,125.0,L2,syn_current,0.7468810918124877,0.1581807067693326,0.7842042314715869,0.1258701636537929,0.6689392334981776,0.1185555586802646,128
23,reset_l1,0.75,8,125.0,L2,pre_reset,0.7713816284910973,0.150955803657495,0.7965937301634163,0.1284336064649729,0.6551009875617578,0.1194963206779047,128
23,reset_l1,0.75,16,250.0,L1,spike50,0.8218816900898845,0.1094779074381033,0.832617980296029,0.1089957305772991,0.6254667285165865,0.1770293374231867,95
23,reset_l1,0.75,16,250.0,L1,syn_current,0.9714083947131108,0.0174278516115403,0.9728821843596868,0.0165894956908245,0.3173860399845752,0.0903886653970387,101
23,reset_l1,0.75,16,250.0,L1,pre_reset,0.9608793950788682,0.0204561356984175,0.9616979936798734,0.0202367820861397,0.3341424369697143,0.0816706780584247,101
23,reset_l1,0.75,16,250.0,L2,spike50,0.4980723655573237,0.1854785494309269,0.6989298444191883,0.1342973497307456,0.7049944144767716,0.1372227454956187,101
23,reset_l1,0.75,16,250.0,L2,syn_current,0.6804964625678748,0.206802791053933,0.7427480028394807,0.1630698872007836,0.7032001608409933,0.1574648690620074,101
23,reset_l1,0.75,16,250.0,L2,pre_reset,0.6805483887869004,0.1964349404136288,0.7259591912895399,0.170668923104725,0.7251032693746423,0.1575085775205502,101
23,reset_l1,0.75,32,500.0,L1,spike50,0.9248598242904018,0.035733925636484,0.9266916186641916,0.0355588299851846,0.4378297389398656,0.1044964056066433,2
23,reset_l1,0.75,32,500.0,L1,syn_current,0.9980286409536452,0.0005716940703544,0.9981246455513022,0.000604654202831,0.1094224129115679,0.0284543566043265,2
23,reset_l1,0.75,32,500.0,L1,pre_reset,0.99506240664984,0.0009561981003824,0.9953379413473168,0.001031861280931,0.1274779636486876,0.0306695074684855,2
23,reset_l1,0.75,32,500.0,L2,spike50,0.7247918039503141,0.0683774862212214,0.7921201691918426,0.0545805040149444,0.6309674871175053,0.0649389105292454,2
23,reset_l1,0.75,32,500.0,L2,syn_current,0.9279001676978964,0.0016172311965966,0.9579497399174712,0.0017783252552281,0.44100282126961,0.0666485691223501,2
23,reset_l1,0.75,32,500.0,L2,pre_reset,0.8542327566709506,0.0084554931887734,0.9170002712933154,0.0076957481879261,0.4893076283491702,0.0823041688553441,2
23,reset_l1,0.25,0,0.0,L1,spike50,0.9267696324866368,0.0502927487528544,0.9314121077843108,0.0493299415629127,0.3539492946303103,0.1562125070014282,17
23,reset_l1,0.25,0,0.0,L1,syn_current,0.5241014833733972,0.1701059805497836,0.5520128261821717,0.1735873616598997,0.8982728441895378,0.1035042227703722,12
23,reset_l1,0.25,0,0.0,L1,pre_reset,0.4133266861643423,0.1315190166026867,0.4517826500895019,0.1410366466223799,0.948669884127416,0.051170784755529,12
23,reset_l1,0.25,0,0.0,L2,spike50,0.9473466602966032,0.0623359405439244,0.9560662241765896,0.056047158349921,0.209481659554046,0.1684642955607952,15
23,reset_l1,0.25,0,0.0,L2,syn_current,0.88676965478562,0.1739792451105262,0.9092724892394062,0.1162695478532265,0.3579555697500073,0.218298631306879,18
23,reset_l1,0.25,0,0.0,L2,pre_reset,0.9492945507756508,0.0735116192561465,0.9580803682823936,0.0538897310777673,0.2455677669658472,0.1629605349303148,18
23,reset_l1,0.25,1,15.625,L1,spike50,0.8973126282159798,0.0640052792982629,0.9043813704481112,0.0619039487726668,0.4965330851389311,0.1919448659081835,17
23,reset_l1,0.25,1,15.625,L1,syn_current,0.5992380709392635,0.1770700888021775,0.6292075772866471,0.1699047148079,0.8172367320134227,0.130049669166595,16
23,reset_l1,0.25,1,15.625,L1,pre_reset,0.5194328952817704,0.161410841554657,0.5579295806364779,0.157779216574672,0.8770644468021871,0.0926719416191301,16
23,reset_l1,0.25,1,15.625,L2,spike50,0.9093267651174884,0.0802844540401495,0.9256483224808942,0.0733065511742632,0.2968520896437552,0.1940262897266063,15
23,reset_l1,0.25,1,15.625,L2,syn_current,0.9059500756272618,0.0763288086221255,0.9117602437259432,0.0677185335805212,0.4353075794382081,0.2052194881071336,18
23,reset_l1,0.25,1,15.625,L2,pre_reset,0.9295824595876634,0.0629755121516832,0.9341306234265973,0.0560380503795189,0.3508484868839769,0.176445407210168,18
23,reset_l1,0.25,2,31.25,L1,spike50,0.6988394581098689,0.1180209537010548,0.710320882848008,0.1172631632653089,0.8095593412650722,0.1106648397013399,15
23,reset_l1,0.25,2,31.25,L1,syn_current,0.6981700595852623,0.1416128990416708,0.7220372385050106,0.1437677769068134,0.724306608771458,0.1183253622101567,18
23,reset_l1,0.25,2,31.25,L1,pre_reset,0.6220693896541865,0.1400380060188614,0.6554553701753048,0.1406765454795086,0.7936363339634032,0.1019549335309964,18
23,reset_l1,0.25,2,31.25,L2,spike50,0.8489468152073555,0.0887484365556377,0.8774155446742332,0.0815868207533961,0.4551847443677872,0.2440516073458088,15
23,reset_l1,0.25,2,31.25,L2,syn_current,0.8267159301020098,0.1452625978363145,0.8437259842578857,0.10643695080205,0.5965850750633472,0.1470726811411256,18
23,reset_l1,0.25,2,31.25,L2,pre_reset,0.8770456323251254,0.1003879106765249,0.8861337410709695,0.0728370337686123,0.5044026925013732,0.1327630613661516,18
23,reset_l1,0.25,4,62.5,L1,spike50,0.3755396310426878,0.0371756457748674,0.3976844537056768,0.0495291417942811,0.9924153514111932,0.0226418665599671,2
23,reset_l1,0.25,4,62.5,L1,syn_current,0.7786507225531586,0.1012165976164886,0.7976873682517192,0.0984825762943628,0.655361275098395,0.1284172609224912,18
23,reset_l1,0.25,4,62.5,L1,pre_reset,0.7364806655485988,0.0946318127212601,0.7603633213397342,0.0936395796885408,0.689835969855872,0.1063441831520877,18
23,reset_l1,0.25,4,62.5,L2,spike50,0.6360169749935854,0.1388536162684706,0.6952802256875088,0.1349116664873957,0.7104108610808028,0.233848874547071,15
23,reset_l1,0.25,4,62.5,L2,syn_current,0.6998193703943533,0.289415804950234,0.7248216398180607,0.2454003988031444,0.7081909918446088,0.1605545983306321,18
23,reset_l1,0.25,4,62.5,L2,pre_reset,0.748492218032014,0.2402260530510816,0.7699362489089261,0.194925997039874,0.6525208035074955,0.1691219561772448,18
23,reset_l1,0.25,8,125.0,L1,spike50,0.4929169454680904,0.202902369224488,0.5080318562628512,0.2004809451224718,0.94149514980491,0.0961127762456352,8
23,reset_l1,0.25,8,125.0,L1,syn_current,0.8942631732117972,0.0596886002197038,0.9052126926468396,0.0545850929005597,0.4889092522678079,0.1387529825286327,18
23,reset_l1,0.25,8,125.0,L1,pre_reset,0.8692563883222905,0.0652736847360234,0.8830038043852869,0.060152502892108,0.5126025620002299,0.1303906923712853,18
23,reset_l1,0.25,8,125.0,L2,spike50,0.3719464217225275,0.1461952378842604,0.4477447777894405,0.15816973756252,0.9030787374043316,0.0805486124772874,16
23,reset_l1,0.25,8,125.0,L2,syn_current,0.7037127256627895,0.1252380127642543,0.7037967282045333,0.106710785872549,0.7822738257949882,0.0702565691783389,18
23,reset_l1,0.25,8,125.0,L2,pre_reset,0.7343821796198382,0.1014738357042991,0.7377586056129879,0.0794909982655926,0.7324824278105208,0.0710721027470214,18
23,reset_l1,0.25,16,250.0,L1,spike50,0.8103912376798401,0.127270248499517,0.8177365900374185,0.1274793893654436,0.591459716315759,0.1965585810776205,18
23,reset_l1,0.25,16,250.0,L1,syn_current,0.981665366629929,0.0098626679820463,0.9832045292394754,0.0094575888386994,0.2410618235601767,0.0595106979200304,18
23,reset_l1,0.25,16,250.0,L1,pre_reset,0.9721755629906188,0.0117309067909346,0.9744787371927892,0.0108645217135566,0.2642626004985397,0.0565634915903198,18
23,reset_l1,0.25,16,250.0,L2,spike50,0.5263675118116132,0.1641981524433319,0.6403503398413315,0.1310103316982844,0.7844828910849757,0.1261383962571745,17
23,reset_l1,0.25,16,250.0,L2,syn_current,0.7619536123407707,0.1521159207236736,0.7959679943519425,0.0868881686120762,0.6512668244815972,0.1067619380316565,18
23,reset_l1,0.25,16,250.0,L2,pre_reset,0.7602100884691411,0.1380552008496074,0.7791868851455246,0.0930221176766188,0.667957182103013,0.1019155152643465,18
23,reset_l1,0.25,32,500.0,L1,spike50,0.9514284827145132,0.0357804162328211,0.954703432410782,0.0345903956706912,0.3085866698372045,0.1301460873828039,18
23,reset_l1,0.25,32,500.0,L1,syn_current,0.998383922313662,0.000834553911492,0.998520624911883,0.0007663987390369,0.0806513334687393,0.020809706490083,18
23,reset_l1,0.25,32,500.0,L1,pre_reset,0.9914712137806388,0.0029384072744811,0.9921085100193606,0.002733946359281,0.1339475981098093,0.0229323241731578,18
23,reset_l1,0.25,32,500.0,L2,spike50,0.8338654263379458,0.0836558389952748,0.911977600192854,0.052954819463805,0.3995073773002985,0.1197878826235565,18
23,reset_l1,0.25,32,500.0,L2,syn_current,0.9165707267692548,0.0531798561370043,0.9452493414870804,0.0333664218811432,0.3455854063631053,0.0931661460585891,18
23,reset_l1,0.25,32,500.0,L2,pre_reset,0.901383166196522,0.0643153627656451,0.9312532017490752,0.039429200114325,0.3767167061223374,0.0940885089928123,18
23,reset_l1,0.5,0,0.0,L1,spike50,0.956075056586422,0.028533402691331,0.9594187344147682,0.0266449067945089,0.3156250929808645,0.1270794350656626,18
23,reset_l1,0.5,0,0.0,L1,syn_current,0.5405012431157753,0.1212162475889375,0.5676880607401965,0.1127744842815735,0.8876763035845312,0.0915746490452608,15
23,reset_l1,0.5,0,0.0,L1,pre_reset,0.4458002723270153,0.0887914812770871,0.4770902644552537,0.0856265667734803,0.942949271779029,0.0458234807771055,15
23,reset_l1,0.5,0,0.0,L2,spike50,0.9870377893184412,0.0067958102072865,0.9932954458074404,0.0030099123279489,0.1085532599238712,0.04129621864326,18
23,reset_l1,0.5,0,0.0,L2,syn_current,0.9639983085193768,0.0336036100814003,0.9709268172172468,0.0240845194594559,0.2357582803784856,0.1194722499251762,18
23,reset_l1,0.5,0,0.0,L2,pre_reset,0.9837818541556308,0.0184397027731142,0.9866721154911096,0.0124448772908996,0.1575747737437183,0.0876609009505825,18
23,reset_l1,0.5,1,15.625,L1,spike50,0.9161189968815028,0.0369392729305469,0.9214061862164192,0.0345574866586289,0.55149963417028,0.0630785368813179,18
23,reset_l1,0.5,1,15.625,L1,syn_current,0.6247964885362931,0.1276306228923799,0.6448458350656184,0.120945938298555,0.8155612578173845,0.1141051493984222,17
23,reset_l1,0.5,1,15.625,L1,pre_reset,0.546689197127507,0.1152032574114539,0.5705840943063942,0.1138675430139,0.8751602180037278,0.0813598118231662,17
23,reset_l1,0.5,1,15.625,L2,spike50,0.9622983152397718,0.0157432042531009,0.977773815644852,0.0114852386452169,0.2093125998726394,0.0478058388965089,18
23,reset_l1,0.5,1,15.625,L2,syn_current,0.9360894253404308,0.0416797625283216,0.9511757941753668,0.025562150722506,0.3669030997966233,0.0815750212548597,18
23,reset_l1,0.5,1,15.625,L2,pre_reset,0.958539924988672,0.0353314028966234,0.9667172041425558,0.0215590775184899,0.2914981882147683,0.0863425244311688,18
23,reset_l1,0.5,2,31.25,L1,spike50,0.7431065469608703,0.1037086409144464,0.7557139035476034,0.1037372096463903,0.7816706777477092,0.0979165055270743,17
23,reset_l1,0.5,2,31.25,L1,syn_current,0.7005724088562454,0.1200337900009046,0.7206226006960614,0.1131741162854399,0.7411260047048391,0.0944025798421294,18
23,reset_l1,0.5,2,31.25,L1,pre_reset,0.6337363751144548,0.1109593831577973,0.6575217457245642,0.1044529180310052,0.8021645940663222,0.0822230437922999,18
23,reset_l1,0.5,2,31.25,L2,spike50,0.9172746222167564,0.032790087567786,0.9483199019576596,0.0236677703838024,0.3168992431918577,0.0645451075651151,18
23,reset_l1,0.5,2,31.25,L2,syn_current,0.9063103625355274,0.0739611543289133,0.9242314978121512,0.0444071624354022,0.4453758195159982,0.0925485431957226,18
23,reset_l1,0.5,2,31.25,L2,pre_reset,0.9282191793032438,0.0642628333061533,0.9403345751581612,0.0388335512614413,0.3865414429480925,0.100086326490479,18
23,reset_l1,0.5,4,62.5,L1,spike50,0.4794046027273769,0.1266244464136636,0.505838680750756,0.1282080289399312,0.9632549190594902,0.0601541558824369,6
23,reset_l1,0.5,4,62.5,L1,syn_current,0.7994268041489271,0.0679532435637286,0.8141249632030791,0.0642109411989137,0.6428577267584922,0.085699686322988,18
23,reset_l1,0.5,4,62.5,L1,pre_reset,0.7537014988470261,0.0731767138183036,0.7718090914591469,0.0674111209353434,0.6825304382049162,0.0837982553131446,18
23,reset_l1,0.5,4,62.5,L2,spike50,0.7524476494867097,0.0860495911922865,0.8304024729273093,0.0792813764230851,0.5520050983115663,0.0939477902775898,18
23,reset_l1,0.5,4,62.5,L2,syn_current,0.8338330093588215,0.0922762492191887,0.8625405924745442,0.055950439849943,0.5717615570199043,0.0965476616452918,18
23,reset_l1,0.5,4,62.5,L2,pre_reset,0.8641914617600074,0.083224539595421,0.8824609426814427,0.0523924000857895,0.5269536083428683,0.1010844097535647,18
23,reset_l1,0.5,8,125.0,L1,spike50,0.6026261573322572,0.2140844601597112,0.6177282962752038,0.2114993557068052,0.8585337254376688,0.1348429284629548,13
23,reset_l1,0.5,8,125.0,L1,syn_current,0.9095117144011026,0.028464236308281,0.917474310592886,0.0269126525762193,0.4814404558011726,0.0818812326869501,18
23,reset_l1,0.5,8,125.0,L1,pre_reset,0.8829840958029548,0.029819024791607,0.8922819429773445,0.0283764718083503,0.5073853574428133,0.0685291782015384,18
23,reset_l1,0.5,8,125.0,L2,spike50,0.5520306579539602,0.1159395476235443,0.6764331884180689,0.1161610503000753,0.7312842395692722,0.1134585417947138,18
23,reset_l1,0.5,8,125.0,L2,syn_current,0.7822935935126947,0.1212963623474514,0.8178907067594898,0.0700857743956482,0.6558619117303832,0.0985657381901022,18
23,reset_l1,0.5,8,125.0,L2,pre_reset,0.7947410568730838,0.1106208242030289,0.82023580834299,0.07105640441801,0.6421780390406056,0.0876123306400424,18
23,reset_l1,0.5,16,250.0,L1,spike50,0.8560395042450967,0.0785647389920408,0.8619850503677292,0.0770294327278509,0.6017837096552203,0.1594408829944451,17
23,reset_l1,0.5,16,250.0,L1,syn_current,0.9800327414631546,0.0088608645494261,0.9817470140620363,0.0081873627682684,0.2782901193560279,0.0548211115323976,18
23,reset_l1,0.5,16,250.0,L1,pre_reset,0.9702345172606356,0.0111548489086365,0.9722558624227238,0.0102133354878049,0.2985485023501892,0.0501384759413917,18
23,reset_l1,0.5,16,250.0,L2,spike50,0.5468857285550484,0.1256623080960907,0.7032923950355472,0.1173750164038877,0.7199807539448604,0.1475486379024924,17
23,reset_l1,0.5,16,250.0,L2,syn_current,0.7503140107718618,0.1076016094072102,0.8203994391834937,0.0664968040683953,0.652563305530388,0.084650013335279,18
23,reset_l1,0.5,16,250.0,L2,pre_reset,0.757900619696068,0.0943751494240513,0.8147326112744883,0.0534916467530999,0.6584631422295335,0.0747940301106845,18
23,reset_l1,0.5,32,500.0,L1,spike50,0.9561133886355464,0.0237196239615711,0.9582569177080852,0.0239703800652197,0.3327012885187698,0.1139816506900828,14
23,reset_l1,0.5,32,500.0,L1,syn_current,0.9976150281369623,0.0012868017886349,0.997778439656106,0.0012076051936396,0.1073955151862343,0.0311878992856906,14
23,reset_l1,0.5,32,500.0,L1,pre_reset,0.9904507959019352,0.0038970822472925,0.991044928571032,0.0036669101765234,0.1489406862045501,0.0276939950871904,14
23,reset_l1,0.5,32,500.0,L2,spike50,0.7769128822202477,0.0808138190295444,0.8854055766208825,0.0338550271389133,0.4733245197746193,0.0708505847117061,14
23,reset_l1,0.5,32,500.0,L2,syn_current,0.8912213010946567,0.078173023785279,0.9289666561390068,0.0494591464068785,0.4122788628817298,0.0947038067978926,14
23,reset_l1,0.5,32,500.0,L2,pre_reset,0.8725613452162396,0.0815773442835982,0.9140297495317554,0.0547010811429522,0.4490938190592032,0.0987032317057867,14
23,reset_l1,0.75,0,0.0,L1,spike50,0.9768389965246276,0.0146213002571741,0.9788789748842974,0.0134156074537419,0.2645998056485751,0.1054364753823018,18
23,reset_l1,0.75,0,0.0,L1,syn_current,0.4683727442210688,0.1331770568920642,0.5021113172806168,0.1178063056764321,0.9307268685253638,0.0704490157392207,12
23,reset_l1,0.75,0,0.0,L1,pre_reset,0.3872314795854762,0.1106727981674104,0.4242802521482764,0.1015720056329698,0.963649215658757,0.0379594305328626,12
23,reset_l1,0.75,0,0.0,L2,spike50,0.9832799451509024,0.0087632939362175,0.9921448948528016,0.004142365124825,0.1175913262654955,0.0479823040779318,18
23,reset_l1,0.75,0,0.0,L2,syn_current,0.9749582875063731,0.0165720337709233,0.9825446381806824,0.0134643993521894,0.198038752607263,0.090464856783154,18
23,reset_l1,0.75,0,0.0,L2,pre_reset,0.9900048204558934,0.0070940870632216,0.9925953377413208,0.0055344321529902,0.1303193519199627,0.0604042260829881,18
23,reset_l1,0.75,1,15.625,L1,spike50,0.9612690767971314,0.0186283565936757,0.9644775892171064,0.0158166573218015,0.501187528731216,0.034965243246408,18
23,reset_l1,0.75,1,15.625,L1,syn_current,0.5879956671323432,0.1167368919964203,0.6124012008550184,0.1101993970687847,0.8537959941277334,0.0888144476692282,16
23,reset_l1,0.75,1,15.625,L1,pre_reset,0.5049611825522481,0.1004139258070593,0.5339287036350147,0.0988143437698242,0.9053486806966452,0.0587655799892397,16
23,reset_l1,0.75,1,15.625,L2,spike50,0.9598377613377648,0.014936303234662,0.979269718164084,0.0076529627384646,0.2069702892513318,0.0415774583114124,18
23,reset_l1,0.75,1,15.625,L2,syn_current,0.9560833918004984,0.0243918247289681,0.970489193615481,0.0140660843734455,0.3060352467149647,0.0402144696365383,18
23,reset_l1,0.75,1,15.625,L2,pre_reset,0.9726137425629616,0.0153451690585025,0.9806518588263808,0.0091289113710199,0.2378645725983104,0.0433171424463184,18
23,reset_l1,0.75,2,31.25,L1,spike50,0.863784784367704,0.0719067554611977,0.8716265874416317,0.0692796314382419,0.720036881577384,0.089000973286392,18
23,reset_l1,0.75,2,31.25,L1,syn_current,0.6356814943856802,0.0990148578721013,0.6595489113583516,0.1007750304112997,0.8202771246237436,0.0763938365293181,17
23,reset_l1,0.75,2,31.25,L1,pre_reset,0.5735755809338423,0.1097450932978956,0.5997052310159178,0.1117427700352621,0.8579025956279336,0.0663855166223831,17
23,reset_l1,0.75,2,31.25,L2,spike50,0.9099943840541894,0.0363537208703167,0.9507829970716618,0.0167828121457346,0.3184668801033015,0.0587322960413072,18
23,reset_l1,0.75,2,31.25,L2,syn_current,0.9311895714865336,0.0446977813600969,0.9521760692272486,0.0255102898225946,0.3904264639721393,0.073323646233582,18
23,reset_l1,0.75,2,31.25,L2,pre_reset,0.949420086855694,0.0280490144473209,0.964481043741356,0.0161732857908914,0.3291481815267,0.0610789548671813,18
23,reset_l1,0.75,4,62.5,L1,spike50,0.3953240782200485,0.0948085379906414,0.415948788097079,0.1002685151403499,0.9863552180064528,0.0314816429015567,4
23,reset_l1,0.75,4,62.5,L1,syn_current,0.7681111703624349,0.0795889839333515,0.7848339614746465,0.0755086862106635,0.6963630803247443,0.0855301374488707,18
23,reset_l1,0.75,4,62.5,L1,pre_reset,0.7189771809597435,0.0809418007124619,0.738635169986025,0.0780897075285771,0.7365238859331693,0.0792074339133366,18
23,reset_l1,0.75,4,62.5,L2,spike50,0.7426821952406847,0.0736993240158585,0.8317180508235698,0.0474940793160097,0.5618317429643773,0.0782817212843129,18
23,reset_l1,0.75,4,62.5,L2,syn_current,0.8809357426776137,0.0543609140679823,0.9085147368396096,0.0292809808153609,0.528852371469887,0.0415384189077659,18
23,reset_l1,0.75,4,62.5,L2,pre_reset,0.9068754984338984,0.0483469125699319,0.9306894164802088,0.0273283146449115,0.4717906661888613,0.0561046581475573,18
23,reset_l1,0.75,8,125.0,L1,spike50,0.6072989517458147,0.0983830635119438,0.6206386681811527,0.0954053931818597,0.9195701798002596,0.0849039386484637,10
23,reset_l1,0.75,8,125.0,L1,syn_current,0.9029368957170149,0.0427242330427499,0.9111865527083264,0.0411520310100003,0.5304284366416688,0.1108447698779261,18
23,reset_l1,0.75,8,125.0,L1,pre_reset,0.8806716165092364,0.0461425827781631,0.8893366887272693,0.0447256516741125,0.54709560840604,0.0968596395398828,18
23,reset_l1,0.75,8,125.0,L2,spike50,0.5578560262354448,0.0935761138619056,0.6719049136803932,0.0923515037110573,0.7397889480239557,0.0923938785986617,18
23,reset_l1,0.75,8,125.0,L2,syn_current,0.8112999825041161,0.0995678937383399,0.8469276303688803,0.0606091294430971,0.6528018666006997,0.06619187592577,18
23,reset_l1,0.75,8,125.0,L2,pre_reset,0.8329172339202374,0.0723181875940504,0.8677735042336645,0.0468230402506991,0.6323165838673698,0.0585294306594514,18
23,reset_l1,0.75,16,250.0,L1,spike50,0.8587662720414329,0.1196000008359707,0.8641894868700286,0.1178040235923507,0.7376879395750724,0.2169000641632707,9
23,reset_l1,0.75,16,250.0,L1,syn_current,0.9708584147609344,0.0166895233632961,0.9729663438300904,0.0151699059626133,0.3433368496572386,0.0723835161041039,14
23,reset_l1,0.75,16,250.0,L1,pre_reset,0.9645032777761278,0.0175145624737827,0.966099593568502,0.0161569758967599,0.3397771595901172,0.0703365501213973,14
23,reset_l1,0.75,16,250.0,L2,spike50,0.4863009694673946,0.1235711962264299,0.618001733760765,0.1279344127972893,0.7801216995011576,0.103189611642735,14
23,reset_l1,0.75,16,250.0,L2,syn_current,0.7563165370136969,0.1320445055015989,0.8022879896850311,0.1020748475566535,0.6987337504009676,0.1027092778098112,14
23,reset_l1,0.75,16,250.0,L2,pre_reset,0.7571542134664162,0.1242653218749351,0.8031006907682409,0.1007954351062794,0.7058789318694988,0.0877369116968518,14
23,reset_l2,0.25,0,0.0,L1,spike50,1.0,1.2748648357880571e-16,1.0,1.3973253034982495e-16,0.0,0.0,113
23,reset_l2,0.25,0,0.0,L1,syn_current,1.0,1.2681291352079812e-16,1.0,1.2944338730181992e-16,0.0,0.0,128
23,reset_l2,0.25,0,0.0,L1,pre_reset,1.0,1.391243901732968e-16,1.0,1.4488835837920476e-16,0.0,0.0,128
23,reset_l2,0.25,0,0.0,L2,spike50,0.9552335842876436,0.0707589664384533,0.9642633336838954,0.0695655468022017,0.2834467400749272,0.1941018751656223,105
23,reset_l2,0.25,0,0.0,L2,syn_current,0.6177933452195422,0.218105607075866,0.6560923692476107,0.1804327270261573,0.714982449144951,0.2943959262540265,109
23,reset_l2,0.25,0,0.0,L2,pre_reset,0.536680566209178,0.2232064947128328,0.5682780081604389,0.1970447235146906,0.7812670634854761,0.3000261680404361,109
23,reset_l2,0.25,1,15.625,L1,spike50,1.0,1.2819751242557092e-16,1.0,1.5767879792876567e-16,0.0,0.0,117
23,reset_l2,0.25,1,15.625,L1,syn_current,1.0,1.3668035872266426e-16,1.0,1.3311106448512295e-16,0.0,0.0,128
23,reset_l2,0.25,1,15.625,L1,pre_reset,1.0,1.3165625507162631e-16,1.0,1.3311106448512295e-16,0.0,0.0,128
23,reset_l2,0.25,1,15.625,L2,spike50,0.9078341001693184,0.085079440926572,0.9332185639395764,0.0835232061521084,0.424422639852206,0.2049795339409128,110
23,reset_l2,0.25,1,15.625,L2,syn_current,0.7582717069175179,0.1833550223208301,0.7897241836529222,0.1448556042992903,0.6057055953769996,0.2832932481402263,116
23,reset_l2,0.25,1,15.625,L2,pre_reset,0.6867381849350069,0.2154548840008048,0.712665258879646,0.1869329505189914,0.6791244128101439,0.2931916439542961,116
23,reset_l2,0.25,2,31.25,L1,spike50,1.0,1.2899625854847775e-16,1.0,1.4651859647647592e-16,0.0,0.0,120
23,reset_l2,0.25,2,31.25,L1,syn_current,1.0,1.4288057044435644e-16,1.0,1.286973096911129e-16,0.0,0.0,128
23,reset_l2,0.25,2,31.25,L1,pre_reset,1.0,1.2944338730181992e-16,1.0,1.41866021015769e-16,0.0,0.0,128
23,reset_l2,0.25,2,31.25,L2,spike50,0.8215867699809055,0.0750055022566469,0.8810858533605292,0.0585281362785828,0.5215095588517302,0.2303619757047041,112
23,reset_l2,0.25,2,31.25,L2,syn_current,0.8251509253418612,0.1355694174857751,0.8453810654268411,0.1153626940791226,0.5340953861489544,0.2628079858633159,120
23,reset_l2,0.25,2,31.25,L2,pre_reset,0.769461415008998,0.1660879590209193,0.7869924214937462,0.1477873627575377,0.60705437407141,0.2793355113582446,120
23,reset_l2,0.25,4,62.5,L1,spike50,1.0,1.4286978659812464e-16,1.0,1.40783984329461e-16,0.0,0.0,125
23,reset_l2,0.25,4,62.5,L1,syn_current,1.0,1.38430498614478e-16,1.0,1.2944338730181992e-16,0.0,0.0,128
23,reset_l2,0.25,4,62.5,L1,pre_reset,1.0,1.4084416362486778e-16,1.0,1.4288057044435644e-16,0.0,0.0,128
23,reset_l2,0.25,4,62.5,L2,spike50,0.7372290144160347,0.1552851495798814,0.8177432714631622,0.1151187182365655,0.5210592782593746,0.2491483632681857,121
23,reset_l2,0.25,4,62.5,L2,syn_current,0.8943258609823542,0.0894067388927324,0.9086801618267306,0.075337045758167,0.4222205682467623,0.2296716024604679,125
23,reset_l2,0.25,4,62.5,L2,pre_reset,0.8576552774442128,0.113344882950616,0.8683286351641503,0.1025798854042867,0.4976311510968135,0.252804284655421,125
23,reset_l2,0.25,8,125.0,L1,spike50,1.0,1.3009122667322963e-16,1.0,1.3597399555105182e-16,0.0,0.0,126
23,reset_l2,0.25,8,125.0,L1,syn_current,1.0,1.4084416362486778e-16,1.0,1.3526394372366472e-16,0.0,0.0,128
23,reset_l2,0.25,8,125.0,L1,pre_reset,1.0,1.3165625507162631e-16,1.0,1.3092278833360675e-16,0.0,0.0,128
23,reset_l2,0.25,8,125.0,L2,spike50,0.872388892382403,0.0939144924164813,0.92406112015894,0.0570390274677546,0.3365259262362858,0.175715678456973,125
23,reset_l2,0.25,8,125.0,L2,syn_current,0.9344371386003654,0.0703647253637387,0.947662305934553,0.0529965052642198,0.3058538118065339,0.1946904420271276,126
23,reset_l2,0.25,8,125.0,L2,pre_reset,0.9164662117060924,0.081411583923719,0.9263046548235933,0.0700354058310888,0.3646337000875817,0.2191652506244561,126
23,reset_l2,0.25,16,250.0,L1,spike50,1.0,1.3932317635981983e-16,1.0,1.3827430440586067e-16,0.0,0.0,127
23,reset_l2,0.25,16,250.0,L1,syn_current,1.0,1.3947004136484323e-16,1.0,1.3092278833360675e-16,0.0,0.0,128
23,reset_l2,0.25,16,250.0,L1,pre_reset,1.0,1.2832264423908535e-16,1.0,1.341918215839574e-16,0.0,0.0,128
23,reset_l2,0.25,16,250.0,L2,spike50,0.9489583564602576,0.0478733876549448,0.9749823898984196,0.0227090696310678,0.1935569813060207,0.1098846623407664,127
23,reset_l2,0.25,16,250.0,L2,syn_current,0.979411108781328,0.0273132155006109,0.9856526583917764,0.0153965814501665,0.1612635012211017,0.1264054921391379,127
23,reset_l2,0.25,16,250.0,L2,pre_reset,0.970256183218109,0.0388725877840539,0.9776861127519212,0.0230850981555028,0.2015622001401799,0.1423366278400126,127
23,reset_l2,0.25,32,500.0,L1,spike50,1.0,1.3668035872266426e-16,1.0,1.3092278833360675e-16,0.0,0.0,128
23,reset_l2,0.25,32,500.0,L1,syn_current,1.0,1.2681291352079812e-16,1.0,1.5075136265974306e-16,0.0,0.0,128
23,reset_l2,0.25,32,500.0,L1,pre_reset,1.0,1.3383253895372864e-16,1.0,1.4084416362486778e-16,0.0,0.0,128
23,reset_l2,0.25,32,500.0,L2,spike50,0.99076038098176,0.0102358363356655,0.9958595539190191,0.0045143873907213,0.0761461381805845,0.0502878895619488,128
23,reset_l2,0.25,32,500.0,L2,syn_current,0.9971767486198876,0.0038235298402332,0.9980910628885232,0.0023672283922206,0.0521531370570734,0.0389346340663722,128
23,reset_l2,0.25,32,500.0,L2,pre_reset,0.9956496685037548,0.0057104107139491,0.99689542518248,0.0035428839781615,0.0685882548269061,0.0473913548986148,128
23,reset_l2,0.5,0,0.0,L1,spike50,1.0,1.3238565818820347e-16,1.0,1.442222014787673e-16,0.0,0.0,128
23,reset_l2,0.5,0,0.0,L1,syn_current,1.0,1.391243901732968e-16,1.0,1.401587864985631e-16,0.0,0.0,128
23,reset_l2,0.5,0,0.0,L1,pre_reset,1.0,1.455514664586365e-16,1.0,1.3238565818820347e-16,0.0,0.0,128
23,reset_l2,0.5,0,0.0,L2,spike50,0.9800108747442972,0.0086260383966262,0.9896673386018674,0.0050899013853541,0.2604642818345773,0.0340440075094629,127
23,reset_l2,0.5,0,0.0,L2,syn_current,0.4813232198592891,0.2658917804302449,0.5528763125127214,0.223844888187522,0.8815721052847469,0.0798188976467933,125
23,reset_l2,0.5,0,0.0,L2,pre_reset,0.3997974453563774,0.2757542960683789,0.4699618936994432,0.2461183550783968,0.9319711526163352,0.0548133193292399,125
23,reset_l2,0.5,1,15.625,L1,spike50,1.0,1.3347228920484555e-16,1.0,1.2794688166302258e-16,0.0,0.0,128
23,reset_l2,0.5,1,15.625,L1,syn_current,1.0,1.38430498614478e-16,1.0,1.3274885683554194e-16,0.0,0.0,128
23,reset_l2,0.5,1,15.625,L1,pre_reset,1.0,1.4050189297646195e-16,1.0,1.3129003390305665e-16,0.0,0.0,128
23,reset_l2,0.5,1,15.625,L2,spike50,0.9286792981079144,0.0252094269242816,0.963567266090824,0.0117587202292836,0.4554688755105978,0.062279731378823,127
23,reset_l2,0.5,1,15.625,L2,syn_current,0.6447614850924739,0.2193413829894046,0.7064632765990593,0.1868213249384618,0.778993949788858,0.1091485634925124,128
23,reset_l2,0.5,1,15.625,L2,pre_reset,0.5591945897648647,0.2457538770344053,0.6236458340318951,0.2170153262870743,0.8450260031140286,0.0920170000388578,128
23,reset_l2,0.5,2,31.25,L1,spike50,1.0,1.3383253895372864e-16,1.0,1.3877787807814454e-16,0.0,0.0,128
23,reset_l2,0.5,2,31.25,L1,syn_current,1.0,1.3738309013483032e-16,1.0,1.4220500840710912e-16,0.0,0.0,128
23,reset_l2,0.5,2,31.25,L1,pre_reset,1.0,1.45220290906747e-16,1.0,1.4388796649533547e-16,0.0,0.0,128
23,reset_l2,0.5,2,31.25,L2,spike50,0.7811546132214233,0.0718896734145905,0.8801040144443866,0.0315555515566875,0.6169016975542325,0.0983926543735302,127
23,reset_l2,0.5,2,31.25,L2,syn_current,0.7119543047442496,0.1759098642811943,0.7740170489798547,0.1336632638241538,0.7037809726988273,0.1111567717221906,128
23,reset_l2,0.5,2,31.25,L2,pre_reset,0.6421005504994151,0.2008847034784523,0.7014369337391907,0.1699244883652279,0.7755866251145794,0.1068426054440418,128
23,reset_l2,0.5,4,62.5,L1,spike50,1.0,1.1816510524180758e-16,1.0,1.3455014484288012e-16,0.0,0.0,128
23,reset_l2,0.5,4,62.5,L1,syn_current,1.0,1.45220290906747e-16,1.0,1.249000902703301e-16,0.0,0.0,128
23,reset_l2,0.5,4,62.5,L1,pre_reset,1.0,1.4152622167509192e-16,1.0,1.4784892582902023e-16,0.0,0.0,128
23,reset_l2,0.5,4,62.5,L2,spike50,0.6006960286821357,0.1528802607412396,0.7403061355264734,0.1246617875371924,0.6786810150443976,0.1274124257222569,127
23,reset_l2,0.5,4,62.5,L2,syn_current,0.781824704525184,0.1386379213889396,0.8330813953380679,0.1060285066397788,0.6005875465971294,0.1252549745230253,128
23,reset_l2,0.5,4,62.5,L2,pre_reset,0.7272183007529534,0.1579069861275638,0.7771265742791512,0.1297283628820351,0.6778221771876831,0.1238441940294579,128
23,reset_l2,0.5,8,125.0,L1,spike50,1.0,1.4288057044435644e-16,1.0,1.35619434333351e-16,0.0,0.0,128
23,reset_l2,0.5,8,125.0,L1,syn_current,1.0,1.401587864985631e-16,1.0,1.3773311131392582e-16,0.0,0.0,128
23,reset_l2,0.5,8,125.0,L1,pre_reset,1.0,1.41866021015769e-16,1.0,1.411856045225854e-16,0.0,0.0,128
23,reset_l2,0.5,8,125.0,L2,spike50,0.790337215565803,0.1043174489777644,0.8838823861193937,0.0637219068986945,0.4567889759903847,0.1189175201657884,128
23,reset_l2,0.5,8,125.0,L2,syn_current,0.872631571636984,0.0933817702991693,0.9087783812036658,0.0630675187281921,0.4388516394729441,0.1237273927081141,128
23,reset_l2,0.5,8,125.0,L2,pre_reset,0.8330679366869991,0.1080709962704226,0.870548996696373,0.0790708816309279,0.5180783292630287,0.131710320123722,128
23,reset_l2,0.5,16,250.0,L1,spike50,1.0,1.2981481815797575e-16,1.0,1.401587864985631e-16,0.0,0.0,128
23,reset_l2,0.5,16,250.0,L1,syn_current,1.0,1.233484761181068e-16,1.0,1.2719202621569003e-16,0.0,0.0,128
23,reset_l2,0.5,16,250.0,L1,pre_reset,1.0,1.3526394372366472e-16,1.0,1.3808224523606804e-16,0.0,0.0,128
23,reset_l2,0.5,16,250.0,L2,spike50,0.9192831335039148,0.0523455847636694,0.9625528978165316,0.0235571506727194,0.2602486896206637,0.0802609396852812,128
23,reset_l2,0.5,16,250.0,L2,syn_current,0.9598584411629252,0.0359917298251205,0.9710421703804069,0.0264957897869227,0.2390744411265339,0.0893544775890132,128
23,reset_l2,0.5,16,250.0,L2,pre_reset,0.9457683512290456,0.0435559048594497,0.9578996242469868,0.0341526824071022,0.2926112019354926,0.1006206346387985,128
23,reset_l2,0.5,32,500.0,L1,spike50,1.0,1.4096968699212206e-16,1.0,1.3457935360146644e-16,0.0,0.0,98
23,reset_l2,0.5,32,500.0,L1,syn_current,1.0,1.4793529977350847e-16,1.0,1.427429603089487e-16,0.0,0.0,98
23,reset_l2,0.5,32,500.0,L1,pre_reset,1.0,1.2737730238996231e-16,1.0,1.3872122248154866e-16,0.0,0.0,98
23,reset_l2,0.5,32,500.0,L2,spike50,0.977781348981571,0.0204244785141482,0.9906800597909964,0.0082736675136955,0.1264066377829191,0.0510325477902415,98
23,reset_l2,0.5,32,500.0,L2,syn_current,0.9932208917401724,0.0075288695788271,0.9955720404489888,0.0037834980502218,0.0899740783661838,0.0377544878432987,98
23,reset_l2,0.5,32,500.0,L2,pre_reset,0.9903356397562354,0.0104626738999927,0.9932014155799976,0.005443893657705,0.1127216526580922,0.0461697422582286,98
23,reset_l2,0.75,0,0.0,L1,spike50,1.0,1.3668035872266426e-16,1.0,1.341918215839574e-16,0.0,0.0,128
23,reset_l2,0.75,0,0.0,L1,syn_current,1.0,1.4152622167509192e-16,1.0,1.286973096911129e-16,0.0,0.0,128
23,reset_l2,0.75,0,0.0,L1,pre_reset,1.0,1.3129003390305665e-16,1.0,1.3055450971845835e-16,0.0,0.0,128
23,reset_l2,0.75,0,0.0,L2,spike50,0.9796182339315888,0.0105484036569501,0.9903421616551042,0.0057232889390238,0.2620345000776476,0.0205474249270748,128
23,reset_l2,0.75,0,0.0,L2,syn_current,0.5138302148347431,0.241835324797268,0.5880732034380086,0.1793124117442874,0.8744341377836556,0.0664537150008962,127
23,reset_l2,0.75,0,0.0,L2,pre_reset,0.4284438771293955,0.2571965110380859,0.5057459659711213,0.2039972566783772,0.9283674003718528,0.0465666907825929,127
23,reset_l2,0.75,1,15.625,L1,spike50,1.0,1.3238565818820347e-16,1.0,1.3773311131392582e-16,0.0,0.0,128
23,reset_l2,0.75,1,15.625,L1,syn_current,1.0,1.401587864985631e-16,1.0,1.3129003390305665e-16,0.0,0.0,128
23,reset_l2,0.75,1,15.625,L1,pre_reset,1.0,1.32021460364232e-16,1.0,1.4621156719869436e-16,0.0,0.0,128
23,reset_l2,0.75,1,15.625,L2,spike50,0.9266726563369164,0.0341893804528575,0.9653786002811524,0.0156024358537093,0.4594491749858161,0.0419497256714128,128
23,reset_l2,0.75,1,15.625,L2,syn_current,0.6485680408412527,0.1793372592989245,0.7196354201274682,0.1211154792733758,0.7832157051401134,0.0788736049543458,128
23,reset_l2,0.75,1,15.625,L2,pre_reset,0.5629872087730041,0.2108198152600315,0.6406604900428513,0.1505877900749835,0.8476193111072592,0.0693176242917547,128
23,reset_l2,0.75,2,31.25,L1,spike50,1.0,1.2907088757326182e-16,1.0,1.370321748998225e-16,0.0,0.0,128
23,reset_l2,0.75,2,31.25,L1,syn_current,1.0,1.4288057044435644e-16,1.0,1.3877787807814454e-16,0.0,0.0,128
23,reset_l2,0.75,2,31.25,L1,pre_reset,1.0,1.5075136265974306e-16,1.0,1.4817422638912102e-16,0.0,0.0,128
23,reset_l2,0.75,2,31.25,L2,spike50,0.7825299967767219,0.0715082471827081,0.8877177829751712,0.0311090281706057,0.619240194842307,0.0673823469013799,128
23,reset_l2,0.75,2,31.25,L2,syn_current,0.7071209803284939,0.1535385315853692,0.7770550022498479,0.1024441633411229,0.7120014778810511,0.0857010987824798,128
23,reset_l2,0.75,2,31.25,L2,pre_reset,0.6343560074144642,0.1769201596019436,0.7061295345757972,0.1283448244358477,0.7829844847086047,0.0825799290918105,128
23,reset_l2,0.75,4,62.5,L1,spike50,1.0,1.411856045225854e-16,1.0,1.3738309013483032e-16,0.0,0.0,128
23,reset_l2,0.75,4,62.5,L1,syn_current,1.0,1.3947004136484323e-16,1.0,1.2794688166302258e-16,0.0,0.0,128
23,reset_l2,0.75,4,62.5,L1,pre_reset,1.0,1.249000902703301e-16,1.0,1.3455014484288012e-16,0.0,0.0,128
23,reset_l2,0.75,4,62.5,L2,spike50,0.6213090648929747,0.130613691650444,0.7694154911223948,0.0997492693708794,0.6551433935213504,0.1012807294433013,128
23,reset_l2,0.75,4,62.5,L2,syn_current,0.7895755386545162,0.1215323050980699,0.844090496378519,0.0823864487045355,0.5925616202368137,0.1025241665432504,128
23,reset_l2,0.75,4,62.5,L2,pre_reset,0.7294719712325946,0.1424559104473287,0.785782955215593,0.1015743281908711,0.6764316766033875,0.100044805468493,128
23,reset_l2,0.75,8,125.0,L1,spike50,1.0,1.3055450971845835e-16,1.0,1.4152622167509192e-16,0.0,0.0,128
23,reset_l2,0.75,8,125.0,L1,syn_current,1.0,1.401587864985631e-16,1.0,1.341918215839574e-16,0.0,0.0,128
23,reset_l2,0.75,8,125.0,L1,pre_reset,1.0,1.2981481815797575e-16,1.0,1.4686870114880514e-16,0.0,0.0,128
23,reset_l2,0.75,8,125.0,L2,spike50,0.7933855153897785,0.1025860790890647,0.8928547018243572,0.0786378923105074,0.4396264558247464,0.1007560023138282,128
23,reset_l2,0.75,8,125.0,L2,syn_current,0.8812122413643255,0.0826779185792648,0.9170717926076312,0.0479406890185303,0.4319659919746595,0.0999307520342406,128
23,reset_l2,0.75,8,125.0,L2,pre_reset,0.8446238048496936,0.1015488104385389,0.8815997104164953,0.0618243555899594,0.5126949460276374,0.1078048508287714,128
23,reset_l2,0.75,16,250.0,L1,spike50,1.0,1.4147231718954291e-16,1.0,1.3210448479144024e-16,0.0,0.0,101
23,reset_l2,0.75,16,250.0,L1,syn_current,1.0,1.3619819025490724e-16,1.0,1.3709130271133067e-16,0.0,0.0,101
23,reset_l2,0.75,16,250.0,L1,pre_reset,1.0,1.283560746536786e-16,1.0,1.486239605823699e-16,0.0,0.0,101
23,reset_l2,0.75,16,250.0,L2,spike50,0.9138979169487847,0.0452759627806233,0.9625482158666424,0.0187955824955251,0.2643681424054147,0.066513649178197,101
23,reset_l2,0.75,16,250.0,L2,syn_current,0.957048152584816,0.0323727237341599,0.9715239690759082,0.018653646692991,0.2518308066278877,0.0716158338840918,101
23,reset_l2,0.75,16,250.0,L2,pre_reset,0.9392590488396844,0.0465145410728467,0.9570952830871317,0.0267212622732732,0.309499433602523,0.0892502465091054,101
23,reset_l2,0.75,32,500.0,L1,spike50,1.0,1.1102230246251563e-16,1.0,0.0,0.0,0.0,2
23,reset_l2,0.75,32,500.0,L1,syn_current,1.0,0.0,1.0,1.5700924586837752e-16,0.0,0.0,2
23,reset_l2,0.75,32,500.0,L1,pre_reset,1.0,1.7554167342883506e-16,1.0,0.0,0.0,0.0,2
23,reset_l2,0.75,32,500.0,L2,spike50,0.9585646474584476,0.0199726698207119,0.9755559240765652,0.0111599868134907,0.2153298087217702,0.051931433190644,2
23,reset_l2,0.75,32,500.0,L2,syn_current,0.986298291321474,0.0041212770757902,0.992852135269755,0.0025630789348081,0.1291756492964627,0.0249973618429719,2
23,reset_l2,0.75,32,500.0,L2,pre_reset,0.9750385324698424,0.0043198008518506,0.9878154764643295,0.0001667717721866,0.1678075017374091,0.0093603119604009,2
23,reset_l2,0.25,0,0.0,L1,spike50,1.0,1.3463431760359523e-16,1.0,1.7241605244756251e-16,0.0,0.0,17
23,reset_l2,0.25,0,0.0,L1,syn_current,1.0,1.5917499294642454e-16,1.0,1.634204043630099e-16,0.0,0.0,18
23,reset_l2,0.25,0,0.0,L1,pre_reset,1.0,1.199177923332954e-16,1.0,1.2549831513118703e-16,0.0,0.0,18
23,reset_l2,0.25,0,0.0,L2,spike50,0.9339459146490052,0.0739900904974864,0.9440595084167052,0.0681811016275646,0.3128990416076493,0.1904807112921369,15
23,reset_l2,0.25,0,0.0,L2,syn_current,0.5857990721059007,0.2096510803781881,0.6197413435165677,0.185020120455337,0.8284223618601031,0.1226476736863609,16
23,reset_l2,0.25,0,0.0,L2,pre_reset,0.4762643937985774,0.2187927271889549,0.512008726317985,0.206872003030445,0.9029044879423824,0.0773185686953348,16
23,reset_l2,0.25,1,15.625,L1,spike50,1.0,1.7657125218938523e-16,1.0,7.616067116634043e-17,0.0,0.0,17
23,reset_l2,0.25,1,15.625,L1,syn_current,1.0,1.4092011087418584e-16,1.0,1.4092011087418584e-16,0.0,0.0,18
23,reset_l2,0.25,1,15.625,L1,pre_reset,1.0,1.1702778228589004e-16,1.0,1.199177923332954e-16,0.0,0.0,18
23,reset_l2,0.25,1,15.625,L2,spike50,0.9055153703765374,0.0665052745101251,0.9249004542335072,0.0644299107545521,0.4447407004882213,0.2156781933667519,15
23,reset_l2,0.25,1,15.625,L2,syn_current,0.7452871211122141,0.1699762356064173,0.785460216146198,0.145457220521443,0.6977911332256069,0.1833119783594928,16
23,reset_l2,0.25,1,15.625,L2,pre_reset,0.6662331616682715,0.1778018553684265,0.6991743031492434,0.1729782471486658,0.7780284672380308,0.1485777597394413,16
23,reset_l2,0.25,2,31.25,L1,spike50,1.0,1.1702778228589004e-16,1.0,1.2549831513118703e-16,0.0,0.0,18
23,reset_l2,0.25,2,31.25,L1,syn_current,1.0,1.3597399555105182e-16,1.0,1.5258555995074122e-16,0.0,0.0,18
23,reset_l2,0.25,2,31.25,L1,pre_reset,1.0,1.634204043630099e-16,1.0,8.275113844157577e-17,0.0,0.0,18
23,reset_l2,0.25,2,31.25,L2,spike50,0.7844393741643715,0.1198493534184941,0.8268897268388538,0.1274156015507527,0.6005432071779412,0.232340828519843,16
23,reset_l2,0.25,2,31.25,L2,syn_current,0.816996994300987,0.1382946035023602,0.8514129811224108,0.1095300991139332,0.5591426816043176,0.1663910292108191,18
23,reset_l2,0.25,2,31.25,L2,pre_reset,0.7527355540906773,0.1574194122239706,0.7842013676192728,0.139800720628731,0.6501041896375251,0.1556962642076665,18
23,reset_l2,0.25,4,62.5,L1,spike50,1.0,1.199177923332954e-16,1.0,1.1702778228589004e-16,0.0,0.0,18
23,reset_l2,0.25,4,62.5,L1,syn_current,1.0,1.0467283057891834e-16,1.0,1.3343220141622404e-16,0.0,0.0,18
23,reset_l2,0.25,4,62.5,L1,pre_reset,1.0,1.4092011087418584e-16,1.0,1.1702778228589004e-16,0.0,0.0,18
23,reset_l2,0.25,4,62.5,L2,spike50,0.7180041071430893,0.1102704658026158,0.7803322926086348,0.0912673509476107,0.6125433580886859,0.2001917587514063,17
23,reset_l2,0.25,4,62.5,L2,syn_current,0.8930272478847309,0.0941627504830861,0.9075392893857376,0.0838063910370593,0.4295508491176212,0.1867554619520942,18
23,reset_l2,0.25,4,62.5,L2,pre_reset,0.8532022631332771,0.1085085133732045,0.8658774589223385,0.1064374055190135,0.5020797963213217,0.18667635334828,18
23,reset_l2,0.25,8,125.0,L1,spike50,1.0,1.3846913936850747e-16,1.0,1.3597399555105182e-16,0.0,0.0,18
23,reset_l2,0.25,8,125.0,L1,syn_current,1.0,1.3343220141622404e-16,1.0,1.5258555995074122e-16,0.0,0.0,18
23,reset_l2,0.25,8,125.0,L1,pre_reset,1.0,9.791246743253676e-17,1.0,1.227397735431716e-16,0.0,0.0,18
23,reset_l2,0.25,8,125.0,L2,spike50,0.866885201840705,0.0849996168216397,0.9104410691324912,0.056293859340172,0.3998650760311629,0.1379833639667256,18
23,reset_l2,0.25,8,125.0,L2,syn_current,0.9301954539509212,0.064182790649845,0.9446377252382824,0.0524836841261389,0.306253248930711,0.1622592006676013,18
23,reset_l2,0.25,8,125.0,L2,pre_reset,0.8980706674352243,0.0830632140529588,0.913072449700146,0.0774955386680833,0.378178251997428,0.1867537080147439,18
23,reset_l2,0.25,16,250.0,L1,spike50,1.0,1.1406457265696475e-16,1.0,9.791246743253676e-17,0.0,0.0,18
23,reset_l2,0.25,16,250.0,L1,syn_current,1.0,1.5032490816276442e-16,1.0,1.1702778228589004e-16,0.0,0.0,18
23,reset_l2,0.25,16,250.0,L1,pre_reset,1.0,1.6131166563777087e-16,1.0,1.0467283057891834e-16,0.0,0.0,18
23,reset_l2,0.25,16,250.0,L2,spike50,0.9513485453159962,0.0468388917864722,0.9728343789746952,0.0263622984925915,0.2104603804830737,0.0967687513900359,18
23,reset_l2,0.25,16,250.0,L2,syn_current,0.985058468570588,0.0171280265292266,0.98907710941309,0.0121605091486166,0.1394772491970387,0.0794970521644037,18
23,reset_l2,0.25,16,250.0,L2,pre_reset,0.9745809114565892,0.0237512737517256,0.9808637544132606,0.0177475392656011,0.1925813870297416,0.0873570950196697,18
23,reset_l2,0.25,32,500.0,L1,spike50,1.0,1.3846913936850747e-16,1.0,1.5700924586837752e-16,0.0,0.0,18
23,reset_l2,0.25,32,500.0,L1,syn_current,1.0,1.227397735431716e-16,1.0,1.5032490816276442e-16,0.0,0.0,18
23,reset_l2,0.25,32,500.0,L1,pre_reset,1.0,1.655022768831515e-16,1.0,1.3343220141622404e-16,0.0,0.0,18
23,reset_l2,0.25,32,500.0,L2,spike50,0.9911294299100056,0.0071484057464216,0.9959545248417986,0.0035021566455344,0.0804780640423828,0.0407919707244384,18
23,reset_l2,0.25,32,500.0,L2,syn_current,0.99819014905891,0.002540320958493,0.9988278638808104,0.0014659527808384,0.0420280968410694,0.0291349035415963,18
23,reset_l2,0.25,32,500.0,L2,pre_reset,0.9960160440306364,0.0052267826660582,0.9973929611921432,0.0028817993500476,0.0663037511285913,0.0355311947711168,18
23,reset_l2,0.5,0,0.0,L1,spike50,1.0,1.4092011087418584e-16,1.0,1.6131166563777087e-16,0.0,0.0,18
23,reset_l2,0.5,0,0.0,L1,syn_current,1.0,1.227397735431716e-16,1.0,1.7554167342883506e-16,0.0,0.0,18
23,reset_l2,0.5,0,0.0,L1,pre_reset,1.0,1.6131166563777087e-16,1.0,1.5917499294642454e-16,0.0,0.0,18
23,reset_l2,0.5,0,0.0,L2,spike50,0.9815495089813387,0.0079412035506054,0.9897947183858606,0.0053751535063647,0.2651102226005976,0.0191469840414828,18
23,reset_l2,0.5,0,0.0,L2,syn_current,0.5573553246543521,0.2438319840658309,0.6104053591542483,0.1442328116280899,0.8760231236475464,0.0807583336473917,16
23,reset_l2,0.5,0,0.0,L2,pre_reset,0.4824608576345978,0.2488554174020922,0.5332568595603782,0.1675867384091977,0.9243394605403544,0.0569700036393888,16
23,reset_l2,0.5,1,15.625,L1,spike50,1.0,1.2549831513118703e-16,1.0,1.3597399555105182e-16,0.0,0.0,18
23,reset_l2,0.5,1,15.625,L1,syn_current,1.0,1.655022768831515e-16,1.0,1.3597399555105182e-16,0.0,0.0,18
23,reset_l2,0.5,1,15.625,L1,pre_reset,1.0,1.3343220141622404e-16,1.0,1.3597399555105182e-16,0.0,0.0,18
23,reset_l2,0.5,1,15.625,L2,spike50,0.9401820837102898,0.0279276569009017,0.9666855245824498,0.0164820050154592,0.4701629797363396,0.0423071899788977,18
23,reset_l2,0.5,1,15.625,L2,syn_current,0.7188158209902468,0.1757322657908836,0.7590776751238407,0.1462276611183595,0.7502676628040159,0.0898593675712184,18
23,reset_l2,0.5,1,15.625,L2,pre_reset,0.6521459730997589,0.1994025401976512,0.6930636679907528,0.1657082048760504,0.8178232655255201,0.077478031276206,18
23,reset_l2,0.5,2,31.25,L1,spike50,1.0,1.0467283057891834e-16,1.0,1.548132042069375e-16,0.0,0.0,18
23,reset_l2,0.5,2,31.25,L1,syn_current,1.0,1.227397735431716e-16,1.0,1.227397735431716e-16,0.0,0.0,18
23,reset_l2,0.5,2,31.25,L1,pre_reset,1.0,1.1406457265696475e-16,1.0,1.3343220141622404e-16,0.0,0.0,18
23,reset_l2,0.5,2,31.25,L2,spike50,0.8145121185014396,0.0482340144225198,0.8838074646655402,0.0447994341585356,0.6484306015912897,0.0800833848016971,18
23,reset_l2,0.5,2,31.25,L2,syn_current,0.7421628879997868,0.1823491017073236,0.8079298106755239,0.1087911298290932,0.6799411731496671,0.0948153072866409,18
23,reset_l2,0.5,2,31.25,L2,pre_reset,0.6931012182272608,0.193540907590767,0.7454893452969262,0.1390962985882379,0.7474527859690032,0.0877605693519029,18
23,reset_l2,0.5,4,62.5,L1,spike50,1.0,9.791246743253676e-17,1.0,1.1702778228589004e-16,0.0,0.0,18
23,reset_l2,0.5,4,62.5,L1,syn_current,1.0,1.5258555995074122e-16,1.0,1.308410382236479e-16,0.0,0.0,18
23,reset_l2,0.5,4,62.5,L1,pre_reset,1.0,1.6755828462014355e-16,1.0,1.3343220141622404e-16,0.0,0.0,18
23,reset_l2,0.5,4,62.5,L2,spike50,0.6253786486337759,0.1303065399979007,0.7315553384260512,0.1191561184884593,0.6957451238844701,0.1340271922294527,18
23,reset_l2,0.5,4,62.5,L2,syn_current,0.8262920204529409,0.1149987566616225,0.8760265413538845,0.0627058063025417,0.5499825241817672,0.1083161818690647,18
23,reset_l2,0.5,4,62.5,L2,pre_reset,0.7766486242343039,0.1437725523253335,0.8234492882997108,0.0924302789217407,0.62764773659092,0.1102578692780528,18
23,reset_l2,0.5,8,125.0,L1,spike50,1.0,1.227397735431716e-16,1.0,1.013490324081353e-16,0.0,0.0,18
23,reset_l2,0.5,8,125.0,L1,syn_current,1.0,1.3343220141622404e-16,1.0,1.2549831513118703e-16,0.0,0.0,18
23,reset_l2,0.5,8,125.0,L1,pre_reset,1.0,1.4332917616497527e-16,1.0,1.2819751242557092e-16,0.0,0.0,18
23,reset_l2,0.5,8,125.0,L2,spike50,0.8107077485362141,0.0956148424551827,0.8948408744170853,0.0483268941565355,0.4454183581993444,0.1075511148797541,18
23,reset_l2,0.5,8,125.0,L2,syn_current,0.896535354056317,0.0857934939075432,0.9367481179559116,0.0391145778140445,0.3857713901593986,0.091147179514003,18
23,reset_l2,0.5,8,125.0,L2,pre_reset,0.8471818505108379,0.1112479140725064,0.8952939857412733,0.0622810560277852,0.4756856511514942,0.1087959465300253,18
23,reset_l2,0.5,16,250.0,L1,spike50,1.0,1.4332917616497527e-16,1.0,1.2819751242557092e-16,0.0,0.0,18
23,reset_l2,0.5,16,250.0,L1,syn_current,1.0,1.7358025238735567e-16,1.0,1.3597399555105182e-16,0.0,0.0,18
23,reset_l2,0.5,16,250.0,L1,pre_reset,1.0,1.548132042069375e-16,1.0,1.4092011087418584e-16,0.0,0.0,18
23,reset_l2,0.5,16,250.0,L2,spike50,0.9301407958233016,0.0309415309753917,0.9665089352245756,0.0158605366570003,0.2536585977985668,0.0601498240174771,18
23,reset_l2,0.5,16,250.0,L2,syn_current,0.9644821930344164,0.0193452487480121,0.9806809803899146,0.0079147391655728,0.2180579412260841,0.040446976481513,18
23,reset_l2,0.5,16,250.0,L2,pre_reset,0.9432590132521234,0.0305418124586701,0.9657046706248836,0.0138885031571642,0.2847778911286476,0.0554869358773749,18
23,reset_l2,0.5,32,500.0,L1,spike50,1.0,1.1491900087240784e-16,1.0,1.3597399555105182e-16,0.0,0.0,14
23,reset_l2,0.5,32,500.0,L1,syn_current,1.0,1.5418001871423694e-16,1.0,1.7301576226679928e-16,0.0,0.0,14
23,reset_l2,0.5,32,500.0,L1,pre_reset,1.0,1.4835979218054372e-16,1.0,1.2234061875101336e-16,0.0,0.0,14
23,reset_l2,0.5,32,500.0,L2,spike50,0.9862024128217152,0.0064557060181818,0.9935827389280848,0.0035174869833836,0.1091559470334816,0.0317072315535358,14
23,reset_l2,0.5,32,500.0,L2,syn_current,0.9964244707538524,0.0020968259850864,0.9977917605577176,0.001320568590248,0.0701022612676849,0.0224786486474131,14
23,reset_l2,0.5,32,500.0,L2,pre_reset,0.9930325589148244,0.0044514220467869,0.9956066027620684,0.0024456220214651,0.0983925502758566,0.0303362454504513,14
23,reset_l2,0.75,0,0.0,L1,spike50,1.0,1.5917499294642454e-16,1.0,1.308410382236479e-16,0.0,0.0,18
23,reset_l2,0.75,0,0.0,L1,syn_current,1.0,1.548132042069375e-16,1.0,1.3846913936850747e-16,0.0,0.0,18
23,reset_l2,0.75,0,0.0,L1,pre_reset,1.0,1.3343220141622404e-16,1.0,1.3343220141622404e-16,0.0,0.0,18
23,reset_l2,0.75,0,0.0,L2,spike50,0.9808583230240384,0.0064550011223088,0.9909219563612918,0.0030712920579526,0.2672103547717733,0.0179504332809136,18
23,reset_l2,0.75,0,0.0,L2,syn_current,0.4865604247966053,0.216920832218003,0.6380766737693592,0.1617559978078049,0.8850914726464341,0.0678051122233378,16
23,reset_l2,0.75,0,0.0,L2,pre_reset,0.4230318196995852,0.21869442164143,0.578508083510388,0.1805440037635017,0.928234454084816,0.0455572617062207,16
23,reset_l2,0.75,1,15.625,L1,spike50,1.0,1.655022768831515e-16,1.0,1.1406457265696475e-16,0.0,0.0,18
23,reset_l2,0.75,1,15.625,L1,syn_current,1.0,1.6131166563777087e-16,1.0,9.064933036736788e-17,0.0,0.0,18
23,reset_l2,0.75,1,15.625,L1,pre_reset,1.0,1.1406457265696475e-16,1.0,1.3597399555105182e-16,0.0,0.0,18
23,reset_l2,0.75,1,15.625,L2,spike50,0.9488044935972008,0.016545908397145,0.9754319197607072,0.0075755234372765,0.4895280668968466,0.0311836851962693,18
23,reset_l2,0.75,1,15.625,L2,syn_current,0.674697697282189,0.125993070461117,0.7952334787979054,0.0710032435802529,0.7786070242825368,0.0341090548189283,18
23,reset_l2,0.75,1,15.625,L2,pre_reset,0.5932222217399089,0.1331720833307552,0.7317778598632283,0.0873374449362036,0.8333175247134359,0.0439335910036938,18
23,reset_l2,0.75,2,31.25,L1,spike50,1.0,1.308410382236479e-16,1.0,1.8317745351310708e-16,0.0,0.0,18
23,reset_l2,0.75,2,31.25,L1,syn_current,1.0,1.480297366166875e-16,1.0,9.435081445006127e-17,0.0,0.0,18
23,reset_l2,0.75,2,31.25,L1,pre_reset,1.0,1.4092011087418584e-16,1.0,8.275113844157577e-17,0.0,0.0,18
23,reset_l2,0.75,2,31.25,L2,spike50,0.8131603815115773,0.0391016582404866,0.8990124808860737,0.0177292345396623,0.6712356650235416,0.0606786284148327,18
23,reset_l2,0.75,2,31.25,L2,syn_current,0.7304925930737974,0.1274623688910876,0.8422211039140506,0.0608822141254783,0.7031983084366593,0.0619545695069371,18
23,reset_l2,0.75,2,31.25,L2,pre_reset,0.6660620279919645,0.1366931653927332,0.7903696617678995,0.0789222869335716,0.7499777530279759,0.0628667039050319,18
23,reset_l2,0.75,4,62.5,L1,spike50,1.0,1.4569841396346152e-16,1.0,1.013490324081353e-16,0.0,0.0,18
23,reset_l2,0.75,4,62.5,L1,syn_current,1.0,1.634204043630099e-16,1.0,1.199177923332954e-16,0.0,0.0,18
23,reset_l2,0.75,4,62.5,L1,pre_reset,1.0,1.4569841396346152e-16,1.0,1.227397735431716e-16,0.0,0.0,18
23,reset_l2,0.75,4,62.5,L2,spike50,0.5868592238895851,0.115443090081964,0.7313989838627807,0.0853408377274883,0.7294422556028041,0.1061553793787636,18
23,reset_l2,0.75,4,62.5,L2,syn_current,0.7835422917729884,0.1283338139144135,0.8893243355230251,0.04142063871925,0.5807060079777719,0.0464684684586523,18
23,reset_l2,0.75,4,62.5,L2,pre_reset,0.7260228477760375,0.1531257925687053,0.8445850161980989,0.0583051182782277,0.6462870023526445,0.0586746440772603,18
23,reset_l2,0.75,8,125.0,L1,spike50,1.0,1.3846913936850747e-16,1.0,1.013490324081353e-16,0.0,0.0,18
23,reset_l2,0.75,8,125.0,L1,syn_current,1.0,1.3597399555105182e-16,1.0,1.1102230246251563e-16,0.0,0.0,18
23,reset_l2,0.75,8,125.0,L1,pre_reset,1.0,1.3597399555105182e-16,1.0,1.199177923332954e-16,0.0,0.0,18
23,reset_l2,0.75,8,125.0,L2,spike50,0.8053803862300184,0.0571161691111314,0.898053780232602,0.0295133661519863,0.4510878089437324,0.072037939364673,18
23,reset_l2,0.75,8,125.0,L2,syn_current,0.9062668683384392,0.0418697755509454,0.9452914028311564,0.0206380592254758,0.4142697070476926,0.0576172248392642,18
23,reset_l2,0.75,8,125.0,L2,pre_reset,0.8634159396716723,0.0489443915553267,0.914587489502421,0.0268267200720036,0.5015182156807397,0.0648909232382287,18
23,reset_l2,0.75,16,250.0,L1,spike50,1.0,1.2234061875101336e-16,1.0,1.3597399555105182e-16,0.0,0.0,14
23,reset_l2,0.75,16,250.0,L1,syn_current,1.0,1.3597399555105182e-16,1.0,1.1102230246251563e-16,0.0,0.0,14
23,reset_l2,0.75,16,250.0,L1,pre_reset,1.0,9.841075292759332e-17,1.0,1.0698376758482635e-16,0.0,0.0,14
23,reset_l2,0.75,16,250.0,L2,spike50,0.9226205122502872,0.0278315139419867,0.9616609786335802,0.0166432557108851,0.2731108356428247,0.0631783608432417,14
23,reset_l2,0.75,16,250.0,L2,syn_current,0.9620338180710296,0.0185075123013312,0.9785222831865366,0.0096260170537227,0.2499940189781231,0.0586274252674902,14
23,reset_l2,0.75,16,250.0,L2,pre_reset,0.9400405658608906,0.0351565545532657,0.9634643093348636,0.0186283567623671,0.3175993930701243,0.0740283329372026,14
23,reset_both,0.25,0,0.0,L1,spike50,0.9157625232101146,0.0895723868753282,0.9210605502397344,0.0884318184930473,0.3576421974313745,0.2078566304665155,111
23,reset_both,0.25,0,0.0,L1,syn_current,0.5648878603133459,0.1878114718295773,0.5916795878216781,0.1748855080561118,0.8677331296713291,0.1515138964340686,90
23,reset_both,0.25,0,0.0,L1,pre_reset,0.4561891195304925,0.1578906085425936,0.4877337141192904,0.1494783584293711,0.929364103417036,0.0879301369683577,90
23,reset_both,0.25,0,0.0,L2,spike50,0.9580428755686156,0.0745036581315176,0.9652305812136264,0.0734802907218898,0.3028678694879525,0.2065990368385635,104
23,reset_both,0.25,0,0.0,L2,syn_current,-0.4675120465677239,0.0,-0.4350631775018917,0.0,0.8991508218406277,0.3024187051999351,1
23,reset_both,0.25,0,0.0,L2,pre_reset,-0.4551133626735302,0.0,-0.4266691216908656,0.0,0.8989689118722809,0.3023100498655874,1
23,reset_both,0.25,1,15.625,L1,spike50,0.84948342669261,0.1265089719103196,0.8591308056607558,0.1246083502787521,0.5574098046406519,0.2267287250554389,111
23,reset_both,0.25,1,15.625,L1,syn_current,0.6428068611045064,0.1790353663749511,0.6634928786418738,0.1665212023833405,0.7665274589771021,0.164431497917739,120
23,reset_both,0.25,1,15.625,L1,pre_reset,0.5480275400778599,0.1698880962363512,0.5734264280291458,0.1612791264134419,0.843436761884531,0.1263629108502612,120
23,reset_both,0.25,1,15.625,L2,spike50,0.9149983248901932,0.110986754704066,0.9328119908252528,0.1087780418111595,0.5178803680741582,0.2362388958734451,105
23,reset_both,0.25,1,15.625,L2,syn_current,0.3558057441637178,0.3173013145684167,0.3575199647798076,0.2983894054515871,0.9187228989426376,0.2691119954651365,9
23,reset_both,0.25,1,15.625,L2,pre_reset,0.3174666390657109,0.3330149741001471,0.3216244803390705,0.3174690910519304,0.9194038742771948,0.268857194808158,9
23,reset_both,0.25,2,31.25,L1,spike50,0.6862709578176931,0.1363446706027347,0.7037444213371075,0.1357538277200358,0.7541964376518091,0.2141672296584052,109
23,reset_both,0.25,2,31.25,L1,syn_current,0.7340617904296166,0.1417619815876304,0.7489116869489246,0.1339650173917117,0.6855247093953182,0.1682038763821345,124
23,reset_both,0.25,2,31.25,L1,pre_reset,0.6593251479679317,0.1433581065167657,0.6781932637894278,0.1375800138374737,0.7573427009732412,0.1418229093255709,124
23,reset_both,0.25,2,31.25,L2,spike50,0.8204912196892812,0.158075751932522,0.8628146815066974,0.1478117468349792,0.7072597991395024,0.2575603132979879,107
23,reset_both,0.25,2,31.25,L2,syn_current,0.4363284371717379,0.3191386104267474,0.4312942199108648,0.3146554563627278,0.9288900241699404,0.2336737304320945,22
23,reset_both,0.25,2,31.25,L2,pre_reset,0.4078964877872891,0.3289188531971244,0.4047953839473069,0.3277453668470259,0.932316348392841,0.2318120842396421,22
23,reset_both,0.25,4,62.5,L1,spike50,0.4876505757904849,0.2012345557879829,0.5103599693141433,0.1985125755362574,0.9086520275356968,0.1732795078712396,66
23,reset_both,0.25,4,62.5,L1,syn_current,0.8250069820479158,0.1057368721606934,0.835028364053926,0.1009566087651258,0.5682546383391766,0.1618595110371536,128
23,reset_both,0.25,4,62.5,L1,pre_reset,0.7752021089483345,0.1152044729860522,0.787710062992294,0.1110439371164075,0.6263753327893326,0.1509229047656892,128
23,reset_both,0.25,4,62.5,L2,spike50,0.2468331606825179,0.2040632909637192,0.3728673519710276,0.2003986201771907,0.9287703710757064,0.2150121601668961,39
23,reset_both,0.25,4,62.5,L2,syn_current,0.4065304956228887,0.3278359221888212,0.4274943006056436,0.2943912617511525,0.9285910061920952,0.1545525484968164,66
23,reset_both,0.25,4,62.5,L2,pre_reset,0.3793459050570613,0.328933322685646,0.3935433396546712,0.3058203198607496,0.9377375483689592,0.1522593593747909,66
23,reset_both,0.25,8,125.0,L1,spike50,0.6675500870081795,0.2024215853837207,0.6857421908848018,0.2014724716872802,0.7636012408101402,0.2144075914053033,102
23,reset_both,0.25,8,125.0,L1,syn_current,0.915047216078448,0.057766695136793,0.9209033821981788,0.0539712970189468,0.4202307185685857,0.1371753361528069,128
23,reset_both,0.25,8,125.0,L1,pre_reset,0.8890145948620024,0.0653621743550081,0.8958236935662393,0.0615403515842709,0.4592149217939544,0.132692627685655,128
23,reset_both,0.25,8,125.0,L2,spike50,0.4400173447713847,0.2422307561053586,0.5708249666108931,0.221284910644022,0.8336698031862422,0.2122846050692707,87
23,reset_both,0.25,8,125.0,L2,syn_current,0.608142945167506,0.277890181603433,0.6273570392202634,0.2514519501139797,0.8066444953750463,0.2002619720067255,103
23,reset_both,0.25,8,125.0,L2,pre_reset,0.576801769713038,0.280945691747699,0.5887019561147,0.2610999675626957,0.8297263684338849,0.1919693829324159,103
23,reset_both,0.25,16,250.0,L1,spike50,0.873580713805073,0.1075631533767488,0.8825721072373647,0.1078235542380181,0.4900705266961174,0.1761930227062738,124
23,reset_both,0.25,16,250.0,L1,syn_current,0.9837637920085144,0.0112836482080551,0.984954073924204,0.0105514689352715,0.2122018800615026,0.0700533977231191,128
23,reset_both,0.25,16,250.0,L1,pre_reset,0.9730313623053474,0.0156419016127611,0.9745226647573896,0.0147292926359927,0.2504855400364982,0.0690409730616516,128
23,reset_both,0.25,16,250.0,L2,spike50,0.6101537292049368,0.2196308542759731,0.7398284873958004,0.1951475094013096,0.644565826483761,0.2083829672715874,121
23,reset_both,0.25,16,250.0,L2,syn_current,0.7463708695533317,0.2109993287430171,0.7934919164478585,0.1556918514451613,0.6145909759293641,0.1901175456684148,125
23,reset_both,0.25,16,250.0,L2,pre_reset,0.721485780800112,0.2273780248215523,0.7611088037771695,0.1724956328810132,0.6472207148535272,0.1935013205343429,125
23,reset_both,0.25,32,500.0,L1,spike50,0.9663719848743408,0.0268192257913933,0.9693639034340557,0.0264322473249717,0.2450668924061525,0.0914788834998932,128
23,reset_both,0.25,32,500.0,L1,syn_current,0.9984489331496432,0.0011821772775973,0.9985386470463636,0.0011089378663381,0.0739505215942004,0.0311238114330396,128
23,reset_both,0.25,32,500.0,L1,pre_reset,0.9937731973677616,0.0033781839470209,0.994077177998323,0.0032008173145197,0.1159907494992665,0.0326090290979464,128
23,reset_both,0.25,32,500.0,L2,spike50,0.8447808572078301,0.0992541450470201,0.9214904404122248,0.0650206512702464,0.3692688886614182,0.1219374811689673,128
23,reset_both,0.25,32,500.0,L2,syn_current,0.9155927892640926,0.0663488794203593,0.9397646548839002,0.0425903030016339,0.3392520452481674,0.1129446988439866,128
23,reset_both,0.25,32,500.0,L2,pre_reset,0.9087048576437384,0.072106882039988,0.9302116267272806,0.0486068973949272,0.3641242454524946,0.1215301829253926,128
23,reset_both,0.5,0,0.0,L1,spike50,0.9634720027968297,0.0211627034716277,0.9671711696830312,0.0204929433798622,0.3292182516693922,0.1187550017485535,126
23,reset_both,0.5,0,0.0,L1,syn_current,0.5006187400678128,0.1653233165972376,0.5228876463383857,0.1540332208329794,0.9158686754858922,0.099760716371532,83
23,reset_both,0.5,0,0.0,L1,pre_reset,0.410812878903074,0.1259595008336619,0.4339453092201427,0.1204308354803505,0.9565246423947438,0.0517825444822082,83
23,reset_both,0.5,0,0.0,L2,spike50,0.9844742477598324,0.0080256860736905,0.991776600882556,0.0052583638542708,0.2681982496532458,0.0308653501105131,127
23,reset_both,0.5,0,0.0,L2,syn_current,,,,,0.9999999999998512,1.967431575384907e-13,0
23,reset_both,0.5,0,0.0,L2,pre_reset,,,,,0.9999999999999074,1.069039486207374e-13,0
23,reset_both,0.5,1,15.625,L1,spike50,0.927767437645852,0.0471340953254466,0.9345016196731224,0.0457172741482221,0.5475156464157493,0.0972055356236592,125
23,reset_both,0.5,1,15.625,L1,syn_current,0.5807454380719137,0.1657015048744276,0.6025387141534673,0.1568672483597893,0.8429312101052524,0.1215268775149135,114
23,reset_both,0.5,1,15.625,L1,pre_reset,0.5043702348885385,0.1486944262328888,0.5266376402380516,0.1430980152915954,0.894696293525242,0.0853367025397804,114
23,reset_both,0.5,1,15.625,L2,spike50,0.9591620581084184,0.0198360641855126,0.978375206682389,0.0116018265806916,0.5101093628159923,0.0481220821324753,127
23,reset_both,0.5,1,15.625,L2,syn_current,0.3451786865749935,0.1533986345327597,0.3578889794592824,0.0509926864398567,0.9993220287663204,0.0057558991523152,2
23,reset_both,0.5,1,15.625,L2,pre_reset,0.2870237876880435,0.150979162637392,0.3050107446262357,0.0556038774520667,0.999581341066465,0.0036903689965945,2
23,reset_both,0.5,2,31.25,L1,spike50,0.7827870776100636,0.1069736831394091,0.8001865331028352,0.1066451723953221,0.775204386129343,0.0793635404695212,120
23,reset_both,0.5,2,31.25,L1,syn_current,0.6519651792616841,0.1365318748357752,0.6722384219783031,0.1302099060916892,0.7862856059451578,0.1172668183348108,124
23,reset_both,0.5,2,31.25,L1,pre_reset,0.5890421504565169,0.1322050925114891,0.6099504696991971,0.1275162742989804,0.8344926972588397,0.098228997397002,124
23,reset_both,0.5,2,31.25,L2,spike50,0.8782924260504649,0.0596850363992252,0.9309222054672006,0.0394019296928879,0.7530915754523198,0.0682538383579751,127
23,reset_both,0.5,2,31.25,L2,syn_current,0.1985063262359206,0.3612801001103334,0.1988463019556216,0.3305332585751446,0.9949696939074194,0.0397796864703449,17
23,reset_both,0.5,2,31.25,L2,pre_reset,0.1598052812091011,0.3679134380432119,0.1652923131023473,0.3478522323443956,0.995856207989288,0.0338685511778246,17
23,reset_both,0.5,4,62.5,L1,spike50,0.3522584566120342,0.1894861611588891,0.3858972656093825,0.1876724976994615,0.96906337652812,0.0545495412997566,58
23,reset_both,0.5,4,62.5,L1,syn_current,0.7605977690085775,0.1124950969465563,0.77618342137482,0.1061743472241587,0.6803060368918449,0.1221326246768093,128
23,reset_both,0.5,4,62.5,L1,pre_reset,0.7169754742501346,0.1141376642784021,0.7327731451682584,0.1086743289783719,0.7187871058662086,0.1098876318022048,128
23,reset_both,0.5,4,62.5,L2,spike50,0.1281097061542594,0.2102813222117815,0.317591008830653,0.1849088680251748,0.989003206031505,0.0366164843985707,27
23,reset_both,0.5,4,62.5,L2,syn_current,0.2390898045820941,0.3241045629936927,0.2718663001150688,0.2980593691737538,0.980484555720982,0.054481667258593,58
23,reset_both,0.5,4,62.5,L2,pre_reset,0.2055021701237481,0.3262627407295017,0.2333309083610728,0.3092228325064004,0.986272791493517,0.0452998878305094,58
23,reset_both,0.5,8,125.0,L1,spike50,0.626848237566312,0.1661873226438144,0.651138220807944,0.1665919043519185,0.8329798315140482,0.1557403548857084,98
23,reset_both,0.5,8,125.0,L1,syn_current,0.886690626529562,0.0647024284821533,0.8947203988175922,0.0609009979043377,0.5144297851033506,0.1242882444324461,128
23,reset_both,0.5,8,125.0,L1,pre_reset,0.8608820411050165,0.0693676031839645,0.8685314901417105,0.0657358591655101,0.5415474060605499,0.1140534719411177,128
23,reset_both,0.5,8,125.0,L2,spike50,0.2676820374300179,0.2468600114644879,0.4763859905708739,0.2314880280287288,0.9095923670336136,0.1226353174887362,80
23,reset_both,0.5,8,125.0,L2,syn_current,0.4140778522223158,0.3179216326883301,0.469535244725181,0.2758324930414783,0.9017708650828852,0.133461992198874,98
23,reset_both,0.5,8,125.0,L2,pre_reset,0.3697039408977314,0.3201100585037124,0.4108580315361556,0.2873254430068566,0.9224068920273146,0.1163164731999649,98
23,reset_both,0.5,16,250.0,L1,spike50,0.8660039626768569,0.0676406529506427,0.8764986231521392,0.06797092433694,0.5354864289515799,0.1612125082734009,124
23,reset_both,0.5,16,250.0,L1,syn_current,0.9763712754433264,0.0163160181134618,0.9780588448458676,0.0151488029172918,0.2778425995570395,0.0855856977955187,128
23,reset_both,0.5,16,250.0,L1,pre_reset,0.9645251532637794,0.0193212923071186,0.9659589387389782,0.0183328951871715,0.3071747941157193,0.0784658342221393,128
23,reset_both,0.5,16,250.0,L2,spike50,0.5052784444189701,0.2138505685163243,0.6905894133763079,0.1756592351241019,0.717802538919116,0.1708432210703077,122
23,reset_both,0.5,16,250.0,L2,syn_current,0.6519609433364305,0.2217242672306637,0.7118282449341459,0.1667510212350123,0.7162107876201657,0.180182531829335,126
23,reset_both,0.5,16,250.0,L2,pre_reset,0.6198105572623999,0.2265578776093222,0.6667439358743861,0.1868551235617749,0.7555882738364823,0.1768324855205532,126
23,reset_both,0.5,32,500.0,L1,spike50,0.9542006096884024,0.0276758047174457,0.9580916298416676,0.027107629469308,0.2999020550426512,0.0927334431409289,98
23,reset_both,0.5,32,500.0,L1,syn_current,0.9971857752800478,0.0018677114058203,0.9973299877632736,0.0017765979180686,0.1078808070496845,0.0332777097044689,98
23,reset_both,0.5,32,500.0,L1,pre_reset,0.9917317145449204,0.0037389152979321,0.9920391274243052,0.0035817183362023,0.1452800614661816,0.0321215809352627,98
23,reset_both,0.5,32,500.0,L2,spike50,0.7517871905459558,0.14448214004092,0.8797401261933827,0.0787268229243697,0.4576748582703531,0.1382338361823196,98
23,reset_both,0.5,32,500.0,L2,syn_current,0.8470926510182455,0.12274425931934,0.8926881600686692,0.0744096890107236,0.4549523280257276,0.14258109152899,98
23,reset_both,0.5,32,500.0,L2,pre_reset,0.8261334916989359,0.1380993432821718,0.868015692233099,0.0893978816006409,0.5002049103548196,0.1569424718048285,98
23,reset_both,0.75,0,0.0,L1,spike50,0.9690347018365416,0.0165062895505682,0.9720929269261496,0.0158936290225625,0.3111575806965728,0.0594063060418506,128
23,reset_both,0.75,0,0.0,L1,syn_current,0.4891246959522685,0.1525888609882405,0.5179150321993974,0.1424970979819113,0.9156696373839311,0.0941614413278494,91
23,reset_both,0.75,0,0.0,L1,pre_reset,0.4109038660371588,0.124537524099356,0.438885452253567,0.1184776319792755,0.954342745483445,0.0523536607612462,91
23,reset_both,0.75,0,0.0,L2,spike50,0.9836226622212324,0.0089883785578398,0.99216517610466,0.0052718622935479,0.2681767811527247,0.0162304128269118,128
23,reset_both,0.75,0,0.0,L2,syn_current,,,,,0.999999999999879,4.507420772549416e-14,0
23,reset_both,0.75,0,0.0,L2,pre_reset,,,,,0.9999999999999226,3.4275771804094924e-14,0
23,reset_both,0.75,1,15.625,L1,spike50,0.9372914315855154,0.0482482521179501,0.9431882294242074,0.0468002228893353,0.5333544063993044,0.0599362945201448,128
23,reset_both,0.75,1,15.625,L1,syn_current,0.6060001582917047,0.1384930282652069,0.6294817967887468,0.1296285637739395,0.82461032130094,0.1164092603710127,120
23,reset_both,0.75,1,15.625,L1,pre_reset,0.5275964089479231,0.1271927882184897,0.55205601483425,0.1214635134710838,0.8826191979596679,0.0832629527284358,120
23,reset_both,0.75,1,15.625,L2,spike50,0.95584210467432,0.0246022250531779,0.9787861469822244,0.0130353046699711,0.5126948028697655,0.0170620580472436,128
23,reset_both,0.75,1,15.625,L2,syn_current,0.380703615761237,0.21858717797005,0.364805460473014,0.184812899911575,0.9959299506928528,0.0209626222187584,8
23,reset_both,0.75,1,15.625,L2,pre_reset,0.3106920342945142,0.2093179535177462,0.302600586456267,0.1861074653930368,0.9976145744712692,0.0128235966084359,8
23,reset_both,0.75,2,31.25,L1,spike50,0.8150219734601114,0.0667366467157388,0.8307383055658472,0.0634660096724048,0.7575852315755898,0.0434794332561407,128
23,reset_both,0.75,2,31.25,L1,syn_current,0.681690558925768,0.1277869061351508,0.701556911097235,0.1183843188793465,0.7610027631563572,0.1188772558532461,126
23,reset_both,0.75,2,31.25,L1,pre_reset,0.6201331594495627,0.1221192070745427,0.6404564297031611,0.1155243378553249,0.811587620264269,0.096724844326703,126
23,reset_both,0.75,2,31.25,L2,spike50,0.8686751745077506,0.0670518975655921,0.9327583349992355,0.0388702962048554,0.754499340252389,0.0181060016862943,128
23,reset_both,0.75,2,31.25,L2,syn_current,0.2695955386506771,0.3122784336736952,0.2697315195494575,0.2733121313475175,0.992154492977844,0.0366261265631658,23
23,reset_both,0.75,2,31.25,L2,pre_reset,0.2474611651193581,0.3059202908290758,0.247037043307093,0.2703775363456797,0.9939590550177856,0.026819737852462,23
23,reset_both,0.75,4,62.5,L1,spike50,0.4592261050274375,0.1545203714161878,0.489476213908396,0.1540401337443147,0.9509323387105412,0.0671054561022348,66
23,reset_both,0.75,4,62.5,L1,syn_current,0.784344707777527,0.0980710114902329,0.7985622723510182,0.0921646704905989,0.6640518647727098,0.1209717698587365,128
23,reset_both,0.75,4,62.5,L1,pre_reset,0.7435036983827884,0.098657136706959,0.7574524319656231,0.093991585288183,0.6981385672871262,0.1077081185436315,128
23,reset_both,0.75,4,62.5,L2,spike50,0.1353140892916466,0.2020145603299015,0.330456252213701,0.1953629260059822,0.9802697246683684,0.0514966634540502,39
23,reset_both,0.75,4,62.5,L2,syn_current,0.2375450267901596,0.3048487206405867,0.2919214917856176,0.2548689282318001,0.9758906834300438,0.0681828956399196,66
23,reset_both,0.75,4,62.5,L2,pre_reset,0.1960609440657039,0.2939911108901316,0.2415110599792829,0.2543308449560544,0.9832956164606972,0.0536358343142332,66
23,reset_both,0.75,8,125.0,L1,spike50,0.621326915139427,0.143218142940823,0.6429293958015447,0.1465115636445314,0.8376422218421954,0.1358262159786758,103
23,reset_both,0.75,8,125.0,L1,syn_current,0.8978231657480693,0.0584210476291016,0.9044675691926478,0.0562440230657367,0.5143213121847834,0.1127645261989497,128
23,reset_both,0.75,8,125.0,L1,pre_reset,0.8737331772464829,0.0644832868990069,0.8796101567080178,0.0632369861678723,0.5368868502850788,0.1061062806637206,128
23,reset_both,0.75,8,125.0,L2,spike50,0.22219921646811,0.2395524557510191,0.4587450523124042,0.192863995143781,0.9259850288821756,0.105819020756396,77
23,reset_both,0.75,8,125.0,L2,syn_current,0.3458670885777532,0.3040619991516777,0.4150465504602946,0.2461401995758237,0.9336672696019632,0.1114947912954662,106
23,reset_both,0.75,8,125.0,L2,pre_reset,0.3155573164688925,0.297625711075638,0.3658617397819207,0.2507982978418152,0.9474009271409514,0.0993987474954004,106
23,reset_both,0.75,16,250.0,L1,spike50,0.8218816900898845,0.1094779074381033,0.832617980296029,0.1089957305772991,0.6254667285165865,0.1770293374231867,95
23,reset_both,0.75,16,250.0,L1,syn_current,0.9714083947131108,0.0174278516115403,0.9728821843596868,0.0165894956908245,0.3173860399845752,0.0903886653970387,101
23,reset_both,0.75,16,250.0,L1,pre_reset,0.9608793950788682,0.0204561356984175,0.9616979936798734,0.0202367820861397,0.3341424369697143,0.0816706780584247,101
23,reset_both,0.75,16,250.0,L2,spike50,0.3413539737558794,0.2517854423321972,0.5940214434818996,0.1858295674568392,0.8117058489131178,0.1499409614989094,91
23,reset_both,0.75,16,250.0,L2,syn_current,0.4647444732902602,0.303433564902441,0.5857161785429157,0.2009494047282587,0.833823338207208,0.1605911029399619,97
23,reset_both,0.75,16,250.0,L2,pre_reset,0.4300762364254935,0.2956137590121979,0.5306598985027027,0.2130191049454162,0.865085677007639,0.1547265060772437,97
23,reset_both,0.75,32,500.0,L1,spike50,0.9248598242904018,0.035733925636484,0.9266916186641916,0.0355588299851846,0.4378297389398656,0.1044964056066433,2
23,reset_both,0.75,32,500.0,L1,syn_current,0.9980286409536452,0.0005716940703544,0.9981246455513022,0.000604654202831,0.1094224129115679,0.0284543566043265,2
23,reset_both,0.75,32,500.0,L1,pre_reset,0.99506240664984,0.0009561981003824,0.9953379413473168,0.001031861280931,0.1274779636486876,0.0306695074684855,2
23,reset_both,0.75,32,500.0,L2,spike50,0.6384135266028794,0.1206886585532791,0.7211061621784398,0.1057637998409679,0.7025530660561241,0.091172327263223,2
23,reset_both,0.75,32,500.0,L2,syn_current,0.8467164899053661,0.0431575612622744,0.9060112951429126,0.0311682531806398,0.5259541409182824,0.0900649585254043,2
23,reset_both,0.75,32,500.0,L2,pre_reset,0.7630227860577024,0.0666470969774723,0.8570948962345556,0.0446128680904438,0.5663095715885416,0.1064046738945429,2
23,reset_both,0.25,0,0.0,L1,spike50,0.9267696324866368,0.0502927487528544,0.9314121077843108,0.0493299415629127,0.3539492946303103,0.1562125070014282,17
23,reset_both,0.25,0,0.0,L1,syn_current,0.5241014833733972,0.1701059805497836,0.5520128261821717,0.1735873616598997,0.8982728441895378,0.1035042227703722,12
23,reset_both,0.25,0,0.0,L1,pre_reset,0.4133266861643423,0.1315190166026867,0.4517826500895019,0.1410366466223799,0.948669884127416,0.051170784755529,12
23,reset_both,0.25,0,0.0,L2,spike50,0.9362393489333212,0.0753036901745968,0.9455869340851296,0.0690619490823856,0.3155745425160555,0.1900499785559443,15
23,reset_both,0.25,0,0.0,L2,syn_current,,,,,0.9999999999994154,9.50137475935671e-13,0
23,reset_both,0.25,0,0.0,L2,pre_reset,,,,,0.9999999999996604,4.495979951567759e-13,0
23,reset_both,0.25,1,15.625,L1,spike50,0.8973126282159798,0.0640052792982629,0.9043813704481112,0.0619039487726668,0.4965330851389311,0.1919448659081835,17
23,reset_both,0.25,1,15.625,L1,syn_current,0.5992380709392635,0.1770700888021775,0.6292075772866471,0.1699047148079,0.8172367320134227,0.130049669166595,16
23,reset_both,0.25,1,15.625,L1,pre_reset,0.5194328952817704,0.161410841554657,0.5579295806364779,0.157779216574672,0.8770644468021871,0.0926719416191301,16
23,reset_both,0.25,1,15.625,L2,spike50,0.9140278554246958,0.0839396042172472,0.92801539323833,0.0793134377359577,0.4860179365110098,0.2339774359102551,15
23,reset_both,0.25,1,15.625,L2,syn_current,,,,,0.9999999999994154,1.0512530095784598e-12,0
23,reset_both,0.25,1,15.625,L2,pre_reset,,,,,0.9999999999996776,4.762899390072428e-13,0
23,reset_both,0.25,2,31.25,L1,spike50,0.6988394581098689,0.1180209537010548,0.710320882848008,0.1172631632653089,0.8095593412650722,0.1106648397013399,15
23,reset_both,0.25,2,31.25,L1,syn_current,0.6981700595852623,0.1416128990416708,0.7220372385050106,0.1437677769068134,0.724306608771458,0.1183253622101567,18
23,reset_both,0.25,2,31.25,L1,pre_reset,0.6220693896541865,0.1400380060188614,0.6554553701753048,0.1406765454795086,0.7936363339634032,0.1019549335309964,18
23,reset_both,0.25,2,31.25,L2,spike50,0.8176774925190421,0.106774358095127,0.8489394072115063,0.103298565401687,0.712465846494827,0.2590671639052806,15
23,reset_both,0.25,2,31.25,L2,syn_current,,,,,0.9999999999996512,3.2429057511472714e-13,0
23,reset_both,0.25,2,31.25,L2,pre_reset,,,,,0.9999999999997607,2.4387237850474977e-13,0
23,reset_both,0.25,4,62.5,L1,spike50,0.3755396310426878,0.0371756457748674,0.3976844537056768,0.0495291417942811,0.9924153514111932,0.0226418665599671,2
23,reset_both,0.25,4,62.5,L1,syn_current,0.7786507225531586,0.1012165976164886,0.7976873682517192,0.0984825762943628,0.655361275098395,0.1284172609224912,18
23,reset_both,0.25,4,62.5,L1,pre_reset,0.7364806655485988,0.0946318127212601,0.7603633213397342,0.0936395796885408,0.689835969855872,0.1063441831520877,18
23,reset_both,0.25,4,62.5,L2,spike50,0.0727577772580134,0.0,0.1484784677291246,0.0,0.9439276373459798,0.2289459615593522,1
23,reset_both,0.25,4,62.5,L2,syn_current,0.2230121740797376,0.4364365978148408,0.1956883306229966,0.4608125407947339,0.991547660594589,0.04777570229275,2
23,reset_both,0.25,4,62.5,L2,pre_reset,0.1951406487984887,0.4163422579205335,0.1783781992321534,0.4330879266923892,0.99360653115076,0.0337556417535905,2
23,reset_both,0.25,8,125.0,L1,spike50,0.4929169454680904,0.202902369224488,0.5080318562628512,0.2004809451224718,0.94149514980491,0.0961127762456352,8
23,reset_both,0.25,8,125.0,L1,syn_current,0.8942631732117972,0.0596886002197038,0.9052126926468396,0.0545850929005597,0.4889092522678079,0.1387529825286327,18
23,reset_both,0.25,8,125.0,L1,pre_reset,0.8692563883222905,0.0652736847360234,0.8830038043852869,0.060152502892108,0.5126025620002299,0.1303906923712853,18
23,reset_both,0.25,8,125.0,L2,spike50,0.2579372823105008,0.1614683048785026,0.3433139275396929,0.1730800045365789,0.9850896289779786,0.0393413674908242,4
23,reset_both,0.25,8,125.0,L2,syn_current,0.5362621192418874,0.2507548594465393,0.5364946489394526,0.2234000125485082,0.946176291414312,0.0849040825572071,8
23,reset_both,0.25,8,125.0,L2,pre_reset,0.5124165290890104,0.2349331145353786,0.5146561040356072,0.213885226464248,0.9425441052817356,0.0917586453282695,8
23,reset_both,0.25,16,250.0,L1,spike50,0.8103912376798401,0.127270248499517,0.8177365900374185,0.1274793893654436,0.591459716315759,0.1965585810776205,18
23,reset_both,0.25,16,250.0,L1,syn_current,0.981665366629929,0.0098626679820463,0.9832045292394754,0.0094575888386994,0.2410618235601767,0.0595106979200304,18
23,reset_both,0.25,16,250.0,L1,pre_reset,0.9721755629906188,0.0117309067909346,0.9744787371927892,0.0108645217135566,0.2642626004985397,0.0565634915903198,18
23,reset_both,0.25,16,250.0,L2,spike50,0.4805166943453188,0.1916174700811894,0.603016198195281,0.1485903028502607,0.8228855724200155,0.1323128986782173,16
23,reset_both,0.25,16,250.0,L2,syn_current,0.6595332749383823,0.199639456524591,0.7142996001248508,0.1278795479239146,0.7207018927209389,0.1309997404820179,18
23,reset_both,0.25,16,250.0,L2,pre_reset,0.6335128593472407,0.1943710200323313,0.6739051130303361,0.14139172118796,0.7523462025995377,0.1282098598846659,18
23,reset_both,0.25,32,500.0,L1,spike50,0.9514284827145132,0.0357804162328211,0.954703432410782,0.0345903956706912,0.3085866698372045,0.1301460873828039,18
23,reset_both,0.25,32,500.0,L1,syn_current,0.998383922313662,0.000834553911492,0.998520624911883,0.0007663987390369,0.0806513334687393,0.020809706490083,18
23,reset_both,0.25,32,500.0,L1,pre_reset,0.9914712137806388,0.0029384072744811,0.9921085100193606,0.002733946359281,0.1339475981098093,0.0229323241731578,18
23,reset_both,0.25,32,500.0,L2,spike50,0.8256277680113147,0.0859470525898728,0.9075572065644862,0.0531971260923585,0.4101460038884338,0.1209753524207967,18
23,reset_both,0.25,32,500.0,L2,syn_current,0.908637298016678,0.0586483634800986,0.940608882575496,0.0361884292632863,0.358438055155774,0.097134307058167,18
23,reset_both,0.25,32,500.0,L2,pre_reset,0.890245940930321,0.0721479425103021,0.9242563084345344,0.0434706089130431,0.3936651405512447,0.1007554373147809,18
23,reset_both,0.5,0,0.0,L1,spike50,0.956075056586422,0.028533402691331,0.9594187344147682,0.0266449067945089,0.3156250929808645,0.1270794350656626,18
23,reset_both,0.5,0,0.0,L1,syn_current,0.5405012431157753,0.1212162475889375,0.5676880607401965,0.1127744842815735,0.8876763035845312,0.0915746490452608,15
23,reset_both,0.5,0,0.0,L1,pre_reset,0.4458002723270153,0.0887914812770871,0.4770902644552537,0.0856265667734803,0.942949271779029,0.0458234807771055,15
23,reset_both,0.5,0,0.0,L2,spike50,0.983494677741744,0.0060634501688118,0.9907157805574652,0.0050993280873976,0.2690601700711985,0.0180320904910607,18
23,reset_both,0.5,0,0.0,L2,syn_current,,,,,0.9999999999998216,1.1323347208541673e-13,0
23,reset_both,0.5,0,0.0,L2,pre_reset,,,,,0.999999999999886,6.45463229568963e-14,0
23,reset_both,0.5,1,15.625,L1,spike50,0.9161189968815028,0.0369392729305469,0.9214061862164192,0.0345574866586289,0.55149963417028,0.0630785368813179,18
23,reset_both,0.5,1,15.625,L1,syn_current,0.6247964885362931,0.1276306228923799,0.6448458350656184,0.120945938298555,0.8155612578173845,0.1141051493984222,17
23,reset_both,0.5,1,15.625,L1,pre_reset,0.546689197127507,0.1152032574114539,0.5705840943063942,0.1138675430139,0.8751602180037278,0.0813598118231662,17
23,reset_both,0.5,1,15.625,L2,spike50,0.9564983518867016,0.02298737257119,0.9754654120375066,0.0164295696538833,0.5129517856299777,0.0201439785013444,18
23,reset_both,0.5,1,15.625,L2,syn_current,0.4005114625076661,0.0,0.3684599689458022,0.0,0.9961472851771968,0.0158851501591071,1
23,reset_both,0.5,1,15.625,L2,pre_reset,0.2453922635679477,0.0,0.2362403815672629,0.0,0.9984443538343234,0.0064140934567167,1
23,reset_both,0.5,2,31.25,L1,spike50,0.7431065469608703,0.1037086409144464,0.7557139035476034,0.1037372096463903,0.7816706777477092,0.0979165055270743,17
23,reset_both,0.5,2,31.25,L1,syn_current,0.7005724088562454,0.1200337900009046,0.7206226006960614,0.1131741162854399,0.7411260047048391,0.0944025798421294,18
23,reset_both,0.5,2,31.25,L1,pre_reset,0.6337363751144548,0.1109593831577973,0.6575217457245642,0.1044529180310052,0.8021645940663222,0.0822230437922999,18
23,reset_both,0.5,2,31.25,L2,spike50,0.8732340465313002,0.0611560780065243,0.920108122671187,0.05750721123736,0.7588099997113148,0.0251938185394686,18
23,reset_both,0.5,2,31.25,L2,syn_current,0.4460572837333467,0.0091315709816555,0.4016892592217135,0.0241575617179025,0.9922934919216756,0.0217975127619612,2
23,reset_both,0.5,2,31.25,L2,pre_reset,0.3913415768079575,0.0465358988077992,0.3724897526174525,0.0524071011322492,0.9945423450233204,0.0154692709238288,2
23,reset_both,0.5,4,62.5,L1,spike50,0.4794046027273769,0.1266244464136636,0.505838680750756,0.1282080289399312,0.9632549190594902,0.0601541558824369,6
23,reset_both,0.5,4,62.5,L1,syn_current,0.7994268041489271,0.0679532435637286,0.8141249632030791,0.0642109411989137,0.6428577267584922,0.085699686322988,18
23,reset_both,0.5,4,62.5,L1,pre_reset,0.7537014988470261,0.0731767138183036,0.7718090914591469,0.0674111209353434,0.6825304382049162,0.0837982553131446,18
23,reset_both,0.5,4,62.5,L2,spike50,0.1922133476405375,0.1810069465494553,0.3387584254490742,0.1909413920051341,0.987882588946452,0.0363806316297563,4
23,reset_both,0.5,4,62.5,L2,syn_current,0.4122394172654755,0.235113534672272,0.4325188023110368,0.1556935674459934,0.9664302443716256,0.0647851484443562,6
23,reset_both,0.5,4,62.5,L2,pre_reset,0.385667370722723,0.2036864548255074,0.4143373022544452,0.1454430392720833,0.96958211868958,0.056691974473401,6
23,reset_both,0.5,8,125.0,L1,spike50,0.6026261573322572,0.2140844601597112,0.6177282962752038,0.2114993557068052,0.8585337254376688,0.1348429284629548,13
23,reset_both,0.5,8,125.0,L1,syn_current,0.9095117144011026,0.028464236308281,0.917474310592886,0.0269126525762193,0.4814404558011726,0.0818812326869501,18
23,reset_both,0.5,8,125.0,L1,pre_reset,0.8829840958029548,0.029819024791607,0.8922819429773445,0.0283764718083503,0.5073853574428133,0.0685291782015384,18
23,reset_both,0.5,8,125.0,L2,spike50,0.3087699762068683,0.1964027270401656,0.4803103822564092,0.2056485582608093,0.9308170317202554,0.1135644048087339,9
23,reset_both,0.5,8,125.0,L2,syn_current,0.4193899581155907,0.3034729284901817,0.5085369022321877,0.2375799466793854,0.8898440085248356,0.1208530950665539,13
23,reset_both,0.5,8,125.0,L2,pre_reset,0.3823183471135865,0.2832139500730456,0.4585896768717218,0.2277396054032904,0.9123698095185376,0.0952461346481751,13
23,reset_both,0.5,16,250.0,L1,spike50,0.8560395042450967,0.0785647389920408,0.8619850503677292,0.0770294327278509,0.6017837096552203,0.1594408829944451,17
23,reset_both,0.5,16,250.0,L1,syn_current,0.9800327414631546,0.0088608645494261,0.9817470140620363,0.0081873627682684,0.2782901193560279,0.0548211115323976,18
23,reset_both,0.5,16,250.0,L1,pre_reset,0.9702345172606356,0.0111548489086365,0.9722558624227238,0.0102133354878049,0.2985485023501892,0.0501384759413917,18
23,reset_both,0.5,16,250.0,L2,spike50,0.4408495413559948,0.1713143930642983,0.6198901736362338,0.1827630085832028,0.7992404847112498,0.1700913658969954,15
23,reset_both,0.5,16,250.0,L2,syn_current,0.576329236855373,0.1677687196219874,0.6979522845738405,0.1211447644037942,0.766554635926289,0.1141535795803891,17
23,reset_both,0.5,16,250.0,L2,pre_reset,0.5593674581052085,0.1804169643049942,0.6667047338831609,0.1342778889514687,0.787303936551631,0.1045327412025122,17
23,reset_both,0.5,32,500.0,L1,spike50,0.9561133886355464,0.0237196239615711,0.9582569177080852,0.0239703800652197,0.3327012885187698,0.1139816506900828,14
23,reset_both,0.5,32,500.0,L1,syn_current,0.9976150281369623,0.0012868017886349,0.997778439656106,0.0012076051936396,0.1073955151862343,0.0311878992856906,14
23,reset_both,0.5,32,500.0,L1,pre_reset,0.9904507959019352,0.0038970822472925,0.991044928571032,0.0036669101765234,0.1489406862045501,0.0276939950871904,14
23,reset_both,0.5,32,500.0,L2,spike50,0.7552021201012499,0.0831255890220662,0.8717541615255627,0.0414731723439857,0.4977138192098985,0.0842571884512331,14
23,reset_both,0.5,32,500.0,L2,syn_current,0.8734395233054375,0.0786386795117265,0.91881508620387,0.050464290337361,0.4438088389329119,0.0965106856616242,14
23,reset_both,0.5,32,500.0,L2,pre_reset,0.8450843020943152,0.08274705104275,0.897129461196642,0.0563654353061756,0.4890667777628907,0.1019952064971843,14
23,reset_both,0.75,0,0.0,L1,spike50,0.9768389965246276,0.0146213002571741,0.9788789748842974,0.0134156074537419,0.2645998056485751,0.1054364753823018,18
23,reset_both,0.75,0,0.0,L1,syn_current,0.4683727442210688,0.1331770568920642,0.5021113172806168,0.1178063056764321,0.9307268685253638,0.0704490157392207,12
23,reset_both,0.75,0,0.0,L1,pre_reset,0.3872314795854762,0.1106727981674104,0.4242802521482764,0.1015720056329698,0.963649215658757,0.0379594305328626,12
23,reset_both,0.75,0,0.0,L2,spike50,0.9824818693620936,0.0063468966755575,0.9917046518110516,0.0030753226367764,0.2707294870598727,0.0127031248593938,18
23,reset_both,0.75,0,0.0,L2,syn_current,,,,,0.9999999999998468,5.25449138653544e-14,0
23,reset_both,0.75,0,0.0,L2,pre_reset,,,,,0.9999999999998976,3.9363447523053245e-14,0
23,reset_both,0.75,1,15.625,L1,spike50,0.9612690767971314,0.0186283565936757,0.9644775892171064,0.0158166573218015,0.501187528731216,0.034965243246408,18
23,reset_both,0.75,1,15.625,L1,syn_current,0.5879956671323432,0.1167368919964203,0.6124012008550184,0.1101993970687847,0.8537959941277334,0.0888144476692282,16
23,reset_both,0.75,1,15.625,L1,pre_reset,0.5049611825522481,0.1004139258070593,0.5339287036350147,0.0988143437698242,0.9053486806966452,0.0587655799892397,16
23,reset_both,0.75,1,15.625,L2,spike50,0.9622809964615254,0.0125381428179875,0.9819422451977904,0.0059114830951749,0.5121621441600962,0.0102811662523962,18
23,reset_both,0.75,1,15.625,L2,syn_current,0.2374335952659718,0.0,0.3052300032338212,0.0,0.997533591409311,0.0101692631347114,1
23,reset_both,0.75,1,15.625,L2,pre_reset,0.1337502979070647,0.0,0.1791430588950713,0.0,0.9991744747622214,0.0034037277515476,1
23,reset_both,0.75,2,31.25,L1,spike50,0.863784784367704,0.0719067554611977,0.8716265874416317,0.0692796314382419,0.720036881577384,0.089000973286392,18
23,reset_both,0.75,2,31.25,L1,syn_current,0.6356814943856802,0.0990148578721013,0.6595489113583516,0.1007750304112997,0.8202771246237436,0.0763938365293181,17
23,reset_both,0.75,2,31.25,L1,pre_reset,0.5735755809338423,0.1097450932978956,0.5997052310159178,0.1117427700352621,0.8579025956279336,0.0663855166223831,17
23,reset_both,0.75,2,31.25,L2,spike50,0.8676104296596623,0.0455755404805399,0.930348282237832,0.0274443394536123,0.7556359031941415,0.0146696864210842,18
23,reset_both,0.75,2,31.25,L2,syn_current,-0.0479056687300172,0.0,0.0402409655940096,0.0,1.0006927333879083,0.0028562129293733,1
23,reset_both,0.75,2,31.25,L2,pre_reset,-0.0068881163115266,0.0,0.0464569382282819,0.0,1.0004085835617296,0.0016846331823283,1
23,reset_both,0.75,4,62.5,L1,spike50,0.3953240782200485,0.0948085379906414,0.415948788097079,0.1002685151403499,0.9863552180064528,0.0314816429015567,4
23,reset_both,0.75,4,62.5,L1,syn_current,0.7681111703624349,0.0795889839333515,0.7848339614746465,0.0755086862106635,0.6963630803247443,0.0855301374488707,18
23,reset_both,0.75,4,62.5,L1,pre_reset,0.7189771809597435,0.0809418007124619,0.738635169986025,0.0780897075285771,0.7365238859331693,0.0792074339133366,18
23,reset_both,0.75,4,62.5,L2,spike50,0.0726667356639763,0.0863852902509106,0.2517458715342915,0.1226464266607109,0.9959265662367248,0.0151414816805225,2
23,reset_both,0.75,4,62.5,L2,syn_current,0.0303895315817224,0.1978397577128369,0.132627715496523,0.2097753572738981,0.9992616663784272,0.0152035498942733,4
23,reset_both,0.75,4,62.5,L2,pre_reset,-0.010478680775909,0.1746702612543773,0.0643538726662371,0.1966245217242731,1.0013616575786957,0.0110960814452289,4
23,reset_both,0.75,8,125.0,L1,spike50,0.6072989517458147,0.0983830635119438,0.6206386681811527,0.0954053931818597,0.9195701798002596,0.0849039386484637,10
23,reset_both,0.75,8,125.0,L1,syn_current,0.9029368957170149,0.0427242330427499,0.9111865527083264,0.0411520310100003,0.5304284366416688,0.1108447698779261,18
23,reset_both,0.75,8,125.0,L1,pre_reset,0.8806716165092364,0.0461425827781631,0.8893366887272693,0.0447256516741125,0.54709560840604,0.0968596395398828,18
23,reset_both,0.75,8,125.0,L2,spike50,0.1616820213983641,0.2055475915749552,0.3425250600801303,0.1791333406837183,0.9749341821676584,0.0535935286343671,7
23,reset_both,0.75,8,125.0,L2,syn_current,0.328606434950793,0.3876131882434027,0.3916216586153728,0.2512247568769928,0.9688740474242477,0.059214701661378,10
23,reset_both,0.75,8,125.0,L2,pre_reset,0.2848446839670179,0.3842766666983863,0.3369278894796576,0.2793086773167089,0.976169092032117,0.0520510164670144,10
23,reset_both,0.75,16,250.0,L1,spike50,0.8587662720414329,0.1196000008359707,0.8641894868700286,0.1178040235923507,0.7376879395750724,0.2169000641632707,9
23,reset_both,0.75,16,250.0,L1,syn_current,0.9708584147609344,0.0166895233632961,0.9729663438300904,0.0151699059626133,0.3433368496572386,0.0723835161041039,14
23,reset_both,0.75,16,250.0,L1,pre_reset,0.9645032777761278,0.0175145624737827,0.966099593568502,0.0161569758967599,0.3397771595901172,0.0703365501213973,14
23,reset_both,0.75,16,250.0,L2,spike50,0.381627530171567,0.1682122002018866,0.5631023308278089,0.1703461459666871,0.8865426152939128,0.1072562048291209,9
23,reset_both,0.75,16,250.0,L2,syn_current,0.5328079696548537,0.1922408258423871,0.6637060994591268,0.1649091252151331,0.8650443375069947,0.1322163616544246,9
23,reset_both,0.75,16,250.0,L2,pre_reset,0.4933912763832655,0.1818189662713499,0.6166474888160374,0.167965883562215,0.8868176885550326,0.1128900706735056,9
37,intact,0.25,0,0.0,L1,spike50,1.0,1.2215109018058463e-16,1.0,1.402792703053027e-16,0.0,0.0,114
37,intact,0.25,0,0.0,L1,syn_current,1.0,1.3947004136484323e-16,1.0,1.3981483803777926e-16,0.0,0.0,128
37,intact,0.25,0,0.0,L1,pre_reset,1.0,1.3311106448512295e-16,1.0,1.4084416362486778e-16,0.0,0.0,128
37,intact,0.25,0,0.0,L2,spike50,1.0,1.3171042345699647e-16,1.0,1.1702778228589004e-16,0.0,0.0,108
37,intact,0.25,0,0.0,L2,syn_current,1.0,1.402792703053027e-16,1.0,1.3397132361779332e-16,0.0,0.0,114
37,intact,0.25,0,0.0,L2,pre_reset,1.0,1.3872917554003198e-16,1.0,1.5104245356795934e-16,0.0,0.0,114
37,intact,0.25,1,15.625,L1,spike50,1.0,1.3732316816655263e-16,1.0,1.458790692268571e-16,0.0,0.0,117
37,intact,0.25,1,15.625,L1,syn_current,1.0,1.4050189297646195e-16,1.0,1.2757001226805672e-16,0.0,0.0,128
37,intact,0.25,1,15.625,L1,pre_reset,1.0,1.3526394372366472e-16,1.0,1.2794688166302258e-16,0.0,0.0,128
37,intact,0.25,1,15.625,L2,spike50,1.0,1.4307300227626571e-16,1.0,1.363780796381762e-16,0.0,0.0,112
37,intact,0.25,1,15.625,L2,syn_current,1.0,1.4979837446736744e-16,1.0,1.290166741944944e-16,0.0,0.0,117
37,intact,0.25,1,15.625,L2,pre_reset,1.0,1.3264031192166232e-16,1.0,1.3808820566363803e-16,0.0,0.0,117
37,intact,0.25,2,31.25,L1,spike50,1.0,1.1977729106380286e-16,1.0,1.425044227228462e-16,0.0,0.0,122
37,intact,0.25,2,31.25,L1,syn_current,1.0,1.442222014787673e-16,1.0,1.45220290906747e-16,0.0,0.0,128
37,intact,0.25,2,31.25,L1,pre_reset,1.0,1.35619434333351e-16,1.0,1.545365047825326e-16,0.0,0.0,128
37,intact,0.25,2,31.25,L2,spike50,1.0,1.400512065007507e-16,1.0,1.3458748012866816e-16,0.0,0.0,115
37,intact,0.25,2,31.25,L2,syn_current,1.0,1.3781904592161282e-16,1.0,1.3258821950456375e-16,0.0,0.0,122
37,intact,0.25,2,31.25,L2,pre_reset,1.0,1.363450030497733e-16,1.0,1.2433002754910216e-16,0.0,0.0,122
37,intact,0.25,4,62.5,L1,spike50,1.0,1.3704890552376615e-16,1.0,1.398749534750525e-16,0.0,0.0,126
37,intact,0.25,4,62.5,L1,syn_current,1.0,1.2981481815797575e-16,1.0,1.4488835837920476e-16,0.0,0.0,128
37,intact,0.25,4,62.5,L1,pre_reset,1.0,1.3668035872266426e-16,1.0,1.2098374922832816e-16,0.0,0.0,128
37,intact,0.25,4,62.5,L2,spike50,1.0,1.2111523905001707e-16,1.0,1.1770285543888976e-16,0.0,0.0,121
37,intact,0.25,4,62.5,L2,syn_current,1.0,1.3343220141622404e-16,1.0,1.4703512465958996e-16,0.0,0.0,126
37,intact,0.25,4,62.5,L2,pre_reset,1.0,1.374053402103078e-16,1.0,1.3597399555105182e-16,0.0,0.0,126
37,intact,0.25,8,125.0,L1,spike50,1.0,1.3506446028928518e-16,1.0,1.290917759688582e-16,0.0,0.0,125
37,intact,0.25,8,125.0,L1,syn_current,1.0,1.4621156719869436e-16,1.0,1.237382037120247e-16,0.0,0.0,128
37,intact,0.25,8,125.0,L1,pre_reset,1.0,1.3773311131392582e-16,1.0,1.45220290906747e-16,0.0,0.0,128
37,intact,0.25,8,125.0,L2,spike50,1.0,1.4043333874306804e-16,1.0,1.2080532582046503e-16,0.0,0.0,125
37,intact,0.25,8,125.0,L2,syn_current,1.0,1.5700924586837752e-16,1.0,1.289583352025021e-16,0.0,0.0,126
37,intact,0.25,8,125.0,L2,pre_reset,1.0,1.2857848655647122e-16,1.0,1.4967273628836711e-16,0.0,0.0,126
37,intact,0.25,16,250.0,L1,spike50,1.0,1.3721741524624262e-16,1.0,1.310674960157005e-16,0.0,0.0,127
37,intact,0.25,16,250.0,L1,syn_current,1.0,1.2794688166302258e-16,1.0,1.2944338730181992e-16,0.0,0.0,128
37,intact,0.25,16,250.0,L1,pre_reset,1.0,1.4050189297646195e-16,1.0,1.4455566366144742e-16,0.0,0.0,128
37,intact,0.25,16,250.0,L2,spike50,1.0,1.3827430440586067e-16,1.0,1.131866835403045e-16,0.0,0.0,127
37,intact,0.25,16,250.0,L2,syn_current,1.0,1.370321748998225e-16,1.0,1.3092278833360675e-16,0.0,0.0,128
37,intact,0.25,16,250.0,L2,pre_reset,1.0,1.2528499130684399e-16,1.0,1.2256530327225742e-16,0.0,0.0,128
37,intact,0.25,32,500.0,L1,spike50,1.0,1.3018518929051675e-16,1.0,1.2907088757326182e-16,0.0,0.0,128
37,intact,0.25,32,500.0,L1,syn_current,1.0,1.3773311131392582e-16,1.0,1.2757001226805672e-16,0.0,0.0,128
37,intact,0.25,32,500.0,L1,pre_reset,1.0,1.3526394372366472e-16,1.0,1.3238565818820347e-16,0.0,0.0,128
37,intact,0.25,32,500.0,L2,spike50,1.0,1.3347228920484555e-16,1.0,1.2256530327225742e-16,0.0,0.0,128
37,intact,0.25,32,500.0,L2,syn_current,1.0,1.4621156719869436e-16,1.0,1.494683490070454e-16,0.0,0.0,128
37,intact,0.25,32,500.0,L2,pre_reset,1.0,1.3808224523606804e-16,1.0,1.3526394372366472e-16,0.0,0.0,128
37,intact,0.5,0,0.0,L1,spike50,1.0,1.2794688166302258e-16,1.0,1.442222014787673e-16,0.0,0.0,128
37,intact,0.5,0,0.0,L1,syn_current,1.0,1.38430498614478e-16,1.0,1.32021460364232e-16,0.0,0.0,128
37,intact,0.5,0,0.0,L1,pre_reset,1.0,1.4719616800160392e-16,1.0,1.3668035872266426e-16,0.0,0.0,128
37,intact,0.5,0,0.0,L2,spike50,1.0,1.3932317635981983e-16,1.0,1.2461443727269955e-16,0.0,0.0,127
37,intact,0.5,0,0.0,L2,syn_current,1.0,1.370321748998225e-16,1.0,1.2944338730181992e-16,0.0,0.0,128
37,intact,0.5,0,0.0,L2,pre_reset,1.0,1.3632763462826172e-16,1.0,1.193812447098184e-16,0.0,0.0,128
37,intact,0.5,1,15.625,L1,spike50,1.0,1.4084416362486778e-16,1.0,1.4588189019024588e-16,0.0,0.0,128
37,intact,0.5,1,15.625,L1,syn_current,1.0,1.4388796649533547e-16,1.0,1.401587864985631e-16,0.0,0.0,128
37,intact,0.5,1,15.625,L1,pre_reset,1.0,1.2907088757326182e-16,1.0,1.3383253895372864e-16,0.0,0.0,128
37,intact,0.5,1,15.625,L2,spike50,1.0,1.2844962183806163e-16,1.0,1.1739579508825055e-16,0.0,0.0,127
37,intact,0.5,1,15.625,L2,syn_current,1.0,1.4588189019024588e-16,1.0,1.3738309013483032e-16,0.0,0.0,128
37,intact,0.5,1,15.625,L2,pre_reset,1.0,1.2256530327225742e-16,1.0,1.32021460364232e-16,0.0,0.0,128
37,intact,0.5,2,31.25,L1,spike50,1.0,1.3597399555105182e-16,1.0,1.2018516789897276e-16,0.0,0.0,128
37,intact,0.5,2,31.25,L1,syn_current,1.0,1.45220290906747e-16,1.0,1.35619434333351e-16,0.0,0.0,128
37,intact,0.5,2,31.25,L1,pre_reset,1.0,1.3877787807814454e-16,1.0,1.3597399555105182e-16,0.0,0.0,128
37,intact,0.5,2,31.25,L2,spike50,1.0,1.3018518929051675e-16,1.0,1.1693631858900543e-16,0.0,0.0,128
37,intact,0.5,2,31.25,L2,syn_current,1.0,1.3773311131392582e-16,1.0,1.38430498614478e-16,0.0,0.0,128
37,intact,0.5,2,31.25,L2,pre_reset,1.0,1.401587864985631e-16,1.0,1.286973096911129e-16,0.0,0.0,128
37,intact,0.5,4,62.5,L1,spike50,1.0,1.41866021015769e-16,1.0,1.237382037120247e-16,0.0,0.0,128
37,intact,0.5,4,62.5,L1,syn_current,1.0,1.41866021015769e-16,1.0,1.4254318964189535e-16,0.0,0.0,128
37,intact,0.5,4,62.5,L1,pre_reset,1.0,1.3455014484288012e-16,1.0,1.2177709378935643e-16,0.0,0.0,128
37,intact,0.5,4,62.5,L2,spike50,1.0,1.2757001226805672e-16,1.0,1.2528499130684399e-16,0.0,0.0,128
37,intact,0.5,4,62.5,L2,syn_current,1.0,1.2757001226805672e-16,1.0,1.2719202621569003e-16,0.0,0.0,128
37,intact,0.5,4,62.5,L2,pre_reset,1.0,1.3311106448512295e-16,1.0,1.4488835837920476e-16,0.0,0.0,128
37,intact,0.5,8,125.0,L1,spike50,1.0,1.2451399942302572e-16,1.0,1.3274885683554194e-16,0.0,0.0,128
37,intact,0.5,8,125.0,L1,syn_current,1.0,1.3947004136484323e-16,1.0,1.45220290906747e-16,0.0,0.0,128
37,intact,0.5,8,125.0,L1,pre_reset,1.0,1.205851196463462e-16,1.0,1.4050189297646195e-16,0.0,0.0,128
37,intact,0.5,8,125.0,L2,spike50,1.0,1.3597399555105182e-16,1.0,1.2256530327225742e-16,0.0,0.0,128
37,intact,0.5,8,125.0,L2,syn_current,1.0,1.475229079552588e-16,1.0,1.3981483803777926e-16,0.0,0.0,128
37,intact,0.5,8,125.0,L2,pre_reset,1.0,1.432171564712973e-16,1.0,1.4050189297646195e-16,0.0,0.0,128
37,intact,0.5,16,250.0,L1,spike50,1.0,1.3238565818820347e-16,1.0,1.45220290906747e-16,0.0,0.0,128
37,intact,0.5,16,250.0,L1,syn_current,1.0,1.3274885683554194e-16,1.0,1.2832264423908535e-16,0.0,0.0,128
37,intact,0.5,16,250.0,L1,pre_reset,1.0,1.3347228920484555e-16,1.0,1.401587864985631e-16,0.0,0.0,128
37,intact,0.5,16,250.0,L2,spike50,1.0,1.45220290906747e-16,1.0,1.2944338730181992e-16,0.0,0.0,128
37,intact,0.5,16,250.0,L2,syn_current,1.0,1.3238565818820347e-16,1.0,1.38430498614478e-16,0.0,0.0,128
37,intact,0.5,16,250.0,L2,pre_reset,1.0,1.45220290906747e-16,1.0,1.4288057044435644e-16,0.0,0.0,128
37,intact,0.5,32,500.0,L1,spike50,1.0,1.2488435482582415e-16,1.0,1.3917382147355022e-16,0.0,0.0,98
37,intact,0.5,32,500.0,L1,syn_current,1.0,1.3689586370548263e-16,1.0,1.5212693084014054e-16,0.0,0.0,98
37,intact,0.5,32,500.0,L1,pre_reset,1.0,1.4405859144143758e-16,1.0,1.2588745812754728e-16,0.0,0.0,98
37,intact,0.5,32,500.0,L2,spike50,1.0,1.4536231567507431e-16,1.0,1.32697032177375e-16,0.0,0.0,98
37,intact,0.5,32,500.0,L2,syn_current,1.0,1.3411125008369814e-16,1.0,1.4878307347487627e-16,0.0,0.0,98
37,intact,0.5,32,500.0,L2,pre_reset,1.0,1.4622500761488295e-16,1.0,1.27870059751766e-16,0.0,0.0,98
37,intact,0.75,0,0.0,L1,spike50,1.0,1.3311106448512295e-16,1.0,1.3526394372366472e-16,0.0,0.0,128
37,intact,0.75,0,0.0,L1,syn_current,1.0,1.4288057044435644e-16,1.0,1.5043163512556135e-16,0.0,0.0,128
37,intact,0.75,0,0.0,L1,pre_reset,1.0,1.38430498614478e-16,1.0,1.38430498614478e-16,0.0,0.0,128
37,intact,0.75,0,0.0,L2,spike50,1.0,1.3877787807814454e-16,1.0,1.2981481815797575e-16,0.0,0.0,128
37,intact,0.75,0,0.0,L2,syn_current,1.0,1.3738309013483032e-16,1.0,1.349075163749573e-16,0.0,0.0,128
37,intact,0.75,0,0.0,L2,pre_reset,1.0,1.2944338730181992e-16,1.0,1.3738309013483032e-16,0.0,0.0,128
37,intact,0.75,1,15.625,L1,spike50,1.0,1.3018518929051675e-16,1.0,1.38430498614478e-16,0.0,0.0,128
37,intact,0.75,1,15.625,L1,syn_current,1.0,1.2643266404855218e-16,1.0,1.523399351117959e-16,0.0,0.0,128
37,intact,0.75,1,15.625,L1,pre_reset,1.0,1.249000902703301e-16,1.0,1.4084416362486778e-16,0.0,0.0,128
37,intact,0.75,1,15.625,L2,spike50,1.0,1.484988143495895e-16,1.0,1.1775693440128312e-16,0.0,0.0,128
37,intact,0.75,1,15.625,L2,syn_current,1.0,1.2566871346510768e-16,1.0,1.3597399555105182e-16,0.0,0.0,128
37,intact,0.75,1,15.625,L2,pre_reset,1.0,1.401587864985631e-16,1.0,1.35619434333351e-16,0.0,0.0,128
37,intact,0.75,2,31.25,L1,spike50,1.0,1.3632763462826172e-16,1.0,1.2907088757326182e-16,0.0,0.0,128
37,intact,0.75,2,31.25,L1,syn_current,1.0,1.494683490070454e-16,1.0,1.411856045225854e-16,0.0,0.0,128
37,intact,0.75,2,31.25,L1,pre_reset,1.0,1.3632763462826172e-16,1.0,1.3668035872266426e-16,0.0,0.0,128
37,intact,0.75,2,31.25,L2,spike50,1.0,1.4455566366144742e-16,1.0,1.2412670766236366e-16,0.0,0.0,128
37,intact,0.75,2,31.25,L2,syn_current,1.0,1.2177709378935643e-16,1.0,1.4152622167509192e-16,0.0,0.0,128
37,intact,0.75,2,31.25,L2,pre_reset,1.0,1.3055450971845835e-16,1.0,1.3947004136484323e-16,0.0,0.0,128
37,intact,0.75,4,62.5,L1,spike50,1.0,1.2832264423908535e-16,1.0,1.4220500840710912e-16,0.0,0.0,128
37,intact,0.75,4,62.5,L1,syn_current,1.0,1.237382037120247e-16,1.0,1.233484761181068e-16,0.0,0.0,128
37,intact,0.75,4,62.5,L1,pre_reset,1.0,1.2681291352079812e-16,1.0,1.341918215839574e-16,0.0,0.0,128
37,intact,0.75,4,62.5,L2,spike50,1.0,1.2981481815797575e-16,1.0,1.3092278833360675e-16,0.0,0.0,128
37,intact,0.75,4,62.5,L2,syn_current,1.0,1.38430498614478e-16,1.0,1.32021460364232e-16,0.0,0.0,128
37,intact,0.75,4,62.5,L2,pre_reset,1.0,1.4588189019024588e-16,1.0,1.4288057044435644e-16,0.0,0.0,128
37,intact,0.75,8,125.0,L1,spike50,1.0,1.3274885683554194e-16,1.0,1.3455014484288012e-16,0.0,0.0,128
37,intact,0.75,8,125.0,L1,syn_current,1.0,1.3808224523606804e-16,1.0,1.370321748998225e-16,0.0,0.0,128
37,intact,0.75,8,125.0,L1,pre_reset,1.0,1.341918215839574e-16,1.0,1.455514664586365e-16,0.0,0.0,128
37,intact,0.75,8,125.0,L2,spike50,1.0,1.3668035872266426e-16,1.0,1.2832264423908535e-16,0.0,0.0,128
37,intact,0.75,8,125.0,L2,syn_current,1.0,1.4914587107148684e-16,1.0,1.341918215839574e-16,0.0,0.0,128
37,intact,0.75,8,125.0,L2,pre_reset,1.0,1.2681291352079812e-16,1.0,1.3738309013483032e-16,0.0,0.0,128
37,intact,0.75,16,250.0,L1,spike50,1.0,1.5386874369619538e-16,1.0,1.3210448479144024e-16,0.0,0.0,101
37,intact,0.75,16,250.0,L1,syn_current,1.0,1.3709130271133067e-16,1.0,1.3886029590867675e-16,0.0,0.0,101
37,intact,0.75,16,250.0,L1,pre_reset,1.0,1.3164177063843744e-16,1.0,1.3024376530665983e-16,0.0,0.0,101
37,intact,0.75,16,250.0,L2,spike50,1.0,1.3302508467349176e-16,1.0,1.3071142844619662e-16,0.0,0.0,101
37,intact,0.75,16,250.0,L2,syn_current,1.0,1.3886029590867675e-16,1.0,1.283560746536786e-16,0.0,0.0,101
37,intact,0.75,16,250.0,L2,pre_reset,1.0,1.3753568411244624e-16,1.0,1.2351069042237504e-16,0.0,0.0,101
37,intact,0.75,32,500.0,L1,spike50,1.0,0.0,1.0,0.0,0.0,0.0,2
37,intact,0.75,32,500.0,L1,syn_current,1.0,7.850462293418876e-17,1.0,1.5700924586837752e-16,0.0,0.0,2
37,intact,0.75,32,500.0,L1,pre_reset,1.0,2.220446049250313e-16,1.0,1.5700924586837752e-16,0.0,0.0,2
37,intact,0.75,32,500.0,L2,spike50,1.0,1.5700924586837752e-16,1.0,1.5700924586837752e-16,0.0,0.0,2
37,intact,0.75,32,500.0,L2,syn_current,1.0,1.5700924586837752e-16,1.0,0.0,0.0,0.0,2
37,intact,0.75,32,500.0,L2,pre_reset,1.0,7.850462293418876e-17,1.0,1.7554167342883506e-16,0.0,0.0,2
37,intact,0.25,0,0.0,L1,spike50,1.0,1.3463431760359523e-16,1.0,1.0770745408287616e-16,0.0,0.0,17
37,intact,0.25,0,0.0,L1,syn_current,1.0,1.1102230246251563e-16,1.0,1.1102230246251563e-16,0.0,0.0,18
37,intact,0.25,0,0.0,L1,pre_reset,1.0,1.4332917616497527e-16,1.0,1.0789428415231562e-16,0.0,0.0,18
37,intact,0.25,0,0.0,L2,spike50,1.0,1.3597399555105182e-16,1.0,1.038518545263806e-16,0.0,0.0,16
37,intact,0.25,0,0.0,L2,syn_current,1.0,1.3191415199864766e-16,1.0,1.3191415199864766e-16,0.0,0.0,17
37,intact,0.25,0,0.0,L2,pre_reset,1.0,1.0075109779495217e-16,1.0,1.5930147289720848e-16,0.0,0.0,17
37,intact,0.25,1,15.625,L1,spike50,1.0,1.0770745408287616e-16,1.0,1.6378971648228381e-16,0.0,0.0,17
37,intact,0.25,1,15.625,L1,syn_current,1.0,1.7358025238735567e-16,1.0,1.013490324081353e-16,0.0,0.0,18
37,intact,0.25,1,15.625,L1,pre_reset,1.0,1.3846913936850747e-16,1.0,1.2549831513118703e-16,0.0,0.0,18
37,intact,0.25,1,15.625,L2,spike50,1.0,1.710968589854471e-16,1.0,1.442222014787673e-16,0.0,0.0,16
37,intact,0.25,1,15.625,L2,syn_current,1.0,1.0075109779495217e-16,1.0,1.4748450553160795e-16,0.0,0.0,17
37,intact,0.25,1,15.625,L2,pre_reset,1.0,1.2913670089660372e-16,1.0,1.3730060253199612e-16,0.0,0.0,17
37,intact,0.25,2,31.25,L1,spike50,1.0,9.327739141271671e-17,1.0,1.4500559779829007e-16,0.0,0.0,17
37,intact,0.25,2,31.25,L1,syn_current,1.0,1.4332917616497527e-16,1.0,1.7159641292148392e-16,0.0,0.0,18
37,intact,0.25,2,31.25,L1,pre_reset,1.0,1.548132042069375e-16,1.0,1.308410382236479e-16,0.0,0.0,18
37,intact,0.25,2,31.25,L2,spike50,1.0,1.882474726967805e-16,1.0,1.6184142622847344e-16,0.0,0.0,16
37,intact,0.25,2,31.25,L2,syn_current,1.0,1.2629818502019522e-16,1.0,1.2629818502019522e-16,0.0,0.0,17
37,intact,0.25,2,31.25,L2,pre_reset,1.0,1.3730060253199612e-16,1.0,1.6598833454315499e-16,0.0,0.0,17
37,intact,0.25,4,62.5,L1,spike50,1.0,1.2549831513118703e-16,1.0,1.3597399555105182e-16,0.0,0.0,18
37,intact,0.25,4,62.5,L1,syn_current,1.0,1.3846913936850747e-16,1.0,1.1102230246251563e-16,0.0,0.0,18
37,intact,0.25,4,62.5,L1,pre_reset,1.0,1.3597399555105182e-16,1.0,1.1102230246251563e-16,0.0,0.0,18
37,intact,0.25,4,62.5,L2,spike50,1.0,1.798766884999431e-16,1.0,1.3018518929051675e-16,0.0,0.0,16
37,intact,0.25,4,62.5,L2,syn_current,1.0,1.4332917616497527e-16,1.0,1.3343220141622404e-16,0.0,0.0,18
37,intact,0.25,4,62.5,L2,pre_reset,1.0,1.0467283057891834e-16,1.0,1.4092011087418584e-16,0.0,0.0,18
37,intact,0.25,8,125.0,L1,spike50,1.0,1.1406457265696475e-16,1.0,1.6755828462014355e-16,0.0,0.0,18
37,intact,0.25,8,125.0,L1,syn_current,1.0,1.5032490816276442e-16,1.0,1.480297366166875e-16,0.0,0.0,18
37,intact,0.25,8,125.0,L1,pre_reset,1.0,1.2819751242557092e-16,1.0,1.5917499294642454e-16,0.0,0.0,18
37,intact,0.25,8,125.0,L2,spike50,1.0,1.2549831513118703e-16,1.0,1.308410382236479e-16,0.0,0.0,18
37,intact,0.25,8,125.0,L2,syn_current,1.0,1.3846913936850747e-16,1.0,1.4569841396346152e-16,0.0,0.0,18
37,intact,0.25,8,125.0,L2,pre_reset,1.0,1.308410382236479e-16,1.0,1.695893682875867e-16,0.0,0.0,18
37,intact,0.25,16,250.0,L1,spike50,1.0,1.4569841396346152e-16,1.0,1.199177923332954e-16,0.0,0.0,18
37,intact,0.25,16,250.0,L1,syn_current,1.0,1.2819751242557092e-16,1.0,1.4092011087418584e-16,0.0,0.0,18
37,intact,0.25,16,250.0,L1,pre_reset,1.0,1.548132042069375e-16,1.0,1.308410382236479e-16,0.0,0.0,18
37,intact,0.25,16,250.0,L2,spike50,1.0,1.013490324081353e-16,1.0,1.4092011087418584e-16,0.0,0.0,18
37,intact,0.25,16,250.0,L2,syn_current,1.0,1.655022768831515e-16,1.0,1.013490324081353e-16,0.0,0.0,18
37,intact,0.25,16,250.0,L2,pre_reset,1.0,1.227397735431716e-16,1.0,1.5032490816276442e-16,0.0,0.0,18
37,intact,0.25,32,500.0,L1,spike50,1.0,1.2549831513118703e-16,1.0,1.0789428415231562e-16,0.0,0.0,18
37,intact,0.25,32,500.0,L1,syn_current,1.0,1.6131166563777087e-16,1.0,1.4332917616497527e-16,0.0,0.0,18
37,intact,0.25,32,500.0,L1,pre_reset,1.0,1.199177923332954e-16,1.0,1.227397735431716e-16,0.0,0.0,18
37,intact,0.25,32,500.0,L2,spike50,1.0,1.1102230246251563e-16,1.0,1.1102230246251563e-16,0.0,0.0,18
37,intact,0.25,32,500.0,L2,syn_current,1.0,1.1406457265696475e-16,1.0,7.401486830834377e-17,0.0,0.0,18
37,intact,0.25,32,500.0,L2,pre_reset,1.0,1.3597399555105182e-16,1.0,1.3597399555105182e-16,0.0,0.0,18
37,intact,0.5,0,0.0,L1,spike50,1.0,1.227397735431716e-16,1.0,1.5032490816276442e-16,0.0,0.0,18
37,intact,0.5,0,0.0,L1,syn_current,1.0,1.0467283057891834e-16,1.0,1.227397735431716e-16,0.0,0.0,18
37,intact,0.5,0,0.0,L1,pre_reset,1.0,1.5917499294642454e-16,1.0,1.548132042069375e-16,0.0,0.0,18
37,intact,0.5,0,0.0,L2,spike50,1.0,1.7554167342883506e-16,1.0,1.013490324081353e-16,0.0,0.0,18
37,intact,0.5,0,0.0,L2,syn_current,1.0,1.4092011087418584e-16,1.0,1.7159641292148392e-16,0.0,0.0,18
37,intact,0.5,0,0.0,L2,pre_reset,1.0,1.2549831513118703e-16,1.0,1.6755828462014355e-16,0.0,0.0,18
37,intact,0.5,1,15.625,L1,spike50,1.0,1.013490324081353e-16,1.0,1.5917499294642454e-16,0.0,0.0,18
37,intact,0.5,1,15.625,L1,syn_current,1.0,1.4569841396346152e-16,1.0,1.308410382236479e-16,0.0,0.0,18
37,intact,0.5,1,15.625,L1,pre_reset,1.0,1.1702778228589004e-16,1.0,1.013490324081353e-16,0.0,0.0,18
37,intact,0.5,1,15.625,L2,spike50,1.0,1.0789428415231562e-16,1.0,8.275113844157577e-17,0.0,0.0,18
37,intact,0.5,1,15.625,L2,syn_current,1.0,9.791246743253676e-17,1.0,1.199177923332954e-16,0.0,0.0,18
37,intact,0.5,1,15.625,L2,pre_reset,1.0,1.3343220141622404e-16,1.0,1.3597399555105182e-16,0.0,0.0,18
37,intact,0.5,2,31.25,L1,spike50,1.0,1.308410382236479e-16,1.0,1.227397735431716e-16,0.0,0.0,18
37,intact,0.5,2,31.25,L1,syn_current,1.0,1.227397735431716e-16,1.0,1.6131166563777087e-16,0.0,0.0,18
37,intact,0.5,2,31.25,L1,pre_reset,1.0,1.4332917616497527e-16,1.0,1.0467283057891834e-16,0.0,0.0,18
37,intact,0.5,2,31.25,L2,spike50,1.0,1.199177923332954e-16,1.0,1.5032490816276442e-16,0.0,0.0,18
37,intact,0.5,2,31.25,L2,syn_current,1.0,1.013490324081353e-16,1.0,1.227397735431716e-16,0.0,0.0,18
37,intact,0.5,2,31.25,L2,pre_reset,1.0,1.4332917616497527e-16,1.0,1.3343220141622404e-16,0.0,0.0,18
37,intact,0.5,4,62.5,L1,spike50,1.0,1.2549831513118703e-16,1.0,8.275113844157577e-17,0.0,0.0,18
37,intact,0.5,4,62.5,L1,syn_current,1.0,1.308410382236479e-16,1.0,1.227397735431716e-16,0.0,0.0,18
37,intact,0.5,4,62.5,L1,pre_reset,1.0,1.4569841396346152e-16,1.0,1.4332917616497527e-16,0.0,0.0,18
37,intact,0.5,4,62.5,L2,spike50,1.0,1.5700924586837752e-16,1.0,6.923456968425372e-17,0.0,0.0,18
37,intact,0.5,4,62.5,L2,syn_current,1.0,1.3343220141622404e-16,1.0,1.308410382236479e-16,0.0,0.0,18
37,intact,0.5,4,62.5,L2,pre_reset,1.0,1.4092011087418584e-16,1.0,1.4332917616497527e-16,0.0,0.0,18
37,intact,0.5,8,125.0,L1,spike50,1.0,1.2819751242557092e-16,1.0,1.4569841396346152e-16,0.0,0.0,18
37,intact,0.5,8,125.0,L1,syn_current,1.0,1.7748141931349731e-16,1.0,1.4332917616497527e-16,0.0,0.0,18
37,intact,0.5,8,125.0,L1,pre_reset,1.0,1.695893682875867e-16,1.0,1.3597399555105182e-16,0.0,0.0,18
37,intact,0.5,8,125.0,L2,spike50,1.0,1.2549831513118703e-16,1.0,1.5258555995074122e-16,0.0,0.0,18
37,intact,0.5,8,125.0,L2,syn_current,1.0,1.2549831513118703e-16,1.0,1.1102230246251563e-16,0.0,0.0,18
37,intact,0.5,8,125.0,L2,pre_reset,1.0,1.6131166563777087e-16,1.0,1.5258555995074122e-16,0.0,0.0,18
37,intact,0.5,16,250.0,L1,spike50,1.0,1.1406457265696475e-16,1.0,1.3846913936850747e-16,0.0,0.0,18
37,intact,0.5,16,250.0,L1,syn_current,1.0,1.3846913936850747e-16,1.0,1.480297366166875e-16,0.0,0.0,18
37,intact,0.5,16,250.0,L1,pre_reset,1.0,1.5258555995074122e-16,1.0,9.791246743253676e-17,0.0,0.0,18
37,intact,0.5,16,250.0,L2,spike50,1.0,1.7159641292148392e-16,1.0,1.227397735431716e-16,0.0,0.0,18
37,intact,0.5,16,250.0,L2,syn_current,1.0,9.791246743253676e-17,1.0,1.013490324081353e-16,0.0,0.0,18
37,intact,0.5,16,250.0,L2,pre_reset,1.0,1.2819751242557092e-16,1.0,1.4332917616497527e-16,0.0,0.0,18
37,intact,0.5,32,500.0,L1,spike50,1.0,9.383097129595136e-17,1.0,1.7045242408169922e-16,0.0,0.0,14
37,intact,0.5,32,500.0,L1,syn_current,1.0,1.5700924586837752e-16,1.0,1.4536231567507431e-16,0.0,0.0,14
37,intact,0.5,32,500.0,L1,pre_reset,1.0,1.3597399555105182e-16,1.0,1.6252000960812472e-16,0.0,0.0,14
37,intact,0.5,32,500.0,L2,spike50,1.0,1.293370682799372e-16,1.0,1.3917382147355022e-16,0.0,0.0,14
37,intact,0.5,32,500.0,L2,syn_current,1.0,1.4835979218054372e-16,1.0,1.293370682799372e-16,0.0,0.0,14
37,intact,0.5,32,500.0,L2,pre_reset,1.0,1.3917382147355022e-16,1.0,1.32697032177375e-16,0.0,0.0,14
37,intact,0.75,0,0.0,L1,spike50,1.0,1.1102230246251563e-16,1.0,1.7159641292148392e-16,0.0,0.0,18
37,intact,0.75,0,0.0,L1,syn_current,1.0,1.4569841396346152e-16,1.0,1.1702778228589004e-16,0.0,0.0,18
37,intact,0.75,0,0.0,L1,pre_reset,1.0,1.4569841396346152e-16,1.0,1.5258555995074122e-16,0.0,0.0,18
37,intact,0.75,0,0.0,L2,spike50,1.0,1.3597399555105182e-16,1.0,1.199177923332954e-16,0.0,0.0,18
37,intact,0.75,0,0.0,L2,syn_current,1.0,1.548132042069375e-16,1.0,1.1702778228589004e-16,0.0,0.0,18
37,intact,0.75,0,0.0,L2,pre_reset,1.0,1.548132042069375e-16,1.0,1.3597399555105182e-16,0.0,0.0,18
37,intact,0.75,1,15.625,L1,spike50,1.0,1.4332917616497527e-16,1.0,1.3846913936850747e-16,0.0,0.0,18
37,intact,0.75,1,15.625,L1,syn_current,1.0,1.695893682875867e-16,1.0,1.4332917616497527e-16,0.0,0.0,18
37,intact,0.75,1,15.625,L1,pre_reset,1.0,1.013490324081353e-16,1.0,1.227397735431716e-16,0.0,0.0,18
37,intact,0.75,1,15.625,L2,spike50,1.0,1.3343220141622404e-16,1.0,1.1102230246251563e-16,0.0,0.0,18
37,intact,0.75,1,15.625,L2,syn_current,1.0,1.3343220141622404e-16,1.0,1.0789428415231562e-16,0.0,0.0,18
37,intact,0.75,1,15.625,L2,pre_reset,1.0,1.4092011087418584e-16,1.0,7.850462293418876e-17,0.0,0.0,18
37,intact,0.75,2,31.25,L1,spike50,1.0,1.2549831513118703e-16,1.0,1.227397735431716e-16,0.0,0.0,18
37,intact,0.75,2,31.25,L1,syn_current,1.0,1.695893682875867e-16,1.0,1.5032490816276442e-16,0.0,0.0,18
37,intact,0.75,2,31.25,L1,pre_reset,1.0,1.227397735431716e-16,1.0,1.3846913936850747e-16,0.0,0.0,18
37,intact,0.75,2,31.25,L2,spike50,1.0,1.013490324081353e-16,1.0,1.5032490816276442e-16,0.0,0.0,18
37,intact,0.75,2,31.25,L2,syn_current,1.0,1.4332917616497527e-16,1.0,1.695893682875867e-16,0.0,0.0,18
37,intact,0.75,2,31.25,L2,pre_reset,1.0,1.199177923332954e-16,1.0,1.3846913936850747e-16,0.0,0.0,18
37,intact,0.75,4,62.5,L1,spike50,1.0,1.4332917616497527e-16,1.0,1.3343220141622404e-16,0.0,0.0,18
37,intact,0.75,4,62.5,L1,syn_current,1.0,1.2549831513118703e-16,1.0,1.1102230246251563e-16,0.0,0.0,18
37,intact,0.75,4,62.5,L1,pre_reset,1.0,1.6131166563777087e-16,1.0,1.2819751242557092e-16,0.0,0.0,18
37,intact,0.75,4,62.5,L2,spike50,1.0,1.480297366166875e-16,1.0,1.013490324081353e-16,0.0,0.0,18
37,intact,0.75,4,62.5,L2,syn_current,1.0,1.5032490816276442e-16,1.0,1.3343220141622404e-16,0.0,0.0,18
37,intact,0.75,4,62.5,L2,pre_reset,1.0,1.0467283057891834e-16,1.0,1.5032490816276442e-16,0.0,0.0,18
37,intact,0.75,8,125.0,L1,spike50,1.0,1.3343220141622404e-16,1.0,1.199177923332954e-16,0.0,0.0,18
37,intact,0.75,8,125.0,L1,syn_current,1.0,1.308410382236479e-16,1.0,1.4092011087418584e-16,0.0,0.0,18
37,intact,0.75,8,125.0,L1,pre_reset,1.0,1.1102230246251563e-16,1.0,1.480297366166875e-16,0.0,0.0,18
37,intact,0.75,8,125.0,L2,spike50,1.0,1.227397735431716e-16,1.0,1.1102230246251563e-16,0.0,0.0,18
37,intact,0.75,8,125.0,L2,syn_current,1.0,1.199177923332954e-16,1.0,1.308410382236479e-16,0.0,0.0,18
37,intact,0.75,8,125.0,L2,pre_reset,1.0,1.4332917616497527e-16,1.0,1.5700924586837752e-16,0.0,0.0,18
37,intact,0.75,16,250.0,L1,spike50,1.0,1.293370682799372e-16,1.0,1.3597399555105182e-16,0.0,0.0,14
37,intact,0.75,16,250.0,L1,syn_current,1.0,1.4536231567507431e-16,1.0,1.5978838632889058e-16,0.0,0.0,14
37,intact,0.75,16,250.0,L1,pre_reset,1.0,1.652064727559399e-16,1.0,1.4230171362631512e-16,0.0,0.0,14
37,intact,0.75,16,250.0,L2,spike50,1.0,1.3917382147355022e-16,1.0,9.841075292759332e-17,0.0,0.0,14
37,intact,0.75,16,250.0,L2,syn_current,1.0,1.4230171362631512e-16,1.0,1.2588745812754728e-16,0.0,0.0,14
37,intact,0.75,16,250.0,L2,pre_reset,1.0,1.293370682799372e-16,1.0,1.1102230246251563e-16,0.0,0.0,14
37,reset_l1,0.25,0,0.0,L1,spike50,0.9264632394068952,0.087828909344891,0.9310666433898416,0.0857732994856912,0.3536571822430671,0.2166600681213963,110
37,reset_l1,0.25,0,0.0,L1,syn_current,0.5315473183945775,0.2044528612812488,0.5619002328968143,0.189408011243037,0.8712926506446687,0.1526384090637116,90
37,reset_l1,0.25,0,0.0,L1,pre_reset,0.4111267485648484,0.1732475558020388,0.4495120554817682,0.1636279633276513,0.9324113832222174,0.0885771076651849,90
37,reset_l1,0.25,0,0.0,L2,spike50,0.9515917618447958,0.0894538258035394,0.9610995233915464,0.0828173199985332,0.1961018023519306,0.2108190672639008,105
37,reset_l1,0.25,0,0.0,L2,syn_current,0.9099474723192078,0.1343924602480148,0.916669449010723,0.1216386744104956,0.3275993619289363,0.2438054301316484,111
37,reset_l1,0.25,0,0.0,L2,pre_reset,0.952755454405158,0.092879936633236,0.9553956615616588,0.0825571025128204,0.2349418689816332,0.2160293740074882,111
37,reset_l1,0.25,1,15.625,L1,spike50,0.8838114477851977,0.0861566782486141,0.891312460957329,0.0851221143448373,0.5418036922013513,0.2149271537796719,111
37,reset_l1,0.25,1,15.625,L1,syn_current,0.6201458454344485,0.2020828916534481,0.6431982483430284,0.1872070862556686,0.7655300712768821,0.1686490838534294,120
37,reset_l1,0.25,1,15.625,L1,pre_reset,0.5163824963213272,0.1885446287089742,0.5470106374373884,0.1780804733345736,0.8443044399321551,0.1269659818383446,120
37,reset_l1,0.25,1,15.625,L2,spike50,0.9115814275540948,0.1247409792451895,0.9306486114635016,0.1194080274634717,0.2951489174172912,0.2406804361158382,107
37,reset_l1,0.25,1,15.625,L2,syn_current,0.8812899502122451,0.1401661467527294,0.8912635936566153,0.121800491625329,0.4377839631371045,0.241370272500531,113
37,reset_l1,0.25,1,15.625,L2,pre_reset,0.9140492252659808,0.122487605840175,0.9194824608813884,0.1077419767964826,0.3614834929339921,0.2341383920447426,113
37,reset_l1,0.25,2,31.25,L1,spike50,0.709113307946321,0.1449416254001192,0.7259661987062721,0.143885729946109,0.774127364308654,0.1968808820959259,106
37,reset_l1,0.25,2,31.25,L1,syn_current,0.7113517784145007,0.1674963393247197,0.7281962616186286,0.1576547633066367,0.6849228523603845,0.1745195530254351,124
37,reset_l1,0.25,2,31.25,L1,pre_reset,0.6354154909744213,0.166005523519287,0.6589249830713335,0.1579504927358338,0.7544164506825874,0.144832594627241,124
37,reset_l1,0.25,2,31.25,L2,spike50,0.844212319768123,0.1355354522038162,0.8833571833331135,0.1276088743785935,0.4211860273678145,0.2553454956029996,107
37,reset_l1,0.25,2,31.25,L2,syn_current,0.8284519723794795,0.1981684803485877,0.8401093814286753,0.1788821008599868,0.5574497385366453,0.2370271779104111,114
37,reset_l1,0.25,2,31.25,L2,pre_reset,0.8658298992225276,0.176812854990682,0.8729433038041051,0.1568190381782834,0.4932261632995112,0.2436602035995874,114
37,reset_l1,0.25,4,62.5,L1,spike50,0.4520576497830745,0.2219820784287043,0.4791602819014084,0.216777061424287,0.9188972589194472,0.1572572345841982,66
37,reset_l1,0.25,4,62.5,L1,syn_current,0.8076898715528136,0.131828999507181,0.819850952540857,0.1238259366758297,0.5675963139235696,0.1656518537112383,128
37,reset_l1,0.25,4,62.5,L1,pre_reset,0.7604657768853695,0.1378056116193379,0.7769242307945301,0.1297514168545777,0.6183458300538893,0.1520100218469781,128
37,reset_l1,0.25,4,62.5,L2,spike50,0.667394247201719,0.1558427381585022,0.7517975525058133,0.155733857495327,0.6244695311156296,0.2258309965998205,113
37,reset_l1,0.25,4,62.5,L2,syn_current,0.8000666643767299,0.1672016930867131,0.8108795840666022,0.1522100268066377,0.6417380343427626,0.181642743730709,118
37,reset_l1,0.25,4,62.5,L2,pre_reset,0.8268249836945035,0.1539665188250316,0.8322586926793966,0.1420317509827846,0.6074285290216835,0.1925066019113173,118
37,reset_l1,0.25,8,125.0,L1,spike50,0.6547901684075368,0.1932738502370531,0.6743872316390116,0.1906448144771304,0.7603967150522086,0.2110382398743066,106
37,reset_l1,0.25,8,125.0,L1,syn_current,0.9023815834550816,0.0681063055943057,0.9110075406703028,0.0629490731268248,0.4240379572021662,0.1427824593342574,128
37,reset_l1,0.25,8,125.0,L1,pre_reset,0.8805174963172147,0.0719583618866999,0.8910698457381312,0.066370978047116,0.4503434842974676,0.1299442102832833,128
37,reset_l1,0.25,8,125.0,L2,spike50,0.5815079042365369,0.1546807867264941,0.693427216450625,0.1501569737680347,0.6935930561283483,0.1773629334628167,122
37,reset_l1,0.25,8,125.0,L2,syn_current,0.789662790481649,0.1411128257108217,0.8002552518850521,0.1225288165442585,0.6429055675684346,0.1527909819688264,126
37,reset_l1,0.25,8,125.0,L2,pre_reset,0.7989237405336914,0.1355992958483352,0.8030892690308846,0.1199040573059787,0.6410169342100871,0.1508882668375733,126
37,reset_l1,0.25,16,250.0,L1,spike50,0.8594642296881216,0.1093520074913437,0.8702456540105141,0.1069340496221543,0.5095929363762335,0.1817704742618695,124
37,reset_l1,0.25,16,250.0,L1,syn_current,0.9794648076903094,0.0144170389463796,0.9820004841191056,0.0126605001375812,0.2159013257087531,0.0754014879179059,128
37,reset_l1,0.25,16,250.0,L1,pre_reset,0.967256679130978,0.0175890591004817,0.9710025158475812,0.0154235630384838,0.2491312582218274,0.0648429641962041,128
37,reset_l1,0.25,16,250.0,L2,spike50,0.6439177458800617,0.1939158621837809,0.7665854837891765,0.1734689805241924,0.6058440183942498,0.2013446087420313,126
37,reset_l1,0.25,16,250.0,L2,syn_current,0.8232413508909846,0.1251640836621277,0.8488853016588241,0.1047002585563335,0.5528691111718101,0.1570009642769689,128
37,reset_l1,0.25,16,250.0,L2,pre_reset,0.8163781116917661,0.1195125668405822,0.8346287522491742,0.1069169486353778,0.5757196122062486,0.1564726884723613,128
37,reset_l1,0.25,32,500.0,L1,spike50,0.9585576352193956,0.0312143734341427,0.9620484204614532,0.030227888444737,0.2695581479612012,0.1119319125884187,128
37,reset_l1,0.25,32,500.0,L1,syn_current,0.9979187230536336,0.0016262373867608,0.998171012985588,0.0014154418062633,0.0768304763035568,0.0331427148366153,128
37,reset_l1,0.25,32,500.0,L1,pre_reset,0.9909183534748998,0.0046775104268219,0.9918794968210796,0.00414586132879,0.13045458393242,0.03508771668867,128
37,reset_l1,0.25,32,500.0,L2,spike50,0.8534255399280252,0.0897624273261007,0.9255707340259884,0.0538505566153175,0.3625179129543885,0.116240848796569,128
37,reset_l1,0.25,32,500.0,L2,syn_current,0.930445564050594,0.0488754381100202,0.945984546496326,0.032220738319436,0.3306631454821033,0.1044138438048915,128
37,reset_l1,0.25,32,500.0,L2,pre_reset,0.9276296328541728,0.0556970776449904,0.939876311431456,0.0375716899914984,0.3496970732002243,0.1125188006021219,128
37,reset_l1,0.5,0,0.0,L1,spike50,0.9615253539124486,0.0335897464768547,0.9652131672924524,0.032967800671373,0.3206370216329351,0.0822839892934426,128
37,reset_l1,0.5,0,0.0,L1,syn_current,0.4839228648866149,0.1804270841220107,0.5098188356873374,0.1640071677392092,0.913694548368148,0.1035416878477373,83
37,reset_l1,0.5,0,0.0,L1,pre_reset,0.3847902167960877,0.1396991665571887,0.4158301055406899,0.1303527256276534,0.9544225190179794,0.0553184474122847,83
37,reset_l1,0.5,0,0.0,L2,spike50,0.9807166231326276,0.0490554752009283,0.9877417660833624,0.0485344054405966,0.1248959084201827,0.080551732813033,127
37,reset_l1,0.5,0,0.0,L2,syn_current,0.9656376935118212,0.0435727575453918,0.9714301363840376,0.0330152705296237,0.2379671457870327,0.0952803407618885,128
37,reset_l1,0.5,0,0.0,L2,pre_reset,0.9873878607313612,0.0174513849785602,0.988976761777686,0.0134613572340438,0.1464292847661867,0.0663983150644899,128
37,reset_l1,0.5,1,15.625,L1,spike50,0.9256365153854664,0.0542659006563092,0.9319101672218548,0.0539845192511228,0.5380900395254171,0.0739883039178756,128
37,reset_l1,0.5,1,15.625,L1,syn_current,0.5561960688526115,0.1791537968486134,0.5814441040962355,0.1662728311085368,0.8408124364876413,0.1272925688127153,114
37,reset_l1,0.5,1,15.625,L1,pre_reset,0.4758754294563846,0.1625703426109218,0.5052859273154156,0.1530751120553991,0.8898793677311924,0.0935174203295046,114
37,reset_l1,0.5,1,15.625,L2,spike50,0.957083675574384,0.0454612073204585,0.9743647461346624,0.0440627957010592,0.2067705376916769,0.0877149971872022,127
37,reset_l1,0.5,1,15.625,L2,syn_current,0.944237317499872,0.0562039729356257,0.9529643059160188,0.0451804901439948,0.3364406852934299,0.1040239611927477,128
37,reset_l1,0.5,1,15.625,L2,pre_reset,0.9680357946026475,0.0390223187177378,0.972024123921862,0.0308737449577813,0.2525677906990574,0.0930609401273421,128
37,reset_l1,0.5,2,31.25,L1,spike50,0.795153518660131,0.0882348466138498,0.8112235887579724,0.0864253813533542,0.7617327896386648,0.0635372534750641,125
37,reset_l1,0.5,2,31.25,L1,syn_current,0.6236522456757967,0.1600628485277526,0.6484885366061091,0.1490677879743152,0.7841318807232995,0.1231701545302318,124
37,reset_l1,0.5,2,31.25,L1,pre_reset,0.5584750129856565,0.1576838455825099,0.5875837417780192,0.1472617180946771,0.8272244774844681,0.1089714696517326,124
37,reset_l1,0.5,2,31.25,L2,spike50,0.9059127032172416,0.0624566186553296,0.9441390046372752,0.0569460197565297,0.3238500966998007,0.1126435462936869,127
37,reset_l1,0.5,2,31.25,L2,syn_current,0.9170520522326424,0.0786852125270737,0.9286020025794968,0.0577886995202595,0.4158955423319428,0.1065221680885249,128
37,reset_l1,0.5,2,31.25,L2,pre_reset,0.945351270382352,0.059292550027334,0.9513888973629316,0.0420614914523029,0.3421110019948743,0.100605673345233,128
37,reset_l1,0.5,4,62.5,L1,spike50,0.3694849710225985,0.1630507746866339,0.3987608145412645,0.1633112600431613,0.9676860755015896,0.0539949986097146,60
37,reset_l1,0.5,4,62.5,L1,syn_current,0.7341477425254949,0.1333628553881571,0.753716261536957,0.1241719117617409,0.6809628058261539,0.1269896448722688,128
37,reset_l1,0.5,4,62.5,L1,pre_reset,0.6922519068302018,0.1348457376110299,0.7150946632872643,0.1254775417791779,0.7100283725115031,0.118501768323181,128
37,reset_l1,0.5,4,62.5,L2,spike50,0.7490648660243925,0.0886757957441078,0.8429187451888361,0.0630829218667591,0.5393785649016681,0.1142517115414404,126
37,reset_l1,0.5,4,62.5,L2,syn_current,0.8755813691873573,0.0927218710856726,0.8914180493090799,0.0678065308906351,0.5182597211119687,0.1013485547680215,128
37,reset_l1,0.5,4,62.5,L2,pre_reset,0.90549663689824,0.0791533952796034,0.91463759487519,0.0585352717130332,0.4667175672422544,0.1034202981909614,128
37,reset_l1,0.5,8,125.0,L1,spike50,0.6084927056074669,0.1592658428621881,0.6365396844954657,0.1580250252365451,0.854317284970175,0.1447786685628494,89
37,reset_l1,0.5,8,125.0,L1,syn_current,0.8693503085663659,0.0737078239274839,0.8807442844949315,0.0685289623201457,0.5177611866456155,0.1249948273233517,128
37,reset_l1,0.5,8,125.0,L1,pre_reset,0.8469883220151119,0.0768493022470101,0.8597757212671658,0.0714697298211382,0.5309074615044452,0.1163218036310834,128
37,reset_l1,0.5,8,125.0,L2,spike50,0.5860416518833343,0.1311640740809008,0.7230882758627658,0.1106620277716036,0.6827621970781921,0.1244939428088812,126
37,reset_l1,0.5,8,125.0,L2,syn_current,0.8088569587011253,0.123673739049707,0.8275464395073127,0.0949339913684275,0.6142473784405971,0.1088094492564485,128
37,reset_l1,0.5,8,125.0,L2,pre_reset,0.8347070429266392,0.1102280822455057,0.8478647379522626,0.0811778188839607,0.594504393064711,0.1021874818801277,128
37,reset_l1,0.5,16,250.0,L1,spike50,0.8343141482583613,0.1101080253558976,0.8465964047453478,0.108398049428475,0.5709835457925517,0.1684060210162613,124
37,reset_l1,0.5,16,250.0,L1,syn_current,0.9722663900277972,0.0171317775541183,0.9755174756591928,0.0152928237534271,0.2786011722718914,0.0828048920555116,128
37,reset_l1,0.5,16,250.0,L1,pre_reset,0.9597606051446956,0.0194579553957442,0.9637931231984408,0.0175127961778003,0.297039110225559,0.0715907849713235,128
37,reset_l1,0.5,16,250.0,L2,spike50,0.5856375032701484,0.1738705234143292,0.7473348565217837,0.1309581235601854,0.6506151018963207,0.1513386812654873,127
37,reset_l1,0.5,16,250.0,L2,syn_current,0.7856641410423268,0.1301688128097075,0.8178030023421948,0.0997118320179062,0.6084910197354063,0.1316613239024477,128
37,reset_l1,0.5,16,250.0,L2,pre_reset,0.7906199838294149,0.1210603558878845,0.8110737305731743,0.1008312251013651,0.6246344207305544,0.1252191318013068,128
37,reset_l1,0.5,32,500.0,L1,spike50,0.947618670348618,0.0396591122097159,0.951845309503504,0.0389172110035514,0.3227217408057148,0.1286055272257234,97
37,reset_l1,0.5,32,500.0,L1,syn_current,0.9966552491134432,0.0022608352079805,0.9970303466844468,0.0020054598107294,0.1078559549771952,0.0329319392528168,98
37,reset_l1,0.5,32,500.0,L1,pre_reset,0.988710495078698,0.0048290572521786,0.9898406350007668,0.0043239206334694,0.15255601876727,0.03022466177318,98
37,reset_l1,0.5,32,500.0,L2,spike50,0.793509697821661,0.1204924475475816,0.896307863932193,0.0783318003499217,0.4296916428623635,0.1466123457093252,97
37,reset_l1,0.5,32,500.0,L2,syn_current,0.8913371268763819,0.0863723431610862,0.9143171927727328,0.0614330361752284,0.4198866762899733,0.1334502997261812,98
37,reset_l1,0.5,32,500.0,L2,pre_reset,0.8852929740926704,0.0914782932332499,0.903606240668241,0.0698339514272231,0.4477291982765284,0.1399586804925261,98
37,reset_l1,0.75,0,0.0,L1,spike50,0.9667030179072564,0.0185833815288539,0.9700605400793688,0.0176217632486614,0.3132081730452885,0.0703748614960944,128
37,reset_l1,0.75,0,0.0,L1,syn_current,0.4751072452272217,0.166657122534935,0.5089205880697499,0.1532352817740828,0.9111367187957442,0.1005041312171549,91
37,reset_l1,0.75,0,0.0,L1,pre_reset,0.389781746855378,0.1365123661889201,0.4268275681965859,0.127124952621681,0.9505356503099,0.0567502302009374,91
37,reset_l1,0.75,0,0.0,L2,spike50,0.9846349639883696,0.0084819041922193,0.9926463081780674,0.0043288208297879,0.1157213092373377,0.0378013566670194,128
37,reset_l1,0.75,0,0.0,L2,syn_current,0.969655043588168,0.0274018167302314,0.9758023274824584,0.019707892811453,0.2234066142396697,0.0803819995522529,128
37,reset_l1,0.75,0,0.0,L2,pre_reset,0.9894798805295242,0.0104507535373835,0.9910276834979896,0.0079116296656611,0.1349914740767326,0.0533501569415091,128
37,reset_l1,0.75,1,15.625,L1,spike50,0.932655149683322,0.0411021306660492,0.9391066606653418,0.0393563753006986,0.5308203989750491,0.0749776192717042,128
37,reset_l1,0.75,1,15.625,L1,syn_current,0.5892631136598443,0.1539465819386695,0.6168114035914015,0.1403049135949023,0.8188734840413995,0.1204996095780853,120
37,reset_l1,0.75,1,15.625,L1,pre_reset,0.5084910642682894,0.1422871998131576,0.5412853913734748,0.1313510699700697,0.8743651044145375,0.0897283522515626,120
37,reset_l1,0.75,1,15.625,L2,spike50,0.9602919246476784,0.0209944521692742,0.980072685063379,0.0106801545264317,0.1937030132500859,0.0552889145194615,128
37,reset_l1,0.75,1,15.625,L2,syn_current,0.9488755359172076,0.0405582873521895,0.9588714991821856,0.0299828894248749,0.317324185102204,0.0872944543975045,128
37,reset_l1,0.75,1,15.625,L2,pre_reset,0.9725695378389958,0.0229248381547837,0.9767287495061638,0.0173531593361354,0.2344212188309751,0.073220585236078,128
37,reset_l1,0.75,2,31.25,L1,spike50,0.7974291040915518,0.0963164810133719,0.8142935925626968,0.0935005206020188,0.753966448916817,0.0855125921090053,127
37,reset_l1,0.75,2,31.25,L1,syn_current,0.6669400286276527,0.1342699564590219,0.6907673954369968,0.1209517826199619,0.7550098753710778,0.1202444340984033,126
37,reset_l1,0.75,2,31.25,L1,pre_reset,0.6069357702220118,0.1274549350644563,0.6344697651165115,0.1162812792675043,0.7999348665750093,0.1009910111506701,126
37,reset_l1,0.75,2,31.25,L2,spike50,0.9113858747339704,0.0454824379289391,0.9530643633615008,0.0241260808146073,0.2973902229980906,0.0781324910342907,128
37,reset_l1,0.75,2,31.25,L2,syn_current,0.9249899009806576,0.0544090969608781,0.9383172594177788,0.0405528888760073,0.3951571147540031,0.093746292458678,128
37,reset_l1,0.75,2,31.25,L2,pre_reset,0.9519865613798896,0.0381464356469701,0.9587552674799816,0.0285898664518301,0.3222348467140597,0.0873159525894154,128
37,reset_l1,0.75,4,62.5,L1,spike50,0.3643506545406262,0.1737293940525657,0.4013473244220994,0.1763077324897657,0.9610977798527534,0.0645374894043753,64
37,reset_l1,0.75,4,62.5,L1,syn_current,0.7724565199793503,0.1061317380475682,0.7906907879049146,0.0962478230085686,0.6559884283492039,0.1206916273624107,128
37,reset_l1,0.75,4,62.5,L1,pre_reset,0.7371811284587642,0.0998863621168496,0.7577618452852262,0.0909913375843986,0.6789827126388824,0.1069712815884481,128
37,reset_l1,0.75,4,62.5,L2,spike50,0.7548633523829247,0.0968467585695076,0.8550316000757533,0.0615442373557103,0.5119272287415082,0.0997704824577109,128
37,reset_l1,0.75,4,62.5,L2,syn_current,0.8725868059454185,0.0745223815928466,0.892283879327441,0.0549307921023878,0.5146805508194655,0.0957894071547228,128
37,reset_l1,0.75,4,62.5,L2,pre_reset,0.9079874604584696,0.0579529437956057,0.918625110094298,0.0450171748756112,0.4599097974255148,0.0946099024970984,128
37,reset_l1,0.75,8,125.0,L1,spike50,0.594158722329313,0.171738478910406,0.6175097391774793,0.1744815158527754,0.8502624252896671,0.1395367164199345,98
37,reset_l1,0.75,8,125.0,L1,syn_current,0.8854773741636153,0.0646271536341198,0.8963891602769246,0.0596081062362584,0.5079353148816799,0.1136881057247571,128
37,reset_l1,0.75,8,125.0,L1,pre_reset,0.8633444235545646,0.0627086194877324,0.875822140257921,0.0576516625450361,0.5176153620438528,0.1012399090327179,128
37,reset_l1,0.75,8,125.0,L2,spike50,0.580212386129388,0.1393919967351845,0.729690902595583,0.1013730123859936,0.6713054791339019,0.1163226476624229,128
37,reset_l1,0.75,8,125.0,L2,syn_current,0.8069283059416255,0.1033916613091808,0.8287361627376382,0.0842923025918078,0.6245077094784414,0.098476763275302,128
37,reset_l1,0.75,8,125.0,L2,pre_reset,0.837237288447563,0.0911130757078378,0.8498676488085165,0.0790023945983969,0.6037287712595383,0.0963812539709364,128
37,reset_l1,0.75,16,250.0,L1,spike50,0.8035125659754739,0.1208326112624774,0.8136820497495864,0.1213635343958381,0.6432115598758619,0.1781823771394632,95
37,reset_l1,0.75,16,250.0,L1,syn_current,0.9667305108502148,0.0208664452768403,0.970141996201144,0.018782917361005,0.3155011277368754,0.0893258798920017,101
37,reset_l1,0.75,16,250.0,L1,pre_reset,0.954284161916796,0.02368715284774,0.958501406321627,0.0215101836888561,0.3246112149771338,0.0776364863165356,101
37,reset_l1,0.75,16,250.0,L2,spike50,0.5234611284603347,0.1688796035118429,0.7059549345489875,0.1380626443571332,0.6951133625965997,0.1409112378170477,101
37,reset_l1,0.75,16,250.0,L2,syn_current,0.7548638584642579,0.1320693222556143,0.7956356522914341,0.1086461146024489,0.6622344179882054,0.1206842786230241,101
37,reset_l1,0.75,16,250.0,L2,pre_reset,0.7670678397029831,0.1248654024772215,0.7941950774566356,0.1092588609236718,0.6774686552082168,0.1162725937650105,101
37,reset_l1,0.75,32,500.0,L1,spike50,0.9389742011994158,0.0220397963404851,0.940404551096534,0.0218458975528422,0.416666666666572,0.0833333333333029,2
37,reset_l1,0.75,32,500.0,L1,syn_current,0.997356461992814,0.0009311843245269,0.997678760820726,0.0008048549653659,0.110801308591467,0.0331580584139753,2
37,reset_l1,0.75,32,500.0,L1,pre_reset,0.9907969996095533,0.0019068772443069,0.9919525114602128,0.0017122349086332,0.1512873062763168,0.0066553830781621,2
37,reset_l1,0.75,32,500.0,L2,spike50,0.7629098037448412,0.014544299913109,0.828707840350646,0.0075566376730496,0.6174087225209551,0.0291670276188471,2
37,reset_l1,0.75,32,500.0,L2,syn_current,0.9158442107331266,0.0017285909387962,0.949402781535518,0.0145529832189906,0.4999173177090075,0.0218547503828896,2
37,reset_l1,0.75,32,500.0,L2,pre_reset,0.8643642590161129,0.019739397491337,0.9168354303367146,0.0065855687751706,0.5264626720247874,0.0254188934618843,2
37,reset_l1,0.25,0,0.0,L1,spike50,0.9255126689986516,0.0633812735772564,0.929753196169394,0.0629803384139844,0.3953629506355014,0.2172472766431369,16
37,reset_l1,0.25,0,0.0,L1,syn_current,0.5158938225383715,0.1930491220415081,0.5397700194430367,0.1849818562056547,0.8970824584781645,0.1053601725926844,12
37,reset_l1,0.25,0,0.0,L1,pre_reset,0.3886830693193558,0.1573306901872472,0.4242961858324343,0.1549096494584234,0.9498811454524542,0.0516664180337677,12
37,reset_l1,0.25,0,0.0,L2,spike50,0.9530286176536668,0.052655267952903,0.9606034673417684,0.0502692818324061,0.2562126779392342,0.2445208733209069,15
37,reset_l1,0.25,0,0.0,L2,syn_current,0.9249105762387146,0.0672531946683543,0.931848021808918,0.0626714412264144,0.3853916364585172,0.2261167593170217,16
37,reset_l1,0.25,0,0.0,L2,pre_reset,0.9663258315136408,0.0340900799797851,0.9678128420364792,0.033188839350992,0.281872496364298,0.2154477861687566,16
37,reset_l1,0.25,1,15.625,L1,spike50,0.861898759145559,0.061563312970884,0.8698756418792468,0.0601725138480535,0.5827630843395455,0.1833396496149262,16
37,reset_l1,0.25,1,15.625,L1,syn_current,0.5932927842448315,0.1963280146778223,0.6144437909003545,0.1866116735203903,0.8107262805508445,0.1381121047474364,16
37,reset_l1,0.25,1,15.625,L1,pre_reset,0.4930574553567066,0.1867581825530407,0.5246330651616558,0.1795801548042026,0.87711985600213,0.0970468788569966,16
37,reset_l1,0.25,1,15.625,L2,spike50,0.9135936428803808,0.0563963609297891,0.9288135826434076,0.0574235107044297,0.363763337633201,0.2366695374050742,15
37,reset_l1,0.25,1,15.625,L2,syn_current,0.8729877123466863,0.0996711968154215,0.8759605168912672,0.0982630434286235,0.5130394733037514,0.2170846299028448,16
37,reset_l1,0.25,1,15.625,L2,pre_reset,0.9218192101923078,0.057185035194781,0.9214857620875924,0.0568176785132385,0.4188024869315863,0.2025176071548544,16
37,reset_l1,0.25,2,31.25,L1,spike50,0.6641992482353238,0.1433792787987454,0.6756586643963146,0.1422410830360418,0.7599976181235366,0.2068023488849772,16
37,reset_l1,0.25,2,31.25,L1,syn_current,0.681617624631291,0.1595278738066592,0.7006021265906346,0.1563224720277985,0.7213619220999812,0.1278465200505157,18
37,reset_l1,0.25,2,31.25,L1,pre_reset,0.585621077787904,0.1596153847334313,0.6152573065415028,0.1566659344672282,0.7970606072600324,0.1104363532943737,18
37,reset_l1,0.25,2,31.25,L2,spike50,0.8497888200097757,0.0648232597235559,0.8775977160631344,0.0670094567560224,0.4685821389725826,0.239264421615256,15
37,reset_l1,0.25,2,31.25,L2,syn_current,0.8514463813163703,0.060161346499623,0.8558744037305307,0.0622256543722696,0.5718070716124857,0.1930640150536262,16
37,reset_l1,0.25,2,31.25,L2,pre_reset,0.8860412399612657,0.0511073942092051,0.8854291423897872,0.0512990725649394,0.5006575024006982,0.1887256252263995,16
37,reset_l1,0.25,4,62.5,L1,spike50,0.3993202620046712,0.1233725796513232,0.413900018846825,0.1224928997386796,0.9886444620983328,0.0325183342383345,3
37,reset_l1,0.25,4,62.5,L1,syn_current,0.7585498773930537,0.1304308835018659,0.7722037558350707,0.1283332586910348,0.6499057703480249,0.144422649868621,18
37,reset_l1,0.25,4,62.5,L1,pre_reset,0.7172977516141085,0.1208760715343127,0.7364127889683681,0.1185102183998304,0.6854668478087785,0.1210322800019375,18
37,reset_l1,0.25,4,62.5,L2,spike50,0.6142322394181313,0.1305486390508229,0.6715859028564483,0.1453321130705054,0.6716558786396922,0.2760726563557579,15
37,reset_l1,0.25,4,62.5,L2,syn_current,0.8116964383725617,0.0794967571134551,0.815338443130672,0.0758100725314496,0.7098902338686061,0.1478596997847051,16
37,reset_l1,0.25,4,62.5,L2,pre_reset,0.83011397343681,0.0800363936902148,0.828878424549437,0.0820156384989473,0.6602419752620079,0.1619827168514603,16
37,reset_l1,0.25,8,125.0,L1,spike50,0.5928258452304959,0.1777933259720296,0.6073592742477095,0.1697504062140284,0.9242476479031272,0.0957639652422316,8
37,reset_l1,0.25,8,125.0,L1,syn_current,0.8875443744777578,0.0652771732456543,0.8985824782682555,0.0609792461067907,0.480484460148057,0.1356642572243997,18
37,reset_l1,0.25,8,125.0,L1,pre_reset,0.8574814056167137,0.0758034046067882,0.8721273735560151,0.0707369619619145,0.5071205080470613,0.1291128207902779,18
37,reset_l1,0.25,8,125.0,L2,spike50,0.4504305278845243,0.0892507561813601,0.537474865423125,0.0952588167619962,0.8880750522305916,0.0770406568639392,14
37,reset_l1,0.25,8,125.0,L2,syn_current,0.6914824192439113,0.1478236234401453,0.7004521474246995,0.1132865293791822,0.7812458332448654,0.0816739200763729,18
37,reset_l1,0.25,8,125.0,L2,pre_reset,0.7095586283702336,0.1492780035830588,0.7211391410844865,0.1142218483479375,0.7522196839403791,0.0774616990084255,18
37,reset_l1,0.25,16,250.0,L1,spike50,0.7999679031906303,0.0906474740122859,0.8085755990823983,0.0916116513531674,0.6229744993471429,0.1199476322570083,18
37,reset_l1,0.25,16,250.0,L1,syn_current,0.9775381146474008,0.0105461698712702,0.9801315281117174,0.0095949208483885,0.2418241367470947,0.0526246153061213,18
37,reset_l1,0.25,16,250.0,L1,pre_reset,0.9633891320427128,0.0138639902444665,0.9679553097669796,0.0121382142875114,0.2652849160505336,0.0478312608364157,18
37,reset_l1,0.25,16,250.0,L2,spike50,0.5089534465682791,0.1754302436692106,0.619175944792656,0.1910169550598187,0.776097330138548,0.1525588649056068,17
37,reset_l1,0.25,16,250.0,L2,syn_current,0.7284099262062848,0.1465715483879588,0.7794519357960303,0.0978401673424254,0.6660157618370425,0.1174883375809262,18
37,reset_l1,0.25,16,250.0,L2,pre_reset,0.7190938072546914,0.1394241703674444,0.7642803535969427,0.0958137410909674,0.6862107038974138,0.0980830843482536,18
37,reset_l1,0.25,32,500.0,L1,spike50,0.9547636637556972,0.0306834701562265,0.9577024983034362,0.0304337227001934,0.2928586115349569,0.0855571467222472,18
37,reset_l1,0.25,32,500.0,L1,syn_current,0.9979414819744838,0.001221639248202,0.9982037329579464,0.0010540616730667,0.0806962200519757,0.0197479412576502,18
37,reset_l1,0.25,32,500.0,L1,pre_reset,0.9885949315376336,0.0047944312112494,0.9899144945458456,0.0042856305102091,0.1447149773649282,0.0285059273892125,18
37,reset_l1,0.25,32,500.0,L2,spike50,0.8294249061517985,0.0749159050350439,0.909833217210216,0.0441144142827501,0.4090750994716413,0.1031499874995042,18
37,reset_l1,0.25,32,500.0,L2,syn_current,0.8990849793733879,0.0570091761419293,0.9302230393816576,0.0366950233631228,0.3782041473286685,0.0902768359969554,18
37,reset_l1,0.25,32,500.0,L2,pre_reset,0.883098860933831,0.0685476871489401,0.9148052146096374,0.0404464551208552,0.413488164934523,0.0885552911668585,18
37,reset_l1,0.5,0,0.0,L1,spike50,0.9570277479028382,0.0296839150124244,0.9596824144682152,0.0283089764554757,0.3257190061440429,0.1261560518529251,18
37,reset_l1,0.5,0,0.0,L1,syn_current,0.5316529309797017,0.1264751565337864,0.5720871926576696,0.1131211842615857,0.8785573616062745,0.1009731078251214,15
37,reset_l1,0.5,0,0.0,L1,pre_reset,0.4280652464036159,0.0973830687038751,0.4768332495116286,0.0906589003103974,0.9359056922490032,0.0541614060285444,15
37,reset_l1,0.5,0,0.0,L2,spike50,0.9820305089984926,0.0097976666359461,0.99087498708916,0.0046346184821927,0.1264194876103227,0.0499993958453476,18
37,reset_l1,0.5,0,0.0,L2,syn_current,0.9516798389409624,0.0466745198872783,0.9628970269188962,0.0335640918033237,0.263388545544055,0.1261752486980553,18
37,reset_l1,0.5,0,0.0,L2,pre_reset,0.9779411146022036,0.0328781713989529,0.9823772642449964,0.0220028363809045,0.1766231000613097,0.0988757733685667,18
37,reset_l1,0.5,1,15.625,L1,spike50,0.908977054802348,0.0609957576911041,0.9142238682931156,0.0577097804030858,0.5617564691627212,0.1529626095012498,18
37,reset_l1,0.5,1,15.625,L1,syn_current,0.6107537855505626,0.1420970159435941,0.6462165035742985,0.1238385406328069,0.801349720134908,0.125999589494978,17
37,reset_l1,0.5,1,15.625,L1,pre_reset,0.5333693231482206,0.1374114091879568,0.5762948843993881,0.122167643081481,0.8578016505837041,0.0971957921395418,17
37,reset_l1,0.5,1,15.625,L2,spike50,0.9477640686449038,0.027262760353576,0.971418755772025,0.0143671413491775,0.2318426302100017,0.0737287420729984,18
37,reset_l1,0.5,1,15.625,L2,syn_current,0.914295180381469,0.0588514738599075,0.9338315567497404,0.0424020101360702,0.3838074564809134,0.129832063908842,18
37,reset_l1,0.5,1,15.625,L2,pre_reset,0.9476747617220362,0.0403114520634825,0.9561788817873094,0.0312370719678916,0.3072732317068955,0.1120576256517142,18
37,reset_l1,0.5,2,31.25,L1,spike50,0.7388465060505441,0.0971081855898714,0.7486993590972936,0.0948358640352526,0.8103787598956412,0.0661785251011294,17
37,reset_l1,0.5,2,31.25,L1,syn_current,0.6889642880951269,0.1182138345142628,0.7192371949043844,0.1047818309352319,0.7261523277959933,0.1023848785156738,18
37,reset_l1,0.5,2,31.25,L1,pre_reset,0.6153394225244203,0.1323952593372917,0.6554756378860296,0.1141474279912828,0.7815872704659846,0.1003504913347785,18
37,reset_l1,0.5,2,31.25,L2,spike50,0.8788133344931439,0.0507194579622812,0.928211664930935,0.0267738380103102,0.3754753933049793,0.0633965370207489,18
37,reset_l1,0.5,2,31.25,L2,syn_current,0.8624437989588333,0.0709041814666505,0.8968185664638182,0.0487049424815132,0.4848639685849368,0.0833000749374311,18
37,reset_l1,0.5,2,31.25,L2,pre_reset,0.9111405487198112,0.043422456595278,0.9274566711727212,0.0332756406597448,0.4088578630401018,0.0832960830891453,18
37,reset_l1,0.5,4,62.5,L1,spike50,0.3918948661313771,0.1485281788655436,0.4167426589517821,0.1419759793773508,0.97892389132118,0.0395439539482149,6
37,reset_l1,0.5,4,62.5,L1,syn_current,0.7901553924491922,0.0778506578184254,0.8089440708118871,0.0753878210076764,0.6297211561124955,0.0948064320925879,18
37,reset_l1,0.5,4,62.5,L1,pre_reset,0.7473595893999541,0.09653860490965,0.7721941384387104,0.0902543131024339,0.65457293373708,0.1058655867370863,18
37,reset_l1,0.5,4,62.5,L2,spike50,0.6571618792053874,0.0938784647824208,0.7707446452318722,0.065748028135082,0.6364572824979808,0.0759772409867122,18
37,reset_l1,0.5,4,62.5,L2,syn_current,0.7864822688693908,0.1091417990096433,0.834587319236673,0.0721799765457864,0.6067243882086899,0.0853550707927608,18
37,reset_l1,0.5,4,62.5,L2,pre_reset,0.8342227122834559,0.0878128416225971,0.8674379510439082,0.0548127509710392,0.5557743666508274,0.0808346788281747,18
37,reset_l1,0.5,8,125.0,L1,spike50,0.5886160716219294,0.1523425675773249,0.6131314984715354,0.1427339263345006,0.8925599369951733,0.0951745152589375,12
37,reset_l1,0.5,8,125.0,L1,syn_current,0.9031537325937388,0.0325533413074095,0.913705394312194,0.0291912844459644,0.4688870329594453,0.0868576608798401,18
37,reset_l1,0.5,8,125.0,L1,pre_reset,0.8820878592229158,0.0360637593937102,0.8951702941739283,0.032870610382199,0.480314585943417,0.0789600268474955,18
37,reset_l1,0.5,8,125.0,L2,spike50,0.4531500208236639,0.1642040335699835,0.616072021050678,0.1264885212030026,0.7792208159585255,0.1043475748232894,18
37,reset_l1,0.5,8,125.0,L2,syn_current,0.7083338419424261,0.1800083286862753,0.7579024131549209,0.1049790575211849,0.6979028595906732,0.1007780504371074,18
37,reset_l1,0.5,8,125.0,L2,pre_reset,0.7376682788151339,0.1679473909739814,0.7788071530830298,0.0977186153627294,0.6818865214433152,0.0929754322101656,18
37,reset_l1,0.5,16,250.0,L1,spike50,0.8310808888781419,0.0877145594426274,0.8409918310948189,0.0842729865968848,0.6692418464540888,0.1831792955283338,15
37,reset_l1,0.5,16,250.0,L1,syn_current,0.9750070722533636,0.0130405734605395,0.9782840390487162,0.0114104331761794,0.273789562472891,0.0555831547301735,18
37,reset_l1,0.5,16,250.0,L1,pre_reset,0.9644205086178744,0.0136376408138201,0.9687363277163966,0.0120054562116013,0.2832071368373828,0.0487652811280176,18
37,reset_l1,0.5,16,250.0,L2,spike50,0.516609680281419,0.1415132919006841,0.6685428241767853,0.1414825346842312,0.7437530165415153,0.1433963192421342,17
37,reset_l1,0.5,16,250.0,L2,syn_current,0.7386387398848929,0.1157203736800733,0.78840450312611,0.0721911207564811,0.6848560390453857,0.1004946192481565,18
37,reset_l1,0.5,16,250.0,L2,pre_reset,0.7360917126665988,0.1265584572524649,0.7759968282264637,0.0794544020888938,0.694695168454508,0.099194333704851,18
37,reset_l1,0.5,32,500.0,L1,spike50,0.9215061771331308,0.0629055118279674,0.9256021661855736,0.0620548070928371,0.3815782145927318,0.1442755286371164,14
37,reset_l1,0.5,32,500.0,L1,syn_current,0.9971539439026132,0.0015608596595366,0.9974944354751288,0.0013813160754296,0.1045433978619944,0.0318794569129144,14
37,reset_l1,0.5,32,500.0,L1,pre_reset,0.9890980120696272,0.0059335233709249,0.9903175407737754,0.0051841900542236,0.1439893933643607,0.0342238794167403,14
37,reset_l1,0.5,32,500.0,L2,spike50,0.712544546750075,0.1208068321200722,0.8357011348157115,0.0911740375149398,0.5376736505094281,0.1377885074237829,14
37,reset_l1,0.5,32,500.0,L2,syn_current,0.8709702860441101,0.0700909579589933,0.9062422028277712,0.0395639773995218,0.4631549143219544,0.1037704813963286,14
37,reset_l1,0.5,32,500.0,L2,pre_reset,0.8492525971801517,0.0775456540054437,0.8838807398051287,0.0499847179920668,0.5022750763835281,0.1069759287108192,14
37,reset_l1,0.75,0,0.0,L1,spike50,0.9654140904119282,0.0196673474853758,0.9678329285757338,0.0194211734726297,0.3269568715128231,0.0591722670026359,18
37,reset_l1,0.75,0,0.0,L1,syn_current,0.489786757116099,0.1097187825447867,0.5241845191738489,0.0852561974768721,0.9243755029703524,0.0744038580699836,12
37,reset_l1,0.75,0,0.0,L1,pre_reset,0.3890755717517713,0.0867120543608416,0.4302641130801914,0.0708964479499168,0.9607033380819266,0.0407693584467344,12
37,reset_l1,0.75,0,0.0,L2,spike50,0.9830507026222186,0.0052945286083069,0.9914497846414538,0.0048970288892051,0.1287924784215705,0.0322797393409622,18
37,reset_l1,0.75,0,0.0,L2,syn_current,0.9734080623983048,0.0151436286984009,0.9798019154434268,0.0099574976710594,0.2243657294925196,0.046514149949443,18
37,reset_l1,0.75,0,0.0,L2,pre_reset,0.9893247907174452,0.0077826773962387,0.9914936517134194,0.0049428859483865,0.1445167528248638,0.0377292509930592,18
37,reset_l1,0.75,1,15.625,L1,spike50,0.9133102400290508,0.1047264393684623,0.9180370298586776,0.1041236121003158,0.5458106400682309,0.0898949928213465,18
37,reset_l1,0.75,1,15.625,L1,syn_current,0.5702570897440967,0.1265202515319134,0.5945717682386865,0.1095978960963664,0.8516998205799293,0.0949663447516822,16
37,reset_l1,0.75,1,15.625,L1,pre_reset,0.4804441671934202,0.124021130321827,0.5127368117090909,0.1088620816343155,0.9012391390622082,0.0670582987968509,16
37,reset_l1,0.75,1,15.625,L2,spike50,0.9567380259257644,0.0105090936119257,0.9773995661120796,0.0068799100535156,0.2142117497465526,0.0332717178790512,18
37,reset_l1,0.75,1,15.625,L2,syn_current,0.9579661075458976,0.0210261536529182,0.9668222662560922,0.0193224905232366,0.3008959907038975,0.0580305674476413,18
37,reset_l1,0.75,1,15.625,L2,pre_reset,0.974440440466463,0.0146531515666811,0.9794295014145256,0.010015478772085,0.2336463381573142,0.0463214600913467,18
37,reset_l1,0.75,2,31.25,L1,spike50,0.7867796115534692,0.0510953642407375,0.7980471124256716,0.0515955155492022,0.7618885981902517,0.0343617976406686,18
37,reset_l1,0.75,2,31.25,L1,syn_current,0.6075755290557052,0.111803605207381,0.6357568394711821,0.1019506867478235,0.8183546177557344,0.0840753031600366,17
37,reset_l1,0.75,2,31.25,L1,pre_reset,0.5380714690681065,0.1238000154390738,0.5716647042894829,0.1106003042896054,0.8544977262150693,0.0767244169764735,17
37,reset_l1,0.75,2,31.25,L2,spike50,0.9035145393474991,0.0224293624466965,0.9463584281335184,0.0131113017416498,0.330814009819254,0.0431158017701592,18
37,reset_l1,0.75,2,31.25,L2,syn_current,0.94196428792721,0.0313637381213611,0.9523470329926954,0.0226767129815986,0.3790400665776924,0.0478999507551316,18
37,reset_l1,0.75,2,31.25,L2,pre_reset,0.9590198736342612,0.0198854361988487,0.9656666988594532,0.013848078220618,0.316150837396285,0.0443562493477364,18
37,reset_l1,0.75,4,62.5,L1,spike50,0.3775264168465104,0.0428521651203244,0.4079208904394775,0.0512214432505912,0.9902988481505656,0.0227214680182165,3
37,reset_l1,0.75,4,62.5,L1,syn_current,0.7499043907010078,0.0961919933063494,0.7664069643612027,0.0829885965747352,0.6898551781444522,0.0893907135893099,18
37,reset_l1,0.75,4,62.5,L1,pre_reset,0.6962602345156007,0.1021598874596484,0.7181867932765784,0.0891105457285034,0.7267318441013199,0.0865255931220256,18
37,reset_l1,0.75,4,62.5,L2,spike50,0.7497786711910853,0.0587758205945676,0.8394448322216421,0.0350627779839249,0.5485684537419906,0.0548357455375038,18
37,reset_l1,0.75,4,62.5,L2,syn_current,0.8992228163500506,0.038821865365219,0.9146900561397874,0.0251237755081036,0.4931046858907651,0.0451227319142102,18
37,reset_l1,0.75,4,62.5,L2,pre_reset,0.922479281435708,0.0413508187227356,0.9348353630891436,0.0242493605731803,0.4407778014107175,0.0514397872153804,18
37,reset_l1,0.75,8,125.0,L1,spike50,0.5589863727289037,0.1437945156076863,0.5771343081007265,0.1380071027784848,0.926053395264272,0.0808465252347313,10
37,reset_l1,0.75,8,125.0,L1,syn_current,0.8853025765659456,0.0567221576653368,0.8971126734503658,0.0518526712095926,0.5264420205822559,0.1168976146287116,18
37,reset_l1,0.75,8,125.0,L1,pre_reset,0.8618721412384027,0.0576314282508544,0.8759502423152922,0.0528592483721577,0.5336744730949676,0.1054072913635179,18
37,reset_l1,0.75,8,125.0,L2,spike50,0.5806860359388812,0.0692940289235116,0.696438650308799,0.065524597060409,0.7201163444712012,0.0637455344664208,18
37,reset_l1,0.75,8,125.0,L2,syn_current,0.8179796300328667,0.0944092244236483,0.8519756327303759,0.0705340621093826,0.639114920702474,0.0644475810636958,18
37,reset_l1,0.75,8,125.0,L2,pre_reset,0.8485788128057054,0.0939370174634566,0.87531150599825,0.0627770335886511,0.6122723265763176,0.0581183346643576,18
37,reset_l1,0.75,16,250.0,L1,spike50,0.7749823557692748,0.1245835605602671,0.7823508165187586,0.124190319401832,0.7789033009497963,0.1814929051778162,10
37,reset_l1,0.75,16,250.0,L1,syn_current,0.9686425832561796,0.017220704247117,0.971995942247834,0.0151193095571611,0.3382952869435817,0.075679615167053,14
37,reset_l1,0.75,16,250.0,L1,pre_reset,0.9576409311426518,0.0181566632324922,0.9620966684971544,0.015959249269075,0.3327055022878447,0.0719812532539737,14
37,reset_l1,0.75,16,250.0,L2,spike50,0.5199196516450273,0.140958000721446,0.6494813694916388,0.128215688551793,0.7544201981788383,0.1131127086707567,14
37,reset_l1,0.75,16,250.0,L2,syn_current,0.7689950081453603,0.0912653575114122,0.8200200787346398,0.076857274006412,0.6822111219213581,0.0965216330076714,14
37,reset_l1,0.75,16,250.0,L2,pre_reset,0.769234653027081,0.0900649335237245,0.8132686572083535,0.0691001888872052,0.6995589430344197,0.0803771143665266,14
37,reset_l2,0.25,0,0.0,L1,spike50,1.0,1.2215109018058463e-16,1.0,1.402792703053027e-16,0.0,0.0,114
37,reset_l2,0.25,0,0.0,L1,syn_current,1.0,1.3947004136484323e-16,1.0,1.3981483803777926e-16,0.0,0.0,128
37,reset_l2,0.25,0,0.0,L1,pre_reset,1.0,1.3311106448512295e-16,1.0,1.4084416362486778e-16,0.0,0.0,128
37,reset_l2,0.25,0,0.0,L2,spike50,0.946990710821619,0.0890341817337286,0.9575995299444098,0.0845949049739296,0.278025742039946,0.1824029061485811,107
37,reset_l2,0.25,0,0.0,L2,syn_current,0.6024970565596215,0.2531213592288303,0.6432945453032682,0.2149326388014692,0.7058786256757489,0.3123983942224556,110
37,reset_l2,0.25,0,0.0,L2,pre_reset,0.5157405986255025,0.2703995623408224,0.5509820045977476,0.2407185085897253,0.7693161844722893,0.3198393754674365,110
37,reset_l2,0.25,1,15.625,L1,spike50,1.0,1.3732316816655263e-16,1.0,1.458790692268571e-16,0.0,0.0,117
37,reset_l2,0.25,1,15.625,L1,syn_current,1.0,1.4050189297646195e-16,1.0,1.2757001226805672e-16,0.0,0.0,128
37,reset_l2,0.25,1,15.625,L1,pre_reset,1.0,1.3526394372366472e-16,1.0,1.2794688166302258e-16,0.0,0.0,128
37,reset_l2,0.25,1,15.625,L2,spike50,0.920159365263711,0.0470604807701134,0.9476539442276164,0.0403033219325884,0.3918015791171864,0.1896384533186084,111
37,reset_l2,0.25,1,15.625,L2,syn_current,0.760096596366666,0.1925229720529145,0.7874767748085962,0.1654082039295444,0.597810921601623,0.2867806312054722,116
37,reset_l2,0.25,1,15.625,L2,pre_reset,0.6869868667276581,0.220367569364832,0.7099908597279275,0.2004892119895797,0.6706987088839098,0.300009155736379,116
37,reset_l2,0.25,2,31.25,L1,spike50,1.0,1.1977729106380286e-16,1.0,1.425044227228462e-16,0.0,0.0,122
37,reset_l2,0.25,2,31.25,L1,syn_current,1.0,1.442222014787673e-16,1.0,1.45220290906747e-16,0.0,0.0,128
37,reset_l2,0.25,2,31.25,L1,pre_reset,1.0,1.35619434333351e-16,1.0,1.545365047825326e-16,0.0,0.0,128
37,reset_l2,0.25,2,31.25,L2,spike50,0.8193946018019311,0.0781811878198681,0.884498284941062,0.0522499538212031,0.5015237604190198,0.2241799439669867,114
37,reset_l2,0.25,2,31.25,L2,syn_current,0.8372098372113407,0.153051749436605,0.8583882796401494,0.1306793541025769,0.5090626433489599,0.2650887085865472,122
37,reset_l2,0.25,2,31.25,L2,pre_reset,0.7828396029015894,0.1777074740977068,0.798879593948034,0.1619380668164102,0.5884964868398428,0.2849401051522968,122
37,reset_l2,0.25,4,62.5,L1,spike50,1.0,1.3704890552376615e-16,1.0,1.398749534750525e-16,0.0,0.0,126
37,reset_l2,0.25,4,62.5,L1,syn_current,1.0,1.2981481815797575e-16,1.0,1.4488835837920476e-16,0.0,0.0,128
37,reset_l2,0.25,4,62.5,L1,pre_reset,1.0,1.3668035872266426e-16,1.0,1.2098374922832816e-16,0.0,0.0,128
37,reset_l2,0.25,4,62.5,L2,spike50,0.7593895245633355,0.1536808006624874,0.8416875600916379,0.1069745201053384,0.4800067621507101,0.237584090158047,121
37,reset_l2,0.25,4,62.5,L2,syn_current,0.90317870951816,0.090352352665205,0.9182360734223316,0.0719294009584115,0.3996960647088071,0.2236628747632542,126
37,reset_l2,0.25,4,62.5,L2,pre_reset,0.8668703528809903,0.1180465039429583,0.8792666091302259,0.1027139889548858,0.4774480577614652,0.2549093659603945,126
37,reset_l2,0.25,8,125.0,L1,spike50,1.0,1.3506446028928518e-16,1.0,1.290917759688582e-16,0.0,0.0,125
37,reset_l2,0.25,8,125.0,L1,syn_current,1.0,1.4621156719869436e-16,1.0,1.237382037120247e-16,0.0,0.0,128
37,reset_l2,0.25,8,125.0,L1,pre_reset,1.0,1.3773311131392582e-16,1.0,1.45220290906747e-16,0.0,0.0,128
37,reset_l2,0.25,8,125.0,L2,spike50,0.8855048371238682,0.0865236915037887,0.9355552203803044,0.04970461786488,0.3078492422295081,0.1656280498758134,125
37,reset_l2,0.25,8,125.0,L2,syn_current,0.9476679928734356,0.0500740451440991,0.9569748778890844,0.0404828609570162,0.2840549381953089,0.1725083325425131,126
37,reset_l2,0.25,8,125.0,L2,pre_reset,0.9317296365128032,0.0635722701356818,0.9392049128972724,0.056157334226401,0.3417498847328766,0.2009835905422703,126
37,reset_l2,0.25,16,250.0,L1,spike50,1.0,1.3721741524624262e-16,1.0,1.310674960157005e-16,0.0,0.0,127
37,reset_l2,0.25,16,250.0,L1,syn_current,1.0,1.2794688166302258e-16,1.0,1.2944338730181992e-16,0.0,0.0,128
37,reset_l2,0.25,16,250.0,L1,pre_reset,1.0,1.4050189297646195e-16,1.0,1.4455566366144742e-16,0.0,0.0,128
37,reset_l2,0.25,16,250.0,L2,spike50,0.9573493324335004,0.0404481703279149,0.9794892585520236,0.0184748011500629,0.1735340212126105,0.1013984719647309,127
37,reset_l2,0.25,16,250.0,L2,syn_current,0.9835941933475518,0.0212372663995523,0.9877150807627756,0.0143982407952904,0.1490349475059119,0.1014079757497606,128
37,reset_l2,0.25,16,250.0,L2,pre_reset,0.977395561968139,0.0280424160774211,0.9815770505430904,0.0212810995275057,0.1853117715343297,0.1205175436235587,128
37,reset_l2,0.25,32,500.0,L1,spike50,1.0,1.3018518929051675e-16,1.0,1.2907088757326182e-16,0.0,0.0,128
37,reset_l2,0.25,32,500.0,L1,syn_current,1.0,1.3773311131392582e-16,1.0,1.2757001226805672e-16,0.0,0.0,128
37,reset_l2,0.25,32,500.0,L1,pre_reset,1.0,1.3526394372366472e-16,1.0,1.3238565818820347e-16,0.0,0.0,128
37,reset_l2,0.25,32,500.0,L2,spike50,0.992734094556076,0.0086787713764646,0.9966669023757824,0.0039033017769806,0.0665871229890572,0.0474578365532973,128
37,reset_l2,0.25,32,500.0,L2,syn_current,0.9980117565948734,0.0026550718436151,0.9984980728655576,0.0018833117567309,0.0484676576901853,0.0360097748327277,128
37,reset_l2,0.25,32,500.0,L2,pre_reset,0.9972135276659612,0.003456843467048,0.9977225066128792,0.0026624347319819,0.0611625337898686,0.0436529979403964,128
37,reset_l2,0.5,0,0.0,L1,spike50,1.0,1.2794688166302258e-16,1.0,1.442222014787673e-16,0.0,0.0,128
37,reset_l2,0.5,0,0.0,L1,syn_current,1.0,1.38430498614478e-16,1.0,1.32021460364232e-16,0.0,0.0,128
37,reset_l2,0.5,0,0.0,L1,pre_reset,1.0,1.4719616800160392e-16,1.0,1.3668035872266426e-16,0.0,0.0,128
37,reset_l2,0.5,0,0.0,L2,spike50,0.976901752807288,0.0486162421329486,0.9859272408298096,0.0482925868956531,0.2638237537394218,0.0630827364237808,127
37,reset_l2,0.5,0,0.0,L2,syn_current,0.4858515053802478,0.2280803691919386,0.5445238900873531,0.2003756340601652,0.8928971490527736,0.0660143290179157,126
37,reset_l2,0.5,0,0.0,L2,pre_reset,0.4044387443250896,0.2385968161840721,0.46250775491708,0.2174946075552748,0.9409876569394766,0.0430834016791638,126
37,reset_l2,0.5,1,15.625,L1,spike50,1.0,1.4084416362486778e-16,1.0,1.4588189019024588e-16,0.0,0.0,128
37,reset_l2,0.5,1,15.625,L1,syn_current,1.0,1.4388796649533547e-16,1.0,1.401587864985631e-16,0.0,0.0,128
37,reset_l2,0.5,1,15.625,L1,pre_reset,1.0,1.2907088757326182e-16,1.0,1.3383253895372864e-16,0.0,0.0,128
37,reset_l2,0.5,1,15.625,L2,spike50,0.9284952624121924,0.044871579941631,0.9613515942686603,0.0421506233205068,0.4551734998973911,0.0694980081028386,127
37,reset_l2,0.5,1,15.625,L2,syn_current,0.6867042401511145,0.1492574270260206,0.7291809011911793,0.1313722779122638,0.7852099863755014,0.0916805989947069,128
37,reset_l2,0.5,1,15.625,L2,pre_reset,0.6044202890178292,0.1692214397009398,0.6489963162981967,0.1533254466681656,0.8535945982744806,0.0755213169064643,128
37,reset_l2,0.5,2,31.25,L1,spike50,1.0,1.3597399555105182e-16,1.0,1.2018516789897276e-16,0.0,0.0,128
37,reset_l2,0.5,2,31.25,L1,syn_current,1.0,1.45220290906747e-16,1.0,1.35619434333351e-16,0.0,0.0,128
37,reset_l2,0.5,2,31.25,L1,pre_reset,1.0,1.3877787807814454e-16,1.0,1.3597399555105182e-16,0.0,0.0,128
37,reset_l2,0.5,2,31.25,L2,spike50,0.7963205018969894,0.065236486399759,0.8887503855344405,0.0295922040452364,0.6140463821486535,0.0788890476298623,127
37,reset_l2,0.5,2,31.25,L2,syn_current,0.7422386582320132,0.1247897152154737,0.7850395362155349,0.1047826031159883,0.7133419797359511,0.1078544666829345,128
37,reset_l2,0.5,2,31.25,L2,pre_reset,0.6801561610310092,0.1406577261163773,0.7194107491190262,0.1254435474733676,0.787379647435779,0.095309897204775,128
37,reset_l2,0.5,4,62.5,L1,spike50,1.0,1.41866021015769e-16,1.0,1.237382037120247e-16,0.0,0.0,128
37,reset_l2,0.5,4,62.5,L1,syn_current,1.0,1.41866021015769e-16,1.0,1.4254318964189535e-16,0.0,0.0,128
37,reset_l2,0.5,4,62.5,L1,pre_reset,1.0,1.3455014484288012e-16,1.0,1.2177709378935643e-16,0.0,0.0,128
37,reset_l2,0.5,4,62.5,L2,spike50,0.6336955208793458,0.1358642181313183,0.764621136590532,0.1076810721563468,0.6543422591977607,0.1200543391287899,127
37,reset_l2,0.5,4,62.5,L2,syn_current,0.8181855819692169,0.100268487114249,0.851330173885579,0.0769640970218635,0.6042627574183864,0.1134841817086305,128
37,reset_l2,0.5,4,62.5,L2,pre_reset,0.7663097970230592,0.1164088600870226,0.7979877649193066,0.0943866458289277,0.6876023797418954,0.1132406719979337,128
37,reset_l2,0.5,8,125.0,L1,spike50,1.0,1.2451399942302572e-16,1.0,1.3274885683554194e-16,0.0,0.0,128
37,reset_l2,0.5,8,125.0,L1,syn_current,1.0,1.3947004136484323e-16,1.0,1.45220290906747e-16,0.0,0.0,128
37,reset_l2,0.5,8,125.0,L1,pre_reset,1.0,1.205851196463462e-16,1.0,1.4050189297646195e-16,0.0,0.0,128
37,reset_l2,0.5,8,125.0,L2,spike50,0.8092226955505901,0.0862279330213011,0.8976246229649634,0.0491350416020918,0.4375126957635978,0.1144721911528453,127
37,reset_l2,0.5,8,125.0,L2,syn_current,0.8965747200277734,0.0662735663410795,0.9183909930612336,0.0492752018133057,0.4454735172829174,0.1157279695483123,128
37,reset_l2,0.5,8,125.0,L2,pre_reset,0.8666408701671897,0.0786956448058457,0.8859726222674459,0.0636291029541072,0.5253916920133145,0.1238420071351312,128
37,reset_l2,0.5,16,250.0,L1,spike50,1.0,1.3238565818820347e-16,1.0,1.45220290906747e-16,0.0,0.0,128
37,reset_l2,0.5,16,250.0,L1,syn_current,1.0,1.3274885683554194e-16,1.0,1.2832264423908535e-16,0.0,0.0,128
37,reset_l2,0.5,16,250.0,L1,pre_reset,1.0,1.3347228920484555e-16,1.0,1.401587864985631e-16,0.0,0.0,128
37,reset_l2,0.5,16,250.0,L2,spike50,0.9317361288898814,0.0441480562664106,0.9677850661259556,0.0206874801314583,0.2412692511514735,0.077564499867903,128
37,reset_l2,0.5,16,250.0,L2,syn_current,0.9668852439668056,0.0244711074308705,0.9740292480174424,0.0186940068814309,0.2453023458668247,0.0777352498679796,128
37,reset_l2,0.5,16,250.0,L2,pre_reset,0.9564059553827368,0.0309160338773414,0.963399803140928,0.0249811607901776,0.2975702977717904,0.0894883729058393,128
37,reset_l2,0.5,32,500.0,L1,spike50,1.0,1.2488435482582415e-16,1.0,1.3917382147355022e-16,0.0,0.0,98
37,reset_l2,0.5,32,500.0,L1,syn_current,1.0,1.3689586370548263e-16,1.0,1.5212693084014054e-16,0.0,0.0,98
37,reset_l2,0.5,32,500.0,L1,pre_reset,1.0,1.4405859144143758e-16,1.0,1.2588745812754728e-16,0.0,0.0,98
37,reset_l2,0.5,32,500.0,L2,spike50,0.9842494041452948,0.0140827112338369,0.9926475458422422,0.0084107679062879,0.1111944158747273,0.0493202439880899,98
37,reset_l2,0.5,32,500.0,L2,syn_current,0.9941472067830038,0.0064785847909478,0.9957411478511512,0.0036803074100691,0.0921020319621333,0.0365122307211575,98
37,reset_l2,0.5,32,500.0,L2,pre_reset,0.991842261905353,0.0099700896981605,0.993794126461424,0.0053193698816736,0.1125730054116832,0.0444744222876715,98
37,reset_l2,0.75,0,0.0,L1,spike50,1.0,1.3311106448512295e-16,1.0,1.3526394372366472e-16,0.0,0.0,128
37,reset_l2,0.75,0,0.0,L1,syn_current,1.0,1.4288057044435644e-16,1.0,1.5043163512556135e-16,0.0,0.0,128
37,reset_l2,0.75,0,0.0,L1,pre_reset,1.0,1.38430498614478e-16,1.0,1.38430498614478e-16,0.0,0.0,128
37,reset_l2,0.75,0,0.0,L2,spike50,0.980915784570476,0.0095259954763755,0.9910223483276408,0.0048521365315408,0.2597150613181978,0.0166370041648021,128
37,reset_l2,0.75,0,0.0,L2,syn_current,0.4657929448974441,0.2472686667728273,0.5437700421862328,0.1922066151132216,0.8995327454653657,0.0560914533752707,126
37,reset_l2,0.75,0,0.0,L2,pre_reset,0.3850824810289387,0.2534974508428984,0.4622074769661207,0.2105971877673599,0.9459623050934648,0.0355213231787149,126
37,reset_l2,0.75,1,15.625,L1,spike50,1.0,1.3018518929051675e-16,1.0,1.38430498614478e-16,0.0,0.0,128
37,reset_l2,0.75,1,15.625,L1,syn_current,1.0,1.2643266404855218e-16,1.0,1.523399351117959e-16,0.0,0.0,128
37,reset_l2,0.75,1,15.625,L1,pre_reset,1.0,1.249000902703301e-16,1.0,1.4084416362486778e-16,0.0,0.0,128
37,reset_l2,0.75,1,15.625,L2,spike50,0.9301895931906098,0.0285916772416191,0.9669605698960916,0.0131908029481343,0.4544327386112969,0.0388411470157929,128
37,reset_l2,0.75,1,15.625,L2,syn_current,0.6781104752338439,0.1522860737614037,0.7283766815159683,0.1137296784700343,0.798760220061179,0.0689035597008187,127
37,reset_l2,0.75,1,15.625,L2,pre_reset,0.5921980799668656,0.1715610025469832,0.6496737506926448,0.1376091504550813,0.8658554697636974,0.0540266083481809,127
37,reset_l2,0.75,2,31.25,L1,spike50,1.0,1.3632763462826172e-16,1.0,1.2907088757326182e-16,0.0,0.0,128
37,reset_l2,0.75,2,31.25,L1,syn_current,1.0,1.494683490070454e-16,1.0,1.411856045225854e-16,0.0,0.0,128
37,reset_l2,0.75,2,31.25,L1,pre_reset,1.0,1.3632763462826172e-16,1.0,1.3668035872266426e-16,0.0,0.0,128
37,reset_l2,0.75,2,31.25,L2,spike50,0.7957934504584128,0.0555545978093488,0.8934640600703873,0.0244250640945679,0.6102005611042469,0.0634691165653934,128
37,reset_l2,0.75,2,31.25,L2,syn_current,0.7473077921667693,0.1251689298232688,0.793535153372558,0.0913727324891781,0.72518598478668,0.0792343682178767,127
37,reset_l2,0.75,2,31.25,L2,pre_reset,0.6820950489993052,0.1410849745891041,0.728824180076117,0.1116663177301331,0.7995607548243002,0.0681106617360723,127
37,reset_l2,0.75,4,62.5,L1,spike50,1.0,1.2832264423908535e-16,1.0,1.4220500840710912e-16,0.0,0.0,128
37,reset_l2,0.75,4,62.5,L1,syn_current,1.0,1.237382037120247e-16,1.0,1.233484761181068e-16,0.0,0.0,128
37,reset_l2,0.75,4,62.5,L1,pre_reset,1.0,1.2681291352079812e-16,1.0,1.341918215839574e-16,0.0,0.0,128
37,reset_l2,0.75,4,62.5,L2,spike50,0.6463344166966994,0.1152687146992406,0.7844780832949451,0.0798704202459669,0.6440541774229782,0.1056636707412736,126
37,reset_l2,0.75,4,62.5,L2,syn_current,0.8156642709328734,0.1059692156055921,0.8524708039223087,0.0710104465750094,0.6094575789102055,0.0914493702917222,128
37,reset_l2,0.75,4,62.5,L2,pre_reset,0.7672418115548267,0.1186955065229059,0.8018715020328565,0.0879326860930799,0.6963854058027332,0.0834931195486753,128
37,reset_l2,0.75,8,125.0,L1,spike50,1.0,1.3274885683554194e-16,1.0,1.3455014484288012e-16,0.0,0.0,128
37,reset_l2,0.75,8,125.0,L1,syn_current,1.0,1.3808224523606804e-16,1.0,1.370321748998225e-16,0.0,0.0,128
37,reset_l2,0.75,8,125.0,L1,pre_reset,1.0,1.341918215839574e-16,1.0,1.455514664586365e-16,0.0,0.0,128
37,reset_l2,0.75,8,125.0,L2,spike50,0.8154239309098249,0.0850948689363122,0.9048498218670818,0.0427439934409378,0.4306069852464349,0.1106709820075765,126
37,reset_l2,0.75,8,125.0,L2,syn_current,0.8930537323015264,0.0760516340606613,0.91855174778042,0.046448698926355,0.4524663538036101,0.0940605064595062,128
37,reset_l2,0.75,8,125.0,L2,pre_reset,0.8646757028607626,0.0911050935160591,0.8886290933717302,0.0599849915591565,0.5302050734630548,0.0956743945924612,128
37,reset_l2,0.75,16,250.0,L1,spike50,1.0,1.5386874369619538e-16,1.0,1.3210448479144024e-16,0.0,0.0,101
37,reset_l2,0.75,16,250.0,L1,syn_current,1.0,1.3709130271133067e-16,1.0,1.3886029590867675e-16,0.0,0.0,101
37,reset_l2,0.75,16,250.0,L1,pre_reset,1.0,1.3164177063843744e-16,1.0,1.3024376530665983e-16,0.0,0.0,101
37,reset_l2,0.75,16,250.0,L2,spike50,0.9199313282563656,0.0534602026676599,0.9623113134201424,0.0268352557980251,0.259447506473585,0.0871089607254403,101
37,reset_l2,0.75,16,250.0,L2,syn_current,0.9581761684200478,0.0340214179377628,0.9694847300499,0.02001599831664,0.2723907635413694,0.0666660017985763,101
37,reset_l2,0.75,16,250.0,L2,pre_reset,0.9459607825787728,0.0437098161905533,0.957159209822696,0.028696180171668,0.3259820421392791,0.0790848002503607,101
37,reset_l2,0.75,32,500.0,L1,spike50,1.0,0.0,1.0,0.0,0.0,0.0,2
37,reset_l2,0.75,32,500.0,L1,syn_current,1.0,7.850462293418876e-17,1.0,1.5700924586837752e-16,0.0,0.0,2
37,reset_l2,0.75,32,500.0,L1,pre_reset,1.0,2.220446049250313e-16,1.0,1.5700924586837752e-16,0.0,0.0,2
37,reset_l2,0.75,32,500.0,L2,spike50,0.9511856121387186,0.0017805765851883,0.9744489433258584,0.0069095437014694,0.2254878275176613,0.0331424725382595,2
37,reset_l2,0.75,32,500.0,L2,syn_current,0.9887242208694912,0.0063248486868584,0.9943575991612196,0.0018947758701778,0.1209302922801586,0.0194603788460962,2
37,reset_l2,0.75,32,500.0,L2,pre_reset,0.9805947041596887,0.0039417475721137,0.98781583067877,0.0001715142059647,0.1718482414901309,0.012115277014733,2
37,reset_l2,0.25,0,0.0,L1,spike50,1.0,1.3463431760359523e-16,1.0,1.0770745408287616e-16,0.0,0.0,17
37,reset_l2,0.25,0,0.0,L1,syn_current,1.0,1.1102230246251563e-16,1.0,1.1102230246251563e-16,0.0,0.0,18
37,reset_l2,0.25,0,0.0,L1,pre_reset,1.0,1.4332917616497527e-16,1.0,1.0789428415231562e-16,0.0,0.0,18
37,reset_l2,0.25,0,0.0,L2,spike50,0.9357516256877072,0.0644506217503445,0.9444207617974406,0.0644452097870803,0.3717859312388358,0.2343352048116559,15
37,reset_l2,0.25,0,0.0,L2,syn_current,0.6666698961075346,0.2233899307946876,0.7017322662445721,0.1743130024792453,0.7058184820699765,0.2768482559838945,16
37,reset_l2,0.25,0,0.0,L2,pre_reset,0.5795611160927598,0.2515913181629582,0.6123061745708118,0.2121124698413092,0.7772601029214715,0.288918234289602,16
37,reset_l2,0.25,1,15.625,L1,spike50,1.0,1.0770745408287616e-16,1.0,1.6378971648228381e-16,0.0,0.0,17
37,reset_l2,0.25,1,15.625,L1,syn_current,1.0,1.7358025238735567e-16,1.0,1.013490324081353e-16,0.0,0.0,18
37,reset_l2,0.25,1,15.625,L1,pre_reset,1.0,1.3846913936850747e-16,1.0,1.2549831513118703e-16,0.0,0.0,18
37,reset_l2,0.25,1,15.625,L2,spike50,0.8959658395035305,0.0608388306470382,0.9164372745555,0.0665680478032146,0.5049073396953673,0.2296235268096997,15
37,reset_l2,0.25,1,15.625,L2,syn_current,0.7587358683265429,0.158655195806213,0.7958293074126583,0.1311847402832906,0.6034033537808329,0.2464846480506523,17
37,reset_l2,0.25,1,15.625,L2,pre_reset,0.6856253843203278,0.2070747472931619,0.7128744568234466,0.1950401829346112,0.6801254577334377,0.2721060769921749,17
37,reset_l2,0.25,2,31.25,L1,spike50,1.0,9.327739141271671e-17,1.0,1.4500559779829007e-16,0.0,0.0,17
37,reset_l2,0.25,2,31.25,L1,syn_current,1.0,1.4332917616497527e-16,1.0,1.7159641292148392e-16,0.0,0.0,18
37,reset_l2,0.25,2,31.25,L1,pre_reset,1.0,1.548132042069375e-16,1.0,1.308410382236479e-16,0.0,0.0,18
37,reset_l2,0.25,2,31.25,L2,spike50,0.7767204717883534,0.0825734458742521,0.8281987289428318,0.0928430766094068,0.612008040626463,0.2505240432681621,15
37,reset_l2,0.25,2,31.25,L2,syn_current,0.8039304728673625,0.136130705689762,0.8395228947854283,0.1066465784698204,0.5291178229099099,0.2241752024792671,17
37,reset_l2,0.25,2,31.25,L2,pre_reset,0.745791238164757,0.1580506276551992,0.7762025905053317,0.1371072814529406,0.5990711960550991,0.2466469408129681,17
37,reset_l2,0.25,4,62.5,L1,spike50,1.0,1.2549831513118703e-16,1.0,1.3597399555105182e-16,0.0,0.0,18
37,reset_l2,0.25,4,62.5,L1,syn_current,1.0,1.3846913936850747e-16,1.0,1.1102230246251563e-16,0.0,0.0,18
37,reset_l2,0.25,4,62.5,L1,pre_reset,1.0,1.3597399555105182e-16,1.0,1.1102230246251563e-16,0.0,0.0,18
37,reset_l2,0.25,4,62.5,L2,spike50,0.6688546809371188,0.1589890736358746,0.7543496059031942,0.1256783104981854,0.5914457303122758,0.2534043470013076,16
37,reset_l2,0.25,4,62.5,L2,syn_current,0.8872946636982433,0.095381084468737,0.912593771414432,0.0762002984335031,0.4083888497086823,0.2055396504781826,18
37,reset_l2,0.25,4,62.5,L2,pre_reset,0.8372930728744472,0.1232399301431218,0.8672374269435918,0.1012604989598588,0.4820798588708896,0.2232743327643739,18
37,reset_l2,0.25,8,125.0,L1,spike50,1.0,1.1406457265696475e-16,1.0,1.6755828462014355e-16,0.0,0.0,18
37,reset_l2,0.25,8,125.0,L1,syn_current,1.0,1.5032490816276442e-16,1.0,1.480297366166875e-16,0.0,0.0,18
37,reset_l2,0.25,8,125.0,L1,pre_reset,1.0,1.2819751242557092e-16,1.0,1.5917499294642454e-16,0.0,0.0,18
37,reset_l2,0.25,8,125.0,L2,spike50,0.8823111675192319,0.0854686241069245,0.924707134913747,0.0554564542350251,0.3446919090195253,0.168532712765253,18
37,reset_l2,0.25,8,125.0,L2,syn_current,0.944805287680849,0.0570418043811734,0.9570298134144868,0.0453659684609326,0.2739159178043289,0.1577220429400672,18
37,reset_l2,0.25,8,125.0,L2,pre_reset,0.9190541598713464,0.0748031158625315,0.9314896752180136,0.0677578959415659,0.3408157955906549,0.1861372643108861,18
37,reset_l2,0.25,16,250.0,L1,spike50,1.0,1.4569841396346152e-16,1.0,1.199177923332954e-16,0.0,0.0,18
37,reset_l2,0.25,16,250.0,L1,syn_current,1.0,1.2819751242557092e-16,1.0,1.4092011087418584e-16,0.0,0.0,18
37,reset_l2,0.25,16,250.0,L1,pre_reset,1.0,1.548132042069375e-16,1.0,1.308410382236479e-16,0.0,0.0,18
37,reset_l2,0.25,16,250.0,L2,spike50,0.9588055239085256,0.0285870813111898,0.9786047553362808,0.0156258959851794,0.1861709019300931,0.0925986334210883,18
37,reset_l2,0.25,16,250.0,L2,syn_current,0.9888676023383776,0.0098133141463638,0.9914970112775392,0.007676437403959,0.1273550398809658,0.0728947708477427,18
37,reset_l2,0.25,16,250.0,L2,pre_reset,0.9807009880726034,0.0154288523483609,0.9852677649050068,0.0119642429032147,0.1715428349994803,0.090086395949772,18
37,reset_l2,0.25,32,500.0,L1,spike50,1.0,1.2549831513118703e-16,1.0,1.0789428415231562e-16,0.0,0.0,18
37,reset_l2,0.25,32,500.0,L1,syn_current,1.0,1.6131166563777087e-16,1.0,1.4332917616497527e-16,0.0,0.0,18
37,reset_l2,0.25,32,500.0,L1,pre_reset,1.0,1.199177923332954e-16,1.0,1.227397735431716e-16,0.0,0.0,18
37,reset_l2,0.25,32,500.0,L2,spike50,0.9936460662182858,0.0046929281536497,0.9971716470262456,0.0022850684101743,0.0661328417556656,0.0361217336742501,18
37,reset_l2,0.25,32,500.0,L2,syn_current,0.998923384768176,0.0013949537854192,0.999222716787516,0.0009844394604937,0.0350157975420629,0.0243012199506468,18
37,reset_l2,0.25,32,500.0,L2,pre_reset,0.997893609378098,0.0025027216358133,0.9984024803062131,0.0018558845239507,0.0506824269944884,0.0333772040956505,18
37,reset_l2,0.5,0,0.0,L1,spike50,1.0,1.227397735431716e-16,1.0,1.5032490816276442e-16,0.0,0.0,18
37,reset_l2,0.5,0,0.0,L1,syn_current,1.0,1.0467283057891834e-16,1.0,1.227397735431716e-16,0.0,0.0,18
37,reset_l2,0.5,0,0.0,L1,pre_reset,1.0,1.5917499294642454e-16,1.0,1.548132042069375e-16,0.0,0.0,18
37,reset_l2,0.5,0,0.0,L2,spike50,0.9796100422505144,0.0079705591402069,0.9890359599644012,0.0053607440323137,0.26500031476218,0.0137493268830416,18
37,reset_l2,0.5,0,0.0,L2,syn_current,0.5035172327671722,0.2321053787296708,0.5872488432400301,0.156528788674566,0.8709359743766043,0.0939333963454014,16
37,reset_l2,0.5,0,0.0,L2,pre_reset,0.4055255995867189,0.2529162528080039,0.4911707694702194,0.1875329653823823,0.922937754783119,0.0714461454686375,16
37,reset_l2,0.5,1,15.625,L1,spike50,1.0,1.013490324081353e-16,1.0,1.5917499294642454e-16,0.0,0.0,18
37,reset_l2,0.5,1,15.625,L1,syn_current,1.0,1.4569841396346152e-16,1.0,1.308410382236479e-16,0.0,0.0,18
37,reset_l2,0.5,1,15.625,L1,pre_reset,1.0,1.1702778228589004e-16,1.0,1.013490324081353e-16,0.0,0.0,18
37,reset_l2,0.5,1,15.625,L2,spike50,0.9359975942035392,0.0215021841563416,0.9664299501929744,0.0103924901489615,0.4661670189001956,0.0371320928480465,18
37,reset_l2,0.5,1,15.625,L2,syn_current,0.676398687160463,0.1670085188152091,0.7478060964646628,0.1081821940026793,0.7615147688489013,0.0981360585109004,17
37,reset_l2,0.5,1,15.625,L2,pre_reset,0.5760984911235381,0.1999711413654571,0.6575627626402706,0.1442298485817241,0.8287535101182697,0.0892837943786746,17
37,reset_l2,0.5,2,31.25,L1,spike50,1.0,1.308410382236479e-16,1.0,1.227397735431716e-16,0.0,0.0,18
37,reset_l2,0.5,2,31.25,L1,syn_current,1.0,1.227397735431716e-16,1.0,1.6131166563777087e-16,0.0,0.0,18
37,reset_l2,0.5,2,31.25,L1,pre_reset,1.0,1.4332917616497527e-16,1.0,1.0467283057891834e-16,0.0,0.0,18
37,reset_l2,0.5,2,31.25,L2,spike50,0.7994872634136007,0.0432974310831055,0.8846502775662404,0.0316589573441211,0.6414167945784996,0.0696218058500689,18
37,reset_l2,0.5,2,31.25,L2,syn_current,0.7016952476007409,0.1431405559618951,0.7796208184117672,0.0826470987478629,0.6945962581372526,0.0723168760472221,18
37,reset_l2,0.5,2,31.25,L2,pre_reset,0.6188149150032989,0.1711564878669089,0.7055081989401323,0.1097813048360875,0.7649199726702234,0.0757259382168314,18
37,reset_l2,0.5,4,62.5,L1,spike50,1.0,1.2549831513118703e-16,1.0,8.275113844157577e-17,0.0,0.0,18
37,reset_l2,0.5,4,62.5,L1,syn_current,1.0,1.308410382236479e-16,1.0,1.227397735431716e-16,0.0,0.0,18
37,reset_l2,0.5,4,62.5,L1,pre_reset,1.0,1.4569841396346152e-16,1.0,1.4332917616497527e-16,0.0,0.0,18
37,reset_l2,0.5,4,62.5,L2,spike50,0.6189740475662009,0.1425442995391501,0.742594541075595,0.1346049237172633,0.676948768372518,0.1328722916767998,18
37,reset_l2,0.5,4,62.5,L2,syn_current,0.815782496255363,0.0968626515491048,0.8664155051418888,0.051256965986878,0.5566509797982413,0.0801657438958479,18
37,reset_l2,0.5,4,62.5,L2,pre_reset,0.7566339793721919,0.1306483422260224,0.8122838317689891,0.0756648634694016,0.636216508073932,0.0833398169614308,18
37,reset_l2,0.5,8,125.0,L1,spike50,1.0,1.2819751242557092e-16,1.0,1.4569841396346152e-16,0.0,0.0,18
37,reset_l2,0.5,8,125.0,L1,syn_current,1.0,1.7748141931349731e-16,1.0,1.4332917616497527e-16,0.0,0.0,18
37,reset_l2,0.5,8,125.0,L1,pre_reset,1.0,1.695893682875867e-16,1.0,1.3597399555105182e-16,0.0,0.0,18
37,reset_l2,0.5,8,125.0,L2,spike50,0.8266518069304871,0.0725559946498629,0.9054052757863472,0.0437415190596939,0.4236939248504461,0.0980338010998227,18
37,reset_l2,0.5,8,125.0,L2,syn_current,0.9004440936270449,0.0732229001598905,0.9371905944025256,0.0332561890639678,0.387782039081761,0.0846402376746406,18
37,reset_l2,0.5,8,125.0,L2,pre_reset,0.8579245252054055,0.0993148245229427,0.900409719824563,0.0521584797001832,0.473322833970182,0.0941978184256225,18
37,reset_l2,0.5,16,250.0,L1,spike50,1.0,1.1406457265696475e-16,1.0,1.3846913936850747e-16,0.0,0.0,18
37,reset_l2,0.5,16,250.0,L1,syn_current,1.0,1.3846913936850747e-16,1.0,1.480297366166875e-16,0.0,0.0,18
37,reset_l2,0.5,16,250.0,L1,pre_reset,1.0,1.5258555995074122e-16,1.0,9.791246743253676e-17,0.0,0.0,18
37,reset_l2,0.5,16,250.0,L2,spike50,0.9430290495453788,0.0230942901282708,0.9717130213684898,0.014476267489105,0.2315168606271391,0.05821650358127,18
37,reset_l2,0.5,16,250.0,L2,syn_current,0.97505785348113,0.0106494251018277,0.9839721884136094,0.0056612278946858,0.2132483837170818,0.0394718829028579,18
37,reset_l2,0.5,16,250.0,L2,pre_reset,0.96236843386712,0.0195445835427569,0.9738420154014112,0.0105100851422531,0.269988269475615,0.0529330769450256,18
37,reset_l2,0.5,32,500.0,L1,spike50,1.0,9.383097129595136e-17,1.0,1.7045242408169922e-16,0.0,0.0,14
37,reset_l2,0.5,32,500.0,L1,syn_current,1.0,1.5700924586837752e-16,1.0,1.4536231567507431e-16,0.0,0.0,14
37,reset_l2,0.5,32,500.0,L1,pre_reset,1.0,1.3597399555105182e-16,1.0,1.6252000960812472e-16,0.0,0.0,14
37,reset_l2,0.5,32,500.0,L2,spike50,0.9869019654923376,0.0084816217851111,0.9936607375041542,0.0050341878379657,0.1055055912448037,0.0397427389035882,14
37,reset_l2,0.5,32,500.0,L2,syn_current,0.9969503957317162,0.00253979482095,0.9980372294012554,0.0013373631515277,0.0711731903595439,0.0252546539758092,14
37,reset_l2,0.5,32,500.0,L2,pre_reset,0.9940631530340064,0.005342905168166,0.99592505689683,0.0032190340038067,0.098168394638603,0.0381140365193858,14
37,reset_l2,0.75,0,0.0,L1,spike50,1.0,1.1102230246251563e-16,1.0,1.7159641292148392e-16,0.0,0.0,18
37,reset_l2,0.75,0,0.0,L1,syn_current,1.0,1.4569841396346152e-16,1.0,1.1702778228589004e-16,0.0,0.0,18
37,reset_l2,0.75,0,0.0,L1,pre_reset,1.0,1.4569841396346152e-16,1.0,1.5258555995074122e-16,0.0,0.0,18
37,reset_l2,0.75,0,0.0,L2,spike50,0.9817076588958812,0.0083357641586744,0.991090337284884,0.0053877439329832,0.2693099523836289,0.0150577458887399,18
37,reset_l2,0.75,0,0.0,L2,syn_current,0.49851846347989,0.2790680649004861,0.6190914703462573,0.1570183880708691,0.8762323408494654,0.0467505293157381,18
37,reset_l2,0.75,0,0.0,L2,pre_reset,0.4333167765704066,0.2697707656706198,0.5525569447994363,0.1765188023558487,0.9254862392849564,0.0346601690310928,18
37,reset_l2,0.75,1,15.625,L1,spike50,1.0,1.4332917616497527e-16,1.0,1.3846913936850747e-16,0.0,0.0,18
37,reset_l2,0.75,1,15.625,L1,syn_current,1.0,1.695893682875867e-16,1.0,1.4332917616497527e-16,0.0,0.0,18
37,reset_l2,0.75,1,15.625,L1,pre_reset,1.0,1.013490324081353e-16,1.0,1.227397735431716e-16,0.0,0.0,18
37,reset_l2,0.75,1,15.625,L2,spike50,0.9410115293863784,0.0254473386184501,0.971773791878014,0.011475372050863,0.4843067749748467,0.0283277767755719,18
37,reset_l2,0.75,1,15.625,L2,syn_current,0.6432556616936396,0.1184634038719136,0.7462381141128626,0.0799114745833054,0.8021029897139038,0.0440106221679493,18
37,reset_l2,0.75,1,15.625,L2,pre_reset,0.5760424376828807,0.1531156157432927,0.684018177572508,0.1107276364824243,0.8501152405103127,0.043797336931347,18
37,reset_l2,0.75,2,31.25,L1,spike50,1.0,1.2549831513118703e-16,1.0,1.227397735431716e-16,0.0,0.0,18
37,reset_l2,0.75,2,31.25,L1,syn_current,1.0,1.695893682875867e-16,1.0,1.5032490816276442e-16,0.0,0.0,18
37,reset_l2,0.75,2,31.25,L1,pre_reset,1.0,1.227397735431716e-16,1.0,1.3846913936850747e-16,0.0,0.0,18
37,reset_l2,0.75,2,31.25,L2,spike50,0.812612183721794,0.0414731221814139,0.9009822043243144,0.0181403959067276,0.6568477429773585,0.0547906449147618,18
37,reset_l2,0.75,2,31.25,L2,syn_current,0.7225531931477208,0.0980833380635428,0.8177563409307145,0.0625655290417666,0.7250414103873423,0.0417297425103491,18
37,reset_l2,0.75,2,31.25,L2,pre_reset,0.6630565980071064,0.1098783968428128,0.7576721580813238,0.0814721944745541,0.7795371462011581,0.0497696371162631,18
37,reset_l2,0.75,4,62.5,L1,spike50,1.0,1.4332917616497527e-16,1.0,1.3343220141622404e-16,0.0,0.0,18
37,reset_l2,0.75,4,62.5,L1,syn_current,1.0,1.2549831513118703e-16,1.0,1.1102230246251563e-16,0.0,0.0,18
37,reset_l2,0.75,4,62.5,L1,pre_reset,1.0,1.6131166563777087e-16,1.0,1.2819751242557092e-16,0.0,0.0,18
37,reset_l2,0.75,4,62.5,L2,spike50,0.5686490936069105,0.1159838842224758,0.7126048239766721,0.132614316810608,0.7253200112954215,0.1068549251673852,18
37,reset_l2,0.75,4,62.5,L2,syn_current,0.7773596867093738,0.0795593477624974,0.8589208971502271,0.0451502851991807,0.6259274840789012,0.0488416447983502,18
37,reset_l2,0.75,4,62.5,L2,pre_reset,0.7267772180629186,0.0924694822547693,0.8106297708726016,0.060176544730963,0.6942296941206682,0.0590194975804043,18
37,reset_l2,0.75,8,125.0,L1,spike50,1.0,1.3343220141622404e-16,1.0,1.199177923332954e-16,0.0,0.0,18
37,reset_l2,0.75,8,125.0,L1,syn_current,1.0,1.308410382236479e-16,1.0,1.4092011087418584e-16,0.0,0.0,18
37,reset_l2,0.75,8,125.0,L1,pre_reset,1.0,1.1102230246251563e-16,1.0,1.480297366166875e-16,0.0,0.0,18
37,reset_l2,0.75,8,125.0,L2,spike50,0.7846597346711666,0.0915667237349867,0.8801459828195358,0.0862090915275325,0.4649831384840375,0.1149896174530152,18
37,reset_l2,0.75,8,125.0,L2,syn_current,0.900757262570676,0.0394938830357123,0.9339136051492068,0.0227034075136005,0.443102533784194,0.0551001956201253,18
37,reset_l2,0.75,8,125.0,L2,pre_reset,0.8622110202046083,0.0506251573718011,0.9024369282660836,0.0269874743187218,0.5332649250470236,0.058183503895815,18
37,reset_l2,0.75,16,250.0,L1,spike50,1.0,1.293370682799372e-16,1.0,1.3597399555105182e-16,0.0,0.0,14
37,reset_l2,0.75,16,250.0,L1,syn_current,1.0,1.4536231567507431e-16,1.0,1.5978838632889058e-16,0.0,0.0,14
37,reset_l2,0.75,16,250.0,L1,pre_reset,1.0,1.652064727559399e-16,1.0,1.4230171362631512e-16,0.0,0.0,14
37,reset_l2,0.75,16,250.0,L2,spike50,0.9240324949529108,0.0346535965984532,0.9619047324656472,0.0198922204729058,0.2669043875458095,0.0693144404416508,14
37,reset_l2,0.75,16,250.0,L2,syn_current,0.960054445974423,0.024117344613317,0.9749614471173216,0.0123656559461808,0.2720111365729022,0.0672789475108734,14
37,reset_l2,0.75,16,250.0,L2,pre_reset,0.9443166992360432,0.0359078174151332,0.9608634848991368,0.0209088890908453,0.3364044725971297,0.0853746369340477,14
37,reset_both,0.25,0,0.0,L1,spike50,0.9264632394068952,0.087828909344891,0.9310666433898416,0.0857732994856912,0.3536571822430671,0.2166600681213963,110
37,reset_both,0.25,0,0.0,L1,syn_current,0.5315473183945775,0.2044528612812488,0.5619002328968143,0.189408011243037,0.8712926506446687,0.1526384090637116,90
37,reset_both,0.25,0,0.0,L1,pre_reset,0.4111267485648484,0.1732475558020388,0.4495120554817682,0.1636279633276513,0.9324113832222174,0.0885771076651849,90
37,reset_both,0.25,0,0.0,L2,spike50,0.955367932101512,0.0827896696972778,0.9632936170434664,0.080094155736201,0.2945772669355645,0.2003187406528235,105
37,reset_both,0.25,0,0.0,L2,syn_current,0.4551383261963764,0.1454269266237219,0.4441625118402952,0.1337879085148554,0.8896847172448188,0.3118723595852131,2
37,reset_both,0.25,0,0.0,L2,pre_reset,0.3831841252398865,0.1699286814577047,0.3786882111699621,0.1585027133000258,0.8900667652601308,0.3119489302974482,2
37,reset_both,0.25,1,15.625,L1,spike50,0.8838114477851977,0.0861566782486141,0.891312460957329,0.0851221143448373,0.5418036922013513,0.2149271537796719,111
37,reset_both,0.25,1,15.625,L1,syn_current,0.6201458454344485,0.2020828916534481,0.6431982483430284,0.1872070862556686,0.7655300712768821,0.1686490838534294,120
37,reset_both,0.25,1,15.625,L1,pre_reset,0.5163824963213272,0.1885446287089742,0.5470106374373884,0.1780804733345736,0.8443044399321551,0.1269659818383446,120
37,reset_both,0.25,1,15.625,L2,spike50,0.9073879923892516,0.1338451618103518,0.9270060221699988,0.1293279525784512,0.5058416043902969,0.23429756657077,107
37,reset_both,0.25,1,15.625,L2,syn_current,0.4569525802505959,0.2336822894624321,0.4718323176254133,0.2203022825131446,0.9046628346689888,0.2821455127826724,11
37,reset_both,0.25,1,15.625,L2,pre_reset,0.4179684327821892,0.2419197785738838,0.4352207016524884,0.2272639093997409,0.9056411999450604,0.2819756696514245,11
37,reset_both,0.25,2,31.25,L1,spike50,0.709113307946321,0.1449416254001192,0.7259661987062721,0.143885729946109,0.774127364308654,0.1968808820959259,106
37,reset_both,0.25,2,31.25,L1,syn_current,0.7113517784145007,0.1674963393247197,0.7281962616186286,0.1576547633066367,0.6849228523603845,0.1745195530254351,124
37,reset_both,0.25,2,31.25,L1,pre_reset,0.6354154909744213,0.166005523519287,0.6589249830713335,0.1579504927358338,0.7544164506825874,0.144832594627241,124
37,reset_both,0.25,2,31.25,L2,spike50,0.8189556404118175,0.135071630092695,0.8700311454585687,0.1197957145345434,0.7148601518537865,0.2509104759102297,105
37,reset_both,0.25,2,31.25,L2,syn_current,0.2984493269920733,0.3467822840741704,0.3118216663903648,0.3402595592635343,0.941202596349488,0.2154153191476871,23
37,reset_both,0.25,2,31.25,L2,pre_reset,0.2824333369138482,0.3478446977837535,0.2924424232146831,0.3459917160152797,0.94140776754088,0.2139470703264545,23
37,reset_both,0.25,4,62.5,L1,spike50,0.4520576497830745,0.2219820784287043,0.4791602819014084,0.216777061424287,0.9188972589194472,0.1572572345841982,66
37,reset_both,0.25,4,62.5,L1,syn_current,0.8076898715528136,0.131828999507181,0.819850952540857,0.1238259366758297,0.5675963139235696,0.1656518537112383,128
37,reset_both,0.25,4,62.5,L1,pre_reset,0.7604657768853695,0.1378056116193379,0.7769242307945301,0.1297514168545777,0.6183458300538893,0.1520100218469781,128
37,reset_both,0.25,4,62.5,L2,spike50,0.2056612498674679,0.2485052221077412,0.3385881378868303,0.241452252279575,0.9157123347566368,0.233350744964009,45
37,reset_both,0.25,4,62.5,L2,syn_current,0.4015388905050759,0.3146986433624988,0.4147565592322869,0.3033020310289355,0.9258734922378242,0.163116224480585,66
37,reset_both,0.25,4,62.5,L2,pre_reset,0.3645299335634228,0.3176603115793939,0.3749281508172444,0.3105436894623361,0.9345740653137486,0.1593409984290193,66
37,reset_both,0.25,8,125.0,L1,spike50,0.6547901684075368,0.1932738502370531,0.6743872316390116,0.1906448144771304,0.7603967150522086,0.2110382398743066,106
37,reset_both,0.25,8,125.0,L1,syn_current,0.9023815834550816,0.0681063055943057,0.9110075406703028,0.0629490731268248,0.4240379572021662,0.1427824593342574,128
37,reset_both,0.25,8,125.0,L1,pre_reset,0.8805174963172147,0.0719583618866999,0.8910698457381312,0.066370978047116,0.4503434842974676,0.1299442102832833,128
37,reset_both,0.25,8,125.0,L2,spike50,0.4298052605750746,0.2393808513462363,0.5759396014879656,0.2079830617310492,0.8364389756346416,0.2042443108720145,88
37,reset_both,0.25,8,125.0,L2,syn_current,0.5601707638675701,0.2812203389131062,0.5791025889912019,0.2667642575512172,0.8198811443247948,0.1980056250715079,107
37,reset_both,0.25,8,125.0,L2,pre_reset,0.527059197361765,0.2883257523536376,0.5357774604821939,0.2807411543362657,0.8412152026626458,0.1961901085143035,107
37,reset_both,0.25,16,250.0,L1,spike50,0.8594642296881216,0.1093520074913437,0.8702456540105141,0.1069340496221543,0.5095929363762335,0.1817704742618695,124
37,reset_both,0.25,16,250.0,L1,syn_current,0.9794648076903094,0.0144170389463796,0.9820004841191056,0.0126605001375812,0.2159013257087531,0.0754014879179059,128
37,reset_both,0.25,16,250.0,L1,pre_reset,0.967256679130978,0.0175890591004817,0.9710025158475812,0.0154235630384838,0.2491312582218274,0.0648429641962041,128
37,reset_both,0.25,16,250.0,L2,spike50,0.5962332577704917,0.2297109879999596,0.741429496903868,0.1877773542934364,0.6541133448647072,0.2155526769787552,119
37,reset_both,0.25,16,250.0,L2,syn_current,0.7354327896097466,0.2189989163416331,0.777480699378589,0.179915165700967,0.6246760886785871,0.1888273991225677,126
37,reset_both,0.25,16,250.0,L2,pre_reset,0.7067214129117314,0.2306189796866005,0.7408575926655085,0.1957030740479886,0.6607047874425811,0.1899680790945648,126
37,reset_both,0.25,32,500.0,L1,spike50,0.9585576352193956,0.0312143734341427,0.9620484204614532,0.030227888444737,0.2695581479612012,0.1119319125884187,128
37,reset_both,0.25,32,500.0,L1,syn_current,0.9979187230536336,0.0016262373867608,0.998171012985588,0.0014154418062633,0.0768304763035568,0.0331427148366153,128
37,reset_both,0.25,32,500.0,L1,pre_reset,0.9909183534748998,0.0046775104268219,0.9918794968210796,0.00414586132879,0.13045458393242,0.03508771668867,128
37,reset_both,0.25,32,500.0,L2,spike50,0.8493614155127254,0.0941860296905072,0.9227479529950424,0.058794543807525,0.3673560231486408,0.1211723526877826,128
37,reset_both,0.25,32,500.0,L2,syn_current,0.9233583276678906,0.0583483830303013,0.9410121073715424,0.0366363913245263,0.3449546317536062,0.1121344602331964,128
37,reset_both,0.25,32,500.0,L2,pre_reset,0.9177392421180104,0.0718454246392146,0.9325272313465818,0.0458561465645435,0.3683222626177765,0.1240315929858291,128
37,reset_both,0.5,0,0.0,L1,spike50,0.9615253539124486,0.0335897464768547,0.9652131672924524,0.032967800671373,0.3206370216329351,0.0822839892934426,128
37,reset_both,0.5,0,0.0,L1,syn_current,0.4839228648866149,0.1804270841220107,0.5098188356873374,0.1640071677392092,0.913694548368148,0.1035416878477373,83
37,reset_both,0.5,0,0.0,L1,pre_reset,0.3847902167960877,0.1396991665571887,0.4158301055406899,0.1303527256276534,0.9544225190179794,0.0553184474122847,83
37,reset_both,0.5,0,0.0,L2,spike50,0.98067456024815,0.0487732478629028,0.987737625878696,0.0484397039689192,0.2698044118289274,0.0618477065600198,127
37,reset_both,0.5,0,0.0,L2,syn_current,,,,,0.9999999999998738,1.0699768279916771e-13,0
37,reset_both,0.5,0,0.0,L2,pre_reset,,,,,0.9999999999999212,7.167659761326976e-14,0
37,reset_both,0.5,1,15.625,L1,spike50,0.9256365153854664,0.0542659006563092,0.9319101672218548,0.0539845192511228,0.5380900395254171,0.0739883039178756,128
37,reset_both,0.5,1,15.625,L1,syn_current,0.5561960688526115,0.1791537968486134,0.5814441040962355,0.1662728311085368,0.8408124364876413,0.1272925688127153,114
37,reset_both,0.5,1,15.625,L1,pre_reset,0.4758754294563846,0.1625703426109218,0.5052859273154156,0.1530751120553991,0.8898793677311924,0.0935174203295046,114
37,reset_both,0.5,1,15.625,L2,spike50,0.9561137916965669,0.0459548355842258,0.9747944723095132,0.0441197805284358,0.5120845028796353,0.0601476823002524,127
37,reset_both,0.5,1,15.625,L2,syn_current,0.134376671743813,0.3258281971444414,0.1266757083264609,0.3215853422860731,0.9993946767028956,0.0113757785974376,4
37,reset_both,0.5,1,15.625,L2,pre_reset,0.0718421208832229,0.3132492703687841,0.0696054202413103,0.3119196491439723,0.9996533997610252,0.0066529319700999,4
37,reset_both,0.5,2,31.25,L1,spike50,0.795153518660131,0.0882348466138498,0.8112235887579724,0.0864253813533542,0.7617327896386648,0.0635372534750641,125
37,reset_both,0.5,2,31.25,L1,syn_current,0.6236522456757967,0.1600628485277526,0.6484885366061091,0.1490677879743152,0.7841318807232995,0.1231701545302318,124
37,reset_both,0.5,2,31.25,L1,pre_reset,0.5584750129856565,0.1576838455825099,0.5875837417780192,0.1472617180946771,0.8272244774844681,0.1089714696517326,124
37,reset_both,0.5,2,31.25,L2,spike50,0.8835880410807977,0.0754073997745155,0.9330634724634738,0.0656384513133208,0.7582370635987772,0.0331280504388923,127
37,reset_both,0.5,2,31.25,L2,syn_current,0.1656357251758553,0.341825427770591,0.1695382272319624,0.3149468073292654,0.9949238529648669,0.0298612330690298,19
37,reset_both,0.5,2,31.25,L2,pre_reset,0.1298291247374301,0.3357670458775827,0.1344148807952899,0.313758554929563,0.9964700542573884,0.0225576123299227,19
37,reset_both,0.5,4,62.5,L1,spike50,0.3694849710225985,0.1630507746866339,0.3987608145412645,0.1633112600431613,0.9676860755015896,0.0539949986097146,60
37,reset_both,0.5,4,62.5,L1,syn_current,0.7341477425254949,0.1333628553881571,0.753716261536957,0.1241719117617409,0.6809628058261539,0.1269896448722688,128
37,reset_both,0.5,4,62.5,L1,pre_reset,0.6922519068302018,0.1348457376110299,0.7150946632872643,0.1254775417791779,0.7100283725115031,0.118501768323181,128
37,reset_both,0.5,4,62.5,L2,spike50,0.1127027687978143,0.194759611656352,0.2863091472387459,0.1757269033204864,0.988601465416018,0.0413120933983327,31
37,reset_both,0.5,4,62.5,L2,syn_current,0.2085430708193404,0.2961708778007804,0.2580723937324846,0.2802478431804182,0.9807404638232377,0.0632985615246837,60
37,reset_both,0.5,4,62.5,L2,pre_reset,0.1762737745990916,0.2940002038457983,0.2190058507715193,0.2813983278928385,0.9860218440388022,0.0491445161612715,60
37,reset_both,0.5,8,125.0,L1,spike50,0.6084927056074669,0.1592658428621881,0.6365396844954657,0.1580250252365451,0.854317284970175,0.1447786685628494,89
37,reset_both,0.5,8,125.0,L1,syn_current,0.8693503085663659,0.0737078239274839,0.8807442844949315,0.0685289623201457,0.5177611866456155,0.1249948273233517,128
37,reset_both,0.5,8,125.0,L1,pre_reset,0.8469883220151119,0.0768493022470101,0.8597757212671658,0.0714697298211382,0.5309074615044452,0.1163218036310834,128
37,reset_both,0.5,8,125.0,L2,spike50,0.268679923351697,0.2514293640514878,0.4744784678562104,0.2235778041433144,0.9136938724444804,0.1265048243455368,78
37,reset_both,0.5,8,125.0,L2,syn_current,0.4138159332972227,0.308610751254792,0.4482951119824868,0.2897187185471858,0.9124278603060296,0.1271554989627397,91
37,reset_both,0.5,8,125.0,L2,pre_reset,0.3724904372398698,0.2996871484109358,0.3953297534613443,0.287762333974269,0.9309458816296168,0.1087543617453583,91
37,reset_both,0.5,16,250.0,L1,spike50,0.8343141482583613,0.1101080253558976,0.8465964047453478,0.108398049428475,0.5709835457925517,0.1684060210162613,124
37,reset_both,0.5,16,250.0,L1,syn_current,0.9722663900277972,0.0171317775541183,0.9755174756591928,0.0152928237534271,0.2786011722718914,0.0828048920555116,128
37,reset_both,0.5,16,250.0,L1,pre_reset,0.9597606051446956,0.0194579553957442,0.9637931231984408,0.0175127961778003,0.297039110225559,0.0715907849713235,128
37,reset_both,0.5,16,250.0,L2,spike50,0.4747497367124029,0.2247028101819539,0.6706259515883777,0.1686278223969308,0.7385547756158086,0.1663106159171591,121
37,reset_both,0.5,16,250.0,L2,syn_current,0.6224838724932881,0.2138754536428466,0.6807297836474601,0.1697757249849575,0.7474960457806284,0.1508056872746214,125
37,reset_both,0.5,16,250.0,L2,pre_reset,0.5953204669612492,0.217671000795097,0.6356372784239623,0.1873740372579292,0.7852652144238272,0.1433670184862305,125
37,reset_both,0.5,32,500.0,L1,spike50,0.947618670348618,0.0396591122097159,0.951845309503504,0.0389172110035514,0.3227217408057148,0.1286055272257234,97
37,reset_both,0.5,32,500.0,L1,syn_current,0.9966552491134432,0.0022608352079805,0.9970303466844468,0.0020054598107294,0.1078559549771952,0.0329319392528168,98
37,reset_both,0.5,32,500.0,L1,pre_reset,0.988710495078698,0.0048290572521786,0.9898406350007668,0.0043239206334694,0.15255601876727,0.03022466177318,98
37,reset_both,0.5,32,500.0,L2,spike50,0.7753090668379543,0.1239503847882581,0.8886562416781536,0.0703390006503939,0.453601238892648,0.1484487219968751,96
37,reset_both,0.5,32,500.0,L2,syn_current,0.8655393659137096,0.1053422824215074,0.8947248757348651,0.072463487403786,0.4608173549507696,0.1417962061788467,98
37,reset_both,0.5,32,500.0,L2,pre_reset,0.8544271428645283,0.1146571933058944,0.8783822570650807,0.0827393819425205,0.4964880331998975,0.147946067708122,98
37,reset_both,0.75,0,0.0,L1,spike50,0.9667030179072564,0.0185833815288539,0.9700605400793688,0.0176217632486614,0.3132081730452885,0.0703748614960944,128
37,reset_both,0.75,0,0.0,L1,syn_current,0.4751072452272217,0.166657122534935,0.5089205880697499,0.1532352817740828,0.9111367187957442,0.1005041312171549,91
37,reset_both,0.75,0,0.0,L1,pre_reset,0.389781746855378,0.1365123661889201,0.4268275681965859,0.127124952621681,0.9505356503099,0.0567502302009374,91
37,reset_both,0.75,0,0.0,L2,spike50,0.9844512930894094,0.008109160320486,0.9926309148898164,0.0043716366112925,0.2655090548976203,0.0127913871410902,128
37,reset_both,0.75,0,0.0,L2,syn_current,,,,,0.9999999999998932,4.101717119176573e-14,0
37,reset_both,0.75,0,0.0,L2,pre_reset,,,,,0.9999999999999348,2.9333031357455914e-14,0
37,reset_both,0.75,1,15.625,L1,spike50,0.932655149683322,0.0411021306660492,0.9391066606653418,0.0393563753006986,0.5308203989750491,0.0749776192717042,128
37,reset_both,0.75,1,15.625,L1,syn_current,0.5892631136598443,0.1539465819386695,0.6168114035914015,0.1403049135949023,0.8188734840413995,0.1204996095780853,120
37,reset_both,0.75,1,15.625,L1,pre_reset,0.5084910642682894,0.1422871998131576,0.5412853913734748,0.1313510699700697,0.8743651044145375,0.0897283522515626,120
37,reset_both,0.75,1,15.625,L2,spike50,0.9581800855672178,0.0237783089084844,0.9800936093184116,0.0117888212197297,0.5092068256492135,0.0132496651576464,128
37,reset_both,0.75,1,15.625,L2,syn_current,0.1715043449428124,0.2714239942647035,0.1909551720330659,0.2751308802985573,0.9982883391695878,0.0166041201401206,9
37,reset_both,0.75,1,15.625,L2,pre_reset,0.14214120641465,0.2634383623360934,0.1622996959556735,0.2680098433842753,0.9988535235643404,0.0104883260896033,9
37,reset_both,0.75,2,31.25,L1,spike50,0.7974291040915518,0.0963164810133719,0.8142935925626968,0.0935005206020188,0.753966448916817,0.0855125921090053,127
37,reset_both,0.75,2,31.25,L1,syn_current,0.6669400286276527,0.1342699564590219,0.6907673954369968,0.1209517826199619,0.7550098753710778,0.1202444340984033,126
37,reset_both,0.75,2,31.25,L1,pre_reset,0.6069357702220118,0.1274549350644563,0.6344697651165115,0.1162812792675043,0.7999348665750093,0.1009910111506701,126
37,reset_both,0.75,2,31.25,L2,spike50,0.8804484985427061,0.067486624914412,0.9393588359275212,0.0346089552977333,0.7528368780387222,0.0161392074815995,128
37,reset_both,0.75,2,31.25,L2,syn_current,0.2013343058677415,0.2554571430175315,0.2260455511731407,0.24939379853967,0.9935302591473176,0.0314610070257741,25
37,reset_both,0.75,2,31.25,L2,pre_reset,0.1787302938314362,0.2509046846566473,0.2016801331261476,0.2460827228538154,0.9953885960893006,0.022583949744865,25
37,reset_both,0.75,4,62.5,L1,spike50,0.3643506545406262,0.1737293940525657,0.4013473244220994,0.1763077324897657,0.9610977798527534,0.0645374894043753,64
37,reset_both,0.75,4,62.5,L1,syn_current,0.7724565199793503,0.1061317380475682,0.7906907879049146,0.0962478230085686,0.6559884283492039,0.1206916273624107,128
37,reset_both,0.75,4,62.5,L1,pre_reset,0.7371811284587642,0.0998863621168496,0.7577618452852262,0.0909913375843986,0.6789827126388824,0.1069712815884481,128
37,reset_both,0.75,4,62.5,L2,spike50,0.1094028193717931,0.1795098051730862,0.2901351528403879,0.1926054069636648,0.9826823861722516,0.0480548128268305,41
37,reset_both,0.75,4,62.5,L2,syn_current,0.1874276928168656,0.2574442792933706,0.2265829476355612,0.2389745919295225,0.9818828043401432,0.0493185834019389,64
37,reset_both,0.75,4,62.5,L2,pre_reset,0.1559894485640955,0.2582388315490537,0.1870382386546299,0.2392908405559024,0.9871534169547332,0.0380465784411041,64
37,reset_both,0.75,8,125.0,L1,spike50,0.594158722329313,0.171738478910406,0.6175097391774793,0.1744815158527754,0.8502624252896671,0.1395367164199345,98
37,reset_both,0.75,8,125.0,L1,syn_current,0.8854773741636153,0.0646271536341198,0.8963891602769246,0.0596081062362584,0.5079353148816799,0.1136881057247571,128
37,reset_both,0.75,8,125.0,L1,pre_reset,0.8633444235545646,0.0627086194877324,0.875822140257921,0.0576516625450361,0.5176153620438528,0.1012399090327179,128
37,reset_both,0.75,8,125.0,L2,spike50,0.2274978543738415,0.2548154627573277,0.4502358452659102,0.2190868880712677,0.9191882467322008,0.1204494874767253,78
37,reset_both,0.75,8,125.0,L2,syn_current,0.3092094402287008,0.2907468409935196,0.3658676927950542,0.2581819113016155,0.9367181241736712,0.1084248321690181,102
37,reset_both,0.75,8,125.0,L2,pre_reset,0.2761378370099136,0.2860985813965571,0.3148784941009819,0.2632493543660948,0.951176891176582,0.0903010970954656,102
37,reset_both,0.75,16,250.0,L1,spike50,0.8035125659754739,0.1208326112624774,0.8136820497495864,0.1213635343958381,0.6432115598758619,0.1781823771394632,95
37,reset_both,0.75,16,250.0,L1,syn_current,0.9667305108502148,0.0208664452768403,0.970141996201144,0.018782917361005,0.3155011277368754,0.0893258798920017,101
37,reset_both,0.75,16,250.0,L1,pre_reset,0.954284161916796,0.02368715284774,0.958501406321627,0.0215101836888561,0.3246112149771338,0.0776364863165356,101
37,reset_both,0.75,16,250.0,L2,spike50,0.3735944777636135,0.2253150129113506,0.608166832256395,0.1737918609621598,0.8150838210629585,0.1539269071664796,88
37,reset_both,0.75,16,250.0,L2,syn_current,0.4839223468919754,0.2593387267106732,0.5709178947189065,0.2085145934074381,0.8342614610939034,0.1391805781995025,98
37,reset_both,0.75,16,250.0,L2,pre_reset,0.4584212446884622,0.2535455901980341,0.5236716848114181,0.2141190269639673,0.8645806432256316,0.1290722102961281,98
37,reset_both,0.75,32,500.0,L1,spike50,0.9389742011994158,0.0220397963404851,0.940404551096534,0.0218458975528422,0.416666666666572,0.0833333333333029,2
37,reset_both,0.75,32,500.0,L1,syn_current,0.997356461992814,0.0009311843245269,0.997678760820726,0.0008048549653659,0.110801308591467,0.0331580584139753,2
37,reset_both,0.75,32,500.0,L1,pre_reset,0.9907969996095533,0.0019068772443069,0.9919525114602128,0.0017122349086332,0.1512873062763168,0.0066553830781621,2
37,reset_both,0.75,32,500.0,L2,spike50,0.631072487811873,0.0033989011123712,0.7298753015450371,0.0297213096798398,0.7370465809395925,0.0388443192281703,2
37,reset_both,0.75,32,500.0,L2,syn_current,0.8512614518673395,0.0296786984750525,0.9163466430209404,0.0061657145702084,0.5763521174354596,0.0057558490624035,2
37,reset_both,0.75,32,500.0,L2,pre_reset,0.8015351901063237,0.0466266389889304,0.8818918632144277,0.0004314747329294,0.5801358075676919,0.0309358301804158,2
37,reset_both,0.25,0,0.0,L1,spike50,0.9255126689986516,0.0633812735772564,0.929753196169394,0.0629803384139844,0.3953629506355014,0.2172472766431369,16
37,reset_both,0.25,0,0.0,L1,syn_current,0.5158938225383715,0.1930491220415081,0.5397700194430367,0.1849818562056547,0.8970824584781645,0.1053601725926844,12
37,reset_both,0.25,0,0.0,L1,pre_reset,0.3886830693193558,0.1573306901872472,0.4242961858324343,0.1549096494584234,0.9498811454524542,0.0516664180337677,12
37,reset_both,0.25,0,0.0,L2,spike50,0.9384190471439816,0.06413088897787,0.946410206210788,0.0638949655541277,0.37581748526393,0.2335241571327748,15
37,reset_both,0.25,0,0.0,L2,syn_current,,,,,0.9444444444441245,0.2290614236453479,0
37,reset_both,0.25,0,0.0,L2,pre_reset,,,,,0.9444444444442032,0.229061423645367,0
37,reset_both,0.25,1,15.625,L1,spike50,0.861898759145559,0.061563312970884,0.8698756418792468,0.0601725138480535,0.5827630843395455,0.1833396496149262,16
37,reset_both,0.25,1,15.625,L1,syn_current,0.5932927842448315,0.1963280146778223,0.6144437909003545,0.1866116735203903,0.8107262805508445,0.1381121047474364,16
37,reset_both,0.25,1,15.625,L1,pre_reset,0.4930574553567066,0.1867581825530407,0.5246330651616558,0.1795801548042026,0.87711985600213,0.0970468788569966,16
37,reset_both,0.25,1,15.625,L2,spike50,0.9020198728173418,0.0746096810040218,0.9179274035069624,0.0773150335872381,0.5467172892599206,0.2324115454987984,15
37,reset_both,0.25,1,15.625,L2,syn_current,,,,,0.94444444444412,0.2290614236453469,0
37,reset_both,0.25,1,15.625,L2,pre_reset,,,,,0.944444444444234,0.2290614236453745,0
37,reset_both,0.25,2,31.25,L1,spike50,0.6641992482353238,0.1433792787987454,0.6756586643963146,0.1422410830360418,0.7599976181235366,0.2068023488849772,16
37,reset_both,0.25,2,31.25,L1,syn_current,0.681617624631291,0.1595278738066592,0.7006021265906346,0.1563224720277985,0.7213619220999812,0.1278465200505157,18
37,reset_both,0.25,2,31.25,L1,pre_reset,0.585621077787904,0.1596153847334313,0.6152573065415028,0.1566659344672282,0.7970606072600324,0.1104363532943737,18
37,reset_both,0.25,2,31.25,L2,spike50,0.7845138031084521,0.1115535923646876,0.8217348722542585,0.1184805293359749,0.7174311725762453,0.2623750240586711,15
37,reset_both,0.25,2,31.25,L2,syn_current,0.4909118022615621,0.0,0.5065073578871974,0.0,0.9417258933808276,0.2286760009515731,1
37,reset_both,0.25,2,31.25,L2,pre_reset,0.4649988381724161,0.0,0.4773195995297952,0.0,0.9427758680069894,0.2287598498974152,1
37,reset_both,0.25,4,62.5,L1,spike50,0.3993202620046712,0.1233725796513232,0.413900018846825,0.1224928997386796,0.9886444620983328,0.0325183342383345,3
37,reset_both,0.25,4,62.5,L1,syn_current,0.7585498773930537,0.1304308835018659,0.7722037558350707,0.1283332586910348,0.6499057703480249,0.144422649868621,18
37,reset_both,0.25,4,62.5,L1,pre_reset,0.7172977516141085,0.1208760715343127,0.7364127889683681,0.1185102183998304,0.6854668478087785,0.1210322800019375,18
37,reset_both,0.25,4,62.5,L2,spike50,,,,,0.8888888888888391,0.3142696805273368,0
37,reset_both,0.25,4,62.5,L2,syn_current,0.3045617508127702,0.2072059982262533,0.3501197560766915,0.2191551464566039,0.9876737935135652,0.0426611840168908,3
37,reset_both,0.25,4,62.5,L2,pre_reset,0.3051427622979302,0.1839768271584091,0.326187396543142,0.2013216101354349,0.9910918337379157,0.0296327455659741,3
37,reset_both,0.25,8,125.0,L1,spike50,0.5928258452304959,0.1777933259720296,0.6073592742477095,0.1697504062140284,0.9242476479031272,0.0957639652422316,8
37,reset_both,0.25,8,125.0,L1,syn_current,0.8875443744777578,0.0652771732456543,0.8985824782682555,0.0609792461067907,0.480484460148057,0.1356642572243997,18
37,reset_both,0.25,8,125.0,L1,pre_reset,0.8574814056167137,0.0758034046067882,0.8721273735560151,0.0707369619619145,0.5071205080470613,0.1291128207902779,18
37,reset_both,0.25,8,125.0,L2,spike50,0.2223990710462786,0.2128934946059461,0.3229704305302417,0.2176394043143423,0.9818657582281072,0.04622171509349,5
37,reset_both,0.25,8,125.0,L2,syn_current,0.4052395758016568,0.2792227775945738,0.4315537415025557,0.2754432336274025,0.9391098715713272,0.1032241101520449,9
37,reset_both,0.25,8,125.0,L2,pre_reset,0.4036646569693295,0.2773430797126015,0.4272756449479437,0.2721217116530704,0.9444269079587392,0.0903438012807867,9
37,reset_both,0.25,16,250.0,L1,spike50,0.7999679031906303,0.0906474740122859,0.8085755990823983,0.0916116513531674,0.6229744993471429,0.1199476322570083,18
37,reset_both,0.25,16,250.0,L1,syn_current,0.9775381146474008,0.0105461698712702,0.9801315281117174,0.0095949208483885,0.2418241367470947,0.0526246153061213,18
37,reset_both,0.25,16,250.0,L1,pre_reset,0.9633891320427128,0.0138639902444665,0.9679553097669796,0.0121382142875114,0.2652849160505336,0.0478312608364157,18
37,reset_both,0.25,16,250.0,L2,spike50,0.4729457516366418,0.2040627160444521,0.6253433269477202,0.1646804257299319,0.8204567029500702,0.1457827447760309,14
37,reset_both,0.25,16,250.0,L2,syn_current,0.589217463181029,0.2757478409016938,0.6775375840960067,0.1790129966246352,0.733060659601749,0.1273534331820866,18
37,reset_both,0.25,16,250.0,L2,pre_reset,0.5508389621589251,0.2808476480641897,0.6338277154514363,0.1992106629955787,0.7653036766888235,0.1179854746612922,18
37,reset_both,0.25,32,500.0,L1,spike50,0.9547636637556972,0.0306834701562265,0.9577024983034362,0.0304337227001934,0.2928586115349569,0.0855571467222472,18
37,reset_both,0.25,32,500.0,L1,syn_current,0.9979414819744838,0.001221639248202,0.9982037329579464,0.0010540616730667,0.0806962200519757,0.0197479412576502,18
37,reset_both,0.25,32,500.0,L1,pre_reset,0.9885949315376336,0.0047944312112494,0.9899144945458456,0.0042856305102091,0.1447149773649282,0.0285059273892125,18
37,reset_both,0.25,32,500.0,L2,spike50,0.8174751303075242,0.0903875091476372,0.90283597686392,0.0535198199715461,0.4200726637898386,0.1138759729421538,18
37,reset_both,0.25,32,500.0,L2,syn_current,0.8905198324681641,0.0652217525843958,0.924744729752098,0.0415679576743495,0.3899864985171841,0.0966325069837987,18
37,reset_both,0.25,32,500.0,L2,pre_reset,0.8737621565375772,0.0759084339171903,0.908062462491988,0.0455531562102483,0.4270678666994041,0.0947017604996721,18
37,reset_both,0.5,0,0.0,L1,spike50,0.9570277479028382,0.0296839150124244,0.9596824144682152,0.0283089764554757,0.3257190061440429,0.1261560518529251,18
37,reset_both,0.5,0,0.0,L1,syn_current,0.5316529309797017,0.1264751565337864,0.5720871926576696,0.1131211842615857,0.8785573616062745,0.1009731078251214,15
37,reset_both,0.5,0,0.0,L1,pre_reset,0.4280652464036159,0.0973830687038751,0.4768332495116286,0.0906589003103974,0.9359056922490032,0.0541614060285444,15
37,reset_both,0.5,0,0.0,L2,spike50,0.9816707327460584,0.0065510668368158,0.9899917039221838,0.005251525654069,0.2711108365033273,0.0113160312571973,18
37,reset_both,0.5,0,0.0,L2,syn_current,,,,,0.999999999999824,9.301279496096848e-14,0
37,reset_both,0.5,0,0.0,L2,pre_reset,,,,,0.999999999999886,5.4527989729031086e-14,0
37,reset_both,0.5,1,15.625,L1,spike50,0.908977054802348,0.0609957576911041,0.9142238682931156,0.0577097804030858,0.5617564691627212,0.1529626095012498,18
37,reset_both,0.5,1,15.625,L1,syn_current,0.6107537855505626,0.1420970159435941,0.6462165035742985,0.1238385406328069,0.801349720134908,0.125999589494978,17
37,reset_both,0.5,1,15.625,L1,pre_reset,0.5333693231482206,0.1374114091879568,0.5762948843993881,0.122167643081481,0.8578016505837041,0.0971957921395418,17
37,reset_both,0.5,1,15.625,L2,spike50,0.9531284467610568,0.0192736013125645,0.9745286517511864,0.0122343287617182,0.5140444728771165,0.0210354505201788,18
37,reset_both,0.5,1,15.625,L2,syn_current,-0.0676263284431823,0.0,-0.0941459591695807,0.0,1.0023045619570248,0.0095019523703146,1
37,reset_both,0.5,1,15.625,L2,pre_reset,-0.1899540414498311,0.0,-0.2037111435767795,0.0,1.0018508534835977,0.0076312644108848,1
37,reset_both,0.5,2,31.25,L1,spike50,0.7388465060505441,0.0971081855898714,0.7486993590972936,0.0948358640352526,0.8103787598956412,0.0661785251011294,17
37,reset_both,0.5,2,31.25,L1,syn_current,0.6889642880951269,0.1182138345142628,0.7192371949043844,0.1047818309352319,0.7261523277959933,0.1023848785156738,18
37,reset_both,0.5,2,31.25,L1,pre_reset,0.6153394225244203,0.1323952593372917,0.6554756378860296,0.1141474279912828,0.7815872704659846,0.1003504913347785,18
37,reset_both,0.5,2,31.25,L2,spike50,0.8515622737179839,0.0533370499134597,0.9133563150853852,0.0419780155707505,0.760323707486212,0.0113498667247865,18
37,reset_both,0.5,2,31.25,L2,syn_current,0.0688980242482005,0.0,0.0275446321836126,0.0,1.000660028422232,0.0027213669014796,1
37,reset_both,0.5,2,31.25,L2,pre_reset,-0.047193002927241,0.0,-0.0691489675981599,0.0,1.0015888088218088,0.0065508265916983,1
37,reset_both,0.5,4,62.5,L1,spike50,0.3918948661313771,0.1485281788655436,0.4167426589517821,0.1419759793773508,0.97892389132118,0.0395439539482149,6
37,reset_both,0.5,4,62.5,L1,syn_current,0.7901553924491922,0.0778506578184254,0.8089440708118871,0.0753878210076764,0.6297211561124955,0.0948064320925879,18
37,reset_both,0.5,4,62.5,L1,pre_reset,0.7473595893999541,0.09653860490965,0.7721941384387104,0.0902543131024339,0.65457293373708,0.1058655867370863,18
37,reset_both,0.5,4,62.5,L2,spike50,0.3798020327746901,0.0,0.5955500003825582,0.0,0.9934398390937488,0.0270482363373537,1
37,reset_both,0.5,4,62.5,L2,syn_current,0.2111599261737932,0.3376291127408037,0.2931820636961444,0.269142961951812,0.9836507507483436,0.0620215851269848,6
37,reset_both,0.5,4,62.5,L2,pre_reset,0.1335316253192551,0.3376972926275688,0.2137810341397854,0.2762374866875591,0.9886566630630386,0.0492162472877355,6
37,reset_both,0.5,8,125.0,L1,spike50,0.5886160716219294,0.1523425675773249,0.6131314984715354,0.1427339263345006,0.8925599369951733,0.0951745152589375,12
37,reset_both,0.5,8,125.0,L1,syn_current,0.9031537325937388,0.0325533413074095,0.913705394312194,0.0291912844459644,0.4688870329594453,0.0868576608798401,18
37,reset_both,0.5,8,125.0,L1,pre_reset,0.8820878592229158,0.0360637593937102,0.8951702941739283,0.032870610382199,0.480314585943417,0.0789600268474955,18
37,reset_both,0.5,8,125.0,L2,spike50,0.1169059039533768,0.2618906587850205,0.3164691971946097,0.2509616345014882,0.9545782568654064,0.097981562099524,10
37,reset_both,0.5,8,125.0,L2,syn_current,0.3376011680674972,0.3464022377839155,0.3971479633134581,0.3003593190906683,0.9328421747572716,0.1124181236857012,12
37,reset_both,0.5,8,125.0,L2,pre_reset,0.2915478090232965,0.3329905334232702,0.3425788262029092,0.301641714505923,0.9503715655890296,0.1003101302614837,12
37,reset_both,0.5,16,250.0,L1,spike50,0.8310808888781419,0.0877145594426274,0.8409918310948189,0.0842729865968848,0.6692418464540888,0.1831792955283338,15
37,reset_both,0.5,16,250.0,L1,syn_current,0.9750070722533636,0.0130405734605395,0.9782840390487162,0.0114104331761794,0.273789562472891,0.0555831547301735,18
37,reset_both,0.5,16,250.0,L1,pre_reset,0.9644205086178744,0.0136376408138201,0.9687363277163966,0.0120054562116013,0.2832071368373828,0.0487652811280176,18
37,reset_both,0.5,16,250.0,L2,spike50,0.4127522856997544,0.1880859663448972,0.60197006684215,0.1681199378191527,0.8301121788080723,0.1439278595054657,14
37,reset_both,0.5,16,250.0,L2,syn_current,0.5896133990245,0.1402660604646241,0.6796617491885464,0.0976509519035827,0.806973895928184,0.1245211925076417,15
37,reset_both,0.5,16,250.0,L2,pre_reset,0.5704458652567779,0.1559222604810687,0.6375823955208937,0.1174032912013912,0.8268319666924345,0.1224515428245509,15
37,reset_both,0.5,32,500.0,L1,spike50,0.9215061771331308,0.0629055118279674,0.9256021661855736,0.0620548070928371,0.3815782145927318,0.1442755286371164,14
37,reset_both,0.5,32,500.0,L1,syn_current,0.9971539439026132,0.0015608596595366,0.9974944354751288,0.0013813160754296,0.1045433978619944,0.0318794569129144,14
37,reset_both,0.5,32,500.0,L1,pre_reset,0.9890980120696272,0.0059335233709249,0.9903175407737754,0.0051841900542236,0.1439893933643607,0.0342238794167403,14
37,reset_both,0.5,32,500.0,L2,spike50,0.6697022556631127,0.144793637245877,0.8025892244023998,0.1309960517019169,0.5729992416053377,0.1559951363308523,14
37,reset_both,0.5,32,500.0,L2,syn_current,0.8438880396584386,0.077336523080643,0.8841660092338453,0.0532087196670544,0.5010644457944722,0.1189334033354311,14
37,reset_both,0.5,32,500.0,L2,pre_reset,0.8155037863760318,0.0894887835801311,0.8562886550364055,0.0626171438043782,0.543667732228571,0.1216511337508775,14
37,reset_both,0.75,0,0.0,L1,spike50,0.9654140904119282,0.0196673474853758,0.9678329285757338,0.0194211734726297,0.3269568715128231,0.0591722670026359,18
37,reset_both,0.75,0,0.0,L1,syn_current,0.489786757116099,0.1097187825447867,0.5241845191738489,0.0852561974768721,0.9243755029703524,0.0744038580699836,12
37,reset_both,0.75,0,0.0,L1,pre_reset,0.3890755717517713,0.0867120543608416,0.4302641130801914,0.0708964479499168,0.9607033380819266,0.0407693584467344,12
37,reset_both,0.75,0,0.0,L2,spike50,0.982266058052084,0.007867158842925,0.9913368632078504,0.005296018914957,0.2701475508787342,0.0147220128871622,18
37,reset_both,0.75,0,0.0,L2,syn_current,,,,,0.9999999999998652,5.1585270316135664e-14,0
37,reset_both,0.75,0,0.0,L2,pre_reset,,,,,0.999999999999912,3.9911484018639125e-14,0
37,reset_both,0.75,1,15.625,L1,spike50,0.9133102400290508,0.1047264393684623,0.9180370298586776,0.1041236121003158,0.5458106400682309,0.0898949928213465,18
37,reset_both,0.75,1,15.625,L1,syn_current,0.5702570897440967,0.1265202515319134,0.5945717682386865,0.1095978960963664,0.8516998205799293,0.0949663447516822,16
37,reset_both,0.75,1,15.625,L1,pre_reset,0.4804441671934202,0.124021130321827,0.5127368117090909,0.1088620816343155,0.9012391390622082,0.0670582987968509,16
37,reset_both,0.75,1,15.625,L2,spike50,0.9583331150039772,0.018102949292888,0.9798845430365992,0.0093658592912146,0.5116064677813186,0.0132747944730935,18
37,reset_both,0.75,1,15.625,L2,syn_current,-0.2267020565957343,0.0,-0.2368354326985339,0.0,1.0030547285418383,0.0125949684361747,1
37,reset_both,0.75,1,15.625,L2,pre_reset,-0.2219839449346475,0.0,-0.2310400421863422,0.0,1.0015595113169578,0.006430029884539,1
37,reset_both,0.75,2,31.25,L1,spike50,0.7867796115534692,0.0510953642407375,0.7980471124256716,0.0515955155492022,0.7618885981902517,0.0343617976406686,18
37,reset_both,0.75,2,31.25,L1,syn_current,0.6075755290557052,0.111803605207381,0.6357568394711821,0.1019506867478235,0.8183546177557344,0.0840753031600366,17
37,reset_both,0.75,2,31.25,L1,pre_reset,0.5380714690681065,0.1238000154390738,0.5716647042894829,0.1106003042896054,0.8544977262150693,0.0767244169764735,17
37,reset_both,0.75,2,31.25,L2,spike50,0.8722765412664321,0.033873283732173,0.9335568805730704,0.0224269299851363,0.7555720398215686,0.0078549624838721,18
37,reset_both,0.75,2,31.25,L2,syn_current,0.0067829934152947,0.0,-0.0274470211749591,0.0,1.0010073669046398,0.0041534801521615,1
37,reset_both,0.75,2,31.25,L2,pre_reset,-0.0786053326976691,0.0,-0.0975469625828223,0.0,1.001267434431519,0.0052257660350738,1
37,reset_both,0.75,4,62.5,L1,spike50,0.3775264168465104,0.0428521651203244,0.4079208904394775,0.0512214432505912,0.9902988481505656,0.0227214680182165,3
37,reset_both,0.75,4,62.5,L1,syn_current,0.7499043907010078,0.0961919933063494,0.7664069643612027,0.0829885965747352,0.6898551781444522,0.0893907135893099,18
37,reset_both,0.75,4,62.5,L1,pre_reset,0.6962602345156007,0.1021598874596484,0.7181867932765784,0.0891105457285034,0.7267318441013199,0.0865255931220256,18
37,reset_both,0.75,4,62.5,L2,spike50,0.0460752367845422,0.0,0.1915537644556688,0.0,0.9990020905278884,0.0041144861581711,1
37,reset_both,0.75,4,62.5,L2,syn_current,0.1716994111230385,0.0552882838567846,0.1601838641486127,0.0504369662723807,0.9978496574993048,0.0060315257495137,3
37,reset_both,0.75,4,62.5,L2,pre_reset,0.1004673140237841,0.0407160847872666,0.0940591962310642,0.0654262691392573,0.9997141757871776,0.0044810292702547,3
37,reset_both,0.75,8,125.0,L1,spike50,0.5589863727289037,0.1437945156076863,0.5771343081007265,0.1380071027784848,0.926053395264272,0.0808465252347313,10
37,reset_both,0.75,8,125.0,L1,syn_current,0.8853025765659456,0.0567221576653368,0.8971126734503658,0.0518526712095926,0.5264420205822559,0.1168976146287116,18
37,reset_both,0.75,8,125.0,L1,pre_reset,0.8618721412384027,0.0576314282508544,0.8759502423152922,0.0528592483721577,0.5336744730949676,0.1054072913635179,18
37,reset_both,0.75,8,125.0,L2,spike50,0.0674986746578584,0.1876702889051872,0.2430495093945266,0.1476372033343196,0.9851917252060496,0.0354086265248583,8
37,reset_both,0.75,8,125.0,L2,syn_current,0.2080057310664483,0.3297018562823363,0.3049752895455176,0.2928692205544338,0.9731306054951832,0.0574263027603806,10
37,reset_both,0.75,8,125.0,L2,pre_reset,0.1451569082722818,0.3289710686018683,0.2351805299398857,0.3075510441472651,0.9798413420523356,0.0499771987307434,10
37,reset_both,0.75,16,250.0,L1,spike50,0.7749823557692748,0.1245835605602671,0.7823508165187586,0.124190319401832,0.7789033009497963,0.1814929051778162,10
37,reset_both,0.75,16,250.0,L1,syn_current,0.9686425832561796,0.017220704247117,0.971995942247834,0.0151193095571611,0.3382952869435817,0.075679615167053,14
37,reset_both,0.75,16,250.0,L1,pre_reset,0.9576409311426518,0.0181566632324922,0.9620966684971544,0.015959249269075,0.3327055022878447,0.0719812532539737,14
37,reset_both,0.75,16,250.0,L2,spike50,0.3375660135670678,0.2459867225708412,0.5223118342287171,0.2099359285310802,0.8909401640168122,0.1314786848599863,9
37,reset_both,0.75,16,250.0,L2,syn_current,0.4258811878162969,0.296689191368319,0.581731344112586,0.2087960178128815,0.8750444230644417,0.1288564804228937,10
37,reset_both,0.75,16,250.0,L2,pre_reset,0.3750442354962384,0.2798493075660651,0.5097196162496982,0.2070412372167239,0.9015506063328946,0.1059842372889542,10
