condition,architecture,objective,epoch,first_batch_task_grad_norm_mean,first_batch_task_grad_norm_std,first_batch_task_grad_norm_count,first_batch_p2_grad_norm_raw_mean,first_batch_p2_grad_norm_raw_std,first_batch_p2_grad_norm_raw_count,first_batch_a1_grad_norm_raw_mean,first_batch_a1_grad_norm_raw_std,first_batch_a1_grad_norm_raw_count,first_batch_weighted_p2_grad_norm_mean,first_batch_weighted_p2_grad_norm_std,first_batch_weighted_p2_grad_norm_count,first_batch_weighted_a1_grad_norm_mean,first_batch_weighted_a1_grad_norm_std,first_batch_weighted_a1_grad_norm_count,first_batch_reg_grad_norm_mean,first_batch_reg_grad_norm_std,first_batch_reg_grad_norm_count,first_batch_p2_to_task_grad_ratio_mean,first_batch_p2_to_task_grad_ratio_std,first_batch_p2_to_task_grad_ratio_count,first_batch_a1_to_task_grad_ratio_mean,first_batch_a1_to_task_grad_ratio_std,first_batch_a1_to_task_grad_ratio_count,first_batch_reg_to_task_grad_ratio_mean,first_batch_reg_to_task_grad_ratio_std,first_batch_reg_to_task_grad_ratio_count,train_reg_to_task_ratio_mean,train_reg_to_task_ratio_std,train_reg_to_task_ratio_count,train_p2_mean,train_p2_std,train_p2_count,train_a1_mean,train_a1_std,train_a1_count,val_native_ba_mean,val_native_ba_std,val_native_ba_count
all_fixes,mid_long,timestep_ce,1,1.079507261092043,0.4710761901408244,5,0.00393336736876932,0.0017914285958854296,5,0.0260903318164842,0.007784931846808669,5,3.933367533787458e-06,1.7914285864788396e-06,5,0.00026090330368168,7.784931695112017e-05,5,0.00026207324259862,7.812208932399364e-05,5,3.959061554281819e-06,2.0259967825343593e-06,5,0.00025712500382472,5.327224403225622e-05,5,0.00025828986910586,5.3530881979169044e-05,5,0.00021985994012838,5.087474665616497e-05,5,0.0010892269728450799,0.0005480129982586005,5,0.06625833849513996,0.019856465652827733,5,0.07702380952380948,0.014257716170395798,5
all_fixes,mid_long,timestep_ce,2,0.20623512192992086,0.3663100453625081,5,0.0035667643931061,0.0019811805693054647,5,0.023534176289669643,0.00739495711621314,5,7.133529339726112e-06,3.962361635609714e-06,5,0.00047068350751508,0.00014789914217563723,5,0.00047275524688595997,0.0001487562844117772,5,0.00011928364825688851,9.721011946932148e-05,5,0.00919628516878078,0.006438229094717616,5,0.009232622869810279,0.006467761773704209,5,0.00047768640018136,0.0001313862491882294,5,0.00107297483152784,0.0006138752465372412,5,0.06032594977757808,0.01748637168316689,5,0.08440476190476186,0.006393385482586596,5
all_fixes,mid_long,timestep_ce,5,0.020679698051305363,0.027393777244036882,5,0.00369462735121584,0.0026653396329476236,5,0.02087107939203938,0.005332252560588549,5,1.8473135664472746e-05,1.3326696256616165e-05,5,0.00104355397837366,0.00026661265133939133,5,0.00104922270905268,0.0002694472484957634,5,0.0019527093321501001,0.0015845276296713342,5,0.1166970573598752,0.0751232115324782,5,0.11727671614192811,0.07536725670807393,5,0.00115040773158622,0.0003482919895400517,5,0.0012601897080401201,0.0010155309979774658,5,0.05705185670681332,0.017227417117973993,5,0.08718253968253963,0.005485312737912343,5
all_fixes,mid_long,timestep_ce,10,0.036956675733713,0.010801057594792336,5,0.00298219119362488,0.00299402557692067,5,0.01806798309241048,0.006819797865859551,5,2.98219106459976e-05,2.9940252946229342e-05,5,0.00180679830899108,0.0006819797765779918,5,0.0018158538072550999,0.0006878927448489305,5,0.0008695723300590199,0.00097016790878841,5,0.05017245891280516,0.017670781547600108,5,0.05042885128307112,0.017883371428133142,5,0.00182626861310938,0.0007550169299102439,5,0.00094778886698652,0.0009093618879830623,5,0.0452425445123814,0.018710542436144017,5,0.10273809523809518,0.0152270597027374,5
all_fixes,mid_long,timestep_ce,20,0.0722213668280455,0.03468473504317369,5,0.00175359489870708,0.0017116873843030969,5,0.013075254411177361,0.004480339243382264,5,1.7535948785042472e-05,1.7116874245640538e-05,5,0.0013075254028384,0.0004480339142691409,5,0.00131358397541448,0.00045254076396402515,5,0.00022987125646580544,0.00014627075577206632,5,0.0200515250623351,0.009562793538862132,5,0.0201349812631258,0.00960519661571722,5,0.00136421866499874,0.0006756853145061869,5,0.00055635341416266,0.00048193253402185714,5,0.033391320214265344,0.016792467986677228,5,0.14682539682539678,0.01338293283090307,5
all_fixes,mid_long,timestep_ce,30,0.09842207494068268,0.05041197787987529,5,0.00146332614693646,0.001241180876600303,5,0.011952101644173681,0.0040669936595373645,5,1.4633261183990096e-05,1.2411808201007758e-05,5,0.00119521019426982,0.00040669938260538634,5,0.00120027999482258,0.0004102636788293025,5,0.0001414628970681898,6.48349326803587e-05,5,0.01312330127722334,0.0039405164330885995,5,0.013173330039765818,0.0039511901923432804,5,0.00141482287224294,0.0005901563514278384,5,0.00053178725013562,0.0003918610479736038,5,0.03316811707749216,0.014313724758528993,5,0.1733333333333333,0.015392401385364239,5
all_fixes,mid_long,whole_count_ce,1,0.6276491276039927,0.4257293087307586,5,0.00393336736876932,0.0017914285958854296,5,0.0260903318164842,0.007784931846808669,5,3.933367533787458e-06,1.7914285864788396e-06,5,0.00026090330368168,7.784931695112017e-05,5,0.00026207324259862,7.812208932399364e-05,5,8.035811404015419e-06,4.426073634973742e-06,5,0.00053996158490868,0.00029029526226044165,5,0.0005423311793415,0.0002912410182996699,5,0.00025159902726578,6.361695393841404e-05,5,0.00108649577522086,0.0005396454450236442,5,0.06668716748076745,0.019663703189485213,5,0.08762025012025007,0.034362886849063225,5
all_fixes,mid_long,whole_count_ce,2,0.14560097336385702,0.06952403981037181,5,0.00353775317002138,0.001918902575779594,5,0.02392036004803478,0.007699611960091182,5,7.075506697292084e-06,3.837805549319081e-06,5,0.00047840718651722005,0.00015399223635676493,5,0.00048046595574814,0.00015480215681157205,5,5.3216873710671256e-05,3.2711926923066926e-05,5,0.0038731763453995196,0.002317424923490214,5,0.0038892541342653,0.002327481530927225,5,0.00049733665420596,0.00012980657959116754,5,0.00103784923232518,0.0005684473013870151,5,0.061321380397179825,0.016651121433286783,5,0.11501443001442997,0.030683039215841472,5
all_fixes,mid_long,whole_count_ce,5,0.17153221734542856,0.04406555537073631,5,0.0035572444170635597,0.0019665221021108003,5,0.02261087512773702,0.005307119304531588,5,1.7786221642950686e-05,9.832610691659077e-06,5,0.00113054379465432,0.00026535594431581245,5,0.00113600483646022,0.00026668236034136956,5,0.00011513103989759031,9.193476037323428e-05,5,0.00685789583255442,0.0019407316502279709,5,0.00689284685876834,0.00196118384912289,5,0.00127397389814864,0.00021608039576418648,5,0.0011331805020005999,0.0006980335943738962,5,0.06006281969751422,0.011655016031423448,5,0.13018518518518513,0.028023470935885513,5
all_fixes,mid_long,whole_count_ce,10,0.21719088617507323,0.03522264515682012,5,0.0032926599284767003,0.0018330694875175833,5,0.021534740781514038,0.004951366476372247,5,3.29265978518771e-05,1.83306932015125e-05,5,0.0021534740658469996,0.0004951366711922683,5,0.00216401094076586,0.0004966117157396369,5,0.00015178162056121955,7.400976178661075e-05,5,0.010022210902304981,0.0021148458758760485,5,0.01007113096931762,0.002120195100600807,5,0.00284887390422434,0.00025415665590582863,5,0.00103782551601948,0.0005414258164024841,5,0.06117554557431172,0.007905581179788429,5,0.14683862433862432,0.028278987891765826,5
all_fixes,mid_long,whole_count_ce,20,0.15395874951622662,0.02839816296532602,5,0.0032709326675602205,0.0014496446780292898,5,0.0210703743699715,0.0019344126238332593,5,3.2709325834517145e-05,1.4496445816078535e-05,5,0.0021070375285465,0.0001934413279504609,5,0.0021171932007873198,0.00019535577414595765,5,0.00020648184859620001,6.244156264350058e-05,5,0.01408241931801626,0.0029327429569004425,5,0.01414775116914592,0.0029348672973227245,5,0.0036822928535032,0.000333912259105483,5,0.00099065272093838,0.0003499053721706841,5,0.06453350585422084,0.005606901896707115,5,0.20785834535834535,0.027240192151571436,5
all_fixes,mid_long,whole_count_ce,30,0.15477315995812055,0.03244140352065462,5,0.00326329231886038,0.000913357167484913,5,0.02016569983623418,0.0014937196086918987,5,3.263292208947595e-05,9.133571110201898e-06,5,0.0020165700548220996,0.000149371914329433,5,0.00202627842439366,0.00015126308787731665,5,0.000212887834066,5.4347383754066325e-05,5,0.01339789066576474,0.002278766787094623,5,0.01346095541791858,0.0022826186042847452,5,0.0046945056596788,0.00045506737220148515,5,0.00107583070697622,0.00032913632127175123,5,0.0687829552567764,0.005092976671681537,5,0.2425613275613275,0.02871924347509172,5
all_fixes,short_mid,timestep_ce,1,0.01847812492319128,0.005604528432330396,5,0.00013895735466008,1.3937767332877864e-05,5,0.0011447735670460399,0.00033880432956336965,5,1.3895736023853885e-07,1.3937766176762788e-08,5,1.1447735586071755e-05,3.3880434879574766e-06,5,1.148925298160131e-05,3.3935782262762064e-06,5,8.122230322976035e-06,2.4920338710181906e-06,5,0.00064658551852408,0.00020784583420769426,5,0.00064893602867372,0.00020819228701368837,5,6.709254213664508e-06,1.4474804375253997e-06,5,0.00010013713325513628,7.610090949464838e-06,5,0.00166270610042434,0.0003620843255580525,5,0.0833333333333333,0.0,5
all_fixes,short_mid,timestep_ce,2,0.0033305860951138,0.0029930389007076057,5,0.00013311705937372,1.1556237565504877e-05,5,0.0008757934411249601,0.0003054991046155039,5,2.662341314538863e-07,2.3112479686776004e-08,5,1.7515867478748493e-05,6.109981554508835e-06,5,1.7591377098379458e-05,6.120122472612477e-06,5,0.00019100161287187242,0.00020447267447240238,5,0.013274447655095601,0.016861426240073023,5,0.013329736112080543,0.01691849297753688,5,1.2001463751036034e-05,2.7199360126189953e-06,5,0.00010044838689250314,8.012932727016297e-06,5,0.00148119258576328,0.0003374216238479971,5,0.0833333333333333,0.0,5
all_fixes,short_mid,timestep_ce,5,0.0037011520509458396,0.0029573110221670176,5,0.00013424349499264,1.1607159444925922e-05,5,0.00072790573106484,0.0002946959475771213,5,6.712174639863348e-07,5.803577765164182e-08,5,3.639528709131019e-05,1.4734797224504895e-05,5,3.658544561612001e-05,1.4738758594351056e-05,5,0.0006042322436472573,0.0007749067894145667,5,0.03494156602715084,0.04224205930429707,5,0.03510908930036658,0.04245370627343847,5,2.8699066516886818e-05,6.795212919484221e-06,5,0.0001058562021147678,9.750956507873706e-06,5,0.0014149692562759198,0.00033686674595840725,5,0.0833333333333333,0.0,5
all_fixes,short_mid,timestep_ce,10,0.006346551711010701,0.0022901699006831087,5,0.00014758916953229998,1.0164981827353792e-05,5,0.00075848536722536,0.0002821372936101205,5,1.4758916372704114e-06,1.016498385933061e-07,5,7.58485374491402e-05,2.8213727981677875e-05,5,7.61847935173611e-05,2.823893565934492e-05,5,0.0002840190359185,0.00018265182396069428,5,0.01235156589618278,0.002474443630234953,5,0.01241296863723972,0.00249222303256274,5,5.971480948229954e-05,1.543541291154352e-05,5,0.00012177503035600001,1.2387382894501151e-05,5,0.001466338226344,0.00038081726886201326,5,0.08611111111111105,0.0038036288715636354,5
all_fixes,short_mid,timestep_ce,20,0.01386758696129218,0.006228144249606876,5,0.00019848387981225997,1.7887755670817696e-05,5,0.0009604367892007401,0.00035287296147548056,5,1.9848387829210055e-06,1.78877584543079e-07,5,9.604368172259575e-05,3.528729963815218e-05,5,9.649363305513614e-05,3.5406080712984323e-05,5,0.00016771602781978,7.40385578812074e-05,5,0.0072239382638748404,0.0019123849354117921,5,0.00725877996680028,0.001921089000341533,5,9.090936113585487e-05,2.5337660839748342e-05,5,0.00017599151531378,1.8680610781082667e-05,5,0.0022146272022804,0.0006179144893409227,5,0.0905555555555555,0.009075727362613629,5
all_fixes,short_mid,timestep_ce,30,0.01989621246248096,0.004580445849170898,5,0.00021299586186636,1.979316834282229e-05,5,0.00125150823916352,0.00035576436960055286,5,2.129958572764036e-06,1.9793169742063057e-07,5,0.0001251508285689127,3.5576443932048294e-05,5,0.00012563951485033948,3.5621582049329195e-05,5,0.00011349034700296237,3.7656770312103465e-05,5,0.00626254292097336,0.0006912286020494102,5,0.00628815289618904,0.0006924031631725652,5,0.00013753397657397296,2.9092335297925196e-05,5,0.00021481163229302003,2.526372698448047e-05,5,0.00332011087210892,0.0006960845964942605,5,0.10416666666666666,0.023032116599690292,5
all_fixes,short_mid,whole_count_ce,1,0.009398957403005939,0.004488597893059423,5,0.00013895735466008,1.3937767332877864e-05,5,0.0011447735670460399,0.00033880432956336965,5,1.3895736023853885e-07,1.3937766176762788e-08,5,1.1447735586071755e-05,3.3880434879574766e-06,5,1.148925298160131e-05,3.3935782262762064e-06,5,1.8544846225401517e-05,1.074571354976014e-05,5,0.0016385888024826802,0.0012861171963385498,5,0.0016441254150027797,0.0012893703886800636,5,6.9278349978510155e-06,1.5105294432200398e-06,5,0.00010001919653436511,7.431290143581569e-06,5,0.0017125647605825598,0.0003761702830631918,5,0.0833333333333333,0.0,5
all_fixes,short_mid,whole_count_ce,2,0.00586279745536466,0.004832939488958716,5,0.00013345891859274,1.2705344404703454e-05,5,0.00096394799227706,0.0003507436235180541,5,2.66917844578638e-07,2.5410690016559212e-08,5,1.9278958542983455e-05,7.014871108246975e-06,5,1.9356057132649888e-05,7.028538705318757e-06,5,0.0001610443277251608,0.00018544437887505727,5,0.01304012963852696,0.01643063919026466,5,0.01308724591107038,0.016485235316259266,5,1.3111697042377348e-05,3.0066884621328053e-06,5,0.0001002842182711339,8.039431175709624e-06,5,0.0016172058048189602,0.0003731773149299103,5,0.08472222222222218,0.0031056499687496892,5
all_fixes,short_mid,whole_count_ce,5,0.01020164494162654,0.008519442505292633,5,0.00013962698398914001,1.4218061304501226e-05,5,0.00101291798125844,0.0004823776679718042,5,6.9813488098672e-07,7.1090302968584e-08,5,5.0645899170220215e-05,2.411888141380088e-05,5,5.085261814492771e-05,2.4141664043085393e-05,5,0.00012068040592543797,9.654670651617908e-05,5,0.00706153647653158,0.004175600283380429,5,0.0070985369845020605,0.004207189794048764,5,3.9358027328797345e-05,7.75702766863775e-06,5,0.00011029541841856949,8.74886010976132e-06,5,0.00193441171802594,0.00038301710482978026,5,0.0833333333333333,0.0,5
all_fixes,short_mid,whole_count_ce,10,0.01836266940528728,0.010854630042121127,5,0.00017531711218303999,4.920852620064528e-05,5,0.0018394487094747398,0.0014022081175080333,5,1.7531710570018012e-06,4.920851907674657e-07,5,0.0001839448705811346,0.000140220807157478,5,0.00018446292058080355,0.00014036862149856993,5,0.00010669136064328806,2.8918838104124814e-05,5,0.00961753307971808,0.0030779737298615357,5,0.00964856938796202,0.0030770981802237863,5,0.0001312610288097818,4.998418282235674e-05,5,0.00014027928281138,1.7954480680865724e-05,5,0.00318943901574988,0.0011973796507114883,5,0.08611111111111105,0.00380362887156363,5
all_fixes,short_mid,whole_count_ce,20,0.04312427968466246,0.018473606339688198,5,0.00035481298492102,0.0001095645952195006,5,0.00442134949182738,0.0025481511970070914,5,3.5481298906940005e-06,1.095646004574974e-06,5,0.00044213493365122,0.00025481506924504034,5,0.00044356474405184,0.0002552418930439426,5,8.891441244805319e-05,2.336409346277366e-05,5,0.010066898761749678,0.0027860097467207047,5,0.0101018680682256,0.002788939507925793,5,0.00042414410236962,0.00016691060428762668,5,0.00024645957795128,4.128784958064443e-05,5,0.00972013154376466,0.00360929287661593,5,0.12380952380952377,0.027550087234459956,5
all_fixes,short_mid,whole_count_ce,30,0.06953754489663912,0.024195314551329956,5,0.00057500816835606,0.00015831140279188877,5,0.0068890780617939795,0.0026798304513191862,5,5.750081549886386e-06,1.5831139488205934e-06,5,0.00068890778602984,0.0002679830119755018,5,0.00069133100326274,0.00026853942717084805,5,8.627561469280546e-05,2.2999804654480644e-05,5,0.0100423026457753,0.00311665840230334,5,0.01007902274049472,0.0031260260978325416,5,0.0009306182829105801,0.000257399279471283,5,0.00039760196464662,4.3661861947217215e-05,5,0.019475207211074617,0.004918914166870281,5,0.18728835978835973,0.034211518850116224,5
all_fixes,short_mid_long,timestep_ce,1,0.15227410361740065,0.03825116724107744,5,0.00049669215002268,0.0001850778065790645,5,0.00242874603052284,0.0006302567222471941,5,4.966921483148222e-07,1.8507780402550802e-07,5,2.4287458557340082e-05,6.302566705990908e-06,5,2.444689969957393e-05,6.359753366039653e-06,5,3.220984637262643e-06,8.758318715136367e-07,5,0.00016232526473438,3.9469910923798954e-05,5,0.0001633791285297,3.9802922786921606e-05,5,2.8665520193455346e-05,4.997180700691625e-06,5,0.00023015296963937998,5.9418686993290176e-05,5,0.00739434600724366,0.0013553947774175355,5,0.08888888888888884,0.00905444778500366,5
all_fixes,short_mid_long,timestep_ce,2,0.052840719344249276,0.010352087769402843,5,0.00034080018350482,0.0002193658588150147,5,0.00184729129379918,0.0003105880362983627,5,6.816004229306887e-07,4.3873178444569156e-07,5,3.694582202608023e-05,6.211759258151961e-06,5,3.715052238798738e-05,6.274223278956085e-06,5,1.4054338880839258e-05,1.1360341437119104e-05,5,0.0007309880754353801,0.00022513341817146233,5,0.00073515703697562,0.00022723384188913485,5,4.924650833863992e-05,7.564017333042043e-06,5,0.00021663455227406,6.0838817540342386e-05,5,0.0061197024669093604,0.0009331642263053997,5,0.08472222222222218,0.0031056499687496892,5
all_fixes,short_mid_long,timestep_ce,5,0.01645585871943292,0.013281531458945497,5,0.0003507890739366,0.00022365809422912576,5,0.00150000301851186,0.0002691132375689094,5,1.753945254468187e-06,1.118290429125446e-06,5,7.500015484831786e-05,1.3455665684611794e-05,5,7.542914061635242e-05,1.3510687211977451e-05,5,0.0003402423590518782,0.0005054374619647985,5,0.02176142173990746,0.035705714335180216,5,0.02184808982744928,0.03581995339474267,5,0.00011475834771816973,1.9114403862384338e-05,5,0.0002369176923971,7.486697421185368e-05,5,0.005661837640539,0.000943202188538432,5,0.08749999999999995,0.006211299937499418,5
all_fixes,short_mid_long,timestep_ce,10,0.024460802297847178,0.00906938546984899,5,0.00034694339345686003,0.00012793600376412596,5,0.00151410067925028,8.640147834878982e-05,5,3.4694337333323516e-06,1.2793600671275105e-06,5,0.00015141006213648,8.640148834746386e-06,5,0.00015230919648862002,8.80299667828278e-06,5,0.00014993703108419828,4.9920259300555396e-05,5,0.0069333730878386,0.002583621195295817,5,0.00697164474935284,0.002588394327434359,5,0.00021429581270208,3.755920822138338e-05,5,0.00021845101755650002,6.381992021381725e-05,5,0.00524753110091358,0.0008979871432778721,5,0.09027777777777775,0.006944444444444446,5
all_fixes,short_mid_long,timestep_ce,20,0.02959291982254698,0.01332560819503358,5,0.00063542389651536,0.0005327896446094839,5,0.00137674399000862,0.00036082999462647006,5,6.35423841097508e-06,5.327895933258674e-06,5,0.00013767439709329825,3.608299772966284e-05,5,0.00013897344306048205,3.661816021669278e-05,5,0.0002138038441822089,0.00018971016842625553,5,0.00521477361363138,0.001884088184406807,5,0.00526012519466864,0.0018967346622121772,5,0.00022533164378630001,4.498813157467065e-05,5,0.00022986328567728,6.1613283575876e-05,5,0.005415157177814081,0.0010471134545999657,5,0.09027777777777772,0.008505172717997134,5
all_fixes,short_mid_long,timestep_ce,30,0.022631605485726,0.012409641247411457,5,0.0005612721778271,0.0003180409226809934,5,0.0014936296720899,0.00037001865184167185,5,5.612721328561069e-06,3.180408967251179e-06,5,0.00014936297123004,3.700186462244327e-05,5,0.00015067020427712,3.681112904944398e-05,5,0.0005537387609734446,0.0008722409794290493,5,0.00942455051906262,0.0068008775247544425,5,0.00954639720937204,0.006968788874827157,5,0.00024474795306732,5.6566756116863775e-05,5,0.00026305891488668,7.238687501281498e-05,5,0.00580664142956648,0.001287893454273539,5,0.09583333333333328,0.016579633869879637,5
all_fixes,short_mid_long,whole_count_ce,1,0.1144910739322041,0.016924372231288894,5,0.00049669215002268,0.0001850778065790645,5,0.00242874603052284,0.0006302567222471941,5,4.966921483148222e-07,1.8507780402550802e-07,5,2.4287458557340082e-05,6.302566705990908e-06,5,2.444689969957393e-05,6.359753366039653e-06,5,4.408236414529179e-06,1.7595353151584061e-06,5,0.00021953390774266,8.546668535118918e-05,5,0.00022097912531236002,8.615451644101376e-05,5,3.095611274075898e-05,6.162027761491655e-06,5,0.00024067586210057998,6.693684617197122e-05,5,0.00776526341551394,0.001575621266601755,5,0.09166666666666662,0.005810139073153308,5
all_fixes,short_mid_long,whole_count_ce,2,0.04466842122305782,0.008550106964648117,5,0.00036633782249824,0.00017480640041171654,5,0.0020471823055891797,0.0005844945775364489,5,7.326756838278728e-07,3.4961282646570337e-07,5,4.094364114452247e-05,1.168988860935096e-05,5,4.117754039066025e-05,1.1756575990928299e-05,5,1.6949296582801436e-05,8.641824928916383e-06,5,0.0009279694359834599,0.00022947773314263366,5,0.00093330814417478,0.00023094398067040212,5,5.6512220651479324e-05,9.64908910757661e-06,5,0.00023196990497367998,6.739302423046388e-05,5,0.006954347174582561,0.0011746610979839827,5,0.09166666666666663,0.011410886614690974,5
all_fixes,short_mid_long,whole_count_ce,5,0.03753104943934446,0.010688779356115402,5,0.00040563413974306005,0.0001970729274490075,5,0.00168972382535308,0.0003984425862421143,5,2.0281705602328577e-06,9.85364538665417e-07,5,8.448619529799451e-05,1.9922131119540413e-05,5,8.503858343657888e-05,2.0188504372494684e-05,5,5.701222089359492e-05,3.3685413668674104e-05,5,0.00233809170969736,0.0005499914617083309,5,0.00235275034331038,0.0005530193384214897,5,0.00014987839977548002,2.7114060023456855e-05,5,0.00025897801097262004,7.353229649028312e-05,5,0.007236418241182879,0.0012461179531753123,5,0.08749999999999995,0.006211299937499413,5
all_fixes,short_mid_long,whole_count_ce,10,0.047630684387324464,0.011331046408081288,5,0.0005747082468958,0.00020270250959423508,5,0.00250737581316426,0.0006192808816988369,5,5.747082026581313e-06,2.0270249667822764e-06,5,0.00025073757621382,6.192808633199015e-05,5,0.00025248927939202,6.231491372086812e-05,5,0.0001228132139995744,3.469794839274644e-05,5,0.00541075510263126,0.0013463322681109278,5,0.0054475199590551995,0.0013497873450880596,5,0.00037869968951088,9.505447531020609e-05,5,0.00031963345149024,8.542660298634599e-05,5,0.00888303495653402,0.0020900701486877334,5,0.10039682539682535,0.006050774080149566,5
all_fixes,short_mid_long,whole_count_ce,20,0.037441162950085836,0.014040162394663096,5,0.0009620770294064201,0.0005533060388593844,5,0.00261673562626378,0.0006301634477485556,5,9.62076957211285e-06,5.53305987275625e-06,5,0.00026167356695118,6.301634986325296e-05,5,0.00026417559981617997,6.398839697243162e-05,5,0.000256036969601,0.00012823459557942442,5,0.007284084834433879,0.0012167873068046125,5,0.007351276746790899,0.0012191566464640122,5,0.00048137857553728,0.00011476238226201751,5,0.00037526747378818,7.3477006474518e-05,5,0.010708493600229161,0.0023257978227433124,5,0.11752645502645498,0.016503940212930994,5
all_fixes,short_mid_long,whole_count_ce,30,0.03511221712526642,0.013881154535113446,5,0.0008622191237661201,0.00027093653822557115,5,0.00267500386952324,0.0007987046327622697,5,8.622190556395563e-06,2.709365319520516e-06,5,0.00026750039272942,7.98704618868196e-05,5,0.00027003826798495997,8.035372225675662e-05,5,0.00026533034207828,0.00011570847458927818,5,0.007868485974062641,0.001917368416086558,5,0.007943281375431141,0.0019138860780455308,5,0.0005548562139841,0.00012824399314049524,5,0.00041123925384232003,6.935613416944769e-05,5,0.01191090855590366,0.002468967786701989,5,0.11038359788359783,0.008602334013028736,5
no_reg,mid_long,timestep_ce,1,1.0795072488855115,0.4710761648265657,5,18420.716740790464,8665.613174752974,5,0.02609033209438986,0.007784932435009921,5,0.0,0.0,5,0.0,0.0,5,0.0,0.0,5,0.0,0.0,5,0.0,0.0,5,0.0,0.0,5,0.0,0.0,5,4057.58194405692,2344.3458536811963,5,0.06627808475222517,0.019846474751620963,5,0.07428571428571425,0.008771322506525448,5
no_reg,mid_long,timestep_ce,2,0.19901295762759322,0.34394163631310537,5,14931.341284875769,7763.916443600194,5,0.02353291054839048,0.007347514184763321,5,0.0,0.0,5,0.0,0.0,5,0.0,0.0,5,0.0,0.0,5,0.0,0.0,5,0.0,0.0,5,0.0,0.0,5,3890.9411336192984,2359.314271798349,5,0.06039793068180803,0.01749847295558709,5,0.08817460317460313,0.005816233981485554,5
no_reg,mid_long,timestep_ce,5,0.015620977603911079,0.0032877057136419495,5,16759.025456183736,9927.020018551992,5,0.0214856696047842,0.004914013889705769,5,0.0,0.0,5,0.0,0.0,5,0.0,0.0,5,0.0,0.0,5,0.0,0.0,5,0.0,0.0,5,0.0,0.0,5,5076.605841810322,4149.628048721116,5,0.05969163121690842,0.017068160227533817,5,0.08202380952380947,0.0156705841743321,5
no_reg,mid_long,timestep_ce,10,0.06204564839288251,0.04288843930566156,5,20574.85146146306,18831.666201465403,5,0.020649348100461422,0.005850727680664477,5,0.0,0.0,5,0.0,0.0,5,0.0,0.0,5,0.0,0.0,5,0.0,0.0,5,0.0,0.0,5,0.0,0.0,5,5596.942307301191,5369.836300938779,5,0.05975240631327157,0.018154145054864818,5,0.10083333333333329,0.02136021209800491,5
no_reg,mid_long,timestep_ce,20,0.1129683762574785,0.0390049840605915,5,21600.64389629628,18891.342503425956,5,0.019945967612889682,0.002967614046576346,5,0.0,0.0,5,0.0,0.0,5,0.0,0.0,5,0.0,0.0,5,0.0,0.0,5,0.0,0.0,5,0.0,0.0,5,5823.747130402189,5700.6792949400515,5,0.062066048119544116,0.01818665610526545,5,0.16248677248677246,0.023037689972956323,5
no_reg,mid_long,timestep_ce,30,0.1549690317500933,0.06265962765308698,5,21471.233767132217,17607.564550398547,5,0.01904758094252198,0.003549604111255485,5,0.0,0.0,5,0.0,0.0,5,0.0,0.0,5,0.0,0.0,5,0.0,0.0,5,0.0,0.0,5,0.0,0.0,5,6109.764786181557,6291.123905544223,5,0.06441997389297882,0.018072649417143073,5,0.17900793650793645,0.018819107129374863,5
no_reg,mid_long,whole_count_ce,1,0.6276491276039927,0.4257293087307586,5,18420.716721213794,8665.613169071947,5,0.0260903318164842,0.007784931846808669,5,0.0,0.0,5,0.0,0.0,5,0.0,0.0,5,0.0,0.0,5,0.0,0.0,5,0.0,0.0,5,0.0,0.0,5,4043.8871562281493,2311.812049968974,5,0.06682126888309611,0.019616885716802628,5,0.08693843193843186,0.045516572436296365,5
no_reg,mid_long,whole_count_ce,2,0.14455378193333612,0.07825443481108195,5,14940.77432425079,7516.681040509868,5,0.02415218211234168,0.007726342713376127,5,0.0,0.0,5,0.0,0.0,5,0.0,0.0,5,0.0,0.0,5,0.0,0.0,5,0.0,0.0,5,0.0,0.0,5,3821.7993928420155,2185.758067165586,5,0.062104961622294765,0.016598720466965967,5,0.11582732082732079,0.0226134366093073,5
no_reg,mid_long,whole_count_ce,5,0.15543597854008198,0.06494707057967539,5,16175.964947131817,7283.3464174411965,5,0.023549265566401363,0.005301031862324445,5,0.0,0.0,5,0.0,0.0,5,0.0,0.0,5,0.0,0.0,5,0.0,0.0,5,0.0,0.0,5,0.0,0.0,5,4549.856835685375,2808.550579744206,5,0.06294462634266547,0.011637139121832733,5,0.13366402116402112,0.03906298203140342,5
no_reg,mid_long,whole_count_ce,10,0.23960305705120027,0.02759780985246507,5,20872.007318112494,13739.68348947032,5,0.022986564829934518,0.00457945988814936,5,0.0,0.0,5,0.0,0.0,5,0.0,0.0,5,0.0,0.0,5,0.0,0.0,5,0.0,0.0,5,0.0,0.0,5,5434.315394474102,3396.8314473971245,5,0.06931378023503358,0.011949777357374954,5,0.1533201058201058,0.033010643335388015,5
no_reg,mid_long,whole_count_ce,20,0.17236339005494558,0.04802025847627033,5,25246.025553361098,13721.105101222642,5,0.02299965798173232,0.0020926285452882673,5,0.0,0.0,5,0.0,0.0,5,0.0,0.0,5,0.0,0.0,5,0.0,0.0,5,0.0,0.0,5,0.0,0.0,5,6359.553221731793,3003.1445083373114,5,0.0773192678281649,0.009387266170195521,5,0.24438071188071184,0.029839880955433253,5
no_reg,mid_long,whole_count_ce,30,0.16345240508670228,0.03980355553860263,5,27532.78190155078,7211.182840009481,5,0.02351239158532446,0.0016738486012299848,5,0.0,0.0,5,0.0,0.0,5,0.0,0.0,5,0.0,0.0,5,0.0,0.0,5,0.0,0.0,5,0.0,0.0,5,7109.7707669125175,2468.079755850265,5,0.08498705284166662,0.008247450471709904,5,0.2990921115921116,0.038173431687653615,5
no_reg,short_mid,timestep_ce,1,0.01847812492319128,0.005604528432330396,5,56.458868033326965,18.31790024213568,5,0.0011447735670460399,0.00033880432956336965,5,0.0,0.0,5,0.0,0.0,5,0.0,0.0,5,0.0,0.0,5,0.0,0.0,5,0.0,0.0,5,0.0,0.0,5,26.130425440382833,3.2390440724390266,5,0.0016691291750057,0.00036025601039750327,5,0.0833333333333333,0.0,5
no_reg,short_mid,timestep_ce,2,0.0035168942889693003,0.003954728532400781,5,50.314309848772254,19.616544726325497,5,0.0009055833044608801,0.0002994628043093649,5,0.0,0.0,5,0.0,0.0,5,0.0,0.0,5,0.0,0.0,5,0.0,0.0,5,0.0,0.0,5,0.0,0.0,5,26.154824682685472,3.61379102561536,5,0.00152922729797668,0.0003481951669761827,5,0.0833333333333333,0.0,5
no_reg,short_mid,timestep_ce,5,0.00615733020985764,0.0033869473191638446,5,53.83277202586371,18.809279128402267,5,0.0008934435466634201,0.00042828592782735004,5,0.0,0.0,5,0.0,0.0,5,0.0,0.0,5,0.0,0.0,5,0.0,0.0,5,0.0,0.0,5,0.0,0.0,5,29.69211019230381,5.020600041004169,5,0.0017032972326892,0.0004248209928953813,5,0.0833333333333333,0.0,5
no_reg,short_mid,timestep_ce,10,0.013147217436858122,0.0062739293909054835,5,88.50013920935508,55.54171710749703,5,0.00146360754146954,0.0010229678122836555,5,0.0,0.0,5,0.0,0.0,5,0.0,0.0,5,0.0,0.0,5,0.0,0.0,5,0.0,0.0,5,0.0,0.0,5,37.96074409156576,10.765587390659352,5,0.0025196669466966,0.0008961139021259992,5,0.08611111111111108,0.006211299937499418,5
no_reg,short_mid,timestep_ce,20,0.02386751309576914,0.006242695510379112,5,178.78353342111237,89.60679458142438,5,0.0021937971513909795,0.0015037204781547903,5,0.0,0.0,5,0.0,0.0,5,0.0,0.0,5,0.0,0.0,5,0.0,0.0,5,0.0,0.0,5,0.0,0.0,5,54.26775852012963,18.895042081594575,5,0.0043726243516718204,0.0014062288294607646,5,0.09472222222222217,0.014143499575667743,5
no_reg,short_mid,timestep_ce,30,0.03659427552364974,0.01576075221722492,5,232.998839206704,124.0582254882341,5,0.00329305368789874,0.002153361889182721,5,0.0,0.0,5,0.0,0.0,5,0.0,0.0,5,0.0,0.0,5,0.0,0.0,5,0.0,0.0,5,0.0,0.0,5,79.56870998835605,23.20775609023378,5,0.007633480623127161,0.002043184796333981,5,0.11970899470899465,0.029217724868922542,5
no_reg,short_mid,whole_count_ce,1,0.009398957403005939,0.004488597893059423,5,56.458868033326965,18.31790024213568,5,0.0011447735670460399,0.00033880432956336965,5,0.0,0.0,5,0.0,0.0,5,0.0,0.0,5,0.0,0.0,5,0.0,0.0,5,0.0,0.0,5,0.0,0.0,5,26.479899532167103,3.4252103269258174,5,0.0017239344087084,0.00037895520060749594,5,0.0833333333333333,0.0,5
no_reg,short_mid,whole_count_ce,2,0.0044031372488847805,0.0035965232519795526,5,52.92670529317995,22.04716722936781,5,0.00096819064662942,0.0003236411536083603,5,0.0,0.0,5,0.0,0.0,5,0.0,0.0,5,0.0,0.0,5,0.0,0.0,5,0.0,0.0,5,0.0,0.0,5,27.16673752264394,4.066150373331801,5,0.00167296678112356,0.0003865756090711909,5,0.08472222222222218,0.0031056499687496892,5
no_reg,short_mid,whole_count_ce,5,0.008671285674834581,0.005847752409405623,5,63.772471484359244,25.176008827647333,5,0.0011234297423147201,0.000575701282642971,5,0.0,0.0,5,0.0,0.0,5,0.0,0.0,5,0.0,0.0,5,0.0,0.0,5,0.0,0.0,5,0.0,0.0,5,33.24740603474864,5.262349596686692,5,0.00219152699835376,0.0004825359132398266,5,0.08611111111111105,0.0038036288715636354,5
no_reg,short_mid,whole_count_ce,10,0.02638794512654208,0.016656694489324973,5,135.0423473871208,83.11772453379191,5,0.0023724985778242396,0.0014993188608923237,5,0.0,0.0,5,0.0,0.0,5,0.0,0.0,5,0.0,0.0,5,0.0,0.0,5,0.0,0.0,5,0.0,0.0,5,56.32988253608219,16.07973219062996,5,0.0047487444504005,0.0018040847545594885,5,0.08511904761904758,0.009577395544561237,5
no_reg,short_mid,whole_count_ce,20,0.0482546289315963,0.019949457282778176,5,544.7115131046897,230.49348042894678,5,0.00577906063284048,0.003047966139010351,5,0.0,0.0,5,0.0,0.0,5,0.0,0.0,5,0.0,0.0,5,0.0,0.0,5,0.0,0.0,5,0.0,0.0,5,161.53267982995038,52.13418581401542,5,0.014852310930941321,0.004697515612787686,5,0.15645502645502643,0.03366488522918904,5
no_reg,short_mid,whole_count_ce,30,0.08639755108566068,0.0263845229305289,5,1090.3630750648522,282.8828496842143,5,0.009066755957053621,0.002864591085121222,5,0.0,0.0,5,0.0,0.0,5,0.0,0.0,5,0.0,0.0,5,0.0,0.0,5,0.0,0.0,5,0.0,0.0,5,341.88912043087254,76.80861778674355,5,0.02826285464063972,0.004773515354119486,5,0.18832010582010578,0.013292712989111782,5
no_reg,short_mid_long,timestep_ce,1,0.15227410361740065,0.03825116724107744,5,3123.688610226125,2084.1155641509213,5,0.00242874603052284,0.0006302567222471941,5,0.0,0.0,5,0.0,0.0,5,0.0,0.0,5,0.0,0.0,5,0.0,0.0,5,0.0,0.0,5,0.0,0.0,5,795.1515711904187,308.42888479202026,5,0.00740367259762908,0.0013731644922159148,5,0.08888888888888884,0.00905444778500366,5
no_reg,short_mid_long,timestep_ce,2,0.05268661401882624,0.015999965381220303,5,2367.649666900995,2733.375091314503,5,0.0019102739605472599,0.0003067560247697662,5,0.0,0.0,5,0.0,0.0,5,0.0,0.0,5,0.0,0.0,5,0.0,0.0,5,0.0,0.0,5,0.0,0.0,5,747.6247249609837,320.72973711747494,5,0.00629891486864102,0.0011689750039267353,5,0.08472222222222218,0.0031056499687496897,5
no_reg,short_mid_long,timestep_ce,5,0.01586296171702754,0.010505498542657667,5,2349.6044876564088,1380.1670910163875,5,0.0015188690669725399,0.0002914330738107483,5,0.0,0.0,5,0.0,0.0,5,0.0,0.0,5,0.0,0.0,5,0.0,0.0,5,0.0,0.0,5,0.0,0.0,5,1002.8913046897585,549.6240232087546,5,0.00622663405393654,0.0015595547066822282,5,0.08888888888888884,0.005810139073153302,5
no_reg,short_mid_long,timestep_ce,10,0.03152019222808478,0.01799062011761144,5,3610.3135252858992,3055.874452202397,5,0.0018962140173992802,0.0003729686830348219,5,0.0,0.0,5,0.0,0.0,5,0.0,0.0,5,0.0,0.0,5,0.0,0.0,5,0.0,0.0,5,0.0,0.0,5,1191.3189925911095,602.1446330185413,5,0.00664279670005726,0.001470481596081547,5,0.0916666666666666,0.0076072577431273,5
no_reg,short_mid_long,timestep_ce,20,0.02464605209670294,0.004162641042827013,5,6604.821230828777,5003.489545101017,5,0.0018661255311780201,0.0004255666654303526,5,0.0,0.0,5,0.0,0.0,5,0.0,0.0,5,0.0,0.0,5,0.0,0.0,5,0.0,0.0,5,0.0,0.0,5,1575.7924439999817,567.5170553295759,5,0.00818784070055344,0.001253807338552151,5,0.09999999999999996,0.012615209808739564,5
no_reg,short_mid_long,timestep_ce,30,0.038429165529301076,0.00815735936793733,5,7941.308642177566,2657.8279218734574,5,0.00227895598585256,0.0005674297297275346,5,0.0,0.0,5,0.0,0.0,5,0.0,0.0,5,0.0,0.0,5,0.0,0.0,5,0.0,0.0,5,0.0,0.0,5,1835.6505173806277,657.2828120742921,5,0.009658347598394021,0.002006378218085611,5,0.1101190476190476,0.030801933921150843,5
no_reg,short_mid_long,whole_count_ce,1,0.1144910739322041,0.016924372231288894,5,3123.688610226125,2084.1155641509213,5,0.00242874603052284,0.0006302567222471941,5,0.0,0.0,5,0.0,0.0,5,0.0,0.0,5,0.0,0.0,5,0.0,0.0,5,0.0,0.0,5,0.0,0.0,5,842.8698928412799,304.410781644318,5,0.00779101189535278,0.00160807323798833,5,0.09027777777777775,0.006944444444444446,5
no_reg,short_mid_long,whole_count_ce,2,0.04959220949152282,0.014482079144091671,5,2667.3148556866117,2758.55236854952,5,0.00212617644658228,0.0006075566677350721,5,0.0,0.0,5,0.0,0.0,5,0.0,0.0,5,0.0,0.0,5,0.0,0.0,5,0.0,0.0,5,0.0,0.0,5,815.4636441754392,312.0651163305674,5,0.00706967728231708,0.0013405847194789275,5,0.08888888888888884,0.005810139073153302,5
no_reg,short_mid_long,whole_count_ce,5,0.03188062984806622,0.008891413839960564,5,2987.669650399258,2105.4832284187873,5,0.00172680066040942,0.0003865873497950901,5,0.0,0.0,5,0.0,0.0,5,0.0,0.0,5,0.0,0.0,5,0.0,0.0,5,0.0,0.0,5,0.0,0.0,5,1111.5728130977454,477.70579151530524,5,0.007553224003330321,0.0011821800177259356,5,0.09345238095238093,0.01898447702336951,5
no_reg,short_mid_long,whole_count_ce,10,0.04479715472349618,0.015541597160412856,5,4491.749154677022,2642.859893425294,5,0.0024573656856106,0.0006143902411610186,5,0.0,0.0,5,0.0,0.0,5,0.0,0.0,5,0.0,0.0,5,0.0,0.0,5,0.0,0.0,5,0.0,0.0,5,1508.7798820771366,487.814509402754,5,0.009463576924716161,0.001422251980131754,5,0.10595238095238091,0.015375383941316986,5
no_reg,short_mid_long,whole_count_ce,20,0.04842705180605312,0.01570200840649918,5,9845.71232094822,6585.807081834764,5,0.00314030454736662,0.0008092063326220208,5,0.0,0.0,5,0.0,0.0,5,0.0,0.0,5,0.0,0.0,5,0.0,0.0,5,0.0,0.0,5,0.0,0.0,5,2480.3935246426554,1097.0103630425317,5,0.013736339766217959,0.001577121364788228,5,0.12202380952380946,0.009226723828243182,5
no_reg,short_mid_long,whole_count_ce,30,0.04882320880292082,0.020088244335848358,5,12532.284147417095,4358.544320716948,5,0.00379639663320224,0.0010905634209914064,5,0.0,0.0,5,0.0,0.0,5,0.0,0.0,5,0.0,0.0,5,0.0,0.0,5,0.0,0.0,5,0.0,0.0,5,3471.8847795969036,1580.6671865004378,5,0.0180493904579039,0.002305412607840735,5,0.13519841269841265,0.019157154463682144,5
original_reg,mid_long,timestep_ce,1,1.079507272606919,0.47107619178150983,5,18420.716721213794,8665.613169071947,5,0.026090331663250938,0.007784931904600982,5,184.20716322127043,86.65614080949251,5,0.00260903319186608,0.0007784930944152468,5,184.20784178664098,86.65614226386218,5,190.85177577251034,108.97753103850812,5,0.00257125020336052,0.0005327225605952265,5,190.85245830366156,108.97759201007571,5,9.98217029330134,4.426950569418938,5,3232.001305795167,1867.7483462219166,5,0.06314034271286398,0.019789226144245393,5,0.06490740740740734,0.017971513031663146,5
original_reg,mid_long,timestep_ce,2,0.4513014569864759,0.35518137239060105,5,8578.795839132556,4896.17578453863,5,0.025173972478445977,0.009763854127903034,5,85.7879548259676,48.96175519265937,5,0.00251739718840194,0.0009763852509804848,5,85.7886191572646,48.96182959153632,5,238.96381220191697,140.90463283756048,5,0.00770972431545658,0.0035391529795793246,5,238.96585110207684,140.90488678799284,5,5.100263446369831,2.685439971768535,5,1418.4697472892408,867.0740177616692,5,0.04776388923934112,0.016668025855557895,5,0.07347883597883592,0.014726565387595095,5
original_reg,mid_long,timestep_ce,5,0.0797662113701247,0.1271141434266172,5,1199.362135732619,658.5974423345048,5,0.01680188796252286,0.006766585944164095,5,11.993621545791985,6.585974668985193,5,0.00168018884993348,0.0006766587054387826,5,11.994131424114013,6.58611761502795,5,372.1713547400219,254.48191401263057,5,0.05765577549625948,0.0350373952010514,5,372.18871143432057,254.4907002584559,5,1.2987377002202056,0.7325690662854621,5,326.21486221287216,187.61465869880695,5,0.02546434377363384,0.011369517214845809,5,0.07488095238095234,0.02660232636352741,5
original_reg,mid_long,timestep_ce,10,0.01563170181536732,0.005721470725666945,5,444.688511416501,253.65342239658779,5,0.00964088994925994,0.004780483848506867,5,4.446885027129351,2.5365342047903403,5,0.0009640890018539599,0.0004780484101924791,5,4.447316624328575,2.5366874290726904,5,271.7023031085917,88.97085284622274,5,0.06271949299863938,0.019489502970602212,5,271.73197505512104,88.97365747518666,5,0.4003972963556083,0.21893019126058158,5,99.43101216774184,54.38080979686111,5,0.01181698094607806,0.006093249782256363,5,0.07996031746031743,0.005230724732723836,5
original_reg,mid_long,timestep_ce,20,0.00518739999319312,0.0034199324923678384,5,163.65011546244767,96.06478642612457,5,0.0052850471524671806,0.0029030590277907276,5,1.6365011562735756,0.9606478891264902,5,0.00052850473647474,0.00029030592907658404,5,1.636769093206297,0.9607851597928834,5,364.97644163944983,209.16592764475106,5,0.1222938807106703,0.07569460805601166,5,365.0370369040549,209.19963095885782,5,0.15038714843840725,0.06379042618513846,5,37.31872284276965,15.833759721903073,5,0.00507745358322722,0.0025075863518246996,5,0.08373015873015868,0.007703678039014736,5
original_reg,mid_long,timestep_ce,30,0.0107777190969639,0.008094981045553949,5,84.87578625829528,39.07916369266704,5,0.0033143960147524396,0.0015885601864041032,5,0.848757814618845,0.3907915836388126,5,0.00033143961667402,0.00015885603337496783,5,0.8489193646466899,0.3908737070536759,5,128.62484841246686,102.34780499429269,5,0.050854146658946844,0.04002641591114079,5,128.65160514432313,102.37354212388783,5,0.08658980784474819,0.03160060489221831,5,21.469847231354443,7.817175630150434,5,0.00279278934415484,0.001333965146095305,5,0.09166666666666662,0.015055196797693599,5
original_reg,mid_long,whole_count_ce,1,0.6276491305742011,0.4257293056257135,5,18420.716740790464,8665.613174752974,5,0.02609033209438986,0.007784932435009921,5,184.20716026334384,86.65614162579371,5,0.00260903318604104,0.0007784931005634337,5,184.20784156571537,86.6561424987296,5,393.4339908680783,243.06930021335043,5,0.00539961608310664,0.0029029525805152525,5,393.43544602545836,243.06989816135703,5,11.76124150177626,5.681378863501544,5,3231.974166938401,1867.6886772330802,5,0.06314521173973806,0.019792754166489065,5,0.060549543049543006,0.023570839751342422,5
original_reg,mid_long,whole_count_ce,2,0.22309544252515717,0.2201298578634644,5,8578.68437021521,4895.846517869163,5,0.025191112291958077,0.009767068584002453,5,85.78684142871678,48.95846510187357,5,0.0025191111748865203,0.0009767067710146893,5,85.78750287153102,48.95853700774069,5,496.41464322762187,303.0286252148633,5,0.0162121030649988,0.008005380970125008,5,496.41909733914616,303.0296015767181,5,5.525378403673353,3.168428082721529,5,1418.457297020812,867.0858397970466,5,0.04776915282447035,0.016667182188403323,5,0.07970899470899466,0.02146285796432675,5
original_reg,mid_long,whole_count_ce,5,0.08272372760362731,0.061555611059855825,5,1199.0516061558558,658.2937510622274,5,0.01679199609732384,0.006760724613372437,5,11.99051544916243,6.582936818176172,5,0.0016791996767939598,0.0006760725136707474,5,11.991027516830599,6.583081733001968,5,163.12098364582897,52.145008490198805,5,0.025697551359449698,0.010581032109435881,5,163.12917028067082,52.148977709953755,5,1.3194198438906544,0.759950399342363,5,326.19369538614137,187.57159026814026,5,0.025466431194528398,0.011365805778827105,5,0.09436507936507932,0.022326763031005635,5
original_reg,mid_long,whole_count_ce,10,0.051409821970023514,0.036689832268879057,5,445.183195676536,254.96208650375132,5,0.009610786447997479,0.004780551841396359,5,4.451831986247845,2.5496209435932835,5,0.00096107867477308,0.00047805518826063534,5,4.452260888232876,2.549777498691715,5,95.12053276671622,36.98989526711366,5,0.0217505739760893,0.007584949576628268,5,95.12998348067647,36.9907925862271,5,0.406415602604907,0.22703235004319663,5,99.4593783367111,54.477579392656416,5,0.01181724592097572,0.006098085126876891,5,0.10626984126984122,0.01846069960979659,5
original_reg,mid_long,whole_count_ce,20,0.03486666485754752,0.028569821517616265,5,163.55622496397308,95.69505288755605,5,0.00528496973443826,0.0028851024967033274,5,1.6355621834381022,0.956950491060519,5,0.00052849696623314,0.00028851024798711355,5,1.6358311583460572,0.9570873702488351,5,67.15336878512828,40.11730276801407,5,0.024328077696739538,0.018786756637869127,5,67.16680664845451,40.12988292025867,5,0.15284919186798682,0.06643640048690838,5,37.318484378230345,15.827751276531604,5,0.0050810644546565005,0.0025093259256176044,5,0.10980158730158726,0.03041628485248923,5
original_reg,mid_long,whole_count_ce,30,0.02418962958016194,0.014344300924582812,5,84.97782613371511,39.00154049163263,5,0.0032600109119966794,0.0015826217373301425,5,0.8497782461133422,0.3900154189542936,5,0.00032600110274398,0.00015826219479722246,5,0.8499373040798174,0.39009571133440013,5,41.86927195480442,23.824081220786763,5,0.01654312573809378,0.011077630024367017,5,41.87752326589122,23.82996323712814,5,0.08773896856851368,0.032679504204237854,5,21.48928250232375,7.825784041464954,5,0.0028020429460006,0.00133539933795942,5,0.09384920634920632,0.012580053558847129,5
original_reg,short_mid,timestep_ce,1,0.0184781251217546,0.005604528333954026,5,56.45886810987308,18.31790036372496,5,0.00114477354052774,0.0003388043052471099,5,0.5645886570620157,0.1831789967882749,5,0.00011447736669030256,3.388043313445503e-05,5,0.5646494259145614,0.18319205879613826,5,31.802637874071742,10.300964401648885,5,0.00646585574842462,0.0020784582802998637,5,31.806036587597543,10.30186138249725,5,0.08775810864580846,0.010906035777476323,5,21.87090530362679,2.731413450678656,5,0.00148061440513014,0.0003265027377210141,5,0.0833333333333333,0.0,5
original_reg,short_mid,timestep_ce,2,0.00291460868214522,0.003300099544267095,5,30.850442019938008,8.847517943636833,5,0.00064612865645242,0.00020542779544644254,5,0.3085044113416877,0.08847517467301233,5,6.461286672918217e-05,2.0542780444280956e-05,5,0.30853754377009757,0.08848750359323829,5,319.05668412064387,422.5882397468298,5,0.06982500065861956,0.09672561116368905,5,319.098002358944,422.6545470375245,5,0.05190020403166874,0.005495708030136018,5,12.901277985958552,1.3674120248015122,5,0.00087463345214128,0.00018659367339662588,5,0.0833333333333333,0.0,5
original_reg,short_mid,timestep_ce,5,0.00285900286191246,0.0011334572690936075,5,10.675794850743982,1.5310289831989,5,0.00029326335999798,0.00010879278163617856,5,0.10675794759005167,0.015310289031364338,5,2.9326336773307717e-05,1.087927822012848e-05,5,0.10676922767595906,0.015314698283072112,5,42.55229730164471,18.085917645754414,5,0.010755788323837358,0.0025925245381484673,5,42.55664251355795,18.087503052442628,5,0.01836689016795728,0.001763690356266275,5,4.560368129103196,0.4374873345464807,5,0.00039485231333168,0.00010499675422113838,5,0.0833333333333333,0.0,5
original_reg,short_mid,timestep_ce,10,9.351857578141694e-05,0.00010067619107820534,5,4.322288644615366,0.7858867676955683,5,0.00019773890697618001,8.409844778537202e-05,5,0.043222886735144336,0.007858868793189304,5,1.977389060192472e-05,8.409844667364107e-06,5,0.04323043662969876,0.007862965636787272,5,821.7556453859746,586.4216172356822,5,0.3156006042880192,0.15175294763117383,5,821.858246168156,586.4676896387668,5,0.00824112639673822,0.000615506120278789,5,2.046041950342372,0.15279668671068575,5,0.0001759483842986,2.8858644195003307e-05,5,0.0833333333333333,0.0,5
original_reg,short_mid,timestep_ce,20,0.000881217682370185,0.00184778321312952,5,1.7458270199630672,0.5234713259911506,5,0.00015320644066038,2.8252080985598798e-05,5,0.01745826952668618,0.005234712761988505,5,1.5320644028089802e-05,2.825208036136948e-06,5,0.01746256115247542,0.0052358001216614635,5,424.74929308178264,487.08514105587307,5,0.4033562712099025,0.5002827746909541,5,424.87356807284215,487.28084154876456,5,0.004451634173517681,0.0001493297544123235,5,1.1054046416241619,0.037123593045631766,5,7.286767681488341e-05,8.719027334540126e-06,5,0.0833333333333333,0.0,5
original_reg,short_mid,timestep_ce,30,2.9843241679177226e-05,1.717733119789213e-05,5,1.0376877510012341,0.21922634405917374,5,0.00013077298107994,1.3057381622549532e-05,5,0.010376877046038,0.0021922632202738836,5,1.3077298623737367e-05,1.3057385542984077e-06,5,0.01037913331799664,0.002192616591592289,5,420.53648790240925,178.7879433582959,5,0.5500811500425058,0.252210022115266,5,420.62737096501513,178.81911592410387,5,0.0032015229857116,3.8072633331788425e-05,5,0.7951076723827553,0.009507623575996816,5,4.183413365136182e-05,5.346268880799342e-06,5,0.0833333333333333,0.0,5
original_reg,short_mid,whole_count_ce,1,0.009398957403148538,0.004488597771512899,5,56.45886810987308,18.31790036372496,5,0.00114477354052774,0.0003388043052471099,5,0.5645886570620157,0.1831789967882749,5,0.00011447736669030256,3.388043313445503e-05,5,0.5646494259145614,0.18319205879613826,5,80.16467131340696,57.96513020729667,5,0.01638588910483062,0.012861171948988353,5,80.17369377301722,57.97318901488173,5,0.08802136288431738,0.010958842066602609,5,21.87066485656108,2.730509011997286,5,0.00148083772249804,0.00032678639464437824,5,0.0833333333333333,0.0,5
original_reg,short_mid,whole_count_ce,2,0.0023186782365089203,0.002495500572876973,5,30.8513213853936,8.846953560206977,5,0.00064622777244324,0.00020557781314069787,5,0.30851320948176875,0.08846953286529641,5,6.462277849485108e-05,2.0557781746845477e-05,5,0.30854635228027644,0.08848186324785814,5,455.5969587501988,485.0677287555794,5,0.09678088286844175,0.10444638154546805,5,455.6455052587702,485.11885726923623,5,0.05195140726493218,0.005505971560385579,5,12.900691930603449,1.367171339317208,5,0.00087483211238334,0.0001868765270473123,5,0.0833333333333333,0.0,5
original_reg,short_mid,whole_count_ce,5,0.00328900158566798,0.003962791217326052,5,10.676227824866352,1.53293668304039,5,0.00029520481069026,0.00010964915321676963,5,0.10676227671555834,0.01532936782564756,5,2.952048200086856e-05,1.0964915818157547e-05,5,0.10677367386843692,0.015333894931138129,5,163.9859382915894,138.53955231405786,5,0.03969495646090806,0.03261328251722959,5,164.0021532194651,138.55259781047556,5,0.01837087776251628,0.0017730506995429275,5,4.559757414208837,0.43924633790690054,5,0.00039605229830438004,0.00010551048793716911,5,0.0833333333333333,0.0,5
original_reg,short_mid,whole_count_ce,10,0.0001508420696923998,0.00021598373566388994,5,4.33278202469008,0.8032266077218122,5,0.00019975720906866,8.806889025070659e-05,5,0.04332781781322536,0.008032266332356213,5,1.9975720444832302e-05,8.806888105815387e-06,5,0.043335575186204976,0.008036744188123248,5,774.7345894112584,689.121933544588,5,0.29341815373943386,0.19940022932472792,5,774.8353066895015,689.1997990211786,5,0.00824458791229416,0.0006124583772596604,5,2.046740469259567,0.15218970405996213,5,0.00017619131749548,2.924294573174024e-05,5,0.0833333333333333,0.0,5
original_reg,short_mid,whole_count_ce,20,0.0009413202697231739,0.001852681726098145,5,1.7414174664358275,0.5081049414709927,5,0.00015211567215082,2.576425216897169e-05,5,0.01741417467849366,0.005081049410572353,5,1.5211567457916879e-05,2.5764254068217753e-06,5,0.017418476610432,0.00508212300383453,5,304.6370975799638,371.75317646932075,5,0.2685208257979668,0.3626931568033493,5,304.72663011628157,371.8882627080758,5,0.00445189035603992,0.00014867382660365514,5,1.1053568061575834,0.03702228425076958,5,7.316013393869942e-05,8.741934829669583e-06,5,0.0833333333333333,0.0,5
original_reg,short_mid,whole_count_ce,30,3.0063864570017344e-05,2.026021594413001e-05,5,1.0377705082447608,0.21612962654655368,5,0.00013139575457434,1.3742943826579256e-05,5,0.01037770486421656,0.0021612961861137317,5,1.3139575917352281e-05,1.374294372251776e-06,5,0.01037997543106842,0.0021616186988361917,5,468.28640978353013,263.44997900035355,5,0.6106361810336007,0.3518851510206259,5,468.38682597881626,263.49890313107386,5,0.00320222224204854,3.539473669549541e-05,5,0.7952061559780534,0.008850885985985638,5,4.244659670953508e-05,5.451088449168828e-06,5,0.0833333333333333,0.0,5
original_reg,short_mid_long,timestep_ce,1,0.15227410322242707,0.03825116670088407,5,3123.6886135438463,2084.115571523787,5,0.00242874604752576,0.000630256679803009,5,31.236883043876894,20.841152411752297,5,0.00024287462072448003,6.302567547439053e-05,5,31.2369486694099,20.84115847315131,5,193.56057959152093,103.00594734614081,5,0.0016232529013795003,0.00039469924391686407,5,193.56103870048247,103.00598811802335,5,2.0380282412174995,0.6400139556545191,5,529.0794053607881,168.8223358860675,5,0.006654680158026,0.0013974750226744377,5,0.08472222222222218,0.003105649968749689,5
original_reg,short_mid_long,timestep_ce,2,0.06933747917254514,0.01608109797130339,5,672.0381270784804,542.8563646796803,5,0.0017362347974823201,0.0003814469639113673,5,6.720380975828419,5.428563227602426,5,0.00017362348603882,3.8144694667851406e-05,5,6.720422410655038,5.4285427078399415,5,92.07291074853826,56.46555134914393,5,0.00252092940534492,0.00033120218886284925,5,92.07353965835716,56.465201109609154,5,0.5570984402624061,0.15994438446664955,5,140.19446940528752,40.3598241675921,5,0.00391004701868726,0.0008005693211032128,5,0.08472222222222218,0.003105649968749689,5
original_reg,short_mid_long,timestep_ce,5,0.01816807775208888,0.006105473206975758,5,128.29219079698973,89.79607303720461,5,0.000758040648279,0.000293834740833943,5,1.2829218552581143,0.8979606861964072,5,7.580406697732979e-05,2.938347731818125e-05,5,1.2829407818221665,0.8979576391103761,5,64.28781541926433,36.78635075271529,5,0.0041450532267946994,0.0007520423765015388,5,64.28900447089568,36.78572555782675,5,0.0991267228263785,0.034006924134843804,5,24.657176071354115,8.471059620764532,5,0.00162143823003938,0.0003805099659768127,5,0.0833333333333333,0.0,5
original_reg,short_mid_long,timestep_ce,10,0.0056238702606773005,0.00456617780946428,5,21.549992669949773,12.894354999912302,5,0.00051179698867998,0.0003424448566619684,5,0.21549991253038353,0.128943541393568,5,5.117970070955351e-05,3.4244489212465174e-05,5,0.21553280945441822,0.12896334677609514,5,121.13401155913171,182.62434838334656,5,0.0411741900069044,0.07140406573157429,5,121.15738241518117,182.66333625156287,5,0.02881061989790674,0.008755650137359213,5,7.152893030089478,2.175350562775605,5,0.0007597176276727599,0.00016874390906188974,5,0.0833333333333333,0.0,5
original_reg,short_mid_long,timestep_ce,20,0.001503470012072946,0.0021575265080023237,5,33.655312311878916,43.71834220874704,5,0.0004097548344945,0.000218536015046017,5,0.3365530689377421,0.43718332502495016,5,4.097548431367943e-05,2.185360309182482e-05,5,0.3365679172794439,0.43718505871322555,5,597.412288239565,554.4832443810286,5,0.15177640160757436,0.15815911457408138,5,597.4939576712486,554.5400692043244,5,0.010673163094178201,0.002295118455750858,5,2.648574146715581,0.5698912128387039,5,0.00034275295994755996,7.093971246057699e-05,5,0.0833333333333333,0.0,5
original_reg,short_mid_long,timestep_ce,30,0.0006964502347713712,0.0004637617712456068,5,9.865420897548368,6.060071691672306,5,0.00034890033921678,0.00011595584480817208,5,0.09865420339004384,0.060600716543149,5,3.48900345560013e-05,1.1595584096738548e-05,5,0.09867319600862971,0.06060125957717762,5,265.81379462145566,275.0321923005308,5,0.10217576788254985,0.10734424747190725,5,265.8767240254014,275.1042066506657,5,0.00667569407290506,0.0008234207313361093,5,1.6564016605613563,0.20439205121575724,5,0.00021195207931016,3.836826303615155e-05,5,0.0833333333333333,0.0,5
original_reg,short_mid_long,whole_count_ce,1,0.11449108009792315,0.01692437163356002,5,3123.6886135438463,2084.115571523787,5,0.00242874604752576,0.000630256679803009,5,31.236883043876894,20.841152411752297,5,0.00024287462072448003,6.302567547439053e-05,5,31.2369486694099,20.84115847315131,5,289.07753149307507,227.97357442034203,5,0.00219533929954198,0.0008546670233483448,5,289.07813699236243,227.97377163656648,5,2.10319601848343,0.6684941383815459,5,529.003194751838,168.71445291642735,5,0.00665437368461264,0.0013975462715093527,5,0.08611111111111105,0.0038036288715636367,5
original_reg,short_mid_long,whole_count_ce,2,0.04793640520821118,0.01298076852589483,5,671.9018480094587,542.9363461282607,5,0.00174214466917428,0.0003796281485281919,5,6.719018202673077,5.429363337642181,5,0.00017421447465284,3.796281803182091e-05,5,6.719059728405466,5.429342829649212,5,136.0108607361777,96.93327102090224,5,0.0038664744066819598,0.0013282423743378347,5,136.01184798991235,96.93283377551404,5,0.5635363224720279,0.16268263017609508,5,140.16530908791415,40.393836000753666,5,0.003910155227029441,0.0008005247921238934,5,0.08472222222222218,0.003105649968749689,5
original_reg,short_mid_long,whole_count_ce,5,0.01584472905376912,0.01035752958672941,5,130.33124493419547,91.81121594917258,5,0.0007885338707560599,0.00032365091550584435,5,1.303312370086824,0.9181121447141336,5,7.88533876658983e-05,3.2365089544882454e-05,5,1.3033338455961432,0.9181121659511687,5,85.81646941820188,41.495892325852765,5,0.00747941576092036,0.005030514055168826,5,85.81963528636166,41.495377848449216,5,0.09911550621767919,0.03274640296292526,5,24.60511094526662,8.133886696600488,5,0.00161223506304292,0.0003746094203677696,5,0.0833333333333333,0.0,5
original_reg,short_mid_long,whole_count_ce,10,0.00578475867220706,0.005049843973135428,5,19.349862125986867,11.977990378622762,5,0.00047676983674015995,0.0002580793127027256,5,0.19349859660233695,0.11977988712921403,5,4.7676985366366697e-05,2.5807935894759113e-05,5,0.19352758394803266,0.11979331534610582,5,65.31120640063479,60.54979584539224,5,0.01840603937243452,0.016337557083407808,5,65.32088093677747,60.556121365192155,5,0.02804723141998124,0.00787868149506396,5,6.957146876157869,1.9557498859707052,5,0.0007616599039177001,0.00014859446951126656,5,0.0833333333333333,0.0,5
original_reg,short_mid_long,whole_count_ce,20,0.0063897176829946865,0.007449904995833124,5,28.329135961759572,27.87197727947173,5,0.00042514682526388,0.00022032436185234896,5,0.2832913590522948,0.2787197845234773,5,4.2514682925752725e-05,2.2032435146369067e-05,5,0.28330828561074,0.2787221678181729,5,318.13025129381197,554.3496137661999,5,0.10991723049616473,0.20353224787638763,5,318.19681217253657,554.4782017454146,5,0.01064360258896182,0.0021093736321755553,5,2.6382501137646464,0.5221749961538034,5,0.00034616898284742004,6.029297551930858e-05,5,0.0833333333333333,0.0,5
original_reg,short_mid_long,whole_count_ce,30,0.00189506148244136,0.002393047685755883,5,8.430689252167362,4.943555887397691,5,0.00034451042778830003,0.00015275769204322104,5,0.0843068881892027,0.049435560196880744,5,3.445104518703782e-05,1.5275769529087776e-05,5,0.08432828867694406,0.049443172252965836,5,98.81420232783769,81.15822147975682,5,0.0446643899744591,0.03737125208144825,5,98.84230013009942,81.18008404008712,5,0.00669438390016702,0.001079989396935273,5,1.6595701716237552,0.26780205380442135,5,0.00021055349000004,3.8279253465587295e-05,5,0.0833333333333333,0.0,5
tau_gain_norm,mid_long,timestep_ce,1,1.079507261092043,0.4710761901408244,5,16.383677538978283,7.467704911845731,5,0.0260903318164842,0.007784931846808669,5,0.1638367714929661,0.07467704957930046,5,0.0026090331893954,0.0007784930956383844,5,0.16465235137843198,0.07470986962452353,5,0.16472612024685093,0.08416007081715662,5,0.00257125022220754,0.0005327225390719533,5,0.16552309465317067,0.08414922523772977,5,0.01398806511270036,0.005205761939048386,5,3.7153685891074284,1.8275182469019173,5,0.06378977710634416,0.020234280032786225,5,0.07880952380952376,0.01714026196552763,5
tau_gain_norm,mid_long,timestep_ce,2,0.25442775888879293,0.4268523643035554,5,9.137307423786876,5.414623578919556,5,0.023500727238390962,0.009013068613994242,5,0.09137307242416046,0.05414623727582246,5,0.00235007279489764,0.0009013070849928977,5,0.09214908181810844,0.054341922092867076,5,1.2865007263317632,1.5640686086312172,5,0.0354832964113687,0.035020965095839886,5,1.2987954183714083,1.5755739293129785,5,0.00916065966370084,0.004323949808637007,5,1.9028823069574092,1.016670089398663,5,0.04921286637268046,0.018094135141758307,5,0.0794444444444444,0.02576180879501732,5
tau_gain_norm,mid_long,timestep_ce,5,0.02394793499780938,0.017208125663347038,5,1.6156274790089225,1.0445803110547136,5,0.015491236156607722,0.00694674141604649,5,0.016156274280275378,0.010445802532470124,5,0.00154912366018518,0.0006946742016044489,5,0.016819382959037642,0.010740830487130986,5,0.891250966258226,0.4435324652336069,5,0.10496591586070589,0.07110753702491387,5,0.9370185443819954,0.47448143658175257,5,0.00281065368137488,0.0013747902563891825,5,0.4480722815824253,0.23159057722446016,5,0.02510512986968998,0.011377080265317573,5,0.089563492063492,0.005163688093712769,5
tau_gain_norm,mid_long,timestep_ce,10,0.024706286228478057,0.004432234123308162,5,0.4695384344930493,0.31723425723342247,5,0.00820798757353262,0.004802679327422251,5,0.0046953842285188604,0.0031723424842507106,5,0.00082079876231508,0.0004802679623468454,5,0.00510241861486564,0.0034131816832629093,5,0.19690374105309316,0.13115996726352858,5,0.03417610612510798,0.019981628469678228,5,0.21390910327118728,0.14112919295039175,5,0.0010083679885856,0.000459382262010398,5,0.13910897149738052,0.061909490754028976,5,0.01109591198783754,0.005293296880260929,5,0.08928571428571425,0.008789704933863746,5
tau_gain_norm,mid_long,timestep_ce,20,0.032257375779252515,0.015261947273597708,5,0.18622873821234395,0.10316169795597221,5,0.00505850263131696,0.0024957618664013335,5,0.0018622873665987802,0.0010316170021934716,5,0.0005058502696675199,0.0002495762222168586,5,0.00214913965643298,0.001155940914889222,5,0.056866527769344366,0.019851024814216432,5,0.01584770340810808,0.0037673355002789347,5,0.06595882022176072,0.021133022862866797,5,0.00057780755022506,0.00017939704832362066,5,0.06946932042142606,0.01930521603693401,5,0.0071083303965730205,0.0024543275737698624,5,0.11107142857142853,0.03531255539330365,5
tau_gain_norm,mid_long,timestep_ce,30,0.030575948477097402,0.01094325698093328,5,0.13191518186907356,0.04710222681272828,5,0.00429876429829546,0.0016278135026916195,5,0.00131915180906162,0.00047102231225124014,5,0.0004298764280075,0.00016278133920546268,5,0.00159643952214174,0.0005490974723598118,5,0.04787447548031688,0.024320799074927988,5,0.01553591895381412,0.008276456756176357,5,0.05780490996077884,0.02870049051207624,5,0.00054923654288824,0.00014463934408769996,5,0.05578224425830852,0.014197840231451183,5,0.00747390189721036,0.002053271470565521,5,0.1284523809523809,0.03653881759832963,5
tau_gain_norm,mid_long,whole_count_ce,1,0.6276491277846035,0.42572930867670733,5,16.38367752684435,7.467704913195474,5,0.026090331689984942,0.007784931909433538,5,0.1638367714929661,0.07467704957930046,5,0.00260903319186608,0.0007784930944152468,5,0.16465235137843198,0.07470986962452353,5,0.3339209398616995,0.1826672537742309,5,0.00539961628019518,0.002902952996295341,5,0.33559199233299813,0.1831841930693349,5,0.0160323585055244,0.006499787200206876,5,3.6938756411539293,1.8261413224210528,5,0.06374190666179028,0.02025277222565246,5,0.07658128908128904,0.025465047378698563,5
tau_gain_norm,mid_long,whole_count_ce,2,0.2094937440355265,0.19233771272606742,5,9.009980966120462,5.393568795701703,5,0.023690468466225557,0.009028985428308715,5,0.09009980837351912,0.05393568732273065,5,0.00236904680543524,0.0009028984550497045,5,0.09086646618605951,0.05413159446515317,5,0.5232551251919666,0.25951402984199823,5,0.01595887163457804,0.007469089644049678,5,0.5287494734743293,0.26113225725170575,5,0.00929622025956864,0.0045452291661071285,5,1.8500077204942293,0.9977155078676232,5,0.04880681852593678,0.01795108134959239,5,0.09186507936507933,0.02894072131468324,5
tau_gain_norm,mid_long,whole_count_ce,5,0.0821788451198254,0.023999144147264003,5,1.5541691560765056,0.9846687516814825,5,0.01542664408860192,0.006671935205675359,5,0.015541690883597001,0.009846686934906056,5,0.00154266445347244,0.0006671935692659784,5,0.0161855744491449,0.010138315151399074,5,0.17547163382421685,0.06910629235119052,5,0.018354503161434683,0.0037234850652753727,5,0.18309400644355792,0.07036568926942738,5,0.0028237108648654597,0.001238989365096904,5,0.4343228769538324,0.20328141062463517,5,0.025283437586115322,0.0101388363573118,5,0.12281746031746028,0.027978652936769693,5
tau_gain_norm,mid_long,whole_count_ce,10,0.09603587363288049,0.029497025152836243,5,0.5275493346494571,0.2802313900156248,5,0.0097822286768595,0.004089963068335523,5,0.0052754930019871405,0.0028023133871311378,5,0.00097822289158512,0.00040899634743677896,5,0.00582110651837436,0.003004800205806574,5,0.05402136329384886,0.019433412158048714,5,0.010157368978143119,0.0024470959216254837,5,0.059677401527410745,0.020088835963243096,5,0.0014870828648859999,0.000389220318580251,5,0.1758903205420392,0.05083668000201666,5,0.017029572547238643,0.004294693656724405,5,0.13023809523809518,0.02435979532692889,5
tau_gain_norm,mid_long,whole_count_ce,20,0.07181099486200382,0.00606808164804628,5,0.3861720344582863,0.09596795494306752,5,0.00924599378983958,0.0018273620831822397,5,0.00386172025420592,0.0009596795516349781,5,0.0009245993921236401,0.00018273625275152085,5,0.00446449899797944,0.0010345665842819583,5,0.053812965010464155,0.012613079483357019,5,0.012931551449630218,0.0026179917567457503,5,0.062280540054276676,0.013864809070605319,5,0.00164387964847658,0.0002303342159588415,5,0.1382419029606599,0.017425069444384586,5,0.02028193951884148,0.002583317613999261,5,0.17066137566137562,0.020973253575811153,5
tau_gain_norm,mid_long,whole_count_ce,30,0.06400041141112096,0.015717676425330472,5,0.33418422636622747,0.04546214943592465,5,0.0089632654526669,0.0014993314574161126,5,0.0033418421446896203,0.00045462151364520606,5,0.00089632657552298,0.00014993317887133285,5,0.0039378916847366,0.0005577640194306239,5,0.05359871402595602,0.008160501678100035,5,0.01443152431434808,0.0030461002190385516,5,0.06313539506059644,0.009808202973197315,5,0.0018570317438634202,0.00019957880770648208,5,0.12452840655785617,0.012609185988692793,5,0.02282411434051292,0.00197579964354856,5,0.17742063492063492,0.0257529440694436,5
tau_gain_norm,short_mid,timestep_ce,1,0.01847812492319128,0.005604528432330396,5,0.5337549319775504,0.045806263242103476,5,0.0011447735670460399,0.00033880432956336965,5,0.005337549179212741,0.0004580626077636157,5,0.00011447736503919287,3.3880434783136266e-05,5,0.00537275913267262,0.00046753564114527884,5,0.31361816173296553,0.10226063250750661,5,0.00646585572253844,0.002078458356849801,5,0.31556182127279425,0.1024006160931166,5,0.0014096813111125202,0.00011435461714951922,5,0.3360783317874918,0.025752628429637523,5,0.00153375311504978,0.0003344453182552998,5,0.0833333333333333,0.0,5
tau_gain_norm,short_mid,timestep_ce,2,0.0051861623524746,0.005072397699525289,5,0.41619438675564424,0.03969349714226479,5,0.0006811501190932001,0.00021231116725917737,5,0.00416194375966392,0.0003969348977173771,5,6.811501005500572e-05,2.123111573022589e-05,5,0.00418092246349556,0.0004039468085459324,5,3.4579507605172863,5.416078179193018,5,0.061151645077604,0.10223854106461855,5,3.4756135117538967,5.445458269794734,5,0.00096369869800934,7.578964321977675e-05,5,0.2296379384249705,0.017257093077848427,5,0.0009940511183756599,0.00019766283824789932,5,0.0833333333333333,0.0,5
tau_gain_norm,short_mid,timestep_ce,5,0.00350513140097322,0.004067510548933676,5,0.2068020541574878,0.02241558286851875,5,0.00033177314989595995,0.00013647623824865367,5,0.0020680205034412204,0.00022415580766585425,5,3.317731541171355e-05,1.3647624141193091e-05,5,0.00207374589389866,0.00022638739875563516,5,5.1052678999308965,6.45729640330459,5,0.05647677636963529,0.07293164587176414,5,5.117977123319302,6.4733419588314165,5,0.000381179371482,3.331043600976783e-05,5,0.08959110654672528,0.007426854440778638,5,0.00050888042713392,0.00010724456622649854,5,0.0833333333333333,0.0,5
tau_gain_norm,short_mid,timestep_ce,10,0.00271111752005014,0.0027737250688662316,5,0.07607071587778036,0.014473234987784574,5,0.00027185230852042,0.00014759207514650912,5,0.00076070713060962,0.00014473232332350876,5,2.7185230422534976e-05,1.475920646315316e-05,5,0.0007659707076709601,0.00014675612655428924,5,1.357294764708377,2.1855899049045435,5,0.038256691307110624,0.05682131477353809,5,1.3635707202730076,2.193823674960431,5,0.0001803940451785,9.947373475844761e-06,5,0.04100278036832396,0.0016911387371775582,5,0.0003755640147968,8.25859133016722e-05,5,0.0833333333333333,0.0,5
tau_gain_norm,short_mid,timestep_ce,20,0.0044507083938271,0.0029414637197176137,5,0.027268631260506344,0.006015885141796363,5,0.00026639418781254,6.446098108163702e-05,5,0.00027268630671244,6.0158854402933565e-05,5,2.6639419651997167e-05,6.446098960050413e-06,5,0.00028328172135556,6.195922117830417e-05,5,0.07724213775545052,0.041326048748480636,5,0.007166561393650539,0.0025842649617167555,5,0.08005441145252597,0.042116741791771634,5,0.00012835246159216,9.37048623770399e-06,5,0.026962574561753223,0.0010875307155653045,5,0.00047610742175471993,0.00013446938815726375,5,0.0833333333333333,0.0,5
tau_gain_norm,short_mid,timestep_ce,30,0.003765112232211,0.0016208954163279765,5,0.02159817489913208,0.004458068992645608,5,0.00028958856933714,9.294070153801141e-05,5,0.00021598174338738002,4.4580684350054805e-05,5,2.8958856779807416e-05,9.294069379526956e-06,5,0.00023077381897944,5.1204384896722946e-05,5,0.0667276894838943,0.030110036784098574,5,0.00897076051106528,0.004700339311582717,5,0.07118944359502126,0.03225200560662583,5,0.00010967057205929745,1.2323259694187394e-05,5,0.02166796711733538,0.0012988210221940432,5,0.00053775806084954,0.0001788106380813662,5,0.0833333333333333,0.0,5
tau_gain_norm,short_mid,whole_count_ce,1,0.0093989573991437,0.0044885975992831504,5,0.5337549319775504,0.045806263242103476,5,0.0011447735563187601,0.00033880433292671626,5,0.0053375491435373994,0.0004580626310134192,5,0.00011447736503919287,3.3880434783136266e-05,5,0.00537275919682966,0.0004675356922042784,5,0.7107511287939721,0.4103297974258632,5,0.01638588841709936,0.012861170566532297,5,0.7158462105383985,0.41449934794016036,5,0.0014119069831642999,0.00011356038228632252,5,0.33568669489862174,0.02558202971499668,5,0.00153386989370364,0.0003247934086544673,5,0.0833333333333333,0.0,5
tau_gain_norm,short_mid,whole_count_ce,2,0.00260273285572094,0.00274459712951087,5,0.4154305953419759,0.039510779328240785,5,0.0006963809608575399,0.00020941518906838485,5,0.004154305831018321,0.000395107793400966,5,6.963809650641375e-05,2.09415202066889e-05,5,0.004173154799219999,0.0004019971246014871,5,4.732281812223387,4.7560865706123066,5,0.0834427050707178,0.08939758012365803,5,4.75468221443626,4.780781129200418,5,0.0009614837032817,7.409524862775762e-05,5,0.2288057535219931,0.01701370167640693,5,0.0009965021431120199,0.00016895389990875443,5,0.0833333333333333,0.0,5
tau_gain_norm,short_mid,whole_count_ce,5,0.00507027696943318,0.0036946535302960193,5,0.20679646880689012,0.022275995366490334,5,0.00034666734519772,0.00015042314898132674,5,0.00206796466670396,0.00022276000295589103,5,3.466673584848826e-05,1.504231478497558e-05,5,0.0020740895747445197,0.00022518809799065373,5,1.150500146518596,1.6278467085117643,5,0.0160812438223021,0.019818014607722954,5,1.1535212372140027,1.6316121083179742,5,0.00038476702996518,3.28134340958691e-05,5,0.08980559634618626,0.007351442729396266,5,0.00056172561931052,0.0001107000527723152,5,0.0833333333333333,0.0,5
tau_gain_norm,short_mid,whole_count_ce,10,0.00389797529984234,0.0031640784582721475,5,0.07659348660958394,0.014856484887498632,5,0.00031119467056488,0.00013969271548741632,5,0.00076593483584728,0.00014856485990259383,5,3.111946644109736e-05,1.3969269457477911e-05,5,0.00077293678038508,0.00015141966991346763,5,0.7652102852260133,1.1172005220347982,5,0.03013331086245704,0.047141185033137044,5,0.7716213944293145,1.1271525126992223,5,0.00018946816535952,1.4708517806605621e-05,5,0.04186796343624076,0.0021726743085366436,5,0.00049970615351116,0.00014925220071858235,5,0.0833333333333333,0.0,5
tau_gain_norm,short_mid,whole_count_ce,20,0.0062295165707909,0.003954958615984229,5,0.02923199746091474,0.006052753694940455,5,0.00032972175121466,7.32599277189986e-05,5,0.0002923199637237,6.052753137477231e-05,5,3.297217526866287e-05,7.325994349611157e-06,5,0.0003079512506591,6.14469205330918e-05,5,0.06346960972993396,0.04138021814639552,5,0.006536187539873719,0.002664638697205315,5,0.06652372203560686,0.0424061611252317,5,0.00014273262384324,1.9015560808639585e-05,5,0.028321221552904563,0.0019878319000693344,5,0.00067747079379264,0.0002687195696512403,5,0.0833333333333333,0.0,5
tau_gain_norm,short_mid,whole_count_ce,30,0.0062922530936886795,0.004102050494150914,5,0.026327636326211525,0.009550093134985923,5,0.00041081332864922,0.00021224584278755335,5,0.00026327635649346,9.550093052746822e-05,5,4.108133319098886e-05,2.1224584464108793e-05,5,0.00028977494301406,0.00011415254098074284,5,0.05512084741182276,0.030458120146061987,5,0.00852100533192326,0.004496146520699818,5,0.060293344889239917,0.03272908400075548,5,0.00013315274608276,3.336656145523403e-05,5,0.02369463992483022,0.0030542756272593638,5,0.0008836852092649599,0.00048831382079102,5,0.0833333333333333,0.0,5
tau_gain_norm,short_mid_long,timestep_ce,1,0.15227410361740065,0.03825116724107744,5,2.03358158841369,0.8769721747682229,5,0.00242874603052284,0.0006302567222471941,5,0.02033581423557724,0.00876972081274373,5,0.00024287461203027996,6.302567331568961e-05,5,0.02041683135972534,0.0087854936619317,5,0.13052443357723087,0.041221577745610596,5,0.0016232528200422597,0.0003946991203246547,5,0.13107677938700651,0.04133731825036623,5,0.0029864604051698398,0.000722885081857988,5,0.7059950575309448,0.18050740283456937,5,0.00671615113733452,0.0013063350542237779,5,0.08888888888888884,0.0058101390731532965,5
tau_gain_norm,short_mid_long,timestep_ce,2,0.05048299035007846,0.012562832748544526,5,0.5888473842515055,0.23898924142470046,5,0.00155268808327938,0.0003612035646921262,5,0.00588847347083402,0.0023898924668156415,5,0.00015526881554856002,3.612035616827737e-05,5,0.00594126351685474,0.002395977084926124,5,0.12177355592350099,0.05031704685291007,5,0.00318127032668196,0.0007637896557633104,5,0.1228317269369034,0.05039477553026847,5,0.0013620222627966799,0.00024125896272334004,5,0.3009314353771751,0.055944447381614644,5,0.0039602036411968,0.0005722070338530344,5,0.0833333333333333,0.0,5
tau_gain_norm,short_mid_long,timestep_ce,5,0.016428528092550982,0.014472087200616464,5,0.21992706173730286,0.08311644717259496,5,0.00063036977447462,0.0002982534815979753,5,0.0021992703979683602,0.000831164408480868,5,6.303697969499959e-05,2.982534829418281e-05,5,0.00221392728706516,0.0008325813076579696,5,0.31075689745387275,0.27848241202378476,5,0.00752021318401164,0.006814602622857557,5,0.3123579927466852,0.27943819413518034,5,0.00044361551470862,7.760454754989201e-05,5,0.09259109476680596,0.014684900814391895,5,0.00175315356172458,0.0004943027027025989,5,0.08472222222222218,0.0031056499687496892,5
tau_gain_norm,short_mid_long,timestep_ce,10,0.0121929122334024,0.008814772541218603,5,0.06845882879155266,0.024259570355830623,5,0.0005021501136945799,0.00025382940621866164,5,0.00068458822876322,0.00024259566180405133,5,5.02150096943495e-05,2.5382939828537723e-05,5,0.0007014661535878,0.00025149011746631385,5,0.18960690011700262,0.28369702426017424,5,0.00965678003926786,0.011563091196638358,5,0.1919470584636862,0.2853557758594351,5,0.0002050893744966,2.9066627602970877e-05,5,0.03986835406128178,0.004858489296958155,5,0.00108908719465126,0.000247405547036916,5,0.08472222222222218,0.0031056499687496892,5
tau_gain_norm,short_mid_long,timestep_ce,20,0.012148837112012499,0.009441853987448191,5,0.04390423339431048,0.020025017704026735,5,0.00046061362614013997,0.00010231695177298637,5,0.00043904230563283995,0.0002002501608268712,5,4.606136047132255e-05,1.0231691151925098e-05,5,0.00045394119950636,0.00019980960699255597,5,0.15799576951212152,0.2600327823707759,5,0.0292837746816956,0.05641209254126275,5,0.16819275274915257,0.27955444695528303,5,0.0001313583373136,2.2757810012156117e-05,5,0.02370570680052806,0.0029082901484407194,5,0.00086004034012532,0.000277120285788978,5,0.0833333333333333,0.0,5
tau_gain_norm,short_mid_long,timestep_ce,30,0.00483772421913738,0.00399295813679084,5,0.03270285356305292,0.018886811838485628,5,0.00051510111138072,0.00014863779058767144,5,0.00032702850464558003,0.00018886811241280877,5,5.1510113251347495e-05,1.4863777915243184e-05,5,0.00034836087277156,0.00018912912590815671,5,0.39781309885910215,0.7576960380662078,5,0.08316861606853217,0.16446338644949476,5,0.43436816269592554,0.8299786049675286,5,0.00010518667782020924,1.7533028912222842e-05,5,0.017996864805635983,0.001801316840584004,5,0.00078054411643806,0.0002454891311186037,5,0.0833333333333333,0.0,5
tau_gain_norm,short_mid_long,whole_count_ce,1,0.1144910739322041,0.016924372231288894,5,2.03358158841369,0.8769721747682229,5,0.00242874603052284,0.0006302567222471941,5,0.02033581423557724,0.00876972081274373,5,0.00024287461203027996,6.302567331568961e-05,5,0.02041683135972534,0.0087854936619317,5,0.1836571077266031,0.09643278927533407,5,0.00219533932442974,0.0008546669791162576,5,0.18440086904273584,0.09672976723721646,5,0.00306685876036044,0.0007648746830138014,5,0.7040865228016078,0.18157109154028814,5,0.0067194897271916606,0.001313033881650003,5,0.08749999999999995,0.006211299937499415,5
tau_gain_norm,short_mid_long,whole_count_ce,2,0.041561806140862675,0.00868146499991092,5,0.5774192273244247,0.2318830168923504,5,0.0015840419205893,0.00041365171507299166,5,0.00577419182345002,0.002318829775883012,5,0.0001584042001349,4.136517006230944e-05,5,0.005827034079298079,0.002325857233388768,5,0.13806705778787015,0.0391049504150657,5,0.0038586990264927803,0.0007935407306235855,5,0.13934991023508178,0.03913757239470645,5,0.00132956460439344,0.0002277383817466113,5,0.2906958849571658,0.052025878718494435,5,0.00392055682186352,0.0005498343438046806,5,0.0833333333333333,0.0,5
tau_gain_norm,short_mid_long,whole_count_ce,5,0.01825826850146712,0.01074557651727914,5,0.19837146907600078,0.06300478978228226,5,0.00066915928322022,0.0002505300009689869,5,0.0019837145357832,0.0006300478434024483,5,6.691593300949355e-05,2.5053001934564104e-05,5,0.00199613348519884,0.0006296834466348048,5,0.21154660683651788,0.22873565284830838,5,0.0053476864339686405,0.0036937682579042627,5,0.21249435171629472,0.22938795529594144,5,0.00043624882639506005,5.7818170829350585e-05,5,0.09000134491033066,0.01127559533363103,5,0.0017586584783356,0.00032671772483907496,5,0.0833333333333333,0.0,5
tau_gain_norm,short_mid_long,whole_count_ce,10,0.01959092484556558,0.009705332184977091,5,0.0777424762169628,0.03522361922158458,5,0.00065166905062058,0.0003529762020432931,5,0.0007774246957073201,0.0003522361768313056,5,6.516690459537588e-05,3.529762052834882e-05,5,0.0008011357771648801,0.00036496861820232496,5,0.05010185183005596,0.03649927778220786,5,0.00403214238929466,0.0029830301184246813,5,0.05136311287512544,0.037011660534615146,5,0.0002387563343337,2.983145295061387e-05,5,0.0441406258912484,0.005142004933746812,5,0.0014340365189052001,0.00022543534278452617,5,0.0833333333333333,0.0,5
tau_gain_norm,short_mid_long,whole_count_ce,20,0.00848981719177588,0.0059412836485317425,5,0.05885270432440994,0.04837503268519381,5,0.00052598046908378,0.00016282461905471471,5,0.00058852700327392,0.00048375028701779486,5,5.2598045531097014e-05,1.6282460803885864e-05,5,0.00060477868620706,0.0004795556420906886,5,0.08941697283475164,0.06563486452834458,5,0.0084765161894797,0.005612363696342758,5,0.0920776352539445,0.06532395233343777,5,0.00015070757040952,1.4373647446086772e-05,5,0.02499388552394256,0.001964683482014568,5,0.00116449500556926,0.00014789725757459156,5,0.0833333333333333,0.0,5
tau_gain_norm,short_mid_long,whole_count_ce,30,0.0038819882684158003,0.001862220653881046,5,0.04255349712952198,0.02250945463336908,5,0.00068835732997532,4.4160805646846e-05,5,0.00042553494508363996,0.00022509453630013615,5,6.883573444247193e-05,4.416079861245498e-06,5,0.00045421794768017997,0.00021884181905602502,5,0.11449729800042119,0.050625078676591474,5,0.02064743615650446,0.008443176608875353,5,0.1236113284706282,0.051952967998453184,5,0.0001251257150648,8.05393617323444e-06,5,0.01948680272406016,0.0012614023584439076,5,0.00108770225013734,0.00010114125815075412,5,0.0833333333333333,0.0,5
temporal_norm,mid_long,timestep_ce,1,1.079507261092043,0.4710761901408244,5,4.037592281816492,1.9671767534469844,5,0.0260903318164842,0.007784931846808669,5,0.040375923164760165,0.019671769103498445,5,0.0026090331893954,0.0007784930956383844,5,0.0411550732175851,0.019656530940912298,5,0.041717654455338336,0.02444858243536688,5,0.00257125022220754,0.0005327225390719533,5,0.0424924417773098,0.024477967981394785,5,0.00461811857941302,0.0014308168081479235,5,0.7711983577878874,0.42473802186558857,5,0.06483067105333487,0.01992748848664225,5,0.05958994708994704,0.014996975680297816,5
temporal_norm,mid_long,timestep_ce,2,0.21495092879767808,0.35552664247665994,5,2.2741743054852197,1.2095766078442312,5,0.023227763360681462,0.008255204321794659,5,0.02274174376503986,0.012095767401578328,5,0.00232277635388478,0.0008255203850087122,5,0.02348190497415644,0.012194351704051795,5,0.28483312411647244,0.1828742411517345,5,0.03329279268661154,0.018484825936491672,5,0.2961214511947432,0.18769273275136336,5,0.0037875343397167404,0.0015063810525903964,5,0.43730102116290137,0.24441383083059523,5,0.053099396468978474,0.01778597234045874,5,0.08341269841269836,0.007981765799994761,5
temporal_norm,mid_long,timestep_ce,5,0.01650153387733382,0.007029119536739915,5,0.6491958536576368,0.46392303061888696,5,0.0179924825182511,0.007859491468276903,5,0.00649195892611028,0.00463923093213447,5,0.0017992483117118402,0.0007859491762476293,5,0.00716920323802536,0.004663882015804119,5,0.37549596178503614,0.18095986389590335,5,0.11647831845822872,0.05543323350180111,5,0.4235890374776057,0.1951788124097637,5,0.0018961169061315,0.0010181465602173232,5,0.1454007157885987,0.10907099362506932,5,0.03261156532458202,0.015091655723501083,5,0.09972222222222216,0.013080649642190105,5
temporal_norm,mid_long,timestep_ce,10,0.0344183163642525,0.015433216978423099,5,0.191945449997086,0.1463344677782581,5,0.01120393291221444,0.007076384015420727,5,0.0019194544180508402,0.0014633445908081844,5,0.0011203933039774798,0.0007076383882452531,5,0.0025087028841143,0.0016896991562393993,5,0.05658698905432892,0.03306436803755142,5,0.038230831022858944,0.03110214577575074,5,0.07894734934398465,0.05290558361221193,5,0.0008475866894342401,0.0005095617070003085,5,0.045236328948231416,0.030252387982896943,5,0.016475546015538682,0.009725500050852043,5,0.10249999999999995,0.012857540901147898,5
temporal_norm,mid_long,timestep_ce,20,0.044403782239207754,0.022147671428994084,5,0.10345104871237136,0.06300976006490056,5,0.0075091343437897005,0.0039056393306720555,5,0.00103451046416048,0.0006300975765996178,5,0.0007509134406646801,0.0003905639496160602,5,0.001502507999739,0.0007883174960335826,5,0.02317689162373786,0.011633970988597449,5,0.016739674525248237,0.0053772045975024035,5,0.033697232491954596,0.012045942352203168,5,0.00064440256890396,0.0002119318037805147,5,0.0284124080258423,0.00872916314424047,5,0.012711481782711882,0.0043801399529529265,5,0.12996031746031741,0.022271328254783136,5
temporal_norm,mid_long,timestep_ce,30,0.055253524461594906,0.026144655383434568,5,0.10615087631789641,0.031071905678697,5,0.006500229341798,0.002330419968207113,5,0.00106150871845156,0.00031071904254740786,5,0.0006500229487444,0.0002330420306488177,5,0.0014593787679106798,0.00040842569406629984,5,0.0222013116166608,0.012567411718742667,5,0.01257657405438434,0.00422112290442928,5,0.02964348695049924,0.013748028744629935,5,0.0007390973709973799,0.0001968854121163879,5,0.030390424960374564,0.007789230661901318,5,0.01405602790456958,0.003784368219534002,5,0.16804232804232802,0.03191517577505073,5
temporal_norm,mid_long,whole_count_ce,1,0.6276491277846035,0.42572930867670733,5,4.037592281816492,1.9671767534469844,5,0.026090331689984942,0.007784931909433538,5,0.040375923128594636,0.019671769103817727,5,0.00260903319186608,0.0007784930944152468,5,0.04115507350242322,0.019656530935761272,5,0.08549099787027345,0.05248963899515959,5,0.00539961628019518,0.002902952996295341,5,0.08712861152043609,0.053078977936613696,5,0.00525142234052444,0.0018445470389480045,5,0.7589430815740624,0.42116585313424554,5,0.06508210946881113,0.019937536475102338,5,0.07008658008658006,0.03296993496255187,5
temporal_norm,mid_long,whole_count_ce,2,0.14568294532929627,0.09546236424816473,5,2.1888971492689455,1.1718439112992671,5,0.023829277929009778,0.008588216305102963,5,0.021888969963945598,0.011718438537861331,5,0.00238292790991048,0.000858821759150442,5,0.02267826093406338,0.01179680731005181,5,0.16466392261819582,0.08877625705386648,5,0.0194319120686086,0.009080706679287818,5,0.17145489087113194,0.09081848064206652,5,0.00376590814860914,0.0015307436278826515,5,0.40377782908446197,0.22848538156678921,5,0.0533763977117105,0.017634916142943078,5,0.09109788359788355,0.019342360614468465,5
temporal_norm,mid_long,whole_count_ce,5,0.11069701310416002,0.03560673024599681,5,0.55272807347531,0.29707427652287993,5,0.018321136799899218,0.007447466893597851,5,0.005527280566470319,0.002970742709282199,5,0.00183211374798786,0.000744746708953095,5,0.006338891728425359,0.0031009483568077106,5,0.0532743390985647,0.03005941176300087,5,0.017385931457359498,0.006156642769400948,5,0.06078395802823584,0.03002265608660994,5,0.0020041635973657803,0.0007250221602323282,5,0.13438884993171935,0.06849151399460857,5,0.03459546057292592,0.011416108041451926,5,0.1325396825396825,0.011078289107256865,5
temporal_norm,mid_long,whole_count_ce,10,0.12096004901128996,0.03604315254767931,5,0.33961853191660385,0.08687358887053265,5,0.015194733518480419,0.005812320549172071,5,0.00339618524738768,0.0008687359826735046,5,0.0015194733916851998,0.0005812321088427536,5,0.0042207475416766,0.001170452312828435,5,0.028772869225421983,0.0064332557977822055,5,0.01324337533639434,0.006367295296232775,5,0.036089858191214866,0.011322817359933785,5,0.0018001025048731,0.0003285795903552365,5,0.08653163000582208,0.014860515276456295,5,0.031150682302586143,0.005672509689698069,5,0.16440476190476186,0.030005156712260117,5
temporal_norm,mid_long,whole_count_ce,20,0.08926797911584254,0.014890337972348606,5,0.33503603586294817,0.03638450100066307,5,0.01680077686360508,0.0034741347111836747,5,0.0033503601450802405,0.0003638450683235703,5,0.0016800776913133801,0.0003474135540752017,5,0.00439306762373602,0.00040361703062526095,5,0.03818225958060934,0.006641350767614583,5,0.01909263391976204,0.004692735295896757,5,0.0500202818089849,0.007705977465145905,5,0.00248912988625714,0.00030044388309577506,5,0.09006824381328898,0.008146354075997802,5,0.03760644369814766,0.004027811310971289,5,0.1911183261183261,0.03312101547451124,5
temporal_norm,mid_long,whole_count_ce,30,0.0862805735758025,0.025177427268734245,5,0.3329578544330188,0.04047403181657102,5,0.01775431339898096,0.0038758941414298873,5,0.00332957845522142,0.0004047402833890231,5,0.00177543136200786,0.0003875894804014256,5,0.0043705075184070795,0.00047819991481571917,5,0.0411555464045586,0.012237510891235853,5,0.02103877053570994,0.002536395571380073,5,0.05336261686517402,0.012222241224453057,5,0.00313691949447776,0.0002628085801491877,5,0.0946550124868263,0.00510439244636665,5,0.04206988205700442,0.003317033330511161,5,0.19101370851370844,0.03069043118675726,5
temporal_norm,short_mid,timestep_ce,1,0.01847812492319128,0.005604528432330396,5,0.01448197537630876,0.004584568167588399,5,0.0011447735670460399,0.00033880432956336965,5,0.00014481974770381078,4.584567738695256e-05,5,0.00011447736503919287,3.3880434783136266e-05,5,0.00022685711546328,6.57964477767211e-05,5,0.008091469776859619,0.0023016630102556603,5,0.00646585572253844,0.002078458356849801,5,0.01271228247037844,0.003637056083497303,5,8.868919696856314e-05,1.7178188558593615e-05,5,0.00610745994345296,0.0007805677866973002,5,0.00160018678699662,0.000355166576671803,5,0.0833333333333333,0.0,5
temporal_norm,short_mid,timestep_ce,2,0.00311393245556638,0.002473311500337393,5,0.00906873996678024,0.0023553930934499217,5,0.0007530515026854,0.00023210147526162174,5,9.068739788779848e-05,2.35539286439331e-05,5,7.53051502532014e-05,2.3210147588388854e-05,5,0.00014530751347052517,4.271886095502176e-05,5,0.08078496802014681,0.09913707976812987,5,0.0725738741597903,0.09546224447845965,5,0.1378678907961169,0.17788111720597544,5,6.635718096053954e-05,1.2291223131897214e-05,5,0.0044609028683324,0.000590159365133714,5,0.00120310503128862,0.0002508339925516325,5,0.0833333333333333,0.0,5
temporal_norm,short_mid,timestep_ce,5,0.002015507582344,0.002702771585598715,5,0.00464852409781714,0.0014802575181367076,5,0.00041030668874731996,0.00010563529482774906,5,4.648523908283449e-05,1.4802573049445713e-05,5,4.1030669772419e-05,1.0563530037731718e-05,5,7.575535714243583e-05,1.4987947828902234e-05,5,0.10943669421822122,0.09028216531183815,5,0.11244491097278328,0.10407338601141922,5,0.1939748131012035,0.16679222531124963,5,3.8864248293313386e-05,6.0528609793710454e-06,5,0.00222446528161598,0.0004560914520274474,5,0.0007427879855172,0.00011021545169170317,5,0.0833333333333333,0.0,5
temporal_norm,short_mid,timestep_ce,10,0.0035998587922184203,0.0025469509239680844,5,0.0033225444340577804,0.0013924602902893146,5,0.00038738640814641996,0.00016044112816899188,5,3.322544387217622e-05,1.3924602306134916e-05,5,3.873864106953571e-05,1.6044112151408177e-05,5,6.3734971151159e-05,2.717667162920282e-05,5,0.012766368361409718,0.007544943231224644,5,0.015264729940393882,0.00945055051539965,5,0.02444614974932914,0.014119051210461067,5,3.510046636030394e-05,3.006025815219894e-06,5,0.00147241068426464,0.00020073802537396305,5,0.00072209421363324,5.8601848687151836e-05,5,0.0833333333333333,0.0,5
temporal_norm,short_mid,timestep_ce,20,0.00724902250773774,0.004316751943987879,5,0.00687301394307214,0.0051919286603390475,5,0.00046420847080852,0.00012174576217290829,5,6.87301357354267e-05,5.191928048950194e-05,5,4.642084719761438e-05,1.2174576253553426e-05,5,0.00010350148393738784,5.3825225771871434e-05,5,0.010301916601436579,0.00607053536527107,5,0.007839449385108879,0.003103414693092221,5,0.0162424085880378,0.006526113322202231,5,5.343088913470295e-05,5.848758419694467e-06,5,0.00173789417038938,0.00017000568814038786,5,0.0011420409859253,0.00012791651502419481,5,0.0833333333333333,0.0,5
temporal_norm,short_mid,timestep_ce,30,0.0076178611980509,0.003036590302887024,5,0.007392616923322161,0.004680645968965616,5,0.00057025792179988,0.00016723580330833747,5,7.392616566098245e-05,4.680645496637288e-05,5,5.702579333630907e-05,1.6723582472362744e-05,5,0.00011937298389265326,4.9354120617563194e-05,5,0.010326427679876179,0.007571816981261685,5,0.007893722904512141,0.00170377761041784,5,0.01653832567217054,0.007068224903620264,5,7.70133542070233e-05,1.3319164191991918e-05,5,0.00251119960806362,0.00047307780827415477,5,0.00163489348419798,0.0002781253406322871,5,0.08611111111111108,0.0062112999374994175,5
temporal_norm,short_mid,whole_count_ce,1,0.0093989573134559,0.004488597620844736,5,0.01448197533014558,0.004584568151485055,5,0.0011447735614202401,0.0003388043323522695,5,0.00014481974807789078,4.584567712069749e-05,5,0.00011447736583629285,3.388043469337951e-05,5,0.00022685711546328,6.57964477767211e-05,5,0.02010041067085864,0.01332510145591107,5,0.01638588864322044,0.012861170494669128,5,0.03208840159576038,0.023498333879164796,5,8.862315899600126e-05,1.7294548434424953e-05,5,0.00601845022993038,0.0007723679783381205,5,0.0016017060860126799,0.0003569108377041783,5,0.0833333333333333,0.0,5
temporal_norm,short_mid,whole_count_ce,2,0.0031472557640270194,0.003301486903836917,5,0.00873246152907998,0.002043941680046356,5,0.00074867706739914,0.0001960693590718762,5,8.732461386715578e-05,2.0439414064505595e-05,5,7.48677097449119e-05,1.960694025017446e-05,5,0.00014249857830205638,3.7448185855273945e-05,5,0.10494983166786478,0.1164894154040198,5,0.09201425470419532,0.10339621025461408,5,0.17225269750693253,0.19221971540952545,5,6.454044299563535e-05,1.447195154000864e-05,5,0.00421625599048694,0.0006966519204294439,5,0.00118052247427192,0.00028981341320978126,5,0.0833333333333333,0.0,5
temporal_norm,short_mid,whole_count_ce,5,0.0033912158520644,0.0026334742115261423,5,0.00498144189428368,0.0017164713823438391,5,0.00046220373628242,0.00016072314640068195,5,4.9814417544284725e-05,1.7164714305384627e-05,5,4.622037432466865e-05,1.607231477880318e-05,5,8.452346780804258e-05,2.626602906019961e-05,5,0.060267342603001504,0.09497350645400256,5,0.05879785534607111,0.09398390597544816,5,0.09904922773480435,0.15158494479249168,5,4.593319160059857e-05,1.6366912948402357e-05,5,0.00233052682432878,0.0007643956645730936,5,0.0009032255077891401,0.0003268990946076029,5,0.0833333333333333,0.0,5
temporal_norm,short_mid,whole_count_ce,10,0.007634181559610801,0.004587480716319969,5,0.0050077796771794,0.0026003510109238515,5,0.00055090500809436,0.00016613042262606528,5,5.00777950281431e-05,2.6003510408491495e-05,5,5.509050150485691e-05,1.6613043172533157e-05,5,9.650784305027418e-05,3.874029150447229e-05,5,0.00702005194861028,0.0024400669585834056,5,0.008348523110941381,0.003177749595843367,5,0.014112794161553898,0.004809989812088827,5,5.558699726679944e-05,1.1120258667117855e-05,5,0.0020419900140863797,0.0004958395808157332,5,0.00116392610978936,0.00022572424270358293,5,0.0833333333333333,0.0,5
temporal_norm,short_mid,whole_count_ce,20,0.01234288571693056,0.008020259641542526,5,0.01573482783285242,0.017814072693472384,5,0.0010717516637544998,0.0006130854313305887,5,0.00015734825938192842,0.0001781406854071725,5,0.00010717516330194096,6.130853632188175e-05,5,0.00024865808414124,0.00022342088979716634,5,0.01196131470500576,0.007714702251364758,5,0.0092975030402195,0.0024768026067661132,5,0.01985822258857172,0.008371044678985416,5,0.00013388603263999308,5.378117031243709e-05,5,0.0041916569961769805,0.001900935063976855,5,0.0028153066395937,0.0010898297878474152,5,0.08611111111111105,0.00380362887156363,5
temporal_norm,short_mid,whole_count_ce,30,0.03050064220059734,0.010478202295291273,5,0.025860363173612115,0.006371336198264065,5,0.00226419304262904,0.0008649125579720493,5,0.00025860363182863996,6.37133626393716e-05,5,0.00022641931103452003,8.649126806517112e-05,5,0.00046314880540748,0.00013521630893896923,5,0.00949824899967478,0.0041455259540374234,5,0.00773967356196006,0.0027730650731889713,5,0.01640448980311508,0.006132429674928669,5,0.00033891665442822,9.818366887236207e-05,5,0.01014466454513788,0.002577083979518392,5,0.00682361580739224,0.0018735531273034113,5,0.10345238095238089,0.020811874814224262,5
temporal_norm,short_mid_long,timestep_ce,1,0.15227410361740065,0.03825116724107744,5,0.6364814049061034,0.3704089794101876,5,0.00242874603052284,0.0006302567222471941,5,0.006364813666790481,0.003704089612008556,5,0.00024287461203027996,6.302567331568961e-05,5,0.00643710747691416,0.0037080291979545896,5,0.03973261433508138,0.017173618548095855,5,0.0016232528200422597,0.0003946991203246547,5,0.04023701764624292,0.017203674001902456,5,0.0008171290343926999,0.00021616182694726114,5,0.1411314268037035,0.04579809570893875,5,0.00702316279462156,0.0012898292723543992,5,0.0916666666666666,0.007607257743127303,5
temporal_norm,short_mid_long,timestep_ce,2,0.05069355298113104,0.019392745115200324,5,0.25657476308812,0.209275040867509,5,0.0017194966359181,0.0003349215904128623,5,0.0025657475207750196,0.0020927502727730095,5,0.00017194967011954,3.349215770659298e-05,5,0.00262072063712016,0.002071564118380767,5,0.058394068669137024,0.05246800311504006,5,0.0037016211381932797,0.0010908760510005594,5,0.05951105008704458,0.05215816294199545,5,0.00045690222147896,9.097427659143808e-05,5,0.06482220025325956,0.01717489411746764,5,0.00492180684387436,0.0005850549883554113,5,0.08472222222222218,0.003105649968749689,5
temporal_norm,short_mid_long,timestep_ce,5,0.00910470331899536,0.010858055238920099,5,0.08013239570689815,0.05588659383125239,5,0.00087899280600914,0.0001881951003908586,5,0.0008013239108070159,0.0005588659063060012,5,8.789928180047802e-05,1.8819508809621366e-05,5,0.00082676191654334,0.0005433076472498426,5,0.17715941392588078,0.17153653535180122,5,0.0384356482639299,0.04839615160747098,5,0.199030788073498,0.17528038859370923,5,0.00019776398390562,2.7251696781426157e-05,5,0.02031786418744324,0.0048571693144379285,5,0.00286825549518868,0.00023761065907700402,5,0.0833333333333333,0.0,5
temporal_norm,short_mid_long,timestep_ce,10,0.015278339120364743,0.0035942004117705427,5,0.02832156260814504,0.01711750916051037,5,0.0008426297072669401,0.0002242860663042375,5,0.00028321560162804,0.0001711750628201196,5,8.426297037962877e-05,2.2428604894167314e-05,5,0.00032336323243900003,0.00017174552924037015,5,0.01780515136359688,0.008753113466090808,5,0.0056532562103628805,0.0013405930187407643,5,0.02063630105485436,0.008414884627611216,5,0.00013594449806942716,3.392939616318348e-05,5,0.01185720575225604,0.004222945581600015,5,0.0021600287474710196,0.0004163496783715192,5,0.0833333333333333,0.0,5
temporal_norm,short_mid_long,timestep_ce,20,0.00801662725707512,0.004296832417308706,5,0.07472925030494233,0.04066804850540296,5,0.0007991489243279399,0.00014845151291767715,5,0.00074729245517508,0.00040668048939668206,5,7.991489604977227e-05,1.4845154357731445e-05,5,0.00076290696146752,0.00039764773789432447,5,0.2052499945775256,0.2911331535722004,5,0.018406885430868238,0.021017920848670553,5,0.20797025607549205,0.29278579629083806,5,0.00012699358599563236,3.004938764060288e-05,5,0.010251106184437541,0.0021193853469651043,5,0.00206755776785424,0.0005299505150875492,5,0.0833333333333333,0.0,5
temporal_norm,short_mid_long,timestep_ce,30,0.00957937817074444,0.005036954108121024,5,0.06516263093109069,0.03150353893675645,5,0.0009557429975771,0.00023128283962520633,5,0.0006516262826493,0.00031503533725495565,5,9.557430496736736e-05,2.3128285193738708e-05,5,0.0006755392036104,0.00031107904874860543,5,0.0721754072744753,0.019037449080672317,5,0.01147683476817648,0.0037134174718610963,5,0.07519463447269759,0.018943490052333475,5,0.00012514485334762034,3.596115594672635e-05,5,0.0091760469693129,0.0034050143207199437,5,0.00211197780415158,0.0005526559450016177,5,0.0833333333333333,0.0,5
temporal_norm,short_mid_long,whole_count_ce,1,0.1144910739322041,0.016924372231288894,5,0.6364814049061034,0.3704089794101876,5,0.00242874603052284,0.0006302567222471941,5,0.006364813666790481,0.003704089612008556,5,0.00024287461203027996,6.302567331568961e-05,5,0.00643710747691416,0.0037080291979545896,5,0.05797248080266254,0.038899809559260014,5,0.00219533932442974,0.0008546669791162576,5,0.05863820678694585,0.03909181244503677,5,0.0008302996005104601,0.0002159162819497697,5,0.1379894048382693,0.04292058808106016,5,0.0070720655443675395,0.0013748857241538228,5,0.08749999999999995,0.006211299937499415,5
temporal_norm,short_mid_long,whole_count_ce,2,0.039824818906017204,0.01359670716074268,5,0.2337685347352715,0.16924310852338662,5,0.0017139364839146797,0.00024575598068257015,5,0.00233768524708242,0.0016924311144757812,5,0.0001713936525314,2.457559608490881e-05,5,0.0023877315861891,0.001670931706443437,5,0.0754520108635165,0.06911505410369005,5,0.00480333334197934,0.0018723908348660552,5,0.07665085899296135,0.06883019387848506,5,0.00042303063752886,8.779639468187992e-05,5,0.0556515616760709,0.014441471458477932,5,0.00489468074759556,0.0007419649227389993,5,0.08472222222222218,0.003105649968749689,5
temporal_norm,short_mid_long,whole_count_ce,5,0.03492444920655672,0.012554568982218713,5,0.09147290968162798,0.07055225363224701,5,0.00103442922362258,0.0003514337335168839,5,0.0009147290275717399,0.0007055224941439726,5,0.00010344292227560924,3.5143367995742784e-05,5,0.00094348199068192,0.0006968807857609551,5,0.023195027836165998,0.014573929032535437,5,0.0032727018368109997,0.0013584782049244231,5,0.02445738856283708,0.013745514362276483,5,0.00023239593846009998,5.9593009402609323e-05,5,0.02455516297605826,0.008890347057501989,5,0.0032243610200833597,0.0005601363833339788,5,0.0833333333333333,0.0,5
temporal_norm,short_mid_long,whole_count_ce,10,0.02779681916423944,0.012207490410859468,5,0.05533345529509433,0.015074251529824915,5,0.00111979980010652,0.00020153686217371522,5,0.00055333453749626,0.00015074253564614583,5,0.00011197997740562685,2.015368615869556e-05,5,0.00060032887359214,0.00013272879067889728,5,0.0255182522480352,0.019324270367029172,5,0.00473080580567826,0.002032319990544481,5,0.02731059271868096,0.019101528000570127,5,0.00021634019352292003,5.833596089990181e-05,5,0.01954605063574192,0.007051012417243727,5,0.0032488661150170003,0.0006802922165778733,5,0.08611111111111105,0.003803628871563635,5
temporal_norm,short_mid_long,whole_count_ce,20,0.01093423595065418,0.006963038992211963,5,0.07215598635726361,0.03289348663027247,5,0.0010649599078059,0.0002616288768038844,5,0.00072155979605344,0.00032893480737438704,5,0.00010649599494422083,2.616289157419784e-05,5,0.00075016382302768,0.00032563247125920084,5,0.12934531690177448,0.13089536877180138,5,0.01736256111117524,0.01651202323458497,5,0.13332621176279205,0.1337488848465157,5,0.00019032732177152,5.093346507464946e-05,5,0.012686944639601922,0.0038513140896728106,5,0.00324050518155106,0.0007954838266328965,5,0.08888888888888886,0.007607257743127311,5
temporal_norm,short_mid_long,whole_count_ce,30,0.005040504161111721,0.0025672798053858765,5,0.054210720969755856,0.009765889942122203,5,0.00134773563744412,0.00020068314418756163,5,0.0005421071851690799,9.76589111817744e-05,5,0.00013477356619338,2.006831415634633e-05,5,0.00059425335647012,8.316688233027607e-05,5,0.1613814431386528,0.15791549552004452,5,0.03538680632908198,0.02326655706139553,5,0.1746935811859335,0.16430314814435726,5,0.00018756094930052,5.166637147561541e-05,5,0.01167174756579838,0.0034368317368853396,5,0.0032287659169023797,0.0008547024819446664,5,0.09027777777777775,0.006944444444444446,5
warmup,mid_long,timestep_ce,1,1.079507261092043,0.4710761901408244,5,18420.716721213794,8665.613169071947,5,0.0260903318164842,0.007784931846808669,5,18.420717681790826,8.665614892228158,5,0.00026090330368168,7.784931695112017e-05,5,18.420786313926126,8.665614649008836,5,19.085179337324668,10.897754337316298,5,0.00025712500382472,5.327224403225622e-05,5,19.085248030718517,10.897759540723431,5,1.0002148189211266,0.44347014004587687,5,3232.4216736155,1867.7531134207068,5,0.06313274622335384,0.019792947421189182,5,0.06166666666666658,0.01894160727120666,5
warmup,mid_long,timestep_ce,2,0.42866680175374566,0.36211406588038014,5,8579.891658660497,4898.9344760682425,5,0.025189172505256964,0.0098736257347513,5,17.159784199509865,9.797869381214822,5,0.00050378343393332,0.00019747249050345995,5,17.15991750026824,9.797885352040575,5,53.33689615567024,34.90059031325328,5,0.00171584122990336,0.0008509497956599062,5,53.33734852590995,34.90066619695872,5,1.0095894562601848,0.5351418329515842,5,1398.7982224377422,856.0024742695917,5,0.047485666626522496,0.016713392029500073,5,0.07863756613756609,0.01931822719729776,5
warmup,mid_long,timestep_ce,5,0.06866235653343403,0.1074159273991416,5,862.7269177987404,460.7429526843173,5,0.014463587320690318,0.006300670932767869,5,4.313634593546564,2.303714753148145,5,0.0007231793973801999,0.0003150335766832877,5,4.313890310087436,2.3038356605137835,5,154.517413043016,81.75578450179704,5,0.0290287768848492,0.015350734064308778,5,154.52724887041265,81.76084836450822,5,0.46584880541247975,0.2657866576697894,5,233.91238294066335,135.86755661119224,5,0.02063528999667002,0.010171330659553252,5,0.08130952380952376,0.023662492445911835,5
warmup,mid_long,timestep_ce,10,0.00622471412087412,0.003585147953545794,5,151.91472908440315,68.97242251444845,5,0.00428603102312222,0.002039048460721536,5,1.5191473535814435,0.6897242370839672,5,0.00042860309545602,0.00020390482523232974,5,1.519344174745083,0.6897999952856649,5,404.5943859524465,426.2241212188952,5,0.12345932579551433,0.14155978096353522,5,404.63377943436035,426.24247962485737,5,0.15273008703768437,0.05598752844111016,5,37.91515812635832,13.902706907980496,5,0.0046145418688507,0.0019774777479352862,5,0.0823412698412698,0.006801244643254992,5
warmup,mid_long,timestep_ce,20,0.00063788517142168,0.0004458279135595675,5,37.53102839363193,24.731722062440635,5,0.0016093265556857803,0.0008294643216662296,5,0.37531026790091754,0.24731720191022924,5,0.00016093265906088122,8.294643726900275e-05,5,0.3753802152242626,0.24735166065195968,5,619.7632276855982,230.64070968056205,5,0.2817407515123307,0.09084794911899265,5,619.8864434541304,230.70793633932306,5,0.04394397355791396,0.010670703353079803,5,10.909430970177182,2.6480800625066716,5,0.00108385544721908,0.00038825009210238326,5,0.0833333333333333,0.0,5
warmup,mid_long,timestep_ce,30,0.00130963744802106,0.0018480191204025367,5,20.213789671126182,5.753927489313711,5,0.00100178715434826,0.00025630922688445483,5,0.20213788650412132,0.05753927578250272,5,0.00010017871762029121,2.5630931589635837e-05,5,0.2021749908321568,0.05753066714895899,5,347.56385205673354,177.3282178242133,5,0.17393295701268574,0.09637518656468698,5,347.63619397543187,177.36727931774251,5,0.026988507832273224,0.0065181573440394975,5,6.700639314044158,1.617805748136353,5,0.0005473813432266,0.00021299260975072488,5,0.0833333333333333,0.0,5
warmup,mid_long,whole_count_ce,1,0.6276491276039927,0.4257293087307586,5,18420.716721213794,8665.613169071947,5,0.0260903318164842,0.007784931846808669,5,18.420717681790826,8.665614892228158,5,0.00026090330368168,7.784931695112017e-05,5,18.420786313926126,8.665614649008836,5,39.343404710479476,24.306935675349973,5,0.00053996158490868,0.00029029526226044165,5,39.34355008098849,24.30699395054009,5,1.1767899728704716,0.568594944781311,5,3232.3763450635693,1867.7479852287413,5,0.06313394400228625,0.019789315753788922,5,0.06527176527176523,0.018812451555244507,5
warmup,mid_long,whole_count_ce,2,0.22022146121478564,0.2012937225819338,5,8579.490876574164,4898.1612492317845,5,0.02515697107804518,0.009807805338715989,5,17.158982905470857,9.796323212594343,5,0.0005031394121879,0.0001961561291324094,5,17.15911560883956,9.796338329335242,5,95.56801392444572,55.27249259002497,5,0.00311849129650522,0.0014431114805936503,5,95.56887840060112,55.27263213236911,5,1.090770704734344,0.6274932549350681,5,1398.8257650615014,855.9032615301239,5,0.04749615071613896,0.016697409447178173,5,0.07582010582010576,0.010850149425717546,5
warmup,mid_long,whole_count_ce,5,0.07378461078094503,0.062479302264295496,5,861.8719680431035,460.2468625745281,5,0.01449643938067596,0.00631727582662987,5,4.3093597801739785,2.301234252874764,5,0.0007248220168389,0.00031586380635868896,5,4.309615268307315,2.301354225575177,5,75.52908036298966,36.932382932720095,5,0.01397701362271428,0.007584287368360905,5,75.53390922587812,36.935269940075294,5,0.47245632984080543,0.27509052404736306,5,233.69648065878886,135.79244106498646,5,0.02063897861129312,0.010173843332140324,5,0.09539682539682534,0.02046509404635187,5
warmup,mid_long,whole_count_ce,10,0.02108169861792744,0.016902730423452816,5,151.29141338584824,69.04272118828911,5,0.00427681878707126,0.0020215423022166552,5,1.5129141063777554,0.6904272237370063,5,0.00042768187613056,0.00020215423031323267,5,1.5131108718695025,0.690501833479325,5,146.2257437880542,160.75584984806642,5,0.04547892237874194,0.054662092434766676,5,146.2400240625701,160.76432236181267,5,0.15334843834033157,0.056639396369226616,5,37.91731149867151,13.926572636933546,5,0.0046169104640453405,0.001977167899141762,5,0.08718253968253967,0.006465331894257053,5
warmup,mid_long,whole_count_ce,20,0.01159987043722074,0.010173550655036782,5,38.762901031474364,24.47554455250143,5,0.00162694349567098,0.0008146619038028331,5,0.3876289948339064,0.24475542224595345,5,0.00016269436091104214,8.146619708583268e-05,5,0.38770017204152185,0.24478722175368592,5,102.8026961449829,103.68936118602268,5,0.04927956523654204,0.05131280024589739,5,102.82108812308033,103.70706760247408,5,0.04398851339642764,0.010645594608070788,5,10.90252853564264,2.630288785950847,5,0.00108463588148562,0.0003927894396701561,5,0.08805555555555553,0.0069166108877715266,5
warmup,mid_long,whole_count_ce,30,0.0090441421764982,0.004603699507475913,5,19.71908705863725,5.141265066613317,5,0.00102875600081326,0.0002825107576811754,5,0.19719086756475404,0.05141265165731206,5,0.00010287560405577851,2.8251079566144568e-05,5,0.19722949695070086,0.05140367887829808,5,25.743129885526706,10.730802346918512,5,0.013677960283188961,0.006640108483285654,5,25.749293786712013,10.73585665307694,5,0.02702390660663902,0.00658420888079328,5,6.696961383688264,1.6252280413184226,5,0.00055109472746358,0.0002148808847730447,5,0.08472222222222218,0.003105649968749689,5
warmup,short_mid,timestep_ce,1,0.01847812492319128,0.005604528432330396,5,56.458868033326965,18.31790024213568,5,0.0011447735670460399,0.00033880432956336965,5,0.05645886909133292,0.018317899625489478,5,1.1447735586071755e-05,3.3880434879574766e-06,5,0.05646494553536434,0.018319206182386628,5,3.180264039162247,1.0300965031271625,5,0.00064658551852408,0.00020784583420769426,5,3.180603867107927,1.0301861822571088,5,0.00878041091466198,0.0010927040502482417,5,21.88146887695523,2.733433921468001,5,0.00148373946137546,0.00032661476094401914,5,0.0833333333333333,0.0,5
warmup,short_mid,timestep_ce,2,0.00289322827033554,0.002909159770581123,5,30.88073534039873,8.853890896064453,5,0.00064460875506938,0.00020229365781714064,5,0.061761474526297676,0.017707783692617177,5,1.2892174611116549e-05,4.045873024594764e-06,5,0.06176807590852218,0.017710204297182848,5,92.1567877361176,108.64300812618441,5,0.01969445765239092,0.023481310835256213,5,92.16708613754975,108.65542513733044,5,0.01032657890095732,0.0010877365447800335,5,12.833214884575796,1.3533096805453617,5,0.0008704508477094201,0.0001816591281108905,5,0.0833333333333333,0.0,5
warmup,short_mid,timestep_ce,5,0.0027375358815791965,0.0021854505556928405,5,9.39469657568647,1.326393362589105,5,0.00027394142447468,9.777709049059952e-05,5,0.046973483027741104,0.006631967725056545,5,1.3697071787114316e-05,4.888854774979229e-06,5,0.046978464809233254,0.00663385211892113,5,125.4882977124764,233.38658050646825,5,0.02575359359222592,0.04315287196532203,5,125.49974213378019,233.40702357377626,5,0.00787785978803586,0.0007535032802328104,5,3.9119551821953253,0.373911354310728,5,0.00034040527814057996,9.123758210450854e-05,5,0.0833333333333333,0.0,5
warmup,short_mid,timestep_ce,10,3.8527407354808114e-05,2.54017233064293e-05,5,2.393893821519883,0.39910684125139595,5,0.00014602665940172,3.476314420897988e-05,5,0.02393893712621978,0.00399106830462557,5,1.4602666127869419e-05,3.4763136404372947e-06,5,0.02394310038795976,0.003992671556928074,5,1001.7551706079925,989.2361922129649,5,0.5419811788519606,0.41485028276864594,5,1001.9036097140936,989.3701023087496,5,0.0056375703797623,0.00021379415676978398,5,1.3998555516622153,0.05308511945726491,5,0.00010193619898788942,1.291816596389261e-05,5,0.0833333333333333,0.0,5
warmup,short_mid,timestep_ce,20,4.455291699421368e-05,8.576416473695299e-05,5,0.8603461256495798,0.1942048764371234,5,0.00011877289776548,9.40775996110756e-06,5,0.00860346103166948,0.0019420488624648136,5,1.1877289858860746e-05,9.407766047225801e-07,5,0.00860558917759158,0.00194263050681494,5,2110.3489994958577,2647.9557424729737,5,3.104089250510464,4.245349000646731,5,2110.8994771138123,2648.7627209336943,5,0.00247595844750596,3.178806719536901e-05,5,0.614999493284603,0.007897408050280538,5,2.5307904609168735e-05,4.358342466623897e-06,5,0.0833333333333333,0.0,5
warmup,short_mid,timestep_ce,30,2.3912927654148676e-06,2.4391633487448595e-06,5,0.5503556770482659,0.065166990001775,5,0.00010455137534314,3.984933138775982e-06,5,0.00550355647209444,0.0006516697216098333,5,1.045513780689781e-05,3.9849362097112446e-07,5,0.00550425805936534,0.0006520673873715692,5,3769.911530009363,2102.3683525444867,5,7.145656368261551,3.7059585189256836,5,3770.339477893506,2102.628582853564,5,0.00153668888605054,5.326119125873654e-05,5,0.38174595201897743,0.013245576844197159,5,1.0689632871446876e-05,2.6272767698685736e-06,5,0.0833333333333333,0.0,5
warmup,short_mid,whole_count_ce,1,0.009398957403005939,0.004488597893059423,5,56.458868033326965,18.31790024213568,5,0.0011447735670460399,0.00033880432956336965,5,0.05645886909133292,0.018317899625489478,5,1.1447735586071755e-05,3.3880434879574766e-06,5,0.05646494553536434,0.018319206182386628,5,8.016467686571882,5.796513323386122,5,0.0016385888024826802,0.0012861171963385498,5,8.017369894879117,5.797319237350619,5,0.00880652872572974,0.00109319435101749,5,21.882414994756857,2.7243820804550007,5,0.00148391864725774,0.0003260567690720548,5,0.0833333333333333,0.0,5
warmup,short_mid,whole_count_ce,2,0.00264325525344996,0.0022523073129915873,5,30.866161487473516,8.8349032385342,5,0.00064991245469576,0.00020728208674024697,5,0.06173232467296193,0.017669806781306238,5,1.2998248258391009e-05,4.145641338167054e-06,5,0.06173896828805843,0.01767228533220231,5,83.06425243906708,92.45446083488977,5,0.01787679784922224,0.020062720661542133,5,83.07343196107779,92.46457279196618,5,0.010330735580375321,0.0010913155683635952,5,12.825558557362646,1.3550390612898118,5,0.00087082820312114,0.0001839862387509846,5,0.0833333333333333,0.0,5
warmup,short_mid,whole_count_ce,5,0.00278579017163668,0.0023740064970518933,5,9.419278558522677,1.3836315609506784,5,0.00027349601699950003,0.0001013913673754333,5,0.04709639303349032,0.006918158304415135,5,1.3674801634048958e-05,5.069568779040816e-06,5,0.0471014395640823,0.006920250308052072,5,103.70191991776696,158.9647991268772,5,0.022557137598822618,0.029627636271256804,5,103.71147010616787,158.9786883879586,5,0.007878059044785921,0.0007582013542932661,5,3.9109118199799844,0.37609976126788375,5,0.00034179129885756005,9.219807967761192e-05,5,0.0833333333333333,0.0,5
warmup,short_mid,whole_count_ce,10,8.864327686817751e-05,0.00010528199808016445,5,2.391085166279199,0.37913129157065095,5,0.00014774292431119998,3.5045294397414244e-05,5,0.02391085102034336,0.0037913128281649253,5,1.4774292232342853e-05,3.504529771389481e-06,5,0.023915080015320382,0.0037927084848302754,5,881.9590682783571,1129.3599581635458,5,0.4683914607511914,0.5034609617936597,5,882.0929073270001,1129.5210201005038,5,0.00563825692348152,0.00021581995299693705,5,1.399984915818692,0.05365800042017705,5,0.0001020832411095497,1.2625915003691615e-05,5,0.0833333333333333,0.0,5
warmup,short_mid,whole_count_ce,20,0.0001481922604528581,0.0003146888274605762,5,0.8678330678974799,0.20043045443979998,5,0.00011984462209685999,9.553434071242276e-06,5,0.008678330717923479,0.0020043047296920305,5,1.1984462147973444e-05,9.553434251841654e-07,5,0.008680503953688221,0.002004898315462165,5,2336.8041274288826,3371.895552695448,5,3.5444650908910136,5.516553859442898,5,2337.418081719191,3372.8957229015823,5,0.00247406784401698,3.292959472446853e-05,5,0.614516149094511,0.008170634965161709,5,2.5516352657263873e-05,4.400283468934154e-06,5,0.0833333333333333,0.0,5
warmup,short_mid,whole_count_ce,30,2.0372421981562993e-06,2.224477422381967e-06,5,0.5492635039418039,0.06488595740227938,5,0.00010462642035796001,4.294951119391493e-06,5,0.00549263467822588,0.0006488595159181169,5,1.0462642339126837e-05,4.2949513635698443e-07,5,0.0054933461951881205,0.0006493230307542793,5,4415.609813221964,2155.55990275403,5,8.501822783492782,4.114635139586152,5,4416.071754707385,2155.749380031928,5,0.0015370439883014401,5.406960799469808e-05,5,0.38183346066540563,0.013446116545792365,5,1.0763452720545006e-05,2.6878200404743e-06,5,0.0833333333333333,0.0,5
warmup,short_mid_long,timestep_ce,1,0.15227410361740065,0.03825116724107744,5,3123.688610226125,2084.1155641509213,5,0.00242874603052284,0.0006302567222471941,5,3.123688731139338,2.0841156481527343,5,2.4287458557340082e-05,6.302566705990908e-06,5,3.1236952894781007,2.0841161950774745,5,19.35606069313426,10.300597445723005,5,0.00016232526473438,3.9469910923798954e-05,5,19.35610658624879,10.300601051448618,5,0.20384032752966177,0.06391212940378184,5,529.073018794626,168.53280798145803,5,0.0066526975622961,0.001393488367295744,5,0.08472222222222218,0.003105649968749689,5
warmup,short_mid_long,timestep_ce,2,0.06921708795843352,0.020940125520790713,5,666.9328129607709,533.8536547010107,5,0.0017167870631192802,0.0003731814954841592,5,1.3338656897734866,1.067707346384135,5,3.433573840043889e-05,7.463627942567364e-06,5,1.333874082501025,1.0677032040690015,5,18.56591430801669,10.946876517210717,5,0.0005168827290200401,0.00013980851672841757,5,18.566047000129526,10.946811909127518,5,0.109738170883389,0.03191523591609514,5,138.06324774435177,40.311537195811,5,0.00388486426970444,0.000788054964009041,5,0.08472222222222218,0.003105649968749689,5
warmup,short_mid_long,timestep_ce,5,0.009270200986200499,0.005789915788770258,5,86.74822378099802,64.25738709328041,5,0.0007624991066032,0.000302500322544068,5,0.43374107846581894,0.32128689633463325,5,3.812495773471207e-05,1.5125017553103602e-05,5,0.4337519918005386,0.3212859311528456,5,49.06756875833422,32.25520651836794,5,0.00520804272527948,0.003620410006557995,5,49.069348609150424,32.255370866255674,5,0.03626554044521144,0.011230044864078189,5,18.033975187554418,5.593589086769416,5,0.0013234654458006,0.00026639011577823946,5,0.0833333333333333,0.0,5
warmup,short_mid_long,timestep_ce,10,0.00032536199009434,9.544162378830622e-05,5,7.4316300592578886,3.6275517911868387,5,0.00026571054411888,0.00013300348429530172,5,0.07431629613257056,0.036275515695616344,5,2.6571053431802467e-05,1.3300347406372172e-05,5,0.07433237681267732,0.03628442309283507,5,230.54624742879747,91.04376512701855,5,0.08051097583020513,0.026222016996300033,5,230.59469013573062,91.0620484492763,5,0.01947044681135078,0.0020821371587934033,5,4.836079392868147,0.5170973985042876,5,0.00043102583830827997,6.6857437823556e-05,5,0.0833333333333333,0.0,5
warmup,short_mid_long,timestep_ce,20,0.0003543964839272805,0.000626334862464667,5,11.666649763358185,20.31974735622065,5,0.00022752373760422155,0.00020050715265381344,5,0.11666647259768355,0.2031974234445024,5,2.2752373353146937e-05,2.0050715644818812e-05,5,0.11667244044008966,0.20319726999181292,5,4460.159487803123,9039.614909691865,5,3.587886328297477,7.594502132105585,5,4461.484551938136,9042.408626479777,5,0.0043382455054326394,0.000585710574735849,5,1.0769838286759315,0.14537210102869946,5,9.460209129240197e-05,3.386684714468546e-05,5,0.0833333333333333,0.0,5
warmup,short_mid_long,timestep_ce,30,2.456249626575396e-05,2.5649052139016667e-05,5,2.4117701395358306,1.158641185755974,5,0.00010289001086147739,1.7621622615317284e-05,5,0.02411769918761654,0.011586411463857253,5,1.0289001435523232e-05,1.7621621686640324e-06,5,0.02412142684621166,0.011588867301875728,5,3864.4233662608544,4316.992858431317,5,1.9762864089760648,2.2470789183747835,5,3864.7904071416974,4317.286281436629,5,0.0026482172850322604,0.0001814680001678068,5,0.6574940913720713,0.0448452453460653,5,5.186464618802062e-05,2.4670019076985372e-05,5,0.0833333333333333,0.0,5
warmup,short_mid_long,whole_count_ce,1,0.1144910739322041,0.016924372231288894,5,3123.688610226125,2084.1155641509213,5,0.00242874603052284,0.0006302567222471941,5,3.123688731139338,2.0841156481527343,5,2.4287458557340082e-05,6.302566705990908e-06,5,3.1236952894781007,2.0841161950774745,5,28.907758613987916,22.79736315443749,5,0.00021953390774266,8.546668535118918e-05,5,28.907819018515873,22.797382060143907,5,0.21035761773276174,0.06684216533714425,5,529.0298423898405,168.67303394654854,5,0.00665241562538548,0.0013957972615247153,5,0.08611111111111105,0.0038036288715636367,5
warmup,short_mid_long,whole_count_ce,2,0.045990313896991764,0.013785777837174254,5,669.0313384205963,542.3286522047431,5,0.0017269233496082202,0.00036877484376968063,5,1.338062742639887,1.0846574018713613,5,3.453846266982248e-05,7.375495192881446e-06,5,1.3380708653722766,1.0846533114000187,5,28.256002461066522,19.41129684835466,5,0.0008031219862810999,0.00026502891887551924,5,28.256203528997332,19.411197732402407,5,0.11126114901751653,0.0322866476367438,5,138.35792946019393,40.09660124625645,5,0.00388443181118898,0.0007940899299303199,5,0.08472222222222218,0.003105649968749689,5
warmup,short_mid_long,whole_count_ce,5,0.01261535080365656,0.010866630627397547,5,90.08770960255951,69.00202475280228,5,0.0007150660407263,0.00027788501480138685,5,0.45043853153230884,0.3450101066298387,5,3.575330338991282e-05,1.3894251312807829e-05,5,0.45044980281547586,0.34500842378878144,5,66.98756072123386,63.46687612083588,5,0.01079918402298702,0.017065443098942024,5,66.9937402553148,63.47757091342367,5,0.03727536105352966,0.011569511596165127,5,18.512233211743855,5.7512716333155085,5,0.0013349528414485401,0.0002536817573041727,5,0.0833333333333333,0.0,5
warmup,short_mid_long,whole_count_ce,10,0.002415273749399757,0.0028907607362456795,5,9.28662626002056,5.345862778755557,5,0.0002956058101908,0.00016394957416294891,5,0.09286625457262299,0.0534586199249024,5,2.9560581519140013e-05,1.6394959996532066e-05,5,0.09288539203814832,0.0534718768433231,5,331.8724878957664,595.8256201375383,5,0.09391633537678976,0.15331954515173668,5,331.93861251189213,595.9435996001195,5,0.022695664727368843,0.005137297140544993,5,5.634443254273853,1.2768363688883626,5,0.00041252763809586005,7.063991878994822e-05,5,0.0833333333333333,0.0,5
warmup,short_mid_long,whole_count_ce,20,0.0008348206225169925,0.0014622141796237552,5,7.580769528181818,8.878113755890448,5,0.000231063132597898,0.00020716975852293174,5,0.07580769031318106,0.08878113228582275,5,2.31063126465744e-05,2.0716974157349618e-05,5,0.07581730673364229,0.08878959989545164,5,4775.233323236493,10103.12671340388,5,3.617107848325522,7.855130949695699,5,4776.648779517792,10106.191280463061,5,0.0045548140402356194,0.00029246464629615384,5,1.1303959567862822,0.07299527837020289,5,0.0001060526135336455,1.666595602543411e-05,5,0.0833333333333333,0.0,5
warmup,short_mid_long,whole_count_ce,30,2.130262531247185e-05,1.9459680009478808e-05,5,2.4815602625637556,0.809159913861208,5,0.00010166562820178475,1.258728437989641e-05,5,0.024815602342932442,0.008091599448838511,5,1.0166562953579837e-05,1.258728568318789e-06,5,0.02481935757280068,0.008092750065982871,5,2565.7773358690793,2108.780139994819,5,1.0757850522494892,1.0136324765703286,5,2566.1177688759894,2109.0030796268616,5,0.00287958433553166,0.0004480814001044476,5,0.7147779769721007,0.11080353606194841,5,5.952707923637028e-05,3.1777200912581044e-05,5,0.0833333333333333,0.0,5
