profile,readout,seed,intervention,effective_mask_id,active_neuron_fraction,event_rate_hz,events_per_neuron_gesture,mean_abs_mem,mean_abs_syn,n_neurons,nonzero_fraction,rms_mem,rms_syn,shift,split
s2,hidden_count_linear,11,normal,none,1.0,15.959577603966034,25.626573257314973,1.3494453906158408,0.81347244898787,128,0.24936840006196928,2.095058193252447,1.1773569568948312,all,train
s2,hidden_count_linear,11,normal,none,1.0,15.959577603966034,25.626573257314973,1.3494453906158408,0.81347244898787,128,0.24936840006196928,2.095058193252447,1.1773569568948312,2,train
s2,hidden_count_linear,11,normal,none,1.0,14.772056887016065,20.866629464285715,1.2088948717737689,0.7343721708750329,128,0.23081338885962602,1.976235446562751,1.115068667372482,all,val
s2,hidden_count_linear,11,normal,none,1.0,14.772056887016065,20.866629464285715,1.2088948717737689,0.7343721708750329,128,0.23081338885962602,1.976235446562751,1.115068667372482,2,val
s2,hidden_count_linear,11,normal,none,0.96875,16.31457090788602,21.077643407534246,1.4019092941536977,0.846114707830491,128,0.25491517043571904,2.154441530358096,1.2119785771875329,all,test
s2,hidden_count_linear,11,normal,none,0.96875,16.31457090788602,21.077643407534246,1.4019092941536977,0.846114707830491,128,0.25491517043571904,2.154441530358096,1.2119785771875329,2,test
s2,hidden_count_linear,11,resetall250,s2,1.0,14.250431272715092,22.882167061101548,1.0277327917476176,0.6779216992720702,128,0.22266298863617331,1.6823302421432378,1.0071813449995095,all,train
s2,hidden_count_linear,11,resetall250,s2,1.0,14.250431272715092,22.882167061101548,1.0277327917476176,0.6779216992720702,128,0.22266298863617331,1.6823302421432378,1.0071813449995095,2,train
s2,hidden_count_linear,11,resetall250,s2,1.0,13.173689755069791,18.608816964285715,0.9238230668674831,0.6133691672016285,128,0.2058389024229655,1.589340888351771,0.9549599247094691,all,val
s2,hidden_count_linear,11,resetall250,s2,1.0,13.173689755069791,18.608816964285715,0.9238230668674831,0.6133691672016285,128,0.2058389024229655,1.589340888351771,0.9549599247094691,2,val
s2,hidden_count_linear,11,resetall250,s2,0.9765625,14.689612326043738,18.978274828767123,1.072975932248307,0.7079620462446674,128,0.2295251925944334,1.7354542590333206,1.0393384449221341,all,test
s2,hidden_count_linear,11,resetall250,s2,0.9765625,14.689612326043738,18.978274828767123,1.072975932248307,0.7079620462446674,128,0.2295251925944334,1.7354542590333206,1.0393384449221341,2,test
s2,hidden_count_linear,11,reset234,s2,1.0,14.250431272715092,22.882167061101548,1.0277327917476176,0.6779216992720702,128,0.22266298863617331,1.6823302421432378,1.0071813449995095,all,train
s2,hidden_count_linear,11,reset234,s2,1.0,14.250431272715092,22.882167061101548,1.0277327917476176,0.6779216992720702,128,0.22266298863617331,1.6823302421432378,1.0071813449995095,2,train
s2,hidden_count_linear,11,reset234,s2,1.0,13.173689755069791,18.608816964285715,0.9238230668674831,0.6133691672016285,128,0.2058389024229655,1.589340888351771,0.9549599247094691,all,val
s2,hidden_count_linear,11,reset234,s2,1.0,13.173689755069791,18.608816964285715,0.9238230668674831,0.6133691672016285,128,0.2058389024229655,1.589340888351771,0.9549599247094691,2,val
s2,hidden_count_linear,11,reset234,s2,0.9765625,14.689612326043738,18.978274828767123,1.072975932248307,0.7079620462446674,128,0.2295251925944334,1.7354542590333206,1.0393384449221341,all,test
s2,hidden_count_linear,11,reset234,s2,0.9765625,14.689612326043738,18.978274828767123,1.072975932248307,0.7079620462446674,128,0.2295251925944334,1.7354542590333206,1.0393384449221341,2,test
s2,hidden_count_linear,11,reset2345,s2,1.0,14.250431272715092,22.882167061101548,1.0277327917476176,0.6779216992720702,128,0.22266298863617331,1.6823302421432378,1.0071813449995095,all,train
s2,hidden_count_linear,11,reset2345,s2,1.0,14.250431272715092,22.882167061101548,1.0277327917476176,0.6779216992720702,128,0.22266298863617331,1.6823302421432378,1.0071813449995095,2,train
s2,hidden_count_linear,11,reset2345,s2,1.0,13.173689755069791,18.608816964285715,0.9238230668674831,0.6133691672016285,128,0.2058389024229655,1.589340888351771,0.9549599247094691,all,val
s2,hidden_count_linear,11,reset2345,s2,1.0,13.173689755069791,18.608816964285715,0.9238230668674831,0.6133691672016285,128,0.2058389024229655,1.589340888351771,0.9549599247094691,2,val
s2,hidden_count_linear,11,reset2345,s2,0.9765625,14.689612326043738,18.978274828767123,1.072975932248307,0.7079620462446674,128,0.2295251925944334,1.7354542590333206,1.0393384449221341,all,test
s2,hidden_count_linear,11,reset2345,s2,0.9765625,14.689612326043738,18.978274828767123,1.072975932248307,0.7079620462446674,128,0.2295251925944334,1.7354542590333206,1.0393384449221341,2,test
s2,hidden_count_linear,11,reset23456,s2,1.0,14.250431272715092,22.882167061101548,1.0277327917476176,0.6779216992720702,128,0.22266298863617331,1.6823302421432378,1.0071813449995095,all,train
s2,hidden_count_linear,11,reset23456,s2,1.0,14.250431272715092,22.882167061101548,1.0277327917476176,0.6779216992720702,128,0.22266298863617331,1.6823302421432378,1.0071813449995095,2,train
s2,hidden_count_linear,11,reset23456,s2,1.0,13.173689755069791,18.608816964285715,0.9238230668674831,0.6133691672016285,128,0.2058389024229655,1.589340888351771,0.9549599247094691,all,val
s2,hidden_count_linear,11,reset23456,s2,1.0,13.173689755069791,18.608816964285715,0.9238230668674831,0.6133691672016285,128,0.2058389024229655,1.589340888351771,0.9549599247094691,2,val
s2,hidden_count_linear,11,reset23456,s2,0.9765625,14.689612326043738,18.978274828767123,1.072975932248307,0.7079620462446674,128,0.2295251925944334,1.7354542590333206,1.0393384449221341,all,test
s2,hidden_count_linear,11,reset23456,s2,0.9765625,14.689612326043738,18.978274828767123,1.072975932248307,0.7079620462446674,128,0.2295251925944334,1.7354542590333206,1.0393384449221341,2,test
s2,hidden_count_linear,11,reset67,none,1.0,15.959577603966034,25.626573257314973,1.3494453906158408,0.81347244898787,128,0.24936840006196928,2.095058193252447,1.1773569568948312,all,train
s2,hidden_count_linear,11,reset67,none,1.0,15.959577603966034,25.626573257314973,1.3494453906158408,0.81347244898787,128,0.24936840006196928,2.095058193252447,1.1773569568948312,2,train
s2,hidden_count_linear,11,reset67,none,1.0,14.772056887016065,20.866629464285715,1.2088948717737689,0.7343721708750329,128,0.23081338885962602,1.976235446562751,1.115068667372482,all,val
s2,hidden_count_linear,11,reset67,none,1.0,14.772056887016065,20.866629464285715,1.2088948717737689,0.7343721708750329,128,0.23081338885962602,1.976235446562751,1.115068667372482,2,val
s2,hidden_count_linear,11,reset67,none,0.96875,16.31457090788602,21.077643407534246,1.4019092941536977,0.846114707830491,128,0.25491517043571904,2.154441530358096,1.2119785771875329,all,test
s2,hidden_count_linear,11,reset67,none,0.96875,16.31457090788602,21.077643407534246,1.4019092941536977,0.846114707830491,128,0.25491517043571904,2.154441530358096,1.2119785771875329,2,test
s2,hidden_count_linear,11,reset567,none,1.0,15.959577603966034,25.626573257314973,1.3494453906158408,0.81347244898787,128,0.24936840006196928,2.095058193252447,1.1773569568948312,all,train
s2,hidden_count_linear,11,reset567,none,1.0,15.959577603966034,25.626573257314973,1.3494453906158408,0.81347244898787,128,0.24936840006196928,2.095058193252447,1.1773569568948312,2,train
s2,hidden_count_linear,11,reset567,none,1.0,14.772056887016065,20.866629464285715,1.2088948717737689,0.7343721708750329,128,0.23081338885962602,1.976235446562751,1.115068667372482,all,val
s2,hidden_count_linear,11,reset567,none,1.0,14.772056887016065,20.866629464285715,1.2088948717737689,0.7343721708750329,128,0.23081338885962602,1.976235446562751,1.115068667372482,2,val
s2,hidden_count_linear,11,reset567,none,0.96875,16.31457090788602,21.077643407534246,1.4019092941536977,0.846114707830491,128,0.25491517043571904,2.154441530358096,1.2119785771875329,all,test
s2,hidden_count_linear,11,reset567,none,0.96875,16.31457090788602,21.077643407534246,1.4019092941536977,0.846114707830491,128,0.25491517043571904,2.154441530358096,1.2119785771875329,2,test
s2,hidden_count_linear,23,normal,none,0.9921875,13.743380173179025,22.067986230636834,1.566755416031621,0.9061850670252232,128,0.21474031520592227,2.384900002319881,1.2977871373901213,all,train
s2,hidden_count_linear,23,normal,none,0.9921875,13.743380173179025,22.067986230636834,1.566755416031621,0.9061850670252232,128,0.21474031520592227,2.384900002319881,1.2977871373901213,2,train
s2,hidden_count_linear,23,normal,none,0.953125,12.395575454306032,17.50967261904762,1.4081178225956896,0.8169849346523571,128,0.19368086647353175,2.2380253028678845,1.2203678451363418,all,val
s2,hidden_count_linear,23,normal,none,0.953125,12.395575454306032,17.50967261904762,1.4081178225956896,0.8169849346523571,128,0.19368086647353175,2.2380253028678845,1.2203678451363418,2,val
s2,hidden_count_linear,23,normal,none,0.953125,14.161820742213386,18.296393407534246,1.6310264127312946,0.9459300815387622,128,0.22127844909708416,2.472593391993962,1.3476078491623,all,test
s2,hidden_count_linear,23,normal,none,0.953125,14.161820742213386,18.296393407534246,1.6310264127312946,0.9459300815387622,128,0.22127844909708416,2.472593391993962,1.3476078491623,2,test
s2,hidden_count_linear,23,resetall250,s2,0.9921875,12.287194131341383,19.72976280120482,1.195172804146708,0.7539172902413034,128,0.19198740830220912,1.9186757023539718,1.1089357249754201,all,train
s2,hidden_count_linear,23,resetall250,s2,0.9921875,12.287194131341383,19.72976280120482,1.195172804146708,0.7539172902413034,128,0.19198740830220912,1.9186757023539718,1.1089357249754201,2,train
s2,hidden_count_linear,23,resetall250,s2,0.953125,11.082609077341761,15.655009920634921,1.077585923097182,0.6811391840323501,128,0.17316576683346502,1.8029477787422366,1.043700060822437,all,val
s2,hidden_count_linear,23,resetall250,s2,0.953125,11.082609077341761,15.655009920634921,1.077585923097182,0.6811391840323501,128,0.17316576683346502,1.8029477787422366,1.043700060822437,2,val
s2,hidden_count_linear,23,resetall250,s2,0.9375,12.785785288270377,16.518621575342465,1.2506509607718275,0.7903132960052187,128,0.19977789512922464,1.9947717888258094,1.1539700069986778,all,test
s2,hidden_count_linear,23,resetall250,s2,0.9375,12.785785288270377,16.518621575342465,1.2506509607718275,0.7903132960052187,128,0.19977789512922464,1.9947717888258094,1.1539700069986778,2,test
s2,hidden_count_linear,23,reset234,s2,0.9921875,12.287194131341383,19.72976280120482,1.195172804146708,0.7539172902413034,128,0.19198740830220912,1.9186757023539718,1.1089357249754201,all,train
s2,hidden_count_linear,23,reset234,s2,0.9921875,12.287194131341383,19.72976280120482,1.195172804146708,0.7539172902413034,128,0.19198740830220912,1.9186757023539718,1.1089357249754201,2,train
s2,hidden_count_linear,23,reset234,s2,0.953125,11.082609077341761,15.655009920634921,1.077585923097182,0.6811391840323501,128,0.17316576683346502,1.8029477787422366,1.043700060822437,all,val
s2,hidden_count_linear,23,reset234,s2,0.953125,11.082609077341761,15.655009920634921,1.077585923097182,0.6811391840323501,128,0.17316576683346502,1.8029477787422366,1.043700060822437,2,val
s2,hidden_count_linear,23,reset234,s2,0.9375,12.785785288270377,16.518621575342465,1.2506509607718275,0.7903132960052187,128,0.19977789512922464,1.9947717888258094,1.1539700069986778,all,test
s2,hidden_count_linear,23,reset234,s2,0.9375,12.785785288270377,16.518621575342465,1.2506509607718275,0.7903132960052187,128,0.19977789512922464,1.9947717888258094,1.1539700069986778,2,test
s2,hidden_count_linear,23,reset2345,s2,0.9921875,12.287194131341383,19.72976280120482,1.195172804146708,0.7539172902413034,128,0.19198740830220912,1.9186757023539718,1.1089357249754201,all,train
s2,hidden_count_linear,23,reset2345,s2,0.9921875,12.287194131341383,19.72976280120482,1.195172804146708,0.7539172902413034,128,0.19198740830220912,1.9186757023539718,1.1089357249754201,2,train
s2,hidden_count_linear,23,reset2345,s2,0.953125,11.082609077341761,15.655009920634921,1.077585923097182,0.6811391840323501,128,0.17316576683346502,1.8029477787422366,1.043700060822437,all,val
s2,hidden_count_linear,23,reset2345,s2,0.953125,11.082609077341761,15.655009920634921,1.077585923097182,0.6811391840323501,128,0.17316576683346502,1.8029477787422366,1.043700060822437,2,val
s2,hidden_count_linear,23,reset2345,s2,0.9375,12.785785288270377,16.518621575342465,1.2506509607718275,0.7903132960052187,128,0.19977789512922464,1.9947717888258094,1.1539700069986778,all,test
s2,hidden_count_linear,23,reset2345,s2,0.9375,12.785785288270377,16.518621575342465,1.2506509607718275,0.7903132960052187,128,0.19977789512922464,1.9947717888258094,1.1539700069986778,2,test
s2,hidden_count_linear,23,reset23456,s2,0.9921875,12.287194131341383,19.72976280120482,1.195172804146708,0.7539172902413034,128,0.19198740830220912,1.9186757023539718,1.1089357249754201,all,train
s2,hidden_count_linear,23,reset23456,s2,0.9921875,12.287194131341383,19.72976280120482,1.195172804146708,0.7539172902413034,128,0.19198740830220912,1.9186757023539718,1.1089357249754201,2,train
s2,hidden_count_linear,23,reset23456,s2,0.953125,11.082609077341761,15.655009920634921,1.077585923097182,0.6811391840323501,128,0.17316576683346502,1.8029477787422366,1.043700060822437,all,val
s2,hidden_count_linear,23,reset23456,s2,0.953125,11.082609077341761,15.655009920634921,1.077585923097182,0.6811391840323501,128,0.17316576683346502,1.8029477787422366,1.043700060822437,2,val
s2,hidden_count_linear,23,reset23456,s2,0.9375,12.785785288270377,16.518621575342465,1.2506509607718275,0.7903132960052187,128,0.19977789512922464,1.9947717888258094,1.1539700069986778,all,test
s2,hidden_count_linear,23,reset23456,s2,0.9375,12.785785288270377,16.518621575342465,1.2506509607718275,0.7903132960052187,128,0.19977789512922464,1.9947717888258094,1.1539700069986778,2,test
s2,hidden_count_linear,23,reset67,none,0.9921875,13.743380173179025,22.067986230636834,1.566755416031621,0.9061850670252232,128,0.21474031520592227,2.384900002319881,1.2977871373901213,all,train
s2,hidden_count_linear,23,reset67,none,0.9921875,13.743380173179025,22.067986230636834,1.566755416031621,0.9061850670252232,128,0.21474031520592227,2.384900002319881,1.2977871373901213,2,train
s2,hidden_count_linear,23,reset67,none,0.953125,12.395575454306032,17.50967261904762,1.4081178225956896,0.8169849346523571,128,0.19368086647353175,2.2380253028678845,1.2203678451363418,all,val
s2,hidden_count_linear,23,reset67,none,0.953125,12.395575454306032,17.50967261904762,1.4081178225956896,0.8169849346523571,128,0.19368086647353175,2.2380253028678845,1.2203678451363418,2,val
s2,hidden_count_linear,23,reset67,none,0.953125,14.161820742213386,18.296393407534246,1.6310264127312946,0.9459300815387622,128,0.22127844909708416,2.472593391993962,1.3476078491623,all,test
s2,hidden_count_linear,23,reset67,none,0.953125,14.161820742213386,18.296393407534246,1.6310264127312946,0.9459300815387622,128,0.22127844909708416,2.472593391993962,1.3476078491623,2,test
s2,hidden_count_linear,23,reset567,none,0.9921875,13.743380173179025,22.067986230636834,1.566755416031621,0.9061850670252232,128,0.21474031520592227,2.384900002319881,1.2977871373901213,all,train
s2,hidden_count_linear,23,reset567,none,0.9921875,13.743380173179025,22.067986230636834,1.566755416031621,0.9061850670252232,128,0.21474031520592227,2.384900002319881,1.2977871373901213,2,train
s2,hidden_count_linear,23,reset567,none,0.953125,12.395575454306032,17.50967261904762,1.4081178225956896,0.8169849346523571,128,0.19368086647353175,2.2380253028678845,1.2203678451363418,all,val
s2,hidden_count_linear,23,reset567,none,0.953125,12.395575454306032,17.50967261904762,1.4081178225956896,0.8169849346523571,128,0.19368086647353175,2.2380253028678845,1.2203678451363418,2,val
s2,hidden_count_linear,23,reset567,none,0.953125,14.161820742213386,18.296393407534246,1.6310264127312946,0.9459300815387622,128,0.22127844909708416,2.472593391993962,1.3476078491623,all,test
s2,hidden_count_linear,23,reset567,none,0.953125,14.161820742213386,18.296393407534246,1.6310264127312946,0.9459300815387622,128,0.22127844909708416,2.472593391993962,1.3476078491623,2,test
s2,hidden_count_linear,101,normal,none,0.984375,18.42165072772037,29.57996719018933,1.2891793302868593,0.8022865991686485,128,0.28783829262063076,2.075526133682165,1.1850142332524054,all,train
s2,hidden_count_linear,101,normal,none,0.984375,18.42165072772037,29.57996719018933,1.2891793302868593,0.8022865991686485,128,0.28783829262063076,2.075526133682165,1.1850142332524054,2,train
s2,hidden_count_linear,101,normal,none,0.9765625,16.962645948555878,23.960999503968253,1.1180130901040295,0.7055956834068563,128,0.2650413429461856,1.8955517980080663,1.0898509974768769,all,val
s2,hidden_count_linear,101,normal,none,0.9765625,16.962645948555878,23.960999503968253,1.1180130901040295,0.7055956834068563,128,0.2650413429461856,1.8955517980080663,1.0898509974768769,2,val
s2,hidden_count_linear,101,normal,none,0.96875,18.807902584493043,24.298908390410958,1.3422882100301834,0.8351978784843025,128,0.2938734778827038,2.155675349658407,1.2296791767048996,all,test
s2,hidden_count_linear,101,normal,none,0.96875,18.807902584493043,24.298908390410958,1.3422882100301834,0.8351978784843025,128,0.2938734778827038,2.155675349658407,1.2296791767048996,2,test
s2,hidden_count_linear,101,resetall250,s2,0.984375,16.40829383489373,26.347084767641995,0.9809711218690857,0.6693492217725727,128,0.2563795911702145,1.6649833012225757,1.0141503895514157,all,train
s2,hidden_count_linear,101,resetall250,s2,0.984375,16.40829383489373,26.347084767641995,0.9809711218690857,0.6693492217725727,128,0.2563795911702145,1.6649833012225757,1.0141503895514157,2,train
s2,hidden_count_linear,101,resetall250,s2,0.9765625,15.02730225616715,21.22718253968254,0.8535572902949697,0.5898719126530814,128,0.23480159775261172,1.5215327755212305,0.9333779044593463,all,val
s2,hidden_count_linear,101,resetall250,s2,0.9765625,15.02730225616715,21.22718253968254,0.8535572902949697,0.5898719126530814,128,0.23480159775261172,1.5215327755212305,0.9333779044593463,2,val
s2,hidden_count_linear,101,resetall250,s2,0.96875,16.890159045725646,21.821275684931507,1.028024692421642,0.7003076046487999,128,0.2639087350894632,1.7371752980479271,1.0558539170652552,all,test
s2,hidden_count_linear,101,resetall250,s2,0.96875,16.890159045725646,21.821275684931507,1.028024692421642,0.7003076046487999,128,0.2639087350894632,1.7371752980479271,1.0558539170652552,2,test
s2,hidden_count_linear,101,reset234,s2,0.984375,16.40829383489373,26.347084767641995,0.9809711218690857,0.6693492217725727,128,0.2563795911702145,1.6649833012225757,1.0141503895514157,all,train
s2,hidden_count_linear,101,reset234,s2,0.984375,16.40829383489373,26.347084767641995,0.9809711218690857,0.6693492217725727,128,0.2563795911702145,1.6649833012225757,1.0141503895514157,2,train
s2,hidden_count_linear,101,reset234,s2,0.9765625,15.02730225616715,21.22718253968254,0.8535572902949697,0.5898719126530814,128,0.23480159775261172,1.5215327755212305,0.9333779044593463,all,val
s2,hidden_count_linear,101,reset234,s2,0.9765625,15.02730225616715,21.22718253968254,0.8535572902949697,0.5898719126530814,128,0.23480159775261172,1.5215327755212305,0.9333779044593463,2,val
s2,hidden_count_linear,101,reset234,s2,0.96875,16.890159045725646,21.821275684931507,1.028024692421642,0.7003076046487999,128,0.2639087350894632,1.7371752980479271,1.0558539170652552,all,test
s2,hidden_count_linear,101,reset234,s2,0.96875,16.890159045725646,21.821275684931507,1.028024692421642,0.7003076046487999,128,0.2639087350894632,1.7371752980479271,1.0558539170652552,2,test
s2,hidden_count_linear,101,reset2345,s2,0.984375,16.40829383489373,26.347084767641995,0.9809711218690857,0.6693492217725727,128,0.2563795911702145,1.6649833012225757,1.0141503895514157,all,train
s2,hidden_count_linear,101,reset2345,s2,0.984375,16.40829383489373,26.347084767641995,0.9809711218690857,0.6693492217725727,128,0.2563795911702145,1.6649833012225757,1.0141503895514157,2,train
s2,hidden_count_linear,101,reset2345,s2,0.9765625,15.02730225616715,21.22718253968254,0.8535572902949697,0.5898719126530814,128,0.23480159775261172,1.5215327755212305,0.9333779044593463,all,val
s2,hidden_count_linear,101,reset2345,s2,0.9765625,15.02730225616715,21.22718253968254,0.8535572902949697,0.5898719126530814,128,0.23480159775261172,1.5215327755212305,0.9333779044593463,2,val
s2,hidden_count_linear,101,reset2345,s2,0.96875,16.890159045725646,21.821275684931507,1.028024692421642,0.7003076046487999,128,0.2639087350894632,1.7371752980479271,1.0558539170652552,all,test
s2,hidden_count_linear,101,reset2345,s2,0.96875,16.890159045725646,21.821275684931507,1.028024692421642,0.7003076046487999,128,0.2639087350894632,1.7371752980479271,1.0558539170652552,2,test
s2,hidden_count_linear,101,reset23456,s2,0.984375,16.40829383489373,26.347084767641995,0.9809711218690857,0.6693492217725727,128,0.2563795911702145,1.6649833012225757,1.0141503895514157,all,train
s2,hidden_count_linear,101,reset23456,s2,0.984375,16.40829383489373,26.347084767641995,0.9809711218690857,0.6693492217725727,128,0.2563795911702145,1.6649833012225757,1.0141503895514157,2,train
s2,hidden_count_linear,101,reset23456,s2,0.9765625,15.02730225616715,21.22718253968254,0.8535572902949697,0.5898719126530814,128,0.23480159775261172,1.5215327755212305,0.9333779044593463,all,val
s2,hidden_count_linear,101,reset23456,s2,0.9765625,15.02730225616715,21.22718253968254,0.8535572902949697,0.5898719126530814,128,0.23480159775261172,1.5215327755212305,0.9333779044593463,2,val
s2,hidden_count_linear,101,reset23456,s2,0.96875,16.890159045725646,21.821275684931507,1.028024692421642,0.7003076046487999,128,0.2639087350894632,1.7371752980479271,1.0558539170652552,all,test
s2,hidden_count_linear,101,reset23456,s2,0.96875,16.890159045725646,21.821275684931507,1.028024692421642,0.7003076046487999,128,0.2639087350894632,1.7371752980479271,1.0558539170652552,2,test
s2,hidden_count_linear,101,reset67,none,0.984375,18.42165072772037,29.57996719018933,1.2891793302868593,0.8022865991686485,128,0.28783829262063076,2.075526133682165,1.1850142332524054,all,train
s2,hidden_count_linear,101,reset67,none,0.984375,18.42165072772037,29.57996719018933,1.2891793302868593,0.8022865991686485,128,0.28783829262063076,2.075526133682165,1.1850142332524054,2,train
s2,hidden_count_linear,101,reset67,none,0.9765625,16.962645948555878,23.960999503968253,1.1180130901040295,0.7055956834068563,128,0.2650413429461856,1.8955517980080663,1.0898509974768769,all,val
s2,hidden_count_linear,101,reset67,none,0.9765625,16.962645948555878,23.960999503968253,1.1180130901040295,0.7055956834068563,128,0.2650413429461856,1.8955517980080663,1.0898509974768769,2,val
s2,hidden_count_linear,101,reset67,none,0.96875,18.807902584493043,24.298908390410958,1.3422882100301834,0.8351978784843025,128,0.2938734778827038,2.155675349658407,1.2296791767048996,all,test
s2,hidden_count_linear,101,reset67,none,0.96875,18.807902584493043,24.298908390410958,1.3422882100301834,0.8351978784843025,128,0.2938734778827038,2.155675349658407,1.2296791767048996,2,test
s2,hidden_count_linear,101,reset567,none,0.984375,18.42165072772037,29.57996719018933,1.2891793302868593,0.8022865991686485,128,0.28783829262063076,2.075526133682165,1.1850142332524054,all,train
s2,hidden_count_linear,101,reset567,none,0.984375,18.42165072772037,29.57996719018933,1.2891793302868593,0.8022865991686485,128,0.28783829262063076,2.075526133682165,1.1850142332524054,2,train
s2,hidden_count_linear,101,reset567,none,0.9765625,16.962645948555878,23.960999503968253,1.1180130901040295,0.7055956834068563,128,0.2650413429461856,1.8955517980080663,1.0898509974768769,all,val
s2,hidden_count_linear,101,reset567,none,0.9765625,16.962645948555878,23.960999503968253,1.1180130901040295,0.7055956834068563,128,0.2650413429461856,1.8955517980080663,1.0898509974768769,2,val
s2,hidden_count_linear,101,reset567,none,0.96875,18.807902584493043,24.298908390410958,1.3422882100301834,0.8351978784843025,128,0.2938734778827038,2.155675349658407,1.2296791767048996,all,test
s2,hidden_count_linear,101,reset567,none,0.96875,18.807902584493043,24.298908390410958,1.3422882100301834,0.8351978784843025,128,0.2938734778827038,2.155675349658407,1.2296791767048996,2,test
s2,output_lif,11,normal,none,0.9765625,17.307953841258144,27.791684595524956,1.5924163715623796,0.9466776053922697,128,0.2704367787696585,2.448904396463872,1.3674300757379583,all,train
s2,output_lif,11,normal,none,0.9765625,17.307953841258144,27.791684595524956,1.5924163715623796,0.9466776053922697,128,0.2704367787696585,2.448904396463872,1.3674300757379583,2,train
s2,output_lif,11,normal,none,0.9453125,15.94917039768238,22.52938988095238,1.4118542393666051,0.8463123299095777,128,0.2492057874637872,2.2831692865020083,1.281256189349354,all,val
s2,output_lif,11,normal,none,0.9453125,15.94917039768238,22.52938988095238,1.4118542393666051,0.8463123299095777,128,0.2492057874637872,2.2831692865020083,1.281256189349354,2,val
s2,output_lif,11,normal,none,0.9453125,17.441434724983434,22.53349743150685,1.6342617310460155,0.9727895040240329,128,0.27252241757786616,2.492805214544757,1.3944168559266013,all,test
s2,output_lif,11,normal,none,0.9453125,17.441434724983434,22.53349743150685,1.6342617310460155,0.9727895040240329,128,0.27252241757786616,2.492805214544757,1.3944168559266013,2,test
s2,output_lif,11,resetall250,s2,0.96875,15.704314401996417,25.21669266351119,1.206805080434455,0.7869268757222772,128,0.245379912531194,1.961872812490295,1.1676838196370063,all,train
s2,output_lif,11,resetall250,s2,0.96875,15.704314401996417,25.21669266351119,1.206805080434455,0.7869268757222772,128,0.245379912531194,1.961872812490295,1.1676838196370063,2,train
s2,output_lif,11,resetall250,s2,0.953125,14.431832148187166,20.386036706349206,1.0736528392755245,0.7050713522462909,128,0.22549737731542446,1.8323968486297475,1.095620531701755,all,val
s2,output_lif,11,resetall250,s2,0.953125,14.431832148187166,20.386036706349206,1.0736528392755245,0.7050713522462909,128,0.22549737731542446,1.8323968486297475,1.095620531701755,2,val
s2,output_lif,11,resetall250,s2,0.9375,15.944333996023857,20.59931506849315,1.245557346432473,0.8122365962913922,128,0.24913021868787277,2.003551255155036,1.1938403944851257,all,test
s2,output_lif,11,resetall250,s2,0.9375,15.944333996023857,20.59931506849315,1.245557346432473,0.8122365962913922,128,0.24913021868787277,2.003551255155036,1.1938403944851257,2,test
s2,output_lif,11,reset234,s2,0.96875,15.704314401996417,25.21669266351119,1.206805080434455,0.7869268757222772,128,0.245379912531194,1.961872812490295,1.1676838196370063,all,train
s2,output_lif,11,reset234,s2,0.96875,15.704314401996417,25.21669266351119,1.206805080434455,0.7869268757222772,128,0.245379912531194,1.961872812490295,1.1676838196370063,2,train
s2,output_lif,11,reset234,s2,0.953125,14.431832148187166,20.386036706349206,1.0736528392755245,0.7050713522462909,128,0.22549737731542446,1.8323968486297475,1.095620531701755,all,val
s2,output_lif,11,reset234,s2,0.953125,14.431832148187166,20.386036706349206,1.0736528392755245,0.7050713522462909,128,0.22549737731542446,1.8323968486297475,1.095620531701755,2,val
s2,output_lif,11,reset234,s2,0.9375,15.944333996023857,20.59931506849315,1.245557346432473,0.8122365962913922,128,0.24913021868787277,2.003551255155036,1.1938403944851257,all,test
s2,output_lif,11,reset234,s2,0.9375,15.944333996023857,20.59931506849315,1.245557346432473,0.8122365962913922,128,0.24913021868787277,2.003551255155036,1.1938403944851257,2,test
s2,output_lif,11,reset2345,s2,0.96875,15.704314401996417,25.21669266351119,1.206805080434455,0.7869268757222772,128,0.245379912531194,1.961872812490295,1.1676838196370063,all,train
s2,output_lif,11,reset2345,s2,0.96875,15.704314401996417,25.21669266351119,1.206805080434455,0.7869268757222772,128,0.245379912531194,1.961872812490295,1.1676838196370063,2,train
s2,output_lif,11,reset2345,s2,0.953125,14.431832148187166,20.386036706349206,1.0736528392755245,0.7050713522462909,128,0.22549737731542446,1.8323968486297475,1.095620531701755,all,val
s2,output_lif,11,reset2345,s2,0.953125,14.431832148187166,20.386036706349206,1.0736528392755245,0.7050713522462909,128,0.22549737731542446,1.8323968486297475,1.095620531701755,2,val
s2,output_lif,11,reset2345,s2,0.9375,15.944333996023857,20.59931506849315,1.245557346432473,0.8122365962913922,128,0.24913021868787277,2.003551255155036,1.1938403944851257,all,test
s2,output_lif,11,reset2345,s2,0.9375,15.944333996023857,20.59931506849315,1.245557346432473,0.8122365962913922,128,0.24913021868787277,2.003551255155036,1.1938403944851257,2,test
s2,output_lif,11,reset23456,s2,0.96875,15.704314401996417,25.21669266351119,1.206805080434455,0.7869268757222772,128,0.245379912531194,1.961872812490295,1.1676838196370063,all,train
s2,output_lif,11,reset23456,s2,0.96875,15.704314401996417,25.21669266351119,1.206805080434455,0.7869268757222772,128,0.245379912531194,1.961872812490295,1.1676838196370063,2,train
s2,output_lif,11,reset23456,s2,0.953125,14.431832148187166,20.386036706349206,1.0736528392755245,0.7050713522462909,128,0.22549737731542446,1.8323968486297475,1.095620531701755,all,val
s2,output_lif,11,reset23456,s2,0.953125,14.431832148187166,20.386036706349206,1.0736528392755245,0.7050713522462909,128,0.22549737731542446,1.8323968486297475,1.095620531701755,2,val
s2,output_lif,11,reset23456,s2,0.9375,15.944333996023857,20.59931506849315,1.245557346432473,0.8122365962913922,128,0.24913021868787277,2.003551255155036,1.1938403944851257,all,test
s2,output_lif,11,reset23456,s2,0.9375,15.944333996023857,20.59931506849315,1.245557346432473,0.8122365962913922,128,0.24913021868787277,2.003551255155036,1.1938403944851257,2,test
s2,output_lif,11,reset67,none,0.9765625,17.307953841258144,27.791684595524956,1.5924163715623796,0.9466776053922697,128,0.2704367787696585,2.448904396463872,1.3674300757379583,all,train
s2,output_lif,11,reset67,none,0.9765625,17.307953841258144,27.791684595524956,1.5924163715623796,0.9466776053922697,128,0.2704367787696585,2.448904396463872,1.3674300757379583,2,train
s2,output_lif,11,reset67,none,0.9453125,15.94917039768238,22.52938988095238,1.4118542393666051,0.8463123299095777,128,0.2492057874637872,2.2831692865020083,1.281256189349354,all,val
s2,output_lif,11,reset67,none,0.9453125,15.94917039768238,22.52938988095238,1.4118542393666051,0.8463123299095777,128,0.2492057874637872,2.2831692865020083,1.281256189349354,2,val
s2,output_lif,11,reset67,none,0.9453125,17.441434724983434,22.53349743150685,1.6342617310460155,0.9727895040240329,128,0.27252241757786616,2.492805214544757,1.3944168559266013,all,test
s2,output_lif,11,reset67,none,0.9453125,17.441434724983434,22.53349743150685,1.6342617310460155,0.9727895040240329,128,0.27252241757786616,2.492805214544757,1.3944168559266013,2,test
s2,output_lif,11,reset567,none,0.9765625,17.307953841258144,27.791684595524956,1.5924163715623796,0.9466776053922697,128,0.2704367787696585,2.448904396463872,1.3674300757379583,all,train
s2,output_lif,11,reset567,none,0.9765625,17.307953841258144,27.791684595524956,1.5924163715623796,0.9466776053922697,128,0.2704367787696585,2.448904396463872,1.3674300757379583,2,train
s2,output_lif,11,reset567,none,0.9453125,15.94917039768238,22.52938988095238,1.4118542393666051,0.8463123299095777,128,0.2492057874637872,2.2831692865020083,1.281256189349354,all,val
s2,output_lif,11,reset567,none,0.9453125,15.94917039768238,22.52938988095238,1.4118542393666051,0.8463123299095777,128,0.2492057874637872,2.2831692865020083,1.281256189349354,2,val
s2,output_lif,11,reset567,none,0.9453125,17.441434724983434,22.53349743150685,1.6342617310460155,0.9727895040240329,128,0.27252241757786616,2.492805214544757,1.3944168559266013,all,test
s2,output_lif,11,reset567,none,0.9453125,17.441434724983434,22.53349743150685,1.6342617310460155,0.9727895040240329,128,0.27252241757786616,2.492805214544757,1.3944168559266013,2,test
s2,output_lif,23,normal,none,0.984375,15.601336526705412,25.051339285714285,1.6651992523123336,0.9703425588969886,128,0.24377088322977206,2.5222510325333625,1.3899400926900067,all,train
s2,output_lif,23,normal,none,0.984375,15.601336526705412,25.051339285714285,1.6651992523123336,0.9703425588969886,128,0.24377088322977206,2.5222510325333625,1.3899400926900067,2,train
s2,output_lif,23,normal,none,0.953125,14.00930559213414,19.78918650793651,1.4973253624023353,0.8745105613806953,128,0.21889539987709594,2.367256999423852,1.3062682178461866,all,val
s2,output_lif,23,normal,none,0.953125,14.00930559213414,19.78918650793651,1.4973253624023353,0.8745105613806953,128,0.21889539987709594,2.367256999423852,1.3062682178461866,2,val
s2,output_lif,23,normal,none,0.9765625,15.873177601060306,20.50738441780822,1.7409257225203467,1.0149766784223047,128,0.24801840001656728,2.612846259295745,1.4419189856100758,all,test
s2,output_lif,23,normal,none,0.9765625,15.873177601060306,20.50738441780822,1.7409257225203467,1.0149766784223047,128,0.24801840001656728,2.612846259295745,1.4419189856100758,2,test
s2,output_lif,23,resetall250,s2,0.984375,14.112114157468973,22.660068846815836,1.2657932696333762,0.8066973473064297,128,0.2205017837104527,2.0238565835033158,1.187062717323953,all,train
s2,output_lif,23,resetall250,s2,0.984375,14.112114157468973,22.660068846815836,1.2657932696333762,0.8066973473064297,128,0.2205017837104527,2.0238565835033158,1.187062717323953,2,train
s2,output_lif,23,resetall250,s2,0.953125,12.655298042314108,17.876550099206348,1.1418058596150469,0.7284267218911861,128,0.19773903191115794,1.9022525289092271,1.1166181126571832,all,val
s2,output_lif,23,resetall250,s2,0.953125,12.655298042314108,17.876550099206348,1.1418058596150469,0.7284267218911861,128,0.19773903191115794,1.9022525289092271,1.1166181126571832,2,val
s2,output_lif,23,resetall250,s2,0.9609375,14.504680251822398,18.73935145547945,1.3300336429502413,0.8471898811395947,128,0.22663562893472497,2.102264903475028,1.2340536561585431,all,test
s2,output_lif,23,resetall250,s2,0.9609375,14.504680251822398,18.73935145547945,1.3300336429502413,0.8471898811395947,128,0.22663562893472497,2.102264903475028,1.2340536561585431,2,test
s2,output_lif,23,reset234,s2,0.984375,14.112114157468973,22.660068846815836,1.2657932696333762,0.8066973473064297,128,0.2205017837104527,2.0238565835033158,1.187062717323953,all,train
s2,output_lif,23,reset234,s2,0.984375,14.112114157468973,22.660068846815836,1.2657932696333762,0.8066973473064297,128,0.2205017837104527,2.0238565835033158,1.187062717323953,2,train
s2,output_lif,23,reset234,s2,0.953125,12.655298042314108,17.876550099206348,1.1418058596150469,0.7284267218911861,128,0.19773903191115794,1.9022525289092271,1.1166181126571832,all,val
s2,output_lif,23,reset234,s2,0.953125,12.655298042314108,17.876550099206348,1.1418058596150469,0.7284267218911861,128,0.19773903191115794,1.9022525289092271,1.1166181126571832,2,val
s2,output_lif,23,reset234,s2,0.9609375,14.504680251822398,18.73935145547945,1.3300336429502413,0.8471898811395947,128,0.22663562893472497,2.102264903475028,1.2340536561585431,all,test
s2,output_lif,23,reset234,s2,0.9609375,14.504680251822398,18.73935145547945,1.3300336429502413,0.8471898811395947,128,0.22663562893472497,2.102264903475028,1.2340536561585431,2,test
s2,output_lif,23,reset2345,s2,0.984375,14.112114157468973,22.660068846815836,1.2657932696333762,0.8066973473064297,128,0.2205017837104527,2.0238565835033158,1.187062717323953,all,train
s2,output_lif,23,reset2345,s2,0.984375,14.112114157468973,22.660068846815836,1.2657932696333762,0.8066973473064297,128,0.2205017837104527,2.0238565835033158,1.187062717323953,2,train
s2,output_lif,23,reset2345,s2,0.953125,12.655298042314108,17.876550099206348,1.1418058596150469,0.7284267218911861,128,0.19773903191115794,1.9022525289092271,1.1166181126571832,all,val
s2,output_lif,23,reset2345,s2,0.953125,12.655298042314108,17.876550099206348,1.1418058596150469,0.7284267218911861,128,0.19773903191115794,1.9022525289092271,1.1166181126571832,2,val
s2,output_lif,23,reset2345,s2,0.9609375,14.504680251822398,18.73935145547945,1.3300336429502413,0.8471898811395947,128,0.22663562893472497,2.102264903475028,1.2340536561585431,all,test
s2,output_lif,23,reset2345,s2,0.9609375,14.504680251822398,18.73935145547945,1.3300336429502413,0.8471898811395947,128,0.22663562893472497,2.102264903475028,1.2340536561585431,2,test
s2,output_lif,23,reset23456,s2,0.984375,14.112114157468973,22.660068846815836,1.2657932696333762,0.8066973473064297,128,0.2205017837104527,2.0238565835033158,1.187062717323953,all,train
s2,output_lif,23,reset23456,s2,0.984375,14.112114157468973,22.660068846815836,1.2657932696333762,0.8066973473064297,128,0.2205017837104527,2.0238565835033158,1.187062717323953,2,train
s2,output_lif,23,reset23456,s2,0.953125,12.655298042314108,17.876550099206348,1.1418058596150469,0.7284267218911861,128,0.19773903191115794,1.9022525289092271,1.1166181126571832,all,val
s2,output_lif,23,reset23456,s2,0.953125,12.655298042314108,17.876550099206348,1.1418058596150469,0.7284267218911861,128,0.19773903191115794,1.9022525289092271,1.1166181126571832,2,val
s2,output_lif,23,reset23456,s2,0.9609375,14.504680251822398,18.73935145547945,1.3300336429502413,0.8471898811395947,128,0.22663562893472497,2.102264903475028,1.2340536561585431,all,test
s2,output_lif,23,reset23456,s2,0.9609375,14.504680251822398,18.73935145547945,1.3300336429502413,0.8471898811395947,128,0.22663562893472497,2.102264903475028,1.2340536561585431,2,test
s2,output_lif,23,reset67,none,0.984375,15.601336526705412,25.051339285714285,1.6651992523123336,0.9703425588969886,128,0.24377088322977206,2.5222510325333625,1.3899400926900067,all,train
s2,output_lif,23,reset67,none,0.984375,15.601336526705412,25.051339285714285,1.6651992523123336,0.9703425588969886,128,0.24377088322977206,2.5222510325333625,1.3899400926900067,2,train
s2,output_lif,23,reset67,none,0.953125,14.00930559213414,19.78918650793651,1.4973253624023353,0.8745105613806953,128,0.21889539987709594,2.367256999423852,1.3062682178461866,all,val
s2,output_lif,23,reset67,none,0.953125,14.00930559213414,19.78918650793651,1.4973253624023353,0.8745105613806953,128,0.21889539987709594,2.367256999423852,1.3062682178461866,2,val
s2,output_lif,23,reset67,none,0.9765625,15.873177601060306,20.50738441780822,1.7409257225203467,1.0149766784223047,128,0.24801840001656728,2.612846259295745,1.4419189856100758,all,test
s2,output_lif,23,reset67,none,0.9765625,15.873177601060306,20.50738441780822,1.7409257225203467,1.0149766784223047,128,0.24801840001656728,2.612846259295745,1.4419189856100758,2,test
s2,output_lif,23,reset567,none,0.984375,15.601336526705412,25.051339285714285,1.6651992523123336,0.9703425588969886,128,0.24377088322977206,2.5222510325333625,1.3899400926900067,all,train
s2,output_lif,23,reset567,none,0.984375,15.601336526705412,25.051339285714285,1.6651992523123336,0.9703425588969886,128,0.24377088322977206,2.5222510325333625,1.3899400926900067,2,train
s2,output_lif,23,reset567,none,0.953125,14.00930559213414,19.78918650793651,1.4973253624023353,0.8745105613806953,128,0.21889539987709594,2.367256999423852,1.3062682178461866,all,val
s2,output_lif,23,reset567,none,0.953125,14.00930559213414,19.78918650793651,1.4973253624023353,0.8745105613806953,128,0.21889539987709594,2.367256999423852,1.3062682178461866,2,val
s2,output_lif,23,reset567,none,0.9765625,15.873177601060306,20.50738441780822,1.7409257225203467,1.0149766784223047,128,0.24801840001656728,2.612846259295745,1.4419189856100758,all,test
s2,output_lif,23,reset567,none,0.9765625,15.873177601060306,20.50738441780822,1.7409257225203467,1.0149766784223047,128,0.24801840001656728,2.612846259295745,1.4419189856100758,2,test
s2,output_lif,101,normal,none,0.9921875,18.083122581941815,29.03638661790017,1.609217361710101,0.961261739620145,128,0.28254879034284086,2.458385000472841,1.3798656494322437,all,train
s2,output_lif,101,normal,none,0.9921875,18.083122581941815,29.03638661790017,1.609217361710101,0.961261739620145,128,0.28254879034284086,2.458385000472841,1.3798656494322437,2,train
s2,output_lif,101,normal,none,0.953125,16.748529540865597,23.658544146825395,1.4149352421868142,0.854061474656527,128,0.26169577407602496,2.254759479242822,1.2742618187272738,all,val
s2,output_lif,101,normal,none,0.953125,16.748529540865597,23.658544146825395,1.4149352421868142,0.854061474656527,128,0.26169577407602496,2.254759479242822,1.2742618187272738,2,val
s2,output_lif,101,normal,none,0.9609375,18.43754141815772,23.820419520547944,1.6829058405103234,1.0052363027240205,128,0.2880865846587144,2.5506898552810013,1.4320246264405765,all,test
s2,output_lif,101,normal,none,0.9609375,18.43754141815772,23.820419520547944,1.6829058405103234,1.0052363027240205,128,0.2880865846587144,2.5506898552810013,1.4320246264405765,2,test
s2,output_lif,101,resetall250,s2,0.9921875,16.409374110238332,26.348819384681583,1.2200587838057095,0.7995800717461939,128,0.25639647047247394,1.9701195779746683,1.1791322531076855,all,train
s2,output_lif,101,resetall250,s2,0.9921875,16.409374110238332,26.348819384681583,1.2200587838057095,0.7995800717461939,128,0.25639647047247394,1.9701195779746683,1.1791322531076855,2,train
s2,output_lif,101,resetall250,s2,0.9609375,15.1577561232552,21.411458333333332,1.0753013618207357,0.71169510537376,128,0.2368399394258625,1.8083153722315803,1.0898723149688916,all,val
s2,output_lif,101,resetall250,s2,0.9609375,15.1577561232552,21.411458333333332,1.0753013618207357,0.71169510537376,128,0.2368399394258625,1.8083153722315803,1.0898723149688916,2,val
s2,output_lif,101,resetall250,s2,0.9765625,16.905649436713055,21.84128852739726,1.2838866762802095,0.8402901378350988,128,0.2641507724486415,2.0530540126524817,1.2276477708259121,all,test
s2,output_lif,101,resetall250,s2,0.9765625,16.905649436713055,21.84128852739726,1.2838866762802095,0.8402901378350988,128,0.2641507724486415,2.0530540126524817,1.2276477708259121,2,test
s2,output_lif,101,reset234,s2,0.9921875,16.409374110238332,26.348819384681583,1.2200587838057095,0.7995800717461939,128,0.25639647047247394,1.9701195779746683,1.1791322531076855,all,train
s2,output_lif,101,reset234,s2,0.9921875,16.409374110238332,26.348819384681583,1.2200587838057095,0.7995800717461939,128,0.25639647047247394,1.9701195779746683,1.1791322531076855,2,train
s2,output_lif,101,reset234,s2,0.9609375,15.1577561232552,21.411458333333332,1.0753013618207357,0.71169510537376,128,0.2368399394258625,1.8083153722315803,1.0898723149688916,all,val
s2,output_lif,101,reset234,s2,0.9609375,15.1577561232552,21.411458333333332,1.0753013618207357,0.71169510537376,128,0.2368399394258625,1.8083153722315803,1.0898723149688916,2,val
s2,output_lif,101,reset234,s2,0.9765625,16.905649436713055,21.84128852739726,1.2838866762802095,0.8402901378350988,128,0.2641507724486415,2.0530540126524817,1.2276477708259121,all,test
s2,output_lif,101,reset234,s2,0.9765625,16.905649436713055,21.84128852739726,1.2838866762802095,0.8402901378350988,128,0.2641507724486415,2.0530540126524817,1.2276477708259121,2,test
s2,output_lif,101,reset2345,s2,0.9921875,16.409374110238332,26.348819384681583,1.2200587838057095,0.7995800717461939,128,0.25639647047247394,1.9701195779746683,1.1791322531076855,all,train
s2,output_lif,101,reset2345,s2,0.9921875,16.409374110238332,26.348819384681583,1.2200587838057095,0.7995800717461939,128,0.25639647047247394,1.9701195779746683,1.1791322531076855,2,train
s2,output_lif,101,reset2345,s2,0.9609375,15.1577561232552,21.411458333333332,1.0753013618207357,0.71169510537376,128,0.2368399394258625,1.8083153722315803,1.0898723149688916,all,val
s2,output_lif,101,reset2345,s2,0.9609375,15.1577561232552,21.411458333333332,1.0753013618207357,0.71169510537376,128,0.2368399394258625,1.8083153722315803,1.0898723149688916,2,val
s2,output_lif,101,reset2345,s2,0.9765625,16.905649436713055,21.84128852739726,1.2838866762802095,0.8402901378350988,128,0.2641507724486415,2.0530540126524817,1.2276477708259121,all,test
s2,output_lif,101,reset2345,s2,0.9765625,16.905649436713055,21.84128852739726,1.2838866762802095,0.8402901378350988,128,0.2641507724486415,2.0530540126524817,1.2276477708259121,2,test
s2,output_lif,101,reset23456,s2,0.9921875,16.409374110238332,26.348819384681583,1.2200587838057095,0.7995800717461939,128,0.25639647047247394,1.9701195779746683,1.1791322531076855,all,train
s2,output_lif,101,reset23456,s2,0.9921875,16.409374110238332,26.348819384681583,1.2200587838057095,0.7995800717461939,128,0.25639647047247394,1.9701195779746683,1.1791322531076855,2,train
s2,output_lif,101,reset23456,s2,0.9609375,15.1577561232552,21.411458333333332,1.0753013618207357,0.71169510537376,128,0.2368399394258625,1.8083153722315803,1.0898723149688916,all,val
s2,output_lif,101,reset23456,s2,0.9609375,15.1577561232552,21.411458333333332,1.0753013618207357,0.71169510537376,128,0.2368399394258625,1.8083153722315803,1.0898723149688916,2,val
s2,output_lif,101,reset23456,s2,0.9765625,16.905649436713055,21.84128852739726,1.2838866762802095,0.8402901378350988,128,0.2641507724486415,2.0530540126524817,1.2276477708259121,all,test
s2,output_lif,101,reset23456,s2,0.9765625,16.905649436713055,21.84128852739726,1.2838866762802095,0.8402901378350988,128,0.2641507724486415,2.0530540126524817,1.2276477708259121,2,test
s2,output_lif,101,reset67,none,0.9921875,18.083122581941815,29.03638661790017,1.609217361710101,0.961261739620145,128,0.28254879034284086,2.458385000472841,1.3798656494322437,all,train
s2,output_lif,101,reset67,none,0.9921875,18.083122581941815,29.03638661790017,1.609217361710101,0.961261739620145,128,0.28254879034284086,2.458385000472841,1.3798656494322437,2,train
s2,output_lif,101,reset67,none,0.953125,16.748529540865597,23.658544146825395,1.4149352421868142,0.854061474656527,128,0.26169577407602496,2.254759479242822,1.2742618187272738,all,val
s2,output_lif,101,reset67,none,0.953125,16.748529540865597,23.658544146825395,1.4149352421868142,0.854061474656527,128,0.26169577407602496,2.254759479242822,1.2742618187272738,2,val
s2,output_lif,101,reset67,none,0.9609375,18.43754141815772,23.820419520547944,1.6829058405103234,1.0052363027240205,128,0.2880865846587144,2.5506898552810013,1.4320246264405765,all,test
s2,output_lif,101,reset67,none,0.9609375,18.43754141815772,23.820419520547944,1.6829058405103234,1.0052363027240205,128,0.2880865846587144,2.5506898552810013,1.4320246264405765,2,test
s2,output_lif,101,reset567,none,0.9921875,18.083122581941815,29.03638661790017,1.609217361710101,0.961261739620145,128,0.28254879034284086,2.458385000472841,1.3798656494322437,all,train
s2,output_lif,101,reset567,none,0.9921875,18.083122581941815,29.03638661790017,1.609217361710101,0.961261739620145,128,0.28254879034284086,2.458385000472841,1.3798656494322437,2,train
s2,output_lif,101,reset567,none,0.953125,16.748529540865597,23.658544146825395,1.4149352421868142,0.854061474656527,128,0.26169577407602496,2.254759479242822,1.2742618187272738,all,val
s2,output_lif,101,reset567,none,0.953125,16.748529540865597,23.658544146825395,1.4149352421868142,0.854061474656527,128,0.26169577407602496,2.254759479242822,1.2742618187272738,2,val
s2,output_lif,101,reset567,none,0.9609375,18.43754141815772,23.820419520547944,1.6829058405103234,1.0052363027240205,128,0.2880865846587144,2.5506898552810013,1.4320246264405765,all,test
s2,output_lif,101,reset567,none,0.9609375,18.43754141815772,23.820419520547944,1.6829058405103234,1.0052363027240205,128,0.2880865846587144,2.5506898552810013,1.4320246264405765,2,test
s3,hidden_count_linear,11,normal,none,0.9921875,19.71000050245365,31.648692986230635,2.7549543696195586,1.5546772448425226,128,0.30796875785083827,4.248497946178575,2.2819500618865383,all,train
s3,hidden_count_linear,11,normal,none,0.9921875,19.71000050245365,31.648692986230635,2.7549543696195586,1.5546772448425226,128,0.30796875785083827,4.248497946178575,2.2819500618865383,3,train
s3,hidden_count_linear,11,normal,none,0.984375,18.436484944254236,26.042906746031747,2.4305811605653584,1.384061430076376,128,0.28807007725397243,3.948413555239054,2.1298736180107247,all,val
s3,hidden_count_linear,11,normal,none,0.984375,18.436484944254236,26.042906746031747,2.4305811605653584,1.384061430076376,128,0.28807007725397243,3.948413555239054,2.1298736180107247,3,val
s3,hidden_count_linear,11,normal,none,0.953125,19.566393306825713,25.278842037671232,2.7988033105080454,1.5834819068175583,128,0.30572489541915177,4.305579415465787,2.3179447479870254,all,test
s3,hidden_count_linear,11,normal,none,0.953125,19.566393306825713,25.278842037671232,2.7988033105080454,1.5834819068175583,128,0.30572489541915177,4.305579415465787,2.3179447479870254,3,test
s3,hidden_count_linear,11,resetall250,s3,1.0,17.015215971326644,27.321630271084338,1.6100100510356825,1.0282856952100465,128,0.2658627495519788,2.7078685506676483,1.5817138217677502,all,train
s3,hidden_count_linear,11,resetall250,s3,1.0,17.015215971326644,27.321630271084338,1.6100100510356825,1.0282856952100465,128,0.2658627495519788,2.7078685506676483,1.5817138217677502,3,train
s3,hidden_count_linear,11,resetall250,s3,0.9921875,15.853788078307435,22.39465525793651,1.4378545836625407,0.9249006205557019,128,0.24771543872355367,2.5385152067365606,1.4875428170770777,all,val
s3,hidden_count_linear,11,resetall250,s3,0.9921875,15.853788078307435,22.39465525793651,1.4378545836625407,0.9249006205557019,128,0.24771543872355367,2.5385152067365606,1.4875428170770777,3,val
s3,hidden_count_linear,11,resetall250,s3,0.9453125,17.226681577203447,22.256046660958905,1.669941006629494,1.0659459988118165,128,0.26916689964380386,2.781030829975063,1.6252354989260582,all,test
s3,hidden_count_linear,11,resetall250,s3,0.9453125,17.226681577203447,22.256046660958905,1.669941006629494,1.0659459988118165,128,0.26916689964380386,2.781030829975063,1.6252354989260582,3,test
s3,hidden_count_linear,11,reset234,s3,1.0,17.015215971326644,27.321630271084338,1.6100100510356825,1.0282856952100465,128,0.2658627495519788,2.7078685506676483,1.5817138217677502,all,train
s3,hidden_count_linear,11,reset234,s3,1.0,17.015215971326644,27.321630271084338,1.6100100510356825,1.0282856952100465,128,0.2658627495519788,2.7078685506676483,1.5817138217677502,3,train
s3,hidden_count_linear,11,reset234,s3,0.9921875,15.853788078307435,22.39465525793651,1.4378545836625407,0.9249006205557019,128,0.24771543872355367,2.5385152067365606,1.4875428170770777,all,val
s3,hidden_count_linear,11,reset234,s3,0.9921875,15.853788078307435,22.39465525793651,1.4378545836625407,0.9249006205557019,128,0.24771543872355367,2.5385152067365606,1.4875428170770777,3,val
s3,hidden_count_linear,11,reset234,s3,0.9453125,17.226681577203447,22.256046660958905,1.669941006629494,1.0659459988118165,128,0.26916689964380386,2.781030829975063,1.6252354989260582,all,test
s3,hidden_count_linear,11,reset234,s3,0.9453125,17.226681577203447,22.256046660958905,1.669941006629494,1.0659459988118165,128,0.26916689964380386,2.781030829975063,1.6252354989260582,3,test
s3,hidden_count_linear,11,reset2345,s3,1.0,17.015215971326644,27.321630271084338,1.6100100510356825,1.0282856952100465,128,0.2658627495519788,2.7078685506676483,1.5817138217677502,all,train
s3,hidden_count_linear,11,reset2345,s3,1.0,17.015215971326644,27.321630271084338,1.6100100510356825,1.0282856952100465,128,0.2658627495519788,2.7078685506676483,1.5817138217677502,3,train
s3,hidden_count_linear,11,reset2345,s3,0.9921875,15.853788078307435,22.39465525793651,1.4378545836625407,0.9249006205557019,128,0.24771543872355367,2.5385152067365606,1.4875428170770777,all,val
s3,hidden_count_linear,11,reset2345,s3,0.9921875,15.853788078307435,22.39465525793651,1.4378545836625407,0.9249006205557019,128,0.24771543872355367,2.5385152067365606,1.4875428170770777,3,val
s3,hidden_count_linear,11,reset2345,s3,0.9453125,17.226681577203447,22.256046660958905,1.669941006629494,1.0659459988118165,128,0.26916689964380386,2.781030829975063,1.6252354989260582,all,test
s3,hidden_count_linear,11,reset2345,s3,0.9453125,17.226681577203447,22.256046660958905,1.669941006629494,1.0659459988118165,128,0.26916689964380386,2.781030829975063,1.6252354989260582,3,test
s3,hidden_count_linear,11,reset23456,s3,1.0,17.015215971326644,27.321630271084338,1.6100100510356825,1.0282856952100465,128,0.2658627495519788,2.7078685506676483,1.5817138217677502,all,train
s3,hidden_count_linear,11,reset23456,s3,1.0,17.015215971326644,27.321630271084338,1.6100100510356825,1.0282856952100465,128,0.2658627495519788,2.7078685506676483,1.5817138217677502,3,train
s3,hidden_count_linear,11,reset23456,s3,0.9921875,15.853788078307435,22.39465525793651,1.4378545836625407,0.9249006205557019,128,0.24771543872355367,2.5385152067365606,1.4875428170770777,all,val
s3,hidden_count_linear,11,reset23456,s3,0.9921875,15.853788078307435,22.39465525793651,1.4378545836625407,0.9249006205557019,128,0.24771543872355367,2.5385152067365606,1.4875428170770777,3,val
s3,hidden_count_linear,11,reset23456,s3,0.9453125,17.226681577203447,22.256046660958905,1.669941006629494,1.0659459988118165,128,0.26916689964380386,2.781030829975063,1.6252354989260582,all,test
s3,hidden_count_linear,11,reset23456,s3,0.9453125,17.226681577203447,22.256046660958905,1.669941006629494,1.0659459988118165,128,0.26916689964380386,2.781030829975063,1.6252354989260582,3,test
s3,hidden_count_linear,11,reset67,none,0.9921875,19.71000050245365,31.648692986230635,2.7549543696195586,1.5546772448425226,128,0.30796875785083827,4.248497946178575,2.2819500618865383,all,train
s3,hidden_count_linear,11,reset67,none,0.9921875,19.71000050245365,31.648692986230635,2.7549543696195586,1.5546772448425226,128,0.30796875785083827,4.248497946178575,2.2819500618865383,3,train
s3,hidden_count_linear,11,reset67,none,0.984375,18.436484944254236,26.042906746031747,2.4305811605653584,1.384061430076376,128,0.28807007725397243,3.948413555239054,2.1298736180107247,all,val
s3,hidden_count_linear,11,reset67,none,0.984375,18.436484944254236,26.042906746031747,2.4305811605653584,1.384061430076376,128,0.28807007725397243,3.948413555239054,2.1298736180107247,3,val
s3,hidden_count_linear,11,reset67,none,0.953125,19.566393306825713,25.278842037671232,2.7988033105080454,1.5834819068175583,128,0.30572489541915177,4.305579415465787,2.3179447479870254,all,test
s3,hidden_count_linear,11,reset67,none,0.953125,19.566393306825713,25.278842037671232,2.7988033105080454,1.5834819068175583,128,0.30572489541915177,4.305579415465787,2.3179447479870254,3,test
s3,hidden_count_linear,11,reset567,none,0.9921875,19.71000050245365,31.648692986230635,2.7549543696195586,1.5546772448425226,128,0.30796875785083827,4.248497946178575,2.2819500618865383,all,train
s3,hidden_count_linear,11,reset567,none,0.9921875,19.71000050245365,31.648692986230635,2.7549543696195586,1.5546772448425226,128,0.30796875785083827,4.248497946178575,2.2819500618865383,3,train
s3,hidden_count_linear,11,reset567,none,0.984375,18.436484944254236,26.042906746031747,2.4305811605653584,1.384061430076376,128,0.28807007725397243,3.948413555239054,2.1298736180107247,all,val
s3,hidden_count_linear,11,reset567,none,0.984375,18.436484944254236,26.042906746031747,2.4305811605653584,1.384061430076376,128,0.28807007725397243,3.948413555239054,2.1298736180107247,3,val
s3,hidden_count_linear,11,reset567,none,0.953125,19.566393306825713,25.278842037671232,2.7988033105080454,1.5834819068175583,128,0.30572489541915177,4.305579415465787,2.3179447479870254,all,test
s3,hidden_count_linear,11,reset567,none,0.953125,19.566393306825713,25.278842037671232,2.7988033105080454,1.5834819068175583,128,0.30572489541915177,4.305579415465787,2.3179447479870254,3,test
s3,hidden_count_linear,23,normal,none,0.9921875,16.81093506624014,26.99361284423408,3.2548410885658297,1.7855216738091848,128,0.2626708604100022,4.965729180255488,2.607559521812076,all,train
s3,hidden_count_linear,23,normal,none,0.9921875,16.81093506624014,26.99361284423408,3.2548410885658297,1.7855216738091848,128,0.2626708604100022,4.965729180255488,2.607559521812076,3,train
s3,hidden_count_linear,23,normal,none,0.9609375,15.394170836625406,21.745411706349206,2.883435250416996,1.5907110053989992,128,0.24053391932227197,4.627734874147666,2.4362695938344974,all,val
s3,hidden_count_linear,23,normal,none,0.9609375,15.394170836625406,21.745411706349206,2.883435250416996,1.5907110053989992,128,0.24053391932227197,4.627734874147666,2.4362695938344974,3,val
s3,hidden_count_linear,23,normal,none,0.9375,16.838262094102053,21.754227311643834,3.330661902607791,1.8334010018664058,128,0.2630978452203446,5.0850630110037045,2.6775192863962296,all,test
s3,hidden_count_linear,23,normal,none,0.9375,16.838262094102053,21.754227311643834,3.330661902607791,1.8334010018664058,128,0.2630978452203446,5.0850630110037045,2.6775192863962296,3,test
s3,hidden_count_linear,23,resetall250,s3,0.9921875,14.485604702966151,23.259789156626507,1.911769253788291,1.175154229717621,128,0.22633757348384612,3.173589065188451,1.7991616263673025,all,train
s3,hidden_count_linear,23,resetall250,s3,0.9921875,14.485604702966151,23.259789156626507,1.911769253788291,1.175154229717621,128,0.22633757348384612,3.173589065188451,1.7991616263673025,3,train
s3,hidden_count_linear,23,resetall250,s3,0.9609375,13.239267843033975,18.701450892857142,1.7162533400820823,1.0585660588677466,128,0.20686356004740586,2.9833258372682723,1.6935396455613727,all,val
s3,hidden_count_linear,23,resetall250,s3,0.9609375,13.239267843033975,18.701450892857142,1.7162533400820823,1.0585660588677466,128,0.20686356004740586,2.9833258372682723,1.6935396455613727,3,val
s3,hidden_count_linear,23,resetall250,s3,0.9296875,14.829812789927104,19.159407106164384,1.9972459149724051,1.2285036020045095,128,0.231715824842611,3.291512483635879,1.8680086044829258,all,test
s3,hidden_count_linear,23,resetall250,s3,0.9296875,14.829812789927104,19.159407106164384,1.9972459149724051,1.2285036020045095,128,0.231715824842611,3.291512483635879,1.8680086044829258,3,test
s3,hidden_count_linear,23,reset234,s3,0.9921875,14.485604702966151,23.259789156626507,1.911769253788291,1.175154229717621,128,0.22633757348384612,3.173589065188451,1.7991616263673025,all,train
s3,hidden_count_linear,23,reset234,s3,0.9921875,14.485604702966151,23.259789156626507,1.911769253788291,1.175154229717621,128,0.22633757348384612,3.173589065188451,1.7991616263673025,3,train
s3,hidden_count_linear,23,reset234,s3,0.9609375,13.239267843033975,18.701450892857142,1.7162533400820823,1.0585660588677466,128,0.20686356004740586,2.9833258372682723,1.6935396455613727,all,val
s3,hidden_count_linear,23,reset234,s3,0.9609375,13.239267843033975,18.701450892857142,1.7162533400820823,1.0585660588677466,128,0.20686356004740586,2.9833258372682723,1.6935396455613727,3,val
s3,hidden_count_linear,23,reset234,s3,0.9296875,14.829812789927104,19.159407106164384,1.9972459149724051,1.2285036020045095,128,0.231715824842611,3.291512483635879,1.8680086044829258,all,test
s3,hidden_count_linear,23,reset234,s3,0.9296875,14.829812789927104,19.159407106164384,1.9972459149724051,1.2285036020045095,128,0.231715824842611,3.291512483635879,1.8680086044829258,3,test
s3,hidden_count_linear,23,reset2345,s3,0.9921875,14.485604702966151,23.259789156626507,1.911769253788291,1.175154229717621,128,0.22633757348384612,3.173589065188451,1.7991616263673025,all,train
s3,hidden_count_linear,23,reset2345,s3,0.9921875,14.485604702966151,23.259789156626507,1.911769253788291,1.175154229717621,128,0.22633757348384612,3.173589065188451,1.7991616263673025,3,train
s3,hidden_count_linear,23,reset2345,s3,0.9609375,13.239267843033975,18.701450892857142,1.7162533400820823,1.0585660588677466,128,0.20686356004740586,2.9833258372682723,1.6935396455613727,all,val
s3,hidden_count_linear,23,reset2345,s3,0.9609375,13.239267843033975,18.701450892857142,1.7162533400820823,1.0585660588677466,128,0.20686356004740586,2.9833258372682723,1.6935396455613727,3,val
s3,hidden_count_linear,23,reset2345,s3,0.9296875,14.829812789927104,19.159407106164384,1.9972459149724051,1.2285036020045095,128,0.231715824842611,3.291512483635879,1.8680086044829258,all,test
s3,hidden_count_linear,23,reset2345,s3,0.9296875,14.829812789927104,19.159407106164384,1.9972459149724051,1.2285036020045095,128,0.231715824842611,3.291512483635879,1.8680086044829258,3,test
s3,hidden_count_linear,23,reset23456,s3,0.9921875,14.485604702966151,23.259789156626507,1.911769253788291,1.175154229717621,128,0.22633757348384612,3.173589065188451,1.7991616263673025,all,train
s3,hidden_count_linear,23,reset23456,s3,0.9921875,14.485604702966151,23.259789156626507,1.911769253788291,1.175154229717621,128,0.22633757348384612,3.173589065188451,1.7991616263673025,3,train
s3,hidden_count_linear,23,reset23456,s3,0.9609375,13.239267843033975,18.701450892857142,1.7162533400820823,1.0585660588677466,128,0.20686356004740586,2.9833258372682723,1.6935396455613727,all,val
s3,hidden_count_linear,23,reset23456,s3,0.9609375,13.239267843033975,18.701450892857142,1.7162533400820823,1.0585660588677466,128,0.20686356004740586,2.9833258372682723,1.6935396455613727,3,val
s3,hidden_count_linear,23,reset23456,s3,0.9296875,14.829812789927104,19.159407106164384,1.9972459149724051,1.2285036020045095,128,0.231715824842611,3.291512483635879,1.8680086044829258,all,test
s3,hidden_count_linear,23,reset23456,s3,0.9296875,14.829812789927104,19.159407106164384,1.9972459149724051,1.2285036020045095,128,0.231715824842611,3.291512483635879,1.8680086044829258,3,test
s3,hidden_count_linear,23,reset67,none,0.9921875,16.81093506624014,26.99361284423408,3.2548410885658297,1.7855216738091848,128,0.2626708604100022,4.965729180255488,2.607559521812076,all,train
s3,hidden_count_linear,23,reset67,none,0.9921875,16.81093506624014,26.99361284423408,3.2548410885658297,1.7855216738091848,128,0.2626708604100022,4.965729180255488,2.607559521812076,3,train
s3,hidden_count_linear,23,reset67,none,0.9609375,15.394170836625406,21.745411706349206,2.883435250416996,1.5907110053989992,128,0.24053391932227197,4.627734874147666,2.4362695938344974,all,val
s3,hidden_count_linear,23,reset67,none,0.9609375,15.394170836625406,21.745411706349206,2.883435250416996,1.5907110053989992,128,0.24053391932227197,4.627734874147666,2.4362695938344974,3,val
s3,hidden_count_linear,23,reset67,none,0.9375,16.838262094102053,21.754227311643834,3.330661902607791,1.8334010018664058,128,0.2630978452203446,5.0850630110037045,2.6775192863962296,all,test
s3,hidden_count_linear,23,reset67,none,0.9375,16.838262094102053,21.754227311643834,3.330661902607791,1.8334010018664058,128,0.2630978452203446,5.0850630110037045,2.6775192863962296,3,test
s3,hidden_count_linear,23,reset567,none,0.9921875,16.81093506624014,26.99361284423408,3.2548410885658297,1.7855216738091848,128,0.2626708604100022,4.965729180255488,2.607559521812076,all,train
s3,hidden_count_linear,23,reset567,none,0.9921875,16.81093506624014,26.99361284423408,3.2548410885658297,1.7855216738091848,128,0.2626708604100022,4.965729180255488,2.607559521812076,3,train
s3,hidden_count_linear,23,reset567,none,0.9609375,15.394170836625406,21.745411706349206,2.883435250416996,1.5907110053989992,128,0.24053391932227197,4.627734874147666,2.4362695938344974,all,val
s3,hidden_count_linear,23,reset567,none,0.9609375,15.394170836625406,21.745411706349206,2.883435250416996,1.5907110053989992,128,0.24053391932227197,4.627734874147666,2.4362695938344974,3,val
s3,hidden_count_linear,23,reset567,none,0.9375,16.838262094102053,21.754227311643834,3.330661902607791,1.8334010018664058,128,0.2630978452203446,5.0850630110037045,2.6775192863962296,all,test
s3,hidden_count_linear,23,reset567,none,0.9375,16.838262094102053,21.754227311643834,3.330661902607791,1.8334010018664058,128,0.2630978452203446,5.0850630110037045,2.6775192863962296,3,test
s3,hidden_count_linear,101,normal,none,0.9921875,22.53423384192808,36.18361391996557,2.83952932392768,1.6191171706206977,128,0.3520974037801263,4.427872766436638,2.393231266036469,all,train
s3,hidden_count_linear,101,normal,none,0.9921875,22.53423384192808,36.18361391996557,2.83952932392768,1.6191171706206977,128,0.3520974037801263,4.427872766436638,2.393231266036469,3,train
s3,hidden_count_linear,101,normal,none,0.9765625,20.925423580019313,29.55871775793651,2.458495193573874,1.4172702133263102,128,0.32695974343780176,4.040574082564087,2.194984109005121,all,val
s3,hidden_count_linear,101,normal,none,0.9765625,20.925423580019313,29.55871775793651,2.458495193573874,1.4172702133263102,128,0.32695974343780176,4.040574082564087,2.194984109005121,3,val
s3,hidden_count_linear,101,normal,none,0.984375,22.408134526176276,28.95023544520548,2.896795901026135,1.6548071394225792,128,0.3501271019715043,4.529639725817599,2.451557930205538,all,test
s3,hidden_count_linear,101,normal,none,0.984375,22.408134526176276,28.95023544520548,2.896795901026135,1.6548071394225792,128,0.3501271019715043,4.529639725817599,2.451557930205538,3,test
s3,hidden_count_linear,101,resetall250,s3,0.9921875,19.5908017485387,31.457293459552496,1.6481104962305508,1.0695337622682433,128,0.30610627732091716,2.812404939280763,1.6573519947729942,all,train
s3,hidden_count_linear,101,resetall250,s3,0.9921875,19.5908017485387,31.457293459552496,1.6481104962305508,1.0695337622682433,128,0.30610627732091716,2.812404939280763,1.6573519947729942,3,train
s3,hidden_count_linear,101,resetall250,s3,0.9765625,18.059696251426566,25.510664682539684,1.443000504784479,0.9453815992340444,128,0.2821827539285401,2.5845374026555645,1.5301672923384415,all,val
s3,hidden_count_linear,101,resetall250,s3,0.9765625,18.059696251426566,25.510664682539684,1.443000504784479,0.9453815992340444,128,0.2821827539285401,2.5845374026555645,1.5301672923384415,3,val
s3,hidden_count_linear,101,resetall250,s3,0.984375,19.856568919814446,25.65373501712329,1.720646923310398,1.114185836316735,128,0.3102588893721007,2.9200195640299818,1.7189264181779897,all,test
s3,hidden_count_linear,101,resetall250,s3,0.984375,19.856568919814446,25.65373501712329,1.720646923310398,1.114185836316735,128,0.3102588893721007,2.9200195640299818,1.7189264181779897,3,test
s3,hidden_count_linear,101,reset234,s3,0.9921875,19.5908017485387,31.457293459552496,1.6481104962305508,1.0695337622682433,128,0.30610627732091716,2.812404939280763,1.6573519947729942,all,train
s3,hidden_count_linear,101,reset234,s3,0.9921875,19.5908017485387,31.457293459552496,1.6481104962305508,1.0695337622682433,128,0.30610627732091716,2.812404939280763,1.6573519947729942,3,train
s3,hidden_count_linear,101,reset234,s3,0.9765625,18.059696251426566,25.510664682539684,1.443000504784479,0.9453815992340444,128,0.2821827539285401,2.5845374026555645,1.5301672923384415,all,val
s3,hidden_count_linear,101,reset234,s3,0.9765625,18.059696251426566,25.510664682539684,1.443000504784479,0.9453815992340444,128,0.2821827539285401,2.5845374026555645,1.5301672923384415,3,val
s3,hidden_count_linear,101,reset234,s3,0.984375,19.856568919814446,25.65373501712329,1.720646923310398,1.114185836316735,128,0.3102588893721007,2.9200195640299818,1.7189264181779897,all,test
s3,hidden_count_linear,101,reset234,s3,0.984375,19.856568919814446,25.65373501712329,1.720646923310398,1.114185836316735,128,0.3102588893721007,2.9200195640299818,1.7189264181779897,3,test
s3,hidden_count_linear,101,reset2345,s3,0.9921875,19.5908017485387,31.457293459552496,1.6481104962305508,1.0695337622682433,128,0.30610627732091716,2.812404939280763,1.6573519947729942,all,train
s3,hidden_count_linear,101,reset2345,s3,0.9921875,19.5908017485387,31.457293459552496,1.6481104962305508,1.0695337622682433,128,0.30610627732091716,2.812404939280763,1.6573519947729942,3,train
s3,hidden_count_linear,101,reset2345,s3,0.9765625,18.059696251426566,25.510664682539684,1.443000504784479,0.9453815992340444,128,0.2821827539285401,2.5845374026555645,1.5301672923384415,all,val
s3,hidden_count_linear,101,reset2345,s3,0.9765625,18.059696251426566,25.510664682539684,1.443000504784479,0.9453815992340444,128,0.2821827539285401,2.5845374026555645,1.5301672923384415,3,val
s3,hidden_count_linear,101,reset2345,s3,0.984375,19.856568919814446,25.65373501712329,1.720646923310398,1.114185836316735,128,0.3102588893721007,2.9200195640299818,1.7189264181779897,all,test
s3,hidden_count_linear,101,reset2345,s3,0.984375,19.856568919814446,25.65373501712329,1.720646923310398,1.114185836316735,128,0.3102588893721007,2.9200195640299818,1.7189264181779897,3,test
s3,hidden_count_linear,101,reset23456,s3,0.9921875,19.5908017485387,31.457293459552496,1.6481104962305508,1.0695337622682433,128,0.30610627732091716,2.812404939280763,1.6573519947729942,all,train
s3,hidden_count_linear,101,reset23456,s3,0.9921875,19.5908017485387,31.457293459552496,1.6481104962305508,1.0695337622682433,128,0.30610627732091716,2.812404939280763,1.6573519947729942,3,train
s3,hidden_count_linear,101,reset23456,s3,0.9765625,18.059696251426566,25.510664682539684,1.443000504784479,0.9453815992340444,128,0.2821827539285401,2.5845374026555645,1.5301672923384415,all,val
s3,hidden_count_linear,101,reset23456,s3,0.9765625,18.059696251426566,25.510664682539684,1.443000504784479,0.9453815992340444,128,0.2821827539285401,2.5845374026555645,1.5301672923384415,3,val
s3,hidden_count_linear,101,reset23456,s3,0.984375,19.856568919814446,25.65373501712329,1.720646923310398,1.114185836316735,128,0.3102588893721007,2.9200195640299818,1.7189264181779897,all,test
s3,hidden_count_linear,101,reset23456,s3,0.984375,19.856568919814446,25.65373501712329,1.720646923310398,1.114185836316735,128,0.3102588893721007,2.9200195640299818,1.7189264181779897,3,test
s3,hidden_count_linear,101,reset67,none,0.9921875,22.53423384192808,36.18361391996557,2.83952932392768,1.6191171706206977,128,0.3520974037801263,4.427872766436638,2.393231266036469,all,train
s3,hidden_count_linear,101,reset67,none,0.9921875,22.53423384192808,36.18361391996557,2.83952932392768,1.6191171706206977,128,0.3520974037801263,4.427872766436638,2.393231266036469,3,train
s3,hidden_count_linear,101,reset67,none,0.9765625,20.925423580019313,29.55871775793651,2.458495193573874,1.4172702133263102,128,0.32695974343780176,4.040574082564087,2.194984109005121,all,val
s3,hidden_count_linear,101,reset67,none,0.9765625,20.925423580019313,29.55871775793651,2.458495193573874,1.4172702133263102,128,0.32695974343780176,4.040574082564087,2.194984109005121,3,val
s3,hidden_count_linear,101,reset67,none,0.984375,22.408134526176276,28.95023544520548,2.896795901026135,1.6548071394225792,128,0.3501271019715043,4.529639725817599,2.451557930205538,all,test
s3,hidden_count_linear,101,reset67,none,0.984375,22.408134526176276,28.95023544520548,2.896795901026135,1.6548071394225792,128,0.3501271019715043,4.529639725817599,2.451557930205538,3,test
s3,hidden_count_linear,101,reset567,none,0.9921875,22.53423384192808,36.18361391996557,2.83952932392768,1.6191171706206977,128,0.3520974037801263,4.427872766436638,2.393231266036469,all,train
s3,hidden_count_linear,101,reset567,none,0.9921875,22.53423384192808,36.18361391996557,2.83952932392768,1.6191171706206977,128,0.3520974037801263,4.427872766436638,2.393231266036469,3,train
s3,hidden_count_linear,101,reset567,none,0.9765625,20.925423580019313,29.55871775793651,2.458495193573874,1.4172702133263102,128,0.32695974343780176,4.040574082564087,2.194984109005121,all,val
s3,hidden_count_linear,101,reset567,none,0.9765625,20.925423580019313,29.55871775793651,2.458495193573874,1.4172702133263102,128,0.32695974343780176,4.040574082564087,2.194984109005121,3,val
s3,hidden_count_linear,101,reset567,none,0.984375,22.408134526176276,28.95023544520548,2.896795901026135,1.6548071394225792,128,0.3501271019715043,4.529639725817599,2.451557930205538,all,test
s3,hidden_count_linear,101,reset567,none,0.984375,22.408134526176276,28.95023544520548,2.896795901026135,1.6548071394225792,128,0.3501271019715043,4.529639725817599,2.451557930205538,3,test
s3,output_lif,11,normal,none,0.9921875,19.86784631617733,31.90214877366609,3.193598760143283,1.778295762274524,128,0.3104350986902708,4.913904628319166,2.623149166624461,all,train
s3,output_lif,11,normal,none,0.9921875,19.86784631617733,31.90214877366609,3.193598760143283,1.778295762274524,128,0.3104350986902708,4.913904628319166,2.623149166624461,3,train
s3,output_lif,11,normal,none,0.984375,18.446712316741287,26.05735367063492,2.810226069374945,1.5774394944473706,128,0.2882298799490826,4.550971787228172,2.4410015024757987,all,val
s3,output_lif,11,normal,none,0.984375,18.446712316741287,26.05735367063492,2.810226069374945,1.5774394944473706,128,0.2882298799490826,4.550971787228172,2.4410015024757987,3,val
s3,output_lif,11,normal,none,0.9609375,19.757993704440025,25.526380565068493,3.2189185039502566,1.799105088706045,128,0.3087186516318754,4.940226685221548,2.645248191290041,all,test
s3,output_lif,11,normal,none,0.9609375,19.757993704440025,25.526380565068493,3.2189185039502566,1.799105088706045,128,0.3087186516318754,4.940226685221548,2.645248191290041,3,test
s3,output_lif,11,resetall250,s3,1.0,17.459912573065136,28.03568739242685,1.8623734968261678,1.1714123075759542,128,0.27281113395414275,3.123146128887286,1.8113455139765524,all,train
s3,output_lif,11,resetall250,s3,1.0,17.459912573065136,28.03568739242685,1.8623734968261678,1.1714123075759542,128,0.27281113395414275,3.123146128887286,1.8113455139765524,3,train
s3,output_lif,11,resetall250,s3,0.984375,16.19085242735493,22.87078373015873,1.6599607831840928,1.0507191807128435,128,0.2529820691774208,2.9186999493743953,1.6995372474975765,all,val
s3,output_lif,11,resetall250,s3,0.984375,16.19085242735493,22.87078373015873,1.6599607831840928,1.0507191807128435,128,0.2529820691774208,2.9186999493743953,1.6995372474975765,3,val
s3,output_lif,11,resetall250,s3,0.96875,17.722871106693173,22.897099743150687,1.9168560414854623,1.2068819181266568,128,0.27691986104208083,3.1818933902271858,1.848137331402926,all,test
s3,output_lif,11,resetall250,s3,0.96875,17.722871106693173,22.897099743150687,1.9168560414854623,1.2068819181266568,128,0.27691986104208083,3.1818933902271858,1.848137331402926,3,test
s3,output_lif,11,reset234,s3,1.0,17.459912573065136,28.03568739242685,1.8623734968261678,1.1714123075759542,128,0.27281113395414275,3.123146128887286,1.8113455139765524,all,train
s3,output_lif,11,reset234,s3,1.0,17.459912573065136,28.03568739242685,1.8623734968261678,1.1714123075759542,128,0.27281113395414275,3.123146128887286,1.8113455139765524,3,train
s3,output_lif,11,reset234,s3,0.984375,16.19085242735493,22.87078373015873,1.6599607831840928,1.0507191807128435,128,0.2529820691774208,2.9186999493743953,1.6995372474975765,all,val
s3,output_lif,11,reset234,s3,0.984375,16.19085242735493,22.87078373015873,1.6599607831840928,1.0507191807128435,128,0.2529820691774208,2.9186999493743953,1.6995372474975765,3,val
s3,output_lif,11,reset234,s3,0.96875,17.722871106693173,22.897099743150687,1.9168560414854623,1.2068819181266568,128,0.27691986104208083,3.1818933902271858,1.848137331402926,all,test
s3,output_lif,11,reset234,s3,0.96875,17.722871106693173,22.897099743150687,1.9168560414854623,1.2068819181266568,128,0.27691986104208083,3.1818933902271858,1.848137331402926,3,test
s3,output_lif,11,reset2345,s3,1.0,17.459912573065136,28.03568739242685,1.8623734968261678,1.1714123075759542,128,0.27281113395414275,3.123146128887286,1.8113455139765524,all,train
s3,output_lif,11,reset2345,s3,1.0,17.459912573065136,28.03568739242685,1.8623734968261678,1.1714123075759542,128,0.27281113395414275,3.123146128887286,1.8113455139765524,3,train
s3,output_lif,11,reset2345,s3,0.984375,16.19085242735493,22.87078373015873,1.6599607831840928,1.0507191807128435,128,0.2529820691774208,2.9186999493743953,1.6995372474975765,all,val
s3,output_lif,11,reset2345,s3,0.984375,16.19085242735493,22.87078373015873,1.6599607831840928,1.0507191807128435,128,0.2529820691774208,2.9186999493743953,1.6995372474975765,3,val
s3,output_lif,11,reset2345,s3,0.96875,17.722871106693173,22.897099743150687,1.9168560414854623,1.2068819181266568,128,0.27691986104208083,3.1818933902271858,1.848137331402926,all,test
s3,output_lif,11,reset2345,s3,0.96875,17.722871106693173,22.897099743150687,1.9168560414854623,1.2068819181266568,128,0.27691986104208083,3.1818933902271858,1.848137331402926,3,test
s3,output_lif,11,reset23456,s3,1.0,17.459912573065136,28.03568739242685,1.8623734968261678,1.1714123075759542,128,0.27281113395414275,3.123146128887286,1.8113455139765524,all,train
s3,output_lif,11,reset23456,s3,1.0,17.459912573065136,28.03568739242685,1.8623734968261678,1.1714123075759542,128,0.27281113395414275,3.123146128887286,1.8113455139765524,3,train
s3,output_lif,11,reset23456,s3,0.984375,16.19085242735493,22.87078373015873,1.6599607831840928,1.0507191807128435,128,0.2529820691774208,2.9186999493743953,1.6995372474975765,all,val
s3,output_lif,11,reset23456,s3,0.984375,16.19085242735493,22.87078373015873,1.6599607831840928,1.0507191807128435,128,0.2529820691774208,2.9186999493743953,1.6995372474975765,3,val
s3,output_lif,11,reset23456,s3,0.96875,17.722871106693173,22.897099743150687,1.9168560414854623,1.2068819181266568,128,0.27691986104208083,3.1818933902271858,1.848137331402926,all,test
s3,output_lif,11,reset23456,s3,0.96875,17.722871106693173,22.897099743150687,1.9168560414854623,1.2068819181266568,128,0.27691986104208083,3.1818933902271858,1.848137331402926,3,test
s3,output_lif,11,reset67,none,0.9921875,19.86784631617733,31.90214877366609,3.193598760143283,1.778295762274524,128,0.3104350986902708,4.913904628319166,2.623149166624461,all,train
s3,output_lif,11,reset67,none,0.9921875,19.86784631617733,31.90214877366609,3.193598760143283,1.778295762274524,128,0.3104350986902708,4.913904628319166,2.623149166624461,3,train
s3,output_lif,11,reset67,none,0.984375,18.446712316741287,26.05735367063492,2.810226069374945,1.5774394944473706,128,0.2882298799490826,4.550971787228172,2.4410015024757987,all,val
s3,output_lif,11,reset67,none,0.984375,18.446712316741287,26.05735367063492,2.810226069374945,1.5774394944473706,128,0.2882298799490826,4.550971787228172,2.4410015024757987,3,val
s3,output_lif,11,reset67,none,0.9609375,19.757993704440025,25.526380565068493,3.2189185039502566,1.799105088706045,128,0.3087186516318754,4.940226685221548,2.645248191290041,all,test
s3,output_lif,11,reset67,none,0.9609375,19.757993704440025,25.526380565068493,3.2189185039502566,1.799105088706045,128,0.3087186516318754,4.940226685221548,2.645248191290041,3,test
s3,output_lif,11,reset567,none,0.9921875,19.86784631617733,31.90214877366609,3.193598760143283,1.778295762274524,128,0.3104350986902708,4.913904628319166,2.623149166624461,all,train
s3,output_lif,11,reset567,none,0.9921875,19.86784631617733,31.90214877366609,3.193598760143283,1.778295762274524,128,0.3104350986902708,4.913904628319166,2.623149166624461,3,train
s3,output_lif,11,reset567,none,0.984375,18.446712316741287,26.05735367063492,2.810226069374945,1.5774394944473706,128,0.2882298799490826,4.550971787228172,2.4410015024757987,all,val
s3,output_lif,11,reset567,none,0.984375,18.446712316741287,26.05735367063492,2.810226069374945,1.5774394944473706,128,0.2882298799490826,4.550971787228172,2.4410015024757987,3,val
s3,output_lif,11,reset567,none,0.9609375,19.757993704440025,25.526380565068493,3.2189185039502566,1.799105088706045,128,0.3087186516318754,4.940226685221548,2.645248191290041,all,test
s3,output_lif,11,reset567,none,0.9609375,19.757993704440025,25.526380565068493,3.2189185039502566,1.799105088706045,128,0.3087186516318754,4.940226685221548,2.645248191290041,3,test
s3,output_lif,23,normal,none,1.0,18.82589981074246,30.229077022375215,3.5201478679216844,1.935449884435661,128,0.29415468454285093,5.244661033128928,2.7753024704197533,all,train
s3,output_lif,23,normal,none,1.0,18.82589981074246,30.229077022375215,3.5201478679216844,1.935449884435661,128,0.29415468454285093,5.244661033128928,2.7753024704197533,3,train
s3,output_lif,23,normal,none,0.9609375,17.188218769203758,24.279637896825395,3.1382958585725573,1.7336663470612765,128,0.2685659182688087,4.888608077831129,2.5944090084040807,all,val
s3,output_lif,23,normal,none,0.9609375,17.188218769203758,24.279637896825395,3.1382958585725573,1.7336663470612765,128,0.2685659182688087,4.888608077831129,2.5944090084040807,3,val
s3,output_lif,23,normal,none,0.9765625,18.71027998674619,24.172784674657535,3.591638523352075,1.9804528946114976,128,0.2923481247929092,5.338242300961589,2.832304587723828,all,test
s3,output_lif,23,normal,none,0.9765625,18.71027998674619,24.172784674657535,3.591638523352075,1.9804528946114976,128,0.2923481247929092,5.338242300961589,2.832304587723828,3,test
s3,output_lif,23,resetall250,s3,1.0,16.58516589344633,26.631091329604132,2.0558192801147688,1.271379680800618,128,0.2591432170850989,3.339837722333667,1.9142403150963898,all,train
s3,output_lif,23,resetall250,s3,1.0,16.58516589344633,26.631091329604132,2.0558192801147688,1.271379680800618,128,0.2591432170850989,3.339837722333667,1.9142403150963898,3,train
s3,output_lif,23,resetall250,s3,0.9375,15.108726187340883,21.342199900793652,1.8554613771288737,1.1502666578878062,128,0.2360738466772013,3.1384365685639533,1.8022364732233551,all,val
s3,output_lif,23,resetall250,s3,0.9375,15.108726187340883,21.342199900793652,1.8554613771288737,1.1502666578878062,128,0.2360738466772013,3.1384365685639533,1.8022364732233551,3,val
s3,output_lif,23,resetall250,s3,0.96875,16.807074221338635,21.713934075342465,2.142002093073072,1.3242445756774457,128,0.26261053470841617,3.444112132855474,1.9757341986213979,all,test
s3,output_lif,23,resetall250,s3,0.96875,16.807074221338635,21.713934075342465,2.142002093073072,1.3242445756774457,128,0.26261053470841617,3.444112132855474,1.9757341986213979,3,test
s3,output_lif,23,reset234,s3,1.0,16.58516589344633,26.631091329604132,2.0558192801147688,1.271379680800618,128,0.2591432170850989,3.339837722333667,1.9142403150963898,all,train
s3,output_lif,23,reset234,s3,1.0,16.58516589344633,26.631091329604132,2.0558192801147688,1.271379680800618,128,0.2591432170850989,3.339837722333667,1.9142403150963898,3,train
s3,output_lif,23,reset234,s3,0.9375,15.108726187340883,21.342199900793652,1.8554613771288737,1.1502666578878062,128,0.2360738466772013,3.1384365685639533,1.8022364732233551,all,val
s3,output_lif,23,reset234,s3,0.9375,15.108726187340883,21.342199900793652,1.8554613771288737,1.1502666578878062,128,0.2360738466772013,3.1384365685639533,1.8022364732233551,3,val
s3,output_lif,23,reset234,s3,0.96875,16.807074221338635,21.713934075342465,2.142002093073072,1.3242445756774457,128,0.26261053470841617,3.444112132855474,1.9757341986213979,all,test
s3,output_lif,23,reset234,s3,0.96875,16.807074221338635,21.713934075342465,2.142002093073072,1.3242445756774457,128,0.26261053470841617,3.444112132855474,1.9757341986213979,3,test
s3,output_lif,23,reset2345,s3,1.0,16.58516589344633,26.631091329604132,2.0558192801147688,1.271379680800618,128,0.2591432170850989,3.339837722333667,1.9142403150963898,all,train
s3,output_lif,23,reset2345,s3,1.0,16.58516589344633,26.631091329604132,2.0558192801147688,1.271379680800618,128,0.2591432170850989,3.339837722333667,1.9142403150963898,3,train
s3,output_lif,23,reset2345,s3,0.9375,15.108726187340883,21.342199900793652,1.8554613771288737,1.1502666578878062,128,0.2360738466772013,3.1384365685639533,1.8022364732233551,all,val
s3,output_lif,23,reset2345,s3,0.9375,15.108726187340883,21.342199900793652,1.8554613771288737,1.1502666578878062,128,0.2360738466772013,3.1384365685639533,1.8022364732233551,3,val
s3,output_lif,23,reset2345,s3,0.96875,16.807074221338635,21.713934075342465,2.142002093073072,1.3242445756774457,128,0.26261053470841617,3.444112132855474,1.9757341986213979,all,test
s3,output_lif,23,reset2345,s3,0.96875,16.807074221338635,21.713934075342465,2.142002093073072,1.3242445756774457,128,0.26261053470841617,3.444112132855474,1.9757341986213979,3,test
s3,output_lif,23,reset23456,s3,1.0,16.58516589344633,26.631091329604132,2.0558192801147688,1.271379680800618,128,0.2591432170850989,3.339837722333667,1.9142403150963898,all,train
s3,output_lif,23,reset23456,s3,1.0,16.58516589344633,26.631091329604132,2.0558192801147688,1.271379680800618,128,0.2591432170850989,3.339837722333667,1.9142403150963898,3,train
s3,output_lif,23,reset23456,s3,0.9375,15.108726187340883,21.342199900793652,1.8554613771288737,1.1502666578878062,128,0.2360738466772013,3.1384365685639533,1.8022364732233551,all,val
s3,output_lif,23,reset23456,s3,0.9375,15.108726187340883,21.342199900793652,1.8554613771288737,1.1502666578878062,128,0.2360738466772013,3.1384365685639533,1.8022364732233551,3,val
s3,output_lif,23,reset23456,s3,0.96875,16.807074221338635,21.713934075342465,2.142002093073072,1.3242445756774457,128,0.26261053470841617,3.444112132855474,1.9757341986213979,all,test
s3,output_lif,23,reset23456,s3,0.96875,16.807074221338635,21.713934075342465,2.142002093073072,1.3242445756774457,128,0.26261053470841617,3.444112132855474,1.9757341986213979,3,test
s3,output_lif,23,reset67,none,1.0,18.82589981074246,30.229077022375215,3.5201478679216844,1.935449884435661,128,0.29415468454285093,5.244661033128928,2.7753024704197533,all,train
s3,output_lif,23,reset67,none,1.0,18.82589981074246,30.229077022375215,3.5201478679216844,1.935449884435661,128,0.29415468454285093,5.244661033128928,2.7753024704197533,3,train
s3,output_lif,23,reset67,none,0.9609375,17.188218769203758,24.279637896825395,3.1382958585725573,1.7336663470612765,128,0.2685659182688087,4.888608077831129,2.5944090084040807,all,val
s3,output_lif,23,reset67,none,0.9609375,17.188218769203758,24.279637896825395,3.1382958585725573,1.7336663470612765,128,0.2685659182688087,4.888608077831129,2.5944090084040807,3,val
s3,output_lif,23,reset67,none,0.9765625,18.71027998674619,24.172784674657535,3.591638523352075,1.9804528946114976,128,0.2923481247929092,5.338242300961589,2.832304587723828,all,test
s3,output_lif,23,reset67,none,0.9765625,18.71027998674619,24.172784674657535,3.591638523352075,1.9804528946114976,128,0.2923481247929092,5.338242300961589,2.832304587723828,3,test
s3,output_lif,23,reset567,none,1.0,18.82589981074246,30.229077022375215,3.5201478679216844,1.935449884435661,128,0.29415468454285093,5.244661033128928,2.7753024704197533,all,train
s3,output_lif,23,reset567,none,1.0,18.82589981074246,30.229077022375215,3.5201478679216844,1.935449884435661,128,0.29415468454285093,5.244661033128928,2.7753024704197533,3,train
s3,output_lif,23,reset567,none,0.9609375,17.188218769203758,24.279637896825395,3.1382958585725573,1.7336663470612765,128,0.2685659182688087,4.888608077831129,2.5944090084040807,all,val
s3,output_lif,23,reset567,none,0.9609375,17.188218769203758,24.279637896825395,3.1382958585725573,1.7336663470612765,128,0.2685659182688087,4.888608077831129,2.5944090084040807,3,val
s3,output_lif,23,reset567,none,0.9765625,18.71027998674619,24.172784674657535,3.591638523352075,1.9804528946114976,128,0.2923481247929092,5.338242300961589,2.832304587723828,all,test
s3,output_lif,23,reset567,none,0.9765625,18.71027998674619,24.172784674657535,3.591638523352075,1.9804528946114976,128,0.2923481247929092,5.338242300961589,2.832304587723828,3,test
s3,output_lif,101,normal,none,0.9921875,22.481492957274693,36.098926957831324,3.393392387774884,1.8995388744724238,128,0.3512733274574171,5.130219796031467,2.7507307802582504,all,train
s3,output_lif,101,normal,none,0.9921875,22.481492957274693,36.098926957831324,3.393392387774884,1.8995388744724238,128,0.3512733274574171,5.130219796031467,2.7507307802582504,3,train
s3,output_lif,101,normal,none,0.9453125,20.85058379422351,29.45300099206349,2.967123853261347,1.67521851132473,128,0.32579037178474235,4.688199366959887,2.5264907330600748,all,val
s3,output_lif,101,normal,none,0.9453125,20.85058379422351,29.45300099206349,2.967123853261347,1.67521851132473,128,0.32579037178474235,4.688199366959887,2.5264907330600748,3,val
s3,output_lif,101,normal,none,0.9609375,22.279324055666002,28.783818493150687,3.494145316900679,1.95853409410076,128,0.3481144383697813,5.2617538982398635,2.826944979909674,all,test
s3,output_lif,101,normal,none,0.9609375,22.279324055666002,28.783818493150687,3.494145316900679,1.95853409410076,128,0.3481144383697813,5.2617538982398635,2.826944979909674,3,test
s3,output_lif,101,resetall250,s3,1.0,19.953782638551594,32.040138231497416,1.9688886981425964,1.2498719986245332,128,0.31177785372736866,3.2551715404684836,1.8995786401086312,all,train
s3,output_lif,101,resetall250,s3,1.0,19.953782638551594,32.040138231497416,1.9688886981425964,1.2498719986245332,128,0.31177785372736866,3.2551715404684836,1.8995786401086312,3,train
s3,output_lif,101,resetall250,s3,0.953125,18.44368360986744,26.053075396825395,1.7410805405583356,1.113392443184312,128,0.2881825564041787,2.996763449782635,1.7571410830964995,all,val
s3,output_lif,101,resetall250,s3,0.953125,18.44368360986744,26.053075396825395,1.7410805405583356,1.113392443184312,128,0.2881825564041787,2.996763449782635,1.7571410830964995,3,val
s3,output_lif,101,resetall250,s3,0.9609375,20.211066931742877,26.111729452054796,2.0739444962710714,1.3131903161111456,128,0.31579792080848246,3.388013911065947,1.9766989562505732,all,test
s3,output_lif,101,resetall250,s3,0.9609375,20.211066931742877,26.111729452054796,2.0739444962710714,1.3131903161111456,128,0.31579792080848246,3.388013911065947,1.9766989562505732,3,test
s3,output_lif,101,reset234,s3,1.0,19.953782638551594,32.040138231497416,1.9688886981425964,1.2498719986245332,128,0.31177785372736866,3.2551715404684836,1.8995786401086312,all,train
s3,output_lif,101,reset234,s3,1.0,19.953782638551594,32.040138231497416,1.9688886981425964,1.2498719986245332,128,0.31177785372736866,3.2551715404684836,1.8995786401086312,3,train
s3,output_lif,101,reset234,s3,0.953125,18.44368360986744,26.053075396825395,1.7410805405583356,1.113392443184312,128,0.2881825564041787,2.996763449782635,1.7571410830964995,all,val
s3,output_lif,101,reset234,s3,0.953125,18.44368360986744,26.053075396825395,1.7410805405583356,1.113392443184312,128,0.2881825564041787,2.996763449782635,1.7571410830964995,3,val
s3,output_lif,101,reset234,s3,0.9609375,20.211066931742877,26.111729452054796,2.0739444962710714,1.3131903161111456,128,0.31579792080848246,3.388013911065947,1.9766989562505732,all,test
s3,output_lif,101,reset234,s3,0.9609375,20.211066931742877,26.111729452054796,2.0739444962710714,1.3131903161111456,128,0.31579792080848246,3.388013911065947,1.9766989562505732,3,test
s3,output_lif,101,reset2345,s3,1.0,19.953782638551594,32.040138231497416,1.9688886981425964,1.2498719986245332,128,0.31177785372736866,3.2551715404684836,1.8995786401086312,all,train
s3,output_lif,101,reset2345,s3,1.0,19.953782638551594,32.040138231497416,1.9688886981425964,1.2498719986245332,128,0.31177785372736866,3.2551715404684836,1.8995786401086312,3,train
s3,output_lif,101,reset2345,s3,0.953125,18.44368360986744,26.053075396825395,1.7410805405583356,1.113392443184312,128,0.2881825564041787,2.996763449782635,1.7571410830964995,all,val
s3,output_lif,101,reset2345,s3,0.953125,18.44368360986744,26.053075396825395,1.7410805405583356,1.113392443184312,128,0.2881825564041787,2.996763449782635,1.7571410830964995,3,val
s3,output_lif,101,reset2345,s3,0.9609375,20.211066931742877,26.111729452054796,2.0739444962710714,1.3131903161111456,128,0.31579792080848246,3.388013911065947,1.9766989562505732,all,test
s3,output_lif,101,reset2345,s3,0.9609375,20.211066931742877,26.111729452054796,2.0739444962710714,1.3131903161111456,128,0.31579792080848246,3.388013911065947,1.9766989562505732,3,test
s3,output_lif,101,reset23456,s3,1.0,19.953782638551594,32.040138231497416,1.9688886981425964,1.2498719986245332,128,0.31177785372736866,3.2551715404684836,1.8995786401086312,all,train
s3,output_lif,101,reset23456,s3,1.0,19.953782638551594,32.040138231497416,1.9688886981425964,1.2498719986245332,128,0.31177785372736866,3.2551715404684836,1.8995786401086312,3,train
s3,output_lif,101,reset23456,s3,0.953125,18.44368360986744,26.053075396825395,1.7410805405583356,1.113392443184312,128,0.2881825564041787,2.996763449782635,1.7571410830964995,all,val
s3,output_lif,101,reset23456,s3,0.953125,18.44368360986744,26.053075396825395,1.7410805405583356,1.113392443184312,128,0.2881825564041787,2.996763449782635,1.7571410830964995,3,val
s3,output_lif,101,reset23456,s3,0.9609375,20.211066931742877,26.111729452054796,2.0739444962710714,1.3131903161111456,128,0.31579792080848246,3.388013911065947,1.9766989562505732,all,test
s3,output_lif,101,reset23456,s3,0.9609375,20.211066931742877,26.111729452054796,2.0739444962710714,1.3131903161111456,128,0.31579792080848246,3.388013911065947,1.9766989562505732,3,test
s3,output_lif,101,reset67,none,0.9921875,22.481492957274693,36.098926957831324,3.393392387774884,1.8995388744724238,128,0.3512733274574171,5.130219796031467,2.7507307802582504,all,train
s3,output_lif,101,reset67,none,0.9921875,22.481492957274693,36.098926957831324,3.393392387774884,1.8995388744724238,128,0.3512733274574171,5.130219796031467,2.7507307802582504,3,train
s3,output_lif,101,reset67,none,0.9453125,20.85058379422351,29.45300099206349,2.967123853261347,1.67521851132473,128,0.32579037178474235,4.688199366959887,2.5264907330600748,all,val
s3,output_lif,101,reset67,none,0.9453125,20.85058379422351,29.45300099206349,2.967123853261347,1.67521851132473,128,0.32579037178474235,4.688199366959887,2.5264907330600748,3,val
s3,output_lif,101,reset67,none,0.9609375,22.279324055666002,28.783818493150687,3.494145316900679,1.95853409410076,128,0.3481144383697813,5.2617538982398635,2.826944979909674,all,test
s3,output_lif,101,reset67,none,0.9609375,22.279324055666002,28.783818493150687,3.494145316900679,1.95853409410076,128,0.3481144383697813,5.2617538982398635,2.826944979909674,3,test
s3,output_lif,101,reset567,none,0.9921875,22.481492957274693,36.098926957831324,3.393392387774884,1.8995388744724238,128,0.3512733274574171,5.130219796031467,2.7507307802582504,all,train
s3,output_lif,101,reset567,none,0.9921875,22.481492957274693,36.098926957831324,3.393392387774884,1.8995388744724238,128,0.3512733274574171,5.130219796031467,2.7507307802582504,3,train
s3,output_lif,101,reset567,none,0.9453125,20.85058379422351,29.45300099206349,2.967123853261347,1.67521851132473,128,0.32579037178474235,4.688199366959887,2.5264907330600748,all,val
s3,output_lif,101,reset567,none,0.9453125,20.85058379422351,29.45300099206349,2.967123853261347,1.67521851132473,128,0.32579037178474235,4.688199366959887,2.5264907330600748,3,val
s3,output_lif,101,reset567,none,0.9609375,22.279324055666002,28.783818493150687,3.494145316900679,1.95853409410076,128,0.3481144383697813,5.2617538982398635,2.826944979909674,all,test
s3,output_lif,101,reset567,none,0.9609375,22.279324055666002,28.783818493150687,3.494145316900679,1.95853409410076,128,0.3481144383697813,5.2617538982398635,2.826944979909674,3,test
s4,hidden_count_linear,11,normal,none,1.0,22.12375433366272,35.5244997848537,5.20684505428593,2.8196957512310115,128,0.34568366146348,8.148203304109373,4.2638530864914355,all,train
s4,hidden_count_linear,11,normal,none,1.0,22.12375433366272,35.5244997848537,5.20684505428593,2.8196957512310115,128,0.34568366146348,8.148203304109373,4.2638530864914355,4,train
s4,hidden_count_linear,11,normal,none,0.9609375,20.656439294179616,29.17875744047619,4.484894187296989,2.4504536201826004,128,0.3227568639715565,7.408685322468264,3.895275152056318,all,val
s4,hidden_count_linear,11,normal,none,0.9609375,20.656439294179616,29.17875744047619,4.484894187296989,2.4504536201826004,128,0.3227568639715565,7.408685322468264,3.895275152056318,4,val
s4,hidden_count_linear,11,normal,none,0.9609375,21.671056991385022,27.997966609589042,5.081854656565813,2.7686330745992795,128,0.33861026549039097,7.993208705613122,4.199995224120058,all,test
s4,hidden_count_linear,11,normal,none,0.9609375,21.671056991385022,27.997966609589042,5.081854656565813,2.7686330745992795,128,0.33861026549039097,7.993208705613122,4.199995224120058,4,test
s4,hidden_count_linear,11,resetall250,s4,1.0,18.695739193059442,30.020075839070568,2.155092541101755,1.3553677195251395,128,0.2921209248915538,3.725491100612638,2.1591505116570064,all,train
s4,hidden_count_linear,11,resetall250,s4,1.0,18.695739193059442,30.020075839070568,2.155092541101755,1.3553677195251395,128,0.2921209248915538,3.725491100612638,2.1591505116570064,4,train
s4,hidden_count_linear,11,resetall250,s4,0.9921875,17.447195154069004,24.64546130952381,1.9194026877030113,1.2151155174589587,128,0.2726124242823282,3.4825083062699793,2.024512552002505,all,val
s4,hidden_count_linear,11,resetall250,s4,0.9921875,17.447195154069004,24.64546130952381,1.9194026877030113,1.2151155174589587,128,0.2726124242823282,3.4825083062699793,2.024512552002505,4,val
s4,hidden_count_linear,11,resetall250,s4,0.9609375,18.911530815109344,24.432791095890412,2.222903585971152,1.3985396904057426,128,0.2954926689860835,3.801994297436029,2.2055830246773116,all,test
s4,hidden_count_linear,11,resetall250,s4,0.9609375,18.911530815109344,24.432791095890412,2.222903585971152,1.3985396904057426,128,0.2954926689860835,3.801994297436029,2.2055830246773116,4,test
s4,hidden_count_linear,11,reset234,s4,1.0,18.695739193059442,30.020075839070568,2.155092541101755,1.3553677195251395,128,0.2921209248915538,3.725491100612638,2.1591505116570064,all,train
s4,hidden_count_linear,11,reset234,s4,1.0,18.695739193059442,30.020075839070568,2.155092541101755,1.3553677195251395,128,0.2921209248915538,3.725491100612638,2.1591505116570064,4,train
s4,hidden_count_linear,11,reset234,s4,0.9921875,17.447195154069004,24.64546130952381,1.9194026877030113,1.2151155174589587,128,0.2726124242823282,3.4825083062699793,2.024512552002505,all,val
s4,hidden_count_linear,11,reset234,s4,0.9921875,17.447195154069004,24.64546130952381,1.9194026877030113,1.2151155174589587,128,0.2726124242823282,3.4825083062699793,2.024512552002505,4,val
s4,hidden_count_linear,11,reset234,s4,0.9609375,18.911530815109344,24.432791095890412,2.222903585971152,1.3985396904057426,128,0.2954926689860835,3.801994297436029,2.2055830246773116,all,test
s4,hidden_count_linear,11,reset234,s4,0.9609375,18.911530815109344,24.432791095890412,2.222903585971152,1.3985396904057426,128,0.2954926689860835,3.801994297436029,2.2055830246773116,4,test
s4,hidden_count_linear,11,reset2345,s4,1.0,18.695739193059442,30.020075839070568,2.155092541101755,1.3553677195251395,128,0.2921209248915538,3.725491100612638,2.1591505116570064,all,train
s4,hidden_count_linear,11,reset2345,s4,1.0,18.695739193059442,30.020075839070568,2.155092541101755,1.3553677195251395,128,0.2921209248915538,3.725491100612638,2.1591505116570064,4,train
s4,hidden_count_linear,11,reset2345,s4,0.9921875,17.447195154069004,24.64546130952381,1.9194026877030113,1.2151155174589587,128,0.2726124242823282,3.4825083062699793,2.024512552002505,all,val
s4,hidden_count_linear,11,reset2345,s4,0.9921875,17.447195154069004,24.64546130952381,1.9194026877030113,1.2151155174589587,128,0.2726124242823282,3.4825083062699793,2.024512552002505,4,val
s4,hidden_count_linear,11,reset2345,s4,0.9609375,18.911530815109344,24.432791095890412,2.222903585971152,1.3985396904057426,128,0.2954926689860835,3.801994297436029,2.2055830246773116,all,test
s4,hidden_count_linear,11,reset2345,s4,0.9609375,18.911530815109344,24.432791095890412,2.222903585971152,1.3985396904057426,128,0.2954926689860835,3.801994297436029,2.2055830246773116,4,test
s4,hidden_count_linear,11,reset23456,s4,1.0,18.695739193059442,30.020075839070568,2.155092541101755,1.3553677195251395,128,0.2921209248915538,3.725491100612638,2.1591505116570064,all,train
s4,hidden_count_linear,11,reset23456,s4,1.0,18.695739193059442,30.020075839070568,2.155092541101755,1.3553677195251395,128,0.2921209248915538,3.725491100612638,2.1591505116570064,4,train
s4,hidden_count_linear,11,reset23456,s4,0.9921875,17.447195154069004,24.64546130952381,1.9194026877030113,1.2151155174589587,128,0.2726124242823282,3.4825083062699793,2.024512552002505,all,val
s4,hidden_count_linear,11,reset23456,s4,0.9921875,17.447195154069004,24.64546130952381,1.9194026877030113,1.2151155174589587,128,0.2726124242823282,3.4825083062699793,2.024512552002505,4,val
s4,hidden_count_linear,11,reset23456,s4,0.9609375,18.911530815109344,24.432791095890412,2.222903585971152,1.3985396904057426,128,0.2954926689860835,3.801994297436029,2.2055830246773116,all,test
s4,hidden_count_linear,11,reset23456,s4,0.9609375,18.911530815109344,24.432791095890412,2.222903585971152,1.3985396904057426,128,0.2954926689860835,3.801994297436029,2.2055830246773116,4,test
s4,hidden_count_linear,11,reset67,none,1.0,22.12375433366272,35.5244997848537,5.20684505428593,2.8196957512310115,128,0.34568366146348,8.148203304109373,4.2638530864914355,all,train
s4,hidden_count_linear,11,reset67,none,1.0,22.12375433366272,35.5244997848537,5.20684505428593,2.8196957512310115,128,0.34568366146348,8.148203304109373,4.2638530864914355,4,train
s4,hidden_count_linear,11,reset67,none,0.9609375,20.656439294179616,29.17875744047619,4.484894187296989,2.4504536201826004,128,0.3227568639715565,7.408685322468264,3.895275152056318,all,val
s4,hidden_count_linear,11,reset67,none,0.9609375,20.656439294179616,29.17875744047619,4.484894187296989,2.4504536201826004,128,0.3227568639715565,7.408685322468264,3.895275152056318,4,val
s4,hidden_count_linear,11,reset67,none,0.9609375,21.671056991385022,27.997966609589042,5.081854656565813,2.7686330745992795,128,0.33861026549039097,7.993208705613122,4.199995224120058,all,test
s4,hidden_count_linear,11,reset67,none,0.9609375,21.671056991385022,27.997966609589042,5.081854656565813,2.7686330745992795,128,0.33861026549039097,7.993208705613122,4.199995224120058,4,test
s4,hidden_count_linear,11,reset567,none,1.0,22.12375433366272,35.5244997848537,5.20684505428593,2.8196957512310115,128,0.34568366146348,8.148203304109373,4.2638530864914355,all,train
s4,hidden_count_linear,11,reset567,none,1.0,22.12375433366272,35.5244997848537,5.20684505428593,2.8196957512310115,128,0.34568366146348,8.148203304109373,4.2638530864914355,4,train
s4,hidden_count_linear,11,reset567,none,0.9609375,20.656439294179616,29.17875744047619,4.484894187296989,2.4504536201826004,128,0.3227568639715565,7.408685322468264,3.895275152056318,all,val
s4,hidden_count_linear,11,reset567,none,0.9609375,20.656439294179616,29.17875744047619,4.484894187296989,2.4504536201826004,128,0.3227568639715565,7.408685322468264,3.895275152056318,4,val
s4,hidden_count_linear,11,reset567,none,0.9609375,21.671056991385022,27.997966609589042,5.081854656565813,2.7686330745992795,128,0.33861026549039097,7.993208705613122,4.199995224120058,all,test
s4,hidden_count_linear,11,reset567,none,0.9609375,21.671056991385022,27.997966609589042,5.081854656565813,2.7686330745992795,128,0.33861026549039097,7.993208705613122,4.199995224120058,4,test
s4,hidden_count_linear,23,normal,none,0.9921875,19.12939018875509,30.716396837349397,6.008308215012478,3.2031915685660812,128,0.29889672169929826,9.1881074710169,4.752489550849047,all,train
s4,hidden_count_linear,23,normal,none,0.9921875,19.12939018875509,30.716396837349397,6.008308215012478,3.2031915685660812,128,0.29889672169929826,9.1881074710169,4.752489550849047,4,train
s4,hidden_count_linear,23,normal,none,0.9453125,17.543587042401896,24.781622023809526,5.187077517338249,2.783593544245457,128,0.2741185475375296,8.39015283815073,4.353897871398414,all,val
s4,hidden_count_linear,23,normal,none,0.9453125,17.543587042401896,24.781622023809526,5.187077517338249,2.783593544245457,128,0.2741185475375296,8.39015283815073,4.353897871398414,4,val
s4,hidden_count_linear,23,normal,none,0.9609375,18.792370775347912,24.278842037671232,5.919645700018638,3.1739934133803946,128,0.2936307933648111,9.144299919210155,4.748774838673514,all,test
s4,hidden_count_linear,23,normal,none,0.9609375,18.792370775347912,24.278842037671232,5.919645700018638,3.1739934133803946,128,0.2936307933648111,9.144299919210155,4.748774838673514,4,test
s4,hidden_count_linear,23,resetall250,s4,0.9921875,16.18873833888824,25.994540662650603,2.497313246876413,1.5265636710833739,128,0.25294903654512874,4.209818809047622,2.389340268768585,all,train
s4,hidden_count_linear,23,resetall250,s4,0.9921875,16.18873833888824,25.994540662650603,2.497313246876413,1.5265636710833739,128,0.25294903654512874,4.209818809047622,2.389340268768585,4,train
s4,hidden_count_linear,23,resetall250,s4,0.953125,14.796286542006847,20.900855654761905,2.234570981202265,1.370296108221403,128,0.23119197721885698,3.951222364423335,2.2453831608973793,all,val
s4,hidden_count_linear,23,resetall250,s4,0.953125,14.796286542006847,20.900855654761905,2.234570981202265,1.370296108221403,128,0.23119197721885698,3.951222364423335,2.2453831608973793,4,val
s4,hidden_count_linear,23,resetall250,s4,0.9609375,16.40709907223327,21.197185359589042,2.601592896235866,1.5905283933605399,128,0.2563609230036448,4.357156912740601,2.4752641348477136,all,test
s4,hidden_count_linear,23,resetall250,s4,0.9609375,16.40709907223327,21.197185359589042,2.601592896235866,1.5905283933605399,128,0.2563609230036448,4.357156912740601,2.4752641348477136,4,test
s4,hidden_count_linear,23,reset234,s4,0.9921875,16.18873833888824,25.994540662650603,2.497313246876413,1.5265636710833739,128,0.25294903654512874,4.209818809047622,2.389340268768585,all,train
s4,hidden_count_linear,23,reset234,s4,0.9921875,16.18873833888824,25.994540662650603,2.497313246876413,1.5265636710833739,128,0.25294903654512874,4.209818809047622,2.389340268768585,4,train
s4,hidden_count_linear,23,reset234,s4,0.953125,14.796286542006847,20.900855654761905,2.234570981202265,1.370296108221403,128,0.23119197721885698,3.951222364423335,2.2453831608973793,all,val
s4,hidden_count_linear,23,reset234,s4,0.953125,14.796286542006847,20.900855654761905,2.234570981202265,1.370296108221403,128,0.23119197721885698,3.951222364423335,2.2453831608973793,4,val
s4,hidden_count_linear,23,reset234,s4,0.9609375,16.40709907223327,21.197185359589042,2.601592896235866,1.5905283933605399,128,0.2563609230036448,4.357156912740601,2.4752641348477136,all,test
s4,hidden_count_linear,23,reset234,s4,0.9609375,16.40709907223327,21.197185359589042,2.601592896235866,1.5905283933605399,128,0.2563609230036448,4.357156912740601,2.4752641348477136,4,test
s4,hidden_count_linear,23,reset2345,s4,0.9921875,16.18873833888824,25.994540662650603,2.497313246876413,1.5265636710833739,128,0.25294903654512874,4.209818809047622,2.389340268768585,all,train
s4,hidden_count_linear,23,reset2345,s4,0.9921875,16.18873833888824,25.994540662650603,2.497313246876413,1.5265636710833739,128,0.25294903654512874,4.209818809047622,2.389340268768585,4,train
s4,hidden_count_linear,23,reset2345,s4,0.953125,14.796286542006847,20.900855654761905,2.234570981202265,1.370296108221403,128,0.23119197721885698,3.951222364423335,2.2453831608973793,all,val
s4,hidden_count_linear,23,reset2345,s4,0.953125,14.796286542006847,20.900855654761905,2.234570981202265,1.370296108221403,128,0.23119197721885698,3.951222364423335,2.2453831608973793,4,val
s4,hidden_count_linear,23,reset2345,s4,0.9609375,16.40709907223327,21.197185359589042,2.601592896235866,1.5905283933605399,128,0.2563609230036448,4.357156912740601,2.4752641348477136,all,test
s4,hidden_count_linear,23,reset2345,s4,0.9609375,16.40709907223327,21.197185359589042,2.601592896235866,1.5905283933605399,128,0.2563609230036448,4.357156912740601,2.4752641348477136,4,test
s4,hidden_count_linear,23,reset23456,s4,0.9921875,16.18873833888824,25.994540662650603,2.497313246876413,1.5265636710833739,128,0.25294903654512874,4.209818809047622,2.389340268768585,all,train
s4,hidden_count_linear,23,reset23456,s4,0.9921875,16.18873833888824,25.994540662650603,2.497313246876413,1.5265636710833739,128,0.25294903654512874,4.209818809047622,2.389340268768585,4,train
s4,hidden_count_linear,23,reset23456,s4,0.953125,14.796286542006847,20.900855654761905,2.234570981202265,1.370296108221403,128,0.23119197721885698,3.951222364423335,2.2453831608973793,all,val
s4,hidden_count_linear,23,reset23456,s4,0.953125,14.796286542006847,20.900855654761905,2.234570981202265,1.370296108221403,128,0.23119197721885698,3.951222364423335,2.2453831608973793,4,val
s4,hidden_count_linear,23,reset23456,s4,0.9609375,16.40709907223327,21.197185359589042,2.601592896235866,1.5905283933605399,128,0.2563609230036448,4.357156912740601,2.4752641348477136,all,test
s4,hidden_count_linear,23,reset23456,s4,0.9609375,16.40709907223327,21.197185359589042,2.601592896235866,1.5905283933605399,128,0.2563609230036448,4.357156912740601,2.4752641348477136,4,test
s4,hidden_count_linear,23,reset67,none,0.9921875,19.12939018875509,30.716396837349397,6.008308215012478,3.2031915685660812,128,0.29889672169929826,9.1881074710169,4.752489550849047,all,train
s4,hidden_count_linear,23,reset67,none,0.9921875,19.12939018875509,30.716396837349397,6.008308215012478,3.2031915685660812,128,0.29889672169929826,9.1881074710169,4.752489550849047,4,train
s4,hidden_count_linear,23,reset67,none,0.9453125,17.543587042401896,24.781622023809526,5.187077517338249,2.783593544245457,128,0.2741185475375296,8.39015283815073,4.353897871398414,all,val
s4,hidden_count_linear,23,reset67,none,0.9453125,17.543587042401896,24.781622023809526,5.187077517338249,2.783593544245457,128,0.2741185475375296,8.39015283815073,4.353897871398414,4,val
s4,hidden_count_linear,23,reset67,none,0.9609375,18.792370775347912,24.278842037671232,5.919645700018638,3.1739934133803946,128,0.2936307933648111,9.144299919210155,4.748774838673514,all,test
s4,hidden_count_linear,23,reset67,none,0.9609375,18.792370775347912,24.278842037671232,5.919645700018638,3.1739934133803946,128,0.2936307933648111,9.144299919210155,4.748774838673514,4,test
s4,hidden_count_linear,23,reset567,none,0.9921875,19.12939018875509,30.716396837349397,6.008308215012478,3.2031915685660812,128,0.29889672169929826,9.1881074710169,4.752489550849047,all,train
s4,hidden_count_linear,23,reset567,none,0.9921875,19.12939018875509,30.716396837349397,6.008308215012478,3.2031915685660812,128,0.29889672169929826,9.1881074710169,4.752489550849047,4,train
s4,hidden_count_linear,23,reset567,none,0.9453125,17.543587042401896,24.781622023809526,5.187077517338249,2.783593544245457,128,0.2741185475375296,8.39015283815073,4.353897871398414,all,val
s4,hidden_count_linear,23,reset567,none,0.9453125,17.543587042401896,24.781622023809526,5.187077517338249,2.783593544245457,128,0.2741185475375296,8.39015283815073,4.353897871398414,4,val
s4,hidden_count_linear,23,reset567,none,0.9609375,18.792370775347912,24.278842037671232,5.919645700018638,3.1739934133803946,128,0.2936307933648111,9.144299919210155,4.748774838673514,all,test
s4,hidden_count_linear,23,reset567,none,0.9609375,18.792370775347912,24.278842037671232,5.919645700018638,3.1739934133803946,128,0.2936307933648111,9.144299919210155,4.748774838673514,4,test
s4,hidden_count_linear,101,normal,none,0.9921875,23.882350478168387,38.34830841222031,5.034868713048721,2.745099735740784,128,0.37316172622138105,7.816053837716604,4.104494809731832,all,train
s4,hidden_count_linear,101,normal,none,0.9921875,23.882350478168387,38.34830841222031,5.034868713048721,2.745099735740784,128,0.37316172622138105,7.816053837716604,4.104494809731832,4,train
s4,hidden_count_linear,101,normal,none,0.9765625,22.367044157668335,31.59511408730159,4.256444232288649,2.346282324038715,128,0.34948506496356774,6.977406176634366,3.6838946733648092,all,val
s4,hidden_count_linear,101,normal,none,0.9765625,22.367044157668335,31.59511408730159,4.256444232288649,2.346282324038715,128,0.34948506496356774,6.977406176634366,3.6838946733648092,4,val
s4,hidden_count_linear,101,normal,none,0.984375,23.373011928429424,30.196810787671232,4.932882320335798,2.7043604057620425,128,0.36520331138170975,7.771319460977978,4.094608072167839,all,test
s4,hidden_count_linear,101,normal,none,0.984375,23.373011928429424,30.196810787671232,4.932882320335798,2.7043604057620425,128,0.36520331138170975,7.771319460977978,4.094608072167839,4,test
s4,hidden_count_linear,101,resetall250,s4,0.9921875,20.248798298356977,32.51385004302926,2.071046504309587,1.3204828468343326,128,0.31638747341182777,3.581761094387133,2.087902643042452,all,train
s4,hidden_count_linear,101,resetall250,s4,0.9921875,20.248798298356977,32.51385004302926,2.071046504309587,1.3204828468343326,128,0.31638747341182777,3.581761094387133,2.087902643042452,4,train
s4,hidden_count_linear,101,resetall250,s4,0.9765625,18.835220788341672,26.606150793650794,1.8079799156132035,1.1639150425774734,128,0.29430032481783863,3.278663619313562,1.9197827760700514,all,val
s4,hidden_count_linear,101,resetall250,s4,0.9765625,18.835220788341672,26.606150793650794,1.8079799156132035,1.1639150425774734,128,0.29430032481783863,3.278663619313562,1.9197827760700514,4,val
s4,hidden_count_linear,101,resetall250,s4,0.984375,20.440399271040423,26.408015839041095,2.151186832455786,1.3695982167703415,128,0.3193812386100066,3.7096625336307376,2.160925408065296,all,test
s4,hidden_count_linear,101,resetall250,s4,0.984375,20.440399271040423,26.408015839041095,2.151186832455786,1.3695982167703415,128,0.3193812386100066,3.7096625336307376,2.160925408065296,4,test
s4,hidden_count_linear,101,reset234,s4,0.9921875,20.248798298356977,32.51385004302926,2.071046504309587,1.3204828468343326,128,0.31638747341182777,3.581761094387133,2.087902643042452,all,train
s4,hidden_count_linear,101,reset234,s4,0.9921875,20.248798298356977,32.51385004302926,2.071046504309587,1.3204828468343326,128,0.31638747341182777,3.581761094387133,2.087902643042452,4,train
s4,hidden_count_linear,101,reset234,s4,0.9765625,18.835220788341672,26.606150793650794,1.8079799156132035,1.1639150425774734,128,0.29430032481783863,3.278663619313562,1.9197827760700514,all,val
s4,hidden_count_linear,101,reset234,s4,0.9765625,18.835220788341672,26.606150793650794,1.8079799156132035,1.1639150425774734,128,0.29430032481783863,3.278663619313562,1.9197827760700514,4,val
s4,hidden_count_linear,101,reset234,s4,0.984375,20.440399271040423,26.408015839041095,2.151186832455786,1.3695982167703415,128,0.3193812386100066,3.7096625336307376,2.160925408065296,all,test
s4,hidden_count_linear,101,reset234,s4,0.984375,20.440399271040423,26.408015839041095,2.151186832455786,1.3695982167703415,128,0.3193812386100066,3.7096625336307376,2.160925408065296,4,test
s4,hidden_count_linear,101,reset2345,s4,0.9921875,20.248798298356977,32.51385004302926,2.071046504309587,1.3204828468343326,128,0.31638747341182777,3.581761094387133,2.087902643042452,all,train
s4,hidden_count_linear,101,reset2345,s4,0.9921875,20.248798298356977,32.51385004302926,2.071046504309587,1.3204828468343326,128,0.31638747341182777,3.581761094387133,2.087902643042452,4,train
s4,hidden_count_linear,101,reset2345,s4,0.9765625,18.835220788341672,26.606150793650794,1.8079799156132035,1.1639150425774734,128,0.29430032481783863,3.278663619313562,1.9197827760700514,all,val
s4,hidden_count_linear,101,reset2345,s4,0.9765625,18.835220788341672,26.606150793650794,1.8079799156132035,1.1639150425774734,128,0.29430032481783863,3.278663619313562,1.9197827760700514,4,val
s4,hidden_count_linear,101,reset2345,s4,0.984375,20.440399271040423,26.408015839041095,2.151186832455786,1.3695982167703415,128,0.3193812386100066,3.7096625336307376,2.160925408065296,all,test
s4,hidden_count_linear,101,reset2345,s4,0.984375,20.440399271040423,26.408015839041095,2.151186832455786,1.3695982167703415,128,0.3193812386100066,3.7096625336307376,2.160925408065296,4,test
s4,hidden_count_linear,101,reset23456,s4,0.9921875,20.248798298356977,32.51385004302926,2.071046504309587,1.3204828468343326,128,0.31638747341182777,3.581761094387133,2.087902643042452,all,train
s4,hidden_count_linear,101,reset23456,s4,0.9921875,20.248798298356977,32.51385004302926,2.071046504309587,1.3204828468343326,128,0.31638747341182777,3.581761094387133,2.087902643042452,4,train
s4,hidden_count_linear,101,reset23456,s4,0.9765625,18.835220788341672,26.606150793650794,1.8079799156132035,1.1639150425774734,128,0.29430032481783863,3.278663619313562,1.9197827760700514,all,val
s4,hidden_count_linear,101,reset23456,s4,0.9765625,18.835220788341672,26.606150793650794,1.8079799156132035,1.1639150425774734,128,0.29430032481783863,3.278663619313562,1.9197827760700514,4,val
s4,hidden_count_linear,101,reset23456,s4,0.984375,20.440399271040423,26.408015839041095,2.151186832455786,1.3695982167703415,128,0.3193812386100066,3.7096625336307376,2.160925408065296,all,test
s4,hidden_count_linear,101,reset23456,s4,0.984375,20.440399271040423,26.408015839041095,2.151186832455786,1.3695982167703415,128,0.3193812386100066,3.7096625336307376,2.160925408065296,4,test
s4,hidden_count_linear,101,reset67,none,0.9921875,23.882350478168387,38.34830841222031,5.034868713048721,2.745099735740784,128,0.37316172622138105,7.816053837716604,4.104494809731832,all,train
s4,hidden_count_linear,101,reset67,none,0.9921875,23.882350478168387,38.34830841222031,5.034868713048721,2.745099735740784,128,0.37316172622138105,7.816053837716604,4.104494809731832,4,train
s4,hidden_count_linear,101,reset67,none,0.9765625,22.367044157668335,31.59511408730159,4.256444232288649,2.346282324038715,128,0.34948506496356774,6.977406176634366,3.6838946733648092,all,val
s4,hidden_count_linear,101,reset67,none,0.9765625,22.367044157668335,31.59511408730159,4.256444232288649,2.346282324038715,128,0.34948506496356774,6.977406176634366,3.6838946733648092,4,val
s4,hidden_count_linear,101,reset67,none,0.984375,23.373011928429424,30.196810787671232,4.932882320335798,2.7043604057620425,128,0.36520331138170975,7.771319460977978,4.094608072167839,all,test
s4,hidden_count_linear,101,reset67,none,0.984375,23.373011928429424,30.196810787671232,4.932882320335798,2.7043604057620425,128,0.36520331138170975,7.771319460977978,4.094608072167839,4,test
s4,hidden_count_linear,101,reset567,none,0.9921875,23.882350478168387,38.34830841222031,5.034868713048721,2.745099735740784,128,0.37316172622138105,7.816053837716604,4.104494809731832,all,train
s4,hidden_count_linear,101,reset567,none,0.9921875,23.882350478168387,38.34830841222031,5.034868713048721,2.745099735740784,128,0.37316172622138105,7.816053837716604,4.104494809731832,4,train
s4,hidden_count_linear,101,reset567,none,0.9765625,22.367044157668335,31.59511408730159,4.256444232288649,2.346282324038715,128,0.34948506496356774,6.977406176634366,3.6838946733648092,all,val
s4,hidden_count_linear,101,reset567,none,0.9765625,22.367044157668335,31.59511408730159,4.256444232288649,2.346282324038715,128,0.34948506496356774,6.977406176634366,3.6838946733648092,4,val
s4,hidden_count_linear,101,reset567,none,0.984375,23.373011928429424,30.196810787671232,4.932882320335798,2.7043604057620425,128,0.36520331138170975,7.771319460977978,4.094608072167839,all,test
s4,hidden_count_linear,101,reset567,none,0.984375,23.373011928429424,30.196810787671232,4.932882320335798,2.7043604057620425,128,0.36520331138170975,7.771319460977978,4.094608072167839,4,test
s4,output_lif,11,normal,none,0.984375,22.209849766359053,35.66274472891566,6.40740453118981,3.430418413042022,128,0.3470289025993602,9.794501563322882,5.099307424887159,all,train
s4,output_lif,11,normal,none,0.984375,22.209849766359053,35.66274472891566,6.40740453118981,3.430418413042022,128,0.3470289025993602,9.794501563322882,5.099307424887159,4,train
s4,output_lif,11,normal,none,0.953125,20.40229128259152,28.819754464285715,5.4475775145948555,2.9396220151874286,128,0.3187858012904925,8.840062230878699,4.623020922248386,all,val
s4,output_lif,11,normal,none,0.953125,20.40229128259152,28.819754464285715,5.4475775145948555,2.9396220151874286,128,0.3187858012904925,8.840062230878699,4.623020922248386,4,val
s4,output_lif,11,normal,none,0.9453125,21.64815275016567,27.96837542808219,6.170454931543551,3.324696798052829,128,0.3382523867213386,9.51908447906098,4.976404314421852,all,test
s4,output_lif,11,normal,none,0.9453125,21.64815275016567,27.96837542808219,6.170454931543551,3.324696798052829,128,0.3382523867213386,9.51908447906098,4.976404314421852,4,test
s4,output_lif,11,resetall250,s4,0.9921875,19.283710452710736,30.96419158777969,2.64059768562522,1.631629607656975,128,0.30130797582360525,4.458823547616253,2.5624759239828987,all,train
s4,output_lif,11,resetall250,s4,0.9921875,19.283710452710736,30.96419158777969,2.64059768562522,1.631629607656975,128,0.30130797582360525,4.458823547616253,2.5624759239828987,4,train
s4,output_lif,11,resetall250,s4,0.9765625,17.662101659204634,24.949032738095237,2.329091017579668,1.4463200114125188,128,0.2759703384250724,4.1436725060525115,2.388007988037427,all,val
s4,output_lif,11,resetall250,s4,0.9765625,17.662101659204634,24.949032738095237,2.329091017579668,1.4463200114125188,128,0.2759703384250724,4.1436725060525115,2.388007988037427,4,val
s4,output_lif,11,resetall250,s4,0.96875,19.253893306825713,24.875107020547944,2.6919854974967903,1.6642543825588139,128,0.30084208291915177,4.508561028881768,2.5941544192765438,all,test
s4,output_lif,11,resetall250,s4,0.96875,19.253893306825713,24.875107020547944,2.6919854974967903,1.6642543825588139,128,0.30084208291915177,4.508561028881768,2.5941544192765438,4,test
s4,output_lif,11,reset234,s4,0.9921875,19.283710452710736,30.96419158777969,2.64059768562522,1.631629607656975,128,0.30130797582360525,4.458823547616253,2.5624759239828987,all,train
s4,output_lif,11,reset234,s4,0.9921875,19.283710452710736,30.96419158777969,2.64059768562522,1.631629607656975,128,0.30130797582360525,4.458823547616253,2.5624759239828987,4,train
s4,output_lif,11,reset234,s4,0.9765625,17.662101659204634,24.949032738095237,2.329091017579668,1.4463200114125188,128,0.2759703384250724,4.1436725060525115,2.388007988037427,all,val
s4,output_lif,11,reset234,s4,0.9765625,17.662101659204634,24.949032738095237,2.329091017579668,1.4463200114125188,128,0.2759703384250724,4.1436725060525115,2.388007988037427,4,val
s4,output_lif,11,reset234,s4,0.96875,19.253893306825713,24.875107020547944,2.6919854974967903,1.6642543825588139,128,0.30084208291915177,4.508561028881768,2.5941544192765438,all,test
s4,output_lif,11,reset234,s4,0.96875,19.253893306825713,24.875107020547944,2.6919854974967903,1.6642543825588139,128,0.30084208291915177,4.508561028881768,2.5941544192765438,4,test
s4,output_lif,11,reset2345,s4,0.9921875,19.283710452710736,30.96419158777969,2.64059768562522,1.631629607656975,128,0.30130797582360525,4.458823547616253,2.5624759239828987,all,train
s4,output_lif,11,reset2345,s4,0.9921875,19.283710452710736,30.96419158777969,2.64059768562522,1.631629607656975,128,0.30130797582360525,4.458823547616253,2.5624759239828987,4,train
s4,output_lif,11,reset2345,s4,0.9765625,17.662101659204634,24.949032738095237,2.329091017579668,1.4463200114125188,128,0.2759703384250724,4.1436725060525115,2.388007988037427,all,val
s4,output_lif,11,reset2345,s4,0.9765625,17.662101659204634,24.949032738095237,2.329091017579668,1.4463200114125188,128,0.2759703384250724,4.1436725060525115,2.388007988037427,4,val
s4,output_lif,11,reset2345,s4,0.96875,19.253893306825713,24.875107020547944,2.6919854974967903,1.6642543825588139,128,0.30084208291915177,4.508561028881768,2.5941544192765438,all,test
s4,output_lif,11,reset2345,s4,0.96875,19.253893306825713,24.875107020547944,2.6919854974967903,1.6642543825588139,128,0.30084208291915177,4.508561028881768,2.5941544192765438,4,test
s4,output_lif,11,reset23456,s4,0.9921875,19.283710452710736,30.96419158777969,2.64059768562522,1.631629607656975,128,0.30130797582360525,4.458823547616253,2.5624759239828987,all,train
s4,output_lif,11,reset23456,s4,0.9921875,19.283710452710736,30.96419158777969,2.64059768562522,1.631629607656975,128,0.30130797582360525,4.458823547616253,2.5624759239828987,4,train
s4,output_lif,11,reset23456,s4,0.9765625,17.662101659204634,24.949032738095237,2.329091017579668,1.4463200114125188,128,0.2759703384250724,4.1436725060525115,2.388007988037427,all,val
s4,output_lif,11,reset23456,s4,0.9765625,17.662101659204634,24.949032738095237,2.329091017579668,1.4463200114125188,128,0.2759703384250724,4.1436725060525115,2.388007988037427,4,val
s4,output_lif,11,reset23456,s4,0.96875,19.253893306825713,24.875107020547944,2.6919854974967903,1.6642543825588139,128,0.30084208291915177,4.508561028881768,2.5941544192765438,all,test
s4,output_lif,11,reset23456,s4,0.96875,19.253893306825713,24.875107020547944,2.6919854974967903,1.6642543825588139,128,0.30084208291915177,4.508561028881768,2.5941544192765438,4,test
s4,output_lif,11,reset67,none,0.984375,22.209849766359053,35.66274472891566,6.40740453118981,3.430418413042022,128,0.3470289025993602,9.794501563322882,5.099307424887159,all,train
s4,output_lif,11,reset67,none,0.984375,22.209849766359053,35.66274472891566,6.40740453118981,3.430418413042022,128,0.3470289025993602,9.794501563322882,5.099307424887159,4,train
s4,output_lif,11,reset67,none,0.953125,20.40229128259152,28.819754464285715,5.4475775145948555,2.9396220151874286,128,0.3187858012904925,8.840062230878699,4.623020922248386,all,val
s4,output_lif,11,reset67,none,0.953125,20.40229128259152,28.819754464285715,5.4475775145948555,2.9396220151874286,128,0.3187858012904925,8.840062230878699,4.623020922248386,4,val
s4,output_lif,11,reset67,none,0.9453125,21.64815275016567,27.96837542808219,6.170454931543551,3.324696798052829,128,0.3382523867213386,9.51908447906098,4.976404314421852,all,test
s4,output_lif,11,reset67,none,0.9453125,21.64815275016567,27.96837542808219,6.170454931543551,3.324696798052829,128,0.3382523867213386,9.51908447906098,4.976404314421852,4,test
s4,output_lif,11,reset567,none,0.984375,22.209849766359053,35.66274472891566,6.40740453118981,3.430418413042022,128,0.3470289025993602,9.794501563322882,5.099307424887159,all,train
s4,output_lif,11,reset567,none,0.984375,22.209849766359053,35.66274472891566,6.40740453118981,3.430418413042022,128,0.3470289025993602,9.794501563322882,5.099307424887159,4,train
s4,output_lif,11,reset567,none,0.953125,20.40229128259152,28.819754464285715,5.4475775145948555,2.9396220151874286,128,0.3187858012904925,8.840062230878699,4.623020922248386,all,val
s4,output_lif,11,reset567,none,0.953125,20.40229128259152,28.819754464285715,5.4475775145948555,2.9396220151874286,128,0.3187858012904925,8.840062230878699,4.623020922248386,4,val
s4,output_lif,11,reset567,none,0.9453125,21.64815275016567,27.96837542808219,6.170454931543551,3.324696798052829,128,0.3382523867213386,9.51908447906098,4.976404314421852,all,test
s4,output_lif,11,reset567,none,0.9453125,21.64815275016567,27.96837542808219,6.170454931543551,3.324696798052829,128,0.3382523867213386,9.51908447906098,4.976404314421852,4,test
s4,output_lif,23,normal,none,1.0,20.57727737116251,33.041294642857146,6.450572561634314,3.4384848876597385,128,0.3215199589244142,9.754387054530223,5.060569146193668,all,train
s4,output_lif,23,normal,none,1.0,20.57727737116251,33.041294642857146,6.450572561634314,3.4384848876597385,128,0.3215199589244142,9.754387054530223,5.060569146193668,4,train
s4,output_lif,23,normal,none,0.9765625,19.028619085242735,26.87934027777778,5.603450297932579,3.006204871170222,128,0.29732217320691773,8.880410101226921,4.624853782207997,all,val
s4,output_lif,23,normal,none,0.9765625,19.028619085242735,26.87934027777778,5.603450297932579,3.006204871170222,128,0.29732217320691773,8.880410101226921,4.624853782207997,4,val
s4,output_lif,23,normal,none,0.953125,20.004887342611,25.84535530821918,6.347056576556287,3.4010955830770584,128,0.31257636472829686,9.661683264244994,5.033153621007397,all,test
s4,output_lif,23,normal,none,0.953125,20.004887342611,25.84535530821918,6.347056576556287,3.4010955830770584,128,0.31257636472829686,9.661683264244994,5.033153621007397,4,test
s4,output_lif,23,resetall250,s4,1.0,17.731823739260054,28.47229991394148,2.6664204665596163,1.6333644793533422,128,0.27705974592593835,4.447214005675909,2.5396640068823775,all,train
s4,output_lif,23,resetall250,s4,1.0,17.731823739260054,28.47229991394148,2.6664204665596163,1.6333644793533422,128,0.27705974592593835,4.447214005675909,2.5396640068823775,4,train
s4,output_lif,23,resetall250,s4,0.9765625,16.404793257835134,23.172991071428573,2.3940036610591697,1.4721610673997014,128,0.256324894653674,4.157533885379235,2.3798404785167273,all,val
s4,output_lif,23,resetall250,s4,0.9765625,16.404793257835134,23.172991071428573,2.3940036610591697,1.4721610673997014,128,0.256324894653674,4.157533885379235,2.3798404785167273,4,val
s4,output_lif,23,resetall250,s4,0.9609375,17.82836315440689,23.033390410958905,2.774946775240484,1.6988761199081552,128,0.27856817428760766,4.579969238493047,2.61846574165318,all,test
s4,output_lif,23,resetall250,s4,0.9609375,17.82836315440689,23.033390410958905,2.774946775240484,1.6988761199081552,128,0.27856817428760766,4.579969238493047,2.61846574165318,4,test
s4,output_lif,23,reset234,s4,1.0,17.731823739260054,28.47229991394148,2.6664204665596163,1.6333644793533422,128,0.27705974592593835,4.447214005675909,2.5396640068823775,all,train
s4,output_lif,23,reset234,s4,1.0,17.731823739260054,28.47229991394148,2.6664204665596163,1.6333644793533422,128,0.27705974592593835,4.447214005675909,2.5396640068823775,4,train
s4,output_lif,23,reset234,s4,0.9765625,16.404793257835134,23.172991071428573,2.3940036610591697,1.4721610673997014,128,0.256324894653674,4.157533885379235,2.3798404785167273,all,val
s4,output_lif,23,reset234,s4,0.9765625,16.404793257835134,23.172991071428573,2.3940036610591697,1.4721610673997014,128,0.256324894653674,4.157533885379235,2.3798404785167273,4,val
s4,output_lif,23,reset234,s4,0.9609375,17.82836315440689,23.033390410958905,2.774946775240484,1.6988761199081552,128,0.27856817428760766,4.579969238493047,2.61846574165318,all,test
s4,output_lif,23,reset234,s4,0.9609375,17.82836315440689,23.033390410958905,2.774946775240484,1.6988761199081552,128,0.27856817428760766,4.579969238493047,2.61846574165318,4,test
s4,output_lif,23,reset2345,s4,1.0,17.731823739260054,28.47229991394148,2.6664204665596163,1.6333644793533422,128,0.27705974592593835,4.447214005675909,2.5396640068823775,all,train
s4,output_lif,23,reset2345,s4,1.0,17.731823739260054,28.47229991394148,2.6664204665596163,1.6333644793533422,128,0.27705974592593835,4.447214005675909,2.5396640068823775,4,train
s4,output_lif,23,reset2345,s4,0.9765625,16.404793257835134,23.172991071428573,2.3940036610591697,1.4721610673997014,128,0.256324894653674,4.157533885379235,2.3798404785167273,all,val
s4,output_lif,23,reset2345,s4,0.9765625,16.404793257835134,23.172991071428573,2.3940036610591697,1.4721610673997014,128,0.256324894653674,4.157533885379235,2.3798404785167273,4,val
s4,output_lif,23,reset2345,s4,0.9609375,17.82836315440689,23.033390410958905,2.774946775240484,1.6988761199081552,128,0.27856817428760766,4.579969238493047,2.61846574165318,all,test
s4,output_lif,23,reset2345,s4,0.9609375,17.82836315440689,23.033390410958905,2.774946775240484,1.6988761199081552,128,0.27856817428760766,4.579969238493047,2.61846574165318,4,test
s4,output_lif,23,reset23456,s4,1.0,17.731823739260054,28.47229991394148,2.6664204665596163,1.6333644793533422,128,0.27705974592593835,4.447214005675909,2.5396640068823775,all,train
s4,output_lif,23,reset23456,s4,1.0,17.731823739260054,28.47229991394148,2.6664204665596163,1.6333644793533422,128,0.27705974592593835,4.447214005675909,2.5396640068823775,4,train
s4,output_lif,23,reset23456,s4,0.9765625,16.404793257835134,23.172991071428573,2.3940036610591697,1.4721610673997014,128,0.256324894653674,4.157533885379235,2.3798404785167273,all,val
s4,output_lif,23,reset23456,s4,0.9765625,16.404793257835134,23.172991071428573,2.3940036610591697,1.4721610673997014,128,0.256324894653674,4.157533885379235,2.3798404785167273,4,val
s4,output_lif,23,reset23456,s4,0.9609375,17.82836315440689,23.033390410958905,2.774946775240484,1.6988761199081552,128,0.27856817428760766,4.579969238493047,2.61846574165318,all,test
s4,output_lif,23,reset23456,s4,0.9609375,17.82836315440689,23.033390410958905,2.774946775240484,1.6988761199081552,128,0.27856817428760766,4.579969238493047,2.61846574165318,4,test
s4,output_lif,23,reset67,none,1.0,20.57727737116251,33.041294642857146,6.450572561634314,3.4384848876597385,128,0.3215199589244142,9.754387054530223,5.060569146193668,all,train
s4,output_lif,23,reset67,none,1.0,20.57727737116251,33.041294642857146,6.450572561634314,3.4384848876597385,128,0.3215199589244142,9.754387054530223,5.060569146193668,4,train
s4,output_lif,23,reset67,none,0.9765625,19.028619085242735,26.87934027777778,5.603450297932579,3.006204871170222,128,0.29732217320691773,8.880410101226921,4.624853782207997,all,val
s4,output_lif,23,reset67,none,0.9765625,19.028619085242735,26.87934027777778,5.603450297932579,3.006204871170222,128,0.29732217320691773,8.880410101226921,4.624853782207997,4,val
s4,output_lif,23,reset67,none,0.953125,20.004887342611,25.84535530821918,6.347056576556287,3.4010955830770584,128,0.31257636472829686,9.661683264244994,5.033153621007397,all,test
s4,output_lif,23,reset67,none,0.953125,20.004887342611,25.84535530821918,6.347056576556287,3.4010955830770584,128,0.31257636472829686,9.661683264244994,5.033153621007397,4,test
s4,output_lif,23,reset567,none,1.0,20.57727737116251,33.041294642857146,6.450572561634314,3.4384848876597385,128,0.3215199589244142,9.754387054530223,5.060569146193668,all,train
s4,output_lif,23,reset567,none,1.0,20.57727737116251,33.041294642857146,6.450572561634314,3.4384848876597385,128,0.3215199589244142,9.754387054530223,5.060569146193668,4,train
s4,output_lif,23,reset567,none,0.9765625,19.028619085242735,26.87934027777778,5.603450297932579,3.006204871170222,128,0.29732217320691773,8.880410101226921,4.624853782207997,all,val
s4,output_lif,23,reset567,none,0.9765625,19.028619085242735,26.87934027777778,5.603450297932579,3.006204871170222,128,0.29732217320691773,8.880410101226921,4.624853782207997,4,val
s4,output_lif,23,reset567,none,0.953125,20.004887342611,25.84535530821918,6.347056576556287,3.4010955830770584,128,0.31257636472829686,9.661683264244994,5.033153621007397,all,test
s4,output_lif,23,reset567,none,0.953125,20.004887342611,25.84535530821918,6.347056576556287,3.4010955830770584,128,0.31257636472829686,9.661683264244994,5.033153621007397,4,test
s4,output_lif,101,normal,none,0.9921875,23.870593062789958,38.32942932444062,6.546562471213593,3.512855616803725,128,0.3729780166060931,9.965784193844874,5.197054499526659,all,train
s4,output_lif,101,normal,none,0.9921875,23.870593062789958,38.32942932444062,6.546562471213593,3.512855616803725,128,0.3729780166060931,9.965784193844874,5.197054499526659,4,train
s4,output_lif,101,normal,none,0.96875,22.4323588798174,31.68737599206349,5.555121642085857,3.0083454042665263,128,0.3505056074971469,8.867302253188814,4.647558263418439,all,val
s4,output_lif,101,normal,none,0.96875,22.4323588798174,31.68737599206349,5.555121642085857,3.0083454042665263,128,0.3505056074971469,8.867302253188814,4.647558263418439,4,val
s4,output_lif,101,normal,none,0.96875,23.385188866799204,30.21254280821918,6.462822875572089,3.486224134684083,128,0.36539357604373757,9.908927576813737,5.186205209098753,all,test
s4,output_lif,101,normal,none,0.96875,23.385188866799204,30.21254280821918,6.462822875572089,3.486224134684083,128,0.36539357604373757,9.908927576813737,5.186205209098753,4,test
s4,output_lif,101,resetall250,s4,0.9921875,20.94684877820021,33.634721923407916,2.683846285297369,1.6688018220748824,128,0.32729451215937827,4.52584043645539,2.6104911825964323,all,train
s4,output_lif,101,resetall250,s4,0.9921875,20.94684877820021,33.634721923407916,2.683846285297369,1.6688018220748824,128,0.32729451215937827,4.52584043645539,2.6104911825964323,4,train
s4,output_lif,101,resetall250,s4,0.984375,19.566148713896936,27.638640873015873,2.3507418822974278,1.4734058823852163,128,0.30572107365463963,4.137758996458499,2.3961766385204073,all,val
s4,output_lif,101,resetall250,s4,0.984375,19.566148713896936,27.638640873015873,2.3507418822974278,1.4734058823852163,128,0.30572107365463963,4.137758996458499,2.3961766385204073,4,val
s4,output_lif,101,resetall250,s4,0.9765625,21.149560967528164,27.32421875,2.8090975023880156,1.7440732800462848,128,0.33046189011762755,4.688721987008693,2.7042655542999183,all,test
s4,output_lif,101,resetall250,s4,0.9765625,21.149560967528164,27.32421875,2.8090975023880156,1.7440732800462848,128,0.33046189011762755,4.688721987008693,2.7042655542999183,4,test
s4,output_lif,101,reset234,s4,0.9921875,20.94684877820021,33.634721923407916,2.683846285297369,1.6688018220748824,128,0.32729451215937827,4.52584043645539,2.6104911825964323,all,train
s4,output_lif,101,reset234,s4,0.9921875,20.94684877820021,33.634721923407916,2.683846285297369,1.6688018220748824,128,0.32729451215937827,4.52584043645539,2.6104911825964323,4,train
s4,output_lif,101,reset234,s4,0.984375,19.566148713896936,27.638640873015873,2.3507418822974278,1.4734058823852163,128,0.30572107365463963,4.137758996458499,2.3961766385204073,all,val
s4,output_lif,101,reset234,s4,0.984375,19.566148713896936,27.638640873015873,2.3507418822974278,1.4734058823852163,128,0.30572107365463963,4.137758996458499,2.3961766385204073,4,val
s4,output_lif,101,reset234,s4,0.9765625,21.149560967528164,27.32421875,2.8090975023880156,1.7440732800462848,128,0.33046189011762755,4.688721987008693,2.7042655542999183,all,test
s4,output_lif,101,reset234,s4,0.9765625,21.149560967528164,27.32421875,2.8090975023880156,1.7440732800462848,128,0.33046189011762755,4.688721987008693,2.7042655542999183,4,test
s4,output_lif,101,reset2345,s4,0.9921875,20.94684877820021,33.634721923407916,2.683846285297369,1.6688018220748824,128,0.32729451215937827,4.52584043645539,2.6104911825964323,all,train
s4,output_lif,101,reset2345,s4,0.9921875,20.94684877820021,33.634721923407916,2.683846285297369,1.6688018220748824,128,0.32729451215937827,4.52584043645539,2.6104911825964323,4,train
s4,output_lif,101,reset2345,s4,0.984375,19.566148713896936,27.638640873015873,2.3507418822974278,1.4734058823852163,128,0.30572107365463963,4.137758996458499,2.3961766385204073,all,val
s4,output_lif,101,reset2345,s4,0.984375,19.566148713896936,27.638640873015873,2.3507418822974278,1.4734058823852163,128,0.30572107365463963,4.137758996458499,2.3961766385204073,4,val
s4,output_lif,101,reset2345,s4,0.9765625,21.149560967528164,27.32421875,2.8090975023880156,1.7440732800462848,128,0.33046189011762755,4.688721987008693,2.7042655542999183,all,test
s4,output_lif,101,reset2345,s4,0.9765625,21.149560967528164,27.32421875,2.8090975023880156,1.7440732800462848,128,0.33046189011762755,4.688721987008693,2.7042655542999183,4,test
s4,output_lif,101,reset23456,s4,0.9921875,20.94684877820021,33.634721923407916,2.683846285297369,1.6688018220748824,128,0.32729451215937827,4.52584043645539,2.6104911825964323,all,train
s4,output_lif,101,reset23456,s4,0.9921875,20.94684877820021,33.634721923407916,2.683846285297369,1.6688018220748824,128,0.32729451215937827,4.52584043645539,2.6104911825964323,4,train
s4,output_lif,101,reset23456,s4,0.984375,19.566148713896936,27.638640873015873,2.3507418822974278,1.4734058823852163,128,0.30572107365463963,4.137758996458499,2.3961766385204073,all,val
s4,output_lif,101,reset23456,s4,0.984375,19.566148713896936,27.638640873015873,2.3507418822974278,1.4734058823852163,128,0.30572107365463963,4.137758996458499,2.3961766385204073,4,val
s4,output_lif,101,reset23456,s4,0.9765625,21.149560967528164,27.32421875,2.8090975023880156,1.7440732800462848,128,0.33046189011762755,4.688721987008693,2.7042655542999183,all,test
s4,output_lif,101,reset23456,s4,0.9765625,21.149560967528164,27.32421875,2.8090975023880156,1.7440732800462848,128,0.33046189011762755,4.688721987008693,2.7042655542999183,4,test
s4,output_lif,101,reset67,none,0.9921875,23.870593062789958,38.32942932444062,6.546562471213593,3.512855616803725,128,0.3729780166060931,9.965784193844874,5.197054499526659,all,train
s4,output_lif,101,reset67,none,0.9921875,23.870593062789958,38.32942932444062,6.546562471213593,3.512855616803725,128,0.3729780166060931,9.965784193844874,5.197054499526659,4,train
s4,output_lif,101,reset67,none,0.96875,22.4323588798174,31.68737599206349,5.555121642085857,3.0083454042665263,128,0.3505056074971469,8.867302253188814,4.647558263418439,all,val
s4,output_lif,101,reset67,none,0.96875,22.4323588798174,31.68737599206349,5.555121642085857,3.0083454042665263,128,0.3505056074971469,8.867302253188814,4.647558263418439,4,val
s4,output_lif,101,reset67,none,0.96875,23.385188866799204,30.21254280821918,6.462822875572089,3.486224134684083,128,0.36539357604373757,9.908927576813737,5.186205209098753,all,test
s4,output_lif,101,reset67,none,0.96875,23.385188866799204,30.21254280821918,6.462822875572089,3.486224134684083,128,0.36539357604373757,9.908927576813737,5.186205209098753,4,test
s4,output_lif,101,reset567,none,0.9921875,23.870593062789958,38.32942932444062,6.546562471213593,3.512855616803725,128,0.3729780166060931,9.965784193844874,5.197054499526659,all,train
s4,output_lif,101,reset567,none,0.9921875,23.870593062789958,38.32942932444062,6.546562471213593,3.512855616803725,128,0.3729780166060931,9.965784193844874,5.197054499526659,4,train
s4,output_lif,101,reset567,none,0.96875,22.4323588798174,31.68737599206349,5.555121642085857,3.0083454042665263,128,0.3505056074971469,8.867302253188814,4.647558263418439,all,val
s4,output_lif,101,reset567,none,0.96875,22.4323588798174,31.68737599206349,5.555121642085857,3.0083454042665263,128,0.3505056074971469,8.867302253188814,4.647558263418439,4,val
s4,output_lif,101,reset567,none,0.96875,23.385188866799204,30.21254280821918,6.462822875572089,3.486224134684083,128,0.36539357604373757,9.908927576813737,5.186205209098753,all,test
s4,output_lif,101,reset567,none,0.96875,23.385188866799204,30.21254280821918,6.462822875572089,3.486224134684083,128,0.36539357604373757,9.908927576813737,5.186205209098753,4,test
s5,hidden_count_linear,11,normal,none,1.0,21.97284238029042,35.28217781841652,7.787551802447787,4.135862583375903,128,0.3433256621920378,12.539797800710767,6.47712770893841,all,train
s5,hidden_count_linear,11,normal,none,1.0,21.97284238029042,35.28217781841652,7.787551802447787,4.135862583375903,128,0.3433256621920378,12.539797800710767,6.47712770893841,5,train
s5,hidden_count_linear,11,normal,none,0.984375,20.456588534808184,28.896453373015873,6.46488318628742,3.465760386489334,128,0.31963419585637787,10.974172798693015,5.699149513316725,all,val
s5,hidden_count_linear,11,normal,none,0.984375,20.456588534808184,28.896453373015873,6.46488318628742,3.465760386489334,128,0.31963419585637787,10.974172798693015,5.699149513316725,5,val
s5,hidden_count_linear,11,normal,none,0.9765625,21.136017229953612,27.306720890410958,7.206440394093771,3.85840879203943,128,0.3302502692180252,11.761441262866308,6.107367359240724,all,test
s5,hidden_count_linear,11,normal,none,0.9765625,21.136017229953612,27.306720890410958,7.206440394093771,3.85840879203943,128,0.3302502692180252,11.761441262866308,6.107367359240724,5,test
s5,hidden_count_linear,11,resetall250,s5,1.0,18.044190798398848,28.973873171256454,2.3185370002156365,1.449660474143526,128,0.281940481224982,4.085223550368758,2.358714706699594,all,train
s5,hidden_count_linear,11,resetall250,s5,1.0,18.044190798398848,28.973873171256454,2.3185370002156365,1.449660474143526,128,0.281940481224982,4.085223550368758,2.358714706699594,5,train
s5,hidden_count_linear,11,resetall250,s5,1.0,16.81494162057765,23.752356150793652,2.0608997440413486,1.2965369624319638,128,0.26273346282152577,3.803714840418243,2.202991333318916,all,val
s5,hidden_count_linear,11,resetall250,s5,1.0,16.81494162057765,23.752356150793652,2.0608997440413486,1.2965369624319638,128,0.26273346282152577,3.803714840418243,2.202991333318916,5,val
s5,hidden_count_linear,11,resetall250,s5,0.96875,18.12384029158383,23.41513270547945,2.3856341119946984,1.4915989394848357,128,0.2831850045559973,4.165480903177715,2.407095528196806,all,test
s5,hidden_count_linear,11,resetall250,s5,0.96875,18.12384029158383,23.41513270547945,2.3856341119946984,1.4915989394848357,128,0.2831850045559973,4.165480903177715,2.407095528196806,5,test
s5,hidden_count_linear,11,reset234,none,1.0,21.97284238029042,35.28217781841652,7.787551802447787,4.135862583375903,128,0.3433256621920378,12.539797800710767,6.47712770893841,all,train
s5,hidden_count_linear,11,reset234,none,1.0,21.97284238029042,35.28217781841652,7.787551802447787,4.135862583375903,128,0.3433256621920378,12.539797800710767,6.47712770893841,5,train
s5,hidden_count_linear,11,reset234,none,0.984375,20.456588534808184,28.896453373015873,6.46488318628742,3.465760386489334,128,0.31963419585637787,10.974172798693015,5.699149513316725,all,val
s5,hidden_count_linear,11,reset234,none,0.984375,20.456588534808184,28.896453373015873,6.46488318628742,3.465760386489334,128,0.31963419585637787,10.974172798693015,5.699149513316725,5,val
s5,hidden_count_linear,11,reset234,none,0.9765625,21.136017229953612,27.306720890410958,7.206440394093771,3.85840879203943,128,0.3302502692180252,11.761441262866308,6.107367359240724,all,test
s5,hidden_count_linear,11,reset234,none,0.9765625,21.136017229953612,27.306720890410958,7.206440394093771,3.85840879203943,128,0.3302502692180252,11.761441262866308,6.107367359240724,5,test
s5,hidden_count_linear,11,reset2345,s5,1.0,18.044190798398848,28.973873171256454,2.3185370002156365,1.449660474143526,128,0.281940481224982,4.085223550368758,2.358714706699594,all,train
s5,hidden_count_linear,11,reset2345,s5,1.0,18.044190798398848,28.973873171256454,2.3185370002156365,1.449660474143526,128,0.281940481224982,4.085223550368758,2.358714706699594,5,train
s5,hidden_count_linear,11,reset2345,s5,1.0,16.81494162057765,23.752356150793652,2.0608997440413486,1.2965369624319638,128,0.26273346282152577,3.803714840418243,2.202991333318916,all,val
s5,hidden_count_linear,11,reset2345,s5,1.0,16.81494162057765,23.752356150793652,2.0608997440413486,1.2965369624319638,128,0.26273346282152577,3.803714840418243,2.202991333318916,5,val
s5,hidden_count_linear,11,reset2345,s5,0.96875,18.12384029158383,23.41513270547945,2.3856341119946984,1.4915989394848357,128,0.2831850045559973,4.165480903177715,2.407095528196806,all,test
s5,hidden_count_linear,11,reset2345,s5,0.96875,18.12384029158383,23.41513270547945,2.3856341119946984,1.4915989394848357,128,0.2831850045559973,4.165480903177715,2.407095528196806,5,test
s5,hidden_count_linear,11,reset23456,s5,1.0,18.044190798398848,28.973873171256454,2.3185370002156365,1.449660474143526,128,0.281940481224982,4.085223550368758,2.358714706699594,all,train
s5,hidden_count_linear,11,reset23456,s5,1.0,18.044190798398848,28.973873171256454,2.3185370002156365,1.449660474143526,128,0.281940481224982,4.085223550368758,2.358714706699594,5,train
s5,hidden_count_linear,11,reset23456,s5,1.0,16.81494162057765,23.752356150793652,2.0608997440413486,1.2965369624319638,128,0.26273346282152577,3.803714840418243,2.202991333318916,all,val
s5,hidden_count_linear,11,reset23456,s5,1.0,16.81494162057765,23.752356150793652,2.0608997440413486,1.2965369624319638,128,0.26273346282152577,3.803714840418243,2.202991333318916,5,val
s5,hidden_count_linear,11,reset23456,s5,0.96875,18.12384029158383,23.41513270547945,2.3856341119946984,1.4915989394848357,128,0.2831850045559973,4.165480903177715,2.407095528196806,all,test
s5,hidden_count_linear,11,reset23456,s5,0.96875,18.12384029158383,23.41513270547945,2.3856341119946984,1.4915989394848357,128,0.2831850045559973,4.165480903177715,2.407095528196806,5,test
s5,hidden_count_linear,11,reset67,none,1.0,21.97284238029042,35.28217781841652,7.787551802447787,4.135862583375903,128,0.3433256621920378,12.539797800710767,6.47712770893841,all,train
s5,hidden_count_linear,11,reset67,none,1.0,21.97284238029042,35.28217781841652,7.787551802447787,4.135862583375903,128,0.3433256621920378,12.539797800710767,6.47712770893841,5,train
s5,hidden_count_linear,11,reset67,none,0.984375,20.456588534808184,28.896453373015873,6.46488318628742,3.465760386489334,128,0.31963419585637787,10.974172798693015,5.699149513316725,all,val
s5,hidden_count_linear,11,reset67,none,0.984375,20.456588534808184,28.896453373015873,6.46488318628742,3.465760386489334,128,0.31963419585637787,10.974172798693015,5.699149513316725,5,val
s5,hidden_count_linear,11,reset67,none,0.9765625,21.136017229953612,27.306720890410958,7.206440394093771,3.85840879203943,128,0.3302502692180252,11.761441262866308,6.107367359240724,all,test
s5,hidden_count_linear,11,reset67,none,0.9765625,21.136017229953612,27.306720890410958,7.206440394093771,3.85840879203943,128,0.3302502692180252,11.761441262866308,6.107367359240724,5,test
s5,hidden_count_linear,11,reset567,s5,1.0,18.044190798398848,28.973873171256454,2.3185370002156365,1.449660474143526,128,0.281940481224982,4.085223550368758,2.358714706699594,all,train
s5,hidden_count_linear,11,reset567,s5,1.0,18.044190798398848,28.973873171256454,2.3185370002156365,1.449660474143526,128,0.281940481224982,4.085223550368758,2.358714706699594,5,train
s5,hidden_count_linear,11,reset567,s5,1.0,16.81494162057765,23.752356150793652,2.0608997440413486,1.2965369624319638,128,0.26273346282152577,3.803714840418243,2.202991333318916,all,val
s5,hidden_count_linear,11,reset567,s5,1.0,16.81494162057765,23.752356150793652,2.0608997440413486,1.2965369624319638,128,0.26273346282152577,3.803714840418243,2.202991333318916,5,val
s5,hidden_count_linear,11,reset567,s5,0.96875,18.12384029158383,23.41513270547945,2.3856341119946984,1.4915989394848357,128,0.2831850045559973,4.165480903177715,2.407095528196806,all,test
s5,hidden_count_linear,11,reset567,s5,0.96875,18.12384029158383,23.41513270547945,2.3856341119946984,1.4915989394848357,128,0.2831850045559973,4.165480903177715,2.407095528196806,5,test
s5,hidden_count_linear,23,normal,none,0.9921875,20.776383003667913,33.36100204388985,9.671222464493276,5.084007436837389,128,0.32463098443231114,15.014828033668376,7.710269696239668,all,train
s5,hidden_count_linear,23,normal,none,0.9921875,20.776383003667913,33.36100204388985,9.671222464493276,5.084007436837389,128,0.32463098443231114,15.014828033668376,7.710269696239668,5,train
s5,hidden_count_linear,23,normal,none,0.96875,19.03384250724256,26.88671875,8.054443337942235,4.265002935431481,128,0.297403789175665,13.27227812747319,6.841363413670855,all,val
s5,hidden_count_linear,23,normal,none,0.96875,19.03384250724256,26.88671875,8.054443337942235,4.265002935431481,128,0.297403789175665,13.27227812747319,6.841363413670855,5,val
s5,hidden_count_linear,23,normal,none,0.953125,20.229746520874752,26.135862585616437,9.046252514211606,4.792520956617069,128,0.316089789388668,14.258962169224999,7.360812810485658,all,test
s5,hidden_count_linear,23,normal,none,0.953125,20.229746520874752,26.135862585616437,9.046252514211606,4.792520956617069,128,0.316089789388668,14.258962169224999,7.360812810485658,5,test
s5,hidden_count_linear,23,resetall250,s5,0.9921875,17.28282278459812,27.751331217728055,2.854142677994205,1.7446479690666505,128,0.27004410600934564,4.85616713249949,2.764280897439165,all,train
s5,hidden_count_linear,23,resetall250,s5,0.9921875,17.28282278459812,27.751331217728055,2.854142677994205,1.7446479690666505,128,0.27004410600934564,4.85616713249949,2.764280897439165,5,train
s5,hidden_count_linear,23,resetall250,s5,0.9609375,15.756430515319112,22.257130456349206,2.552522790744886,1.5645642324532525,128,0.24619422680186112,4.554523543382447,2.595251507451306,all,val
s5,hidden_count_linear,23,resetall250,s5,0.9609375,15.756430515319112,22.257130456349206,2.552522790744886,1.5645642324532525,128,0.24619422680186112,4.554523543382447,2.595251507451306,5,val
s5,hidden_count_linear,23,resetall250,s5,0.953125,17.49995858184228,22.609107448630137,2.9760813172721483,1.8190866398289949,128,0.2734368528412856,5.018688911069275,2.859926184644909,all,test
s5,hidden_count_linear,23,resetall250,s5,0.953125,17.49995858184228,22.609107448630137,2.9760813172721483,1.8190866398289949,128,0.2734368528412856,5.018688911069275,2.859926184644909,5,test
s5,hidden_count_linear,23,reset234,none,0.9921875,20.776383003667913,33.36100204388985,9.671222464493276,5.084007436837389,128,0.32463098443231114,15.014828033668376,7.710269696239668,all,train
s5,hidden_count_linear,23,reset234,none,0.9921875,20.776383003667913,33.36100204388985,9.671222464493276,5.084007436837389,128,0.32463098443231114,15.014828033668376,7.710269696239668,5,train
s5,hidden_count_linear,23,reset234,none,0.96875,19.03384250724256,26.88671875,8.054443337942235,4.265002935431481,128,0.297403789175665,13.27227812747319,6.841363413670855,all,val
s5,hidden_count_linear,23,reset234,none,0.96875,19.03384250724256,26.88671875,8.054443337942235,4.265002935431481,128,0.297403789175665,13.27227812747319,6.841363413670855,5,val
s5,hidden_count_linear,23,reset234,none,0.953125,20.229746520874752,26.135862585616437,9.046252514211606,4.792520956617069,128,0.316089789388668,14.258962169224999,7.360812810485658,all,test
s5,hidden_count_linear,23,reset234,none,0.953125,20.229746520874752,26.135862585616437,9.046252514211606,4.792520956617069,128,0.316089789388668,14.258962169224999,7.360812810485658,5,test
s5,hidden_count_linear,23,reset2345,s5,0.9921875,17.28282278459812,27.751331217728055,2.854142677994205,1.7446479690666505,128,0.27004410600934564,4.85616713249949,2.764280897439165,all,train
s5,hidden_count_linear,23,reset2345,s5,0.9921875,17.28282278459812,27.751331217728055,2.854142677994205,1.7446479690666505,128,0.27004410600934564,4.85616713249949,2.764280897439165,5,train
s5,hidden_count_linear,23,reset2345,s5,0.9609375,15.756430515319112,22.257130456349206,2.552522790744886,1.5645642324532525,128,0.24619422680186112,4.554523543382447,2.595251507451306,all,val
s5,hidden_count_linear,23,reset2345,s5,0.9609375,15.756430515319112,22.257130456349206,2.552522790744886,1.5645642324532525,128,0.24619422680186112,4.554523543382447,2.595251507451306,5,val
s5,hidden_count_linear,23,reset2345,s5,0.953125,17.49995858184228,22.609107448630137,2.9760813172721483,1.8190866398289949,128,0.2734368528412856,5.018688911069275,2.859926184644909,all,test
s5,hidden_count_linear,23,reset2345,s5,0.953125,17.49995858184228,22.609107448630137,2.9760813172721483,1.8190866398289949,128,0.2734368528412856,5.018688911069275,2.859926184644909,5,test
s5,hidden_count_linear,23,reset23456,s5,0.9921875,17.28282278459812,27.751331217728055,2.854142677994205,1.7446479690666505,128,0.27004410600934564,4.85616713249949,2.764280897439165,all,train
s5,hidden_count_linear,23,reset23456,s5,0.9921875,17.28282278459812,27.751331217728055,2.854142677994205,1.7446479690666505,128,0.27004410600934564,4.85616713249949,2.764280897439165,5,train
s5,hidden_count_linear,23,reset23456,s5,0.9609375,15.756430515319112,22.257130456349206,2.552522790744886,1.5645642324532525,128,0.24619422680186112,4.554523543382447,2.595251507451306,all,val
s5,hidden_count_linear,23,reset23456,s5,0.9609375,15.756430515319112,22.257130456349206,2.552522790744886,1.5645642324532525,128,0.24619422680186112,4.554523543382447,2.595251507451306,5,val
s5,hidden_count_linear,23,reset23456,s5,0.953125,17.49995858184228,22.609107448630137,2.9760813172721483,1.8190866398289949,128,0.2734368528412856,5.018688911069275,2.859926184644909,all,test
s5,hidden_count_linear,23,reset23456,s5,0.953125,17.49995858184228,22.609107448630137,2.9760813172721483,1.8190866398289949,128,0.2734368528412856,5.018688911069275,2.859926184644909,5,test
s5,hidden_count_linear,23,reset67,none,0.9921875,20.776383003667913,33.36100204388985,9.671222464493276,5.084007436837389,128,0.32463098443231114,15.014828033668376,7.710269696239668,all,train
s5,hidden_count_linear,23,reset67,none,0.9921875,20.776383003667913,33.36100204388985,9.671222464493276,5.084007436837389,128,0.32463098443231114,15.014828033668376,7.710269696239668,5,train
s5,hidden_count_linear,23,reset67,none,0.96875,19.03384250724256,26.88671875,8.054443337942235,4.265002935431481,128,0.297403789175665,13.27227812747319,6.841363413670855,all,val
s5,hidden_count_linear,23,reset67,none,0.96875,19.03384250724256,26.88671875,8.054443337942235,4.265002935431481,128,0.297403789175665,13.27227812747319,6.841363413670855,5,val
s5,hidden_count_linear,23,reset67,none,0.953125,20.229746520874752,26.135862585616437,9.046252514211606,4.792520956617069,128,0.316089789388668,14.258962169224999,7.360812810485658,all,test
s5,hidden_count_linear,23,reset67,none,0.953125,20.229746520874752,26.135862585616437,9.046252514211606,4.792520956617069,128,0.316089789388668,14.258962169224999,7.360812810485658,5,test
s5,hidden_count_linear,23,reset567,s5,0.9921875,17.28282278459812,27.751331217728055,2.854142677994205,1.7446479690666505,128,0.27004410600934564,4.85616713249949,2.764280897439165,all,train
s5,hidden_count_linear,23,reset567,s5,0.9921875,17.28282278459812,27.751331217728055,2.854142677994205,1.7446479690666505,128,0.27004410600934564,4.85616713249949,2.764280897439165,5,train
s5,hidden_count_linear,23,reset567,s5,0.9609375,15.756430515319112,22.257130456349206,2.552522790744886,1.5645642324532525,128,0.24619422680186112,4.554523543382447,2.595251507451306,all,val
s5,hidden_count_linear,23,reset567,s5,0.9609375,15.756430515319112,22.257130456349206,2.552522790744886,1.5645642324532525,128,0.24619422680186112,4.554523543382447,2.595251507451306,5,val
s5,hidden_count_linear,23,reset567,s5,0.953125,17.49995858184228,22.609107448630137,2.9760813172721483,1.8190866398289949,128,0.2734368528412856,5.018688911069275,2.859926184644909,all,test
s5,hidden_count_linear,23,reset567,s5,0.953125,17.49995858184228,22.609107448630137,2.9760813172721483,1.8190866398289949,128,0.2734368528412856,5.018688911069275,2.859926184644909,5,test
s5,hidden_count_linear,101,normal,none,1.0,25.744954527944795,41.3391243545611,8.60829865007453,4.5805760971284775,128,0.4022649144991374,13.497237307796418,6.987187332645248,all,train
s5,hidden_count_linear,101,normal,none,1.0,25.744954527944795,41.3391243545611,8.60829865007453,4.5805760971284775,128,0.4022649144991374,13.497237307796418,6.987187332645248,5,train
s5,hidden_count_linear,101,normal,none,0.9765625,24.2874198928979,34.307787698412696,7.015415130366079,3.774117861689053,128,0.3794909358265297,11.636605488963166,6.058137989971792,all,val
s5,hidden_count_linear,101,normal,none,0.9765625,24.2874198928979,34.307787698412696,7.015415130366079,3.774117861689053,128,0.3794909358265297,11.636605488963166,6.058137989971792,5,val
s5,hidden_count_linear,101,normal,none,0.9765625,24.70671802518224,31.919895119863014,7.990485553476019,4.285167009013627,128,0.3860424691434725,12.785607100700476,6.652734677858568,all,test
s5,hidden_count_linear,101,normal,none,0.9765625,24.70671802518224,31.919895119863014,7.990485553476019,4.285167009013627,128,0.3860424691434725,12.785607100700476,6.652734677858568,5,test
s5,hidden_count_linear,101,resetall250,s5,1.0,21.679241964928735,34.81073848967298,2.501253975141106,1.5813541969796254,128,0.3387381557020115,4.349953788697828,2.5287499275430614,all,train
s5,hidden_count_linear,101,resetall250,s5,1.0,21.679241964928735,34.81073848967298,2.501253975141106,1.5813541969796254,128,0.3387381557020115,4.349953788697828,2.5287499275430614,5,train
s5,hidden_count_linear,101,resetall250,s5,0.9921875,20.286103063822317,28.65562996031746,2.1786595845952945,1.3906280005870864,128,0.3169703603722237,3.9740359269376255,2.319988462462684,all,val
s5,hidden_count_linear,101,resetall250,s5,0.9921875,20.286103063822317,28.65562996031746,2.1786595845952945,1.3906280005870864,128,0.3169703603722237,3.9740359269376255,2.319988462462684,5,val
s5,hidden_count_linear,101,resetall250,s5,0.9765625,21.727717031146454,28.071168664383563,2.5989635914978875,1.639926442727101,128,0.33949557861166335,4.49589883011635,2.6126872184753087,all,test
s5,hidden_count_linear,101,resetall250,s5,0.9765625,21.727717031146454,28.071168664383563,2.5989635914978875,1.639926442727101,128,0.33949557861166335,4.49589883011635,2.6126872184753087,5,test
s5,hidden_count_linear,101,reset234,none,1.0,25.744954527944795,41.3391243545611,8.60829865007453,4.5805760971284775,128,0.4022649144991374,13.497237307796418,6.987187332645248,all,train
s5,hidden_count_linear,101,reset234,none,1.0,25.744954527944795,41.3391243545611,8.60829865007453,4.5805760971284775,128,0.4022649144991374,13.497237307796418,6.987187332645248,5,train
s5,hidden_count_linear,101,reset234,none,0.9765625,24.2874198928979,34.307787698412696,7.015415130366079,3.774117861689053,128,0.3794909358265297,11.636605488963166,6.058137989971792,all,val
s5,hidden_count_linear,101,reset234,none,0.9765625,24.2874198928979,34.307787698412696,7.015415130366079,3.774117861689053,128,0.3794909358265297,11.636605488963166,6.058137989971792,5,val
s5,hidden_count_linear,101,reset234,none,0.9765625,24.70671802518224,31.919895119863014,7.990485553476019,4.285167009013627,128,0.3860424691434725,12.785607100700476,6.652734677858568,all,test
s5,hidden_count_linear,101,reset234,none,0.9765625,24.70671802518224,31.919895119863014,7.990485553476019,4.285167009013627,128,0.3860424691434725,12.785607100700476,6.652734677858568,5,test
s5,hidden_count_linear,101,reset2345,s5,1.0,21.679241964928735,34.81073848967298,2.501253975141106,1.5813541969796254,128,0.3387381557020115,4.349953788697828,2.5287499275430614,all,train
s5,hidden_count_linear,101,reset2345,s5,1.0,21.679241964928735,34.81073848967298,2.501253975141106,1.5813541969796254,128,0.3387381557020115,4.349953788697828,2.5287499275430614,5,train
s5,hidden_count_linear,101,reset2345,s5,0.9921875,20.286103063822317,28.65562996031746,2.1786595845952945,1.3906280005870864,128,0.3169703603722237,3.9740359269376255,2.319988462462684,all,val
s5,hidden_count_linear,101,reset2345,s5,0.9921875,20.286103063822317,28.65562996031746,2.1786595845952945,1.3906280005870864,128,0.3169703603722237,3.9740359269376255,2.319988462462684,5,val
s5,hidden_count_linear,101,reset2345,s5,0.9765625,21.727717031146454,28.071168664383563,2.5989635914978875,1.639926442727101,128,0.33949557861166335,4.49589883011635,2.6126872184753087,all,test
s5,hidden_count_linear,101,reset2345,s5,0.9765625,21.727717031146454,28.071168664383563,2.5989635914978875,1.639926442727101,128,0.33949557861166335,4.49589883011635,2.6126872184753087,5,test
s5,hidden_count_linear,101,reset23456,s5,1.0,21.679241964928735,34.81073848967298,2.501253975141106,1.5813541969796254,128,0.3387381557020115,4.349953788697828,2.5287499275430614,all,train
s5,hidden_count_linear,101,reset23456,s5,1.0,21.679241964928735,34.81073848967298,2.501253975141106,1.5813541969796254,128,0.3387381557020115,4.349953788697828,2.5287499275430614,5,train
s5,hidden_count_linear,101,reset23456,s5,0.9921875,20.286103063822317,28.65562996031746,2.1786595845952945,1.3906280005870864,128,0.3169703603722237,3.9740359269376255,2.319988462462684,all,val
s5,hidden_count_linear,101,reset23456,s5,0.9921875,20.286103063822317,28.65562996031746,2.1786595845952945,1.3906280005870864,128,0.3169703603722237,3.9740359269376255,2.319988462462684,5,val
s5,hidden_count_linear,101,reset23456,s5,0.9765625,21.727717031146454,28.071168664383563,2.5989635914978875,1.639926442727101,128,0.33949557861166335,4.49589883011635,2.6126872184753087,all,test
s5,hidden_count_linear,101,reset23456,s5,0.9765625,21.727717031146454,28.071168664383563,2.5989635914978875,1.639926442727101,128,0.33949557861166335,4.49589883011635,2.6126872184753087,5,test
s5,hidden_count_linear,101,reset67,none,1.0,25.744954527944795,41.3391243545611,8.60829865007453,4.5805760971284775,128,0.4022649144991374,13.497237307796418,6.987187332645248,all,train
s5,hidden_count_linear,101,reset67,none,1.0,25.744954527944795,41.3391243545611,8.60829865007453,4.5805760971284775,128,0.4022649144991374,13.497237307796418,6.987187332645248,5,train
s5,hidden_count_linear,101,reset67,none,0.9765625,24.2874198928979,34.307787698412696,7.015415130366079,3.774117861689053,128,0.3794909358265297,11.636605488963166,6.058137989971792,all,val
s5,hidden_count_linear,101,reset67,none,0.9765625,24.2874198928979,34.307787698412696,7.015415130366079,3.774117861689053,128,0.3794909358265297,11.636605488963166,6.058137989971792,5,val
s5,hidden_count_linear,101,reset67,none,0.9765625,24.70671802518224,31.919895119863014,7.990485553476019,4.285167009013627,128,0.3860424691434725,12.785607100700476,6.652734677858568,all,test
s5,hidden_count_linear,101,reset67,none,0.9765625,24.70671802518224,31.919895119863014,7.990485553476019,4.285167009013627,128,0.3860424691434725,12.785607100700476,6.652734677858568,5,test
s5,hidden_count_linear,101,reset567,s5,1.0,21.679241964928735,34.81073848967298,2.501253975141106,1.5813541969796254,128,0.3387381557020115,4.349953788697828,2.5287499275430614,all,train
s5,hidden_count_linear,101,reset567,s5,1.0,21.679241964928735,34.81073848967298,2.501253975141106,1.5813541969796254,128,0.3387381557020115,4.349953788697828,2.5287499275430614,5,train
s5,hidden_count_linear,101,reset567,s5,0.9921875,20.286103063822317,28.65562996031746,2.1786595845952945,1.3906280005870864,128,0.3169703603722237,3.9740359269376255,2.319988462462684,all,val
s5,hidden_count_linear,101,reset567,s5,0.9921875,20.286103063822317,28.65562996031746,2.1786595845952945,1.3906280005870864,128,0.3169703603722237,3.9740359269376255,2.319988462462684,5,val
s5,hidden_count_linear,101,reset567,s5,0.9765625,21.727717031146454,28.071168664383563,2.5989635914978875,1.639926442727101,128,0.33949557861166335,4.49589883011635,2.6126872184753087,all,test
s5,hidden_count_linear,101,reset567,s5,0.9765625,21.727717031146454,28.071168664383563,2.5989635914978875,1.639926442727101,128,0.33949557861166335,4.49589883011635,2.6126872184753087,5,test
s5,output_lif,11,normal,none,1.0,23.25548930611151,37.341746450086056,10.319605924556585,5.435460613914616,128,0.36336702040799235,15.902930422532723,8.197619006977353,all,train
s5,output_lif,11,normal,none,1.0,23.25548930611151,37.341746450086056,10.319605924556585,5.435460613914616,128,0.36336702040799235,15.902930422532723,8.197619006977353,5,train
s5,output_lif,11,normal,none,0.96875,21.616188218769203,30.534474206349206,8.579337580107103,4.556149728952682,128,0.3377529409182688,13.968679300657513,7.237610084595203,all,val
s5,output_lif,11,normal,none,0.96875,21.616188218769203,30.534474206349206,8.579337580107103,4.556149728952682,128,0.3377529409182688,13.968679300657513,7.237610084595203,5,val
s5,output_lif,11,normal,none,0.953125,22.447274685222002,29.000802654109588,9.518511246971297,5.054234812479291,128,0.3507386669565938,14.847657724793082,7.696336456403775,all,test
s5,output_lif,11,normal,none,0.953125,22.447274685222002,29.000802654109588,9.518511246971297,5.054234812479291,128,0.3507386669565938,14.847657724793082,7.696336456403775,5,test
s5,output_lif,11,resetall250,s5,1.0,20.048662635871842,32.192488704819276,3.0311217696417505,1.866923155733415,128,0.31326035368549754,5.120113427736531,2.944177016070517,all,train
s5,output_lif,11,resetall250,s5,1.0,20.048662635871842,32.192488704819276,3.0311217696417505,1.866923155733415,128,0.31326035368549754,5.120113427736531,2.944177016070517,5,train
s5,output_lif,11,resetall250,s5,0.984375,18.647177596347994,26.340525793650794,2.7086316774207706,1.6763088389408305,128,0.2913621499429374,4.7906878668837445,2.763173027709991,all,val
s5,output_lif,11,resetall250,s5,0.984375,18.647177596347994,26.340525793650794,2.7086316774207706,1.6763088389408305,128,0.2913621499429374,4.7906878668837445,2.763173027709991,5,val
s5,output_lif,11,resetall250,s5,0.9765625,20.152750165672632,26.03638698630137,3.115261312981486,1.9197728667060139,128,0.3148867213386349,5.20316646463457,2.996762472980371,all,test
s5,output_lif,11,resetall250,s5,0.9765625,20.152750165672632,26.03638698630137,3.115261312981486,1.9197728667060139,128,0.3148867213386349,5.20316646463457,2.996762472980371,5,test
s5,output_lif,11,reset234,none,1.0,23.25548930611151,37.341746450086056,10.319605924556585,5.435460613914616,128,0.36336702040799235,15.902930422532723,8.197619006977353,all,train
s5,output_lif,11,reset234,none,1.0,23.25548930611151,37.341746450086056,10.319605924556585,5.435460613914616,128,0.36336702040799235,15.902930422532723,8.197619006977353,5,train
s5,output_lif,11,reset234,none,0.96875,21.616188218769203,30.534474206349206,8.579337580107103,4.556149728952682,128,0.3377529409182688,13.968679300657513,7.237610084595203,all,val
s5,output_lif,11,reset234,none,0.96875,21.616188218769203,30.534474206349206,8.579337580107103,4.556149728952682,128,0.3377529409182688,13.968679300657513,7.237610084595203,5,val
s5,output_lif,11,reset234,none,0.953125,22.447274685222002,29.000802654109588,9.518511246971297,5.054234812479291,128,0.3507386669565938,14.847657724793082,7.696336456403775,all,test
s5,output_lif,11,reset234,none,0.953125,22.447274685222002,29.000802654109588,9.518511246971297,5.054234812479291,128,0.3507386669565938,14.847657724793082,7.696336456403775,5,test
s5,output_lif,11,reset2345,s5,1.0,20.048662635871842,32.192488704819276,3.0311217696417505,1.866923155733415,128,0.31326035368549754,5.120113427736531,2.944177016070517,all,train
s5,output_lif,11,reset2345,s5,1.0,20.048662635871842,32.192488704819276,3.0311217696417505,1.866923155733415,128,0.31326035368549754,5.120113427736531,2.944177016070517,5,train
s5,output_lif,11,reset2345,s5,0.984375,18.647177596347994,26.340525793650794,2.7086316774207706,1.6763088389408305,128,0.2913621499429374,4.7906878668837445,2.763173027709991,all,val
s5,output_lif,11,reset2345,s5,0.984375,18.647177596347994,26.340525793650794,2.7086316774207706,1.6763088389408305,128,0.2913621499429374,4.7906878668837445,2.763173027709991,5,val
s5,output_lif,11,reset2345,s5,0.9765625,20.152750165672632,26.03638698630137,3.115261312981486,1.9197728667060139,128,0.3148867213386349,5.20316646463457,2.996762472980371,all,test
s5,output_lif,11,reset2345,s5,0.9765625,20.152750165672632,26.03638698630137,3.115261312981486,1.9197728667060139,128,0.3148867213386349,5.20316646463457,2.996762472980371,5,test
s5,output_lif,11,reset23456,s5,1.0,20.048662635871842,32.192488704819276,3.0311217696417505,1.866923155733415,128,0.31326035368549754,5.120113427736531,2.944177016070517,all,train
s5,output_lif,11,reset23456,s5,1.0,20.048662635871842,32.192488704819276,3.0311217696417505,1.866923155733415,128,0.31326035368549754,5.120113427736531,2.944177016070517,5,train
s5,output_lif,11,reset23456,s5,0.984375,18.647177596347994,26.340525793650794,2.7086316774207706,1.6763088389408305,128,0.2913621499429374,4.7906878668837445,2.763173027709991,all,val
s5,output_lif,11,reset23456,s5,0.984375,18.647177596347994,26.340525793650794,2.7086316774207706,1.6763088389408305,128,0.2913621499429374,4.7906878668837445,2.763173027709991,5,val
s5,output_lif,11,reset23456,s5,0.9765625,20.152750165672632,26.03638698630137,3.115261312981486,1.9197728667060139,128,0.3148867213386349,5.20316646463457,2.996762472980371,all,test
s5,output_lif,11,reset23456,s5,0.9765625,20.152750165672632,26.03638698630137,3.115261312981486,1.9197728667060139,128,0.3148867213386349,5.20316646463457,2.996762472980371,5,test
s5,output_lif,11,reset67,none,1.0,23.25548930611151,37.341746450086056,10.319605924556585,5.435460613914616,128,0.36336702040799235,15.902930422532723,8.197619006977353,all,train
s5,output_lif,11,reset67,none,1.0,23.25548930611151,37.341746450086056,10.319605924556585,5.435460613914616,128,0.36336702040799235,15.902930422532723,8.197619006977353,5,train
s5,output_lif,11,reset67,none,0.96875,21.616188218769203,30.534474206349206,8.579337580107103,4.556149728952682,128,0.3377529409182688,13.968679300657513,7.237610084595203,all,val
s5,output_lif,11,reset67,none,0.96875,21.616188218769203,30.534474206349206,8.579337580107103,4.556149728952682,128,0.3377529409182688,13.968679300657513,7.237610084595203,5,val
s5,output_lif,11,reset67,none,0.953125,22.447274685222002,29.000802654109588,9.518511246971297,5.054234812479291,128,0.3507386669565938,14.847657724793082,7.696336456403775,all,test
s5,output_lif,11,reset67,none,0.953125,22.447274685222002,29.000802654109588,9.518511246971297,5.054234812479291,128,0.3507386669565938,14.847657724793082,7.696336456403775,5,test
s5,output_lif,11,reset567,s5,1.0,20.048662635871842,32.192488704819276,3.0311217696417505,1.866923155733415,128,0.31326035368549754,5.120113427736531,2.944177016070517,all,train
s5,output_lif,11,reset567,s5,1.0,20.048662635871842,32.192488704819276,3.0311217696417505,1.866923155733415,128,0.31326035368549754,5.120113427736531,2.944177016070517,5,train
s5,output_lif,11,reset567,s5,0.984375,18.647177596347994,26.340525793650794,2.7086316774207706,1.6763088389408305,128,0.2913621499429374,4.7906878668837445,2.763173027709991,all,val
s5,output_lif,11,reset567,s5,0.984375,18.647177596347994,26.340525793650794,2.7086316774207706,1.6763088389408305,128,0.2913621499429374,4.7906878668837445,2.763173027709991,5,val
s5,output_lif,11,reset567,s5,0.9765625,20.152750165672632,26.03638698630137,3.115261312981486,1.9197728667060139,128,0.3148867213386349,5.20316646463457,2.996762472980371,all,test
s5,output_lif,11,reset567,s5,0.9765625,20.152750165672632,26.03638698630137,3.115261312981486,1.9197728667060139,128,0.3148867213386349,5.20316646463457,2.996762472980371,5,test
s5,output_lif,23,normal,none,1.0,20.652511430820507,33.16209929001721,12.037623179652302,6.286169793219388,128,0.3226954911065704,18.16986075671103,9.313809930005187,all,train
s5,output_lif,23,normal,none,1.0,20.652511430820507,33.16209929001721,12.037623179652302,6.286169793219388,128,0.3226954911065704,18.16986075671103,9.313809930005187,5,train
s5,output_lif,23,normal,none,0.9609375,18.778684926696513,26.526289682539684,10.113270619348608,5.314011952967255,128,0.293416951979633,16.077628052108093,8.272296441779815,all,val
s5,output_lif,23,normal,none,0.9609375,18.778684926696513,26.526289682539684,10.113270619348608,5.314011952967255,128,0.293416951979633,16.077628052108093,8.272296441779815,5,val
s5,output_lif,23,normal,none,0.9609375,20.005715705765407,25.84642551369863,11.240053008770294,5.914326702545146,128,0.3125893079025845,17.21630124978918,8.8711126597808,all,test
s5,output_lif,23,normal,none,0.9609375,20.005715705765407,25.84642551369863,11.240053008770294,5.914326702545146,128,0.3125893079025845,17.21630124978918,8.8711126597808,5,test
s5,output_lif,23,resetall250,s5,0.9921875,17.753605104929072,28.507274634251292,3.5311401863998357,2.128955677569213,128,0.27740007976451675,5.828323585991008,3.3052865477194837,all,train
s5,output_lif,23,resetall250,s5,0.9921875,17.753605104929072,28.507274634251292,3.5311401863998357,2.128955677569213,128,0.27740007976451675,5.828323585991008,3.3052865477194837,5,train
s5,output_lif,23,resetall250,s5,0.9609375,16.209507505925732,22.897135416666668,3.1876100786805375,1.9256850597511193,128,0.25327355478008956,5.47980095895209,3.1110832688043106,all,val
s5,output_lif,23,resetall250,s5,0.9609375,16.209507505925732,22.897135416666668,3.1876100786805375,1.9256850597511193,128,0.25327355478008956,5.47980095895209,3.1110832688043106,5,val
s5,output_lif,23,resetall250,s5,0.96875,17.799743207422132,22.996414811643834,3.6883955463184437,2.223182895627537,128,0.2781209876159708,6.0245641021608,3.4197270473275156,all,test
s5,output_lif,23,resetall250,s5,0.96875,17.799743207422132,22.996414811643834,3.6883955463184437,2.223182895627537,128,0.2781209876159708,6.0245641021608,3.4197270473275156,5,test
s5,output_lif,23,reset234,none,1.0,20.652511430820507,33.16209929001721,12.037623179652302,6.286169793219388,128,0.3226954911065704,18.16986075671103,9.313809930005187,all,train
s5,output_lif,23,reset234,none,1.0,20.652511430820507,33.16209929001721,12.037623179652302,6.286169793219388,128,0.3226954911065704,18.16986075671103,9.313809930005187,5,train
s5,output_lif,23,reset234,none,0.9609375,18.778684926696513,26.526289682539684,10.113270619348608,5.314011952967255,128,0.293416951979633,16.077628052108093,8.272296441779815,all,val
s5,output_lif,23,reset234,none,0.9609375,18.778684926696513,26.526289682539684,10.113270619348608,5.314011952967255,128,0.293416951979633,16.077628052108093,8.272296441779815,5,val
s5,output_lif,23,reset234,none,0.9609375,20.005715705765407,25.84642551369863,11.240053008770294,5.914326702545146,128,0.3125893079025845,17.21630124978918,8.8711126597808,all,test
s5,output_lif,23,reset234,none,0.9609375,20.005715705765407,25.84642551369863,11.240053008770294,5.914326702545146,128,0.3125893079025845,17.21630124978918,8.8711126597808,5,test
s5,output_lif,23,reset2345,s5,0.9921875,17.753605104929072,28.507274634251292,3.5311401863998357,2.128955677569213,128,0.27740007976451675,5.828323585991008,3.3052865477194837,all,train
s5,output_lif,23,reset2345,s5,0.9921875,17.753605104929072,28.507274634251292,3.5311401863998357,2.128955677569213,128,0.27740007976451675,5.828323585991008,3.3052865477194837,5,train
s5,output_lif,23,reset2345,s5,0.9609375,16.209507505925732,22.897135416666668,3.1876100786805375,1.9256850597511193,128,0.25327355478008956,5.47980095895209,3.1110832688043106,all,val
s5,output_lif,23,reset2345,s5,0.9609375,16.209507505925732,22.897135416666668,3.1876100786805375,1.9256850597511193,128,0.25327355478008956,5.47980095895209,3.1110832688043106,5,val
s5,output_lif,23,reset2345,s5,0.96875,17.799743207422132,22.996414811643834,3.6883955463184437,2.223182895627537,128,0.2781209876159708,6.0245641021608,3.4197270473275156,all,test
s5,output_lif,23,reset2345,s5,0.96875,17.799743207422132,22.996414811643834,3.6883955463184437,2.223182895627537,128,0.2781209876159708,6.0245641021608,3.4197270473275156,5,test
s5,output_lif,23,reset23456,s5,0.9921875,17.753605104929072,28.507274634251292,3.5311401863998357,2.128955677569213,128,0.27740007976451675,5.828323585991008,3.3052865477194837,all,train
s5,output_lif,23,reset23456,s5,0.9921875,17.753605104929072,28.507274634251292,3.5311401863998357,2.128955677569213,128,0.27740007976451675,5.828323585991008,3.3052865477194837,5,train
s5,output_lif,23,reset23456,s5,0.9609375,16.209507505925732,22.897135416666668,3.1876100786805375,1.9256850597511193,128,0.25327355478008956,5.47980095895209,3.1110832688043106,all,val
s5,output_lif,23,reset23456,s5,0.9609375,16.209507505925732,22.897135416666668,3.1876100786805375,1.9256850597511193,128,0.25327355478008956,5.47980095895209,3.1110832688043106,5,val
s5,output_lif,23,reset23456,s5,0.96875,17.799743207422132,22.996414811643834,3.6883955463184437,2.223182895627537,128,0.2781209876159708,6.0245641021608,3.4197270473275156,all,test
s5,output_lif,23,reset23456,s5,0.96875,17.799743207422132,22.996414811643834,3.6883955463184437,2.223182895627537,128,0.2781209876159708,6.0245641021608,3.4197270473275156,5,test
s5,output_lif,23,reset67,none,1.0,20.652511430820507,33.16209929001721,12.037623179652302,6.286169793219388,128,0.3226954911065704,18.16986075671103,9.313809930005187,all,train
s5,output_lif,23,reset67,none,1.0,20.652511430820507,33.16209929001721,12.037623179652302,6.286169793219388,128,0.3226954911065704,18.16986075671103,9.313809930005187,5,train
s5,output_lif,23,reset67,none,0.9609375,18.778684926696513,26.526289682539684,10.113270619348608,5.314011952967255,128,0.293416951979633,16.077628052108093,8.272296441779815,all,val
s5,output_lif,23,reset67,none,0.9609375,18.778684926696513,26.526289682539684,10.113270619348608,5.314011952967255,128,0.293416951979633,16.077628052108093,8.272296441779815,5,val
s5,output_lif,23,reset67,none,0.9609375,20.005715705765407,25.84642551369863,11.240053008770294,5.914326702545146,128,0.3125893079025845,17.21630124978918,8.8711126597808,all,test
s5,output_lif,23,reset67,none,0.9609375,20.005715705765407,25.84642551369863,11.240053008770294,5.914326702545146,128,0.3125893079025845,17.21630124978918,8.8711126597808,5,test
s5,output_lif,23,reset567,s5,0.9921875,17.753605104929072,28.507274634251292,3.5311401863998357,2.128955677569213,128,0.27740007976451675,5.828323585991008,3.3052865477194837,all,train
s5,output_lif,23,reset567,s5,0.9921875,17.753605104929072,28.507274634251292,3.5311401863998357,2.128955677569213,128,0.27740007976451675,5.828323585991008,3.3052865477194837,5,train
s5,output_lif,23,reset567,s5,0.9609375,16.209507505925732,22.897135416666668,3.1876100786805375,1.9256850597511193,128,0.25327355478008956,5.47980095895209,3.1110832688043106,all,val
s5,output_lif,23,reset567,s5,0.9609375,16.209507505925732,22.897135416666668,3.1876100786805375,1.9256850597511193,128,0.25327355478008956,5.47980095895209,3.1110832688043106,5,val
s5,output_lif,23,reset567,s5,0.96875,17.799743207422132,22.996414811643834,3.6883955463184437,2.223182895627537,128,0.2781209876159708,6.0245641021608,3.4197270473275156,all,test
s5,output_lif,23,reset567,s5,0.96875,17.799743207422132,22.996414811643834,3.6883955463184437,2.223182895627537,128,0.2781209876159708,6.0245641021608,3.4197270473275156,5,test
s5,output_lif,101,normal,none,0.9921875,23.941455775704693,38.443214823580035,11.425154295141272,6.000090611758253,128,0.3740852464953858,17.42198887374845,8.96730065006368,all,train
s5,output_lif,101,normal,none,0.9921875,23.941455775704693,38.443214823580035,11.425154295141272,6.000090611758253,128,0.3740852464953858,17.42198887374845,8.96730065006368,5,train
s5,output_lif,101,normal,none,0.9609375,22.461724168202966,31.728856646825395,9.436397841497673,4.996715128720042,128,0.35096444012817135,15.095019180954733,7.808196317026209,all,val
s5,output_lif,101,normal,none,0.9609375,22.461724168202966,31.728856646825395,9.436397841497673,4.996715128720042,128,0.35096444012817135,15.095019180954733,7.808196317026209,5,val
s5,output_lif,101,normal,none,0.9609375,22.863858515573227,29.539008989726028,10.616796858821033,5.615938928602862,128,0.3572477893058317,16.423824271676956,8.49696953881824,all,test
s5,output_lif,101,normal,none,0.9609375,22.863858515573227,29.539008989726028,10.616796858821033,5.615938928602862,128,0.3572477893058317,16.423824271676956,8.49696953881824,5,test
s5,output_lif,101,resetall250,s5,0.9921875,21.032232401560957,33.77182390275387,3.343894422712161,2.0500832941227576,128,0.32862863127438996,5.595717709939709,3.2087948977011744,all,train
s5,output_lif,101,resetall250,s5,0.9921875,21.032232401560957,33.77182390275387,3.343894422712161,2.0500832941227576,128,0.32862863127438996,5.595717709939709,3.2087948977011744,5,train
s5,output_lif,101,resetall250,s5,0.96875,19.669783162145553,27.78503224206349,2.951167245522781,1.8204695593012028,128,0.30734036190852426,5.147556329416497,2.961498366880269,all,val
s5,output_lif,101,resetall250,s5,0.96875,19.669783162145553,27.78503224206349,2.951167245522781,1.8204695593012028,128,0.30734036190852426,5.147556329416497,2.961498366880269,5,val
s5,output_lif,101,resetall250,s5,0.96875,20.924826043737575,27.03387200342466,3.478891381528537,2.129339381193309,128,0.3269504069333996,5.755958370107265,3.302129422144612,all,test
s5,output_lif,101,resetall250,s5,0.96875,20.924826043737575,27.03387200342466,3.478891381528537,2.129339381193309,128,0.3269504069333996,5.755958370107265,3.302129422144612,5,test
s5,output_lif,101,reset234,none,0.9921875,23.941455775704693,38.443214823580035,11.425154295141272,6.000090611758253,128,0.3740852464953858,17.42198887374845,8.96730065006368,all,train
s5,output_lif,101,reset234,none,0.9921875,23.941455775704693,38.443214823580035,11.425154295141272,6.000090611758253,128,0.3740852464953858,17.42198887374845,8.96730065006368,5,train
s5,output_lif,101,reset234,none,0.9609375,22.461724168202966,31.728856646825395,9.436397841497673,4.996715128720042,128,0.35096444012817135,15.095019180954733,7.808196317026209,all,val
s5,output_lif,101,reset234,none,0.9609375,22.461724168202966,31.728856646825395,9.436397841497673,4.996715128720042,128,0.35096444012817135,15.095019180954733,7.808196317026209,5,val
s5,output_lif,101,reset234,none,0.9609375,22.863858515573227,29.539008989726028,10.616796858821033,5.615938928602862,128,0.3572477893058317,16.423824271676956,8.49696953881824,all,test
s5,output_lif,101,reset234,none,0.9609375,22.863858515573227,29.539008989726028,10.616796858821033,5.615938928602862,128,0.3572477893058317,16.423824271676956,8.49696953881824,5,test
s5,output_lif,101,reset2345,s5,0.9921875,21.032232401560957,33.77182390275387,3.343894422712161,2.0500832941227576,128,0.32862863127438996,5.595717709939709,3.2087948977011744,all,train
s5,output_lif,101,reset2345,s5,0.9921875,21.032232401560957,33.77182390275387,3.343894422712161,2.0500832941227576,128,0.32862863127438996,5.595717709939709,3.2087948977011744,5,train
s5,output_lif,101,reset2345,s5,0.96875,19.669783162145553,27.78503224206349,2.951167245522781,1.8204695593012028,128,0.30734036190852426,5.147556329416497,2.961498366880269,all,val
s5,output_lif,101,reset2345,s5,0.96875,19.669783162145553,27.78503224206349,2.951167245522781,1.8204695593012028,128,0.30734036190852426,5.147556329416497,2.961498366880269,5,val
s5,output_lif,101,reset2345,s5,0.96875,20.924826043737575,27.03387200342466,3.478891381528537,2.129339381193309,128,0.3269504069333996,5.755958370107265,3.302129422144612,all,test
s5,output_lif,101,reset2345,s5,0.96875,20.924826043737575,27.03387200342466,3.478891381528537,2.129339381193309,128,0.3269504069333996,5.755958370107265,3.302129422144612,5,test
s5,output_lif,101,reset23456,s5,0.9921875,21.032232401560957,33.77182390275387,3.343894422712161,2.0500832941227576,128,0.32862863127438996,5.595717709939709,3.2087948977011744,all,train
s5,output_lif,101,reset23456,s5,0.9921875,21.032232401560957,33.77182390275387,3.343894422712161,2.0500832941227576,128,0.32862863127438996,5.595717709939709,3.2087948977011744,5,train
s5,output_lif,101,reset23456,s5,0.96875,19.669783162145553,27.78503224206349,2.951167245522781,1.8204695593012028,128,0.30734036190852426,5.147556329416497,2.961498366880269,all,val
s5,output_lif,101,reset23456,s5,0.96875,19.669783162145553,27.78503224206349,2.951167245522781,1.8204695593012028,128,0.30734036190852426,5.147556329416497,2.961498366880269,5,val
s5,output_lif,101,reset23456,s5,0.96875,20.924826043737575,27.03387200342466,3.478891381528537,2.129339381193309,128,0.3269504069333996,5.755958370107265,3.302129422144612,all,test
s5,output_lif,101,reset23456,s5,0.96875,20.924826043737575,27.03387200342466,3.478891381528537,2.129339381193309,128,0.3269504069333996,5.755958370107265,3.302129422144612,5,test
s5,output_lif,101,reset67,none,0.9921875,23.941455775704693,38.443214823580035,11.425154295141272,6.000090611758253,128,0.3740852464953858,17.42198887374845,8.96730065006368,all,train
s5,output_lif,101,reset67,none,0.9921875,23.941455775704693,38.443214823580035,11.425154295141272,6.000090611758253,128,0.3740852464953858,17.42198887374845,8.96730065006368,5,train
s5,output_lif,101,reset67,none,0.9609375,22.461724168202966,31.728856646825395,9.436397841497673,4.996715128720042,128,0.35096444012817135,15.095019180954733,7.808196317026209,all,val
s5,output_lif,101,reset67,none,0.9609375,22.461724168202966,31.728856646825395,9.436397841497673,4.996715128720042,128,0.35096444012817135,15.095019180954733,7.808196317026209,5,val
s5,output_lif,101,reset67,none,0.9609375,22.863858515573227,29.539008989726028,10.616796858821033,5.615938928602862,128,0.3572477893058317,16.423824271676956,8.49696953881824,all,test
s5,output_lif,101,reset67,none,0.9609375,22.863858515573227,29.539008989726028,10.616796858821033,5.615938928602862,128,0.3572477893058317,16.423824271676956,8.49696953881824,5,test
s5,output_lif,101,reset567,s5,0.9921875,21.032232401560957,33.77182390275387,3.343894422712161,2.0500832941227576,128,0.32862863127438996,5.595717709939709,3.2087948977011744,all,train
s5,output_lif,101,reset567,s5,0.9921875,21.032232401560957,33.77182390275387,3.343894422712161,2.0500832941227576,128,0.32862863127438996,5.595717709939709,3.2087948977011744,5,train
s5,output_lif,101,reset567,s5,0.96875,19.669783162145553,27.78503224206349,2.951167245522781,1.8204695593012028,128,0.30734036190852426,5.147556329416497,2.961498366880269,all,val
s5,output_lif,101,reset567,s5,0.96875,19.669783162145553,27.78503224206349,2.951167245522781,1.8204695593012028,128,0.30734036190852426,5.147556329416497,2.961498366880269,5,val
s5,output_lif,101,reset567,s5,0.96875,20.924826043737575,27.03387200342466,3.478891381528537,2.129339381193309,128,0.3269504069333996,5.755958370107265,3.302129422144612,all,test
s5,output_lif,101,reset567,s5,0.96875,20.924826043737575,27.03387200342466,3.478891381528537,2.129339381193309,128,0.3269504069333996,5.755958370107265,3.302129422144612,5,test
s6,hidden_count_linear,11,normal,none,1.0,24.3699817441841,39.131306475903614,12.031208783099133,6.324086659646273,128,0.38078096475287654,19.51117628351769,10.029875649632366,all,train
s6,hidden_count_linear,11,normal,none,1.0,24.3699817441841,39.131306475903614,12.031208783099133,6.324086659646273,128,0.38078096475287654,19.51117628351769,10.029875649632366,6,train
s6,hidden_count_linear,11,normal,none,0.9765625,22.67298744622948,32.02728174603175,9.718731482091124,5.154985638332894,128,0.35426542884733564,16.56086490828311,8.55942430327393,all,val
s6,hidden_count_linear,11,normal,none,0.9765625,22.67298744622948,32.02728174603175,9.718731482091124,5.154985638332894,128,0.35426542884733564,16.56086490828311,8.55942430327393,6,val
s6,hidden_count_linear,11,normal,none,0.9609375,23.564653744201458,30.444402825342465,10.644861624523692,5.649222260836026,128,0.3681977147531478,17.4672360414558,9.03508910584478,all,test
s6,hidden_count_linear,11,normal,none,0.9609375,23.564653744201458,30.444402825342465,10.644861624523692,5.649222260836026,128,0.3681977147531478,17.4672360414558,9.03508910584478,6,test
s6,hidden_count_linear,11,resetall250,s6,1.0,20.196702229219355,32.43019847246127,2.7424189688813705,1.710649112541243,128,0.3155734723315524,4.796172555549727,2.772042353134745,all,train
s6,hidden_count_linear,11,resetall250,s6,1.0,20.196702229219355,32.43019847246127,2.7424189688813705,1.710649112541243,128,0.3155734723315524,4.796172555549727,2.772042353134745,6,train
s6,hidden_count_linear,11,resetall250,s6,1.0,18.82433500131683,26.59077380952381,2.45992158694364,1.5419881581401984,128,0.29413023439557545,4.495450982546263,2.6045302397419943,all,val
s6,hidden_count_linear,11,resetall250,s6,1.0,18.82433500131683,26.59077380952381,2.45992158694364,1.5419881581401984,128,0.29413023439557545,4.495450982546263,2.6045302397419943,6,val
s6,hidden_count_linear,11,resetall250,s6,0.9609375,20.469806163021868,26.446008133561644,2.8442170261309747,1.7744767155530359,128,0.3198407212972167,4.907266156540715,2.839030073922098,all,test
s6,hidden_count_linear,11,resetall250,s6,0.9609375,20.469806163021868,26.446008133561644,2.8442170261309747,1.7744767155530359,128,0.3198407212972167,4.907266156540715,2.839030073922098,6,test
s6,hidden_count_linear,11,reset234,none,1.0,24.3699817441841,39.131306475903614,12.031208783099133,6.324086659646273,128,0.38078096475287654,19.51117628351769,10.029875649632366,all,train
s6,hidden_count_linear,11,reset234,none,1.0,24.3699817441841,39.131306475903614,12.031208783099133,6.324086659646273,128,0.38078096475287654,19.51117628351769,10.029875649632366,6,train
s6,hidden_count_linear,11,reset234,none,0.9765625,22.67298744622948,32.02728174603175,9.718731482091124,5.154985638332894,128,0.35426542884733564,16.56086490828311,8.55942430327393,all,val
s6,hidden_count_linear,11,reset234,none,0.9765625,22.67298744622948,32.02728174603175,9.718731482091124,5.154985638332894,128,0.35426542884733564,16.56086490828311,8.55942430327393,6,val
s6,hidden_count_linear,11,reset234,none,0.9609375,23.564653744201458,30.444402825342465,10.644861624523692,5.649222260836026,128,0.3681977147531478,17.4672360414558,9.03508910584478,all,test
s6,hidden_count_linear,11,reset234,none,0.9609375,23.564653744201458,30.444402825342465,10.644861624523692,5.649222260836026,128,0.3681977147531478,17.4672360414558,9.03508910584478,6,test
s6,hidden_count_linear,11,reset2345,none,1.0,24.3699817441841,39.131306475903614,12.031208783099133,6.324086659646273,128,0.38078096475287654,19.51117628351769,10.029875649632366,all,train
s6,hidden_count_linear,11,reset2345,none,1.0,24.3699817441841,39.131306475903614,12.031208783099133,6.324086659646273,128,0.38078096475287654,19.51117628351769,10.029875649632366,6,train
s6,hidden_count_linear,11,reset2345,none,0.9765625,22.67298744622948,32.02728174603175,9.718731482091124,5.154985638332894,128,0.35426542884733564,16.56086490828311,8.55942430327393,all,val
s6,hidden_count_linear,11,reset2345,none,0.9765625,22.67298744622948,32.02728174603175,9.718731482091124,5.154985638332894,128,0.35426542884733564,16.56086490828311,8.55942430327393,6,val
s6,hidden_count_linear,11,reset2345,none,0.9609375,23.564653744201458,30.444402825342465,10.644861624523692,5.649222260836026,128,0.3681977147531478,17.4672360414558,9.03508910584478,all,test
s6,hidden_count_linear,11,reset2345,none,0.9609375,23.564653744201458,30.444402825342465,10.644861624523692,5.649222260836026,128,0.3681977147531478,17.4672360414558,9.03508910584478,6,test
s6,hidden_count_linear,11,reset23456,s6,1.0,20.196702229219355,32.43019847246127,2.7424189688813705,1.710649112541243,128,0.3155734723315524,4.796172555549727,2.772042353134745,all,train
s6,hidden_count_linear,11,reset23456,s6,1.0,20.196702229219355,32.43019847246127,2.7424189688813705,1.710649112541243,128,0.3155734723315524,4.796172555549727,2.772042353134745,6,train
s6,hidden_count_linear,11,reset23456,s6,1.0,18.82433500131683,26.59077380952381,2.45992158694364,1.5419881581401984,128,0.29413023439557545,4.495450982546263,2.6045302397419943,all,val
s6,hidden_count_linear,11,reset23456,s6,1.0,18.82433500131683,26.59077380952381,2.45992158694364,1.5419881581401984,128,0.29413023439557545,4.495450982546263,2.6045302397419943,6,val
s6,hidden_count_linear,11,reset23456,s6,0.9609375,20.469806163021868,26.446008133561644,2.8442170261309747,1.7744767155530359,128,0.3198407212972167,4.907266156540715,2.839030073922098,all,test
s6,hidden_count_linear,11,reset23456,s6,0.9609375,20.469806163021868,26.446008133561644,2.8442170261309747,1.7744767155530359,128,0.3198407212972167,4.907266156540715,2.839030073922098,6,test
s6,hidden_count_linear,11,reset67,s6,1.0,20.196702229219355,32.43019847246127,2.7424189688813705,1.710649112541243,128,0.3155734723315524,4.796172555549727,2.772042353134745,all,train
s6,hidden_count_linear,11,reset67,s6,1.0,20.196702229219355,32.43019847246127,2.7424189688813705,1.710649112541243,128,0.3155734723315524,4.796172555549727,2.772042353134745,6,train
s6,hidden_count_linear,11,reset67,s6,1.0,18.82433500131683,26.59077380952381,2.45992158694364,1.5419881581401984,128,0.29413023439557545,4.495450982546263,2.6045302397419943,all,val
s6,hidden_count_linear,11,reset67,s6,1.0,18.82433500131683,26.59077380952381,2.45992158694364,1.5419881581401984,128,0.29413023439557545,4.495450982546263,2.6045302397419943,6,val
s6,hidden_count_linear,11,reset67,s6,0.9609375,20.469806163021868,26.446008133561644,2.8442170261309747,1.7744767155530359,128,0.3198407212972167,4.907266156540715,2.839030073922098,all,test
s6,hidden_count_linear,11,reset67,s6,0.9609375,20.469806163021868,26.446008133561644,2.8442170261309747,1.7744767155530359,128,0.3198407212972167,4.907266156540715,2.839030073922098,6,test
s6,hidden_count_linear,11,reset567,s6,1.0,20.196702229219355,32.43019847246127,2.7424189688813705,1.710649112541243,128,0.3155734723315524,4.796172555549727,2.772042353134745,all,train
s6,hidden_count_linear,11,reset567,s6,1.0,20.196702229219355,32.43019847246127,2.7424189688813705,1.710649112541243,128,0.3155734723315524,4.796172555549727,2.772042353134745,6,train
s6,hidden_count_linear,11,reset567,s6,1.0,18.82433500131683,26.59077380952381,2.45992158694364,1.5419881581401984,128,0.29413023439557545,4.495450982546263,2.6045302397419943,all,val
s6,hidden_count_linear,11,reset567,s6,1.0,18.82433500131683,26.59077380952381,2.45992158694364,1.5419881581401984,128,0.29413023439557545,4.495450982546263,2.6045302397419943,6,val
s6,hidden_count_linear,11,reset567,s6,0.9609375,20.469806163021868,26.446008133561644,2.8442170261309747,1.7744767155530359,128,0.3198407212972167,4.907266156540715,2.839030073922098,all,test
s6,hidden_count_linear,11,reset567,s6,0.9609375,20.469806163021868,26.446008133561644,2.8442170261309747,1.7744767155530359,128,0.3198407212972167,4.907266156540715,2.839030073922098,6,test
s6,hidden_count_linear,23,normal,none,1.0,21.10240842782253,33.884506777108435,13.713628636508282,7.1556297183537945,128,0.32972513168472706,21.674054975596963,11.09618428376633,all,train
s6,hidden_count_linear,23,normal,none,1.0,21.10240842782253,33.884506777108435,13.713628636508282,7.1556297183537945,128,0.32972513168472706,21.674054975596963,11.09618428376633,6,train
s6,hidden_count_linear,23,normal,none,0.96875,19.440654902993593,27.46137152777778,11.058160636686859,5.814007494952155,128,0.3037602328592749,18.471379536902838,9.49780820859594,all,val
s6,hidden_count_linear,23,normal,none,0.96875,19.440654902993593,27.46137152777778,11.058160636686859,5.814007494952155,128,0.3037602328592749,18.471379536902838,9.49780820859594,6,val
s6,hidden_count_linear,23,normal,none,0.9609375,20.352427104042413,26.29436001712329,12.131515108567346,6.386830829799846,128,0.3180066735006627,19.502424537255497,10.044890009397959,all,test
s6,hidden_count_linear,23,normal,none,0.9609375,20.352427104042413,26.29436001712329,12.131515108567346,6.386830829799846,128,0.3180066735006627,19.502424537255497,10.044890009397959,6,test
s6,hidden_count_linear,23,resetall250,s6,1.0,17.61159495536537,28.27924645008606,3.1155878917044904,1.900519427815206,128,0.2751811711775839,5.290316592601741,3.016571099294001,all,train
s6,hidden_count_linear,23,resetall250,s6,1.0,17.61159495536537,28.27924645008606,3.1155878917044904,1.900519427815206,128,0.2751811711775839,5.290316592601741,3.016571099294001,6,train
s6,hidden_count_linear,23,resetall250,s6,0.9765625,16.158370643490475,22.824900793650794,2.7951499196185585,1.7098730631639014,128,0.25247454130453867,4.9639038123971115,2.8341461489098863,all,val
s6,hidden_count_linear,23,resetall250,s6,0.9765625,16.158370643490475,22.824900793650794,2.7951499196185585,1.7098730631639014,128,0.25247454130453867,4.9639038123971115,2.8341461489098863,6,val
s6,hidden_count_linear,23,resetall250,s6,0.96875,17.718977799867464,22.89206977739726,3.243872640621117,1.9782344749860215,128,0.2768590281229291,5.458632747179858,3.115917700875933,all,test
s6,hidden_count_linear,23,resetall250,s6,0.96875,17.718977799867464,22.89206977739726,3.243872640621117,1.9782344749860215,128,0.2768590281229291,5.458632747179858,3.115917700875933,6,test
s6,hidden_count_linear,23,reset234,none,1.0,21.10240842782253,33.884506777108435,13.713628636508282,7.1556297183537945,128,0.32972513168472706,21.674054975596963,11.09618428376633,all,train
s6,hidden_count_linear,23,reset234,none,1.0,21.10240842782253,33.884506777108435,13.713628636508282,7.1556297183537945,128,0.32972513168472706,21.674054975596963,11.09618428376633,6,train
s6,hidden_count_linear,23,reset234,none,0.96875,19.440654902993593,27.46137152777778,11.058160636686859,5.814007494952155,128,0.3037602328592749,18.471379536902838,9.49780820859594,all,val
s6,hidden_count_linear,23,reset234,none,0.96875,19.440654902993593,27.46137152777778,11.058160636686859,5.814007494952155,128,0.3037602328592749,18.471379536902838,9.49780820859594,6,val
s6,hidden_count_linear,23,reset234,none,0.9609375,20.352427104042413,26.29436001712329,12.131515108567346,6.386830829799846,128,0.3180066735006627,19.502424537255497,10.044890009397959,all,test
s6,hidden_count_linear,23,reset234,none,0.9609375,20.352427104042413,26.29436001712329,12.131515108567346,6.386830829799846,128,0.3180066735006627,19.502424537255497,10.044890009397959,6,test
s6,hidden_count_linear,23,reset2345,none,1.0,21.10240842782253,33.884506777108435,13.713628636508282,7.1556297183537945,128,0.32972513168472706,21.674054975596963,11.09618428376633,all,train
s6,hidden_count_linear,23,reset2345,none,1.0,21.10240842782253,33.884506777108435,13.713628636508282,7.1556297183537945,128,0.32972513168472706,21.674054975596963,11.09618428376633,6,train
s6,hidden_count_linear,23,reset2345,none,0.96875,19.440654902993593,27.46137152777778,11.058160636686859,5.814007494952155,128,0.3037602328592749,18.471379536902838,9.49780820859594,all,val
s6,hidden_count_linear,23,reset2345,none,0.96875,19.440654902993593,27.46137152777778,11.058160636686859,5.814007494952155,128,0.3037602328592749,18.471379536902838,9.49780820859594,6,val
s6,hidden_count_linear,23,reset2345,none,0.9609375,20.352427104042413,26.29436001712329,12.131515108567346,6.386830829799846,128,0.3180066735006627,19.502424537255497,10.044890009397959,all,test
s6,hidden_count_linear,23,reset2345,none,0.9609375,20.352427104042413,26.29436001712329,12.131515108567346,6.386830829799846,128,0.3180066735006627,19.502424537255497,10.044890009397959,6,test
s6,hidden_count_linear,23,reset23456,s6,1.0,17.61159495536537,28.27924645008606,3.1155878917044904,1.900519427815206,128,0.2751811711775839,5.290316592601741,3.016571099294001,all,train
s6,hidden_count_linear,23,reset23456,s6,1.0,17.61159495536537,28.27924645008606,3.1155878917044904,1.900519427815206,128,0.2751811711775839,5.290316592601741,3.016571099294001,6,train
s6,hidden_count_linear,23,reset23456,s6,0.9765625,16.158370643490475,22.824900793650794,2.7951499196185585,1.7098730631639014,128,0.25247454130453867,4.9639038123971115,2.8341461489098863,all,val
s6,hidden_count_linear,23,reset23456,s6,0.9765625,16.158370643490475,22.824900793650794,2.7951499196185585,1.7098730631639014,128,0.25247454130453867,4.9639038123971115,2.8341461489098863,6,val
s6,hidden_count_linear,23,reset23456,s6,0.96875,17.718977799867464,22.89206977739726,3.243872640621117,1.9782344749860215,128,0.2768590281229291,5.458632747179858,3.115917700875933,all,test
s6,hidden_count_linear,23,reset23456,s6,0.96875,17.718977799867464,22.89206977739726,3.243872640621117,1.9782344749860215,128,0.2768590281229291,5.458632747179858,3.115917700875933,6,test
s6,hidden_count_linear,23,reset67,s6,1.0,17.61159495536537,28.27924645008606,3.1155878917044904,1.900519427815206,128,0.2751811711775839,5.290316592601741,3.016571099294001,all,train
s6,hidden_count_linear,23,reset67,s6,1.0,17.61159495536537,28.27924645008606,3.1155878917044904,1.900519427815206,128,0.2751811711775839,5.290316592601741,3.016571099294001,6,train
s6,hidden_count_linear,23,reset67,s6,0.9765625,16.158370643490475,22.824900793650794,2.7951499196185585,1.7098730631639014,128,0.25247454130453867,4.9639038123971115,2.8341461489098863,all,val
s6,hidden_count_linear,23,reset67,s6,0.9765625,16.158370643490475,22.824900793650794,2.7951499196185585,1.7098730631639014,128,0.25247454130453867,4.9639038123971115,2.8341461489098863,6,val
s6,hidden_count_linear,23,reset67,s6,0.96875,17.718977799867464,22.89206977739726,3.243872640621117,1.9782344749860215,128,0.2768590281229291,5.458632747179858,3.115917700875933,all,test
s6,hidden_count_linear,23,reset67,s6,0.96875,17.718977799867464,22.89206977739726,3.243872640621117,1.9782344749860215,128,0.2768590281229291,5.458632747179858,3.115917700875933,6,test
s6,hidden_count_linear,23,reset567,s6,1.0,17.61159495536537,28.27924645008606,3.1155878917044904,1.900519427815206,128,0.2751811711775839,5.290316592601741,3.016571099294001,all,train
s6,hidden_count_linear,23,reset567,s6,1.0,17.61159495536537,28.27924645008606,3.1155878917044904,1.900519427815206,128,0.2751811711775839,5.290316592601741,3.016571099294001,6,train
s6,hidden_count_linear,23,reset567,s6,0.9765625,16.158370643490475,22.824900793650794,2.7951499196185585,1.7098730631639014,128,0.25247454130453867,4.9639038123971115,2.8341461489098863,all,val
s6,hidden_count_linear,23,reset567,s6,0.9765625,16.158370643490475,22.824900793650794,2.7951499196185585,1.7098730631639014,128,0.25247454130453867,4.9639038123971115,2.8341461489098863,6,val
s6,hidden_count_linear,23,reset567,s6,0.96875,17.718977799867464,22.89206977739726,3.243872640621117,1.9782344749860215,128,0.2768590281229291,5.458632747179858,3.115917700875933,all,test
s6,hidden_count_linear,23,reset567,s6,0.96875,17.718977799867464,22.89206977739726,3.243872640621117,1.9782344749860215,128,0.2768590281229291,5.458632747179858,3.115917700875933,6,test
s6,hidden_count_linear,101,normal,none,1.0,25.214422094561776,40.48723913511188,12.38173798193679,6.50647419377125,128,0.39397534522752775,19.985845058772213,10.275024477267255,all,train
s6,hidden_count_linear,101,normal,none,1.0,25.214422094561776,40.48723913511188,12.38173798193679,6.50647419377125,128,0.39397534522752775,19.985845058772213,10.275024477267255,6,train
s6,hidden_count_linear,101,normal,none,0.9765625,23.73575629883241,33.52852182539682,9.754119891800544,5.178388502984813,128,0.3708711921692564,16.614903596115393,8.590168002139283,all,val
s6,hidden_count_linear,101,normal,none,0.9765625,23.73575629883241,33.52852182539682,9.754119891800544,5.178388502984813,128,0.3708711921692564,16.614903596115393,8.590168002139283,6,val
s6,hidden_count_linear,101,normal,none,0.96875,24.157968853545395,31.2109375,10.869486693122514,5.765696834617296,128,0.3774682633366468,17.94279302244559,9.280278539959951,all,test
s6,hidden_count_linear,101,normal,none,0.96875,24.157968853545395,31.2109375,10.869486693122514,5.765696834617296,128,0.3774682633366468,17.94279302244559,9.280278539959951,6,test
s6,hidden_count_linear,101,resetall250,s6,1.0,21.356139146163766,34.29192663511188,2.780520624413804,1.7412546241437352,128,0.33368967415880885,4.868093482750617,2.819035353720694,all,train
s6,hidden_count_linear,101,resetall250,s6,1.0,21.356139146163766,34.29192663511188,2.780520624413804,1.7412546241437352,128,0.33368967415880885,4.868093482750617,2.819035353720694,6,train
s6,hidden_count_linear,101,resetall250,s6,0.9921875,20.018655078570802,28.27783978174603,2.4271978700289703,1.5330868736831709,128,0.3127914856026688,4.453104999650907,2.588115244927353,all,val
s6,hidden_count_linear,101,resetall250,s6,0.9921875,20.018655078570802,28.27783978174603,2.4271978700289703,1.5330868736831709,128,0.3127914856026688,4.453104999650907,2.588115244927353,6,val
s6,hidden_count_linear,101,resetall250,s6,0.984375,21.387673956262425,27.631849315068493,2.881926195916946,1.802004036167112,128,0.3341824055666004,5.023590106362469,2.908072203453284,all,test
s6,hidden_count_linear,101,resetall250,s6,0.984375,21.387673956262425,27.631849315068493,2.881926195916946,1.802004036167112,128,0.3341824055666004,5.023590106362469,2.908072203453284,6,test
s6,hidden_count_linear,101,reset234,none,1.0,25.214422094561776,40.48723913511188,12.38173798193679,6.50647419377125,128,0.39397534522752775,19.985845058772213,10.275024477267255,all,train
s6,hidden_count_linear,101,reset234,none,1.0,25.214422094561776,40.48723913511188,12.38173798193679,6.50647419377125,128,0.39397534522752775,19.985845058772213,10.275024477267255,6,train
s6,hidden_count_linear,101,reset234,none,0.9765625,23.73575629883241,33.52852182539682,9.754119891800544,5.178388502984813,128,0.3708711921692564,16.614903596115393,8.590168002139283,all,val
s6,hidden_count_linear,101,reset234,none,0.9765625,23.73575629883241,33.52852182539682,9.754119891800544,5.178388502984813,128,0.3708711921692564,16.614903596115393,8.590168002139283,6,val
s6,hidden_count_linear,101,reset234,none,0.96875,24.157968853545395,31.2109375,10.869486693122514,5.765696834617296,128,0.3774682633366468,17.94279302244559,9.280278539959951,all,test
s6,hidden_count_linear,101,reset234,none,0.96875,24.157968853545395,31.2109375,10.869486693122514,5.765696834617296,128,0.3774682633366468,17.94279302244559,9.280278539959951,6,test
s6,hidden_count_linear,101,reset2345,none,1.0,25.214422094561776,40.48723913511188,12.38173798193679,6.50647419377125,128,0.39397534522752775,19.985845058772213,10.275024477267255,all,train
s6,hidden_count_linear,101,reset2345,none,1.0,25.214422094561776,40.48723913511188,12.38173798193679,6.50647419377125,128,0.39397534522752775,19.985845058772213,10.275024477267255,6,train
s6,hidden_count_linear,101,reset2345,none,0.9765625,23.73575629883241,33.52852182539682,9.754119891800544,5.178388502984813,128,0.3708711921692564,16.614903596115393,8.590168002139283,all,val
s6,hidden_count_linear,101,reset2345,none,0.9765625,23.73575629883241,33.52852182539682,9.754119891800544,5.178388502984813,128,0.3708711921692564,16.614903596115393,8.590168002139283,6,val
s6,hidden_count_linear,101,reset2345,none,0.96875,24.157968853545395,31.2109375,10.869486693122514,5.765696834617296,128,0.3774682633366468,17.94279302244559,9.280278539959951,all,test
s6,hidden_count_linear,101,reset2345,none,0.96875,24.157968853545395,31.2109375,10.869486693122514,5.765696834617296,128,0.3774682633366468,17.94279302244559,9.280278539959951,6,test
s6,hidden_count_linear,101,reset23456,s6,1.0,21.356139146163766,34.29192663511188,2.780520624413804,1.7412546241437352,128,0.33368967415880885,4.868093482750617,2.819035353720694,all,train
s6,hidden_count_linear,101,reset23456,s6,1.0,21.356139146163766,34.29192663511188,2.780520624413804,1.7412546241437352,128,0.33368967415880885,4.868093482750617,2.819035353720694,6,train
s6,hidden_count_linear,101,reset23456,s6,0.9921875,20.018655078570802,28.27783978174603,2.4271978700289703,1.5330868736831709,128,0.3127914856026688,4.453104999650907,2.588115244927353,all,val
s6,hidden_count_linear,101,reset23456,s6,0.9921875,20.018655078570802,28.27783978174603,2.4271978700289703,1.5330868736831709,128,0.3127914856026688,4.453104999650907,2.588115244927353,6,val
s6,hidden_count_linear,101,reset23456,s6,0.984375,21.387673956262425,27.631849315068493,2.881926195916946,1.802004036167112,128,0.3341824055666004,5.023590106362469,2.908072203453284,all,test
s6,hidden_count_linear,101,reset23456,s6,0.984375,21.387673956262425,27.631849315068493,2.881926195916946,1.802004036167112,128,0.3341824055666004,5.023590106362469,2.908072203453284,6,test
s6,hidden_count_linear,101,reset67,s6,1.0,21.356139146163766,34.29192663511188,2.780520624413804,1.7412546241437352,128,0.33368967415880885,4.868093482750617,2.819035353720694,all,train
s6,hidden_count_linear,101,reset67,s6,1.0,21.356139146163766,34.29192663511188,2.780520624413804,1.7412546241437352,128,0.33368967415880885,4.868093482750617,2.819035353720694,6,train
s6,hidden_count_linear,101,reset67,s6,0.9921875,20.018655078570802,28.27783978174603,2.4271978700289703,1.5330868736831709,128,0.3127914856026688,4.453104999650907,2.588115244927353,all,val
s6,hidden_count_linear,101,reset67,s6,0.9921875,20.018655078570802,28.27783978174603,2.4271978700289703,1.5330868736831709,128,0.3127914856026688,4.453104999650907,2.588115244927353,6,val
s6,hidden_count_linear,101,reset67,s6,0.984375,21.387673956262425,27.631849315068493,2.881926195916946,1.802004036167112,128,0.3341824055666004,5.023590106362469,2.908072203453284,all,test
s6,hidden_count_linear,101,reset67,s6,0.984375,21.387673956262425,27.631849315068493,2.881926195916946,1.802004036167112,128,0.3341824055666004,5.023590106362469,2.908072203453284,6,test
s6,hidden_count_linear,101,reset567,s6,1.0,21.356139146163766,34.29192663511188,2.780520624413804,1.7412546241437352,128,0.33368967415880885,4.868093482750617,2.819035353720694,all,train
s6,hidden_count_linear,101,reset567,s6,1.0,21.356139146163766,34.29192663511188,2.780520624413804,1.7412546241437352,128,0.33368967415880885,4.868093482750617,2.819035353720694,6,train
s6,hidden_count_linear,101,reset567,s6,0.9921875,20.018655078570802,28.27783978174603,2.4271978700289703,1.5330868736831709,128,0.3127914856026688,4.453104999650907,2.588115244927353,all,val
s6,hidden_count_linear,101,reset567,s6,0.9921875,20.018655078570802,28.27783978174603,2.4271978700289703,1.5330868736831709,128,0.3127914856026688,4.453104999650907,2.588115244927353,6,val
s6,hidden_count_linear,101,reset567,s6,0.984375,21.387673956262425,27.631849315068493,2.881926195916946,1.802004036167112,128,0.3341824055666004,5.023590106362469,2.908072203453284,all,test
s6,hidden_count_linear,101,reset567,s6,0.984375,21.387673956262425,27.631849315068493,2.881926195916946,1.802004036167112,128,0.3341824055666004,5.023590106362469,2.908072203453284,6,test
s6,output_lif,11,normal,none,1.0,22.83088247609158,36.65994782702238,14.90768094612022,7.7794119879159895,128,0.35673253868893096,23.772192198985362,12.186893210380786,all,train
s6,output_lif,11,normal,none,1.0,22.83088247609158,36.65994782702238,14.90768094612022,7.7794119879159895,128,0.35673253868893096,23.772192198985362,12.186893210380786,6,train
s6,output_lif,11,normal,none,0.9609375,21.352734615046966,30.16232638888889,11.884216431832149,6.254826315731718,128,0.33363647836010885,20.068966333855357,10.339805362170722,all,val
s6,output_lif,11,normal,none,0.9609375,21.352734615046966,30.16232638888889,11.884216431832149,6.254826315731718,128,0.33363647836010885,20.068966333855357,10.339805362170722,6,val
s6,output_lif,11,normal,none,0.96875,21.92159542743539,28.321650256849313,13.022807652781228,6.85794817682447,128,0.34252492855367794,21.122953133119186,10.893835704120386,all,test
s6,output_lif,11,normal,none,0.96875,21.92159542743539,28.321650256849313,13.022807652781228,6.85794817682447,128,0.34252492855367794,21.122953133119186,10.893835704120386,6,test
s6,output_lif,11,resetall250,s6,1.0,19.782831158825598,31.765638446643717,3.3945392643973906,2.0753733793252884,128,0.30910673685664997,5.792716962132117,3.320194040282844,all,train
s6,output_lif,11,resetall250,s6,1.0,19.782831158825598,31.765638446643717,3.3945392643973906,2.0753733793252884,128,0.30910673685664997,5.792716962132117,3.320194040282844,6,train
s6,output_lif,11,resetall250,s6,0.9765625,18.465411289614607,26.08376736111111,3.022420043784567,1.856969729391625,128,0.28852205140022824,5.418227053194143,3.11124066845673,all,val
s6,output_lif,11,resetall250,s6,0.9765625,18.465411289614607,26.08376736111111,3.022420043784567,1.856969729391625,128,0.28852205140022824,5.418227053194143,3.11124066845673,6,val
s6,output_lif,11,resetall250,s6,0.9765625,19.731568919814446,25.492241010273972,3.4941373487590086,2.1362224601609094,128,0.3083057643721007,5.898709135829869,3.3842577555174347,all,test
s6,output_lif,11,resetall250,s6,0.9765625,19.731568919814446,25.492241010273972,3.4941373487590086,2.1362224601609094,128,0.3083057643721007,5.898709135829869,3.3842577555174347,6,test
s6,output_lif,11,reset234,none,1.0,22.83088247609158,36.65994782702238,14.90768094612022,7.7794119879159895,128,0.35673253868893096,23.772192198985362,12.186893210380786,all,train
s6,output_lif,11,reset234,none,1.0,22.83088247609158,36.65994782702238,14.90768094612022,7.7794119879159895,128,0.35673253868893096,23.772192198985362,12.186893210380786,6,train
s6,output_lif,11,reset234,none,0.9609375,21.352734615046966,30.16232638888889,11.884216431832149,6.254826315731718,128,0.33363647836010885,20.068966333855357,10.339805362170722,all,val
s6,output_lif,11,reset234,none,0.9609375,21.352734615046966,30.16232638888889,11.884216431832149,6.254826315731718,128,0.33363647836010885,20.068966333855357,10.339805362170722,6,val
s6,output_lif,11,reset234,none,0.96875,21.92159542743539,28.321650256849313,13.022807652781228,6.85794817682447,128,0.34252492855367794,21.122953133119186,10.893835704120386,all,test
s6,output_lif,11,reset234,none,0.96875,21.92159542743539,28.321650256849313,13.022807652781228,6.85794817682447,128,0.34252492855367794,21.122953133119186,10.893835704120386,6,test
s6,output_lif,11,reset2345,none,1.0,22.83088247609158,36.65994782702238,14.90768094612022,7.7794119879159895,128,0.35673253868893096,23.772192198985362,12.186893210380786,all,train
s6,output_lif,11,reset2345,none,1.0,22.83088247609158,36.65994782702238,14.90768094612022,7.7794119879159895,128,0.35673253868893096,23.772192198985362,12.186893210380786,6,train
s6,output_lif,11,reset2345,none,0.9609375,21.352734615046966,30.16232638888889,11.884216431832149,6.254826315731718,128,0.33363647836010885,20.068966333855357,10.339805362170722,all,val
s6,output_lif,11,reset2345,none,0.9609375,21.352734615046966,30.16232638888889,11.884216431832149,6.254826315731718,128,0.33363647836010885,20.068966333855357,10.339805362170722,6,val
s6,output_lif,11,reset2345,none,0.96875,21.92159542743539,28.321650256849313,13.022807652781228,6.85794817682447,128,0.34252492855367794,21.122953133119186,10.893835704120386,all,test
s6,output_lif,11,reset2345,none,0.96875,21.92159542743539,28.321650256849313,13.022807652781228,6.85794817682447,128,0.34252492855367794,21.122953133119186,10.893835704120386,6,test
s6,output_lif,11,reset23456,s6,1.0,19.782831158825598,31.765638446643717,3.3945392643973906,2.0753733793252884,128,0.30910673685664997,5.792716962132117,3.320194040282844,all,train
s6,output_lif,11,reset23456,s6,1.0,19.782831158825598,31.765638446643717,3.3945392643973906,2.0753733793252884,128,0.30910673685664997,5.792716962132117,3.320194040282844,6,train
s6,output_lif,11,reset23456,s6,0.9765625,18.465411289614607,26.08376736111111,3.022420043784567,1.856969729391625,128,0.28852205140022824,5.418227053194143,3.11124066845673,all,val
s6,output_lif,11,reset23456,s6,0.9765625,18.465411289614607,26.08376736111111,3.022420043784567,1.856969729391625,128,0.28852205140022824,5.418227053194143,3.11124066845673,6,val
s6,output_lif,11,reset23456,s6,0.9765625,19.731568919814446,25.492241010273972,3.4941373487590086,2.1362224601609094,128,0.3083057643721007,5.898709135829869,3.3842577555174347,all,test
s6,output_lif,11,reset23456,s6,0.9765625,19.731568919814446,25.492241010273972,3.4941373487590086,2.1362224601609094,128,0.3083057643721007,5.898709135829869,3.3842577555174347,6,test
s6,output_lif,11,reset67,s6,1.0,19.782831158825598,31.765638446643717,3.3945392643973906,2.0753733793252884,128,0.30910673685664997,5.792716962132117,3.320194040282844,all,train
s6,output_lif,11,reset67,s6,1.0,19.782831158825598,31.765638446643717,3.3945392643973906,2.0753733793252884,128,0.30910673685664997,5.792716962132117,3.320194040282844,6,train
s6,output_lif,11,reset67,s6,0.9765625,18.465411289614607,26.08376736111111,3.022420043784567,1.856969729391625,128,0.28852205140022824,5.418227053194143,3.11124066845673,all,val
s6,output_lif,11,reset67,s6,0.9765625,18.465411289614607,26.08376736111111,3.022420043784567,1.856969729391625,128,0.28852205140022824,5.418227053194143,3.11124066845673,6,val
s6,output_lif,11,reset67,s6,0.9765625,19.731568919814446,25.492241010273972,3.4941373487590086,2.1362224601609094,128,0.3083057643721007,5.898709135829869,3.3842577555174347,all,test
s6,output_lif,11,reset67,s6,0.9765625,19.731568919814446,25.492241010273972,3.4941373487590086,2.1362224601609094,128,0.3083057643721007,5.898709135829869,3.3842577555174347,6,test
s6,output_lif,11,reset567,s6,1.0,19.782831158825598,31.765638446643717,3.3945392643973906,2.0753733793252884,128,0.30910673685664997,5.792716962132117,3.320194040282844,all,train
s6,output_lif,11,reset567,s6,1.0,19.782831158825598,31.765638446643717,3.3945392643973906,2.0753733793252884,128,0.30910673685664997,5.792716962132117,3.320194040282844,6,train
s6,output_lif,11,reset567,s6,0.9765625,18.465411289614607,26.08376736111111,3.022420043784567,1.856969729391625,128,0.28852205140022824,5.418227053194143,3.11124066845673,all,val
s6,output_lif,11,reset567,s6,0.9765625,18.465411289614607,26.08376736111111,3.022420043784567,1.856969729391625,128,0.28852205140022824,5.418227053194143,3.11124066845673,6,val
s6,output_lif,11,reset567,s6,0.9765625,19.731568919814446,25.492241010273972,3.4941373487590086,2.1362224601609094,128,0.3083057643721007,5.898709135829869,3.3842577555174347,all,test
s6,output_lif,11,reset567,s6,0.9765625,19.731568919814446,25.492241010273972,3.4941373487590086,2.1362224601609094,128,0.3083057643721007,5.898709135829869,3.3842577555174347,6,test
s6,output_lif,23,normal,none,1.0,19.44665617096823,31.225836381239244,17.676208008483094,9.162292528514245,128,0.3038540026713786,27.25426278219663,13.917322143468072,all,train
s6,output_lif,23,normal,none,1.0,19.44665617096823,31.225836381239244,17.676208008483094,9.162292528514245,128,0.3038540026713786,27.25426278219663,13.917322143468072,6,train
s6,output_lif,23,normal,none,0.96875,17.7802212272847,25.115885416666668,14.225564590466158,7.422433966508647,128,0.2778159566763234,23.176264425648753,11.883786294818004,all,val
s6,output_lif,23,normal,none,0.96875,17.7802212272847,25.115885416666668,14.225564590466158,7.422433966508647,128,0.2778159566763234,23.176264425648753,11.883786294818004,6,val
s6,output_lif,23,normal,none,0.9765625,18.836108349900595,24.335348886986303,15.634903631595842,8.17348610161945,128,0.2943141929671968,24.42616664575708,12.547063437018293,all,test
s6,output_lif,23,normal,none,0.9765625,18.836108349900595,24.335348886986303,15.634903631595842,8.17348610161945,128,0.2943141929671968,24.42616664575708,12.547063437018293,6,test
s6,output_lif,23,resetall250,s6,1.0,16.710645317969416,26.832575839070568,4.021635470924682,2.4042924261916525,128,0.2611038330932721,6.630808752571793,3.7490014672329424,all,train
s6,output_lif,23,resetall250,s6,1.0,16.710645317969416,26.832575839070568,4.021635470924682,2.4042924261916525,128,0.2611038330932721,6.630808752571793,3.7490014672329424,6,train
s6,output_lif,23,resetall250,s6,0.9609375,15.276534105873058,21.579241071428573,3.607856531472215,2.161748275776929,128,0.23869584540426653,6.2244863758074525,3.5230474001827856,all,val
s6,output_lif,23,resetall250,s6,0.9609375,15.276534105873058,21.579241071428573,3.607856531472215,2.161748275776929,128,0.23869584540426653,6.2244863758074525,3.5230474001827856,6,val
s6,output_lif,23,resetall250,s6,0.9765625,16.820162359178262,21.73084332191781,4.196225438708892,2.5096505116436796,128,0.26281503686216034,6.8283960726704285,3.8659570751524095,all,test
s6,output_lif,23,resetall250,s6,0.9765625,16.820162359178262,21.73084332191781,4.196225438708892,2.5096505116436796,128,0.26281503686216034,6.8283960726704285,3.8659570751524095,6,test
s6,output_lif,23,reset234,none,1.0,19.44665617096823,31.225836381239244,17.676208008483094,9.162292528514245,128,0.3038540026713786,27.25426278219663,13.917322143468072,all,train
s6,output_lif,23,reset234,none,1.0,19.44665617096823,31.225836381239244,17.676208008483094,9.162292528514245,128,0.3038540026713786,27.25426278219663,13.917322143468072,6,train
s6,output_lif,23,reset234,none,0.96875,17.7802212272847,25.115885416666668,14.225564590466158,7.422433966508647,128,0.2778159566763234,23.176264425648753,11.883786294818004,all,val
s6,output_lif,23,reset234,none,0.96875,17.7802212272847,25.115885416666668,14.225564590466158,7.422433966508647,128,0.2778159566763234,23.176264425648753,11.883786294818004,6,val
s6,output_lif,23,reset234,none,0.9765625,18.836108349900595,24.335348886986303,15.634903631595842,8.17348610161945,128,0.2943141929671968,24.42616664575708,12.547063437018293,all,test
s6,output_lif,23,reset234,none,0.9765625,18.836108349900595,24.335348886986303,15.634903631595842,8.17348610161945,128,0.2943141929671968,24.42616664575708,12.547063437018293,6,test
s6,output_lif,23,reset2345,none,1.0,19.44665617096823,31.225836381239244,17.676208008483094,9.162292528514245,128,0.3038540026713786,27.25426278219663,13.917322143468072,all,train
s6,output_lif,23,reset2345,none,1.0,19.44665617096823,31.225836381239244,17.676208008483094,9.162292528514245,128,0.3038540026713786,27.25426278219663,13.917322143468072,6,train
s6,output_lif,23,reset2345,none,0.96875,17.7802212272847,25.115885416666668,14.225564590466158,7.422433966508647,128,0.2778159566763234,23.176264425648753,11.883786294818004,all,val
s6,output_lif,23,reset2345,none,0.96875,17.7802212272847,25.115885416666668,14.225564590466158,7.422433966508647,128,0.2778159566763234,23.176264425648753,11.883786294818004,6,val
s6,output_lif,23,reset2345,none,0.9765625,18.836108349900595,24.335348886986303,15.634903631595842,8.17348610161945,128,0.2943141929671968,24.42616664575708,12.547063437018293,all,test
s6,output_lif,23,reset2345,none,0.9765625,18.836108349900595,24.335348886986303,15.634903631595842,8.17348610161945,128,0.2943141929671968,24.42616664575708,12.547063437018293,6,test
s6,output_lif,23,reset23456,s6,1.0,16.710645317969416,26.832575839070568,4.021635470924682,2.4042924261916525,128,0.2611038330932721,6.630808752571793,3.7490014672329424,all,train
s6,output_lif,23,reset23456,s6,1.0,16.710645317969416,26.832575839070568,4.021635470924682,2.4042924261916525,128,0.2611038330932721,6.630808752571793,3.7490014672329424,6,train
s6,output_lif,23,reset23456,s6,0.9609375,15.276534105873058,21.579241071428573,3.607856531472215,2.161748275776929,128,0.23869584540426653,6.2244863758074525,3.5230474001827856,all,val
s6,output_lif,23,reset23456,s6,0.9609375,15.276534105873058,21.579241071428573,3.607856531472215,2.161748275776929,128,0.23869584540426653,6.2244863758074525,3.5230474001827856,6,val
s6,output_lif,23,reset23456,s6,0.9765625,16.820162359178262,21.73084332191781,4.196225438708892,2.5096505116436796,128,0.26281503686216034,6.8283960726704285,3.8659570751524095,all,test
s6,output_lif,23,reset23456,s6,0.9765625,16.820162359178262,21.73084332191781,4.196225438708892,2.5096505116436796,128,0.26281503686216034,6.8283960726704285,3.8659570751524095,6,test
s6,output_lif,23,reset67,s6,1.0,16.710645317969416,26.832575839070568,4.021635470924682,2.4042924261916525,128,0.2611038330932721,6.630808752571793,3.7490014672329424,all,train
s6,output_lif,23,reset67,s6,1.0,16.710645317969416,26.832575839070568,4.021635470924682,2.4042924261916525,128,0.2611038330932721,6.630808752571793,3.7490014672329424,6,train
s6,output_lif,23,reset67,s6,0.9609375,15.276534105873058,21.579241071428573,3.607856531472215,2.161748275776929,128,0.23869584540426653,6.2244863758074525,3.5230474001827856,all,val
s6,output_lif,23,reset67,s6,0.9609375,15.276534105873058,21.579241071428573,3.607856531472215,2.161748275776929,128,0.23869584540426653,6.2244863758074525,3.5230474001827856,6,val
s6,output_lif,23,reset67,s6,0.9765625,16.820162359178262,21.73084332191781,4.196225438708892,2.5096505116436796,128,0.26281503686216034,6.8283960726704285,3.8659570751524095,all,test
s6,output_lif,23,reset67,s6,0.9765625,16.820162359178262,21.73084332191781,4.196225438708892,2.5096505116436796,128,0.26281503686216034,6.8283960726704285,3.8659570751524095,6,test
s6,output_lif,23,reset567,s6,1.0,16.710645317969416,26.832575839070568,4.021635470924682,2.4042924261916525,128,0.2611038330932721,6.630808752571793,3.7490014672329424,all,train
s6,output_lif,23,reset567,s6,1.0,16.710645317969416,26.832575839070568,4.021635470924682,2.4042924261916525,128,0.2611038330932721,6.630808752571793,3.7490014672329424,6,train
s6,output_lif,23,reset567,s6,0.9609375,15.276534105873058,21.579241071428573,3.607856531472215,2.161748275776929,128,0.23869584540426653,6.2244863758074525,3.5230474001827856,all,val
s6,output_lif,23,reset567,s6,0.9609375,15.276534105873058,21.579241071428573,3.607856531472215,2.161748275776929,128,0.23869584540426653,6.2244863758074525,3.5230474001827856,6,val
s6,output_lif,23,reset567,s6,0.9765625,16.820162359178262,21.73084332191781,4.196225438708892,2.5096505116436796,128,0.26281503686216034,6.8283960726704285,3.8659570751524095,all,test
s6,output_lif,23,reset567,s6,0.9765625,16.820162359178262,21.73084332191781,4.196225438708892,2.5096505116436796,128,0.26281503686216034,6.8283960726704285,3.8659570751524095,6,test
s6,output_lif,101,normal,none,1.0,23.468161187130487,37.68323741394148,15.554499472423668,8.109478107675818,128,0.36669001854891387,24.409970837121335,12.506134877199969,all,train
s6,output_lif,101,normal,none,1.0,23.468161187130487,37.68323741394148,15.554499472423668,8.109478107675818,128,0.36669001854891387,24.409970837121335,12.506134877199969,6,train
s6,output_lif,101,normal,none,0.96875,22.29396014397331,31.49187748015873,12.264375384075146,6.451166216750066,128,0.348343127249583,20.216826804244846,10.412924707577341,all,val
s6,output_lif,101,normal,none,0.96875,22.29396014397331,31.49187748015873,12.264375384075146,6.451166216750066,128,0.348343127249583,20.216826804244846,10.412924707577341,6,val
s6,output_lif,101,normal,none,0.9609375,22.25579854208085,28.753424657534246,13.74098863848161,7.224521523204523,128,0.3477468522200133,21.96120805257675,11.316557422317208,all,test
s6,output_lif,101,normal,none,0.9609375,22.25579854208085,28.753424657534246,13.74098863848161,7.224521523204523,128,0.3477468522200133,21.96120805257675,11.316557422317208,6,test
s6,output_lif,101,resetall250,s6,1.0,20.484080593565242,32.89164694492255,3.5005291464987356,2.1405305609580956,128,0.3200637592744569,5.925225708515496,3.3928027123030873,all,train
s6,output_lif,101,resetall250,s6,1.0,20.484080593565242,32.89164694492255,3.5005291464987356,2.1405305609580956,128,0.3200637592744569,5.925225708515496,3.3928027123030873,6,train
s6,output_lif,101,resetall250,s6,0.9765625,19.299359143183214,27.261780753968253,3.061109785137389,1.8851635885787026,128,0.3015524866122377,5.416126908677115,3.1120586216288397,all,val
s6,output_lif,101,resetall250,s6,0.9765625,19.299359143183214,27.261780753968253,3.061109785137389,1.8851635885787026,128,0.3015524866122377,5.416126908677115,3.1120586216288397,6,val
s6,output_lif,101,resetall250,s6,0.96875,20.283134526176276,26.204837328767123,3.6645889231667286,2.2357007855212476,128,0.3169239769715043,6.132719120469652,3.5115179580494322,all,test
s6,output_lif,101,resetall250,s6,0.96875,20.283134526176276,26.204837328767123,3.6645889231667286,2.2357007855212476,128,0.3169239769715043,6.132719120469652,3.5115179580494322,6,test
s6,output_lif,101,reset234,none,1.0,23.468161187130487,37.68323741394148,15.554499472423668,8.109478107675818,128,0.36669001854891387,24.409970837121335,12.506134877199969,all,train
s6,output_lif,101,reset234,none,1.0,23.468161187130487,37.68323741394148,15.554499472423668,8.109478107675818,128,0.36669001854891387,24.409970837121335,12.506134877199969,6,train
s6,output_lif,101,reset234,none,0.96875,22.29396014397331,31.49187748015873,12.264375384075146,6.451166216750066,128,0.348343127249583,20.216826804244846,10.412924707577341,all,val
s6,output_lif,101,reset234,none,0.96875,22.29396014397331,31.49187748015873,12.264375384075146,6.451166216750066,128,0.348343127249583,20.216826804244846,10.412924707577341,6,val
s6,output_lif,101,reset234,none,0.9609375,22.25579854208085,28.753424657534246,13.74098863848161,7.224521523204523,128,0.3477468522200133,21.96120805257675,11.316557422317208,all,test
s6,output_lif,101,reset234,none,0.9609375,22.25579854208085,28.753424657534246,13.74098863848161,7.224521523204523,128,0.3477468522200133,21.96120805257675,11.316557422317208,6,test
s6,output_lif,101,reset2345,none,1.0,23.468161187130487,37.68323741394148,15.554499472423668,8.109478107675818,128,0.36669001854891387,24.409970837121335,12.506134877199969,all,train
s6,output_lif,101,reset2345,none,1.0,23.468161187130487,37.68323741394148,15.554499472423668,8.109478107675818,128,0.36669001854891387,24.409970837121335,12.506134877199969,6,train
s6,output_lif,101,reset2345,none,0.96875,22.29396014397331,31.49187748015873,12.264375384075146,6.451166216750066,128,0.348343127249583,20.216826804244846,10.412924707577341,all,val
s6,output_lif,101,reset2345,none,0.96875,22.29396014397331,31.49187748015873,12.264375384075146,6.451166216750066,128,0.348343127249583,20.216826804244846,10.412924707577341,6,val
s6,output_lif,101,reset2345,none,0.9609375,22.25579854208085,28.753424657534246,13.74098863848161,7.224521523204523,128,0.3477468522200133,21.96120805257675,11.316557422317208,all,test
s6,output_lif,101,reset2345,none,0.9609375,22.25579854208085,28.753424657534246,13.74098863848161,7.224521523204523,128,0.3477468522200133,21.96120805257675,11.316557422317208,6,test
s6,output_lif,101,reset23456,s6,1.0,20.484080593565242,32.89164694492255,3.5005291464987356,2.1405305609580956,128,0.3200637592744569,5.925225708515496,3.3928027123030873,all,train
s6,output_lif,101,reset23456,s6,1.0,20.484080593565242,32.89164694492255,3.5005291464987356,2.1405305609580956,128,0.3200637592744569,5.925225708515496,3.3928027123030873,6,train
s6,output_lif,101,reset23456,s6,0.9765625,19.299359143183214,27.261780753968253,3.061109785137389,1.8851635885787026,128,0.3015524866122377,5.416126908677115,3.1120586216288397,all,val
s6,output_lif,101,reset23456,s6,0.9765625,19.299359143183214,27.261780753968253,3.061109785137389,1.8851635885787026,128,0.3015524866122377,5.416126908677115,3.1120586216288397,6,val
s6,output_lif,101,reset23456,s6,0.96875,20.283134526176276,26.204837328767123,3.6645889231667286,2.2357007855212476,128,0.3169239769715043,6.132719120469652,3.5115179580494322,all,test
s6,output_lif,101,reset23456,s6,0.96875,20.283134526176276,26.204837328767123,3.6645889231667286,2.2357007855212476,128,0.3169239769715043,6.132719120469652,3.5115179580494322,6,test
s6,output_lif,101,reset67,s6,1.0,20.484080593565242,32.89164694492255,3.5005291464987356,2.1405305609580956,128,0.3200637592744569,5.925225708515496,3.3928027123030873,all,train
s6,output_lif,101,reset67,s6,1.0,20.484080593565242,32.89164694492255,3.5005291464987356,2.1405305609580956,128,0.3200637592744569,5.925225708515496,3.3928027123030873,6,train
s6,output_lif,101,reset67,s6,0.9765625,19.299359143183214,27.261780753968253,3.061109785137389,1.8851635885787026,128,0.3015524866122377,5.416126908677115,3.1120586216288397,all,val
s6,output_lif,101,reset67,s6,0.9765625,19.299359143183214,27.261780753968253,3.061109785137389,1.8851635885787026,128,0.3015524866122377,5.416126908677115,3.1120586216288397,6,val
s6,output_lif,101,reset67,s6,0.96875,20.283134526176276,26.204837328767123,3.6645889231667286,2.2357007855212476,128,0.3169239769715043,6.132719120469652,3.5115179580494322,all,test
s6,output_lif,101,reset67,s6,0.96875,20.283134526176276,26.204837328767123,3.6645889231667286,2.2357007855212476,128,0.3169239769715043,6.132719120469652,3.5115179580494322,6,test
s6,output_lif,101,reset567,s6,1.0,20.484080593565242,32.89164694492255,3.5005291464987356,2.1405305609580956,128,0.3200637592744569,5.925225708515496,3.3928027123030873,all,train
s6,output_lif,101,reset567,s6,1.0,20.484080593565242,32.89164694492255,3.5005291464987356,2.1405305609580956,128,0.3200637592744569,5.925225708515496,3.3928027123030873,6,train
s6,output_lif,101,reset567,s6,0.9765625,19.299359143183214,27.261780753968253,3.061109785137389,1.8851635885787026,128,0.3015524866122377,5.416126908677115,3.1120586216288397,all,val
s6,output_lif,101,reset567,s6,0.9765625,19.299359143183214,27.261780753968253,3.061109785137389,1.8851635885787026,128,0.3015524866122377,5.416126908677115,3.1120586216288397,6,val
s6,output_lif,101,reset567,s6,0.96875,20.283134526176276,26.204837328767123,3.6645889231667286,2.2357007855212476,128,0.3169239769715043,6.132719120469652,3.5115179580494322,all,test
s6,output_lif,101,reset567,s6,0.96875,20.283134526176276,26.204837328767123,3.6645889231667286,2.2357007855212476,128,0.3169239769715043,6.132719120469652,3.5115179580494322,6,test
s7,hidden_count_linear,11,normal,none,1.0,24.140728892759643,38.76319115748709,13.903080485747065,7.285505873997186,128,0.3771988889493694,23.56033884624722,12.08872319418697,all,train
s7,hidden_count_linear,11,normal,none,1.0,24.140728892759643,38.76319115748709,13.903080485747065,7.285505873997186,128,0.3771988889493694,23.56033884624722,12.08872319418697,7,train
s7,hidden_count_linear,11,normal,none,0.984375,22.56755333157756,31.878348214285715,10.814648763278026,5.723157262312352,128,0.3526180208058994,19.30623041602976,9.962606761854692,all,val
s7,hidden_count_linear,11,normal,none,0.984375,22.56755333157756,31.878348214285715,10.814648763278026,5.723157262312352,128,0.3526180208058994,19.30623041602976,9.962606761854692,7,val
s7,hidden_count_linear,11,normal,none,0.9765625,23.314612326043736,30.121361301369863,11.750979151134857,6.223107481413602,128,0.3642908175944334,20.16137266277891,10.414235758433737,all,test
s7,hidden_count_linear,11,normal,none,0.9765625,23.314612326043736,30.121361301369863,11.750979151134857,6.223107481413602,128,0.3642908175944334,20.16137266277891,10.414235758433737,7,test
s7,hidden_count_linear,11,resetall250,s7,1.0,19.83805918903981,31.854319061962133,2.702086268674527,1.6877879294931917,128,0.30996967482874704,4.833222875890429,2.7943193984593626,all,train
s7,hidden_count_linear,11,resetall250,s7,1.0,19.83805918903981,31.854319061962133,2.702086268674527,1.6877879294931917,128,0.30996967482874704,4.833222875890429,2.7943193984593626,7,train
s7,hidden_count_linear,11,resetall250,s7,1.0,18.4885435870424,26.116443452380953,2.404531778103327,1.5104778786432271,128,0.2888834935475375,4.524700787383122,2.6217460162771933,all,val
s7,hidden_count_linear,11,resetall250,s7,1.0,18.4885435870424,26.116443452380953,2.404531778103327,1.5104778786432271,128,0.2888834935475375,4.524700787383122,2.6217460162771933,7,val
s7,hidden_count_linear,11,resetall250,s7,0.9765625,20.10250994035785,25.971479023972602,2.784895546156654,1.7407541850136161,128,0.31410171781809143,4.935854484510778,2.856018017175327,all,test
s7,hidden_count_linear,11,resetall250,s7,0.9765625,20.10250994035785,25.971479023972602,2.784895546156654,1.7407541850136161,128,0.31410171781809143,4.935854484510778,2.856018017175327,7,test
s7,hidden_count_linear,11,reset234,none,1.0,24.140728892759643,38.76319115748709,13.903080485747065,7.285505873997186,128,0.3771988889493694,23.56033884624722,12.08872319418697,all,train
s7,hidden_count_linear,11,reset234,none,1.0,24.140728892759643,38.76319115748709,13.903080485747065,7.285505873997186,128,0.3771988889493694,23.56033884624722,12.08872319418697,7,train
s7,hidden_count_linear,11,reset234,none,0.984375,22.56755333157756,31.878348214285715,10.814648763278026,5.723157262312352,128,0.3526180208058994,19.30623041602976,9.962606761854692,all,val
s7,hidden_count_linear,11,reset234,none,0.984375,22.56755333157756,31.878348214285715,10.814648763278026,5.723157262312352,128,0.3526180208058994,19.30623041602976,9.962606761854692,7,val
s7,hidden_count_linear,11,reset234,none,0.9765625,23.314612326043736,30.121361301369863,11.750979151134857,6.223107481413602,128,0.3642908175944334,20.16137266277891,10.414235758433737,all,test
s7,hidden_count_linear,11,reset234,none,0.9765625,23.314612326043736,30.121361301369863,11.750979151134857,6.223107481413602,128,0.3642908175944334,20.16137266277891,10.414235758433737,7,test
s7,hidden_count_linear,11,reset2345,none,1.0,24.140728892759643,38.76319115748709,13.903080485747065,7.285505873997186,128,0.3771988889493694,23.56033884624722,12.08872319418697,all,train
s7,hidden_count_linear,11,reset2345,none,1.0,24.140728892759643,38.76319115748709,13.903080485747065,7.285505873997186,128,0.3771988889493694,23.56033884624722,12.08872319418697,7,train
s7,hidden_count_linear,11,reset2345,none,0.984375,22.56755333157756,31.878348214285715,10.814648763278026,5.723157262312352,128,0.3526180208058994,19.30623041602976,9.962606761854692,all,val
s7,hidden_count_linear,11,reset2345,none,0.984375,22.56755333157756,31.878348214285715,10.814648763278026,5.723157262312352,128,0.3526180208058994,19.30623041602976,9.962606761854692,7,val
s7,hidden_count_linear,11,reset2345,none,0.9765625,23.314612326043736,30.121361301369863,11.750979151134857,6.223107481413602,128,0.3642908175944334,20.16137266277891,10.414235758433737,all,test
s7,hidden_count_linear,11,reset2345,none,0.9765625,23.314612326043736,30.121361301369863,11.750979151134857,6.223107481413602,128,0.3642908175944334,20.16137266277891,10.414235758433737,7,test
s7,hidden_count_linear,11,reset23456,none,1.0,24.140728892759643,38.76319115748709,13.903080485747065,7.285505873997186,128,0.3771988889493694,23.56033884624722,12.08872319418697,all,train
s7,hidden_count_linear,11,reset23456,none,1.0,24.140728892759643,38.76319115748709,13.903080485747065,7.285505873997186,128,0.3771988889493694,23.56033884624722,12.08872319418697,7,train
s7,hidden_count_linear,11,reset23456,none,0.984375,22.56755333157756,31.878348214285715,10.814648763278026,5.723157262312352,128,0.3526180208058994,19.30623041602976,9.962606761854692,all,val
s7,hidden_count_linear,11,reset23456,none,0.984375,22.56755333157756,31.878348214285715,10.814648763278026,5.723157262312352,128,0.3526180208058994,19.30623041602976,9.962606761854692,7,val
s7,hidden_count_linear,11,reset23456,none,0.9765625,23.314612326043736,30.121361301369863,11.750979151134857,6.223107481413602,128,0.3642908175944334,20.16137266277891,10.414235758433737,all,test
s7,hidden_count_linear,11,reset23456,none,0.9765625,23.314612326043736,30.121361301369863,11.750979151134857,6.223107481413602,128,0.3642908175944334,20.16137266277891,10.414235758433737,7,test
s7,hidden_count_linear,11,reset67,s7,1.0,19.83805918903981,31.854319061962133,2.702086268674527,1.6877879294931917,128,0.30996967482874704,4.833222875890429,2.7943193984593626,all,train
s7,hidden_count_linear,11,reset67,s7,1.0,19.83805918903981,31.854319061962133,2.702086268674527,1.6877879294931917,128,0.30996967482874704,4.833222875890429,2.7943193984593626,7,train
s7,hidden_count_linear,11,reset67,s7,1.0,18.4885435870424,26.116443452380953,2.404531778103327,1.5104778786432271,128,0.2888834935475375,4.524700787383122,2.6217460162771933,all,val
s7,hidden_count_linear,11,reset67,s7,1.0,18.4885435870424,26.116443452380953,2.404531778103327,1.5104778786432271,128,0.2888834935475375,4.524700787383122,2.6217460162771933,7,val
s7,hidden_count_linear,11,reset67,s7,0.9765625,20.10250994035785,25.971479023972602,2.784895546156654,1.7407541850136161,128,0.31410171781809143,4.935854484510778,2.856018017175327,all,test
s7,hidden_count_linear,11,reset67,s7,0.9765625,20.10250994035785,25.971479023972602,2.784895546156654,1.7407541850136161,128,0.31410171781809143,4.935854484510778,2.856018017175327,7,test
s7,hidden_count_linear,11,reset567,s7,1.0,19.83805918903981,31.854319061962133,2.702086268674527,1.6877879294931917,128,0.30996967482874704,4.833222875890429,2.7943193984593626,all,train
s7,hidden_count_linear,11,reset567,s7,1.0,19.83805918903981,31.854319061962133,2.702086268674527,1.6877879294931917,128,0.30996967482874704,4.833222875890429,2.7943193984593626,7,train
s7,hidden_count_linear,11,reset567,s7,1.0,18.4885435870424,26.116443452380953,2.404531778103327,1.5104778786432271,128,0.2888834935475375,4.524700787383122,2.6217460162771933,all,val
s7,hidden_count_linear,11,reset567,s7,1.0,18.4885435870424,26.116443452380953,2.404531778103327,1.5104778786432271,128,0.2888834935475375,4.524700787383122,2.6217460162771933,7,val
s7,hidden_count_linear,11,reset567,s7,0.9765625,20.10250994035785,25.971479023972602,2.784895546156654,1.7407541850136161,128,0.31410171781809143,4.935854484510778,2.856018017175327,all,test
s7,hidden_count_linear,11,reset567,s7,0.9765625,20.10250994035785,25.971479023972602,2.784895546156654,1.7407541850136161,128,0.31410171781809143,4.935854484510778,2.856018017175327,7,test
s7,hidden_count_linear,23,normal,none,1.0,21.292754618386454,34.19014898881239,17.212687190153584,8.952168375357997,128,0.33269929091228834,27.846487231300536,14.241976516776967,all,train
s7,hidden_count_linear,23,normal,none,1.0,21.292754618386454,34.19014898881239,17.212687190153584,8.952168375357997,128,0.33269929091228834,27.846487231300536,14.241976516776967,7,train
s7,hidden_count_linear,23,normal,none,0.984375,19.499517162672284,27.544518849206348,13.387465981915547,7.016631139715565,128,0.30467995566675443,22.854466029751116,11.743329207666871,all,val
s7,hidden_count_linear,23,normal,none,0.984375,19.499517162672284,27.544518849206348,13.387465981915547,7.016631139715565,128,0.30467995566675443,22.854466029751116,11.743329207666871,7,val
s7,hidden_count_linear,23,normal,none,0.9609375,20.448848575215376,26.418931934931507,14.654531631823641,7.692828704854208,128,0.31951325898774025,24.02363511010037,12.365395313666838,all,test
s7,hidden_count_linear,23,normal,none,0.9609375,20.448848575215376,26.418931934931507,14.654531631823641,7.692828704854208,128,0.31951325898774025,24.02363511010037,12.365395313666838,7,test
s7,hidden_count_linear,23,resetall250,s7,1.0,17.828855913042023,28.628106174698797,3.315832975247877,2.0187429604150267,128,0.2785758736412816,5.64196493363278,3.2209557032897043,all,train
s7,hidden_count_linear,23,resetall250,s7,1.0,17.828855913042023,28.628106174698797,3.315832975247877,2.0187429604150267,128,0.2785758736412816,5.64196493363278,3.2209557032897043,7,train
s7,hidden_count_linear,23,resetall250,s7,0.984375,16.292950575015364,23.01500496031746,2.9561914285400754,1.8050530572381704,128,0.25457735273461507,5.266308315141218,3.010949706476527,all,val
s7,hidden_count_linear,23,resetall250,s7,0.984375,16.292950575015364,23.01500496031746,2.9561914285400754,1.8050530572381704,128,0.25457735273461507,5.266308315141218,3.010949706476527,7,val
s7,hidden_count_linear,23,resetall250,s7,0.9609375,17.88075712392313,23.101080907534246,3.4541309677740846,2.1019681067242377,128,0.2793868300612989,5.816758776092818,3.3242703930163544,all,test
s7,hidden_count_linear,23,resetall250,s7,0.9609375,17.88075712392313,23.101080907534246,3.4541309677740846,2.1019681067242377,128,0.2793868300612989,5.816758776092818,3.3242703930163544,7,test
s7,hidden_count_linear,23,reset234,none,1.0,21.292754618386454,34.19014898881239,17.212687190153584,8.952168375357997,128,0.33269929091228834,27.846487231300536,14.241976516776967,all,train
s7,hidden_count_linear,23,reset234,none,1.0,21.292754618386454,34.19014898881239,17.212687190153584,8.952168375357997,128,0.33269929091228834,27.846487231300536,14.241976516776967,7,train
s7,hidden_count_linear,23,reset234,none,0.984375,19.499517162672284,27.544518849206348,13.387465981915547,7.016631139715565,128,0.30467995566675443,22.854466029751116,11.743329207666871,all,val
s7,hidden_count_linear,23,reset234,none,0.984375,19.499517162672284,27.544518849206348,13.387465981915547,7.016631139715565,128,0.30467995566675443,22.854466029751116,11.743329207666871,7,val
s7,hidden_count_linear,23,reset234,none,0.9609375,20.448848575215376,26.418931934931507,14.654531631823641,7.692828704854208,128,0.31951325898774025,24.02363511010037,12.365395313666838,all,test
s7,hidden_count_linear,23,reset234,none,0.9609375,20.448848575215376,26.418931934931507,14.654531631823641,7.692828704854208,128,0.31951325898774025,24.02363511010037,12.365395313666838,7,test
s7,hidden_count_linear,23,reset2345,none,1.0,21.292754618386454,34.19014898881239,17.212687190153584,8.952168375357997,128,0.33269929091228834,27.846487231300536,14.241976516776967,all,train
s7,hidden_count_linear,23,reset2345,none,1.0,21.292754618386454,34.19014898881239,17.212687190153584,8.952168375357997,128,0.33269929091228834,27.846487231300536,14.241976516776967,7,train
s7,hidden_count_linear,23,reset2345,none,0.984375,19.499517162672284,27.544518849206348,13.387465981915547,7.016631139715565,128,0.30467995566675443,22.854466029751116,11.743329207666871,all,val
s7,hidden_count_linear,23,reset2345,none,0.984375,19.499517162672284,27.544518849206348,13.387465981915547,7.016631139715565,128,0.30467995566675443,22.854466029751116,11.743329207666871,7,val
s7,hidden_count_linear,23,reset2345,none,0.9609375,20.448848575215376,26.418931934931507,14.654531631823641,7.692828704854208,128,0.31951325898774025,24.02363511010037,12.365395313666838,all,test
s7,hidden_count_linear,23,reset2345,none,0.9609375,20.448848575215376,26.418931934931507,14.654531631823641,7.692828704854208,128,0.31951325898774025,24.02363511010037,12.365395313666838,7,test
s7,hidden_count_linear,23,reset23456,none,1.0,21.292754618386454,34.19014898881239,17.212687190153584,8.952168375357997,128,0.33269929091228834,27.846487231300536,14.241976516776967,all,train
s7,hidden_count_linear,23,reset23456,none,1.0,21.292754618386454,34.19014898881239,17.212687190153584,8.952168375357997,128,0.33269929091228834,27.846487231300536,14.241976516776967,7,train
s7,hidden_count_linear,23,reset23456,none,0.984375,19.499517162672284,27.544518849206348,13.387465981915547,7.016631139715565,128,0.30467995566675443,22.854466029751116,11.743329207666871,all,val
s7,hidden_count_linear,23,reset23456,none,0.984375,19.499517162672284,27.544518849206348,13.387465981915547,7.016631139715565,128,0.30467995566675443,22.854466029751116,11.743329207666871,7,val
s7,hidden_count_linear,23,reset23456,none,0.9609375,20.448848575215376,26.418931934931507,14.654531631823641,7.692828704854208,128,0.31951325898774025,24.02363511010037,12.365395313666838,all,test
s7,hidden_count_linear,23,reset23456,none,0.9609375,20.448848575215376,26.418931934931507,14.654531631823641,7.692828704854208,128,0.31951325898774025,24.02363511010037,12.365395313666838,7,test
s7,hidden_count_linear,23,reset67,s7,1.0,17.828855913042023,28.628106174698797,3.315832975247877,2.0187429604150267,128,0.2785758736412816,5.64196493363278,3.2209557032897043,all,train
s7,hidden_count_linear,23,reset67,s7,1.0,17.828855913042023,28.628106174698797,3.315832975247877,2.0187429604150267,128,0.2785758736412816,5.64196493363278,3.2209557032897043,7,train
s7,hidden_count_linear,23,reset67,s7,0.984375,16.292950575015364,23.01500496031746,2.9561914285400754,1.8050530572381704,128,0.25457735273461507,5.266308315141218,3.010949706476527,all,val
s7,hidden_count_linear,23,reset67,s7,0.984375,16.292950575015364,23.01500496031746,2.9561914285400754,1.8050530572381704,128,0.25457735273461507,5.266308315141218,3.010949706476527,7,val
s7,hidden_count_linear,23,reset67,s7,0.9609375,17.88075712392313,23.101080907534246,3.4541309677740846,2.1019681067242377,128,0.2793868300612989,5.816758776092818,3.3242703930163544,all,test
s7,hidden_count_linear,23,reset67,s7,0.9609375,17.88075712392313,23.101080907534246,3.4541309677740846,2.1019681067242377,128,0.2793868300612989,5.816758776092818,3.3242703930163544,7,test
s7,hidden_count_linear,23,reset567,s7,1.0,17.828855913042023,28.628106174698797,3.315832975247877,2.0187429604150267,128,0.2785758736412816,5.64196493363278,3.2209557032897043,all,train
s7,hidden_count_linear,23,reset567,s7,1.0,17.828855913042023,28.628106174698797,3.315832975247877,2.0187429604150267,128,0.2785758736412816,5.64196493363278,3.2209557032897043,7,train
s7,hidden_count_linear,23,reset567,s7,0.984375,16.292950575015364,23.01500496031746,2.9561914285400754,1.8050530572381704,128,0.25457735273461507,5.266308315141218,3.010949706476527,all,val
s7,hidden_count_linear,23,reset567,s7,0.984375,16.292950575015364,23.01500496031746,2.9561914285400754,1.8050530572381704,128,0.25457735273461507,5.266308315141218,3.010949706476527,7,val
s7,hidden_count_linear,23,reset567,s7,0.9609375,17.88075712392313,23.101080907534246,3.4541309677740846,2.1019681067242377,128,0.2793868300612989,5.816758776092818,3.3242703930163544,all,test
s7,hidden_count_linear,23,reset567,s7,0.9609375,17.88075712392313,23.101080907534246,3.4541309677740846,2.1019681067242377,128,0.2793868300612989,5.816758776092818,3.3242703930163544,7,test
s7,hidden_count_linear,101,normal,none,0.9921875,25.354723901720067,40.712524203958694,15.687444259048354,8.202374329015024,128,0.39616756096437605,26.100450000153792,13.381270718789823,all,train
s7,hidden_count_linear,101,normal,none,0.9921875,25.354723901720067,40.712524203958694,15.687444259048354,8.202374329015024,128,0.39616756096437605,26.100450000153792,13.381270718789823,7,train
s7,hidden_count_linear,101,normal,none,0.9609375,23.85422702133263,33.695870535714285,12.020926608726187,6.347996773768765,128,0.37272229720832234,20.979447409063855,10.817551120992647,all,val
s7,hidden_count_linear,101,normal,none,0.9609375,23.85422702133263,33.695870535714285,12.020926608726187,6.347996773768765,128,0.37272229720832234,20.979447409063855,10.817551120992647,7,val
s7,hidden_count_linear,101,normal,none,0.9765625,24.286572233267066,31.377086900684933,13.208734005472374,6.976825327332878,128,0.3794776911447979,22.36686662180544,11.543565045252894,all,test
s7,hidden_count_linear,101,normal,none,0.9765625,24.286572233267066,31.377086900684933,13.208734005472374,6.976825327332878,128,0.3794776911447979,22.36686662180544,11.543565045252894,7,test
s7,hidden_count_linear,101,resetall250,s7,0.9921875,21.557949654144405,34.6159773020654,2.986108268816889,1.8620882987704541,128,0.33684296334600633,5.262177680087216,3.0395277286454356,all,train
s7,hidden_count_linear,101,resetall250,s7,0.9921875,21.557949654144405,34.6159773020654,2.986108268816889,1.8620882987704541,128,0.33684296334600633,5.262177680087216,3.0395277286454356,7,train
s7,hidden_count_linear,101,resetall250,s7,0.96875,20.16341848828022,28.48232886904762,2.6077502249583002,1.639060751086384,128,0.31505341387937846,4.808812356447163,2.7877178907735978,all,val
s7,hidden_count_linear,101,resetall250,s7,0.96875,20.16341848828022,28.48232886904762,2.6077502249583002,1.639060751086384,128,0.31505341387937846,4.808812356447163,2.7877178907735978,7,val
s7,hidden_count_linear,101,resetall250,s7,0.984375,21.65722332670643,27.98009417808219,3.0993125718346173,1.9305604968819894,128,0.33839411447978796,5.418412748007869,3.1306825559917817,all,test
s7,hidden_count_linear,101,resetall250,s7,0.984375,21.65722332670643,27.98009417808219,3.0993125718346173,1.9305604968819894,128,0.33839411447978796,5.418412748007869,3.1306825559917817,7,test
s7,hidden_count_linear,101,reset234,none,0.9921875,25.354723901720067,40.712524203958694,15.687444259048354,8.202374329015024,128,0.39616756096437605,26.100450000153792,13.381270718789823,all,train
s7,hidden_count_linear,101,reset234,none,0.9921875,25.354723901720067,40.712524203958694,15.687444259048354,8.202374329015024,128,0.39616756096437605,26.100450000153792,13.381270718789823,7,train
s7,hidden_count_linear,101,reset234,none,0.9609375,23.85422702133263,33.695870535714285,12.020926608726187,6.347996773768765,128,0.37272229720832234,20.979447409063855,10.817551120992647,all,val
s7,hidden_count_linear,101,reset234,none,0.9609375,23.85422702133263,33.695870535714285,12.020926608726187,6.347996773768765,128,0.37272229720832234,20.979447409063855,10.817551120992647,7,val
s7,hidden_count_linear,101,reset234,none,0.9765625,24.286572233267066,31.377086900684933,13.208734005472374,6.976825327332878,128,0.3794776911447979,22.36686662180544,11.543565045252894,all,test
s7,hidden_count_linear,101,reset234,none,0.9765625,24.286572233267066,31.377086900684933,13.208734005472374,6.976825327332878,128,0.3794776911447979,22.36686662180544,11.543565045252894,7,test
s7,hidden_count_linear,101,reset2345,none,0.9921875,25.354723901720067,40.712524203958694,15.687444259048354,8.202374329015024,128,0.39616756096437605,26.100450000153792,13.381270718789823,all,train
s7,hidden_count_linear,101,reset2345,none,0.9921875,25.354723901720067,40.712524203958694,15.687444259048354,8.202374329015024,128,0.39616756096437605,26.100450000153792,13.381270718789823,7,train
s7,hidden_count_linear,101,reset2345,none,0.9609375,23.85422702133263,33.695870535714285,12.020926608726187,6.347996773768765,128,0.37272229720832234,20.979447409063855,10.817551120992647,all,val
s7,hidden_count_linear,101,reset2345,none,0.9609375,23.85422702133263,33.695870535714285,12.020926608726187,6.347996773768765,128,0.37272229720832234,20.979447409063855,10.817551120992647,7,val
s7,hidden_count_linear,101,reset2345,none,0.9765625,24.286572233267066,31.377086900684933,13.208734005472374,6.976825327332878,128,0.3794776911447979,22.36686662180544,11.543565045252894,all,test
s7,hidden_count_linear,101,reset2345,none,0.9765625,24.286572233267066,31.377086900684933,13.208734005472374,6.976825327332878,128,0.3794776911447979,22.36686662180544,11.543565045252894,7,test
s7,hidden_count_linear,101,reset23456,none,0.9921875,25.354723901720067,40.712524203958694,15.687444259048354,8.202374329015024,128,0.39616756096437605,26.100450000153792,13.381270718789823,all,train
s7,hidden_count_linear,101,reset23456,none,0.9921875,25.354723901720067,40.712524203958694,15.687444259048354,8.202374329015024,128,0.39616756096437605,26.100450000153792,13.381270718789823,7,train
s7,hidden_count_linear,101,reset23456,none,0.9609375,23.85422702133263,33.695870535714285,12.020926608726187,6.347996773768765,128,0.37272229720832234,20.979447409063855,10.817551120992647,all,val
s7,hidden_count_linear,101,reset23456,none,0.9609375,23.85422702133263,33.695870535714285,12.020926608726187,6.347996773768765,128,0.37272229720832234,20.979447409063855,10.817551120992647,7,val
s7,hidden_count_linear,101,reset23456,none,0.9765625,24.286572233267066,31.377086900684933,13.208734005472374,6.976825327332878,128,0.3794776911447979,22.36686662180544,11.543565045252894,all,test
s7,hidden_count_linear,101,reset23456,none,0.9765625,24.286572233267066,31.377086900684933,13.208734005472374,6.976825327332878,128,0.3794776911447979,22.36686662180544,11.543565045252894,7,test
s7,hidden_count_linear,101,reset67,s7,0.9921875,21.557949654144405,34.6159773020654,2.986108268816889,1.8620882987704541,128,0.33684296334600633,5.262177680087216,3.0395277286454356,all,train
s7,hidden_count_linear,101,reset67,s7,0.9921875,21.557949654144405,34.6159773020654,2.986108268816889,1.8620882987704541,128,0.33684296334600633,5.262177680087216,3.0395277286454356,7,train
s7,hidden_count_linear,101,reset67,s7,0.96875,20.16341848828022,28.48232886904762,2.6077502249583002,1.639060751086384,128,0.31505341387937846,4.808812356447163,2.7877178907735978,all,val
s7,hidden_count_linear,101,reset67,s7,0.96875,20.16341848828022,28.48232886904762,2.6077502249583002,1.639060751086384,128,0.31505341387937846,4.808812356447163,2.7877178907735978,7,val
s7,hidden_count_linear,101,reset67,s7,0.984375,21.65722332670643,27.98009417808219,3.0993125718346173,1.9305604968819894,128,0.33839411447978796,5.418412748007869,3.1306825559917817,all,test
s7,hidden_count_linear,101,reset67,s7,0.984375,21.65722332670643,27.98009417808219,3.0993125718346173,1.9305604968819894,128,0.33839411447978796,5.418412748007869,3.1306825559917817,7,test
s7,hidden_count_linear,101,reset567,s7,0.9921875,21.557949654144405,34.6159773020654,2.986108268816889,1.8620882987704541,128,0.33684296334600633,5.262177680087216,3.0395277286454356,all,train
s7,hidden_count_linear,101,reset567,s7,0.9921875,21.557949654144405,34.6159773020654,2.986108268816889,1.8620882987704541,128,0.33684296334600633,5.262177680087216,3.0395277286454356,7,train
s7,hidden_count_linear,101,reset567,s7,0.96875,20.16341848828022,28.48232886904762,2.6077502249583002,1.639060751086384,128,0.31505341387937846,4.808812356447163,2.7877178907735978,all,val
s7,hidden_count_linear,101,reset567,s7,0.96875,20.16341848828022,28.48232886904762,2.6077502249583002,1.639060751086384,128,0.31505341387937846,4.808812356447163,2.7877178907735978,7,val
s7,hidden_count_linear,101,reset567,s7,0.984375,21.65722332670643,27.98009417808219,3.0993125718346173,1.9305604968819894,128,0.33839411447978796,5.418412748007869,3.1306825559917817,all,test
s7,hidden_count_linear,101,reset567,s7,0.984375,21.65722332670643,27.98009417808219,3.0993125718346173,1.9305604968819894,128,0.33839411447978796,5.418412748007869,3.1306825559917817,7,test
s7,output_lif,11,normal,none,0.9921875,24.826553000485706,39.86443093803786,16.912599496290216,8.827778254643508,128,0.38791489063258916,27.964766748096825,14.331695769963474,all,train
s7,output_lif,11,normal,none,0.9921875,24.826553000485706,39.86443093803786,16.912599496290216,8.827778254643508,128,0.38791489063258916,27.964766748096825,14.331695769963474,7,train
s7,output_lif,11,normal,none,0.9609375,23.091651303660786,32.618675595238095,13.050099859538232,6.874292204371873,128,0.3608070516196998,22.771086625242216,11.734582284227427,all,val
s7,output_lif,11,normal,none,0.9609375,23.091651303660786,32.618675595238095,13.050099859538232,6.874292204371873,128,0.3608070516196998,22.771086625242216,11.734582284227427,7,val
s7,output_lif,11,normal,none,0.953125,23.675240225314777,30.587275256849313,14.213958922247764,7.492988682488403,128,0.3699256285205434,23.784908708005958,12.270092776828873,all,test
s7,output_lif,11,normal,none,0.953125,23.675240225314777,30.587275256849313,14.213958922247764,7.492988682488403,128,0.3699256285205434,23.784908708005958,12.270092776828873,7,test
s7,output_lif,11,resetall250,s7,1.0,21.16274473679803,33.98138984509466,3.2439886785678396,2.0051327144953692,128,0.3306678865124692,5.652189513127703,3.2553376894787593,all,train
s7,output_lif,11,resetall250,s7,1.0,21.16274473679803,33.98138984509466,3.2439886785678396,2.0051327144953692,128,0.3306678865124692,5.652189513127703,3.2553376894787593,7,train
s7,output_lif,11,resetall250,s7,0.9765625,19.702440523220087,27.831163194444443,2.8764533129224827,1.7876498235997718,128,0.30785063317531386,5.2693520286188855,3.0420772085283607,all,val
s7,output_lif,11,resetall250,s7,0.9765625,19.702440523220087,27.831163194444443,2.8764533129224827,1.7876498235997718,128,0.30785063317531386,5.2693520286188855,3.0420772085283607,7,val
s7,output_lif,11,resetall250,s7,0.96875,21.12632538104705,27.29419948630137,3.337834686218626,2.062600673627506,128,0.33009883407886015,5.750447900797564,3.3152201366999283,all,test
s7,output_lif,11,resetall250,s7,0.96875,21.12632538104705,27.29419948630137,3.337834686218626,2.062600673627506,128,0.33009883407886015,5.750447900797564,3.3152201366999283,7,test
s7,output_lif,11,reset234,none,0.9921875,24.826553000485706,39.86443093803786,16.912599496290216,8.827778254643508,128,0.38791489063258916,27.964766748096825,14.331695769963474,all,train
s7,output_lif,11,reset234,none,0.9921875,24.826553000485706,39.86443093803786,16.912599496290216,8.827778254643508,128,0.38791489063258916,27.964766748096825,14.331695769963474,7,train
s7,output_lif,11,reset234,none,0.9609375,23.091651303660786,32.618675595238095,13.050099859538232,6.874292204371873,128,0.3608070516196998,22.771086625242216,11.734582284227427,all,val
s7,output_lif,11,reset234,none,0.9609375,23.091651303660786,32.618675595238095,13.050099859538232,6.874292204371873,128,0.3608070516196998,22.771086625242216,11.734582284227427,7,val
s7,output_lif,11,reset234,none,0.953125,23.675240225314777,30.587275256849313,14.213958922247764,7.492988682488403,128,0.3699256285205434,23.784908708005958,12.270092776828873,all,test
s7,output_lif,11,reset234,none,0.953125,23.675240225314777,30.587275256849313,14.213958922247764,7.492988682488403,128,0.3699256285205434,23.784908708005958,12.270092776828873,7,test
s7,output_lif,11,reset2345,none,0.9921875,24.826553000485706,39.86443093803786,16.912599496290216,8.827778254643508,128,0.38791489063258916,27.964766748096825,14.331695769963474,all,train
s7,output_lif,11,reset2345,none,0.9921875,24.826553000485706,39.86443093803786,16.912599496290216,8.827778254643508,128,0.38791489063258916,27.964766748096825,14.331695769963474,7,train
s7,output_lif,11,reset2345,none,0.9609375,23.091651303660786,32.618675595238095,13.050099859538232,6.874292204371873,128,0.3608070516196998,22.771086625242216,11.734582284227427,all,val
s7,output_lif,11,reset2345,none,0.9609375,23.091651303660786,32.618675595238095,13.050099859538232,6.874292204371873,128,0.3608070516196998,22.771086625242216,11.734582284227427,7,val
s7,output_lif,11,reset2345,none,0.953125,23.675240225314777,30.587275256849313,14.213958922247764,7.492988682488403,128,0.3699256285205434,23.784908708005958,12.270092776828873,all,test
s7,output_lif,11,reset2345,none,0.953125,23.675240225314777,30.587275256849313,14.213958922247764,7.492988682488403,128,0.3699256285205434,23.784908708005958,12.270092776828873,7,test
s7,output_lif,11,reset23456,none,0.9921875,24.826553000485706,39.86443093803786,16.912599496290216,8.827778254643508,128,0.38791489063258916,27.964766748096825,14.331695769963474,all,train
s7,output_lif,11,reset23456,none,0.9921875,24.826553000485706,39.86443093803786,16.912599496290216,8.827778254643508,128,0.38791489063258916,27.964766748096825,14.331695769963474,7,train
s7,output_lif,11,reset23456,none,0.9609375,23.091651303660786,32.618675595238095,13.050099859538232,6.874292204371873,128,0.3608070516196998,22.771086625242216,11.734582284227427,all,val
s7,output_lif,11,reset23456,none,0.9609375,23.091651303660786,32.618675595238095,13.050099859538232,6.874292204371873,128,0.3608070516196998,22.771086625242216,11.734582284227427,7,val
s7,output_lif,11,reset23456,none,0.953125,23.675240225314777,30.587275256849313,14.213958922247764,7.492988682488403,128,0.3699256285205434,23.784908708005958,12.270092776828873,all,test
s7,output_lif,11,reset23456,none,0.953125,23.675240225314777,30.587275256849313,14.213958922247764,7.492988682488403,128,0.3699256285205434,23.784908708005958,12.270092776828873,7,test
s7,output_lif,11,reset67,s7,1.0,21.16274473679803,33.98138984509466,3.2439886785678396,2.0051327144953692,128,0.3306678865124692,5.652189513127703,3.2553376894787593,all,train
s7,output_lif,11,reset67,s7,1.0,21.16274473679803,33.98138984509466,3.2439886785678396,2.0051327144953692,128,0.3306678865124692,5.652189513127703,3.2553376894787593,7,train
s7,output_lif,11,reset67,s7,0.9765625,19.702440523220087,27.831163194444443,2.8764533129224827,1.7876498235997718,128,0.30785063317531386,5.2693520286188855,3.0420772085283607,all,val
s7,output_lif,11,reset67,s7,0.9765625,19.702440523220087,27.831163194444443,2.8764533129224827,1.7876498235997718,128,0.30785063317531386,5.2693520286188855,3.0420772085283607,7,val
s7,output_lif,11,reset67,s7,0.96875,21.12632538104705,27.29419948630137,3.337834686218626,2.062600673627506,128,0.33009883407886015,5.750447900797564,3.3152201366999283,all,test
s7,output_lif,11,reset67,s7,0.96875,21.12632538104705,27.29419948630137,3.337834686218626,2.062600673627506,128,0.33009883407886015,5.750447900797564,3.3152201366999283,7,test
s7,output_lif,11,reset567,s7,1.0,21.16274473679803,33.98138984509466,3.2439886785678396,2.0051327144953692,128,0.3306678865124692,5.652189513127703,3.2553376894787593,all,train
s7,output_lif,11,reset567,s7,1.0,21.16274473679803,33.98138984509466,3.2439886785678396,2.0051327144953692,128,0.3306678865124692,5.652189513127703,3.2553376894787593,7,train
s7,output_lif,11,reset567,s7,0.9765625,19.702440523220087,27.831163194444443,2.8764533129224827,1.7876498235997718,128,0.30785063317531386,5.2693520286188855,3.0420772085283607,all,val
s7,output_lif,11,reset567,s7,0.9765625,19.702440523220087,27.831163194444443,2.8764533129224827,1.7876498235997718,128,0.30785063317531386,5.2693520286188855,3.0420772085283607,7,val
s7,output_lif,11,reset567,s7,0.96875,21.12632538104705,27.29419948630137,3.337834686218626,2.062600673627506,128,0.33009883407886015,5.750447900797564,3.3152201366999283,all,test
s7,output_lif,11,reset567,s7,0.96875,21.12632538104705,27.29419948630137,3.337834686218626,2.062600673627506,128,0.33009883407886015,5.750447900797564,3.3152201366999283,7,test
s7,output_lif,23,normal,none,1.0,22.099594687390088,35.48570621772806,20.009972396452678,10.385346619743078,128,0.3453061669904701,31.764334578977845,16.237714325704474,all,train
s7,output_lif,23,normal,none,1.0,22.099594687390088,35.48570621772806,20.009972396452678,10.385346619743078,128,0.3453061669904701,31.764334578977845,16.237714325704474,7,train
s7,output_lif,23,normal,none,0.9609375,20.178781494162056,28.50403025793651,15.661456961636379,8.187236634184883,128,0.3152934608462821,26.09532406430786,13.401098262507576,all,val
s7,output_lif,23,normal,none,0.9609375,20.178781494162056,28.50403025793651,15.661456961636379,8.187236634184883,128,0.3152934608462821,26.09532406430786,13.401098262507576,7,val
s7,output_lif,23,normal,none,0.953125,21.439363817097416,27.698630136986303,17.041933943215707,8.927360479052767,128,0.3349900596421471,27.432007581810744,14.111512224912568,all,test
s7,output_lif,23,normal,none,0.953125,21.439363817097416,27.698630136986303,17.041933943215707,8.927360479052767,128,0.3349900596421471,27.432007581810744,14.111512224912568,7,test
s7,output_lif,23,resetall250,s7,1.0,18.96451839817777,30.451659315834767,3.8060328719831844,2.3048734013076357,128,0.29632059997152765,6.370694418889262,3.6312846077534657,all,train
s7,output_lif,23,resetall250,s7,1.0,18.96451839817777,30.451659315834767,3.8060328719831844,2.3048734013076357,128,0.29632059997152765,6.370694418889262,3.6312846077534657,7,train
s7,output_lif,23,resetall250,s7,0.96875,17.341322096391888,24.495907738095237,3.4139260161531033,2.072452175785708,128,0.27095815775612325,5.958311731465225,3.401042846157794,all,val
s7,output_lif,23,resetall250,s7,0.96875,17.341322096391888,24.495907738095237,3.4139260161531033,2.072452175785708,128,0.27095815775612325,5.958311731465225,3.401042846157794,7,val
s7,output_lif,23,resetall250,s7,0.9765625,19.230989065606362,24.845515839041095,3.9792931457479086,2.4105441812018515,128,0.3004842041500994,6.573987921391882,3.7519277785946596,all,test
s7,output_lif,23,resetall250,s7,0.9765625,19.230989065606362,24.845515839041095,3.9792931457479086,2.4105441812018515,128,0.3004842041500994,6.573987921391882,3.7519277785946596,7,test
s7,output_lif,23,reset234,none,1.0,22.099594687390088,35.48570621772806,20.009972396452678,10.385346619743078,128,0.3453061669904701,31.764334578977845,16.237714325704474,all,train
s7,output_lif,23,reset234,none,1.0,22.099594687390088,35.48570621772806,20.009972396452678,10.385346619743078,128,0.3453061669904701,31.764334578977845,16.237714325704474,7,train
s7,output_lif,23,reset234,none,0.9609375,20.178781494162056,28.50403025793651,15.661456961636379,8.187236634184883,128,0.3152934608462821,26.09532406430786,13.401098262507576,all,val
s7,output_lif,23,reset234,none,0.9609375,20.178781494162056,28.50403025793651,15.661456961636379,8.187236634184883,128,0.3152934608462821,26.09532406430786,13.401098262507576,7,val
s7,output_lif,23,reset234,none,0.953125,21.439363817097416,27.698630136986303,17.041933943215707,8.927360479052767,128,0.3349900596421471,27.432007581810744,14.111512224912568,all,test
s7,output_lif,23,reset234,none,0.953125,21.439363817097416,27.698630136986303,17.041933943215707,8.927360479052767,128,0.3349900596421471,27.432007581810744,14.111512224912568,7,test
s7,output_lif,23,reset2345,none,1.0,22.099594687390088,35.48570621772806,20.009972396452678,10.385346619743078,128,0.3453061669904701,31.764334578977845,16.237714325704474,all,train
s7,output_lif,23,reset2345,none,1.0,22.099594687390088,35.48570621772806,20.009972396452678,10.385346619743078,128,0.3453061669904701,31.764334578977845,16.237714325704474,7,train
s7,output_lif,23,reset2345,none,0.9609375,20.178781494162056,28.50403025793651,15.661456961636379,8.187236634184883,128,0.3152934608462821,26.09532406430786,13.401098262507576,all,val
s7,output_lif,23,reset2345,none,0.9609375,20.178781494162056,28.50403025793651,15.661456961636379,8.187236634184883,128,0.3152934608462821,26.09532406430786,13.401098262507576,7,val
s7,output_lif,23,reset2345,none,0.953125,21.439363817097416,27.698630136986303,17.041933943215707,8.927360479052767,128,0.3349900596421471,27.432007581810744,14.111512224912568,all,test
s7,output_lif,23,reset2345,none,0.953125,21.439363817097416,27.698630136986303,17.041933943215707,8.927360479052767,128,0.3349900596421471,27.432007581810744,14.111512224912568,7,test
s7,output_lif,23,reset23456,none,1.0,22.099594687390088,35.48570621772806,20.009972396452678,10.385346619743078,128,0.3453061669904701,31.764334578977845,16.237714325704474,all,train
s7,output_lif,23,reset23456,none,1.0,22.099594687390088,35.48570621772806,20.009972396452678,10.385346619743078,128,0.3453061669904701,31.764334578977845,16.237714325704474,7,train
s7,output_lif,23,reset23456,none,0.9609375,20.178781494162056,28.50403025793651,15.661456961636379,8.187236634184883,128,0.3152934608462821,26.09532406430786,13.401098262507576,all,val
s7,output_lif,23,reset23456,none,0.9609375,20.178781494162056,28.50403025793651,15.661456961636379,8.187236634184883,128,0.3152934608462821,26.09532406430786,13.401098262507576,7,val
s7,output_lif,23,reset23456,none,0.953125,21.439363817097416,27.698630136986303,17.041933943215707,8.927360479052767,128,0.3349900596421471,27.432007581810744,14.111512224912568,all,test
s7,output_lif,23,reset23456,none,0.953125,21.439363817097416,27.698630136986303,17.041933943215707,8.927360479052767,128,0.3349900596421471,27.432007581810744,14.111512224912568,7,test
s7,output_lif,23,reset67,s7,1.0,18.96451839817777,30.451659315834767,3.8060328719831844,2.3048734013076357,128,0.29632059997152765,6.370694418889262,3.6312846077534657,all,train
s7,output_lif,23,reset67,s7,1.0,18.96451839817777,30.451659315834767,3.8060328719831844,2.3048734013076357,128,0.29632059997152765,6.370694418889262,3.6312846077534657,7,train
s7,output_lif,23,reset67,s7,0.96875,17.341322096391888,24.495907738095237,3.4139260161531033,2.072452175785708,128,0.27095815775612325,5.958311731465225,3.401042846157794,all,val
s7,output_lif,23,reset67,s7,0.96875,17.341322096391888,24.495907738095237,3.4139260161531033,2.072452175785708,128,0.27095815775612325,5.958311731465225,3.401042846157794,7,val
s7,output_lif,23,reset67,s7,0.9765625,19.230989065606362,24.845515839041095,3.9792931457479086,2.4105441812018515,128,0.3004842041500994,6.573987921391882,3.7519277785946596,all,test
s7,output_lif,23,reset67,s7,0.9765625,19.230989065606362,24.845515839041095,3.9792931457479086,2.4105441812018515,128,0.3004842041500994,6.573987921391882,3.7519277785946596,7,test
s7,output_lif,23,reset567,s7,1.0,18.96451839817777,30.451659315834767,3.8060328719831844,2.3048734013076357,128,0.29632059997152765,6.370694418889262,3.6312846077534657,all,train
s7,output_lif,23,reset567,s7,1.0,18.96451839817777,30.451659315834767,3.8060328719831844,2.3048734013076357,128,0.29632059997152765,6.370694418889262,3.6312846077534657,7,train
s7,output_lif,23,reset567,s7,0.96875,17.341322096391888,24.495907738095237,3.4139260161531033,2.072452175785708,128,0.27095815775612325,5.958311731465225,3.401042846157794,all,val
s7,output_lif,23,reset567,s7,0.96875,17.341322096391888,24.495907738095237,3.4139260161531033,2.072452175785708,128,0.27095815775612325,5.958311731465225,3.401042846157794,7,val
s7,output_lif,23,reset567,s7,0.9765625,19.230989065606362,24.845515839041095,3.9792931457479086,2.4105441812018515,128,0.3004842041500994,6.573987921391882,3.7519277785946596,all,test
s7,output_lif,23,reset567,s7,0.9765625,19.230989065606362,24.845515839041095,3.9792931457479086,2.4105441812018515,128,0.3004842041500994,6.573987921391882,3.7519277785946596,7,test
s7,output_lif,101,normal,none,0.9921875,24.866096102634533,39.92792598967298,21.176689134021135,10.998976774080091,128,0.3885327516036646,33.516932470852424,17.144166293672704,all,train
s7,output_lif,101,normal,none,0.9921875,24.866096102634533,39.92792598967298,21.176689134021135,10.998976774080091,128,0.3885327516036646,33.516932470852424,17.144166293672704,7,train
s7,output_lif,101,normal,none,0.96875,23.44649284522869,33.11991567460318,16.258590938021246,8.515244354095339,128,0.3663514507066983,26.812997521699703,13.787472382477082,all,val
s7,output_lif,101,normal,none,0.96875,23.44649284522869,33.11991567460318,16.258590938021246,8.515244354095339,128,0.3663514507066983,26.812997521699703,13.787472382477082,7,val
s7,output_lif,101,normal,none,0.96875,23.682612657389,30.596800085616437,17.968825393990226,9.417331136876657,128,0.37004082277170314,28.814037686686813,14.831619354432766,all,test
s7,output_lif,101,normal,none,0.96875,23.682612657389,30.596800085616437,17.968825393990226,9.417331136876657,128,0.37004082277170314,28.814037686686813,14.831619354432766,7,test
s7,output_lif,101,resetall250,s7,1.0,22.018046460214045,35.35476280120482,3.994448901249016,2.4358406926218867,128,0.34403197594084445,6.679452833021489,3.825524891898651,all,train
s7,output_lif,101,resetall250,s7,1.0,22.018046460214045,35.35476280120482,3.994448901249016,2.4358406926218867,128,0.34403197594084445,6.679452833021489,3.825524891898651,7,train
s7,output_lif,101,resetall250,s7,0.984375,20.686155736985338,29.220734126984127,3.494218297340005,2.144668076771135,128,0.3232211833903959,6.086756952322515,3.4972472934260237,all,val
s7,output_lif,101,resetall250,s7,0.984375,20.686155736985338,29.220734126984127,3.494218297340005,2.144668076771135,128,0.3232211833903959,6.086756952322515,3.4972472934260237,7,val
s7,output_lif,101,resetall250,s7,0.96875,21.923873426110006,28.32459332191781,4.184673008498488,2.5471345915393058,128,0.34256052228296885,6.918446436033316,3.9622155331156255,all,test
s7,output_lif,101,resetall250,s7,0.96875,21.923873426110006,28.32459332191781,4.184673008498488,2.5471345915393058,128,0.34256052228296885,6.918446436033316,3.9622155331156255,7,test
s7,output_lif,101,reset234,none,0.9921875,24.866096102634533,39.92792598967298,21.176689134021135,10.998976774080091,128,0.3885327516036646,33.516932470852424,17.144166293672704,all,train
s7,output_lif,101,reset234,none,0.9921875,24.866096102634533,39.92792598967298,21.176689134021135,10.998976774080091,128,0.3885327516036646,33.516932470852424,17.144166293672704,7,train
s7,output_lif,101,reset234,none,0.96875,23.44649284522869,33.11991567460318,16.258590938021246,8.515244354095339,128,0.3663514507066983,26.812997521699703,13.787472382477082,all,val
s7,output_lif,101,reset234,none,0.96875,23.44649284522869,33.11991567460318,16.258590938021246,8.515244354095339,128,0.3663514507066983,26.812997521699703,13.787472382477082,7,val
s7,output_lif,101,reset234,none,0.96875,23.682612657389,30.596800085616437,17.968825393990226,9.417331136876657,128,0.37004082277170314,28.814037686686813,14.831619354432766,all,test
s7,output_lif,101,reset234,none,0.96875,23.682612657389,30.596800085616437,17.968825393990226,9.417331136876657,128,0.37004082277170314,28.814037686686813,14.831619354432766,7,test
s7,output_lif,101,reset2345,none,0.9921875,24.866096102634533,39.92792598967298,21.176689134021135,10.998976774080091,128,0.3885327516036646,33.516932470852424,17.144166293672704,all,train
s7,output_lif,101,reset2345,none,0.9921875,24.866096102634533,39.92792598967298,21.176689134021135,10.998976774080091,128,0.3885327516036646,33.516932470852424,17.144166293672704,7,train
s7,output_lif,101,reset2345,none,0.96875,23.44649284522869,33.11991567460318,16.258590938021246,8.515244354095339,128,0.3663514507066983,26.812997521699703,13.787472382477082,all,val
s7,output_lif,101,reset2345,none,0.96875,23.44649284522869,33.11991567460318,16.258590938021246,8.515244354095339,128,0.3663514507066983,26.812997521699703,13.787472382477082,7,val
s7,output_lif,101,reset2345,none,0.96875,23.682612657389,30.596800085616437,17.968825393990226,9.417331136876657,128,0.37004082277170314,28.814037686686813,14.831619354432766,all,test
s7,output_lif,101,reset2345,none,0.96875,23.682612657389,30.596800085616437,17.968825393990226,9.417331136876657,128,0.37004082277170314,28.814037686686813,14.831619354432766,7,test
s7,output_lif,101,reset23456,none,0.9921875,24.866096102634533,39.92792598967298,21.176689134021135,10.998976774080091,128,0.3885327516036646,33.516932470852424,17.144166293672704,all,train
s7,output_lif,101,reset23456,none,0.9921875,24.866096102634533,39.92792598967298,21.176689134021135,10.998976774080091,128,0.3885327516036646,33.516932470852424,17.144166293672704,7,train
s7,output_lif,101,reset23456,none,0.96875,23.44649284522869,33.11991567460318,16.258590938021246,8.515244354095339,128,0.3663514507066983,26.812997521699703,13.787472382477082,all,val
s7,output_lif,101,reset23456,none,0.96875,23.44649284522869,33.11991567460318,16.258590938021246,8.515244354095339,128,0.3663514507066983,26.812997521699703,13.787472382477082,7,val
s7,output_lif,101,reset23456,none,0.96875,23.682612657389,30.596800085616437,17.968825393990226,9.417331136876657,128,0.37004082277170314,28.814037686686813,14.831619354432766,all,test
s7,output_lif,101,reset23456,none,0.96875,23.682612657389,30.596800085616437,17.968825393990226,9.417331136876657,128,0.37004082277170314,28.814037686686813,14.831619354432766,7,test
s7,output_lif,101,reset67,s7,1.0,22.018046460214045,35.35476280120482,3.994448901249016,2.4358406926218867,128,0.34403197594084445,6.679452833021489,3.825524891898651,all,train
s7,output_lif,101,reset67,s7,1.0,22.018046460214045,35.35476280120482,3.994448901249016,2.4358406926218867,128,0.34403197594084445,6.679452833021489,3.825524891898651,7,train
s7,output_lif,101,reset67,s7,0.984375,20.686155736985338,29.220734126984127,3.494218297340005,2.144668076771135,128,0.3232211833903959,6.086756952322515,3.4972472934260237,all,val
s7,output_lif,101,reset67,s7,0.984375,20.686155736985338,29.220734126984127,3.494218297340005,2.144668076771135,128,0.3232211833903959,6.086756952322515,3.4972472934260237,7,val
s7,output_lif,101,reset67,s7,0.96875,21.923873426110006,28.32459332191781,4.184673008498488,2.5471345915393058,128,0.34256052228296885,6.918446436033316,3.9622155331156255,all,test
s7,output_lif,101,reset67,s7,0.96875,21.923873426110006,28.32459332191781,4.184673008498488,2.5471345915393058,128,0.34256052228296885,6.918446436033316,3.9622155331156255,7,test
s7,output_lif,101,reset567,s7,1.0,22.018046460214045,35.35476280120482,3.994448901249016,2.4358406926218867,128,0.34403197594084445,6.679452833021489,3.825524891898651,all,train
s7,output_lif,101,reset567,s7,1.0,22.018046460214045,35.35476280120482,3.994448901249016,2.4358406926218867,128,0.34403197594084445,6.679452833021489,3.825524891898651,7,train
s7,output_lif,101,reset567,s7,0.984375,20.686155736985338,29.220734126984127,3.494218297340005,2.144668076771135,128,0.3232211833903959,6.086756952322515,3.4972472934260237,all,val
s7,output_lif,101,reset567,s7,0.984375,20.686155736985338,29.220734126984127,3.494218297340005,2.144668076771135,128,0.3232211833903959,6.086756952322515,3.4972472934260237,7,val
s7,output_lif,101,reset567,s7,0.96875,21.923873426110006,28.32459332191781,4.184673008498488,2.5471345915393058,128,0.34256052228296885,6.918446436033316,3.9622155331156255,all,test
s7,output_lif,101,reset567,s7,0.96875,21.923873426110006,28.32459332191781,4.184673008498488,2.5471345915393058,128,0.34256052228296885,6.918446436033316,3.9622155331156255,7,test
s234567,hidden_count_linear,11,normal,none,1.0,20.044802117004707,32.1862898020654,7.688751947007889,4.075287052816253,128,0.31320003307819855,15.058039674728462,7.7256821259172535,all,train
s234567,hidden_count_linear,11,normal,none,1.0,15.915344173136392,25.555546862775778,1.1955031921032557,0.7353305421779386,22,0.24867725270525612,1.837479064765196,1.0610586019878818,2,train
s234567,hidden_count_linear,11,normal,none,1.0,21.90705564554527,35.176542906319156,3.360549223709113,1.87979992774238,21,0.34229774446164485,5.1849255236708585,2.77612123316078,3,train
s234567,hidden_count_linear,11,normal,none,1.0,17.274758403537273,27.738382099827884,4.898573550042389,2.624944695206034,21,0.2699181000552699,7.682152380959863,3.968594134201223,4,train
s234567,hidden_count_linear,11,normal,none,1.0,23.962706773633467,38.477337923121055,7.420036395987708,3.9638775703893696,21,0.3744172933380229,12.275329527092946,6.364676548776136,5,train
s234567,hidden_count_linear,11,normal,none,1.0,23.52552424657873,37.77534628309155,12.96290386705874,6.792755814704665,21,0.36758631635279265,20.745822306502358,10.645141526924688,6,train
s234567,hidden_count_linear,11,normal,none,1.0,17.97846148692783,28.868330464716006,16.1989004639322,8.40775255528132,22,0.28091346073324736,26.061655844185683,13.3008560251369,7,train
s234567,hidden_count_linear,11,normal,none,0.984375,18.70042138530419,26.415736607142858,6.264620231981389,3.353002095952945,128,0.29219408414537795,12.726852931201723,6.56516073559164,all,val
s234567,hidden_count_linear,11,normal,none,1.0,13.808668725708493,19.505772005772005,1.0777043878340955,0.6601765448799292,22,0.2157604488391952,1.7106217862623259,0.9861902319603139,2,val
s234567,hidden_count_linear,11,normal,none,1.0,20.641191249566283,29.157218442932727,2.980985928740735,1.6824052562382166,21,0.3225186132744732,4.889602309269846,2.626637873724404,3,val
s234567,hidden_count_linear,11,normal,none,1.0,17.274389555664246,24.401360544217688,4.179985974725242,2.2679368319182647,21,0.26991233680725385,6.846636798326799,3.5659796400122543,4,val
s234567,hidden_count_linear,11,normal,none,1.0,22.195634816124677,31.352985638699923,6.110144913904461,3.2980488459978847,21,0.3468067940019481,10.655645070219727,5.556449213482747,5,val
s234567,hidden_count_linear,11,normal,none,1.0,21.561817809381676,30.45767195767196,10.389913089281011,5.491312585959676,21,0.3369034032715887,17.733395926215376,9.145597643924264,6,val
s234567,hidden_count_linear,11,normal,none,0.9090909090909091,17.033160150357936,24.060606060606062,12.785466596435782,6.6875748198338405,22,0.26614312734934276,21.52516904396085,11.034682404511225,7,val
s234567,hidden_count_linear,11,normal,none,0.984375,19.615722332670643,25.342572773972602,6.928181885250994,3.7078809693919816,128,0.3064956614479788,13.420284833073714,6.92863789688527,all,test
s234567,hidden_count_linear,11,normal,none,1.0,16.288692089884933,21.04420921544209,1.2240704682887524,0.7553824337356543,22,0.25451081390445207,1.8592592256837825,1.0780243489056236,2,test
s234567,hidden_count_linear,11,normal,none,1.0,22.56076240966897,29.147423352902806,3.4766914386695698,1.9536121410179794,21,0.3525119126510777,5.299119133206664,2.8509516663608405,3,test
s234567,hidden_count_linear,11,normal,none,1.0,16.54201773486068,21.371493803000654,4.838251400574726,2.60333811860977,21,0.2584690271071981,7.579605660727704,3.9255252330239134,4,test
s234567,hidden_count_linear,11,normal,none,1.0,22.654422670327243,29.26842791911285,6.722760350101771,3.6229119269995107,21,0.35397535422386317,11.335853991815206,5.911680761467963,5,test
s234567,hidden_count_linear,11,normal,none,1.0,21.963709804664077,28.376060013046313,11.156943384336836,5.90046064140948,21,0.3431829656978762,18.283436376284577,9.435407066854388,6,test
s234567,hidden_count_linear,11,normal,none,0.9090909090909091,17.92373034520152,23.156600249066003,14.08136950079824,7.377433963924784,22,0.28005828664377375,22.82603732250045,11.719138192156684,7,test
s234567,hidden_count_linear,11,resetall250,s234567,1.0,16.84297486056911,27.045059703098108,2.2051946118126855,1.3722534987260706,128,0.26317148219639236,3.997997076815431,2.2947378629746304,all,train
s234567,hidden_count_linear,11,resetall250,s234567,1.0,14.198012415172881,22.79799718353935,0.9109276127018759,0.6138674161854023,22,0.22184394398707627,1.4742050044719854,0.9090406010737221,2,train
s234567,hidden_count_linear,11,resetall250,s234567,1.0,19.27400711570072,30.948610769609047,1.9511810950618378,1.2354655312809297,21,0.30115636118282374,3.283358464927394,1.9125029444326724,3,train
s234567,hidden_count_linear,11,resetall250,s234567,1.0,13.942779302418876,22.388164904516024,2.079907152746707,1.2750175061231555,21,0.21785592660029493,3.5838954451998744,2.0262142107142447,4,train
s234567,hidden_count_linear,11,resetall250,s234567,1.0,19.806282584717273,31.803294811900663,2.223654605585849,1.4103608235295055,21,0.3094731653862074,4.004626328413649,2.3364912033511414,5,train
s234567,hidden_count_linear,11,resetall250,s234567,1.0,19.73038177704297,31.681419555774117,2.9323881322840823,1.8139667110500723,21,0.30828721526629643,5.0693967121701125,2.9127317628204237,6,train
s234567,hidden_count_linear,11,resetall250,s234567,1.0,14.351001938253015,23.04365514004068,3.149761591453416,1.896015504501528,22,0.22423440528520336,5.332428748856055,3.015194983958478,7,train
s234567,hidden_count_linear,11,resetall250,s234567,1.0,15.680361689052761,22.14967757936508,1.9693496030309017,1.2322730458805198,128,0.2450056513914494,3.751814773181883,2.1586167867529475,all,val
s234567,hidden_count_linear,11,resetall250,s234567,1.0,12.29576779115889,17.36868686868687,0.8242931645597401,0.5519886238936641,22,0.19212137173685764,1.3747658620033472,0.845543783107488,2,val
s234567,hidden_count_linear,11,resetall250,s234567,1.0,18.10645831504404,25.576719576719576,1.7520554552257213,1.1177028334817378,21,0.28291341117256313,3.1257770102228286,1.8243040731813724,3,val
s234567,hidden_count_linear,11,resetall250,s234567,1.0,13.833745103695064,19.54119425547997,1.8253367320064713,1.133307388665237,21,0.21615226724523537,3.2892355981780645,1.8749142473837845,4,val
s234567,hidden_count_linear,11,resetall250,s234567,1.0,18.351263110810123,25.922524565381707,1.9554286017365423,1.2495105001442242,21,0.2867384861064082,3.689543045498622,2.1600917187589057,5,val
s234567,hidden_count_linear,11,resetall250,s234567,1.0,18.28116599989131,25.823507180650036,2.63598115262258,1.6369374213560413,21,0.28564321874830173,4.813167022642861,2.769029086704323,6,val
s234567,hidden_count_linear,11,resetall250,s234567,1.0,13.47973280340939,19.041125541125542,2.8362485634591903,1.7136627500977646,22,0.21062082505327173,5.024561980390704,2.8443596573710512,7,val
s234567,hidden_count_linear,11,resetall250,s234567,0.9765625,17.077741882041085,22.063623715753426,2.2859738945881998,1.4228975512161406,128,0.26683971690689195,4.100416925798451,2.354977791922648,all,test
s234567,hidden_count_linear,11,resetall250,s234567,0.9545454545454546,14.665702753177902,18.947384806973847,0.9361656469798633,0.6328600735195833,22,0.22915160551840472,1.4957800409861106,0.9256185344888455,2,test
s234567,hidden_count_linear,11,resetall250,s234567,1.0,20.292214964183156,26.216568819308545,2.0585801288499166,1.3066874515555478,21,0.3170658588153618,3.3974746892737455,1.9865858253554918,3,test
s234567,hidden_count_linear,11,resetall250,s234567,1.0,13.81299504559942,17.8457273320287,2.166407849406537,1.3253860086011708,21,0.21582804758749094,3.6796910276708643,2.077733030926368,4,test
s234567,hidden_count_linear,11,resetall250,s234567,1.0,19.72116507305374,25.47879973907371,2.24837308921767,1.4275321995359194,21,0.3081432042664647,4.0360791151079205,2.35683402173735,5,test
s234567,hidden_count_linear,11,resetall250,s234567,1.0,19.145318564801666,24.734833659491194,2.988549358610243,1.845106460073882,21,0.29914560257502604,5.143410183861325,2.953338311722242,6,test
s234567,hidden_count_linear,11,resetall250,s234567,0.9090909090909091,15.040906078679438,19.432129514321296,3.332223750301223,2.009501466579312,22,0.23501415747936621,5.553528377959448,3.1455674454522176,7,test
s234567,hidden_count_linear,11,reset234,s234,1.0,18.77099837539987,30.14092082616179,6.946178120341836,3.7272271388823754,128,0.29329684961562297,14.707853010365548,7.553806625524416,all,train
s234567,hidden_count_linear,11,reset234,s234,1.0,14.198012415172881,22.79799718353935,0.9109276127018759,0.6138674161854023,22,0.22184394398707627,1.4742050044719854,0.9090406010737221,2,train
s234567,hidden_count_linear,11,reset234,s234,1.0,19.27400711570072,30.948610769609047,1.9511810950618378,1.2354655312809297,21,0.30115636118282374,3.283358464927394,1.9125029444326724,3,train
s234567,hidden_count_linear,11,reset234,s234,1.0,13.942779302418876,22.388164904516024,2.079907152746707,1.2750175061231555,21,0.21785592660029493,3.5838954451998744,2.0262142107142447,4,train
s234567,hidden_count_linear,11,reset234,s234,1.0,23.962706773633467,38.477337923121055,7.420036395987708,3.9638775703893696,21,0.3744172933380229,12.275329527092946,6.364676548776136,5,train
s234567,hidden_count_linear,11,reset234,s234,1.0,23.52552424657873,37.77534628309155,12.96290386705874,6.792755814704665,21,0.36758631635279265,20.745822306502358,10.645141526924688,6,train
s234567,hidden_count_linear,11,reset234,s234,1.0,17.97846148692783,28.868330464716006,16.1989004639322,8.40775255528132,22,0.28091346073324736,26.061655844185683,13.3008560251369,7,train
s234567,hidden_count_linear,11,reset234,s234,0.984375,17.460056184707224,24.66362847222222,5.633134162935651,3.0556109949741024,128,0.27281337788605037,12.391914847792627,6.400128698172683,all,val
s234567,hidden_count_linear,11,reset234,s234,1.0,12.29576779115889,17.36868686868687,0.8242931645597401,0.5519886238936641,22,0.19212137173685764,1.3747658620033472,0.845543783107488,2,val
s234567,hidden_count_linear,11,reset234,s234,1.0,18.10645831504404,25.576719576719576,1.7520554552257213,1.1177028334817378,21,0.28291341117256313,3.1257770102228286,1.8243040731813724,3,val
s234567,hidden_count_linear,11,reset234,s234,1.0,13.833745103695064,19.54119425547997,1.8253367320064713,1.133307388665237,21,0.21615226724523537,3.2892355981780645,1.8749142473837845,4,val
s234567,hidden_count_linear,11,reset234,s234,1.0,22.195634816124677,31.352985638699923,6.110144913904461,3.2980488459978847,21,0.3468067940019481,10.655645070219727,5.556449213482747,5,val
s234567,hidden_count_linear,11,reset234,s234,1.0,21.561817809381676,30.45767195767196,10.389913089281011,5.491312585959676,21,0.3369034032715887,17.733395926215376,9.145597643924264,6,val
s234567,hidden_count_linear,11,reset234,s234,0.9090909090909091,17.033160150357936,24.060606060606062,12.785466596435782,6.6875748198338405,22,0.26614312734934276,21.52516904396085,11.034682404511225,7,val
s234567,hidden_count_linear,11,reset234,s234,0.9765625,18.51685719019218,23.92289169520548,6.207690138466078,3.3710220771723822,128,0.2893258935967528,13.037530017209376,6.7414848994920025,all,test
s234567,hidden_count_linear,11,reset234,s234,0.9545454545454546,14.665702753177902,18.947384806973847,0.9361656469798633,0.6328600735195833,22,0.22915160551840472,1.4957800409861106,0.9256185344888455,2,test
s234567,hidden_count_linear,11,reset234,s234,1.0,20.292214964183156,26.216568819308545,2.0585801288499166,1.3066874515555478,21,0.3170658588153618,3.3974746892737455,1.9865858253554918,3,test
s234567,hidden_count_linear,11,reset234,s234,1.0,13.81299504559942,17.8457273320287,2.166407849406537,1.3253860086011708,21,0.21582804758749094,3.6796910276708643,2.077733030926368,4,test
s234567,hidden_count_linear,11,reset234,s234,1.0,22.654422670327243,29.26842791911285,6.722760350101771,3.6229119269995107,21,0.35397535422386317,11.335853991815206,5.911680761467963,5,test
s234567,hidden_count_linear,11,reset234,s234,1.0,21.963709804664077,28.376060013046313,11.156943384336836,5.90046064140948,21,0.3431829656978762,18.283436376284577,9.435407066854388,6,test
s234567,hidden_count_linear,11,reset234,s234,0.9090909090909091,17.92373034520152,23.156600249066003,14.08136950079824,7.377433963924784,22,0.28005828664377375,22.82603732250045,11.719138192156684,7,test
s234567,hidden_count_linear,11,reset2345,s2345,1.0,18.089085031905807,29.045960628227196,6.093646957747835,3.30829093662594,128,0.28264195362352823,13.936659033672735,7.163073165352346,all,train
s234567,hidden_count_linear,11,reset2345,s2345,1.0,14.198012415172881,22.79799718353935,0.9109276127018759,0.6138674161854023,22,0.22184394398707627,1.4742050044719854,0.9090406010737221,2,train
s234567,hidden_count_linear,11,reset2345,s2345,1.0,19.27400711570072,30.948610769609047,1.9511810950618378,1.2354655312809297,21,0.30115636118282374,3.283358464927394,1.9125029444326724,3,train
s234567,hidden_count_linear,11,reset2345,s2345,1.0,13.942779302418876,22.388164904516024,2.079907152746707,1.2750175061231555,21,0.21785592660029493,3.5838954451998744,2.0262142107142447,4,train
s234567,hidden_count_linear,11,reset2345,s2345,1.0,19.806282584717273,31.803294811900663,2.223654605585849,1.4103608235295055,21,0.3094731653862074,4.004626328413649,2.3364912033511414,5,train
s234567,hidden_count_linear,11,reset2345,s2345,1.0,23.52552424657873,37.77534628309155,12.96290386705874,6.792755814704665,21,0.36758631635279265,20.745822306502358,10.645141526924688,6,train
s234567,hidden_count_linear,11,reset2345,s2345,1.0,17.97846148692783,28.868330464716006,16.1989004639322,8.40775255528132,22,0.28091346073324736,26.061655844185683,13.3008560251369,7,train
s234567,hidden_count_linear,11,reset2345,s2345,0.984375,16.829338951804054,23.772693452380953,4.951500567882539,2.7195224368470723,128,0.26295842112193835,11.711736345994249,6.054904950328313,all,val
s234567,hidden_count_linear,11,reset2345,s2345,1.0,12.29576779115889,17.36868686868687,0.8242931645597401,0.5519886238936641,22,0.19212137173685764,1.3747658620033472,0.845543783107488,2,val
s234567,hidden_count_linear,11,reset2345,s2345,1.0,18.10645831504404,25.576719576719576,1.7520554552257213,1.1177028334817378,21,0.28291341117256313,3.1257770102228286,1.8243040731813724,3,val
s234567,hidden_count_linear,11,reset2345,s2345,1.0,13.833745103695064,19.54119425547997,1.8253367320064713,1.133307388665237,21,0.21615226724523537,3.2892355981780645,1.8749142473837845,4,val
s234567,hidden_count_linear,11,reset2345,s2345,1.0,18.351263110810123,25.922524565381707,1.9554286017365423,1.2495105001442242,21,0.2867384861064082,3.689543045498622,2.1600917187589057,5,val
s234567,hidden_count_linear,11,reset2345,s2345,1.0,21.561817809381676,30.45767195767196,10.389913089281011,5.491312585959676,21,0.3369034032715887,17.733395926215376,9.145597643924264,6,val
s234567,hidden_count_linear,11,reset2345,s2345,0.9090909090909091,17.033160150357936,24.060606060606062,12.785466596435782,6.6875748198338405,22,0.26614312734934276,21.52516904396085,11.034682404511225,7,val
s234567,hidden_count_linear,11,reset2345,s2345,0.9765625,18.035619615639497,23.30115582191781,5.473610809103711,3.010842497100729,128,0.28180655649436714,12.311272899648744,6.373796018826797,all,test
s234567,hidden_count_linear,11,reset2345,s2345,0.9545454545454546,14.665702753177902,18.947384806973847,0.9361656469798633,0.6328600735195833,22,0.22915160551840472,1.4957800409861106,0.9256185344888455,2,test
s234567,hidden_count_linear,11,reset2345,s2345,1.0,20.292214964183156,26.216568819308545,2.0585801288499166,1.3066874515555478,21,0.3170658588153618,3.3974746892737455,1.9865858253554918,3,test
s234567,hidden_count_linear,11,reset2345,s2345,1.0,13.81299504559942,17.8457273320287,2.166407849406537,1.3253860086011708,21,0.21582804758749094,3.6796910276708643,2.077733030926368,4,test
s234567,hidden_count_linear,11,reset2345,s2345,1.0,19.72116507305374,25.47879973907371,2.24837308921767,1.4275321995359194,21,0.3081432042664647,4.0360791151079205,2.35683402173735,5,test
s234567,hidden_count_linear,11,reset2345,s2345,1.0,21.963709804664077,28.376060013046313,11.156943384336836,5.90046064140948,21,0.3431829656978762,18.283436376284577,9.435407066854388,6,test
s234567,hidden_count_linear,11,reset2345,s2345,0.9090909090909091,17.92373034520152,23.156600249066003,14.08136950079824,7.377433963924784,22,0.28005828664377375,22.82603732250045,11.719138192156684,7,test
s234567,hidden_count_linear,11,reset23456,s23456,1.0,17.466444470497596,28.046175774526677,4.448015478189324,2.4914582879729346,128,0.27291319485152493,11.306456024631991,5.840387156525479,all,train
s234567,hidden_count_linear,11,reset23456,s23456,1.0,14.198012415172881,22.79799718353935,0.9109276127018759,0.6138674161854023,22,0.22184394398707627,1.4742050044719854,0.9090406010737221,2,train
s234567,hidden_count_linear,11,reset23456,s23456,1.0,19.27400711570072,30.948610769609047,1.9511810950618378,1.2354655312809297,21,0.30115636118282374,3.283358464927394,1.9125029444326724,3,train
s234567,hidden_count_linear,11,reset23456,s23456,1.0,13.942779302418876,22.388164904516024,2.079907152746707,1.2750175061231555,21,0.21785592660029493,3.5838954451998744,2.0262142107142447,4,train
s234567,hidden_count_linear,11,reset23456,s23456,1.0,19.806282584717273,31.803294811900663,2.223654605585849,1.4103608235295055,21,0.3094731653862074,4.004626328413649,2.3364912033511414,5,train
s234567,hidden_count_linear,11,reset23456,s23456,1.0,19.73038177704297,31.681419555774117,2.9323881322840823,1.8139667110500723,21,0.30828721526629643,5.0693967121701125,2.9127317628204237,6,train
s234567,hidden_count_linear,11,reset23456,s23456,1.0,17.97846148692783,28.868330464716006,16.1989004639322,8.40775255528132,22,0.28091346073324736,26.061655844185683,13.3008560251369,7,train
s234567,hidden_count_linear,11,reset23456,s23456,0.984375,16.291107014309542,23.012400793650794,3.679371323852164,2.087164140000878,128,0.2545485470985866,9.453690105249512,4.9190770076097445,all,val
s234567,hidden_count_linear,11,reset23456,s23456,1.0,12.29576779115889,17.36868686868687,0.8242931645597401,0.5519886238936641,22,0.19212137173685764,1.3747658620033472,0.845543783107488,2,val
s234567,hidden_count_linear,11,reset23456,s23456,1.0,18.10645831504404,25.576719576719576,1.7520554552257213,1.1177028334817378,21,0.28291341117256313,3.1257770102228286,1.8243040731813724,3,val
s234567,hidden_count_linear,11,reset23456,s23456,1.0,13.833745103695064,19.54119425547997,1.8253367320064713,1.133307388665237,21,0.21615226724523537,3.2892355981780645,1.8749142473837845,4,val
s234567,hidden_count_linear,11,reset23456,s23456,1.0,18.351263110810123,25.922524565381707,1.9554286017365423,1.2495105001442242,21,0.2867384861064082,3.689543045498622,2.1600917187589057,5,val
s234567,hidden_count_linear,11,reset23456,s23456,1.0,18.28116599989131,25.823507180650036,2.63598115262258,1.6369374213560413,21,0.28564321874830173,4.813167022642861,2.769029086704323,6,val
s234567,hidden_count_linear,11,reset23456,s23456,0.9090909090909091,17.033160150357936,24.060606060606062,12.785466596435782,6.6875748198338405,22,0.26614312734934276,21.52516904396085,11.034682404511225,7,val
s234567,hidden_count_linear,11,reset23456,s23456,0.9765625,17.57322730284957,22.703767123287673,4.133483644034232,2.345511161546347,128,0.27458167660702454,10.053068607996556,5.23930204461625,all,test
s234567,hidden_count_linear,11,reset23456,s23456,0.9545454545454546,14.665702753177902,18.947384806973847,0.9361656469798633,0.6328600735195833,22,0.22915160551840472,1.4957800409861106,0.9256185344888455,2,test
s234567,hidden_count_linear,11,reset23456,s23456,1.0,20.292214964183156,26.216568819308545,2.0585801288499166,1.3066874515555478,21,0.3170658588153618,3.3974746892737455,1.9865858253554918,3,test
s234567,hidden_count_linear,11,reset23456,s23456,1.0,13.81299504559942,17.8457273320287,2.166407849406537,1.3253860086011708,21,0.21582804758749094,3.6796910276708643,2.077733030926368,4,test
s234567,hidden_count_linear,11,reset23456,s23456,1.0,19.72116507305374,25.47879973907371,2.24837308921767,1.4275321995359194,21,0.3081432042664647,4.0360791151079205,2.35683402173735,5,test
s234567,hidden_count_linear,11,reset23456,s23456,1.0,19.145318564801666,24.734833659491194,2.988549358610243,1.845106460073882,21,0.29914560257502604,5.143410183861325,2.953338311722242,6,test
s234567,hidden_count_linear,11,reset23456,s23456,0.9090909090909091,17.92373034520152,23.156600249066003,14.08136950079824,7.377433963924784,22,0.28005828664377375,22.82603732250045,11.719138192156684,7,test
s234567,hidden_count_linear,11,reset67,s67,1.0,18.79869194566801,30.185388876936315,3.8002992412426515,2.139249778475514,128,0.2937295616510627,6.964056379376118,3.6935576900168994,all,train
s234567,hidden_count_linear,11,reset67,s67,1.0,15.915344173136392,25.555546862775778,1.1955031921032557,0.7353305421779386,22,0.24867725270525612,1.837479064765196,1.0610586019878818,2,train
s234567,hidden_count_linear,11,reset67,s67,1.0,21.90705564554527,35.176542906319156,3.360549223709113,1.87979992774238,21,0.34229774446164485,5.1849255236708585,2.77612123316078,3,train
s234567,hidden_count_linear,11,reset67,s67,1.0,17.274758403537273,27.738382099827884,4.898573550042389,2.624944695206034,21,0.2699181000552699,7.682152380959863,3.968594134201223,4,train
s234567,hidden_count_linear,11,reset67,s67,1.0,23.962706773633467,38.477337923121055,7.420036395987708,3.9638775703893696,21,0.3744172933380229,12.275329527092946,6.364676548776136,5,train
s234567,hidden_count_linear,11,reset67,s67,1.0,19.73038177704297,31.681419555774117,2.9323881322840823,1.8139667110500723,21,0.30828721526629643,5.0693967121701125,2.9127317628204237,6,train
s234567,hidden_count_linear,11,reset67,s67,1.0,14.351001938253015,23.04365514004068,3.149761591453416,1.896015504501528,22,0.22423440528520336,5.332428748856055,3.015194983958478,7,train
s234567,hidden_count_linear,11,reset67,s67,1.0,17.551444122552894,24.792720734126984,3.282468752743394,1.8657527049863927,128,0.27424131441488897,6.235713634231149,3.331529989927499,all,val
s234567,hidden_count_linear,11,reset67,s67,1.0,13.808668725708493,19.505772005772005,1.0777043878340955,0.6601765448799292,22,0.2157604488391952,1.7106217862623259,0.9861902319603139,2,val
s234567,hidden_count_linear,11,reset67,s67,1.0,20.641191249566283,29.157218442932727,2.980985928740735,1.6824052562382166,21,0.3225186132744732,4.889602309269846,2.626637873724404,3,val
s234567,hidden_count_linear,11,reset67,s67,1.0,17.274389555664246,24.401360544217688,4.179985974725242,2.2679368319182647,21,0.26991233680725385,6.846636798326799,3.5659796400122543,4,val
s234567,hidden_count_linear,11,reset67,s67,1.0,22.195634816124677,31.352985638699923,6.110144913904461,3.2980488459978847,21,0.3468067940019481,10.655645070219727,5.556449213482747,5,val
s234567,hidden_count_linear,11,reset67,s67,1.0,18.28116599989131,25.823507180650036,2.63598115262258,1.6369374213560413,21,0.28564321874830173,4.813167022642861,2.769029086704323,6,val
s234567,hidden_count_linear,11,reset67,s67,1.0,13.47973280340939,19.041125541125542,2.8362485634591903,1.7136627500977646,22,0.21062082505327173,5.024561980390704,2.8443596573710512,7,val
s234567,hidden_count_linear,11,reset67,s67,0.984375,18.657844599072234,24.10504066780822,3.740544849393224,2.1199357605991653,128,0.29152882186050366,6.734241434726609,3.5953670827685245,all,test
s234567,hidden_count_linear,11,reset67,s67,1.0,16.288692089884933,21.04420921544209,1.2240704682887524,0.7553824337356543,22,0.25451081390445207,1.8592592256837825,1.0780243489056236,2,test
s234567,hidden_count_linear,11,reset67,s67,1.0,22.56076240966897,29.147423352902806,3.4766914386695698,1.9536121410179794,21,0.3525119126510777,5.299119133206664,2.8509516663608405,3,test
s234567,hidden_count_linear,11,reset67,s67,1.0,16.54201773486068,21.371493803000654,4.838251400574726,2.60333811860977,21,0.2584690271071981,7.579605660727704,3.9255252330239134,4,test
s234567,hidden_count_linear,11,reset67,s67,1.0,22.654422670327243,29.26842791911285,6.722760350101771,3.6229119269995107,21,0.35397535422386317,11.335853991815206,5.911680761467963,5,test
s234567,hidden_count_linear,11,reset67,s67,1.0,19.145318564801666,24.734833659491194,2.988549358610243,1.845106460073882,21,0.29914560257502604,5.143410183861325,2.953338311722242,6,test
s234567,hidden_count_linear,11,reset67,s67,0.9090909090909091,15.040906078679438,19.432129514321296,3.332223750301223,2.009501466579312,22,0.23501415747936621,5.553528377959448,3.1455674454522176,7,test
s234567,hidden_count_linear,11,reset567,s567,1.0,18.116778602173948,29.09042867900172,2.947768013224999,1.7203135598631651,128,0.28307466565896794,5.13883365515506,2.8092689139598392,all,train
s234567,hidden_count_linear,11,reset567,s567,1.0,15.915344173136392,25.555546862775778,1.1955031921032557,0.7353305421779386,22,0.24867725270525612,1.837479064765196,1.0610586019878818,2,train
s234567,hidden_count_linear,11,reset567,s567,1.0,21.90705564554527,35.176542906319156,3.360549223709113,1.87979992774238,21,0.34229774446164485,5.1849255236708585,2.77612123316078,3,train
s234567,hidden_count_linear,11,reset567,s567,1.0,17.274758403537273,27.738382099827884,4.898573550042389,2.624944695206034,21,0.2699181000552699,7.682152380959863,3.968594134201223,4,train
s234567,hidden_count_linear,11,reset567,s567,1.0,19.806282584717273,31.803294811900663,2.223654605585849,1.4103608235295055,21,0.3094731653862074,4.004626328413649,2.3364912033511414,5,train
s234567,hidden_count_linear,11,reset567,s567,1.0,19.73038177704297,31.681419555774117,2.9323881322840823,1.8139667110500723,21,0.30828721526629643,5.0693967121701125,2.9127317628204237,6,train
s234567,hidden_count_linear,11,reset567,s567,1.0,14.351001938253015,23.04365514004068,3.149761591453416,1.896015504501528,22,0.22423440528520336,5.332428748856055,3.015194983958478,7,train
s234567,hidden_count_linear,11,reset567,s567,1.0,16.920726889649725,23.901785714285715,2.600835843538759,1.5296644897836011,128,0.26438635765077695,4.742293764082018,2.6075507158382383,all,val
s234567,hidden_count_linear,11,reset567,s567,1.0,13.808668725708493,19.505772005772005,1.0777043878340955,0.6601765448799292,22,0.2157604488391952,1.7106217862623259,0.9861902319603139,2,val
s234567,hidden_count_linear,11,reset567,s567,1.0,20.641191249566283,29.157218442932727,2.980985928740735,1.6824052562382166,21,0.3225186132744732,4.889602309269846,2.626637873724404,3,val
s234567,hidden_count_linear,11,reset567,s567,1.0,17.274389555664246,24.401360544217688,4.179985974725242,2.2679368319182647,21,0.26991233680725385,6.846636798326799,3.5659796400122543,4,val
s234567,hidden_count_linear,11,reset567,s567,1.0,18.351263110810123,25.922524565381707,1.9554286017365423,1.2495105001442242,21,0.2867384861064082,3.689543045498622,2.1600917187589057,5,val
s234567,hidden_count_linear,11,reset567,s567,1.0,18.28116599989131,25.823507180650036,2.63598115262258,1.6369374213560413,21,0.28564321874830173,4.813167022642861,2.769029086704323,6,val
s234567,hidden_count_linear,11,reset567,s567,1.0,13.47973280340939,19.041125541125542,2.8362485634591903,1.7136627500977646,22,0.21062082505327173,5.024561980390704,2.8443596573710512,7,val
s234567,hidden_count_linear,11,reset567,s567,0.984375,18.176607024519548,23.48330479452055,3.006465803162794,1.7597563827646103,128,0.28400948475811794,5.190403666844906,2.846809628120927,all,test
s234567,hidden_count_linear,11,reset567,s567,1.0,16.288692089884933,21.04420921544209,1.2240704682887524,0.7553824337356543,22,0.25451081390445207,1.8592592256837825,1.0780243489056236,2,test
s234567,hidden_count_linear,11,reset567,s567,1.0,22.56076240966897,29.147423352902806,3.4766914386695698,1.9536121410179794,21,0.3525119126510777,5.299119133206664,2.8509516663608405,3,test
s234567,hidden_count_linear,11,reset567,s567,1.0,16.54201773486068,21.371493803000654,4.838251400574726,2.60333811860977,21,0.2584690271071981,7.579605660727704,3.9255252330239134,4,test
s234567,hidden_count_linear,11,reset567,s567,1.0,19.72116507305374,25.47879973907371,2.24837308921767,1.4275321995359194,21,0.3081432042664647,4.0360791151079205,2.35683402173735,5,test
s234567,hidden_count_linear,11,reset567,s567,1.0,19.145318564801666,24.734833659491194,2.988549358610243,1.845106460073882,21,0.29914560257502604,5.143410183861325,2.953338311722242,6,test
s234567,hidden_count_linear,11,reset567,s567,0.9090909090909091,15.040906078679438,19.432129514321296,3.332223750301223,2.009501466579312,22,0.23501415747936621,5.553528377959448,3.1455674454522176,7,test
s234567,hidden_count_linear,23,normal,none,0.9921875,19.11408210092619,30.69181637263339,8.807715830011556,4.637131376974224,128,0.2986575328269717,16.798977089372652,8.619477932420903,all,train
s234567,hidden_count_linear,23,normal,none,1.0,8.797384804888113,14.126114849006415,1.917066837374025,1.0444716086091625,22,0.13745913757637676,2.8301970745694427,1.4751637457679767,2,train
s234567,hidden_count_linear,23,normal,none,0.9523809523809523,15.73071036577828,25.259077124825833,3.5905192679011075,1.946675112673237,21,0.24579234946528564,5.404745782549339,2.814907318367309,3,train
s234567,hidden_count_linear,23,normal,none,1.0,14.68826100792202,23.585197934595524,5.391517864619846,2.856100963674196,21,0.22950407824878155,8.488597409129824,4.351590252656074,4,train
s234567,hidden_count_linear,23,normal,none,1.0,26.421341678849174,42.42521104827473,9.019587417763093,4.7931232339352405,21,0.41283346373201835,14.140578810977601,7.311567064711259,5,train
s234567,hidden_count_linear,23,normal,none,1.0,27.294124402738134,43.82665355298746,15.191344916883798,7.956463288583056,21,0.42647069379278335,23.900383872072062,12.272515097749318,6,train
s234567,hidden_count_linear,23,normal,none,1.0,22.10167530227155,35.489047097480835,17.64362732708362,9.1806723400789,22,0.34533867659799294,28.304038829830954,14.47934140835047,7,train
s234567,hidden_count_linear,23,normal,none,0.9453125,17.559740145729084,24.804439484126984,7.167632341322096,3.8043617219734878,128,0.27437093977701693,14.118401931888405,7.278329507130205,all,val
s234567,hidden_count_linear,23,normal,none,0.9545454545454546,8.306908963216575,11.734126984126984,1.7528795660050598,0.9596096349989226,22,0.12979545255025898,2.7036252529638087,1.4124969679174615,2,val
s234567,hidden_count_linear,23,normal,none,0.8571428571428571,13.707998378001012,19.363567649281936,3.2306431351401064,1.753422971769693,21,0.2141874746562658,5.0943577889872715,2.655836190962254,3,val
s234567,hidden_count_linear,23,normal,none,0.9523809523809523,13.941833778546973,19.693877551020407,4.620393188440331,2.46705680340787,21,0.21784115278979646,7.646507673388049,3.93729552993711,4,val
s234567,hidden_count_linear,23,normal,none,1.0,24.613182504149055,34.76795162509448,7.322882308923921,3.9318632399847835,21,0.384580976627329,12.22644477078226,6.353791011051118,5,val
s234567,hidden_count_linear,23,normal,none,0.9523809523809523,25.151753054834433,35.52872260015117,12.268126256735686,6.4773244123388976,21,0.392996141481788,20.30017658653611,10.475059367262539,6,val
s234567,hidden_count_linear,23,normal,none,0.9545454545454546,19.96293724710896,28.1991341991342,13.75503088562741,7.21017589644137,22,0.3119208944860775,23.147000346285164,11.891689502825503,7,val
s234567,hidden_count_linear,23,normal,none,0.953125,18.83664678595096,24.336044520547944,7.988587356071902,4.24429379937821,128,0.29432260603048377,15.04971900923321,7.771903948107409,all,test
s234567,hidden_count_linear,23,normal,none,0.9545454545454546,9.007530574130971,11.637297633872976,2.0445196658590126,1.1157129194529791,22,0.14074266522079643,2.9743811356195367,1.5556639365066174,2,test
s234567,hidden_count_linear,23,normal,none,0.8571428571428571,15.324181892770362,19.798108284409654,3.6923779125840195,2.0048490523870663,21,0.2394403420745369,5.55617403967991,2.8971474550818272,3,test
s234567,hidden_count_linear,23,normal,none,0.9523809523809523,14.429739026160497,18.64253098499674,5.0983321918686295,2.7206430316908077,21,0.22546467228375777,8.16285286039786,4.200130078941713,4,test
s234567,hidden_count_linear,23,normal,none,1.0,26.664394584871722,34.44911937377691,8.6074836324316,4.613984403351715,21,0.41663116538862066,13.66081816716363,7.1047863416907076,5,test
s234567,hidden_count_linear,23,normal,none,0.9523809523809523,25.92924989744075,33.49934768427919,13.285978696274732,7.021774178835716,21,0.40514452964751174,21.175698743319465,10.94047935172483,6,test
s234567,hidden_count_linear,23,normal,none,1.0,21.98301102476053,28.40099626400996,15.145095101738056,7.960802773322188,22,0.34348454726188327,24.69214861946993,12.717092779482801,7,test
s234567,hidden_count_linear,23,resetall250,s234567,0.9921875,16.08829785452292,25.83326161790017,2.537465541362403,1.5517853722134758,128,0.25137965397692064,4.446354967821889,2.5374329702303626,all,train
s234567,hidden_count_linear,23,resetall250,s234567,1.0,7.739613293400956,12.4276326083555,1.4684028145207582,0.8668615474696891,22,0.12093145770938994,2.2834101142709127,1.2586433330643805,2,train
s234567,hidden_count_linear,23,resetall250,s234567,0.9523809523809523,13.686799107068087,21.977133021883454,2.1101330295881398,1.2779658198926982,21,0.21385623604793885,3.4584105664623452,1.9395061975739545,3,train
s234567,hidden_count_linear,23,resetall250,s234567,1.0,11.940723230186777,19.173428407507583,2.297125965129717,1.380754701829649,21,0.18657380047166838,3.9574510253521846,2.208300884844468,4,train
s234567,hidden_count_linear,23,resetall250,s234567,1.0,21.880002903065524,35.13310384394722,2.597574903477059,1.6371322119046423,21,0.3418750453603988,4.518717282926033,2.621885296528608,5,train
s234567,hidden_count_linear,23,resetall250,s234567,1.0,23.358613929769742,37.5073354643062,3.3555970146277816,2.0823849520715045,21,0.3649783426526522,5.710584442930978,3.29543499359425,6,train
s234567,hidden_count_linear,23,resetall250,s234567,1.0,18.220077743282726,29.256297918948523,3.4055314817662614,2.073390278397386,22,0.2846887147387926,5.729423810986663,3.271522864687907,7,train
s234567,hidden_count_linear,23,resetall250,s234567,0.9609375,14.689447809674304,20.749937996031747,2.2679553416622773,1.391132356410763,128,0.229522622026161,4.14653827049193,2.369447522103731,all,val
s234567,hidden_count_linear,23,resetall250,s234567,0.9545454545454546,7.3203565813521045,10.34054834054834,1.3463299125705301,0.7980596473691352,22,0.11438057158362663,2.1841192578123816,1.2061973084995457,2,val
s234567,hidden_count_linear,23,resetall250,s234567,0.9047619047619048,11.975904118121658,16.916855631141345,1.9242744898854987,1.1632374242823282,21,0.1871235018456509,3.284859076143556,1.8416824573402184,3,val
s234567,hidden_count_linear,23,resetall250,s234567,0.9523809523809523,11.101563055210672,15.681783824640968,2.035511274565133,1.229409130432965,21,0.17346192273766675,3.657029177623968,2.048236099788115,4,val
s234567,hidden_count_linear,23,resetall250,s234567,1.0,20.05419483217745,28.32804232804233,2.2639738034622154,1.436388402916254,21,0.3133467942527727,4.143675863682872,2.412175815193382,5,val
s234567,hidden_count_linear,23,resetall250,s234567,0.9523809523809523,21.70388485479347,30.6583522297808,3.0165635673108677,1.8798081244173555,21,0.33912320085614794,5.345778133372568,3.0923186155087303,6,val
s234567,hidden_count_linear,23,resetall250,s234567,1.0,16.257045035554384,22.964285714285715,3.0287380487785414,1.8464512454010742,22,0.25401632868053725,5.341572613533448,3.0472795281439917,7,val
s234567,hidden_count_linear,23,resetall250,s234567,0.9375,16.413891650099405,21.20596104452055,2.6473274003440297,1.619569610332795,128,0.2564670570328032,4.591934233277296,2.6234427515778598,all,test
s234567,hidden_count_linear,23,resetall250,s234567,0.9090909090909091,8.062413398397494,10.416251556662516,1.5725634797982935,0.9292562569657811,22,0.12597520934996084,2.40437306699363,1.3294255246427904,2,test
s234567,hidden_count_linear,23,resetall250,s234567,0.8571428571428571,13.61582883650478,17.59099804305284,2.2169525937135126,1.3398742743193617,21,0.2127473255703872,3.601301450204369,2.017955826011895,3,test
s234567,hidden_count_linear,23,resetall250,s234567,0.9523809523809523,11.948373252548203,15.43672537508154,2.3004999054531936,1.3858251316752264,21,0.18669333207106567,3.9625680833505226,2.2131845211014434,4,test
s234567,hidden_count_linear,23,resetall250,s234567,1.0,23.00558553441257,29.72211350293542,2.752922014046672,1.7370324956264398,21,0.3594622739751964,4.739020881040632,2.7552418868141135,5,test
s234567,hidden_count_linear,23,resetall250,s234567,0.9047619047619048,23.195935498122378,29.968036529680365,3.460222975145161,2.144329182395705,21,0.36243649215816215,5.818965451674594,3.3579981752946613,6,test
s234567,hidden_count_linear,23,resetall250,s234567,1.0,18.93294776793783,24.460460772104607,3.587225345841617,2.186953753920605,22,0.2958273088740286,5.981098865094036,3.4210381464355866,7,test
s234567,hidden_count_linear,23,reset234,s234,0.9921875,18.146180514847504,29.137639845094665,7.98005232845395,4.254845144832264,128,0.28353407054449226,16.420797294411315,8.438255278867725,all,train
s234567,hidden_count_linear,23,reset234,s234,1.0,7.739613293400956,12.4276326083555,1.4684028145207582,0.8668615474696891,22,0.12093145770938994,2.2834101142709127,1.2586433330643805,2,train
s234567,hidden_count_linear,23,reset234,s234,0.9523809523809523,13.686799107068087,21.977133021883454,2.1101330295881398,1.2779658198926982,21,0.21385623604793885,3.4584105664623452,1.9395061975739545,3,train
s234567,hidden_count_linear,23,reset234,s234,1.0,11.940723230186777,19.173428407507583,2.297125965129717,1.380754701829649,21,0.18657380047166838,3.9574510253521846,2.208300884844468,4,train
s234567,hidden_count_linear,23,reset234,s234,1.0,26.421341678849174,42.42521104827473,9.019587417763093,4.7931232339352405,21,0.41283346373201835,14.140578810977601,7.311567064711259,5,train
s234567,hidden_count_linear,23,reset234,s234,1.0,27.294124402738134,43.82665355298746,15.191344916883798,7.956463288583056,21,0.42647069379278335,23.900383872072062,12.272515097749318,6,train
s234567,hidden_count_linear,23,reset234,s234,1.0,22.10167530227155,35.489047097480835,17.64362732708362,9.1806723400789,22,0.34533867659799294,28.304038829830954,14.47934140835047,7,train
s234567,hidden_count_linear,23,reset234,s234,0.953125,16.64002282503731,23.50527033730159,6.459348389079097,3.476716815907295,128,0.26000035664120796,13.74797772057751,7.101086470872406,all,val
s234567,hidden_count_linear,23,reset234,s234,0.9545454545454546,7.3203565813521045,10.34054834054834,1.3463299125705301,0.7980596473691352,22,0.11438057158362663,2.1841192578123816,1.2061973084995457,2,val
s234567,hidden_count_linear,23,reset234,s234,0.9047619047619048,11.975904118121658,16.916855631141345,1.9242744898854987,1.1632374242823282,21,0.1871235018456509,3.284859076143556,1.8416824573402184,3,val
s234567,hidden_count_linear,23,reset234,s234,0.9523809523809523,11.101563055210672,15.681783824640968,2.035511274565133,1.229409130432965,21,0.17346192273766675,3.657029177623968,2.048236099788115,4,val
s234567,hidden_count_linear,23,reset234,s234,1.0,24.613182504149055,34.76795162509448,7.322882308923921,3.9318632399847835,21,0.384580976627329,12.22644477078226,6.353791011051118,5,val
s234567,hidden_count_linear,23,reset234,s234,0.9523809523809523,25.151753054834433,35.52872260015117,12.268126256735686,6.4773244123388976,21,0.392996141481788,20.30017658653611,10.475059367262539,6,val
s234567,hidden_count_linear,23,reset234,s234,0.9545454545454546,19.96293724710896,28.1991341991342,13.75503088562741,7.21017589644137,22,0.3119208944860775,23.147000346285164,11.891689502825503,7,val
s234567,hidden_count_linear,23,reset234,s234,0.9453125,17.98682902584493,23.23812071917808,7.20638862139662,3.884155597016857,128,0.28104420352882703,14.651770215369972,7.58226253719592,all,test
s234567,hidden_count_linear,23,reset234,s234,0.9090909090909091,8.062413398397494,10.416251556662516,1.5725634797982935,0.9292562569657811,22,0.12597520934996084,2.40437306699363,1.3294255246427904,2,test
s234567,hidden_count_linear,23,reset234,s234,0.8571428571428571,13.61582883650478,17.59099804305284,2.2169525937135126,1.3398742743193617,21,0.2127473255703872,3.601301450204369,2.017955826011895,3,test
s234567,hidden_count_linear,23,reset234,s234,0.9523809523809523,11.948373252548203,15.43672537508154,2.3004999054531936,1.3858251316752264,21,0.18669333207106567,3.9625680833505226,2.2131845211014434,4,test
s234567,hidden_count_linear,23,reset234,s234,1.0,26.664394584871722,34.44911937377691,8.6074836324316,4.613984403351715,21,0.41663116538862066,13.66081816716363,7.1047863416907076,5,test
s234567,hidden_count_linear,23,reset234,s234,0.9523809523809523,25.92924989744075,33.49934768427919,13.285978696274732,7.021774178835716,21,0.40514452964751174,21.175698743319465,10.94047935172483,6,test
s234567,hidden_count_linear,23,reset234,s234,1.0,21.98301102476053,28.40099626400996,15.145095101738056,7.960802773322188,22,0.34348454726188327,24.69214861946993,12.717092779482801,7,test
s234567,hidden_count_linear,23,reset2345,s2345,0.9921875,17.4011171219455,27.941278506884682,6.9264405241428975,3.7370654168481083,128,0.27189245503039844,15.497976276338983,7.972536981838075,all,train
s234567,hidden_count_linear,23,reset2345,s2345,1.0,7.739613293400956,12.4276326083555,1.4684028145207582,0.8668615474696891,22,0.12093145770938994,2.2834101142709127,1.2586433330643805,2,train
s234567,hidden_count_linear,23,reset2345,s2345,0.9523809523809523,13.686799107068087,21.977133021883454,2.1101330295881398,1.2779658198926982,21,0.21385623604793885,3.4584105664623452,1.9395061975739545,3,train
s234567,hidden_count_linear,23,reset2345,s2345,1.0,11.940723230186777,19.173428407507583,2.297125965129717,1.380754701829649,21,0.18657380047166838,3.9574510253521846,2.208300884844468,4,train
s234567,hidden_count_linear,23,reset2345,s2345,1.0,21.880002903065524,35.13310384394722,2.597574903477059,1.6371322119046423,21,0.3418750453603988,4.518717282926033,2.621885296528608,5,train
s234567,hidden_count_linear,23,reset2345,s2345,1.0,27.294124402738134,43.82665355298746,15.191344916883798,7.956463288583056,21,0.42647069379278335,23.900383872072062,12.272515097749318,6,train
s234567,hidden_count_linear,23,reset2345,s2345,1.0,22.10167530227155,35.489047097480835,17.64362732708362,9.1806723400789,22,0.34533867659799294,28.304038829830954,14.47934140835047,7,train
s234567,hidden_count_linear,23,reset2345,s2345,0.953125,15.892063910104469,22.44872271825397,5.629370912343078,3.067302653959266,128,0.24831349859538232,12.93440329188983,6.690046846013944,all,val
s234567,hidden_count_linear,23,reset2345,s2345,0.9545454545454546,7.3203565813521045,10.34054834054834,1.3463299125705301,0.7980596473691352,22,0.11438057158362663,2.1841192578123816,1.2061973084995457,2,val
s234567,hidden_count_linear,23,reset2345,s2345,0.9047619047619048,11.975904118121658,16.916855631141345,1.9242744898854987,1.1632374242823282,21,0.1871235018456509,3.284859076143556,1.8416824573402184,3,val
s234567,hidden_count_linear,23,reset2345,s2345,0.9523809523809523,11.101563055210672,15.681783824640968,2.035511274565133,1.229409130432965,21,0.17346192273766675,3.657029177623968,2.048236099788115,4,val
s234567,hidden_count_linear,23,reset2345,s2345,1.0,20.05419483217745,28.32804232804233,2.2639738034622154,1.436388402916254,21,0.3133467942527727,4.143675863682872,2.412175815193382,5,val
s234567,hidden_count_linear,23,reset2345,s2345,0.9523809523809523,25.151753054834433,35.52872260015117,12.268126256735686,6.4773244123388976,21,0.392996141481788,20.30017658653611,10.475059367262539,6,val
s234567,hidden_count_linear,23,reset2345,s2345,0.9545454545454546,19.96293724710896,28.1991341991342,13.75503088562741,7.21017589644137,22,0.3119208944860775,23.147000346285164,11.891689502825503,7,val
s234567,hidden_count_linear,23,reset2345,s2345,0.9453125,17.386555666003975,22.46259631849315,6.245874484538084,3.4121557884140468,128,0.2716649322813121,13.701895641418503,7.103141349038185,all,test
s234567,hidden_count_linear,23,reset2345,s2345,0.9090909090909091,8.062413398397494,10.416251556662516,1.5725634797982935,0.9292562569657811,22,0.12597520934996084,2.40437306699363,1.3294255246427904,2,test
s234567,hidden_count_linear,23,reset2345,s2345,0.8571428571428571,13.61582883650478,17.59099804305284,2.2169525937135126,1.3398742743193617,21,0.2127473255703872,3.601301450204369,2.017955826011895,3,test
s234567,hidden_count_linear,23,reset2345,s2345,0.9523809523809523,11.948373252548203,15.43672537508154,2.3004999054531936,1.3858251316752264,21,0.18669333207106567,3.9625680833505226,2.2131845211014434,4,test
s234567,hidden_count_linear,23,reset2345,s2345,1.0,23.00558553441257,29.72211350293542,2.752922014046672,1.7370324956264398,21,0.3594622739751964,4.739020881040632,2.7552418868141135,5,test
s234567,hidden_count_linear,23,reset2345,s2345,0.9523809523809523,25.92924989744075,33.49934768427919,13.285978696274732,7.021774178835716,21,0.40514452964751174,21.175698743319465,10.94047935172483,6,test
s234567,hidden_count_linear,23,reset2345,s2345,1.0,21.98301102476053,28.40099626400996,15.145095101738056,7.960802773322188,22,0.34348454726188327,24.69214861946993,12.717092779482801,7,test
s234567,hidden_count_linear,23,reset23456,s23456,0.9921875,16.755447434974123,26.904515382960412,4.984638395623628,2.7733494397641816,128,0.26180386617147067,12.321538714566936,6.374389001040307,all,train
s234567,hidden_count_linear,23,reset23456,s23456,1.0,7.739613293400956,12.4276326083555,1.4684028145207582,0.8668615474696891,22,0.12093145770938994,2.2834101142709127,1.2586433330643805,2,train
s234567,hidden_count_linear,23,reset23456,s23456,0.9523809523809523,13.686799107068087,21.977133021883454,2.1101330295881398,1.2779658198926982,21,0.21385623604793885,3.4584105664623452,1.9395061975739545,3,train
s234567,hidden_count_linear,23,reset23456,s23456,1.0,11.940723230186777,19.173428407507583,2.297125965129717,1.380754701829649,21,0.18657380047166838,3.9574510253521846,2.208300884844468,4,train
s234567,hidden_count_linear,23,reset23456,s23456,1.0,21.880002903065524,35.13310384394722,2.597574903477059,1.6371322119046423,21,0.3418750453603988,4.518717282926033,2.621885296528608,5,train
s234567,hidden_count_linear,23,reset23456,s23456,1.0,23.358613929769742,37.5073354643062,3.3555970146277816,2.0823849520715045,21,0.3649783426526522,5.710584442930978,3.29543499359425,6,train
s234567,hidden_count_linear,23,reset23456,s23456,1.0,22.10167530227155,35.489047097480835,17.64362732708362,9.1806723400789,22,0.34533867659799294,28.304038829830954,14.47934140835047,7,train
s234567,hidden_count_linear,23,reset23456,s23456,0.953125,15.326398033535247,21.64967757936508,4.111536451474849,2.313022616539373,128,0.23947496927398823,10.21653457833296,5.321982808086565,all,val
s234567,hidden_count_linear,23,reset23456,s23456,0.9545454545454546,7.3203565813521045,10.34054834054834,1.3463299125705301,0.7980596473691352,22,0.11438057158362663,2.1841192578123816,1.2061973084995457,2,val
s234567,hidden_count_linear,23,reset23456,s23456,0.9047619047619048,11.975904118121658,16.916855631141345,1.9242744898854987,1.1632374242823282,21,0.1871235018456509,3.284859076143556,1.8416824573402184,3,val
s234567,hidden_count_linear,23,reset23456,s23456,0.9523809523809523,11.101563055210672,15.681783824640968,2.035511274565133,1.229409130432965,21,0.17346192273766675,3.657029177623968,2.048236099788115,4,val
s234567,hidden_count_linear,23,reset23456,s23456,1.0,20.05419483217745,28.32804232804233,2.2639738034622154,1.436388402916254,21,0.3133467942527727,4.143675863682872,2.412175815193382,5,val
s234567,hidden_count_linear,23,reset23456,s23456,0.9523809523809523,21.70388485479347,30.6583522297808,3.0165635673108677,1.8798081244173555,21,0.33912320085614794,5.345778133372568,3.0923186155087303,6,val
s234567,hidden_count_linear,23,reset23456,s23456,0.9545454545454546,19.96293724710896,28.1991341991342,13.75503088562741,7.21017589644137,22,0.3119208944860775,23.147000346285164,11.891689502825503,7,val
s234567,hidden_count_linear,23,reset23456,s23456,0.9375,16.938121272365805,21.88324058219178,4.633835900611953,2.611949842287421,128,0.2646581448807157,10.942113808418373,5.715531605140984,all,test
s234567,hidden_count_linear,23,reset23456,s23456,0.9090909090909091,8.062413398397494,10.416251556662516,1.5725634797982935,0.9292562569657811,22,0.12597520934996084,2.40437306699363,1.3294255246427904,2,test
s234567,hidden_count_linear,23,reset23456,s23456,0.8571428571428571,13.61582883650478,17.59099804305284,2.2169525937135126,1.3398742743193617,21,0.2127473255703872,3.601301450204369,2.017955826011895,3,test
s234567,hidden_count_linear,23,reset23456,s23456,0.9523809523809523,11.948373252548203,15.43672537508154,2.3004999054531936,1.3858251316752264,21,0.18669333207106567,3.9625680833505226,2.2131845211014434,4,test
s234567,hidden_count_linear,23,reset23456,s23456,1.0,23.00558553441257,29.72211350293542,2.752922014046672,1.7370324956264398,21,0.3594622739751964,4.739020881040632,2.7552418868141135,5,test
s234567,hidden_count_linear,23,reset23456,s23456,0.9047619047619048,23.195935498122378,29.968036529680365,3.460222975145161,2.144329182395705,21,0.36243649215816215,5.818965451674594,3.3579981752946613,6,test
s234567,hidden_count_linear,23,reset23456,s23456,1.0,21.98301102476053,28.40099626400996,15.145095101738056,7.960802773322188,22,0.34348454726188327,24.69214861946993,12.717092779482801,7,test
s234567,hidden_count_linear,23,reset67,s67,0.9921875,17.80126283350361,28.583799483648882,4.4187405201128005,2.451851005221331,128,0.2781447317734939,7.8605618418933405,4.143985788186131,all,train
s234567,hidden_count_linear,23,reset67,s67,1.0,8.797384804888113,14.126114849006415,1.917066837374025,1.0444716086091625,22,0.13745913757637676,2.8301970745694427,1.4751637457679767,2,train
s234567,hidden_count_linear,23,reset67,s67,0.9523809523809523,15.73071036577828,25.259077124825833,3.5905192679011075,1.946675112673237,21,0.24579234946528564,5.404745782549339,2.814907318367309,3,train
s234567,hidden_count_linear,23,reset67,s67,1.0,14.68826100792202,23.585197934595524,5.391517864619846,2.856100963674196,21,0.22950407824878155,8.488597409129824,4.351590252656074,4,train
s234567,hidden_count_linear,23,reset67,s67,1.0,26.421341678849174,42.42521104827473,9.019587417763093,4.7931232339352405,21,0.41283346373201835,14.140578810977601,7.311567064711259,5,train
s234567,hidden_count_linear,23,reset67,s67,1.0,23.358613929769742,37.5073354643062,3.3555970146277816,2.0823849520715045,21,0.3649783426526522,5.710584442930978,3.29543499359425,6,train
s234567,hidden_count_linear,23,reset67,s67,1.0,18.220077743282726,29.256297918948523,3.4055314817662614,2.073390278397386,22,0.2846887147387926,5.729423810986663,3.271522864687907,7,train
s234567,hidden_count_linear,23,reset67,s67,0.953125,16.35712404529892,23.105654761904763,3.806216942103415,2.128191595887104,128,0.25558006320779564,7.0160003904190384,3.7190906378447686,all,val
s234567,hidden_count_linear,23,reset67,s67,0.9545454545454546,8.306908963216575,11.734126984126984,1.7528795660050598,0.9596096349989226,22,0.12979545255025898,2.7036252529638087,1.4124969679174615,2,val
s234567,hidden_count_linear,23,reset67,s67,0.8571428571428571,13.707998378001012,19.363567649281936,3.2306431351401064,1.753422971769693,21,0.2141874746562658,5.0943577889872715,2.655836190962254,3,val
s234567,hidden_count_linear,23,reset67,s67,0.9523809523809523,13.941833778546973,19.693877551020407,4.620393188440331,2.46705680340787,21,0.21784115278979646,7.646507673388049,3.93729552993711,4,val
s234567,hidden_count_linear,23,reset67,s67,1.0,24.613182504149055,34.76795162509448,7.322882308923921,3.9318632399847835,21,0.384580976627329,12.22644477078226,6.353791011051118,5,val
s234567,hidden_count_linear,23,reset67,s67,0.9523809523809523,21.70388485479347,30.6583522297808,3.0165635673108677,1.8798081244173555,21,0.33912320085614794,5.345778133372568,3.0923186155087303,6,val
s234567,hidden_count_linear,23,reset67,s67,1.0,16.257045035554384,22.964285714285715,3.0287380487785414,1.8464512454010742,22,0.25401632868053725,5.341572613533448,3.0472795281439917,7,val
s234567,hidden_count_linear,23,reset67,s67,0.9453125,17.863982770046388,23.07940924657534,4.3900399685222,2.451707601073248,128,0.2791247307819748,7.735502067023068,4.102478030018882,all,test
s234567,hidden_count_linear,23,reset67,s67,0.9545454545454546,9.007530574130971,11.637297633872976,2.0445196658590126,1.1157129194529791,22,0.14074266522079643,2.9743811356195367,1.5556639365066174,2,test
s234567,hidden_count_linear,23,reset67,s67,0.8571428571428571,15.324181892770362,19.798108284409654,3.6923779125840195,2.0048490523870663,21,0.2394403420745369,5.55617403967991,2.8971474550818272,3,test
s234567,hidden_count_linear,23,reset67,s67,0.9523809523809523,14.429739026160497,18.64253098499674,5.0983321918686295,2.7206430316908077,21,0.22546467228375777,8.16285286039786,4.200130078941713,4,test
s234567,hidden_count_linear,23,reset67,s67,1.0,26.664394584871722,34.44911937377691,8.6074836324316,4.613984403351715,21,0.41663116538862066,13.66081816716363,7.1047863416907076,5,test
s234567,hidden_count_linear,23,reset67,s67,0.9047619047619048,23.195935498122378,29.968036529680365,3.460222975145161,2.144329182395705,21,0.36243649215816215,5.818965451674594,3.3579981752946613,6,test
s234567,hidden_count_linear,23,reset67,s67,1.0,18.93294776793783,24.460460772104607,3.587225345841617,2.186953753920605,22,0.2958273088740286,5.981098865094036,3.4210381464355866,7,test
s234567,hidden_count_linear,23,reset567,s567,0.9921875,17.056199440601606,27.3874381454389,3.3651292391909657,1.9340711791016967,128,0.2665031162594001,5.686221527032936,3.0870392928473445,all,train
s234567,hidden_count_linear,23,reset567,s567,1.0,8.797384804888113,14.126114849006415,1.917066837374025,1.0444716086091625,22,0.13745913757637676,2.8301970745694427,1.4751637457679767,2,train
s234567,hidden_count_linear,23,reset567,s567,0.9523809523809523,15.73071036577828,25.259077124825833,3.5905192679011075,1.946675112673237,21,0.24579234946528564,5.404745782549339,2.814907318367309,3,train
s234567,hidden_count_linear,23,reset567,s567,1.0,14.68826100792202,23.585197934595524,5.391517864619846,2.856100963674196,21,0.22950407824878155,8.488597409129824,4.351590252656074,4,train
s234567,hidden_count_linear,23,reset567,s567,1.0,21.880002903065524,35.13310384394722,2.597574903477059,1.6371322119046423,21,0.3418750453603988,4.518717282926033,2.621885296528608,5,train
s234567,hidden_count_linear,23,reset567,s567,1.0,23.358613929769742,37.5073354643062,3.3555970146277816,2.0823849520715045,21,0.3649783426526522,5.710584442930978,3.29543499359425,6,train
s234567,hidden_count_linear,23,reset567,s567,1.0,18.220077743282726,29.256297918948523,3.4055314817662614,2.073390278397386,22,0.2846887147387926,5.729423810986663,3.271522864687907,7,train
s234567,hidden_count_linear,23,reset567,s567,0.953125,15.609165130366078,22.049107142857142,2.9762394653673954,1.7187777768633132,128,0.24389320516196997,5.245587029176065,2.8570854069574927,all,val
s234567,hidden_count_linear,23,reset567,s567,0.9545454545454546,8.306908963216575,11.734126984126984,1.7528795660050598,0.9596096349989226,22,0.12979545255025898,2.7036252529638087,1.4124969679174615,2,val
s234567,hidden_count_linear,23,reset567,s567,0.8571428571428571,13.707998378001012,19.363567649281936,3.2306431351401064,1.753422971769693,21,0.2141874746562658,5.0943577889872715,2.655836190962254,3,val
s234567,hidden_count_linear,23,reset567,s567,0.9523809523809523,13.941833778546973,19.693877551020407,4.620393188440331,2.46705680340787,21,0.21784115278979646,7.646507673388049,3.93729552993711,4,val
s234567,hidden_count_linear,23,reset567,s567,1.0,20.05419483217745,28.32804232804233,2.2639738034622154,1.436388402916254,21,0.3133467942527727,4.143675863682872,2.412175815193382,5,val
s234567,hidden_count_linear,23,reset567,s567,0.9523809523809523,21.70388485479347,30.6583522297808,3.0165635673108677,1.8798081244173555,21,0.33912320085614794,5.345778133372568,3.0923186155087303,6,val
s234567,hidden_count_linear,23,reset567,s567,1.0,16.257045035554384,22.964285714285715,3.0287380487785414,1.8464512454010742,22,0.25401632868053725,5.341572613533448,3.0472795281439917,7,val
s234567,hidden_count_linear,23,reset567,s567,0.9453125,17.263709410205433,22.303884845890412,3.429526195690441,1.979707772246728,128,0.2697454595344599,5.736336567583553,3.1295747298999874,all,test
s234567,hidden_count_linear,23,reset567,s567,0.9545454545454546,9.007530574130971,11.637297633872976,2.0445196658590126,1.1157129194529791,22,0.14074266522079643,2.9743811356195367,1.5556639365066174,2,test
s234567,hidden_count_linear,23,reset567,s567,0.8571428571428571,15.324181892770362,19.798108284409654,3.6923779125840195,2.0048490523870663,21,0.2394403420745369,5.55617403967991,2.8971474550818272,3,test
s234567,hidden_count_linear,23,reset567,s567,0.9523809523809523,14.429739026160497,18.64253098499674,5.0983321918686295,2.7206430316908077,21,0.22546467228375777,8.16285286039786,4.200130078941713,4,test
s234567,hidden_count_linear,23,reset567,s567,1.0,23.00558553441257,29.72211350293542,2.752922014046672,1.7370324956264398,21,0.3594622739751964,4.739020881040632,2.7552418868141135,5,test
s234567,hidden_count_linear,23,reset567,s567,0.9047619047619048,23.195935498122378,29.968036529680365,3.460222975145161,2.144329182395705,21,0.36243649215816215,5.818965451674594,3.3579981752946613,6,test
s234567,hidden_count_linear,23,reset567,s567,1.0,18.93294776793783,24.460460772104607,3.587225345841617,2.186953753920605,22,0.2958273088740286,5.981098865094036,3.4210381464355866,7,test
s234567,hidden_count_linear,101,normal,none,0.984375,24.13126601571005,38.747996450086056,8.277017285975681,4.4057513409231746,128,0.37705103149546954,16.07339532317509,8.273563463170994,all,train
s234567,hidden_count_linear,101,normal,none,0.9545454545454546,14.889291190160435,23.907995618838992,1.3485368464105778,0.8052218268624662,22,0.2326451748462568,2.104612425677644,1.1661883840400133,2,train
s234567,hidden_count_linear,101,normal,none,1.0,24.94308795251733,40.051553151381036,2.5988357979482344,1.5161364634201782,21,0.3897357492580833,4.069704150795913,2.23461089408298,3,train
s234567,hidden_count_linear,101,normal,none,0.9523809523809523,22.640031838015325,36.353495615113516,6.016263597153401,3.2314143990454975,21,0.35375049746898946,9.29916412491725,4.846362913588965,4,train
s234567,hidden_count_linear,101,normal,none,1.0,32.39713936389368,52.02065404475043,8.396869594137083,4.524679945001264,21,0.5062053025608387,12.873570111755216,6.742604921649495,5,train
s234567,hidden_count_linear,101,normal,none,1.0,28.664116116240656,46.02647323989837,13.066610001060736,6.8857457289446,21,0.44787681431626025,20.20232810875578,10.429546906704292,6,train
s234567,hidden_count_linear,101,normal,none,1.0,21.80480741560682,35.01236113284306,18.097284542546404,9.404717278467425,22,0.34070011586885657,29.199139900984505,14.916160812999141,7,train
s234567,hidden_count_linear,101,normal,none,0.9765625,22.607892195593013,31.93532986111111,6.531130662365025,3.5184915037090687,128,0.35324831555614084,13.020332485319564,6.748546860885059,all,val
s234567,hidden_count_linear,101,normal,none,0.9545454545454546,14.109001524329415,19.93001443001443,1.2123920599197133,0.7316826706291251,22,0.2204531488176471,1.9837784936616563,1.1059144534536631,2,val
s234567,hidden_count_linear,101,normal,none,1.0,22.450338822211354,31.712773998488284,2.2582923653176485,1.327561493827625,21,0.3507865440970524,3.6855396749361167,2.0274078063956855,3,val
s234567,hidden_count_linear,101,normal,none,0.9523809523809523,21.72100781318585,30.682539682539684,4.946063308125463,2.690304793675876,21,0.3393907470810289,8.139323820011835,4.271423871610795,4,val
s234567,hidden_count_linear,101,normal,none,1.0,29.975611489438194,42.34278155706727,7.0246743460794026,3.822854613709236,21,0.4683689295224718,11.281489931871517,5.940532295876052,5,val
s234567,hidden_count_linear,101,normal,none,0.9523809523809523,26.572423508952348,37.535525321239604,10.43163671403071,5.548784336840697,21,0.41519411732738043,16.920510927501525,8.783851690236554,6,val
s234567,hidden_count_linear,101,normal,none,1.0,21.286597872323444,30.06890331890332,13.247186774247611,6.958650070629923,22,0.3326030917550538,22.614942648623956,11.622377389669445,7,val
s234567,hidden_count_linear,101,normal,none,0.96875,23.447026176275678,30.292433647260275,7.526741407026591,4.043586220308359,128,0.36635978400430746,14.522620280213339,7.5245325365057765,all,test
s234567,hidden_count_linear,101,normal,none,0.9545454545454546,15.031748900536178,19.42029887920299,1.355659338241385,0.8137919641243448,22,0.23487107657087777,2.1445380194902244,1.191595354636692,2,test
s234567,hidden_count_linear,101,normal,none,0.9523809523809523,24.839660449998423,32.09165035877365,2.629870824655243,1.5376878424394111,21,0.38811969453122536,4.145874186361561,2.2763758832084604,3,test
s234567,hidden_count_linear,101,normal,none,1.0,21.632238316134938,27.94781474233529,5.892480681387863,3.177662786919357,21,0.3380037236896084,9.121162055891471,4.768505894548604,4,test
s234567,hidden_count_linear,101,normal,none,1.0,31.314841112057813,40.457273320287015,7.672390816312443,4.173520724610669,21,0.48929439237590333,12.151620626714635,6.396270348387026,5,test
s234567,hidden_count_linear,101,normal,none,0.9523809523809523,27.88425005522421,36.02511415525114,11.670392575104925,6.210048612097258,21,0.4356914071128783,18.295928897764878,9.513272928973324,6,test
s234567,hidden_count_linear,101,normal,none,0.9545454545454546,20.519549370444004,26.51027397260274,15.837752015369901,8.299925176686095,22,0.32061795891318756,25.810790489388147,13.262906517370594,7,test
s234567,hidden_count_linear,101,resetall250,s234567,0.9921875,20.85295693972231,33.48395815404475,2.2798295216641264,1.4466656737537056,128,0.3258274521831611,4.1380627784378765,2.4075754851727003,all,train
s234567,hidden_count_linear,101,resetall250,s234567,1.0,13.200169920688452,21.195744015021123,1.031309440361797,0.6720835765507166,22,0.20625265501075707,1.694130272933094,0.9983968346499088,2,train
s234567,hidden_count_linear,101,resetall250,s234567,1.0,21.6714415714198,34.7982132612081,1.5047693842430536,1.0067279814642456,21,0.33861627455343435,2.5787086236759804,1.5520247858175482,3,train
s234567,hidden_count_linear,101,resetall250,s234567,0.9523809523809523,19.788979038112306,31.775510204081634,2.4490730328341495,1.5275623241910696,21,0.3092027974705048,4.219583662161302,2.4305418786565998,4,train
s234567,hidden_count_linear,101,resetall250,s234567,1.0,27.660816670614516,44.415457749364805,2.3712091666686606,1.5564111390783724,21,0.4322002604783518,4.061638918910231,2.4368884366017007,5,train
s234567,hidden_count_linear,101,resetall250,s234567,1.0,24.83707182774294,39.881321203180065,2.8995115382897594,1.8374754605226953,21,0.3880792473084834,4.901177278211689,2.877824214590988,6,train
s234567,hidden_count_linear,101,resetall250,s234567,1.0,18.4386481256195,29.60726020966985,3.4278882425084922,2.0861660188694184,22,0.2881038769628047,5.8939095905644745,3.348970844227579,7,train
s234567,hidden_count_linear,101,resetall250,s234567,0.984375,19.442366780791854,27.463789682539684,1.9805373348476867,1.2692101014507067,128,0.3037869809498727,3.7471055168212044,2.19169000938223,all,val
s234567,hidden_count_linear,101,resetall250,s234567,0.9545454545454546,12.502885052792875,17.66125541125541,0.9292035403747775,0.6117952345751431,22,0.19535757894988867,1.5972398130996217,0.9472935236935611,2,val
s234567,hidden_count_linear,101,resetall250,s234567,1.0,19.40405750571671,27.409674981103553,1.3252674939697588,0.8907023375806297,21,0.3031883985268236,2.356825172097391,1.4180295009686448,3,val
s234567,hidden_count_linear,101,resetall250,s234567,0.9523809523809523,18.933978788600857,26.74565381708239,2.076555190814804,1.3143327177679955,21,0.2958434185718884,3.7855773945384485,2.197634430952284,4,val
s234567,hidden_count_linear,101,resetall250,s234567,1.0,25.534879248863973,36.06991685563114,2.112765769550731,1.395831765679672,21,0.3989824882634996,3.754300325552951,2.2605457424641093,5,val
s234567,hidden_count_linear,101,resetall250,s234567,1.0,22.84122385676244,32.26492819349962,2.5554432070431545,1.6289514016913937,21,0.3568941227619131,4.512853936333502,2.6561905245522257,6,val
s234567,hidden_count_linear,101,resetall250,s234567,1.0,17.843752244595017,25.205627705627705,2.8907104193103006,1.780600813241714,22,0.27880862882179713,5.221607552610229,2.9846910425483437,7,val
s234567,hidden_count_linear,101,resetall250,s234567,0.984375,20.972912524850894,27.09599743150685,2.3923456332318587,1.5139236905228783,128,0.3277017582007952,4.316872332554685,2.509673368689235,all,test
s234567,hidden_count_linear,101,resetall250,s234567,0.9545454545454546,13.478884270136755,17.41407222914072,1.0438480033624014,0.6833339378384051,22,0.2106075667208868,1.7324663527447652,1.0231045215211618,2,test
s234567,hidden_count_linear,101,resetall250,s234567,1.0,21.857426867367224,28.238747553816047,1.5565439518149042,1.0391177396188347,21,0.34152229480261287,2.662758859235704,1.5984737190051148,3,test
s234567,hidden_count_linear,101,resetall250,s234567,1.0,19.551263845498436,25.259295499021526,2.543122049572604,1.5808855787645162,21,0.30548849758591307,4.319922412141226,2.485557547149918,4,test
s234567,hidden_count_linear,101,resetall250,s234567,1.0,27.65098299094323,35.72374429223744,2.4401410393048457,1.597883618428319,21,0.432046609233488,4.197183919029632,2.5122129325120492,5,test
s234567,hidden_count_linear,101,resetall250,s234567,1.0,25.27438543343116,32.653294194390085,3.0710224947438385,1.9410729324450124,21,0.3949122723973619,5.109277487414739,3.003109424333127,6,test
s234567,hidden_count_linear,101,resetall250,s234567,0.9545454545454546,18.499186697993856,23.900062266500623,3.701280303500964,2.24594234427714,22,0.289049792156154,6.253592087067257,3.553817948001572,7,test
s234567,hidden_count_linear,101,reset234,s234,0.9921875,22.83644296313665,36.66887639845095,7.457756340336979,4.019755031602241,128,0.3568194212990102,15.658659601431651,8.06729241923251,all,train
s234567,hidden_count_linear,101,reset234,s234,1.0,13.200169920688452,21.195744015021123,1.031309440361797,0.6720835765507166,22,0.20625265501075707,1.694130272933094,0.9983968346499088,2,train
s234567,hidden_count_linear,101,reset234,s234,1.0,21.6714415714198,34.7982132612081,1.5047693842430536,1.0067279814642456,21,0.33861627455343435,2.5787086236759804,1.5520247858175482,3,train
s234567,hidden_count_linear,101,reset234,s234,0.9523809523809523,19.788979038112306,31.775510204081634,2.4490730328341495,1.5275623241910696,21,0.3092027974705048,4.219583662161302,2.4305418786565998,4,train
s234567,hidden_count_linear,101,reset234,s234,1.0,32.39713936389368,52.02065404475043,8.396869594137083,4.524679945001264,21,0.5062053025608387,12.873570111755216,6.742604921649495,5,train
s234567,hidden_count_linear,101,reset234,s234,1.0,28.664116116240656,46.02647323989837,13.066610001060736,6.8857457289446,21,0.44787681431626025,20.20232810875578,10.429546906704292,6,train
s234567,hidden_count_linear,101,reset234,s234,1.0,21.80480741560682,35.01236113284306,18.097284542546404,9.404717278467425,22,0.34070011586885657,29.199139900984505,14.916160812999141,7,train
s234567,hidden_count_linear,101,reset234,s234,0.9765625,21.37481344921429,30.193514384920636,5.858604792160477,3.200468365924853,128,0.3339814601439733,12.627595635707308,6.552974529003751,all,val
s234567,hidden_count_linear,101,reset234,s234,0.9545454545454546,12.502885052792875,17.66125541125541,0.9292035403747775,0.6117952345751431,22,0.19535757894988867,1.5972398130996217,0.9472935236935611,2,val
s234567,hidden_count_linear,101,reset234,s234,1.0,19.40405750571671,27.409674981103553,1.3252674939697588,0.8907023375806297,21,0.3031883985268236,2.356825172097391,1.4180295009686448,3,val
s234567,hidden_count_linear,101,reset234,s234,0.9523809523809523,18.933978788600857,26.74565381708239,2.076555190814804,1.3143327177679955,21,0.2958434185718884,3.7855773945384485,2.197634430952284,4,val
s234567,hidden_count_linear,101,reset234,s234,1.0,29.975611489438194,42.34278155706727,7.0246743460794026,3.822854613709236,21,0.4683689295224718,11.281489931871517,5.940532295876052,5,val
s234567,hidden_count_linear,101,reset234,s234,0.9523809523809523,26.572423508952348,37.535525321239604,10.43163671403071,5.548784336840697,21,0.41519411732738043,16.920510927501525,8.783851690236554,6,val
s234567,hidden_count_linear,101,reset234,s234,1.0,21.286597872323444,30.06890331890332,13.247186774247611,6.958650070629923,22,0.3326030917550538,22.614942648623956,11.622377389669445,7,val
s234567,hidden_count_linear,101,reset234,s234,0.9765625,22.349444996686547,28.874411386986303,6.747551434556722,3.677396153676897,128,0.3492100780732273,14.085014099516027,7.307976521303416,all,test
s234567,hidden_count_linear,101,reset234,s234,0.9545454545454546,13.478884270136755,17.41407222914072,1.0438480033624014,0.6833339378384051,22,0.2106075667208868,1.7324663527447652,1.0231045215211618,2,test
s234567,hidden_count_linear,101,reset234,s234,1.0,21.857426867367224,28.238747553816047,1.5565439518149042,1.0391177396188347,21,0.34152229480261287,2.662758859235704,1.5984737190051148,3,test
s234567,hidden_count_linear,101,reset234,s234,1.0,19.551263845498436,25.259295499021526,2.543122049572604,1.5808855787645162,21,0.30548849758591307,4.319922412141226,2.485557547149918,4,test
s234567,hidden_count_linear,101,reset234,s234,1.0,31.314841112057813,40.457273320287015,7.672390816312443,4.173520724610669,21,0.48929439237590333,12.151620626714635,6.396270348387026,5,test
s234567,hidden_count_linear,101,reset234,s234,0.9523809523809523,27.88425005522421,36.02511415525114,11.670392575104925,6.210048612097258,21,0.4356914071128783,18.295928897764878,9.513272928973324,6,test
s234567,hidden_count_linear,101,reset234,s234,0.9545454545454546,20.519549370444004,26.51027397260274,15.837752015369901,8.299925176686095,22,0.32061795891318756,25.810790489388147,13.262906517370594,7,test
s234567,hidden_count_linear,101,reset2345,s2345,0.9921875,22.059390021270538,35.42114888123924,6.469171524590919,3.532773389740734,128,0.34467796908235215,14.85632047345333,7.654851509804843,all,train
s234567,hidden_count_linear,101,reset2345,s2345,1.0,13.200169920688452,21.195744015021123,1.031309440361797,0.6720835765507166,22,0.20625265501075707,1.694130272933094,0.9983968346499088,2,train
s234567,hidden_count_linear,101,reset2345,s2345,1.0,21.6714415714198,34.7982132612081,1.5047693842430536,1.0067279814642456,21,0.33861627455343435,2.5787086236759804,1.5520247858175482,3,train
s234567,hidden_count_linear,101,reset2345,s2345,0.9523809523809523,19.788979038112306,31.775510204081634,2.4490730328341495,1.5275623241910696,21,0.3092027974705048,4.219583662161302,2.4305418786565998,4,train
s234567,hidden_count_linear,101,reset2345,s2345,1.0,27.660816670614516,44.415457749364805,2.3712091666686606,1.5564111390783724,21,0.4322002604783518,4.061638918910231,2.4368884366017007,5,train
s234567,hidden_count_linear,101,reset2345,s2345,1.0,28.664116116240656,46.02647323989837,13.066610001060736,6.8857457289446,21,0.44787681431626025,20.20232810875578,10.429546906704292,6,train
s234567,hidden_count_linear,101,reset2345,s2345,1.0,21.80480741560682,35.01236113284306,18.097284542546404,9.404717278467425,22,0.34070011586885657,29.199139900984505,14.916160812999141,7,train
s234567,hidden_count_linear,101,reset2345,s2345,0.9765625,20.646255815995083,29.16437251984127,5.052744491265034,2.8022849727855323,128,0.3225977471249232,11.869626179213594,6.1636102132764865,all,val
s234567,hidden_count_linear,101,reset2345,s2345,0.9545454545454546,12.502885052792875,17.66125541125541,0.9292035403747775,0.6117952345751431,22,0.19535757894988867,1.5972398130996217,0.9472935236935611,2,val
s234567,hidden_count_linear,101,reset2345,s2345,1.0,19.40405750571671,27.409674981103553,1.3252674939697588,0.8907023375806297,21,0.3031883985268236,2.356825172097391,1.4180295009686448,3,val
s234567,hidden_count_linear,101,reset2345,s2345,0.9523809523809523,18.933978788600857,26.74565381708239,2.076555190814804,1.3143327177679955,21,0.2958434185718884,3.7855773945384485,2.197634430952284,4,val
s234567,hidden_count_linear,101,reset2345,s2345,1.0,25.534879248863973,36.06991685563114,2.112765769550731,1.395831765679672,21,0.3989824882634996,3.754300325552951,2.2605457424641093,5,val
s234567,hidden_count_linear,101,reset2345,s2345,0.9523809523809523,26.572423508952348,37.535525321239604,10.43163671403071,5.548784336840697,21,0.41519411732738043,16.920510927501525,8.783851690236554,6,val
s234567,hidden_count_linear,101,reset2345,s2345,1.0,21.286597872323444,30.06890331890332,13.247186774247611,6.958650070629923,22,0.3326030917550538,22.614942648623956,11.622377389669445,7,val
s234567,hidden_count_linear,101,reset2345,s2345,0.9765625,21.748343273691187,28.09781678082192,5.889136130482728,3.254830534210104,128,0.3398178636514248,13.306090115028946,6.908674410811675,all,test
s234567,hidden_count_linear,101,reset2345,s2345,0.9545454545454546,13.478884270136755,17.41407222914072,1.0438480033624014,0.6833339378384051,22,0.2106075667208868,1.7324663527447652,1.0231045215211618,2,test
s234567,hidden_count_linear,101,reset2345,s2345,1.0,21.857426867367224,28.238747553816047,1.5565439518149042,1.0391177396188347,21,0.34152229480261287,2.662758859235704,1.5984737190051148,3,test
s234567,hidden_count_linear,101,reset2345,s2345,1.0,19.551263845498436,25.259295499021526,2.543122049572604,1.5808855787645162,21,0.30548849758591307,4.319922412141226,2.485557547149918,4,test
s234567,hidden_count_linear,101,reset2345,s2345,1.0,27.65098299094323,35.72374429223744,2.4401410393048457,1.597883618428319,21,0.432046609233488,4.197183919029632,2.5122129325120492,5,test
s234567,hidden_count_linear,101,reset2345,s2345,0.9523809523809523,27.88425005522421,36.02511415525114,11.670392575104925,6.210048612097258,21,0.4356914071128783,18.295928897764878,9.513272928973324,6,test
s234567,hidden_count_linear,101,reset2345,s2345,0.9545454545454546,20.519549370444004,26.51027397260274,15.837752015369901,8.299925176686095,22,0.32061795891318756,25.810790489388147,13.262906517370594,7,test
s234567,hidden_count_linear,101,reset23456,s23456,0.9921875,21.43151556768888,34.412959875215144,4.801131986199273,2.7045415202049172,128,0.33486743074513875,12.5575396162062,6.489185270463465,all,train
s234567,hidden_count_linear,101,reset23456,s23456,1.0,13.200169920688452,21.195744015021123,1.031309440361797,0.6720835765507166,22,0.20625265501075707,1.694130272933094,0.9983968346499088,2,train
s234567,hidden_count_linear,101,reset23456,s23456,1.0,21.6714415714198,34.7982132612081,1.5047693842430536,1.0067279814642456,21,0.33861627455343435,2.5787086236759804,1.5520247858175482,3,train
s234567,hidden_count_linear,101,reset23456,s23456,0.9523809523809523,19.788979038112306,31.775510204081634,2.4490730328341495,1.5275623241910696,21,0.3092027974705048,4.219583662161302,2.4305418786565998,4,train
s234567,hidden_count_linear,101,reset23456,s23456,1.0,27.660816670614516,44.415457749364805,2.3712091666686606,1.5564111390783724,21,0.4322002604783518,4.061638918910231,2.4368884366017007,5,train
s234567,hidden_count_linear,101,reset23456,s23456,1.0,24.83707182774294,39.881321203180065,2.8995115382897594,1.8374754605226953,21,0.3880792473084834,4.901177278211689,2.877824214590988,6,train
s234567,hidden_count_linear,101,reset23456,s23456,1.0,21.80480741560682,35.01236113284306,18.097284542546404,9.404717278467425,22,0.34070011586885657,29.199139900984505,14.916160812999141,7,train
s234567,hidden_count_linear,101,reset23456,s23456,0.984375,20.034105873057676,28.299665178571427,3.7605569226801863,2.1591873175643053,128,0.3130329042665262,9.861926470742716,5.146765636279971,all,val
s234567,hidden_count_linear,101,reset23456,s23456,0.9545454545454546,12.502885052792875,17.66125541125541,0.9292035403747775,0.6117952345751431,22,0.19535757894988867,1.5972398130996217,0.9472935236935611,2,val
s234567,hidden_count_linear,101,reset23456,s23456,1.0,19.40405750571671,27.409674981103553,1.3252674939697588,0.8907023375806297,21,0.3031883985268236,2.356825172097391,1.4180295009686448,3,val
s234567,hidden_count_linear,101,reset23456,s23456,0.9523809523809523,18.933978788600857,26.74565381708239,2.076555190814804,1.3143327177679955,21,0.2958434185718884,3.7855773945384485,2.197634430952284,4,val
s234567,hidden_count_linear,101,reset23456,s23456,1.0,25.534879248863973,36.06991685563114,2.112765769550731,1.395831765679672,21,0.3989824882634996,3.754300325552951,2.2605457424641093,5,val
s234567,hidden_count_linear,101,reset23456,s23456,1.0,22.84122385676244,32.26492819349962,2.5554432070431545,1.6289514016913937,21,0.3568941227619131,4.512853936333502,2.6561905245522257,6,val
s234567,hidden_count_linear,101,reset23456,s23456,1.0,21.286597872323444,30.06890331890332,13.247186774247611,6.958650070629923,22,0.3326030917550538,22.614942648623956,11.622377389669445,7,val
s234567,hidden_count_linear,101,reset23456,s23456,0.984375,21.320162359178262,27.54462756849315,4.478301536807799,2.554452096017644,128,0.33312753686216034,11.243503987495728,5.861856347248455,all,test
s234567,hidden_count_linear,101,reset23456,s23456,0.9545454545454546,13.478884270136755,17.41407222914072,1.0438480033624014,0.6833339378384051,22,0.2106075667208868,1.7324663527447652,1.0231045215211618,2,test
s234567,hidden_count_linear,101,reset23456,s23456,1.0,21.857426867367224,28.238747553816047,1.5565439518149042,1.0391177396188347,21,0.34152229480261287,2.662758859235704,1.5984737190051148,3,test
s234567,hidden_count_linear,101,reset23456,s23456,1.0,19.551263845498436,25.259295499021526,2.543122049572604,1.5808855787645162,21,0.30548849758591307,4.319922412141226,2.485557547149918,4,test
s234567,hidden_count_linear,101,reset23456,s23456,1.0,27.65098299094323,35.72374429223744,2.4401410393048457,1.597883618428319,21,0.432046609233488,4.197183919029632,2.5122129325120492,5,test
s234567,hidden_count_linear,101,reset23456,s23456,1.0,25.27438543343116,32.653294194390085,3.0710224947438385,1.9410729324450124,21,0.3949122723973619,5.109277487414739,3.003109424333127,6,test
s234567,hidden_count_linear,101,reset23456,s23456,0.9545454545454546,20.519549370444004,26.51027397260274,15.837752015369901,8.299925176686095,22,0.32061795891318756,25.810790489388147,13.262906517370594,7,test
s234567,hidden_count_linear,101,reset67,s67,0.984375,22.924832934161824,36.810805722891565,4.0876753484725405,2.319643445021103,128,0.3582005145962785,7.400495815457433,3.9562003957033323,all,train
s234567,hidden_count_linear,101,reset67,s67,0.9545454545454546,14.889291190160435,23.907995618838992,1.3485368464105778,0.8052218268624662,22,0.2326451748462568,2.104612425677644,1.1661883840400133,2,train
s234567,hidden_count_linear,101,reset67,s67,1.0,24.94308795251733,40.051553151381036,2.5988357979482344,1.5161364634201782,21,0.3897357492580833,4.069704150795913,2.23461089408298,3,train
s234567,hidden_count_linear,101,reset67,s67,0.9523809523809523,22.640031838015325,36.353495615113516,6.016263597153401,3.2314143990454975,21,0.35375049746898946,9.29916412491725,4.846362913588965,4,train
s234567,hidden_count_linear,101,reset67,s67,1.0,32.39713936389368,52.02065404475043,8.396869594137083,4.524679945001264,21,0.5062053025608387,12.873570111755216,6.742604921649495,5,train
s234567,hidden_count_linear,101,reset67,s67,1.0,24.83707182774294,39.881321203180065,2.8995115382897594,1.8374754605226953,21,0.3880792473084834,4.901177278211689,2.877824214590988,6,train
s234567,hidden_count_linear,101,reset67,s67,1.0,18.4386481256195,29.60726020966985,3.4278882425084922,2.0861660188694184,22,0.2881038769628047,5.8939095905644745,3.348970844227579,7,train
s234567,hidden_count_linear,101,reset67,s67,0.984375,21.40400316038978,30.234747023809526,3.4589231630234396,1.9854166323742428,128,0.3344375493810903,6.5331334096425095,3.515153058847748,all,val
s234567,hidden_count_linear,101,reset67,s67,0.9545454545454546,14.109001524329415,19.93001443001443,1.2123920599197133,0.7316826706291251,22,0.2204531488176471,1.9837784936616563,1.1059144534536631,2,val
s234567,hidden_count_linear,101,reset67,s67,1.0,22.450338822211354,31.712773998488284,2.2582923653176485,1.327561493827625,21,0.3507865440970524,3.6855396749361167,2.0274078063956855,3,val
s234567,hidden_count_linear,101,reset67,s67,0.9523809523809523,21.72100781318585,30.682539682539684,4.946063308125463,2.690304793675876,21,0.3393907470810289,8.139323820011835,4.271423871610795,4,val
s234567,hidden_count_linear,101,reset67,s67,1.0,29.975611489438194,42.34278155706727,7.0246743460794026,3.822854613709236,21,0.4683689295224718,11.281489931871517,5.940532295876052,5,val
s234567,hidden_count_linear,101,reset67,s67,1.0,22.84122385676244,32.26492819349962,2.5554432070431545,1.6289514016913937,21,0.3568941227619131,4.512853936333502,2.6561905245522257,6,val
s234567,hidden_count_linear,101,reset67,s67,1.0,17.843752244595017,25.205627705627705,2.8907104193103006,1.780600813241714,22,0.27880862882179713,5.221607552610229,2.9846910425483437,7,val
s234567,hidden_count_linear,101,reset67,s67,0.9765625,22.67159542743539,29.290614297945204,4.0299510715653994,2.302679710312345,128,0.35424367855367794,7.244988612391584,3.8970846231336536,all,test
s234567,hidden_count_linear,101,reset67,s67,0.9545454545454546,15.031748900536178,19.42029887920299,1.355659338241385,0.8137919641243448,22,0.23487107657087777,2.1445380194902244,1.191595354636692,2,test
s234567,hidden_count_linear,101,reset67,s67,0.9523809523809523,24.839660449998423,32.09165035877365,2.629870824655243,1.5376878424394111,21,0.38811969453122536,4.145874186361561,2.2763758832084604,3,test
s234567,hidden_count_linear,101,reset67,s67,1.0,21.632238316134938,27.94781474233529,5.892480681387863,3.177662786919357,21,0.3380037236896084,9.121162055891471,4.768505894548604,4,test
s234567,hidden_count_linear,101,reset67,s67,1.0,31.314841112057813,40.457273320287015,7.672390816312443,4.173520724610669,21,0.48929439237590333,12.151620626714635,6.396270348387026,5,test
s234567,hidden_count_linear,101,reset67,s67,1.0,25.27438543343116,32.653294194390085,3.0710224947438385,1.9410729324450124,21,0.3949122723973619,5.109277487414739,3.003109424333127,6,test
s234567,hidden_count_linear,101,reset67,s67,0.9545454545454546,18.499186697993856,23.900062266500623,3.701280303500964,2.24594234427714,22,0.289049792156154,6.253592087067257,3.553817948001572,7,test
s234567,hidden_count_linear,101,reset567,s567,0.984375,22.14777999229571,35.563078205679865,3.099090532726481,1.8326618849391612,128,0.3460590623796205,5.503088366392578,3.027716490467605,all,train
s234567,hidden_count_linear,101,reset567,s567,0.9545454545454546,14.889291190160435,23.907995618838992,1.3485368464105778,0.8052218268624662,22,0.2326451748462568,2.104612425677644,1.1661883840400133,2,train
s234567,hidden_count_linear,101,reset567,s567,1.0,24.94308795251733,40.051553151381036,2.5988357979482344,1.5161364634201782,21,0.3897357492580833,4.069704150795913,2.23461089408298,3,train
s234567,hidden_count_linear,101,reset567,s567,0.9523809523809523,22.640031838015325,36.353495615113516,6.016263597153401,3.2314143990454975,21,0.35375049746898946,9.29916412491725,4.846362913588965,4,train
s234567,hidden_count_linear,101,reset567,s567,1.0,27.660816670614516,44.415457749364805,2.3712091666686606,1.5564111390783724,21,0.4322002604783518,4.061638918910231,2.4368884366017007,5,train
s234567,hidden_count_linear,101,reset567,s567,1.0,24.83707182774294,39.881321203180065,2.8995115382897594,1.8374754605226953,21,0.3880792473084834,4.901177278211689,2.877824214590988,6,train
s234567,hidden_count_linear,101,reset567,s567,1.0,18.4386481256195,29.60726020966985,3.4278882425084922,2.0861660188694184,22,0.2881038769628047,5.8939095905644745,3.348970844227579,7,train
s234567,hidden_count_linear,101,reset567,s567,0.984375,20.675445527170574,29.205605158730158,2.6530632050522343,1.5872334106970416,128,0.3230538363620402,4.9105696689597345,2.7211977870800657,all,val
s234567,hidden_count_linear,101,reset567,s567,0.9545454545454546,14.109001524329415,19.93001443001443,1.2123920599197133,0.7316826706291251,22,0.2204531488176471,1.9837784936616563,1.1059144534536631,2,val
s234567,hidden_count_linear,101,reset567,s567,1.0,22.450338822211354,31.712773998488284,2.2582923653176485,1.327561493827625,21,0.3507865440970524,3.6855396749361167,2.0274078063956855,3,val
s234567,hidden_count_linear,101,reset567,s567,0.9523809523809523,21.72100781318585,30.682539682539684,4.946063308125463,2.690304793675876,21,0.3393907470810289,8.139323820011835,4.271423871610795,4,val
s234567,hidden_count_linear,101,reset567,s567,1.0,25.534879248863973,36.06991685563114,2.112765769550731,1.395831765679672,21,0.3989824882634996,3.754300325552951,2.2605457424641093,5,val
s234567,hidden_count_linear,101,reset567,s567,1.0,22.84122385676244,32.26492819349962,2.5554432070431545,1.6289514016913937,21,0.3568941227619131,4.512853936333502,2.6561905245522257,6,val
s234567,hidden_count_linear,101,reset567,s567,1.0,17.843752244595017,25.205627705627705,2.8907104193103006,1.780600813241714,22,0.27880862882179713,5.221607552610229,2.9846910425483437,7,val
s234567,hidden_count_linear,101,reset567,s567,0.9765625,22.070493704440025,28.51401969178082,3.171535059661562,1.8801142728589402,128,0.3448514641318754,5.581600272757811,3.083915205294331,all,test
s234567,hidden_count_linear,101,reset567,s567,0.9545454545454546,15.031748900536178,19.42029887920299,1.355659338241385,0.8137919641243448,22,0.23487107657087777,2.1445380194902244,1.191595354636692,2,test
s234567,hidden_count_linear,101,reset567,s567,0.9523809523809523,24.839660449998423,32.09165035877365,2.629870824655243,1.5376878424394111,21,0.38811969453122536,4.145874186361561,2.2763758832084604,3,test
s234567,hidden_count_linear,101,reset567,s567,1.0,21.632238316134938,27.94781474233529,5.892480681387863,3.177662786919357,21,0.3380037236896084,9.121162055891471,4.768505894548604,4,test
s234567,hidden_count_linear,101,reset567,s567,1.0,27.65098299094323,35.72374429223744,2.4401410393048457,1.597883618428319,21,0.432046609233488,4.197183919029632,2.5122129325120492,5,test
s234567,hidden_count_linear,101,reset567,s567,1.0,25.27438543343116,32.653294194390085,3.0710224947438385,1.9410729324450124,21,0.3949122723973619,5.109277487414739,3.003109424333127,6,test
s234567,hidden_count_linear,101,reset567,s567,0.9545454545454546,18.499186697993856,23.900062266500623,3.701280303500964,2.24594234427714,22,0.289049792156154,6.253592087067257,3.553817948001572,7,test
s234567,output_lif,11,normal,none,0.9921875,20.782496189726498,33.370818093803784,8.76119732349222,4.62780333807175,128,0.3247265029644765,16.720361353126354,8.584563660372243,all,train
s234567,output_lif,11,normal,none,1.0,14.32298634087369,22.9986700046941,1.4450895242982016,0.8491837435880063,22,0.2237966615761514,2.2312856777062873,1.2291564894327625,2,train
s234567,output_lif,11,normal,none,1.0,22.802552464535147,36.6144578313253,2.7593272195491156,1.58135479747529,21,0.35628988225836167,4.198240466392222,2.296762611877598,3,train
s234567,output_lif,11,normal,none,0.9523809523809523,16.75677494941568,26.906646996147856,6.16333850940346,3.264105937566545,21,0.26182460858462,9.563472397136652,4.908853954155897,4,train
s234567,output_lif,11,normal,none,1.0,29.31940499917454,47.07868207523973,10.681387362253927,5.666517126890282,21,0.4581157031121022,16.914317623618924,8.75047847147678,5,train
s234567,output_lif,11,normal,none,1.0,22.970789897012953,36.884599622981725,13.444153473270662,7.033197331891371,21,0.3589185921408274,21.342613747139414,10.956427134499833,6,train
s234567,output_lif,11,normal,none,1.0,18.918811103312084,30.37826631200125,17.98313487683034,9.328551586002554,22,0.2956064234892513,28.45337160102758,14.544569429292919,7,train
s234567,output_lif,11,normal,none,0.953125,19.390527609516283,27.390562996031747,7.094576447414625,3.7833949911114035,128,0.3029769938986919,13.961446910131585,7.209794859098284,all,val
s234567,output_lif,11,normal,none,0.9545454545454546,12.721239255871861,17.96969696969697,1.2929810017477914,0.7611017045953344,22,0.19876936337299783,2.0811436925310898,1.1499155459090733,2,val
s234567,output_lif,11,normal,none,1.0,21.39941725087893,30.22826908541194,2.5320585173758734,1.4587167552913536,21,0.3343658945449833,4.038139854602987,2.2145710762903033,3,val
s234567,output_lif,11,normal,none,0.8571428571428571,17.16710351948698,24.249811035525322,5.226785662030593,2.8015582999945656,21,0.26823599249198404,8.542367681147288,4.414467766024,4,val
s234567,output_lif,11,normal,none,0.9523809523809523,27.200354498747966,38.42252456538171,8.882641266496941,4.755538520385768,21,0.425005539042937,14.658322665530951,7.627500969723809,5,val
s234567,output_lif,11,normal,none,1.0,21.14658606836642,29.871126228269084,10.875825108377123,5.735627751232176,21,0.33041540731822533,18.287192523365803,9.437946467064812,6,val
s234567,output_lif,11,normal,none,0.9545454545454546,17.13352646826442,24.202380952380953,13.718032976592365,7.17045554305233,22,0.2677113510666316,22.808324424458984,11.71622933235424,7,val
s234567,output_lif,11,normal,none,0.9296875,20.48090622929092,26.460348886986303,7.853997353768017,4.189408673285806,128,0.3200141598326706,14.937866216940936,7.71585066652658,all,test
s234567,output_lif,11,normal,none,0.9090909090909091,14.849810229531899,19.18524283935243,1.4938962931690163,0.8815059380342001,22,0.23202828483643592,2.2628929125931343,1.2535114048888685,2,test
s234567,output_lif,11,normal,none,1.0,23.751585723752722,30.685909980430527,2.7738286304001387,1.603680388526973,21,0.3711185269336363,4.18896025796081,2.3077546444332864,3,test
s234567,output_lif,11,normal,none,0.8571428571428571,16.078765502224748,20.772994129158512,6.03225309600729,3.210048673731421,21,0.2512307109722617,9.405232633187564,4.839687812507604,4,test
s234567,output_lif,11,normal,none,0.9523809523809523,28.577992363280632,36.92139595564253,9.619624391547541,5.154906960765171,21,0.4465311306762599,15.443194704907375,8.041124840048026,5,test
s234567,output_lif,11,normal,none,0.9047619047619048,21.59563255388305,27.90052185257665,11.592377160647228,6.1195409388904665,21,0.33743175865442265,18.828477933859016,9.722623203706311,6,test
s234567,output_lif,11,normal,none,0.9545454545454546,18.39893969516236,23.77054794520548,15.54846477479818,8.136339103165101,22,0.28748343273691185,25.018212234896545,12.861399216048227,7,test
s234567,output_lif,11,resetall250,s234567,1.0,17.96252533203812,28.84274150172117,2.483617982920763,1.5379448677500125,128,0.2806644583130956,4.461851524075531,2.562275149786682,all,train
s234567,output_lif,11,resetall250,s234567,1.0,12.746999362036124,20.468080112658427,1.1034296910328771,0.7073995673188921,22,0.19917186503181444,1.7941881823603798,1.0509369401140936,2,train
s234567,output_lif,11,resetall250,s234567,1.0,19.869779965179166,31.905253667732154,1.601344128310711,1.0463614056380084,21,0.3104653119559245,2.659547488147251,1.5929478625019657,3,train
s234567,output_lif,11,resetall250,s234567,1.0,13.758769610646276,22.092697319891812,2.6040062852564945,1.5664232134183835,21,0.21498077516634806,4.431651089405658,2.478439778989937,4,train
s234567,output_lif,11,resetall250,s234567,1.0,25.59031205561763,41.09081222850586,3.077541159328052,1.9376480693019165,21,0.3998486258690255,5.3720621907241295,3.1228651846736573,5,train
s234567,output_lif,11,resetall250,s234567,1.0,19.661524890995473,31.570854847963282,3.04859000938711,1.8791823035426172,21,0.30721132642180426,5.2106515927349975,3.0002591246260146,6,train
s234567,output_lif,11,resetall250,s234567,1.0,16.467324525676144,26.441871381630417,3.484842981331563,2.1032830825759734,22,0.25730194571368975,5.800638003601475,3.302481294868605,7,train
s234567,output_lif,11,resetall250,s234567,0.96875,16.802168378544465,23.734312996031747,2.2188004098630496,1.381684193524493,128,0.26253388091475727,4.155945131749099,2.3946495646102814,all,val
s234567,output_lif,11,resetall250,s234567,0.9545454545454546,11.316621575246806,15.985569985569986,0.9911348472877312,0.6355139948005204,22,0.17682221211323135,1.6763288255524456,0.9844031332410551,2,val
s234567,output_lif,11,resetall250,s234567,1.0,18.700143388054897,26.415343915343914,1.4818268442922775,0.9720543526426461,21,0.29218974043835777,2.574099380716815,1.544048782640226,3,val
s234567,output_lif,11,resetall250,s234567,0.9047619047619048,14.027181024284001,19.814436885865458,2.280391840258182,1.3894523297423613,21,0.21917470350443752,4.0743956362379015,2.294448404442988,4,val
s234567,output_lif,11,resetall250,s234567,0.9523809523809523,23.85281613303736,33.69387755102041,2.74920075790829,1.7412046791326485,21,0.37270025207870877,4.953012344938478,2.891792794076811,5,val
s234567,output_lif,11,resetall250,s234567,1.0,18.289995025312383,25.835978835978835,2.762203661202871,1.7081074605682849,21,0.285781172270506,4.973296976412085,2.8674776559553323,6,val
s234567,output_lif,11,resetall250,s234567,1.0,14.97450140062729,21.1525974025974,3.0661529536875203,1.8566857257723401,22,0.2339765843848014,5.336972388493732,3.043430461618747,7,val
s234567,output_lif,11,resetall250,s234567,0.9375,18.223243870112658,23.543557363013697,2.559274277835591,1.5862640117951148,128,0.2847381854705103,4.553319940463533,2.6167129486166183,all,test
s234567,output_lif,11,resetall250,s234567,0.9090909090909091,13.32827278751732,17.219489414694895,1.1459845184339041,0.7371286823919174,22,0.20825426230495814,1.8254087128951013,1.074684107571181,2,test
s234567,output_lif,11,resetall250,s234567,1.0,21.135914670705922,27.30658838878017,1.6404850442237449,1.0807226873752525,21,0.33024866672978004,2.686291262838199,1.6196684800626293,3,test
s234567,output_lif,11,resetall250,s234567,0.8571428571428571,13.633248130266024,17.613502935420744,2.695979135109975,1.6205530180770535,21,0.21301950203540662,4.530363996668091,2.5318255945975388,4,test
s234567,output_lif,11,resetall250,s234567,0.9523809523809523,25.925968001514722,33.495107632093934,3.1054020310182557,1.9613151325183817,21,0.40509325002366753,5.356433008079171,3.123016111094462,5,test
s234567,output_lif,11,resetall250,s234567,0.9523809523809523,19.077913471551643,24.64774951076321,3.1156240878143837,1.9166848949704551,21,0.2980923979929944,5.30843732077843,3.053357755996246,6,test
s234567,output_lif,11,resetall250,s234567,0.9545454545454546,16.550876558828843,21.38293897882939,3.6667337358425205,2.211825372339825,22,0.2586074462317007,6.0439517897349875,3.4425652174081613,7,test
s234567,output_lif,11,reset234,s234,1.0,19.538605188671344,31.373480529259897,7.928540099988276,4.237136008968798,128,0.30529070607298975,16.30195802338433,8.380342506099442,all,train
s234567,output_lif,11,reset234,s234,1.0,12.746999362036124,20.468080112658427,1.1034296910328771,0.7073995673188921,22,0.19917186503181444,1.7941881823603798,1.0509369401140936,2,train
s234567,output_lif,11,reset234,s234,1.0,19.869779965179166,31.905253667732154,1.601344128310711,1.0463614056380084,21,0.3104653119559245,2.659547488147251,1.5929478625019657,3,train
s234567,output_lif,11,reset234,s234,1.0,13.758769610646276,22.092697319891812,2.6040062852564945,1.5664232134183835,21,0.21498077516634806,4.431651089405658,2.478439778989937,4,train
s234567,output_lif,11,reset234,s234,1.0,29.31940499917454,47.07868207523973,10.681387362253927,5.666517126890282,21,0.4581157031121022,16.914317623618924,8.75047847147678,5,train
s234567,output_lif,11,reset234,s234,1.0,22.970789897012953,36.884599622981725,13.444153473270662,7.033197331891371,21,0.3589185921408274,21.342613747139414,10.956427134499833,6,train
s234567,output_lif,11,reset234,s234,1.0,18.918811103312084,30.37826631200125,17.98313487683034,9.328551586002554,22,0.2956064234892513,28.45337160102758,14.544569429292919,7,train
s234567,output_lif,11,reset234,s234,0.9609375,18.191115793170045,25.696304563492063,6.3870002907997545,3.450292788714775,128,0.28423618426828196,13.55816713491509,7.012380569901553,all,val
s234567,output_lif,11,reset234,s234,0.9545454545454546,11.316621575246806,15.985569985569986,0.9911348472877312,0.6355139948005204,22,0.17682221211323135,1.6763288255524456,0.9844031332410551,2,val
s234567,output_lif,11,reset234,s234,1.0,18.700143388054897,26.415343915343914,1.4818268442922775,0.9720543526426461,21,0.29218974043835777,2.574099380716815,1.544048782640226,3,val
s234567,output_lif,11,reset234,s234,0.9047619047619048,14.027181024284001,19.814436885865458,2.280391840258182,1.3894523297423613,21,0.21917470350443752,4.0743956362379015,2.294448404442988,4,val
s234567,output_lif,11,reset234,s234,0.9523809523809523,27.200354498747966,38.42252456538171,8.882641266496941,4.755538520385768,21,0.425005539042937,14.658322665530951,7.627500969723809,5,val
s234567,output_lif,11,reset234,s234,1.0,21.14658606836642,29.871126228269084,10.875825108377123,5.735627751232176,21,0.33041540731822533,18.287192523365803,9.437946467064812,6,val
s234567,output_lif,11,reset234,s234,0.9545454545454546,17.13352646826442,24.202380952380953,13.718032976592365,7.17045554305233,22,0.2677113510666316,22.808324424458984,11.71622933235424,7,val
s234567,output_lif,11,reset234,s234,0.9296875,19.389040755467196,25.04971104452055,7.060903540346463,3.818019535780111,128,0.30295376180417494,14.491100353990838,7.498554669037521,all,test
s234567,output_lif,11,reset234,s234,0.9090909090909091,13.32827278751732,17.219489414694895,1.1459845184339041,0.7371286823919174,22,0.20825426230495814,1.8254087128951013,1.074684107571181,2,test
s234567,output_lif,11,reset234,s234,1.0,21.135914670705922,27.30658838878017,1.6404850442237449,1.0807226873752525,21,0.33024866672978004,2.686291262838199,1.6196684800626293,3,test
s234567,output_lif,11,reset234,s234,0.8571428571428571,13.633248130266024,17.613502935420744,2.695979135109975,1.6205530180770535,21,0.21301950203540662,4.530363996668091,2.5318255945975388,4,test
s234567,output_lif,11,reset234,s234,0.9523809523809523,28.577992363280632,36.92139595564253,9.619624391547541,5.154906960765171,21,0.4465311306762599,15.443194704907375,8.041124840048026,5,test
s234567,output_lif,11,reset234,s234,0.9047619047619048,21.59563255388305,27.90052185257665,11.592377160647228,6.1195409388904665,21,0.33743175865442265,18.828477933859016,9.722623203706311,6,test
s234567,output_lif,11,reset234,s234,0.9545454545454546,18.39893969516236,23.77054794520548,15.54846477479818,8.136339103165101,22,0.28748343273691185,25.018212234896545,12.861399216048227,7,test
s234567,output_lif,11,reset2345,s2345,1.0,18.92680087761904,30.39109563253012,6.681033853337967,3.6253683351617063,128,0.2957312637127975,14.951628744733945,7.698552660161687,all,train
s234567,output_lif,11,reset2345,s2345,1.0,12.746999362036124,20.468080112658427,1.1034296910328771,0.7073995673188921,22,0.19917186503181444,1.7941881823603798,1.0509369401140936,2,train
s234567,output_lif,11,reset2345,s2345,1.0,19.869779965179166,31.905253667732154,1.601344128310711,1.0463614056380084,21,0.3104653119559245,2.659547488147251,1.5929478625019657,3,train
s234567,output_lif,11,reset2345,s2345,1.0,13.758769610646276,22.092697319891812,2.6040062852564945,1.5664232134183835,21,0.21498077516634806,4.431651089405658,2.478439778989937,4,train
s234567,output_lif,11,reset2345,s2345,1.0,25.59031205561763,41.09081222850586,3.077541159328052,1.9376480693019165,21,0.3998486258690255,5.3720621907241295,3.1228651846736573,5,train
s234567,output_lif,11,reset2345,s2345,1.0,22.970789897012953,36.884599622981725,13.444153473270662,7.033197331891371,21,0.3589185921408274,21.342613747139414,10.956427134499833,6,train
s234567,output_lif,11,reset2345,s2345,1.0,18.918811103312084,30.37826631200125,17.98313487683034,9.328551586002554,22,0.2956064234892513,28.45337160102758,14.544569429292919,7,train
s234567,output_lif,11,reset2345,s2345,0.9609375,17.64191028004565,24.92051091269841,5.380732664493899,2.9557535142875953,128,0.2756548481257133,12.353024968811516,6.403163225913514,all,val
s234567,output_lif,11,reset2345,s2345,0.9545454545454546,11.316621575246806,15.985569985569986,0.9911348472877312,0.6355139948005204,22,0.17682221211323135,1.6763288255524456,0.9844031332410551,2,val
s234567,output_lif,11,reset2345,s2345,1.0,18.700143388054897,26.415343915343914,1.4818268442922775,0.9720543526426461,21,0.29218974043835777,2.574099380716815,1.544048782640226,3,val
s234567,output_lif,11,reset2345,s2345,0.9047619047619048,14.027181024284001,19.814436885865458,2.280391840258182,1.3894523297423613,21,0.21917470350443752,4.0743956362379015,2.294448404442988,4,val
s234567,output_lif,11,reset2345,s2345,0.9523809523809523,23.85281613303736,33.69387755102041,2.74920075790829,1.7412046791326485,21,0.37270025207870877,4.953012344938478,2.891792794076811,5,val
s234567,output_lif,11,reset2345,s2345,1.0,21.14658606836642,29.871126228269084,10.875825108377123,5.735627751232176,21,0.33041540731822533,18.287192523365803,9.437946467064812,6,val
s234567,output_lif,11,reset2345,s2345,0.9545454545454546,17.13352646826442,24.202380952380953,13.718032976592365,7.17045554305233,22,0.2677113510666316,22.808324424458984,11.71622933235424,7,val
s234567,output_lif,11,reset2345,s2345,0.9296875,18.953943008614978,24.487585616438356,5.992164202286283,3.2940709219617195,128,0.29615535950960903,13.250340572054395,6.871698391854988,all,test
s234567,output_lif,11,reset2345,s2345,0.9090909090909091,13.32827278751732,17.219489414694895,1.1459845184339041,0.7371286823919174,22,0.20825426230495814,1.8254087128951013,1.074684107571181,2,test
s234567,output_lif,11,reset2345,s2345,1.0,21.135914670705922,27.30658838878017,1.6404850442237449,1.0807226873752525,21,0.33024866672978004,2.686291262838199,1.6196684800626293,3,test
s234567,output_lif,11,reset2345,s2345,0.8571428571428571,13.633248130266024,17.613502935420744,2.695979135109975,1.6205530180770535,21,0.21301950203540662,4.530363996668091,2.5318255945975388,4,test
s234567,output_lif,11,reset2345,s2345,0.9523809523809523,25.925968001514722,33.495107632093934,3.1054020310182557,1.9613151325183817,21,0.40509325002366753,5.356433008079171,3.123016111094462,5,test
s234567,output_lif,11,reset2345,s2345,0.9047619047619048,21.59563255388305,27.90052185257665,11.592377160647228,6.1195409388904665,21,0.33743175865442265,18.828477933859016,9.722623203706311,6,test
s234567,output_lif,11,reset2345,s2345,0.9545454545454546,18.39893969516236,23.77054794520548,15.54846477479818,8.136339103165101,22,0.28748343273691185,25.018212234896545,12.861399216048227,7,test
s234567,output_lif,11,reset23456,s23456,1.0,18.383874587569295,29.519309380378658,4.975511926993485,2.7797878467976953,128,0.28724804043077024,12.380387737706382,6.407021869619131,all,train
s234567,output_lif,11,reset23456,s23456,1.0,12.746999362036124,20.468080112658427,1.1034296910328771,0.7073995673188921,22,0.19917186503181444,1.7941881823603798,1.0509369401140936,2,train
s234567,output_lif,11,reset23456,s23456,1.0,19.869779965179166,31.905253667732154,1.601344128310711,1.0463614056380084,21,0.3104653119559245,2.659547488147251,1.5929478625019657,3,train
s234567,output_lif,11,reset23456,s23456,1.0,13.758769610646276,22.092697319891812,2.6040062852564945,1.5664232134183835,21,0.21498077516634806,4.431651089405658,2.478439778989937,4,train
s234567,output_lif,11,reset23456,s23456,1.0,25.59031205561763,41.09081222850586,3.077541159328052,1.9376480693019165,21,0.3998486258690255,5.3720621907241295,3.1228651846736573,5,train
s234567,output_lif,11,reset23456,s23456,1.0,19.661524890995473,31.570854847963282,3.04859000938711,1.8791823035426172,21,0.30721132642180426,5.2106515927349975,3.0002591246260146,6,train
s234567,output_lif,11,reset23456,s23456,1.0,18.918811103312084,30.37826631200125,17.98313487683034,9.328551586002554,22,0.2956064234892513,28.45337160102758,14.544569429292919,7,train
s234567,output_lif,11,reset23456,s23456,0.9609375,17.173250812044596,24.258494543650794,4.049591988741112,2.294988402302256,128,0.2683320439381968,10.089056741303539,5.266464332270381,all,val
s234567,output_lif,11,reset23456,s23456,0.9545454545454546,11.316621575246806,15.985569985569986,0.9911348472877312,0.6355139948005204,22,0.17682221211323135,1.6763288255524456,0.9844031332410551,2,val
s234567,output_lif,11,reset23456,s23456,1.0,18.700143388054897,26.415343915343914,1.4818268442922775,0.9720543526426461,21,0.29218974043835777,2.574099380716815,1.544048782640226,3,val
s234567,output_lif,11,reset23456,s23456,0.9047619047619048,14.027181024284001,19.814436885865458,2.280391840258182,1.3894523297423613,21,0.21917470350443752,4.0743956362379015,2.294448404442988,4,val
s234567,output_lif,11,reset23456,s23456,0.9523809523809523,23.85281613303736,33.69387755102041,2.74920075790829,1.7412046791326485,21,0.37270025207870877,4.953012344938478,2.891792794076811,5,val
s234567,output_lif,11,reset23456,s23456,1.0,18.289995025312383,25.835978835978835,2.762203661202871,1.7081074605682849,21,0.285781172270506,4.973296976412085,2.8674776559553323,6,val
s234567,output_lif,11,reset23456,s23456,0.9545454545454546,17.13352646826442,24.202380952380953,13.718032976592365,7.17045554305233,22,0.2677113510666316,22.808324424458984,11.71622933235424,7,val
s234567,output_lif,11,reset23456,s23456,0.9375,18.54087972166998,23.953927654109588,4.601446779932385,2.604539713218087,128,0.28970124565109345,11.046839989298824,5.765505640950253,all,test
s234567,output_lif,11,reset23456,s23456,0.9090909090909091,13.32827278751732,17.219489414694895,1.1459845184339041,0.7371286823919174,22,0.20825426230495814,1.8254087128951013,1.074684107571181,2,test
s234567,output_lif,11,reset23456,s23456,1.0,21.135914670705922,27.30658838878017,1.6404850442237449,1.0807226873752525,21,0.33024866672978004,2.686291262838199,1.6196684800626293,3,test
s234567,output_lif,11,reset23456,s23456,0.8571428571428571,13.633248130266024,17.613502935420744,2.695979135109975,1.6205530180770535,21,0.21301950203540662,4.530363996668091,2.5318255945975388,4,test
s234567,output_lif,11,reset23456,s23456,0.9523809523809523,25.925968001514722,33.495107632093934,3.1054020310182557,1.9613151325183817,21,0.40509325002366753,5.356433008079171,3.123016111094462,5,test
s234567,output_lif,11,reset23456,s23456,0.9523809523809523,19.077913471551643,24.64774951076321,3.1156240878143837,1.9166848949704551,21,0.2980923979929944,5.30843732077843,3.053357755996246,6,test
s234567,output_lif,11,reset23456,s23456,0.9545454545454546,18.39893969516236,23.77054794520548,15.54846477479818,8.136339103165101,22,0.28748343273691185,25.018212234896545,12.861399216048227,7,test
s234567,output_lif,11,reset67,s67,0.9921875,19.818220644145576,31.822463962994835,4.563781387651364,2.540379968795535,128,0.3096596975647746,8.71363357633703,4.581732469263184,all,train
s234567,output_lif,11,reset67,s67,1.0,14.32298634087369,22.9986700046941,1.4450895242982016,0.8491837435880063,22,0.2237966615761514,2.2312856777062873,1.2291564894327625,2,train
s234567,output_lif,11,reset67,s67,1.0,22.802552464535147,36.6144578313253,2.7593272195491156,1.58135479747529,21,0.35628988225836167,4.198240466392222,2.296762611877598,3,train
s234567,output_lif,11,reset67,s67,0.9523809523809523,16.75677494941568,26.906646996147856,6.16333850940346,3.264105937566545,21,0.26182460858462,9.563472397136652,4.908853954155897,4,train
s234567,output_lif,11,reset67,s67,1.0,29.31940499917454,47.07868207523973,10.681387362253927,5.666517126890282,21,0.4581157031121022,16.914317623618924,8.75047847147678,5,train
s234567,output_lif,11,reset67,s67,1.0,19.661524890995473,31.570854847963282,3.04859000938711,1.8791823035426172,21,0.30721132642180426,5.2106515927349975,3.0002591246260146,6,train
s234567,output_lif,11,reset67,s67,1.0,16.467324525676144,26.441871381630417,3.484842981331563,2.1032830825759734,22,0.25730194571368975,5.800638003601475,3.302481294868605,7,train
s234567,output_lif,11,reset67,s67,0.9609375,18.5507857080151,26.20436507936508,3.9326438498595384,2.2093255846172415,128,0.2898560266877359,7.71988593139721,4.08839718598215,all,val
s234567,output_lif,11,reset67,s67,0.9545454545454546,12.721239255871861,17.96969696969697,1.2929810017477914,0.7611017045953344,22,0.19876936337299783,2.0811436925310898,1.1499155459090733,2,val
s234567,output_lif,11,reset67,s67,1.0,21.39941725087893,30.22826908541194,2.5320585173758734,1.4587167552913536,21,0.3343658945449833,4.038139854602987,2.2145710762903033,3,val
s234567,output_lif,11,reset67,s67,0.8571428571428571,17.16710351948698,24.249811035525322,5.226785662030593,2.8015582999945656,21,0.26823599249198404,8.542367681147288,4.414467766024,4,val
s234567,output_lif,11,reset67,s67,0.9523809523809523,27.200354498747966,38.42252456538171,8.882641266496941,4.755538520385768,21,0.425005539042937,14.658322665530951,7.627500969723809,5,val
s234567,output_lif,11,reset67,s67,1.0,18.289995025312383,25.835978835978835,2.762203661202871,1.7081074605682849,21,0.285781172270506,4.973296976412085,2.8674776559553323,6,val
s234567,output_lif,11,reset67,s67,1.0,14.97450140062729,21.1525974025974,3.0661529536875203,1.8566857257723401,22,0.2339765843848014,5.336972388493732,3.043430461618747,7,val
s234567,output_lif,11,reset67,s67,0.9375,19.750207090788603,25.516320633561644,4.4211082382657185,2.481601722671782,128,0.3085969857935719,8.264443039748546,4.377362748635149,all,test
s234567,output_lif,11,reset67,s67,0.9090909090909091,14.849810229531899,19.18524283935243,1.4938962931690163,0.8815059380342001,22,0.23202828483643592,2.2628929125931343,1.2535114048888685,2,test
s234567,output_lif,11,reset67,s67,1.0,23.751585723752722,30.685909980430527,2.7738286304001387,1.603680388526973,21,0.3711185269336363,4.18896025796081,2.3077546444332864,3,test
s234567,output_lif,11,reset67,s67,0.8571428571428571,16.078765502224748,20.772994129158512,6.03225309600729,3.210048673731421,21,0.2512307109722617,9.405232633187564,4.839687812507604,4,test
s234567,output_lif,11,reset67,s67,0.9523809523809523,28.577992363280632,36.92139595564253,9.619624391547541,5.154906960765171,21,0.4465311306762599,15.443194704907375,8.041124840048026,5,test
s234567,output_lif,11,reset67,s67,0.9523809523809523,19.077913471551643,24.64774951076321,3.1156240878143837,1.9166848949704551,21,0.2980923979929944,5.30843732077843,3.053357755996246,6,test
s234567,output_lif,11,reset67,s67,0.9545454545454546,16.550876558828843,21.38293897882939,3.6667337358425205,2.211825372339825,22,0.2586074462317007,6.0439517897349875,3.4425652174081613,7,test
s234567,output_lif,11,reset567,s567,0.9921875,19.206416333093273,30.84007906626506,3.316275468119316,1.9286123440561826,128,0.3001002552045824,5.8073037935195835,3.1669935017752615,all,train
s234567,output_lif,11,reset567,s567,1.0,14.32298634087369,22.9986700046941,1.4450895242982016,0.8491837435880063,22,0.2237966615761514,2.2312856777062873,1.2291564894327625,2,train
s234567,output_lif,11,reset567,s567,1.0,22.802552464535147,36.6144578313253,2.7593272195491156,1.58135479747529,21,0.35628988225836167,4.198240466392222,2.296762611877598,3,train
s234567,output_lif,11,reset567,s567,0.9523809523809523,16.75677494941568,26.906646996147856,6.16333850940346,3.264105937566545,21,0.26182460858462,9.563472397136652,4.908853954155897,4,train
s234567,output_lif,11,reset567,s567,1.0,25.59031205561763,41.09081222850586,3.077541159328052,1.9376480693019165,21,0.3998486258690255,5.3720621907241295,3.1228651846736573,5,train
s234567,output_lif,11,reset567,s567,1.0,19.661524890995473,31.570854847963282,3.04859000938711,1.8791823035426172,21,0.30721132642180426,5.2106515927349975,3.0002591246260146,6,train
s234567,output_lif,11,reset567,s567,1.0,16.467324525676144,26.441871381630417,3.484842981331563,2.1032830825759734,22,0.25730194571368975,5.800638003601475,3.302481294868605,7,train
s234567,output_lif,11,reset567,s567,0.9609375,18.001580194890703,25.428571428571427,2.9263762235536825,1.7147863101900622,128,0.28127469054516724,5.326345360432813,2.922670948946227,all,val
s234567,output_lif,11,reset567,s567,0.9545454545454546,12.721239255871861,17.96969696969697,1.2929810017477914,0.7611017045953344,22,0.19876936337299783,2.0811436925310898,1.1499155459090733,2,val
s234567,output_lif,11,reset567,s567,1.0,21.39941725087893,30.22826908541194,2.5320585173758734,1.4587167552913536,21,0.3343658945449833,4.038139854602987,2.2145710762903033,3,val
s234567,output_lif,11,reset567,s567,0.8571428571428571,17.16710351948698,24.249811035525322,5.226785662030593,2.8015582999945656,21,0.26823599249198404,8.542367681147288,4.414467766024,4,val
s234567,output_lif,11,reset567,s567,0.9523809523809523,23.85281613303736,33.69387755102041,2.74920075790829,1.7412046791326485,21,0.37270025207870877,4.953012344938478,2.891792794076811,5,val
s234567,output_lif,11,reset567,s567,1.0,18.289995025312383,25.835978835978835,2.762203661202871,1.7081074605682849,21,0.285781172270506,4.973296976412085,2.8674776559553323,6,val
s234567,output_lif,11,reset567,s567,1.0,14.97450140062729,21.1525974025974,3.0661529536875203,1.8566857257723401,22,0.2339765843848014,5.336972388493732,3.043430461618747,7,val
s234567,output_lif,11,reset567,s567,0.9375,19.31510934393638,24.95419520547945,3.352368293494243,1.9576531088533902,128,0.30179858349900596,5.820700299329168,3.186410607654647,all,test
s234567,output_lif,11,reset567,s567,0.9090909090909091,14.849810229531899,19.18524283935243,1.4938962931690163,0.8815059380342001,22,0.23202828483643592,2.2628929125931343,1.2535114048888685,2,test
s234567,output_lif,11,reset567,s567,1.0,23.751585723752722,30.685909980430527,2.7738286304001387,1.603680388526973,21,0.3711185269336363,4.18896025796081,2.3077546444332864,3,test
s234567,output_lif,11,reset567,s567,0.8571428571428571,16.078765502224748,20.772994129158512,6.03225309600729,3.210048673731421,21,0.2512307109722617,9.405232633187564,4.839687812507604,4,test
s234567,output_lif,11,reset567,s567,0.9523809523809523,25.925968001514722,33.495107632093934,3.1054020310182557,1.9613151325183817,21,0.40509325002366753,5.356433008079171,3.123016111094462,5,test
s234567,output_lif,11,reset567,s567,0.9523809523809523,19.077913471551643,24.64774951076321,3.1156240878143837,1.9166848949704551,21,0.2980923979929944,5.30843732077843,3.053357755996246,6,test
s234567,output_lif,11,reset567,s567,0.9545454545454546,16.550876558828843,21.38293897882939,3.6667337358425205,2.211825372339825,22,0.2586074462317007,6.0439517897349875,3.4425652174081613,7,test
s234567,output_lif,23,normal,none,1.0,21.783274992881907,34.97778614457831,9.638105796849615,5.080790294165675,128,0.3403636717637798,18.31860627495354,9.410258158763117,all,train
s234567,output_lif,23,normal,none,1.0,10.570504143720015,16.973243623846034,1.8510687417494827,1.0252595130272528,22,0.16516412724562524,2.7799297939499747,1.460735609937395,2,train
s234567,output_lif,23,normal,none,1.0,21.572673539913563,34.639619703303005,3.044201066796826,1.716141079214609,21,0.3370730240611494,4.7572202167483155,2.5637236149409195,3,train
s234567,output_lif,23,normal,none,1.0,16.831705941793537,27.026965002868618,6.554641585057826,3.461137553066682,21,0.262995405340524,9.663355419528024,4.976503975144729,4,train
s234567,output_lif,23,normal,none,1.0,26.569519247563697,42.66314236537988,10.783074808967921,5.69339730046808,21,0.41514873824318277,17.025331368033644,8.779850478262317,5,train
s234567,output_lif,23,normal,none,1.0,30.921488825989137,49.651176133103846,16.482126208381086,8.643270869571806,21,0.48314826290608026,25.639246384175085,13.196572971089624,6,train
s234567,output_lif,23,normal,none,1.0,24.632044057572053,39.55210452198404,19.03677998772795,9.908753465788235,22,0.3848756883995633,30.492160309920777,15.599812470834314,7,train
s234567,output_lif,23,normal,none,0.984375,19.951452901413397,28.182911706349206,7.938170759810377,4.216721260205425,128,0.31174145158458433,15.578319832718302,8.040402815129951,all,val
s234567,output_lif,23,normal,none,0.9545454545454546,9.555741773808668,13.498196248196248,1.6648440555143216,0.9249290209176303,22,0.14930846521576044,2.624308312329834,1.3808422630207735,2,val
s234567,output_lif,23,normal,none,1.0,19.499303961774334,27.54421768707483,2.723088350870152,1.5415878920701807,21,0.304676624402724,4.492781261299167,2.423332381010501,3,val
s234567,output_lif,23,normal,none,1.0,16.21142840421218,22.899848828420257,5.720363507531008,3.0417622935400126,21,0.25330356881581534,8.795372342742912,4.549628237280261,4,val
s234567,output_lif,23,normal,none,0.9523809523809523,25.36364966494016,35.82804232804233,9.193767218062714,4.894775428387491,21,0.39630702601469,15.284970603981881,7.918909463343878,5,val
s234567,output_lif,23,normal,none,1.0,27.702003670399773,39.13114134542706,13.452918135035596,7.103149520716021,21,0.43284380734999645,21.84562805478959,11.297272306711974,6,val
s234567,output_lif,23,normal,none,1.0,21.784343301330395,30.772005772005773,14.843931812196232,7.781141012442039,22,0.3403803640832874,25.16809800040609,12.929728676819014,7,val
s234567,output_lif,23,normal,none,0.9921875,21.340995692511598,27.57154323630137,8.695665444183856,4.6266606092611005,128,0.3334530576954937,16.2961585404642,8.428658842337173,all,test
s234567,output_lif,23,normal,none,0.9545454545454546,10.853906861859148,14.022727272727273,1.9543276562217604,1.0844039029906734,22,0.16959229471654919,2.909680550650146,1.532002248290704,2,test
s234567,output_lif,23,normal,none,1.0,21.49162169838114,27.76614481409002,3.0993816367667013,1.751838131059871,21,0.33580658903720534,4.852279056284915,2.615457700767815,3,test
s234567,output_lif,23,normal,none,1.0,16.616491527028305,21.467710371819962,6.256916709070971,3.3270679740998452,21,0.25963268010981727,9.37624853625646,4.850513218442035,4,test
s234567,output_lif,23,normal,none,1.0,26.25239041938843,33.91682974559687,10.204561692345925,5.432169014681751,21,0.4101936003029442,16.179035167710033,8.394985157910641,5,test
s234567,output_lif,23,normal,none,1.0,29.63753984032314,38.290280495759944,14.4684435549402,7.659143107624097,21,0.46308656000504905,22.74563283693881,11.78404056251166,6,test
s234567,output_lif,23,normal,none,1.0,23.58648111332008,30.472602739726028,16.156116685304838,8.490049287607688,22,0.36853876739562624,26.20181884644843,13.497340155343657,7,test
s234567,output_lif,23,resetall250,s234567,1.0,18.82002947728072,30.219650925129088,2.711478095637865,1.6721899003937981,128,0.29406296058251125,4.788890995708806,2.753603529027178,all,train
s234567,output_lif,23,resetall250,s234567,1.0,9.344736493513018,15.00500704115162,1.4175335340229636,0.8519384718861958,22,0.1460115077111409,2.243048475394575,1.247261444526025,2,train
s234567,output_lif,23,resetall250,s234567,1.0,19.007512080820067,30.520695024997952,1.7767382104834162,1.136531186620058,21,0.29699237626281355,3.030065089763948,1.7794855906542473,3,train
s234567,output_lif,23,resetall250,s234567,1.0,14.234132234634687,22.855995410212277,2.7429210362189327,1.6477409374907783,21,0.222408316166167,4.459483846876758,2.511335416698033,4,train
s234567,output_lif,23,resetall250,s234567,1.0,22.741607229590212,36.51659700024588,3.1415424389897653,1.9501499186104845,21,0.35533761296234706,5.424534363091614,3.1292497046177465,5,train
s234567,output_lif,23,resetall250,s234567,1.0,26.95770058069286,43.28645193016966,3.607047051992787,2.25392412311869,21,0.4212140715733259,6.064804577592969,3.5333132341897193,6,train
s234567,output_lif,23,resetall250,s234567,1.0,20.982707981552338,33.692301674229384,3.602283242637912,2.2064718599311486,22,0.3278548122117553,6.120038597105722,3.500431817047153,7,train
s234567,output_lif,23,resetall250,s234567,0.9765625,17.20757615661487,24.306981646825395,2.4501208122092004,1.5143949307567377,128,0.26886837744710734,4.51216073201217,2.5978119507287882,all,val
s234567,output_lif,23,resetall250,s234567,0.9545454545454546,8.470866154300445,11.965728715728716,1.2784267982697664,0.7702108323157836,22,0.13235728366094446,2.120734538766869,1.1802176129923863,2,val
s234567,output_lif,23,resetall250,s234567,1.0,17.130182140453407,24.197656840513982,1.6113236588200375,1.0316516459318343,21,0.2676590959445845,2.8830001360271664,1.6920721144797994,3,val
s234567,output_lif,23,resetall250,s234567,0.9523809523809523,13.629339787886009,19.252456538170822,2.464577036591127,1.488932495788237,21,0.2129584341857189,4.15147650612392,2.3475873566345165,4,val
s234567,output_lif,23,resetall250,s234567,0.9523809523809523,21.556199338659177,30.44973544973545,2.8576972839877763,1.7827542943259298,21,0.33681561466654963,5.153949683941794,2.980949829632519,5,val
s234567,output_lif,23,resetall250,s234567,1.0,24.38443048187583,34.444822373393805,3.2744807408522183,2.0473081296428677,21,0.38100672627930987,5.693945314781179,3.3217273842405173,6,val
s234567,output_lif,23,resetall250,s234567,1.0,18.432159360260492,26.036796536796537,3.2327460475175775,1.978833469006632,22,0.2880024900040702,5.768010918895276,3.296015195878066,7,val
s234567,output_lif,23,resetall250,s234567,0.9921875,19.10921968190855,24.688195633561644,2.8193117094956306,1.7389069918056763,128,0.2985815575298211,4.91910610761305,2.8321465811534994,all,test
s234567,output_lif,23,resetall250,s234567,0.9545454545454546,9.729260798843304,12.569738480697385,1.5033780508238448,0.9044801091650853,22,0.15201969998192663,2.3540817045963967,1.3107746614722178,2,test
s234567,output_lif,23,resetall250,s234567,1.0,19.233929754804507,24.84931506849315,1.8510229699432375,1.182162204106709,21,0.3005301524188204,3.135050589966804,1.8365241587824537,3,test
s234567,output_lif,23,resetall250,s234567,1.0,14.470636498469501,18.695368558382256,2.7699825969776577,1.6685102369414466,21,0.22610369528858595,4.494783890899615,2.5372374421262984,4,test
s234567,output_lif,23,resetall250,s234567,1.0,23.517308845340654,30.383235485975213,3.307741102985263,2.0546653733353843,21,0.3674579507084477,5.627459963636921,3.252943490484138,5,test
s234567,output_lif,23,resetall250,s234567,1.0,26.9297232478147,34.79191128506197,3.7402586280432484,2.3340127267151063,21,0.4207769257471047,6.177901442429111,3.6020721153705697,6,test
s234567,output_lif,23,resetall250,s234567,1.0,21.125128019760226,27.292652552926526,3.761293684389873,2.302506972252658,22,0.3300801253087535,6.318016661457921,3.619329359442744,7,test
s234567,output_lif,23,reset234,s234,1.0,20.725584939789304,33.279434703098104,8.730288507838276,4.658398251042591,128,0.32383726468420787,17.912110406963382,9.212295658203395,all,train
s234567,output_lif,23,reset234,s234,1.0,9.344736493513018,15.00500704115162,1.4175335340229636,0.8519384718861958,22,0.1460115077111409,2.243048475394575,1.247261444526025,2,train
s234567,output_lif,23,reset234,s234,1.0,19.007512080820067,30.520695024997952,1.7767382104834162,1.136531186620058,21,0.29699237626281355,3.030065089763948,1.7794855906542473,3,train
s234567,output_lif,23,reset234,s234,1.0,14.234132234634687,22.855995410212277,2.7429210362189327,1.6477409374907783,21,0.222408316166167,4.459483846876758,2.511335416698033,4,train
s234567,output_lif,23,reset234,s234,1.0,26.569519247563697,42.66314236537988,10.783074808967921,5.69339730046808,21,0.41514873824318277,17.025331368033644,8.779850478262317,5,train
s234567,output_lif,23,reset234,s234,1.0,30.921488825989137,49.651176133103846,16.482126208381086,8.643270869571806,21,0.48314826290608026,25.639246384175085,13.196572971089624,6,train
s234567,output_lif,23,reset234,s234,1.0,24.632044057572053,39.55210452198404,19.03677998772795,9.908753465788235,22,0.3848756883995633,30.492160309920777,15.599812470834314,7,train
s234567,output_lif,23,reset234,s234,0.9765625,18.952681941883945,26.77207341269841,7.155204766921254,3.8517061852559036,128,0.29613565534193664,15.180952839643508,7.84692702101117,all,val
s234567,output_lif,23,reset234,s234,0.9545454545454546,8.470866154300445,11.965728715728716,1.2784267982697664,0.7702108323157836,22,0.13235728366094446,2.120734538766869,1.1802176129923863,2,val
s234567,output_lif,23,reset234,s234,1.0,17.130182140453407,24.197656840513982,1.6113236588200375,1.0316516459318343,21,0.2676590959445845,2.8830001360271664,1.6920721144797994,3,val
s234567,output_lif,23,reset234,s234,0.9523809523809523,13.629339787886009,19.252456538170822,2.464577036591127,1.488932495788237,21,0.2129584341857189,4.15147650612392,2.3475873566345165,4,val
s234567,output_lif,23,reset234,s234,0.9523809523809523,25.36364966494016,35.82804232804233,9.193767218062714,4.894775428387491,21,0.39630702601469,15.284970603981881,7.918909463343878,5,val
s234567,output_lif,23,reset234,s234,1.0,27.702003670399773,39.13114134542706,13.452918135035596,7.103149520716021,21,0.43284380734999645,21.84562805478959,11.297272306711974,6,val
s234567,output_lif,23,reset234,s234,1.0,21.784343301330395,30.772005772005773,14.843931812196232,7.781141012442039,22,0.3403803640832874,25.16809800040609,12.929728676819014,7,val
s234567,output_lif,23,reset234,s234,0.9921875,20.425240225314777,26.388431078767123,7.841273808969102,4.230166365090706,128,0.3191443785205434,15.865150388905066,8.219576510535667,all,test
s234567,output_lif,23,reset234,s234,0.9545454545454546,9.729260798843304,12.569738480697385,1.5033780508238448,0.9044801091650853,22,0.15201969998192663,2.3540817045963967,1.3107746614722178,2,test
s234567,output_lif,23,reset234,s234,1.0,19.233929754804507,24.84931506849315,1.8510229699432375,1.182162204106709,21,0.3005301524188204,3.135050589966804,1.8365241587824537,3,test
s234567,output_lif,23,reset234,s234,1.0,14.470636498469501,18.695368558382256,2.7699825969776577,1.6685102369414466,21,0.22610369528858595,4.494783890899615,2.5372374421262984,4,test
s234567,output_lif,23,reset234,s234,1.0,26.25239041938843,33.91682974559687,10.204561692345925,5.432169014681751,21,0.4101936003029442,16.179035167710033,8.394985157910641,5,test
s234567,output_lif,23,reset234,s234,1.0,29.63753984032314,38.290280495759944,14.4684435549402,7.659143107624097,21,0.46308656000504905,22.74563283693881,11.78404056251166,6,test
s234567,output_lif,23,reset234,s234,1.0,23.58648111332008,30.472602739726028,16.156116685304838,8.490049287607688,22,0.36853876739562624,26.20181884644843,13.497340155343657,7,test
s234567,output_lif,23,reset2345,s2345,1.0,20.09756812434053,32.271017104130806,7.476599660634432,4.044271662032927,128,0.3140245019428208,16.676805783976764,8.59220810263885,all,train
s234567,output_lif,23,reset2345,s2345,1.0,9.344736493513018,15.00500704115162,1.4175335340229636,0.8519384718861958,22,0.1460115077111409,2.243048475394575,1.247261444526025,2,train
s234567,output_lif,23,reset2345,s2345,1.0,19.007512080820067,30.520695024997952,1.7767382104834162,1.136531186620058,21,0.29699237626281355,3.030065089763948,1.7794855906542473,3,train
s234567,output_lif,23,reset2345,s2345,1.0,14.234132234634687,22.855995410212277,2.7429210362189327,1.6477409374907783,21,0.222408316166167,4.459483846876758,2.511335416698033,4,train
s234567,output_lif,23,reset2345,s2345,1.0,22.741607229590212,36.51659700024588,3.1415424389897653,1.9501499186104845,21,0.35533761296234706,5.424534363091614,3.1292497046177465,5,train
s234567,output_lif,23,reset2345,s2345,1.0,30.921488825989137,49.651176133103846,16.482126208381086,8.643270869571806,21,0.48314826290608026,25.639246384175085,13.196572971089624,6,train
s234567,output_lif,23,reset2345,s2345,1.0,24.632044057572053,39.55210452198404,19.03677998772795,9.908753465788235,22,0.3848756883995633,30.492160309920777,15.599812470834314,7,train
s234567,output_lif,23,reset2345,s2345,0.9765625,18.32802212272847,25.88969494047619,6.1156930361689055,3.3411403465455183,128,0.28637534566763234,14.01746687453872,7.262500235148045,all,val
s234567,output_lif,23,reset2345,s2345,0.9545454545454546,8.470866154300445,11.965728715728716,1.2784267982697664,0.7702108323157836,22,0.13235728366094446,2.120734538766869,1.1802176129923863,2,val
s234567,output_lif,23,reset2345,s2345,1.0,17.130182140453407,24.197656840513982,1.6113236588200375,1.0316516459318343,21,0.2676590959445845,2.8830001360271664,1.6920721144797994,3,val
s234567,output_lif,23,reset2345,s2345,0.9523809523809523,13.629339787886009,19.252456538170822,2.464577036591127,1.488932495788237,21,0.2129584341857189,4.15147650612392,2.3475873566345165,4,val
s234567,output_lif,23,reset2345,s2345,0.9523809523809523,21.556199338659177,30.44973544973545,2.8576972839877763,1.7827542943259298,21,0.33681561466654963,5.153949683941794,2.980949829632519,5,val
s234567,output_lif,23,reset2345,s2345,1.0,27.702003670399773,39.13114134542706,13.452918135035596,7.103149520716021,21,0.43284380734999645,21.84562805478959,11.297272306711974,6,val
s234567,output_lif,23,reset2345,s2345,1.0,21.784343301330395,30.772005772005773,14.843931812196232,7.781141012442039,22,0.3403803640832874,25.16809800040609,12.929728676819014,7,val
s234567,output_lif,23,reset2345,s2345,0.9921875,19.976515904572565,25.808700770547944,6.70976403946115,3.6760450480709492,128,0.31213306100894633,14.627145931485659,7.598359013229095,all,test
s234567,output_lif,23,reset2345,s2345,0.9545454545454546,9.729260798843304,12.569738480697385,1.5033780508238448,0.9044801091650853,22,0.15201969998192663,2.3540817045963967,1.3107746614722178,2,test
s234567,output_lif,23,reset2345,s2345,1.0,19.233929754804507,24.84931506849315,1.8510229699432375,1.182162204106709,21,0.3005301524188204,3.135050589966804,1.8365241587824537,3,test
s234567,output_lif,23,reset2345,s2345,1.0,14.470636498469501,18.695368558382256,2.7699825969776577,1.6685102369414466,21,0.22610369528858595,4.494783890899615,2.5372374421262984,4,test
s234567,output_lif,23,reset2345,s2345,1.0,23.517308845340654,30.383235485975213,3.307741102985263,2.0546653733353843,21,0.3674579507084477,5.627459963636921,3.252943490484138,5,test
s234567,output_lif,23,reset2345,s2345,1.0,29.63753984032314,38.290280495759944,14.4684435549402,7.659143107624097,21,0.46308656000504905,22.74563283693881,11.78404056251166,6,test
s234567,output_lif,23,reset2345,s2345,1.0,23.58648111332008,30.472602739726028,16.156116685304838,8.490049287607688,22,0.36853876739562624,26.20181884644843,13.497340155343657,7,test
s234567,output_lif,23,reset23456,s23456,1.0,19.447259115346608,31.22680453958692,5.3642821010308674,2.996019461442963,128,0.30386342367729074,13.277818067250175,6.877705960698396,all,train
s234567,output_lif,23,reset23456,s23456,1.0,9.344736493513018,15.00500704115162,1.4175335340229636,0.8519384718861958,22,0.1460115077111409,2.243048475394575,1.247261444526025,2,train
s234567,output_lif,23,reset23456,s23456,1.0,19.007512080820067,30.520695024997952,1.7767382104834162,1.136531186620058,21,0.29699237626281355,3.030065089763948,1.7794855906542473,3,train
s234567,output_lif,23,reset23456,s23456,1.0,14.234132234634687,22.855995410212277,2.7429210362189327,1.6477409374907783,21,0.222408316166167,4.459483846876758,2.511335416698033,4,train
s234567,output_lif,23,reset23456,s23456,1.0,22.741607229590212,36.51659700024588,3.1415424389897653,1.9501499186104845,21,0.35533761296234706,5.424534363091614,3.1292497046177465,5,train
s234567,output_lif,23,reset23456,s23456,1.0,26.95770058069286,43.28645193016966,3.607047051992787,2.25392412311869,21,0.4212140715733259,6.064804577592969,3.5333132341897193,6,train
s234567,output_lif,23,reset23456,s23456,1.0,24.632044057572053,39.55210452198404,19.03677998772795,9.908753465788235,22,0.3848756883995633,30.492160309920777,15.599812470834314,7,train
s234567,output_lif,23,reset23456,s23456,0.9765625,17.78373277148626,25.120845734126984,4.445792936858046,2.5116664540536386,128,0.2778708245544728,11.113625128925165,5.797855575014,all,val
s234567,output_lif,23,reset23456,s23456,0.9545454545454546,8.470866154300445,11.965728715728716,1.2784267982697664,0.7702108323157836,22,0.13235728366094446,2.120734538766869,1.1802176129923863,2,val
s234567,output_lif,23,reset23456,s23456,1.0,17.130182140453407,24.197656840513982,1.6113236588200375,1.0316516459318343,21,0.2676590959445845,2.8830001360271664,1.6920721144797994,3,val
s234567,output_lif,23,reset23456,s23456,0.9523809523809523,13.629339787886009,19.252456538170822,2.464577036591127,1.488932495788237,21,0.2129584341857189,4.15147650612392,2.3475873566345165,4,val
s234567,output_lif,23,reset23456,s23456,0.9523809523809523,21.556199338659177,30.44973544973545,2.8576972839877763,1.7827542943259298,21,0.33681561466654963,5.153949683941794,2.980949829632519,5,val
s234567,output_lif,23,reset23456,s23456,1.0,24.38443048187583,34.444822373393805,3.2744807408522183,2.0473081296428677,21,0.38100672627930987,5.693945314781179,3.3217273842405173,6,val
s234567,output_lif,23,reset23456,s23456,1.0,21.784343301330395,30.772005772005773,14.843931812196232,7.781141012442039,22,0.3403803640832874,25.16809800040609,12.929728676819014,7,val
s234567,output_lif,23,reset23456,s23456,0.9921875,19.532264744864147,25.23474957191781,4.949671720652646,2.802390935959762,128,0.3051916366385023,11.633360427556335,6.089453555174341,all,test
s234567,output_lif,23,reset23456,s23456,0.9545454545454546,9.729260798843304,12.569738480697385,1.5033780508238448,0.9044801091650853,22,0.15201969998192663,2.3540817045963967,1.3107746614722178,2,test
s234567,output_lif,23,reset23456,s23456,1.0,19.233929754804507,24.84931506849315,1.8510229699432375,1.182162204106709,21,0.3005301524188204,3.135050589966804,1.8365241587824537,3,test
s234567,output_lif,23,reset23456,s23456,1.0,14.470636498469501,18.695368558382256,2.7699825969776577,1.6685102369414466,21,0.22610369528858595,4.494783890899615,2.5372374421262984,4,test
s234567,output_lif,23,reset23456,s23456,1.0,23.517308845340654,30.383235485975213,3.307741102985263,2.0546653733353843,21,0.3674579507084477,5.627459963636921,3.252943490484138,5,test
s234567,output_lif,23,reset23456,s23456,1.0,26.9297232478147,34.79191128506197,3.7402586280432484,2.3340127267151063,21,0.4207769257471047,6.177901442429111,3.6020721153705697,6,test
s234567,output_lif,23,reset23456,s23456,1.0,23.58648111332008,30.472602739726028,16.156116685304838,8.490049287607688,22,0.36853876739562624,26.20181884644843,13.497340155343657,7,test
s234567,output_lif,23,reset67,s67,1.0,20.505736345822097,32.92641996557659,4.872984297276701,2.7087085161706335,128,0.32040213040347026,8.965988827234355,4.723267101087103,all,train
s234567,output_lif,23,reset67,s67,1.0,10.570504143720015,16.973243623846034,1.8510687417494827,1.0252595130272528,22,0.16516412724562524,2.7799297939499747,1.460735609937395,2,train
s234567,output_lif,23,reset67,s67,1.0,21.572673539913563,34.639619703303005,3.044201066796826,1.716141079214609,21,0.3370730240611494,4.7572202167483155,2.5637236149409195,3,train
s234567,output_lif,23,reset67,s67,1.0,16.831705941793537,27.026965002868618,6.554641585057826,3.461137553066682,21,0.262995405340524,9.663355419528024,4.976503975144729,4,train
s234567,output_lif,23,reset67,s67,1.0,26.569519247563697,42.66314236537988,10.783074808967921,5.69339730046808,21,0.41514873824318277,17.025331368033644,8.779850478262317,5,train
s234567,output_lif,23,reset67,s67,1.0,26.95770058069286,43.28645193016966,3.607047051992787,2.25392412311869,21,0.4212140715733259,6.064804577592969,3.5333132341897193,6,train
s234567,output_lif,23,reset67,s67,1.0,20.982707981552338,33.692301674229384,3.602283242637912,2.2064718599311486,22,0.3278548122117553,6.120038597105722,3.500431817047153,7,train
s234567,output_lif,23,reset67,s67,0.984375,18.831006935299797,26.60019841269841,4.272599050237029,2.3899756729545256,128,0.29423448336405933,8.158081041436217,4.318887973040813,all,val
s234567,output_lif,23,reset67,s67,0.9545454545454546,9.555741773808668,13.498196248196248,1.6648440555143216,0.9249290209176303,22,0.14930846521576044,2.624308312329834,1.3808422630207735,2,val
s234567,output_lif,23,reset67,s67,1.0,19.499303961774334,27.54421768707483,2.723088350870152,1.5415878920701807,21,0.304676624402724,4.492781261299167,2.423332381010501,3,val
s234567,output_lif,23,reset67,s67,1.0,16.21142840421218,22.899848828420257,5.720363507531008,3.0417622935400126,21,0.25330356881581534,8.795372342742912,4.549628237280261,4,val
s234567,output_lif,23,reset67,s67,0.9523809523809523,25.36364966494016,35.82804232804233,9.193767218062714,4.894775428387491,21,0.39630702601469,15.284970603981881,7.918909463343878,5,val
s234567,output_lif,23,reset67,s67,1.0,24.38443048187583,34.444822373393805,3.2744807408522183,2.0473081296428677,21,0.38100672627930987,5.693945314781179,3.3217273842405173,6,val
s234567,output_lif,23,reset67,s67,1.0,18.432159360260492,26.036796536796537,3.2327460475175775,1.978833469006632,22,0.2880024900040702,5.768010918895276,3.296015195878066,7,val
s234567,output_lif,23,reset67,s67,0.9921875,20.47369946984758,26.451038099315067,4.805212305269943,2.6895225327721173,128,0.31990155421636846,8.706836069505627,4.618254853431789,all,test
s234567,output_lif,23,reset67,s67,0.9545454545454546,10.853906861859148,14.022727272727273,1.9543276562217604,1.0844039029906734,22,0.16959229471654919,2.909680550650146,1.532002248290704,2,test
s234567,output_lif,23,reset67,s67,1.0,21.49162169838114,27.76614481409002,3.0993816367667013,1.751838131059871,21,0.33580658903720534,4.852279056284915,2.615457700767815,3,test
s234567,output_lif,23,reset67,s67,1.0,16.616491527028305,21.467710371819962,6.256916709070971,3.3270679740998452,21,0.25963268010981727,9.37624853625646,4.850513218442035,4,test
s234567,output_lif,23,reset67,s67,1.0,26.25239041938843,33.91682974559687,10.204561692345925,5.432169014681751,21,0.4101936003029442,16.179035167710033,8.394985157910641,5,test
s234567,output_lif,23,reset67,s67,1.0,26.9297232478147,34.79191128506197,3.7402586280432484,2.3340127267151063,21,0.4207769257471047,6.177901442429111,3.6020721153705697,6,test
s234567,output_lif,23,reset67,s67,1.0,21.125128019760226,27.292652552926526,3.761293684389873,2.302506972252658,22,0.3300801253087535,6.318016661457921,3.619329359442744,7,test
s234567,output_lif,23,reset567,s567,1.0,19.877719530373323,31.918002366609294,3.6192954500728556,2.0945819598727953,128,0.31058936766208317,6.136865063631296,3.3569183820817963,all,train
s234567,output_lif,23,reset567,s567,1.0,10.570504143720015,16.973243623846034,1.8510687417494827,1.0252595130272528,22,0.16516412724562524,2.7799297939499747,1.460735609937395,2,train
s234567,output_lif,23,reset567,s567,1.0,21.572673539913563,34.639619703303005,3.044201066796826,1.716141079214609,21,0.3370730240611494,4.7572202167483155,2.5637236149409195,3,train
s234567,output_lif,23,reset567,s567,1.0,16.831705941793537,27.026965002868618,6.554641585057826,3.461137553066682,21,0.262995405340524,9.663355419528024,4.976503975144729,4,train
s234567,output_lif,23,reset567,s567,1.0,22.741607229590212,36.51659700024588,3.1415424389897653,1.9501499186104845,21,0.35533761296234706,5.424534363091614,3.1292497046177465,5,train
s234567,output_lif,23,reset567,s567,1.0,26.95770058069286,43.28645193016966,3.607047051992787,2.25392412311869,21,0.4212140715733259,6.064804577592969,3.5333132341897193,6,train
s234567,output_lif,23,reset567,s567,1.0,20.982707981552338,33.692301674229384,3.602283242637912,2.2064718599311486,22,0.3278548122117553,6.120038597105722,3.500431817047153,7,train
s234567,output_lif,23,reset567,s567,0.984375,18.206347116144325,25.71781994047619,3.2330876624089195,1.879409662782021,128,0.2844741736897551,5.7080930710500235,3.1340782017383573,all,val
s234567,output_lif,23,reset567,s567,0.9545454545454546,9.555741773808668,13.498196248196248,1.6648440555143216,0.9249290209176303,22,0.14930846521576044,2.624308312329834,1.3808422630207735,2,val
s234567,output_lif,23,reset567,s567,1.0,19.499303961774334,27.54421768707483,2.723088350870152,1.5415878920701807,21,0.304676624402724,4.492781261299167,2.423332381010501,3,val
s234567,output_lif,23,reset567,s567,1.0,16.21142840421218,22.899848828420257,5.720363507531008,3.0417622935400126,21,0.25330356881581534,8.795372342742912,4.549628237280261,4,val
s234567,output_lif,23,reset567,s567,0.9523809523809523,21.556199338659177,30.44973544973545,2.8576972839877763,1.7827542943259298,21,0.33681561466654963,5.153949683941794,2.980949829632519,5,val
s234567,output_lif,23,reset567,s567,1.0,24.38443048187583,34.444822373393805,3.2744807408522183,2.0473081296428677,21,0.38100672627930987,5.693945314781179,3.3217273842405173,6,val
s234567,output_lif,23,reset567,s567,1.0,18.432159360260492,26.036796536796537,3.2327460475175775,1.978833469006632,22,0.2880024900040702,5.768010918895276,3.296015195878066,7,val
s234567,output_lif,23,reset567,s567,0.9921875,20.02497514910537,25.87130779109589,3.67370257620941,2.1354009123967135,128,0.3128902367047714,6.169228480761429,3.391444460384752,all,test
s234567,output_lif,23,reset567,s567,0.9545454545454546,10.853906861859148,14.022727272727273,1.9543276562217604,1.0844039029906734,22,0.16959229471654919,2.909680550650146,1.532002248290704,2,test
s234567,output_lif,23,reset567,s567,1.0,21.49162169838114,27.76614481409002,3.0993816367667013,1.751838131059871,21,0.33580658903720534,4.852279056284915,2.615457700767815,3,test
s234567,output_lif,23,reset567,s567,1.0,16.616491527028305,21.467710371819962,6.256916709070971,3.3270679740998452,21,0.25963268010981727,9.37624853625646,4.850513218442035,4,test
s234567,output_lif,23,reset567,s567,1.0,23.517308845340654,30.383235485975213,3.307741102985263,2.0546653733353843,21,0.3674579507084477,5.627459963636921,3.252943490484138,5,test
s234567,output_lif,23,reset567,s567,1.0,26.9297232478147,34.79191128506197,3.7402586280432484,2.3340127267151063,21,0.4207769257471047,6.177901442429111,3.6020721153705697,6,test
s234567,output_lif,23,reset567,s567,1.0,21.125128019760226,27.292652552926526,3.761293684389873,2.302506972252658,22,0.3300801253087535,6.318016661457921,3.619329359442744,7,test
s234567,output_lif,101,normal,none,0.984375,24.383874587569295,39.153614457831324,9.700929905622456,5.1327657220887,128,0.38099804043077024,18.30723073280588,9.419674806509951,all,train
s234567,output_lif,101,normal,none,0.9545454545454546,18.185435848088467,29.20067282115475,1.664591753555621,0.9907183464669135,22,0.2841474351263823,2.592000328798842,1.4345831633088257,2,train
s234567,output_lif,101,normal,none,1.0,19.040434757988812,30.57355954429965,3.116159507499719,1.732534327354135,21,0.2975067930935752,4.822253404373034,2.571270455946387,3,train
s234567,output_lif,101,normal,none,0.9523809523809523,20.54686417082786,32.99245963445619,6.903832764284638,3.6666226022792254,21,0.3210447526691853,10.056854465775825,5.199462980301276,4,train
s234567,output_lif,101,normal,none,1.0,33.50961959473524,53.80698303417753,10.918662823295028,5.8152264590496285,21,0.5235878061677381,17.211803506796308,8.930942106478133,5,train
s234567,output_lif,101,normal,none,1.0,28.39032194518151,45.58683714449635,15.956005397787768,8.358511843949062,21,0.44359878039346107,24.67362681248568,12.70078958849125,6,train
s234567,output_lif,101,normal,none,1.0,26.8101958503419,43.04960100140823,19.55955331870635,10.189427499744967,22,0.41890931016159216,30.994131272113627,15.873260936015434,7,train
s234567,output_lif,101,normal,none,0.953125,22.7197787727153,32.093377976190474,7.798828982310596,4.167076804055833,128,0.3549965433236766,15.069122770279419,7.8030311989311745,all,val
s234567,output_lif,101,normal,none,0.9090909090909091,17.25023742827272,24.367243867243868,1.478531196877918,0.8907235751310844,22,0.26953495981676123,2.4412280305069793,1.3554979166190126,2,val
s234567,output_lif,101,normal,none,0.9523809523809523,16.37757460986326,23.134542705971278,2.740696759346351,1.5254213330490656,21,0.25589960327911343,4.393669983169762,2.3417321507170348,3,val
s234567,output_lif,101,normal,none,0.9047619047619048,19.711468118104936,27.843915343915345,5.549470969144395,2.982997489663937,21,0.3079916893453896,8.608535573303971,4.475966162679096,4,val
s234567,output_lif,101,normal,none,1.0,30.75524118874132,43.44406651549509,9.161131804139442,4.918616305270243,21,0.4805506435740831,15.158672523683256,7.900357573046402,5,val
s234567,output_lif,101,normal,none,1.0,25.910514148596846,36.6005291005291,12.907296278181187,6.812904193369034,21,0.4048517835718257,20.65341523913789,10.688536530160974,6,val
s234567,output_lif,101,normal,none,0.9545454545454546,26.398895459732962,37.29040404040404,14.917810911325528,7.852326597553092,22,0.41248274155832754,24.485589106046046,12.626458043249311,7,val
s234567,output_lif,101,normal,none,0.96875,23.83776507620941,30.79724957191781,8.819967321720718,4.709547281739252,128,0.37246507931577205,16.507291240187964,8.548769415216308,all,test
s234567,output_lif,101,normal,none,0.9090909090909091,18.578468582444724,24.002490660024907,1.7165047710893728,1.0241810265302127,22,0.2902885716006988,2.682132510023438,1.485688548584083,2,test
s234567,output_lif,101,normal,none,0.9523809523809523,18.033260752942663,23.298108284409654,3.1650953961252326,1.7583307970875146,21,0.2817696992647291,4.931497196762425,2.6293189154812784,3,test
s234567,output_lif,101,normal,none,0.9523809523809523,20.228091766859162,26.13372472276582,6.808689221318912,3.636006104987141,21,0.3160639338571744,9.957959027956553,5.165042203962281,4,test
s234567,output_lif,101,normal,none,1.0,33.261005396194264,42.971624266144815,10.038665945793493,5.399561214064818,21,0.5197032093155354,15.986468784456711,8.346480534821522,5,test
s234567,output_lif,101,normal,none,1.0,27.7072801287513,35.79647749510763,14.30694935052384,7.564851220060588,21,0.43292625201173907,22.42286973374436,11.620009472299277,6,test
s234567,output_lif,101,normal,none,1.0,25.394782818242064,32.808841843088416,16.840243105759384,8.85255806543316,22,0.39679348153503224,27.13773820253046,13.983758763012075,7,test
s234567,output_lif,101,resetall250,s234567,0.9921875,21.47409014018457,34.481322611876074,2.7045415529167434,1.689639925882853,128,0.3355326584403839,4.789033893342606,2.7724638511352877,all,train
s234567,output_lif,101,resetall250,s234567,1.0,16.44427865165802,26.40486621811923,1.2648863074909749,0.8248152055416069,22,0.25694185393215657,2.0810408973895176,1.2261379732963775,2,train
s234567,output_lif,101,resetall250,s234567,1.0,16.735592141624934,26.87263339070568,1.825523394202004,1.1452174288409989,21,0.2614936272128896,3.0703507778299013,1.7783507018922475,3,train
s234567,output_lif,101,resetall250,s234567,0.9523809523809523,17.704080322399783,28.427751823621016,2.8308579515682535,1.724542423238242,21,0.2766262550374966,4.589181597538518,2.6035753812732683,4,train
s234567,output_lif,101,resetall250,s234567,1.0,29.29521065967379,47.03983280059011,3.0955726157178667,1.9768874063183148,21,0.45773766655740294,5.4127522779344615,3.1747131012172947,5,train
s234567,output_lif,101,resetall250,s234567,1.0,25.16466522629954,40.40734366035571,3.5780378806186084,2.2232602193489317,21,0.3931978941609303,5.961092236451554,3.4669486540489904,6,train
s234567,output_lif,101,resetall250,s234567,1.0,23.637222375326786,37.95470192458144,3.655635207992972,2.257269114935511,22,0.36933159961448103,6.174216743302593,3.5545802154997417,7,train
s234567,output_lif,101,resetall250,s234567,0.953125,19.911157931700465,28.125992063492063,2.3697138228645422,1.4912321130717232,128,0.3111118426828198,4.372462643818882,2.5419454881310832,all,val
s234567,output_lif,101,resetall250,s234567,0.9090909090909091,15.483994541144924,21.872294372294373,1.1264558692668056,0.7427014499086201,22,0.24193741470538943,1.9603838408926075,1.1588561417544736,2,val
s234567,output_lif,101,resetall250,s234567,0.9523809523809523,14.314525669806155,20.220332577475435,1.6297369268135662,1.0189362764463172,21,0.22366446359072117,2.8291863443457146,1.6333150460711043,3,val
s234567,output_lif,101,resetall250,s234567,0.9047619047619048,16.653949860165294,23.524943310657598,2.3527696259787385,1.450966144951528,21,0.2602179665650827,4.038530635603087,2.303264364705111,4,val
s234567,output_lif,101,resetall250,s234567,1.0,26.83702672535962,37.909297052154194,2.7700620477319187,1.7761155423454607,21,0.4193285425837441,5.056530450258265,2.969806590000578,5,val
s234567,output_lif,101,resetall250,s234567,1.0,22.890184815915656,32.334089191232046,3.198470962873781,1.9927835676453005,21,0.35765913774868213,5.503525140952436,3.208261882141281,6,val
s234567,output_lif,101,resetall250,s234567,0.9545454545454546,23.335041220740457,32.96248196248196,3.1622508000734233,1.978339408703841,22,0.36461001907406965,5.555558561649399,3.2244182931226075,7,val
s234567,output_lif,101,resetall250,s234567,0.984375,21.69362988734261,28.02712970890411,2.8381876910736104,1.7700381168393287,128,0.3389629669897283,4.974830060373662,2.8798000209693266,all,test
s234567,output_lif,101,resetall250,s234567,1.0,16.93234532200735,21.875778331257784,1.3124564785764579,0.8568926536072391,22,0.26456789565636485,2.1602834951244505,1.2728846580888564,2,test
s234567,output_lif,101,resetall250,s234567,0.9523809523809523,16.17747483353845,20.90052185257665,1.8990613764092035,1.184695075455008,21,0.2527730442740383,3.183201108075257,1.8390164370552784,3,test
s234567,output_lif,101,resetall250,s234567,0.9523809523809523,17.94717409826754,23.18688845401174,2.956883019837325,1.800463263943127,21,0.2804245952854303,4.737666992008863,2.68639196199774,4,test
s234567,output_lif,101,resetall250,s234567,1.0,30.10356906181956,38.89236790606654,3.1845526851293036,2.036796966834903,21,0.4703682665909306,5.500429136334137,3.2301242575481006,5,test
s234567,output_lif,101,resetall250,s234567,1.0,25.48265959796775,32.922374429223744,3.808951413049481,2.3608575327548595,21,0.3981665562182461,6.234173491029493,3.628202762517976,6,test
s234567,output_lif,101,resetall250,s234567,1.0,23.652027230556058,30.55728518057285,3.889797519334749,2.3942804759981775,22,0.3695629254774384,6.500132000935065,3.7402575919349927,7,test
s234567,output_lif,101,reset234,s234,0.9921875,23.240080727552883,37.31700462564544,8.752263527517712,4.689271672500712,128,0.3631262613680138,17.870022944384456,9.205753509371975,all,train
s234567,output_lif,101,reset234,s234,1.0,16.44427865165802,26.40486621811923,1.2648863074909749,0.8248152055416069,22,0.25694185393215657,2.0810408973895176,1.2261379732963775,2,train
s234567,output_lif,101,reset234,s234,1.0,16.735592141624934,26.87263339070568,1.825523394202004,1.1452174288409989,21,0.2614936272128896,3.0703507778299013,1.7783507018922475,3,train
s234567,output_lif,101,reset234,s234,0.9523809523809523,17.704080322399783,28.427751823621016,2.8308579515682535,1.724542423238242,21,0.2766262550374966,4.589181597538518,2.6035753812732683,4,train
s234567,output_lif,101,reset234,s234,1.0,33.50961959473524,53.80698303417753,10.918662823295028,5.8152264590496285,21,0.5235878061677381,17.211803506796308,8.930942106478133,5,train
s234567,output_lif,101,reset234,s234,1.0,28.39032194518151,45.58683714449635,15.956005397787768,8.358511843949062,21,0.44359878039346107,24.67362681248568,12.70078958849125,6,train
s234567,output_lif,101,reset234,s234,1.0,26.8101958503419,43.04960100140823,19.55955331870635,10.189427499744967,22,0.41890931016159216,30.994131272113627,15.873260936015434,7,train
s234567,output_lif,101,reset234,s234,0.953125,21.57611272056887,30.477864583333332,7.0315901808445265,3.807191532789044,128,0.3371267612588886,14.675777142256289,7.610768653087945,all,val
s234567,output_lif,101,reset234,s234,0.9090909090909091,15.483994541144924,21.872294372294373,1.1264558692668056,0.7427014499086201,22,0.24193741470538943,1.9603838408926075,1.1588561417544736,2,val
s234567,output_lif,101,reset234,s234,0.9523809523809523,14.314525669806155,20.220332577475435,1.6297369268135662,1.0189362764463172,21,0.22366446359072117,2.8291863443457146,1.6333150460711043,3,val
s234567,output_lif,101,reset234,s234,0.9047619047619048,16.653949860165294,23.524943310657598,2.3527696259787385,1.450966144951528,21,0.2602179665650827,4.038530635603087,2.303264364705111,4,val
s234567,output_lif,101,reset234,s234,1.0,30.75524118874132,43.44406651549509,9.161131804139442,4.918616305270243,21,0.4805506435740831,15.158672523683256,7.900357573046402,5,val
s234567,output_lif,101,reset234,s234,1.0,25.910514148596846,36.6005291005291,12.907296278181187,6.812904193369034,21,0.4048517835718257,20.65341523913789,10.688536530160974,6,val
s234567,output_lif,101,reset234,s234,0.9545454545454546,26.398895459732962,37.29040404040404,14.917810911325528,7.852326597553092,22,0.41248274155832754,24.485589106046046,12.626458043249311,7,val
s234567,output_lif,101,reset234,s234,0.984375,22.87615970841617,29.55490154109589,7.910876861228463,4.285538720800199,128,0.3574399954440027,16.035668034492936,8.319157968963093,all,test
s234567,output_lif,101,reset234,s234,1.0,16.93234532200735,21.875778331257784,1.3124564785764579,0.8568926536072391,22,0.26456789565636485,2.1602834951244505,1.2728846580888564,2,test
s234567,output_lif,101,reset234,s234,0.9523809523809523,16.17747483353845,20.90052185257665,1.8990613764092035,1.184695075455008,21,0.2527730442740383,3.183201108075257,1.8390164370552784,3,test
s234567,output_lif,101,reset234,s234,0.9523809523809523,17.94717409826754,23.18688845401174,2.956883019837325,1.800463263943127,21,0.2804245952854303,4.737666992008863,2.68639196199774,4,test
s234567,output_lif,101,reset234,s234,1.0,33.261005396194264,42.971624266144815,10.038665945793493,5.399561214064818,21,0.5197032093155354,15.986468784456711,8.346480534821522,5,test
s234567,output_lif,101,reset234,s234,1.0,27.7072801287513,35.79647749510763,14.30694935052384,7.564851220060588,21,0.43292625201173907,22.42286973374436,11.620009472299277,6,test
s234567,output_lif,101,reset234,s234,1.0,25.394782818242064,32.808841843088416,16.840243105759384,8.85255806543316,22,0.39679348153503224,27.13773820253046,13.983758763012075,7,test
s234567,output_lif,101,reset2345,s2345,0.9921875,22.548654261644362,36.206769040447504,7.468787487752692,4.0595444210896545,128,0.35232272283819316,16.599443031380577,8.562333021930103,all,train
s234567,output_lif,101,reset2345,s2345,1.0,16.44427865165802,26.40486621811923,1.2648863074909749,0.8248152055416069,22,0.25694185393215657,2.0810408973895176,1.2261379732963775,2,train
s234567,output_lif,101,reset2345,s2345,1.0,16.735592141624934,26.87263339070568,1.825523394202004,1.1452174288409989,21,0.2614936272128896,3.0703507778299013,1.7783507018922475,3,train
s234567,output_lif,101,reset2345,s2345,0.9523809523809523,17.704080322399783,28.427751823621016,2.8308579515682535,1.724542423238242,21,0.2766262550374966,4.589181597538518,2.6035753812732683,4,train
s234567,output_lif,101,reset2345,s2345,1.0,29.29521065967379,47.03983280059011,3.0955726157178667,1.9768874063183148,21,0.45773766655740294,5.4127522779344615,3.1747131012172947,5,train
s234567,output_lif,101,reset2345,s2345,1.0,28.39032194518151,45.58683714449635,15.956005397787768,8.358511843949062,21,0.44359878039346107,24.67362681248568,12.70078958849125,6,train
s234567,output_lif,101,reset2345,s2345,1.0,26.8101958503419,43.04960100140823,19.55955331870635,10.189427499744967,22,0.41890931016159216,30.994131272113627,15.873260936015434,7,train
s234567,output_lif,101,reset2345,s2345,0.953125,20.93328066017031,29.56981646825397,5.98305474168203,3.2916248299095776,128,0.3270825103151611,13.486070597724096,7.009330726460492,all,val
s234567,output_lif,101,reset2345,s2345,0.9090909090909091,15.483994541144924,21.872294372294373,1.1264558692668056,0.7427014499086201,22,0.24193741470538943,1.9603838408926075,1.1588561417544736,2,val
s234567,output_lif,101,reset2345,s2345,0.9523809523809523,14.314525669806155,20.220332577475435,1.6297369268135662,1.0189362764463172,21,0.22366446359072117,2.8291863443457146,1.6333150460711043,3,val
s234567,output_lif,101,reset2345,s2345,0.9047619047619048,16.653949860165294,23.524943310657598,2.3527696259787385,1.450966144951528,21,0.2602179665650827,4.038530635603087,2.303264364705111,4,val
s234567,output_lif,101,reset2345,s2345,1.0,26.83702672535962,37.909297052154194,2.7700620477319187,1.7761155423454607,21,0.4193285425837441,5.056530450258265,2.969806590000578,5,val
s234567,output_lif,101,reset2345,s2345,1.0,25.910514148596846,36.6005291005291,12.907296278181187,6.812904193369034,21,0.4048517835718257,20.65341523913789,10.688536530160974,6,val
s234567,output_lif,101,reset2345,s2345,0.9545454545454546,26.398895459732962,37.29040404040404,14.917810911325528,7.852326597553092,22,0.41248274155832754,24.485589106046046,12.626458043249311,7,val
s234567,output_lif,101,reset2345,s2345,0.984375,22.35814280980782,28.88564854452055,6.786373070172714,3.7338348651580104,128,0.3493459814032472,14.838373538014359,7.713038427325185,all,test
s234567,output_lif,101,reset2345,s2345,1.0,16.93234532200735,21.875778331257784,1.3124564785764579,0.8568926536072391,22,0.26456789565636485,2.1602834951244505,1.2728846580888564,2,test
s234567,output_lif,101,reset2345,s2345,0.9523809523809523,16.17747483353845,20.90052185257665,1.8990613764092035,1.184695075455008,21,0.2527730442740383,3.183201108075257,1.8390164370552784,3,test
s234567,output_lif,101,reset2345,s2345,0.9523809523809523,17.94717409826754,23.18688845401174,2.956883019837325,1.800463263943127,21,0.2804245952854303,4.737666992008863,2.68639196199774,4,test
s234567,output_lif,101,reset2345,s2345,1.0,30.10356906181956,38.89236790606654,3.1845526851293036,2.036796966834903,21,0.4703682665909306,5.500429136334137,3.2301242575481006,5,test
s234567,output_lif,101,reset2345,s2345,1.0,27.7072801287513,35.79647749510763,14.30694935052384,7.564851220060588,21,0.43292625201173907,22.42286973374436,11.620009472299277,6,test
s234567,output_lif,101,reset2345,s2345,1.0,25.394782818242064,32.808841843088416,16.840243105759384,8.85255806543316,22,0.39679348153503224,27.13773820253046,13.983758763012075,7,test
s234567,output_lif,101,reset23456,s23456,0.9921875,22.01944495620279,35.35700839070568,5.438027576331083,3.052979680983804,128,0.3440538274406686,13.471902210220346,6.987174261362125,all,train
s234567,output_lif,101,reset23456,s23456,1.0,16.44427865165802,26.40486621811923,1.2648863074909749,0.8248152055416069,22,0.25694185393215657,2.0810408973895176,1.2261379732963775,2,train
s234567,output_lif,101,reset23456,s23456,1.0,16.735592141624934,26.87263339070568,1.825523394202004,1.1452174288409989,21,0.2614936272128896,3.0703507778299013,1.7783507018922475,3,train
s234567,output_lif,101,reset23456,s23456,0.9523809523809523,17.704080322399783,28.427751823621016,2.8308579515682535,1.724542423238242,21,0.2766262550374966,4.589181597538518,2.6035753812732683,4,train
s234567,output_lif,101,reset23456,s23456,1.0,29.29521065967379,47.03983280059011,3.0955726157178667,1.9768874063183148,21,0.45773766655740294,5.4127522779344615,3.1747131012172947,5,train
s234567,output_lif,101,reset23456,s23456,1.0,25.16466522629954,40.40734366035571,3.5780378806186084,2.2232602193489317,21,0.3931978941609303,5.961092236451554,3.4669486540489904,6,train
s234567,output_lif,101,reset23456,s23456,1.0,26.8101958503419,43.04960100140823,19.55955331870635,10.189427499744967,22,0.41890931016159216,30.994131272113627,15.873260936015434,7,train
s234567,output_lif,101,reset23456,s23456,0.953125,20.437757879027302,28.86985367063492,4.390200802717057,2.500823704020718,128,0.3193399668598016,10.810193035348846,5.663577731484655,all,val
s234567,output_lif,101,reset23456,s23456,0.9090909090909091,15.483994541144924,21.872294372294373,1.1264558692668056,0.7427014499086201,22,0.24193741470538943,1.9603838408926075,1.1588561417544736,2,val
s234567,output_lif,101,reset23456,s23456,0.9523809523809523,14.314525669806155,20.220332577475435,1.6297369268135662,1.0189362764463172,21,0.22366446359072117,2.8291863443457146,1.6333150460711043,3,val
s234567,output_lif,101,reset23456,s23456,0.9047619047619048,16.653949860165294,23.524943310657598,2.3527696259787385,1.450966144951528,21,0.2602179665650827,4.038530635603087,2.303264364705111,4,val
s234567,output_lif,101,reset23456,s23456,1.0,26.83702672535962,37.909297052154194,2.7700620477319187,1.7761155423454607,21,0.4193285425837441,5.056530450258265,2.969806590000578,5,val
s234567,output_lif,101,reset23456,s23456,1.0,22.890184815915656,32.334089191232046,3.198470962873781,1.9927835676453005,21,0.35765913774868213,5.503525140952436,3.208261882141281,6,val
s234567,output_lif,101,reset23456,s23456,0.9545454545454546,26.398895459732962,37.29040404040404,14.917810911325528,7.852326597553092,22,0.41248274155832754,24.485589106046046,12.626458043249311,7,val
s234567,output_lif,101,reset23456,s23456,0.984375,21.993166003976143,28.414116010273972,5.06404541500994,2.880054633138668,128,0.3436432188121272,12.002725442108686,6.284757612527234,all,test
s234567,output_lif,101,reset23456,s23456,1.0,16.93234532200735,21.875778331257784,1.3124564785764579,0.8568926536072391,22,0.26456789565636485,2.1602834951244505,1.2728846580888564,2,test
s234567,output_lif,101,reset23456,s23456,0.9523809523809523,16.17747483353845,20.90052185257665,1.8990613764092035,1.184695075455008,21,0.2527730442740383,3.183201108075257,1.8390164370552784,3,test
s234567,output_lif,101,reset23456,s23456,0.9523809523809523,17.94717409826754,23.18688845401174,2.956883019837325,1.800463263943127,21,0.2804245952854303,4.737666992008863,2.68639196199774,4,test
s234567,output_lif,101,reset23456,s23456,1.0,30.10356906181956,38.89236790606654,3.1845526851293036,2.036796966834903,21,0.4703682665909306,5.500429136334137,3.2301242575481006,5,test
s234567,output_lif,101,reset23456,s23456,1.0,25.48265959796775,32.922374429223744,3.808951413049481,2.3608575327548595,21,0.3981665562182461,6.234173491029493,3.628202762517976,6,test
s234567,output_lif,101,reset23456,s23456,1.0,25.394782818242064,32.808841843088416,16.840243105759384,8.85255806543316,22,0.39679348153503224,27.13773820253046,13.983758763012075,7,test
s234567,output_lif,101,reset67,s67,0.984375,23.3093104661095,37.42816802925989,4.936683774515551,2.7628612432378112,128,0.36420797603296096,9.085594490255549,4.806588086177213,all,train
s234567,output_lif,101,reset67,s67,0.9545454545454546,18.185435848088467,29.20067282115475,1.664591753555621,0.9907183464669135,22,0.2841474351263823,2.592000328798842,1.4345831633088257,2,train
s234567,output_lif,101,reset67,s67,1.0,19.040434757988812,30.57355954429965,3.116159507499719,1.732534327354135,21,0.2975067930935752,4.822253404373034,2.571270455946387,3,train
s234567,output_lif,101,reset67,s67,0.9523809523809523,20.54686417082786,32.99245963445619,6.903832764284638,3.6666226022792254,21,0.3210447526691853,10.056854465775825,5.199462980301276,4,train
s234567,output_lif,101,reset67,s67,1.0,33.50961959473524,53.80698303417753,10.918662823295028,5.8152264590496285,21,0.5235878061677381,17.211803506796308,8.930942106478133,5,train
s234567,output_lif,101,reset67,s67,1.0,25.16466522629954,40.40734366035571,3.5780378806186084,2.2232602193489317,21,0.3931978941609303,5.961092236451554,3.4669486540489904,6,train
s234567,output_lif,101,reset67,s67,1.0,23.637222375326786,37.95470192458144,3.655635207992972,2.257269114935511,22,0.36933159961448103,6.174216743302593,3.5545802154997417,7,train
s234567,output_lif,101,reset67,s67,0.953125,21.697656044245456,30.649553571428573,4.185487034720393,2.3666842586800985,128,0.33902587569133524,8.02014851735086,4.26826178493486,all,val
s234567,output_lif,101,reset67,s67,0.9090909090909091,17.25023742827272,24.367243867243868,1.478531196877918,0.8907235751310844,22,0.26953495981676123,2.4412280305069793,1.3554979166190126,2,val
s234567,output_lif,101,reset67,s67,0.9523809523809523,16.37757460986326,23.134542705971278,2.740696759346351,1.5254213330490656,21,0.25589960327911343,4.393669983169762,2.3417321507170348,3,val
s234567,output_lif,101,reset67,s67,0.9047619047619048,19.711468118104936,27.843915343915345,5.549470969144395,2.982997489663937,21,0.3079916893453896,8.608535573303971,4.475966162679096,4,val
s234567,output_lif,101,reset67,s67,1.0,30.75524118874132,43.44406651549509,9.161131804139442,4.918616305270243,21,0.4805506435740831,15.158672523683256,7.900357573046402,5,val
s234567,output_lif,101,reset67,s67,1.0,22.890184815915656,32.334089191232046,3.198470962873781,1.9927835676453005,21,0.35765913774868213,5.503525140952436,3.208261882141281,6,val
s234567,output_lif,101,reset67,s67,0.9545454545454546,23.335041220740457,32.96248196248196,3.1622508000734233,1.978339408703841,22,0.36461001907406965,5.555558561649399,3.2244182931226075,7,val
s234567,output_lif,101,reset67,s67,0.96875,23.1732521537442,29.93873073630137,4.871781962845324,2.7457503716308915,128,0.36208206490225314,8.778511810751164,4.678006716048395,all,test
s234567,output_lif,101,reset67,s67,0.9090909090909091,18.578468582444724,24.002490660024907,1.7165047710893728,1.0241810265302127,22,0.2902885716006988,2.682132510023438,1.485688548584083,2,test
s234567,output_lif,101,reset67,s67,0.9523809523809523,18.033260752942663,23.298108284409654,3.1650953961252326,1.7583307970875146,21,0.2817696992647291,4.931497196762425,2.6293189154812784,3,test
s234567,output_lif,101,reset67,s67,0.9523809523809523,20.228091766859162,26.13372472276582,6.808689221318912,3.636006104987141,21,0.3160639338571744,9.957959027956553,5.165042203962281,4,test
s234567,output_lif,101,reset67,s67,1.0,33.261005396194264,42.971624266144815,10.038665945793493,5.399561214064818,21,0.5197032093155354,15.986468784456711,8.346480534821522,5,test
s234567,output_lif,101,reset67,s67,1.0,25.48265959796775,32.922374429223744,3.808951413049481,2.3608575327548595,21,0.3981665562182461,6.234173491029493,3.628202762517976,6,test
s234567,output_lif,101,reset67,s67,1.0,23.652027230556058,30.55728518057285,3.889797519334749,2.3942804759981775,22,0.3695629254774384,6.500132000935065,3.7402575919349927,7,test
s234567,output_lif,101,reset567,s567,0.984375,22.61788400020098,36.31793244406196,3.653208192716097,2.1331337301321454,128,0.3534044375031403,6.225096221316102,3.4162748448185356,all,train
s234567,output_lif,101,reset567,s567,0.9545454545454546,18.185435848088467,29.20067282115475,1.664591753555621,0.9907183464669135,22,0.2841474351263823,2.592000328798842,1.4345831633088257,2,train
s234567,output_lif,101,reset567,s567,1.0,19.040434757988812,30.57355954429965,3.116159507499719,1.732534327354135,21,0.2975067930935752,4.822253404373034,2.571270455946387,3,train
s234567,output_lif,101,reset567,s567,0.9523809523809523,20.54686417082786,32.99245963445619,6.903832764284638,3.6666226022792254,21,0.3210447526691853,10.056854465775825,5.199462980301276,4,train
s234567,output_lif,101,reset567,s567,1.0,29.29521065967379,47.03983280059011,3.0955726157178667,1.9768874063183148,21,0.45773766655740294,5.4127522779344615,3.1747131012172947,5,train
s234567,output_lif,101,reset567,s567,1.0,25.16466522629954,40.40734366035571,3.5780378806186084,2.2232602193489317,21,0.3931978941609303,5.961092236451554,3.4669486540489904,6,train
s234567,output_lif,101,reset567,s567,1.0,23.637222375326786,37.95470192458144,3.655635207992972,2.257269114935511,22,0.36933159961448103,6.174216743302593,3.5545802154997417,7,train
s234567,output_lif,101,reset567,s567,0.953125,21.054823983846898,29.741505456349206,3.136952624330612,1.8511177272627513,128,0.3289816247476078,5.551437777275445,3.070013337690931,all,val
s234567,output_lif,101,reset567,s567,0.9090909090909091,17.25023742827272,24.367243867243868,1.478531196877918,0.8907235751310844,22,0.26953495981676123,2.4412280305069793,1.3554979166190126,2,val
s234567,output_lif,101,reset567,s567,0.9523809523809523,16.37757460986326,23.134542705971278,2.740696759346351,1.5254213330490656,21,0.25589960327911343,4.393669983169762,2.3417321507170348,3,val
s234567,output_lif,101,reset567,s567,0.9047619047619048,19.711468118104936,27.843915343915345,5.549470969144395,2.982997489663937,21,0.3079916893453896,8.608535573303971,4.475966162679096,4,val
s234567,output_lif,101,reset567,s567,1.0,26.83702672535962,37.909297052154194,2.7700620477319187,1.7761155423454607,21,0.4193285425837441,5.056530450258265,2.969806590000578,5,val
s234567,output_lif,101,reset567,s567,1.0,22.890184815915656,32.334089191232046,3.198470962873781,1.9927835676453005,21,0.35765913774868213,5.503525140952436,3.208261882141281,6,val
s234567,output_lif,101,reset567,s567,0.9545454545454546,23.335041220740457,32.96248196248196,3.1622508000734233,1.978339408703841,22,0.36461001907406965,5.555558561649399,3.2244182931226075,7,val
s234567,output_lif,101,reset567,s567,0.96875,22.655235255135853,29.269477739726028,3.747279061632807,2.1940466777783816,128,0.3539880508614977,6.332213888250879,3.4880251527212933,all,test
s234567,output_lif,101,reset567,s567,0.9090909090909091,18.578468582444724,24.002490660024907,1.7165047710893728,1.0241810265302127,22,0.2902885716006988,2.682132510023438,1.485688548584083,2,test
s234567,output_lif,101,reset567,s567,0.9523809523809523,18.033260752942663,23.298108284409654,3.1650953961252326,1.7583307970875146,21,0.2817696992647291,4.931497196762425,2.6293189154812784,3,test
s234567,output_lif,101,reset567,s567,0.9523809523809523,20.228091766859162,26.13372472276582,6.808689221318912,3.636006104987141,21,0.3160639338571744,9.957959027956553,5.165042203962281,4,test
s234567,output_lif,101,reset567,s567,1.0,30.10356906181956,38.89236790606654,3.1845526851293036,2.036796966834903,21,0.4703682665909306,5.500429136334137,3.2301242575481006,5,test
s234567,output_lif,101,reset567,s567,1.0,25.48265959796775,32.922374429223744,3.808951413049481,2.3608575327548595,21,0.3981665562182461,6.234173491029493,3.628202762517976,6,test
s234567,output_lif,101,reset567,s567,1.0,23.652027230556058,30.55728518057285,3.889797519334749,2.3942804759981775,22,0.3695629254774384,6.500132000935065,3.7402575919349927,7,test
s4567,hidden_count_linear,11,normal,none,1.0,22.65736010852999,36.381319922547334,10.309847594293801,5.431558027639138,128,0.3540212516957811,17.890088476981823,9.19074838745008,all,train
s4567,hidden_count_linear,11,normal,none,1.0,23.58004924045757,37.86289802065404,6.119232381672166,3.2943994017137856,32,0.3684382693821495,9.325522755477966,4.880613566343726,4,train
s4567,hidden_count_linear,11,normal,none,1.0,20.091781533153565,32.26172547332186,7.782183726363743,4.118609613927178,32,0.31393408645552445,12.71125445554796,6.5502516950363825,5,train
s4567,hidden_count_linear,11,normal,none,1.0,28.706047867084262,46.093803786574874,11.560554038889913,6.118642456600566,32,0.4485319979231916,19.087066572389308,9.855310171087568,6,train
s4567,hidden_count_linear,11,normal,none,1.0,18.251561793424557,29.306852409638555,15.777421407875124,8.194581914076238,32,0.2851806530222587,25.833381678693822,13.19189525327921,7,train
s4567,hidden_count_linear,11,normal,none,0.9921875,21.061671495039946,29.751178075396826,8.404531949565447,4.46744928836362,128,0.32908861710999915,15.187751182165874,7.845021744155437,all,val
s4567,hidden_count_linear,11,normal,none,1.0,21.265384953033095,30.03893849206349,5.279407125142656,2.8603357022539724,32,0.3322716398911421,8.4826162175846,4.454936640759392,4,val
s4567,hidden_count_linear,11,normal,none,1.0,19.65692213150733,27.76686507936508,6.530110119831446,3.49265387696427,32,0.307139408304802,11.233521960025346,5.825511219029708,5,val
s4567,hidden_count_linear,11,normal,none,1.0,26.455096128522516,37.369791666666664,9.18727915679045,4.9142548804977615,32,0.4133608770081643,15.990439159073897,8.31061977870101,6,val
s4567,hidden_count_linear,11,normal,none,0.96875,16.86928276709683,23.829117063492063,12.621330710648758,6.602551493503643,32,0.263582543235888,21.65248653027065,11.105313557122175,7,val
s4567,hidden_count_linear,11,normal,none,0.984375,21.820162359178262,28.190603595890412,9.148788017338676,4.865126380389538,128,0.34094003686216034,15.800388449376056,8.170498215336227,all,test
s4567,hidden_count_linear,11,normal,none,1.0,22.984758117958915,29.695205479452056,5.998418182312376,3.247146879465395,32,0.35913684559310805,9.168341207504495,4.82096440171911,4,test
s4567,hidden_count_linear,11,normal,none,1.0,19.480616302186878,25.168022260273972,7.206668679330268,3.8462368691496853,32,0.30438462972166996,11.859051692493317,6.144815617219103,5,test
s4567,hidden_count_linear,11,normal,none,0.96875,26.792412193505633,34.61451198630137,9.904851570913063,5.295198818482335,32,0.4186314405235255,16.570850686876224,8.616094550357246,6,test
s4567,hidden_count_linear,11,normal,none,0.96875,18.02286282306163,23.284674657534246,13.485215012011265,7.071922711776217,32,0.28160723161033796,22.345477258679388,11.480009224646215,7,test
s4567,hidden_count_linear,11,resetall250,s4567,1.0,18.98641700303147,30.486822289156628,2.6322490715075286,1.6349352358182458,128,0.2966627656723667,4.60743341188085,2.655529142895154,all,train
s4567,hidden_count_linear,11,resetall250,s4567,1.0,20.555144287939438,33.00575516351119,2.498264048813372,1.5621965814571575,32,0.3211741294990537,4.220907434434823,2.449825025804626,4,train
s4567,hidden_count_linear,11,resetall250,s4567,1.0,16.17629423685665,25.97455895008606,2.357397308418611,1.456661851703946,32,0.25275459745088513,4.192484300129223,2.4039543291995833,5,train
s4567,hidden_count_linear,11,resetall250,s4567,1.0,24.300802250992344,39.020223752151466,2.6092284510191437,1.6688563526889644,32,0.3797000351717554,4.635820170233576,2.7242282911364484,6,train
s4567,hidden_count_linear,11,resetall250,s4567,1.0,14.913427236337448,23.946751290877796,3.0641064123553354,1.8520262392024804,32,0.23302230056777262,5.294332236137363,3.0008800371229447,7,train
s4567,hidden_count_linear,11,resetall250,s4567,1.0,17.690150118514616,24.988653273809526,2.3636588095865156,1.4750911835549996,128,0.2764085956017909,4.334383398396839,2.5036624914915957,all,val
s4567,hidden_count_linear,11,resetall250,s4567,1.0,18.533052409797207,26.179315476190474,2.235695944166447,1.4009893707203056,32,0.28957894390308137,3.949626505724357,2.2947347948333996,4,val
s4567,hidden_count_linear,11,resetall250,s4567,1.0,15.838468966728119,22.373015873015873,2.1092760663572117,1.316017116720437,32,0.24747607760512685,3.9433291422229564,2.272738940850408,5,val
s4567,hidden_count_linear,11,resetall250,s4567,1.0,22.480905978404003,31.75595238095238,2.3094683782701257,1.4868203927442718,32,0.35126415591256255,4.29625431217884,2.5352482854434246,6,val
s4567,hidden_count_linear,11,resetall250,s4567,1.0,13.908173119129136,19.646329365079364,2.8001951924765165,1.6965381112281626,32,0.21731520498639276,5.053743133585056,2.8661245415039303,7,val
s4567,hidden_count_linear,11,resetall250,s4567,0.984375,19.057157057654077,24.62093321917808,2.7101075998436466,1.6835083250497018,128,0.29776807902584496,4.689210827207681,2.7056653968014457,all,test
s4567,hidden_count_linear,11,resetall250,s4567,0.96875,20.70311464546057,26.747431506849313,2.585999222762384,1.6165880287933856,32,0.3234861663353214,4.310903004308725,2.5071564492761875,4,test
s4567,hidden_count_linear,11,resetall250,s4567,1.0,16.423624917163686,21.21853595890411,2.425739245354695,1.5008472723230928,32,0.2566191393306826,4.266580639699332,2.4489208097320705,5,test
s4567,hidden_count_linear,11,resetall250,s4567,1.0,23.807157057654077,30.757705479452056,2.6291263041865993,1.6803826293540838,32,0.37198682902584496,4.620913118619094,2.7197589786843377,6,test
s4567,hidden_count_linear,11,resetall250,s4567,0.96875,15.294731610337973,19.76005993150685,3.1995665169141403,1.9362155719653433,32,0.23898018141153082,5.460252942785767,3.0987689917501617,7,test
s4567,hidden_count_linear,11,reset234,s4,1.0,21.901133870400457,35.16703420826162,9.404605903621016,4.998507424799437,128,0.34220521672500714,17.400228330958313,8.945119776700514,all,train
s4567,hidden_count_linear,11,reset234,s4,1.0,20.555144287939438,33.00575516351119,2.498264048813372,1.5621965814571575,32,0.3211741294990537,4.220907434434823,2.449825025804626,4,train
s4567,hidden_count_linear,11,reset234,s4,1.0,20.091781533153565,32.26172547332186,7.782183726363743,4.118609613927178,32,0.31393408645552445,12.71125445554796,6.5502516950363825,5,train
s4567,hidden_count_linear,11,reset234,s4,1.0,28.706047867084262,46.093803786574874,11.560554038889913,6.118642456600566,32,0.4485319979231916,19.087066572389308,9.855310171087568,6,train
s4567,hidden_count_linear,11,reset234,s4,1.0,18.251561793424557,29.306852409638555,15.777421407875124,8.194581914076238,32,0.2851806530222587,25.833381678693822,13.19189525327921,7,train
s4567,hidden_count_linear,11,reset234,s4,0.9921875,20.37858835923097,28.786272321428573,7.643604325783513,4.102612534018085,128,0.3184154431129839,14.716622093749388,7.609152169214642,all,val
s4567,hidden_count_linear,11,reset234,s4,1.0,18.533052409797207,26.179315476190474,2.235695944166447,1.4009893707203056,32,0.28957894390308137,3.949626505724357,2.2947347948333996,4,val
s4567,hidden_count_linear,11,reset234,s4,1.0,19.65692213150733,27.76686507936508,6.530110119831446,3.49265387696427,32,0.307139408304802,11.233521960025346,5.825511219029708,5,val
s4567,hidden_count_linear,11,reset234,s4,1.0,26.455096128522516,37.369791666666664,9.18727915679045,4.9142548804977615,32,0.4133608770081643,15.990439159073897,8.31061977870101,6,val
s4567,hidden_count_linear,11,reset234,s4,0.96875,16.86928276709683,23.829117063492063,12.621330710648758,6.602551493503643,32,0.263582543235888,21.65248653027065,11.105313557122175,7,val
s4567,hidden_count_linear,11,reset234,s4,0.9765625,21.24975149105368,27.453660102739725,8.295683499911986,4.457486404813308,128,0.33202736704771374,15.273624848485044,7.906837219730357,all,test
s4567,hidden_count_linear,11,reset234,s4,0.96875,20.70311464546057,26.747431506849313,2.585999222762384,1.6165880287933856,32,0.3234861663353214,4.310903004308725,2.5071564492761875,4,test
s4567,hidden_count_linear,11,reset234,s4,1.0,19.480616302186878,25.168022260273972,7.206668679330268,3.8462368691496853,32,0.30438462972166996,11.859051692493317,6.144815617219103,5,test
s4567,hidden_count_linear,11,reset234,s4,0.96875,26.792412193505633,34.61451198630137,9.904851570913063,5.295198818482335,32,0.4186314405235255,16.570850686876224,8.616094550357246,6,test
s4567,hidden_count_linear,11,reset234,s4,0.96875,18.02286282306163,23.284674657534246,13.485215012011265,7.071922711776217,32,0.28160723161033796,22.345477258679388,11.480009224646215,7,test
s4567,hidden_count_linear,11,reset2345,s45,1.0,20.922262046326228,33.595242577452666,8.048409184643342,4.333020488332608,128,0.3269103444738473,16.33303972714584,8.410319400313801,all,train
s4567,hidden_count_linear,11,reset2345,s45,1.0,20.555144287939438,33.00575516351119,2.498264048813372,1.5621965814571575,32,0.3211741294990537,4.220907434434823,2.449825025804626,4,train
s4567,hidden_count_linear,11,reset2345,s45,1.0,16.17629423685665,25.97455895008606,2.357397308418611,1.456661851703946,32,0.25275459745088513,4.192484300129223,2.4039543291995833,5,train
s4567,hidden_count_linear,11,reset2345,s45,1.0,28.706047867084262,46.093803786574874,11.560554038889913,6.118642456600566,32,0.4485319979231916,19.087066572389308,9.855310171087568,6,train
s4567,hidden_count_linear,11,reset2345,s45,1.0,18.251561793424557,29.306852409638555,15.777421407875124,8.194581914076238,32,0.2851806530222587,25.833381678693822,13.19189525327921,7,train
s4567,hidden_count_linear,11,reset2345,s45,0.9921875,19.423975068036167,27.43781001984127,6.5383951694320075,3.558453151062242,128,0.3034996104380651,13.744760615809891,7.120841630289149,all,val
s4567,hidden_count_linear,11,reset2345,s45,1.0,18.533052409797207,26.179315476190474,2.235695944166447,1.4009893707203056,32,0.28957894390308137,3.949626505724357,2.2947347948333996,4,val
s4567,hidden_count_linear,11,reset2345,s45,1.0,15.838468966728119,22.373015873015873,2.1092760663572117,1.316017116720437,32,0.24747607760512685,3.9433291422229564,2.272738940850408,5,val
s4567,hidden_count_linear,11,reset2345,s45,1.0,26.455096128522516,37.369791666666664,9.18727915679045,4.9142548804977615,32,0.4133608770081643,15.990439159073897,8.31061977870101,6,val
s4567,hidden_count_linear,11,reset2345,s45,0.96875,16.86928276709683,23.829117063492063,12.621330710648758,6.602551493503643,32,0.263582543235888,21.65248653027065,11.105313557122175,7,val
s4567,hidden_count_linear,11,reset2345,s45,0.9765625,20.48550364479788,26.46628852739726,7.100451409382249,3.871139132004846,128,0.3200859944499669,14.236406862307465,7.3876715163117055,all,test
s4567,hidden_count_linear,11,reset2345,s45,0.96875,20.70311464546057,26.747431506849313,2.585999222762384,1.6165880287933856,32,0.3234861663353214,4.310903004308725,2.5071564492761875,4,test
s4567,hidden_count_linear,11,reset2345,s45,1.0,16.423624917163686,21.21853595890411,2.425739245354695,1.5008472723230928,32,0.2566191393306826,4.266580639699332,2.4489208097320705,5,test
s4567,hidden_count_linear,11,reset2345,s45,0.96875,26.792412193505633,34.61451198630137,9.904851570913063,5.295198818482335,32,0.4186314405235255,16.570850686876224,8.616094550357246,6,test
s4567,hidden_count_linear,11,reset2345,s45,0.96875,18.02286282306163,23.284674657534246,13.485215012011265,7.071922711776217,32,0.28160723161033796,22.345477258679388,11.480009224646215,7,test
s4567,hidden_count_linear,11,reset23456,s456,1.0,19.82095064230325,31.826847568846816,5.8105777876756495,3.2205740441342723,128,0.30970235378598826,13.455922563843362,6.950326573643532,all,train
s4567,hidden_count_linear,11,reset23456,s456,1.0,20.555144287939438,33.00575516351119,2.498264048813372,1.5621965814571575,32,0.3211741294990537,4.220907434434823,2.449825025804626,4,train
s4567,hidden_count_linear,11,reset23456,s456,1.0,16.17629423685665,25.97455895008606,2.357397308418611,1.456661851703946,32,0.25275459745088513,4.192484300129223,2.4039543291995833,5,train
s4567,hidden_count_linear,11,reset23456,s456,1.0,24.300802250992344,39.020223752151466,2.6092284510191437,1.6688563526889644,32,0.3797000351717554,4.635820170233576,2.7242282911364484,6,train
s4567,hidden_count_linear,11,reset23456,s456,1.0,18.251561793424557,29.306852409638555,15.777421407875124,8.194581914076238,32,0.2851806530222587,25.833381678693822,13.19189525327921,7,train
s4567,hidden_count_linear,11,reset23456,s456,0.9921875,18.43042753050654,26.0343501984127,4.8189428605916955,2.7015945291238697,128,0.2879754301641647,11.384609336029083,5.920021697610943,all,val
s4567,hidden_count_linear,11,reset23456,s456,1.0,18.533052409797207,26.179315476190474,2.235695944166447,1.4009893707203056,32,0.28957894390308137,3.949626505724357,2.2947347948333996,4,val
s4567,hidden_count_linear,11,reset23456,s456,1.0,15.838468966728119,22.373015873015873,2.1092760663572117,1.316017116720437,32,0.24747607760512685,3.9433291422229564,2.272738940850408,5,val
s4567,hidden_count_linear,11,reset23456,s456,1.0,22.480905978404003,31.75595238095238,2.3094683782701257,1.4868203927442718,32,0.35126415591256255,4.29625431217884,2.5352482854434246,6,val
s4567,hidden_count_linear,11,reset23456,s456,0.96875,16.86928276709683,23.829117063492063,12.621330710648758,6.602551493503643,32,0.263582543235888,21.65248653027065,11.105313557122175,7,val
s4567,hidden_count_linear,11,reset23456,s456,0.984375,19.73918986083499,25.502086900684933,5.281519703394218,2.967435216176897,128,0.3084248415755467,11.805304142630828,6.153672941089771,all,test
s4567,hidden_count_linear,11,reset23456,s456,0.96875,20.70311464546057,26.747431506849313,2.585999222762384,1.6165880287933856,32,0.3234861663353214,4.310903004308725,2.5071564492761875,4,test
s4567,hidden_count_linear,11,reset23456,s456,1.0,16.423624917163686,21.21853595890411,2.425739245354695,1.5008472723230928,32,0.2566191393306826,4.266580639699332,2.4489208097320705,5,test
s4567,hidden_count_linear,11,reset23456,s456,1.0,23.807157057654077,30.757705479452056,2.6291263041865993,1.6803826293540838,32,0.37198682902584496,4.620913118619094,2.7197589786843377,6,test
s4567,hidden_count_linear,11,reset23456,s456,0.96875,18.02286282306163,23.284674657534246,13.485215012011265,7.071922711776217,32,0.28160723161033796,22.345477258679388,11.480009224646215,7,test
s4567,hidden_count_linear,11,reset67,s67,1.0,20.72151506523523,33.27289963425129,4.893687612005293,2.733472840548428,128,0.3237736728943005,8.632238196755674,4.559410305013013,all,train
s4567,hidden_count_linear,11,reset67,s67,1.0,23.58004924045757,37.86289802065404,6.119232381672166,3.2943994017137856,32,0.3684382693821495,9.325522755477966,4.880613566343726,4,train
s4567,hidden_count_linear,11,reset67,s67,1.0,20.091781533153565,32.26172547332186,7.782183726363743,4.118609613927178,32,0.31393408645552445,12.71125445554796,6.5502516950363825,5,train
s4567,hidden_count_linear,11,reset67,s67,1.0,24.300802250992344,39.020223752151466,2.6092284510191437,1.6688563526889644,32,0.3797000351717554,4.635820170233576,2.7242282911364484,6,train
s4567,hidden_count_linear,11,reset67,s67,1.0,14.913427236337448,23.946751290877796,3.0641064123553354,1.8520262392024804,32,0.23302230056777262,5.294332236137363,3.0008800371229447,7,train
s4567,hidden_count_linear,11,reset67,s67,1.0,19.32784654551839,27.30202132936508,4.229795589719954,2.384087149394259,128,0.30199760227372485,7.780503149536157,4.135976263886161,all,val
s4567,hidden_count_linear,11,reset67,s67,1.0,21.265384953033095,30.03893849206349,5.279407125142656,2.8603357022539724,32,0.3322716398911421,8.4826162175846,4.454936640759392,4,val
s4567,hidden_count_linear,11,reset67,s67,1.0,19.65692213150733,27.76686507936508,6.530110119831446,3.49265387696427,32,0.307139408304802,11.233521960025346,5.825511219029708,5,val
s4567,hidden_count_linear,11,reset67,s67,1.0,22.480905978404003,31.75595238095238,2.3094683782701257,1.4868203927442718,32,0.35126415591256255,4.29625431217884,2.5352482854434246,6,val
s4567,hidden_count_linear,11,reset67,s67,1.0,13.908173119129136,19.646329365079364,2.8001951924765165,1.6965381112281626,32,0.21731520498639276,5.053743133585056,2.8661245415039303,7,val
s4567,hidden_count_linear,11,reset67,s67,0.9921875,20.39181577203446,26.345248287671232,4.758444612274271,2.6774956947766526,128,0.3186221214380384,8.30455906326739,4.415878033364611,all,test
s4567,hidden_count_linear,11,reset67,s67,1.0,22.984758117958915,29.695205479452056,5.998418182312376,3.247146879465395,32,0.35913684559310805,9.168341207504495,4.82096440171911,4,test
s4567,hidden_count_linear,11,reset67,s67,1.0,19.480616302186878,25.168022260273972,7.206668679330268,3.8462368691496853,32,0.30438462972166996,11.859051692493317,6.144815617219103,5,test
s4567,hidden_count_linear,11,reset67,s67,1.0,23.807157057654077,30.757705479452056,2.6291263041865993,1.6803826293540838,32,0.37198682902584496,4.620913118619094,2.7197589786843377,6,test
s4567,hidden_count_linear,11,reset67,s67,0.96875,15.294731610337973,19.76005993150685,3.1995665169141403,1.9362155719653433,32,0.23898018141153082,5.460252942785767,3.0987689917501617,7,test
s4567,hidden_count_linear,11,reset567,s567,1.0,19.742643241161,31.70110800344234,3.537491220145879,2.0679859040815987,128,0.30847880064314065,6.206107537248854,3.3921264454896174,all,train
s4567,hidden_count_linear,11,reset567,s567,1.0,23.58004924045757,37.86289802065404,6.119232381672166,3.2943994017137856,32,0.3684382693821495,9.325522755477966,4.880613566343726,4,train
s4567,hidden_count_linear,11,reset567,s567,1.0,16.17629423685665,25.97455895008606,2.357397308418611,1.456661851703946,32,0.25275459745088513,4.192484300129223,2.4039543291995833,5,train
s4567,hidden_count_linear,11,reset567,s567,1.0,24.300802250992344,39.020223752151466,2.6092284510191437,1.6688563526889644,32,0.3797000351717554,4.635820170233576,2.7242282911364484,6,train
s4567,hidden_count_linear,11,reset567,s567,1.0,14.913427236337448,23.946751290877796,3.0641064123553354,1.8520262392024804,32,0.23302230056777262,5.294332236137363,3.0008800371229447,7,train
s4567,hidden_count_linear,11,reset567,s567,1.0,18.37323325432359,25.95355902777778,3.1245867762926873,1.8399277664384164,128,0.2870817695988061,5.733732518340107,3.1485692694976337,all,val
s4567,hidden_count_linear,11,reset567,s567,1.0,21.265384953033095,30.03893849206349,5.279407125142656,2.8603357022539724,32,0.3322716398911421,8.4826162175846,4.454936640759392,4,val
s4567,hidden_count_linear,11,reset567,s567,1.0,15.838468966728119,22.373015873015873,2.1092760663572117,1.316017116720437,32,0.24747607760512685,3.9433291422229564,2.272738940850408,5,val
s4567,hidden_count_linear,11,reset567,s567,1.0,22.480905978404003,31.75595238095238,2.3094683782701257,1.4868203927442718,32,0.35126415591256255,4.29625431217884,2.5352482854434246,6,val
s4567,hidden_count_linear,11,reset567,s567,1.0,13.908173119129136,19.646329365079364,2.8001951924765165,1.6965381112281626,32,0.21731520498639276,5.053743133585056,2.8661245415039303,7,val
s4567,hidden_count_linear,11,reset567,s567,0.9921875,19.62756792577866,25.357876712328768,3.5632126026393722,2.0911481186125433,128,0.30668074884029156,6.193330780559878,3.3999398912721057,all,test
s4567,hidden_count_linear,11,reset567,s567,1.0,22.984758117958915,29.695205479452056,5.998418182312376,3.247146879465395,32,0.35913684559310805,9.168341207504495,4.82096440171911,4,test
s4567,hidden_count_linear,11,reset567,s567,1.0,16.423624917163686,21.21853595890411,2.425739245354695,1.5008472723230928,32,0.2566191393306826,4.266580639699332,2.4489208097320705,5,test
s4567,hidden_count_linear,11,reset567,s567,1.0,23.807157057654077,30.757705479452056,2.6291263041865993,1.6803826293540838,32,0.37198682902584496,4.620913118619094,2.7197589786843377,6,test
s4567,hidden_count_linear,11,reset567,s567,0.96875,15.294731610337973,19.76005993150685,3.1995665169141403,1.9362155719653433,32,0.23898018141153082,5.460252942785767,3.0987689917501617,7,test
s4567,hidden_count_linear,23,normal,none,0.9921875,20.41052137940275,32.77353162650602,11.654559452827977,6.098243361854556,128,0.31891439655316794,19.724581351315166,10.109545056584375,all,train
s4567,hidden_count_linear,23,normal,none,0.96875,11.987606143333277,19.2487091222031,6.626242526001977,3.461218167467801,32,0.18730634598958246,9.872856879485374,5.038601681889299,4,train
s4567,hidden_count_linear,23,normal,none,1.0,19.292746244158977,30.978700516351118,9.324763663598908,4.896413226778267,32,0.301449160064984,14.68013032088372,7.526122503033112,5,train
s4567,hidden_count_linear,23,normal,none,1.0,28.041000217729913,45.02592512908778,14.39480766493041,7.555370719199591,32,0.4381406284020299,23.044910644448485,11.847401968001028,6,train
s4567,hidden_count_linear,23,normal,none,1.0,22.32073291238883,35.8407917383821,16.27242539610096,8.479971922785435,32,0.3487614517560755,26.68686892119901,13.653594765025685,7,train
s4567,hidden_count_linear,23,normal,none,0.9609375,18.809849881485384,26.5703125,9.426182128434728,4.970710840795364,128,0.2939039043982091,16.680452335706665,8.587352662909375,all,val
s4567,hidden_count_linear,23,normal,none,0.90625,11.210253709068564,15.83531746031746,5.707709211219384,2.9994581797032747,32,0.1751602142041963,9.023847211531182,4.617875330998561,4,val
s4567,hidden_count_linear,23,normal,none,0.96875,17.759985953823193,25.08730158730159,7.895174232947063,4.173374264770433,32,0.2774997805284874,13.100212734857932,6.742003655531106,5,val
s4567,hidden_count_linear,23,normal,none,1.0,26.190150118514616,36.995535714285715,11.420476554955666,6.050874868317092,32,0.4092210956017909,19.39739499238397,10.025499706666047,6,val
s4567,hidden_count_linear,23,normal,none,0.96875,20.07900974453516,28.363095238095237,12.681369886313757,6.659136050390659,32,0.3137345272583619,21.99194392047818,11.299577888188276,7,val
s4567,hidden_count_linear,23,normal,none,0.9453125,19.833209078860172,25.62355522260274,10.469800662172796,5.526127860117938,128,0.3098938918571902,17.69817073805913,9.126741240450821,all,test
s4567,hidden_count_linear,23,normal,none,0.875,11.486414844267728,14.839897260273972,6.605004251832754,3.4672650134350147,32,0.17947523194168324,9.861797984486856,5.05461650208941,4,test
s4567,hidden_count_linear,23,normal,none,0.9375,18.54340622929092,23.95719178082192,8.55960250864604,4.5296666857578485,32,0.2897407223326706,13.76964279180473,7.09295299780153,5,test
s4567,hidden_count_linear,23,normal,none,1.0,27.534625579854207,35.57341609589041,12.623512991064032,6.693488847190296,32,0.430228524685222,20.551495309887617,10.634395787866232,6,test
s4567,hidden_count_linear,23,normal,none,0.96875,21.768389662027833,28.12371575342466,14.091087589049039,7.414090408719558,32,0.3401310884691849,23.316924327483783,12.010001445152202,7,test
s4567,hidden_count_linear,23,resetall250,s4567,0.9921875,16.996574940961697,27.291698042168676,2.9761266803410824,1.8125563297645166,128,0.2655714834525265,5.083009488094669,2.894023767879918,all,train
s4567,hidden_count_linear,23,resetall250,s4567,0.96875,9.908620429765355,15.91044535283993,2.7907736883342826,1.639910704565629,32,0.15482219421508367,4.5572744793797515,2.5235917275972155,4,train
s4567,hidden_count_linear,23,resetall250,s4567,1.0,16.111611703820323,25.870697074010327,2.7944384269223037,1.7014770763373641,32,0.25174393287219254,4.794919183788652,2.717897262226072,5,train
s4567,hidden_count_linear,23,resetall250,s4567,1.0,23.643324903277673,37.9645008605852,3.1894935568170397,1.9910402635474065,32,0.36942695161371364,5.5164313833851955,3.197225692393416,6,train
s4567,hidden_count_linear,23,resetall250,s4567,1.0,18.322742726983435,29.421148881239244,3.129800983867051,1.9177972255399283,32,0.2862928551091162,5.399715722386997,3.0860592785083454,7,train
s4567,hidden_count_linear,23,resetall250,s4567,0.9609375,15.584496532350101,22.01426091269841,2.659150967595031,1.6246635913220964,128,0.24350775831797034,4.758919639764925,2.712986942845443,all,val
s4567,hidden_count_linear,23,resetall250,s4567,0.90625,9.188130980598718,12.97891865079365,2.493765122958915,1.4701851379378457,32,0.14356454657185497,4.281958347784396,2.373185779312387,4,val
s4567,hidden_count_linear,23,resetall250,s4567,0.96875,14.827319813888158,20.94469246031746,2.533121851955491,1.5459527052607323,32,0.23167687209200247,4.522651281706876,2.5684528745906676,5,val
s4567,hidden_count_linear,23,resetall250,s4567,1.0,21.858309191466947,30.876488095238095,2.8218052492099024,1.7711543104205074,32,0.34153608111667105,5.112027402061154,2.9728434548286833,6,val
s4567,hidden_count_linear,23,resetall250,s4567,0.96875,16.46422614344658,23.256944444444443,2.787911646255816,1.7113630689798964,32,0.2572535334913528,5.066250523647739,2.893861227375914,7,val
s4567,hidden_count_linear,23,resetall250,s4567,0.9453125,17.156684890656063,22.165614297945204,3.1037537389594725,1.8899919169876573,128,0.268073201416501,5.247289893506475,2.9909521552562306,all,test
s4567,hidden_count_linear,23,resetall250,s4567,0.875,9.921471172962226,12.818065068493151,2.9376030195778453,1.7267247750476309,32,0.15502298707753479,4.733168935530241,2.6261246364939836,4,test
s4567,hidden_count_linear,23,resetall250,s4567,0.9375,15.915672630881378,20.56228595890411,2.8630969311086605,1.7423825576812562,32,0.24868238485752153,4.894309646063633,2.775084615003382,5,test
s4567,hidden_count_linear,23,resetall250,s4567,1.0,23.99635520212061,31.002140410958905,3.2977781302096276,2.0592210894787524,32,0.37494305003313455,5.637742933842243,3.2726412218556273,6,test
s4567,hidden_count_linear,23,resetall250,s4567,0.96875,18.793240556660038,24.27996575342466,3.316536733375787,2.031639589546057,32,0.2936443836978131,5.656404372062764,3.2365679682859394,7,test
s4567,hidden_count_linear,23,reset234,s4,0.9921875,19.89077495101077,31.938965684165233,10.6956927422664,5.642916332569883,128,0.31079335860954327,19.232341122398992,9.871583055283049,all,train
s4567,hidden_count_linear,23,reset234,s4,0.96875,9.908620429765355,15.91044535283993,2.7907736883342826,1.639910704565629,32,0.15482219421508367,4.5572744793797515,2.5235917275972155,4,train
s4567,hidden_count_linear,23,reset234,s4,1.0,19.292746244158977,30.978700516351118,9.324763663598908,4.896413226778267,32,0.301449160064984,14.68013032088372,7.526122503033112,5,train
s4567,hidden_count_linear,23,reset234,s4,1.0,28.041000217729913,45.02592512908778,14.39480766493041,7.555370719199591,32,0.4381406284020299,23.044910644448485,11.847401968001028,6,train
s4567,hidden_count_linear,23,reset234,s4,1.0,22.32073291238883,35.8407917383821,16.27242539610096,8.479971922785435,32,0.3487614517560755,26.68686892119901,13.653594765025685,7,train
s4567,hidden_count_linear,23,reset234,s4,0.9609375,18.30431919936792,25.856212797619047,8.6226962349662,4.588392494622948,128,0.28600498749012376,16.200735510918136,8.355802164544723,all,val
s4567,hidden_count_linear,23,reset234,s4,0.90625,9.188130980598718,12.97891865079365,2.493765122958915,1.4701851379378457,32,0.14356454657185497,4.281958347784396,2.373185779312387,4,val
s4567,hidden_count_linear,23,reset234,s4,0.96875,17.759985953823193,25.08730158730159,7.895174232947063,4.173374264770433,32,0.2774997805284874,13.100212734857932,6.742003655531106,5,val
s4567,hidden_count_linear,23,reset234,s4,1.0,26.190150118514616,36.995535714285715,11.420476554955666,6.050874868317092,32,0.4092210956017909,19.39739499238397,10.025499706666047,6,val
s4567,hidden_count_linear,23,reset234,s4,0.96875,20.07900974453516,28.363095238095237,12.681369886313757,6.659136050390659,32,0.3137345272583619,21.99194392047818,11.299577888188276,7,val
s4567,hidden_count_linear,23,reset234,s4,0.9453125,19.441973161033797,25.118097174657535,9.552951658538353,5.090992739849963,128,0.3037808306411531,17.161358440805238,8.867595603148622,all,test
s4567,hidden_count_linear,23,reset234,s4,0.875,9.921471172962226,12.818065068493151,2.9376030195778453,1.7267247750476309,32,0.15502298707753479,4.733168935530241,2.6261246364939836,4,test
s4567,hidden_count_linear,23,reset234,s4,0.9375,18.54340622929092,23.95719178082192,8.55960250864604,4.5296666857578485,32,0.2897407223326706,13.76964279180473,7.09295299780153,5,test
s4567,hidden_count_linear,23,reset234,s4,1.0,27.534625579854207,35.57341609589041,12.623512991064032,6.693488847190296,32,0.430228524685222,20.551495309887617,10.634395787866232,6,test
s4567,hidden_count_linear,23,reset234,s4,0.96875,21.768389662027833,28.12371575342466,14.091087589049039,7.414090408719558,32,0.3401310884691849,23.316924327483783,12.010001445152202,7,test
s4567,hidden_count_linear,23,reset2345,s45,0.9921875,19.095491315926107,30.661964823580035,9.063111449453164,4.844182581188136,128,0.29836705181134543,17.937508529236194,9.226823184753455,all,train
s4567,hidden_count_linear,23,reset2345,s45,0.96875,9.908620429765355,15.91044535283993,2.7907736883342826,1.639910704565629,32,0.15482219421508367,4.5572744793797515,2.5235917275972155,4,train
s4567,hidden_count_linear,23,reset2345,s45,1.0,16.111611703820323,25.870697074010327,2.7944384269223037,1.7014770763373641,32,0.25174393287219254,4.794919183788652,2.717897262226072,5,train
s4567,hidden_count_linear,23,reset2345,s45,1.0,28.041000217729913,45.02592512908778,14.39480766493041,7.555370719199591,32,0.4381406284020299,23.044910644448485,11.847401968001028,6,train
s4567,hidden_count_linear,23,reset2345,s45,1.0,22.32073291238883,35.8407917383821,16.27242539610096,8.479971922785435,32,0.3487614517560755,26.68686892119901,13.653594765025685,7,train
s4567,hidden_count_linear,23,reset2345,s45,0.9609375,17.57115266438416,24.820560515873016,7.28218275392854,3.9315368904178736,128,0.2745492603810025,14.989113188506508,7.752742554656254,all,val
s4567,hidden_count_linear,23,reset2345,s45,0.90625,9.188130980598718,12.97891865079365,2.493765122958915,1.4701851379378457,32,0.14356454657185497,4.281958347784396,2.373185779312387,4,val
s4567,hidden_count_linear,23,reset2345,s45,0.96875,14.827319813888158,20.94469246031746,2.533121851955491,1.5459527052607323,32,0.23167687209200247,4.522651281706876,2.5684528745906676,5,val
s4567,hidden_count_linear,23,reset2345,s45,1.0,26.190150118514616,36.995535714285715,11.420476554955666,6.050874868317092,32,0.4092210956017909,19.39739499238397,10.025499706666047,6,val
s4567,hidden_count_linear,23,reset2345,s45,0.96875,20.07900974453516,28.363095238095237,12.681369886313757,6.659136050390659,32,0.3137345272583619,21.99194392047818,11.299577888188276,7,val
s4567,hidden_count_linear,23,reset2345,s45,0.9453125,18.785039761431413,24.26937071917808,8.128825193371023,4.3941720364661,128,0.29351624627236583,15.909117623444024,8.245121589182203,all,test
s4567,hidden_count_linear,23,reset2345,s45,0.875,9.921471172962226,12.818065068493151,2.9376030195778453,1.7267247750476309,32,0.15502298707753479,4.733168935530241,2.6261246364939836,4,test
s4567,hidden_count_linear,23,reset2345,s45,0.9375,15.915672630881378,20.56228595890411,2.8630969311086605,1.7423825576812562,32,0.24868238485752153,4.894309646063633,2.775084615003382,5,test
s4567,hidden_count_linear,23,reset2345,s45,1.0,27.534625579854207,35.57341609589041,12.623512991064032,6.693488847190296,32,0.430228524685222,20.551495309887617,10.634395787866232,6,test
s4567,hidden_count_linear,23,reset2345,s45,0.96875,21.768389662027833,28.12371575342466,14.091087589049039,7.414090408719558,32,0.3401310884691849,23.316924327483783,12.010001445152202,7,test
s4567,hidden_count_linear,23,reset23456,s456,0.9921875,17.996072487313047,28.896608756454388,6.261782668908168,3.4531000735885238,128,0.28118863261426635,14.021233873310216,7.25255794743806,all,train
s4567,hidden_count_linear,23,reset23456,s456,0.96875,9.908620429765355,15.91044535283993,2.7907736883342826,1.639910704565629,32,0.15482219421508367,4.5572744793797515,2.5235917275972155,4,train
s4567,hidden_count_linear,23,reset23456,s456,1.0,16.111611703820323,25.870697074010327,2.7944384269223037,1.7014770763373641,32,0.25174393287219254,4.794919183788652,2.717897262226072,5,train
s4567,hidden_count_linear,23,reset23456,s456,1.0,23.643324903277673,37.9645008605852,3.1894935568170397,1.9910402635474065,32,0.36942695161371364,5.5164313833851955,3.197225692393416,6,train
s4567,hidden_count_linear,23,reset23456,s456,1.0,22.32073291238883,35.8407917383821,16.27242539610096,8.479971922785435,32,0.3487614517560755,26.68686892119901,13.653594765025685,7,train
s4567,hidden_count_linear,23,reset23456,s456,0.9609375,16.488192432622245,23.29079861111111,5.1325151846852775,2.861606922405847,128,0.2576280067597226,11.710763728086869,6.098098549658033,all,val
s4567,hidden_count_linear,23,reset23456,s456,0.90625,9.188130980598718,12.97891865079365,2.493765122958915,1.4701851379378457,32,0.14356454657185497,4.281958347784396,2.373185779312387,4,val
s4567,hidden_count_linear,23,reset23456,s456,0.96875,14.827319813888158,20.94469246031746,2.533121851955491,1.5459527052607323,32,0.23167687209200247,4.522651281706876,2.5684528745906676,5,val
s4567,hidden_count_linear,23,reset23456,s456,1.0,21.858309191466947,30.876488095238095,2.8218052492099024,1.7711543104205074,32,0.34153608111667105,5.112027402061154,2.9728434548286833,6,val
s4567,hidden_count_linear,23,reset23456,s456,0.96875,20.07900974453516,28.363095238095237,12.681369886313757,6.659136050390659,32,0.3137345272583619,21.99194392047818,11.299577888188276,7,val
s4567,hidden_count_linear,23,reset23456,s456,0.9453125,17.90047216699801,23.126551797945204,5.797391513548915,3.2356044802150636,128,0.2796948776093439,12.468161386335161,6.510528362196259,all,test
s4567,hidden_count_linear,23,reset23456,s456,0.875,9.921471172962226,12.818065068493151,2.9376030195778453,1.7267247750476309,32,0.15502298707753479,4.733168935530241,2.6261246364939836,4,test
s4567,hidden_count_linear,23,reset23456,s456,0.9375,15.915672630881378,20.56228595890411,2.8630969311086605,1.7423825576812562,32,0.24868238485752153,4.894309646063633,2.775084615003382,5,test
s4567,hidden_count_linear,23,reset23456,s456,1.0,23.99635520212061,31.002140410958905,3.2977781302096276,2.0592210894787524,32,0.37494305003313455,5.637742933842243,3.2726412218556273,6,test
s4567,hidden_count_linear,23,reset23456,s456,0.96875,21.768389662027833,28.12371575342466,14.091087589049039,7.414090408719558,32,0.3401310884691849,23.316924327483783,12.010001445152202,7,test
s4567,hidden_count_linear,23,reset67,s67,0.9921875,18.31160500443834,29.403264845094665,5.567575174393287,3.066617241278242,128,0.2861188281943491,9.651003622837983,5.044205578194186,all,train
s4567,hidden_count_linear,23,reset67,s67,0.96875,11.987606143333277,19.2487091222031,6.626242526001977,3.461218167467801,32,0.18730634598958246,9.872856879485374,5.038601681889299,4,train
s4567,hidden_count_linear,23,reset67,s67,1.0,19.292746244158977,30.978700516351118,9.324763663598908,4.896413226778267,32,0.301449160064984,14.68013032088372,7.526122503033112,5,train
s4567,hidden_count_linear,23,reset67,s67,1.0,23.643324903277673,37.9645008605852,3.1894935568170397,1.9910402635474065,32,0.36942695161371364,5.5164313833851955,3.197225692393416,6,train
s4567,hidden_count_linear,23,reset67,s67,1.0,18.322742726983435,29.421148881239244,3.129800983867051,1.9177972255399283,32,0.2862928551091162,5.399715722386997,3.0860592785083454,7,train
s4567,hidden_count_linear,23,reset67,s67,0.9609375,16.82319374945132,23.764012896825395,4.803150170639101,2.6638377131617066,128,0.2628624023351769,8.72990688676587,4.582347301378258,all,val
s4567,hidden_count_linear,23,reset67,s67,0.90625,11.210253709068564,15.83531746031746,5.707709211219384,2.9994581797032747,32,0.1751602142041963,9.023847211531182,4.617875330998561,4,val
s4567,hidden_count_linear,23,reset67,s67,0.96875,17.759985953823193,25.08730158730159,7.895174232947063,4.173374264770433,32,0.2774997805284874,13.100212734857932,6.742003655531106,5,val
s4567,hidden_count_linear,23,reset67,s67,1.0,21.858309191466947,30.876488095238095,2.8218052492099024,1.7711543104205074,32,0.34153608111667105,5.112027402061154,2.9728434548286833,6,val
s4567,hidden_count_linear,23,reset67,s67,0.96875,16.46422614344658,23.256944444444443,2.787911646255816,1.7113630689798964,32,0.2572535334913528,5.066250523647739,2.893861227375914,7,val
s4567,hidden_count_linear,23,reset67,s67,0.9453125,18.204854208084825,23.519798801369863,5.444730218946736,3.021947882205465,128,0.2844508470013254,9.362653953731428,4.925562957142994,all,test
s4567,hidden_count_linear,23,reset67,s67,0.875,11.486414844267728,14.839897260273972,6.605004251832754,3.4672650134350147,32,0.17947523194168324,9.861797984486856,5.05461650208941,4,test
s4567,hidden_count_linear,23,reset67,s67,0.9375,18.54340622929092,23.95719178082192,8.55960250864604,4.5296666857578485,32,0.2897407223326706,13.76964279180473,7.09295299780153,5,test
s4567,hidden_count_linear,23,reset67,s67,1.0,23.99635520212061,31.002140410958905,3.2977781302096276,2.0592210894787524,32,0.37494305003313455,5.637742933842243,3.2726412218556273,6,test
s4567,hidden_count_linear,23,reset67,s67,0.96875,18.793240556660038,24.27996575342466,3.316536733375787,2.031639589546057,32,0.2936443836978131,5.656404372062764,3.2365679682859394,7,test
s4567,hidden_count_linear,23,reset567,s567,0.9921875,17.516321369353676,28.126263984509468,3.9349936853090925,2.267883260913712,128,0.2736925213961512,6.709182260273677,3.623550896813388,all,train
s4567,hidden_count_linear,23,reset567,s567,0.96875,11.987606143333277,19.2487091222031,6.626242526001977,3.461218167467801,32,0.18730634598958246,9.872856879485374,5.038601681889299,4,train
s4567,hidden_count_linear,23,reset567,s567,1.0,16.111611703820323,25.870697074010327,2.7944384269223037,1.7014770763373641,32,0.25174393287219254,4.794919183788652,2.717897262226072,5,train
s4567,hidden_count_linear,23,reset567,s567,1.0,23.643324903277673,37.9645008605852,3.1894935568170397,1.9910402635474065,32,0.36942695161371364,5.5164313833851955,3.197225692393416,6,train
s4567,hidden_count_linear,23,reset567,s567,1.0,18.322742726983435,29.421148881239244,3.129800983867051,1.9177972255399283,32,0.2862928551091162,5.399715722386997,3.0860592785083454,7,train
s4567,hidden_count_linear,23,reset567,s567,0.9609375,16.09002721446756,22.728360615079364,3.462637032525678,2.0069822804187516,128,0.25140667522605564,6.198465881320088,3.3590904437702322,all,val
s4567,hidden_count_linear,23,reset567,s567,0.90625,11.210253709068564,15.83531746031746,5.707709211219384,2.9994581797032747,32,0.1751602142041963,9.023847211531182,4.617875330998561,4,val
s4567,hidden_count_linear,23,reset567,s567,0.96875,14.827319813888158,20.94469246031746,2.533121851955491,1.5459527052607323,32,0.23167687209200247,4.522651281706876,2.5684528745906676,5,val
s4567,hidden_count_linear,23,reset567,s567,1.0,21.858309191466947,30.876488095238095,2.8218052492099024,1.7711543104205074,32,0.34153608111667105,5.112027402061154,2.9728434548286833,6,val
s4567,hidden_count_linear,23,reset567,s567,0.96875,16.46422614344658,23.256944444444443,2.787911646255816,1.7113630689798964,32,0.2572535334913528,5.066250523647739,2.893861227375914,7,val
s4567,hidden_count_linear,23,reset567,s567,0.9453125,17.547920808482438,22.671072345890412,4.020604441385541,2.3251270777030526,128,0.2741862626325381,6.800521783100759,3.689031013250587,all,test
s4567,hidden_count_linear,23,reset567,s567,0.875,11.486414844267728,14.839897260273972,6.605004251832754,3.4672650134350147,32,0.17947523194168324,9.861797984486856,5.05461650208941,4,test
s4567,hidden_count_linear,23,reset567,s567,0.9375,15.915672630881378,20.56228595890411,2.8630969311086605,1.7423825576812562,32,0.24868238485752153,4.894309646063633,2.775084615003382,5,test
s4567,hidden_count_linear,23,reset567,s567,1.0,23.99635520212061,31.002140410958905,3.2977781302096276,2.0592210894787524,32,0.37494305003313455,5.637742933842243,3.2726412218556273,6,test
s4567,hidden_count_linear,23,reset567,s567,0.96875,18.793240556660038,24.27996575342466,3.316536733375787,2.031639589546057,32,0.2936443836978131,5.656404372062764,3.2365679682859394,7,test
s4567,hidden_count_linear,101,normal,none,0.9921875,25.662058050144875,41.20601602839931,10.777053726949939,5.691841513557875,128,0.40096965703351367,18.928357954540314,9.739632401275392,all,train
s4567,hidden_count_linear,101,normal,none,1.0,21.769842732007973,34.95621772805508,4.875050637906778,2.64774708419867,32,0.3401537926876246,7.515163621235407,3.9362759512870613,4,train
s4567,hidden_count_linear,101,normal,none,0.96875,26.723231781868122,42.90996127366609,9.066547892206945,4.820734220861875,32,0.4175504965916894,14.483218443905292,7.491076313387334,5,train
s4567,hidden_count_linear,101,normal,none,1.0,26.356005158524127,42.32029905335628,11.660408981568326,6.147577506092251,32,0.4118125806019395,19.017176041007588,9.815518781349493,6,train
s4567,hidden_count_linear,101,normal,none,1.0,27.799152528179274,44.637586058519794,17.5062071344231,9.151307766467918,32,0.43436175825280116,28.376692710134925,14.542587399625507,7,train
s4567,hidden_count_linear,101,normal,none,0.9765625,24.002150820823456,33.90482390873016,8.458620017996664,4.516493284171714,128,0.3750336065753665,15.38428106678074,7.968459092731005,all,val
s4567,hidden_count_linear,101,normal,none,0.96875,19.669739267843035,27.784970238095237,4.271275705600913,2.332683491901501,32,0.3073396760600474,6.946269783223626,3.6478814775739603,4,val
s4567,hidden_count_linear,101,normal,none,0.96875,25.58739355631639,36.14409722222222,7.112568996356773,3.8335483468308316,32,0.3998030243174436,12.092479639111072,6.300096174818033,5,val
s4567,hidden_count_linear,101,normal,none,1.0,24.509349486436662,34.62127976190476,9.16956917742077,4.8839510084716,32,0.38295858572557284,15.749635777587967,8.178930618741829,6,val
s4567,hidden_count_linear,101,normal,none,0.96875,26.242120972697744,37.06894841269841,13.281064820911245,7.015792347028356,32,0.41003314019840226,22.453833869291124,11.579819598318167,7,val
s4567,hidden_count_linear,101,normal,none,0.984375,24.787690523525512,32.02450770547945,9.58941864761949,5.113321859209328,128,0.38730766443008613,16.944920783341274,8.775165466045044,all,test
s4567,hidden_count_linear,101,normal,none,0.96875,21.459575878064943,27.724743150684933,4.680518775368622,2.561212154158383,32,0.33530587309476473,7.3800269951328765,3.882669903706536,4,test
s4567,hidden_count_linear,101,normal,none,1.0,25.326706428098078,32.7208904109589,8.283194711936712,4.438204715392541,32,0.39572978793903246,13.52891806678335,7.029131095941005,5,test
s4567,hidden_count_linear,101,normal,none,1.0,25.606527501656725,33.08240582191781,10.210793345396372,5.439137958706096,32,0.4001019922133863,17.00948934260879,8.8368043526116,6,test
s4567,hidden_count_linear,101,normal,none,0.96875,26.757952286282308,34.56999143835616,15.183165007351723,8.014733215291583,32,0.41809300447316106,24.933956108189143,12.862395572687472,7,test
s4567,hidden_count_linear,101,resetall250,s4567,0.9921875,21.821779690823522,35.039613812392425,2.634061044977976,1.6592172570322574,128,0.34096530766911753,4.661730146526424,2.706940625726468,all,train
s4567,hidden_count_linear,101,resetall250,s4567,1.0,18.271358467181404,29.338640275387263,2.0345099951638836,1.2842653924843401,32,0.28548997604970944,3.474931887944894,2.0154267078928227,4,train
s4567,hidden_count_linear,101,resetall250,s4567,0.96875,22.982933324400825,36.90409853700516,2.6162251180766076,1.6563341675285141,32,0.3591083331937629,4.635247048800094,2.691478707903376,5,train
s4567,hidden_count_linear,101,resetall250,s4567,1.0,22.89711424121125,36.766297332185886,2.605289620040364,1.6550254327905438,32,0.35776741001892576,4.589045542465431,2.6975072175810086,6,train
s4567,hidden_count_linear,101,resetall250,s4567,1.0,23.13571273050061,37.149419104991395,3.2802196429020047,2.0412440516815447,32,0.36149551141407205,5.683915972474685,3.2752958981111253,7,train
s4567,hidden_count_linear,101,resetall250,s4567,0.9765625,20.336054780089544,28.726190476190474,2.285030568266614,1.4526987451716267,128,0.3177508559388991,4.226756374522365,2.466658317837565,all,val
s4567,hidden_count_linear,101,resetall250,s4567,0.96875,16.508822754806427,23.319940476190474,1.8410184369787552,1.1635602017217541,32,0.25795035554385043,3.2898836375150227,1.908181832076421,4,val
s4567,hidden_count_linear,101,resetall250,s4567,0.96875,21.87024844175226,30.893353174603174,2.190201557150382,1.4098856827758757,32,0.34172263190237906,4.09405013932703,2.3976458164207473,5,val
s4567,hidden_count_linear,101,resetall250,s4567,1.0,21.040821701343166,29.72172619047619,2.2586176861118425,1.4464335193354403,32,0.32876283908348697,4.18427617201142,2.4691586450550327,6,val
s4567,hidden_count_linear,101,resetall250,s4567,0.96875,21.924326222456326,30.969742063492063,2.850284592825476,1.7909158340466158,32,0.3425675972258801,5.135088570202644,2.9750639641924983,7,val
s4567,hidden_count_linear,101,resetall250,s4567,0.984375,21.962060967528164,28.37392979452055,2.741704294901166,1.7244315074720946,128,0.34315720261762755,4.833085710676585,2.805472972189311,all,test
s4567,hidden_count_linear,101,resetall250,s4567,0.96875,18.544897282968854,23.959118150684933,2.0701548764056286,1.3095026743024922,32,0.28976402004638835,3.553353499670497,2.0629417855890586,4,test
s4567,hidden_count_linear,101,resetall250,s4567,1.0,22.73426110006627,29.371575342465754,2.674700596065534,1.6902429720990464,32,0.35522282968853547,4.71159105706291,2.733954898855983,5,test
s4567,hidden_count_linear,101,resetall250,s4567,1.0,23.004473161033797,29.720676369863014,2.6981006215312293,1.71131637097985,32,0.3594448931411531,4.728298213968472,2.7788876527395665,6,test
s4567,hidden_count_linear,101,resetall250,s4567,0.96875,23.564612326043736,30.444349315068493,3.523861752984696,2.1866639720595695,32,0.3681970675944334,6.021017311698802,3.468466148072058,7,test
s4567,hidden_count_linear,101,reset234,s4,0.9921875,24.787436983938232,39.80162166523236,10.066918451772825,5.350971135608052,128,0.38730370287403487,18.632823798318412,9.591785821810141,all,train
s4567,hidden_count_linear,101,reset234,s4,1.0,18.271358467181404,29.338640275387263,2.0345099951638836,1.2842653924843401,32,0.28548997604970944,3.474931887944894,2.0154267078928227,4,train
s4567,hidden_count_linear,101,reset234,s4,0.96875,26.723231781868122,42.90996127366609,9.066547892206945,4.820734220861875,32,0.4175504965916894,14.483218443905292,7.491076313387334,5,train
s4567,hidden_count_linear,101,reset234,s4,1.0,26.356005158524127,42.32029905335628,11.660408981568326,6.147577506092251,32,0.4118125806019395,19.017176041007588,9.815518781349493,6,train
s4567,hidden_count_linear,101,reset234,s4,1.0,27.799152528179274,44.637586058519794,17.5062071344231,9.151307766467918,32,0.43436175825280116,28.376692710134925,14.542587399625507,7,train
s4567,hidden_count_linear,101,reset234,s4,0.9765625,23.211921692564307,32.78856646825397,7.851056343824071,4.224212783118252,128,0.3626862764463173,15.077110638626216,7.815361581974945,all,val
s4567,hidden_count_linear,101,reset234,s4,0.96875,16.508822754806427,23.319940476190474,1.8410184369787552,1.1635602017217541,32,0.25795035554385043,3.2898836375150227,1.908181832076421,4,val
s4567,hidden_count_linear,101,reset234,s4,0.96875,25.58739355631639,36.14409722222222,7.112568996356773,3.8335483468308316,32,0.3998030243174436,12.092479639111072,6.300096174818033,5,val
s4567,hidden_count_linear,101,reset234,s4,1.0,24.509349486436662,34.62127976190476,9.16956917742077,4.8839510084716,32,0.38295858572557284,15.749635777587967,8.178930618741829,6,val
s4567,hidden_count_linear,101,reset234,s4,0.96875,26.242120972697744,37.06894841269841,13.281064820911245,7.015792347028356,32,0.41003314019840226,22.453833869291124,11.579819598318167,7,val
s4567,hidden_count_linear,101,reset234,s4,0.984375,24.05902087475149,31.08310145547945,8.936827602095759,4.800394653562997,128,0.375922201167992,16.633421246045852,8.619668991091677,all,test
s4567,hidden_count_linear,101,reset234,s4,0.96875,18.544897282968854,23.959118150684933,2.0701548764056286,1.3095026743024922,32,0.28976402004638835,3.553353499670497,2.0629417855890586,4,test
s4567,hidden_count_linear,101,reset234,s4,1.0,25.326706428098078,32.7208904109589,8.283194711936712,4.438204715392541,32,0.39572978793903246,13.52891806678335,7.029131095941005,5,test
s4567,hidden_count_linear,101,reset234,s4,1.0,25.606527501656725,33.08240582191781,10.210793345396372,5.439137958706096,32,0.4001019922133863,17.00948934260879,8.8368043526116,6,test
s4567,hidden_count_linear,101,reset234,s4,0.96875,26.757952286282308,34.56999143835616,15.183165007351723,8.014733215291583,32,0.41809300447316106,24.933956108189143,12.862395572687472,7,test
s4567,hidden_count_linear,101,reset2345,s45,0.9921875,23.852362369571406,38.30015598106713,8.454337561969284,4.559871212232234,128,0.3726931620245532,17.323758248794128,8.932206700330239,all,train
s4567,hidden_count_linear,101,reset2345,s45,1.0,18.271358467181404,29.338640275387263,2.0345099951638836,1.2842653924843401,32,0.28548997604970944,3.474931887944894,2.0154267078928227,4,train
s4567,hidden_count_linear,101,reset2345,s45,0.96875,22.982933324400825,36.90409853700516,2.6162251180766076,1.6563341675285141,32,0.3591083331937629,4.635247048800094,2.691478707903376,5,train
s4567,hidden_count_linear,101,reset2345,s45,1.0,26.356005158524127,42.32029905335628,11.660408981568326,6.147577506092251,32,0.4118125806019395,19.017176041007588,9.815518781349493,6,train
s4567,hidden_count_linear,101,reset2345,s45,1.0,27.799152528179274,44.637586058519794,17.5062071344231,9.151307766467918,32,0.43436175825280116,28.376692710134925,14.542587399625507,7,train
s4567,hidden_count_linear,101,reset2345,s45,0.9765625,22.282635413923273,31.475880456349206,6.62046311232552,3.618297202835572,128,0.34816617834255115,13.962540967136905,7.252189087047941,all,val
s4567,hidden_count_linear,101,reset2345,s45,0.96875,16.508822754806427,23.319940476190474,1.8410184369787552,1.1635602017217541,32,0.25795035554385043,3.2898836375150227,1.908181832076421,4,val
s4567,hidden_count_linear,101,reset2345,s45,0.96875,21.87024844175226,30.893353174603174,2.190201557150382,1.4098856827758757,32,0.34172263190237906,4.09405013932703,2.3976458164207473,5,val
s4567,hidden_count_linear,101,reset2345,s45,1.0,24.509349486436662,34.62127976190476,9.16956917742077,4.8839510084716,32,0.38295858572557284,15.749635777587967,8.178930618741829,6,val
s4567,hidden_count_linear,101,reset2345,s45,0.96875,26.242120972697744,37.06894841269841,13.281064820911245,7.015792347028356,32,0.41003314019840226,22.453833869291124,11.579819598318167,7,val
s4567,hidden_count_linear,101,reset2345,s45,0.984375,23.41090954274354,30.245772688356166,7.534703481584452,4.113404129260893,128,0.3657954616053678,15.377339779509967,7.9884379203668265,all,test
s4567,hidden_count_linear,101,reset2345,s45,0.96875,18.544897282968854,23.959118150684933,2.0701548764056286,1.3095026743024922,32,0.28976402004638835,3.553353499670497,2.0629417855890586,4,test
s4567,hidden_count_linear,101,reset2345,s45,1.0,22.73426110006627,29.371575342465754,2.674700596065534,1.6902429720990464,32,0.35522282968853547,4.71159105706291,2.733954898855983,5,test
s4567,hidden_count_linear,101,reset2345,s45,1.0,25.606527501656725,33.08240582191781,10.210793345396372,5.439137958706096,32,0.4001019922133863,17.00948934260879,8.8368043526116,6,test
s4567,hidden_count_linear,101,reset2345,s45,0.96875,26.757952286282308,34.56999143835616,15.183165007351723,8.014733215291583,32,0.41809300447316106,24.933956108189143,12.862395572687472,7,test
s4567,hidden_count_linear,101,reset23456,s456,0.9921875,22.987639640243188,36.911655550774526,6.190558097773293,3.43673323479659,128,0.3591818693787998,14.661656770023125,7.584019199093557,all,train
s4567,hidden_count_linear,101,reset23456,s456,1.0,18.271358467181404,29.338640275387263,2.0345099951638836,1.2842653924843401,32,0.28548997604970944,3.474931887944894,2.0154267078928227,4,train
s4567,hidden_count_linear,101,reset23456,s456,0.96875,22.982933324400825,36.90409853700516,2.6162251180766076,1.6563341675285141,32,0.3591083331937629,4.635247048800094,2.691478707903376,5,train
s4567,hidden_count_linear,101,reset23456,s456,1.0,22.89711424121125,36.766297332185886,2.605289620040364,1.6550254327905438,32,0.35776741001892576,4.589045542465431,2.6975072175810086,6,train
s4567,hidden_count_linear,101,reset23456,s456,1.0,27.799152528179274,44.637586058519794,17.5062071344231,9.151307766467918,32,0.43436175825280116,28.376692710134925,14.542587399625507,7,train
s4567,hidden_count_linear,101,reset23456,s456,0.9765625,21.4155034676499,30.250992063492063,4.8927254109604075,2.7589179162825914,128,0.33461724168202966,11.718227298646209,6.115121302299021,all,val
s4567,hidden_count_linear,101,reset23456,s456,0.96875,16.508822754806427,23.319940476190474,1.8410184369787552,1.1635602017217541,32,0.25795035554385043,3.2898836375150227,1.908181832076421,4,val
s4567,hidden_count_linear,101,reset23456,s456,0.96875,21.87024844175226,30.893353174603174,2.190201557150382,1.4098856827758757,32,0.34172263190237906,4.09405013932703,2.3976458164207473,5,val
s4567,hidden_count_linear,101,reset23456,s456,1.0,21.040821701343166,29.72172619047619,2.2586176861118425,1.4464335193354403,32,0.32876283908348697,4.18427617201142,2.4691586450550327,6,val
s4567,hidden_count_linear,101,reset23456,s456,0.96875,26.242120972697744,37.06894841269841,13.281064820911245,7.015792347028356,32,0.41003314019840226,22.453833869291124,11.579819598318167,7,val
s4567,hidden_count_linear,101,reset23456,s456,0.984375,22.760395957587807,29.405340325342465,5.656530381513005,3.1814490660205434,128,0.3556311868373095,13.02770521116768,6.798780765496337,all,test
s4567,hidden_count_linear,101,reset23456,s456,0.96875,18.544897282968854,23.959118150684933,2.0701548764056286,1.3095026743024922,32,0.28976402004638835,3.553353499670497,2.0629417855890586,4,test
s4567,hidden_count_linear,101,reset23456,s456,1.0,22.73426110006627,29.371575342465754,2.674700596065534,1.6902429720990464,32,0.35522282968853547,4.71159105706291,2.733954898855983,5,test
s4567,hidden_count_linear,101,reset23456,s456,1.0,23.004473161033797,29.720676369863014,2.6981006215312293,1.71131637097985,32,0.3594448931411531,4.728298213968472,2.7788876527395665,6,test
s4567,hidden_count_linear,101,reset23456,s456,0.96875,26.757952286282308,34.56999143835616,15.183165007351723,8.014733215291583,32,0.41809300447316106,24.933956108189143,12.862395572687472,7,test
s4567,hidden_count_linear,101,reset67,s67,0.9921875,23.631475371396988,37.945473859724615,4.956777079111327,2.7911875910697237,128,0.36924180267807793,8.938785164854584,4.7332495297460575,all,train
s4567,hidden_count_linear,101,reset67,s67,1.0,21.769842732007973,34.95621772805508,4.875050637906778,2.64774708419867,32,0.3401537926876246,7.515163621235407,3.9362759512870613,4,train
s4567,hidden_count_linear,101,reset67,s67,0.96875,26.723231781868122,42.90996127366609,9.066547892206945,4.820734220861875,32,0.4175504965916894,14.483218443905292,7.491076313387334,5,train
s4567,hidden_count_linear,101,reset67,s67,1.0,22.89711424121125,36.766297332185886,2.605289620040364,1.6550254327905438,32,0.35776741001892576,4.589045542465431,2.6975072175810086,6,train
s4567,hidden_count_linear,101,reset67,s67,1.0,23.13571273050061,37.149419104991395,3.2802196429020047,2.0412440516815447,32,0.36149551141407205,5.683915972474685,3.2752958981111253,7,train
s4567,hidden_count_linear,101,reset67,s67,0.9765625,22.05557018698973,31.155133928571427,4.123186959551401,2.350895169432008,128,0.34461828417171453,7.7193908890765695,4.121467989307254,all,val
s4567,hidden_count_linear,101,reset67,s67,0.96875,19.669739267843035,27.784970238095237,4.271275705600913,2.332683491901501,32,0.3073396760600474,6.946269783223626,3.6478814775739603,4,val
s4567,hidden_count_linear,101,reset67,s67,0.96875,25.58739355631639,36.14409722222222,7.112568996356773,3.8335483468308316,32,0.3998030243174436,12.092479639111072,6.300096174818033,5,val
s4567,hidden_count_linear,101,reset67,s67,1.0,21.040821701343166,29.72172619047619,2.2586176861118425,1.4464335193354403,32,0.32876283908348697,4.18427617201142,2.4691586450550327,6,val
s4567,hidden_count_linear,101,reset67,s67,0.96875,21.924326222456326,30.969742063492063,2.850284592825476,1.7909158340466158,32,0.3425675972258801,5.135088570202644,2.9750639641924983,7,val
s4567,hidden_count_linear,101,reset67,s67,0.984375,23.33884194831014,30.152664811643834,4.796419319370237,2.7243492778679483,128,0.36466940544234594,8.603863747180856,4.5890163995044615,all,test
s4567,hidden_count_linear,101,reset67,s67,0.96875,21.459575878064943,27.724743150684933,4.680518775368622,2.561212154158383,32,0.33530587309476473,7.3800269951328765,3.882669903706536,4,test
s4567,hidden_count_linear,101,reset67,s67,1.0,25.326706428098078,32.7208904109589,8.283194711936712,4.438204715392541,32,0.39572978793903246,13.52891806678335,7.029131095941005,5,test
s4567,hidden_count_linear,101,reset67,s67,1.0,23.004473161033797,29.720676369863014,2.6981006215312293,1.71131637097985,32,0.3594448931411531,4.728298213968472,2.7788876527395665,6,test
s4567,hidden_count_linear,101,reset67,s67,0.96875,23.564612326043736,30.444349315068493,3.523861752984696,2.1866639720595695,32,0.3681970675944334,6.021017311698802,3.468466148072058,7,test
s4567,hidden_count_linear,101,reset567,s567,0.9921875,22.696400757030165,36.44400817555938,3.344196418290569,2.0000877004057314,128,0.35463126182859633,5.729952811216539,3.1914900490308793,all,train
s4567,hidden_count_linear,101,reset567,s567,1.0,21.769842732007973,34.95621772805508,4.875050637906778,2.64774708419867,32,0.3401537926876246,7.515163621235407,3.9362759512870613,4,train
s4567,hidden_count_linear,101,reset567,s567,0.96875,22.982933324400825,36.90409853700516,2.6162251180766076,1.6563341675285141,32,0.3591083331937629,4.635247048800094,2.691478707903376,5,train
s4567,hidden_count_linear,101,reset567,s567,1.0,22.89711424121125,36.766297332185886,2.605289620040364,1.6550254327905438,32,0.35776741001892576,4.589045542465431,2.6975072175810086,6,train
s4567,hidden_count_linear,101,reset567,s567,1.0,23.13571273050061,37.149419104991395,3.2802196429020047,2.0412440516815447,32,0.36149551141407205,5.683915972474685,3.2752958981111253,7,train
s4567,hidden_count_linear,101,reset567,s567,0.9765625,21.126283908348697,29.842447916666668,2.892594756825564,1.7449795891493285,128,0.3300981860679484,5.217499659330144,2.915625676439116,all,val
s4567,hidden_count_linear,101,reset567,s567,0.96875,19.669739267843035,27.784970238095237,4.271275705600913,2.332683491901501,32,0.3073396760600474,6.946269783223626,3.6478814775739603,4,val
s4567,hidden_count_linear,101,reset567,s567,0.96875,21.87024844175226,30.893353174603174,2.190201557150382,1.4098856827758757,32,0.34172263190237906,4.09405013932703,2.3976458164207473,5,val
s4567,hidden_count_linear,101,reset567,s567,1.0,21.040821701343166,29.72172619047619,2.2586176861118425,1.4464335193354403,32,0.32876283908348697,4.18427617201142,2.4691586450550327,6,val
s4567,hidden_count_linear,101,reset567,s567,0.96875,21.924326222456326,30.969742063492063,2.850284592825476,1.7909158340466158,32,0.3425675972258801,5.135088570202644,2.9750639641924983,7,val
s4567,hidden_count_linear,101,reset567,s567,0.984375,22.690730616302186,29.31533604452055,3.39429519885893,2.037358915355523,128,0.35454266587972166,5.815353339169469,3.2520035209769196,all,test
s4567,hidden_count_linear,101,reset567,s567,0.96875,21.459575878064943,27.724743150684933,4.680518775368622,2.561212154158383,32,0.33530587309476473,7.3800269951328765,3.882669903706536,4,test
s4567,hidden_count_linear,101,reset567,s567,1.0,22.73426110006627,29.371575342465754,2.674700596065534,1.6902429720990464,32,0.35522282968853547,4.71159105706291,2.733954898855983,5,test
s4567,hidden_count_linear,101,reset567,s567,1.0,23.004473161033797,29.720676369863014,2.6981006215312293,1.71131637097985,32,0.3594448931411531,4.728298213968472,2.7788876527395665,6,test
s4567,hidden_count_linear,101,reset567,s567,0.96875,23.564612326043736,30.444349315068493,3.523861752984696,2.1866639720595695,32,0.3681970675944334,6.021017311698802,3.468466148072058,7,test
s4567,output_lif,11,normal,none,0.9921875,24.877342690136835,39.945984832185886,12.344637668112616,6.486519521894418,128,0.38870847953338805,20.66530671041063,10.619722692116174,all,train
s4567,output_lif,11,normal,none,1.0,26.931951027517712,43.245105421686745,6.545369078374395,3.5370797707973938,32,0.42081173480496425,9.87804018486027,5.1938840497115795,4,train
s4567,output_lif,11,normal,none,0.96875,22.979215167400806,36.89812822719449,10.900361609610263,5.728163809310466,32,0.3590502369906376,17.114417613052918,8.791407923373841,5,train
s4567,output_lif,11,normal,none,1.0,31.391227159294555,50.40544320137693,15.095994423811279,7.941327349075485,32,0.4904879243639774,23.918314156507137,12.32410596231135,6,train
s4567,output_lif,11,normal,none,1.0,18.206977406334264,29.23526247848537,16.836823597944964,8.739506307886847,32,0.2844840219739729,27.306682450636128,13.962993305724433,7,train
s4567,output_lif,11,normal,none,0.9609375,22.991308928101134,32.476934523809526,10.093542873759986,5.346971773220086,128,0.3592392020015802,17.587137736075633,9.087182833223869,all,val
s4567,output_lif,11,normal,none,1.0,24.18505837942235,34.16319444444444,5.625173862588886,3.059273425840576,32,0.37789153717847423,8.950235640641012,4.723216393452316,4,val
s4567,output_lif,11,normal,none,0.90625,21.765604424545693,30.745535714285715,9.092326178562022,4.817769373847774,32,0.34008756913352645,15.059785605409726,7.778378453338268,5,val
s4567,output_lif,11,normal,none,0.96875,29.292950575015364,41.37847222222222,12.167458135808973,6.461508125932754,32,0.45770235273461507,20.20812394058733,10.476393339298669,6,val
s4567,output_lif,11,normal,none,0.96875,16.721622333421124,23.620535714285715,13.489214346852778,7.049335824335001,32,0.26127534895970506,22.846390397816975,11.736302831114328,7,val
s4567,output_lif,11,normal,none,0.9765625,24.133780649436712,31.1796875,11.043855842807737,5.85577162027833,128,0.37709032264744863,18.35446597035695,9.493669632346485,all,test
s4567,output_lif,11,normal,none,1.0,26.296554009277667,33.97388698630137,6.456979800882206,3.506949513854374,32,0.41088365639496355,9.794953813359625,5.173336801202195,4,test
s4567,output_lif,11,normal,none,0.9375,22.026010603048377,28.456549657534246,10.212624885452907,5.404186372649519,32,0.3441564156726309,16.118483591036707,8.320431841287661,5,test
s4567,output_lif,11,normal,none,1.0,30.348740888005302,39.20911815068493,12.939524069774064,6.881530316797134,32,0.47419907637508285,20.86605051946776,10.824136759281235,6,test
s4567,output_lif,11,normal,none,0.96875,17.863817097415506,23.07919520547945,14.56629930702245,7.63042060139165,32,0.2791221421471173,23.588279576934017,12.139362953255336,7,test
s4567,output_lif,11,resetall250,s4567,1.0,21.54425779221867,34.59399203958692,3.1406163313660875,1.9419308168430838,128,0.3366290280034167,5.372689823442108,3.0973316018569257,all,train
s4567,output_lif,11,resetall250,s4567,1.0,23.68100892692649,38.02501075731497,2.6632835005736344,1.6795108888509722,32,0.37001576448322643,4.45426206619838,2.609416360740155,4,train
s4567,output_lif,11,resetall250,s4567,1.0,19.407439663691026,31.162865748709123,3.23952992582528,1.9784221018892256,32,0.3032412447451723,5.547688743092839,3.159488721292928,5,train
s4567,output_lif,11,resetall250,s4567,1.0,27.508131374880666,44.170288296041306,3.327523167823706,2.099927006831276,32,0.4298145527325104,5.736389402671731,3.350873353236244,6,train
s4567,output_lif,11,resetall250,s4567,1.0,15.580451203376489,25.017803356282272,3.3321287966653825,2.009863596919122,32,0.24344455005275764,5.651523684402762,3.2177752025805093,7,train
s4567,output_lif,11,resetall250,s4567,0.984375,20.013607233781055,28.270709325396826,2.8229214676060046,1.7528174655429725,128,0.312712613027829,5.046370005522762,2.916731410044305,all,val
s4567,output_lif,11,resetall250,s4567,1.0,21.123167412869808,29.838045634920636,2.376041117987885,1.500189637103854,32,0.33004949082609075,4.1549183639826,2.4366977418032665,4,val
s4567,output_lif,11,resetall250,s4567,0.96875,18.525853744184005,26.169146825396826,2.8867348674392064,1.7751577794421034,32,0.2894664647528751,5.194655422310958,2.971125824749112,5,val
s4567,output_lif,11,resetall250,s4567,1.0,25.96611359845492,36.67906746031746,2.9882901660301995,1.8983431958344308,32,0.40572052497585814,5.354036209758498,3.1407391592808738,6,val
s4567,output_lif,11,resetall250,s4567,0.96875,14.439294179615485,20.39657738095238,3.0406197189667283,1.8375795927157406,32,0.22561397155649196,5.3805124158793,3.0659356573998093,7,val
s4567,output_lif,11,resetall250,s4567,0.984375,21.740888005301525,28.08818493150685,3.258296655613196,2.0143679750921555,128,0.3397013750828363,5.482127560204784,3.1643889643427987,all,test
s4567,output_lif,11,resetall250,s4567,1.0,23.85569913850232,30.820419520547944,2.778777429013161,1.749643921141122,32,0.37274529903909875,4.585868823488092,2.6911931751256852,4,test
s4567,output_lif,11,resetall250,s4567,0.96875,19.606030483764084,25.330051369863014,3.372157921610959,2.0590620502246937,32,0.3063442263088138,5.674345103734791,3.234779101925159,5,test
s4567,output_lif,11,resetall250,s4567,1.0,27.663850231941684,35.74036815068493,3.376702189208499,2.133800225987823,32,0.4322476598740888,5.746664082776058,3.3628330089786655,6,test
s4567,output_lif,11,resetall250,s4567,0.96875,15.837972166998012,20.461900684931507,3.5055503567138833,2.1149652176459472,32,0.24746831510934394,5.827723310531836,3.322418816224621,7,test
s4567,output_lif,11,reset234,s4,0.9921875,24.06460716498903,38.64096116609294,11.374115995611906,6.02212667170516,128,0.3760094869529536,20.18962831082645,10.379627759075445,all,train
s4567,output_lif,11,reset234,s4,1.0,23.68100892692649,38.02501075731497,2.6632835005736344,1.6795108888509722,32,0.37001576448322643,4.45426206619838,2.609416360740155,4,train
s4567,output_lif,11,reset234,s4,0.96875,22.979215167400806,36.89812822719449,10.900361609610263,5.728163809310466,32,0.3590502369906376,17.114417613052918,8.791407923373841,5,train
s4567,output_lif,11,reset234,s4,1.0,31.391227159294555,50.40544320137693,15.095994423811279,7.941327349075485,32,0.4904879243639774,23.918314156507137,12.32410596231135,6,train
s4567,output_lif,11,reset234,s4,1.0,18.206977406334264,29.23526247848537,16.836823597944964,8.739506307886847,32,0.2844840219739729,27.306682450636128,13.962993305724433,7,train
s4567,output_lif,11,reset234,s4,0.9609375,22.225836186462995,31.395647321428573,9.281259601878675,4.957200654573787,128,0.3472786904134843,17.13465982929171,8.859123960175804,all,val
s4567,output_lif,11,reset234,s4,1.0,21.123167412869808,29.838045634920636,2.376041117987885,1.500189637103854,32,0.33004949082609075,4.1549183639826,2.4366977418032665,4,val
s4567,output_lif,11,reset234,s4,0.90625,21.765604424545693,30.745535714285715,9.092326178562022,4.817769373847774,32,0.34008756913352645,15.059785605409726,7.778378453338268,5,val
s4567,output_lif,11,reset234,s4,0.96875,29.292950575015364,41.37847222222222,12.167458135808973,6.461508125932754,32,0.45770235273461507,20.20812394058733,10.476393339298669,6,val
s4567,output_lif,11,reset234,s4,0.96875,16.721622333421124,23.620535714285715,13.489214346852778,7.049335824335001,32,0.26127534895970506,22.846390397816975,11.736302831114328,7,val
s4567,output_lif,11,reset234,s4,0.9765625,23.523566931742877,30.391320633561644,10.124306407647863,5.416444974359572,128,0.36755573330848246,17.837003639865504,9.233068369670558,all,test
s4567,output_lif,11,reset234,s4,1.0,23.85569913850232,30.820419520547944,2.778777429013161,1.749643921141122,32,0.37274529903909875,4.585868823488092,2.6911931751256852,4,test
s4567,output_lif,11,reset234,s4,0.9375,22.026010603048377,28.456549657534246,10.212624885452907,5.404186372649519,32,0.3441564156726309,16.118483591036707,8.320431841287661,5,test
s4567,output_lif,11,reset234,s4,1.0,30.348740888005302,39.20911815068493,12.939524069774064,6.881530316797134,32,0.47419907637508285,20.86605051946776,10.824136759281235,6,test
s4567,output_lif,11,reset234,s4,0.96875,17.863817097415506,23.07919520547945,14.56629930702245,7.63042060139165,32,0.2791221421471173,23.588279576934017,12.139362953255336,7,test
s4567,output_lif,11,reset2345,s45,1.0,23.171663289061584,37.2071455464716,9.458907796615136,5.084691637391763,128,0.36205723889158725,18.495661641481387,9.534676040053581,all,train
s4567,output_lif,11,reset2345,s45,1.0,23.68100892692649,38.02501075731497,2.6632835005736344,1.6795108888509722,32,0.37001576448322643,4.45426206619838,2.609416360740155,4,train
s4567,output_lif,11,reset2345,s45,1.0,19.407439663691026,31.162865748709123,3.23952992582528,1.9784221018892256,32,0.3032412447451723,5.547688743092839,3.159488721292928,5,train
s4567,output_lif,11,reset2345,s45,1.0,31.391227159294555,50.40544320137693,15.095994423811279,7.941327349075485,32,0.4904879243639774,23.918314156507137,12.32410596231135,6,train
s4567,output_lif,11,reset2345,s45,1.0,18.206977406334264,29.23526247848537,16.836823597944964,8.739506307886847,32,0.2844840219739729,27.306682450636128,13.962993305724433,7,train
s4567,output_lif,11,reset2345,s45,0.9765625,21.415898516372575,30.251550099206348,7.729861431173734,4.196547713106839,128,0.3346234143183215,15.609080776468911,8.097232709540569,all,val
s4567,output_lif,11,reset2345,s45,1.0,21.123167412869808,29.838045634920636,2.376041117987885,1.500189637103854,32,0.33004949082609075,4.1549183639826,2.4366977418032665,4,val
s4567,output_lif,11,reset2345,s45,0.96875,18.525853744184005,26.169146825396826,2.8867348674392064,1.7751577794421034,32,0.2894664647528751,5.194655422310958,2.971125824749112,5,val
s4567,output_lif,11,reset2345,s45,0.96875,29.292950575015364,41.37847222222222,12.167458135808973,6.461508125932754,32,0.45770235273461507,20.20812394058733,10.476393339298669,6,val
s4567,output_lif,11,reset2345,s45,0.96875,16.721622333421124,23.620535714285715,13.489214346852778,7.049335824335001,32,0.26127534895970506,22.846390397816975,11.736302831114328,7,val
s4567,output_lif,11,reset2345,s45,0.984375,22.9185719019218,29.609696061643834,8.41418918131834,4.580164116214173,128,0.35810268596752814,16.163441719928205,8.399886593914898,all,test
s4567,output_lif,11,reset2345,s45,1.0,23.85569913850232,30.820419520547944,2.778777429013161,1.749643921141122,32,0.37274529903909875,4.585868823488092,2.6911931751256852,4,test
s4567,output_lif,11,reset2345,s45,0.96875,19.606030483764084,25.330051369863014,3.372157921610959,2.0590620502246937,32,0.3063442263088138,5.674345103734791,3.234779101925159,5,test
s4567,output_lif,11,reset2345,s45,1.0,30.348740888005302,39.20911815068493,12.939524069774064,6.881530316797134,32,0.47419907637508285,20.86605051946776,10.824136759281235,6,test
s4567,output_lif,11,reset2345,s45,0.96875,17.863817097415506,23.07919520547945,14.56629930702245,7.63042060139165,32,0.2791221421471173,23.588279576934017,12.139362953255336,7,test
s4567,output_lif,11,reset23456,s456,1.0,22.200889342958114,35.64835682013769,6.516790129821461,3.624341510940928,128,0.3468888959837205,14.397729172430594,7.4663402919312825,all,train
s4567,output_lif,11,reset23456,s456,1.0,23.68100892692649,38.02501075731497,2.6632835005736344,1.6795108888509722,32,0.37001576448322643,4.45426206619838,2.609416360740155,4,train
s4567,output_lif,11,reset23456,s456,1.0,19.407439663691026,31.162865748709123,3.23952992582528,1.9784221018892256,32,0.3032412447451723,5.547688743092839,3.159488721292928,5,train
s4567,output_lif,11,reset23456,s456,1.0,27.508131374880666,44.170288296041306,3.327523167823706,2.099927006831276,32,0.4298145527325104,5.736389402671731,3.350873353236244,6,train
s4567,output_lif,11,reset23456,s456,1.0,18.206977406334264,29.23526247848537,16.836823597944964,8.739506307886847,32,0.2844840219739729,27.306682450636128,13.962993305724433,7,train
s4567,output_lif,11,reset23456,s456,0.984375,20.584189272232464,29.076698908730158,5.435070724694935,3.055756737775437,128,0.32162795737863226,12.194988669991611,6.371226878169156,all,val
s4567,output_lif,11,reset23456,s456,1.0,21.123167412869808,29.838045634920636,2.376041117987885,1.500189637103854,32,0.33004949082609075,4.1549183639826,2.4366977418032665,4,val
s4567,output_lif,11,reset23456,s456,0.96875,18.525853744184005,26.169146825396826,2.8867348674392064,1.7751577794421034,32,0.2894664647528751,5.194655422310958,2.971125824749112,5,val
s4567,output_lif,11,reset23456,s456,1.0,25.96611359845492,36.67906746031746,2.9882901660301995,1.8983431958344308,32,0.40572052497585814,5.354036209758498,3.1407391592808738,6,val
s4567,output_lif,11,reset23456,s456,0.96875,16.721622333421124,23.620535714285715,13.489214346852778,7.049335824335001,32,0.26127534895970506,22.846390397816975,11.736302831114328,7,val
s4567,output_lif,11,reset23456,s456,0.984375,22.247349237905897,28.742508561643834,6.023484014532596,3.393231674406685,128,0.34761483184227965,12.67536530778836,6.6403898016080625,all,test
s4567,output_lif,11,reset23456,s456,1.0,23.85569913850232,30.820419520547944,2.778777429013161,1.749643921141122,32,0.37274529903909875,4.585868823488092,2.6911931751256852,4,test
s4567,output_lif,11,reset23456,s456,0.96875,19.606030483764084,25.330051369863014,3.372157921610959,2.0590620502246937,32,0.3063442263088138,5.674345103734791,3.234779101925159,5,test
s4567,output_lif,11,reset23456,s456,1.0,27.663850231941684,35.74036815068493,3.376702189208499,2.133800225987823,32,0.4322476598740888,5.746664082776058,3.3628330089786655,6,test
s4567,output_lif,11,reset23456,s456,0.96875,17.863817097415506,23.07919520547945,14.56629930702245,7.63042060139165,32,0.2791221421471173,23.588279576934017,12.139362953255336,7,test
s4567,output_lif,11,reset67,s67,0.9921875,23.249937193293917,37.33283132530121,6.02634584303348,3.343758537786608,128,0.36328026864521745,10.669171111726463,5.609093320960752,all,train
s4567,output_lif,11,reset67,s67,1.0,26.931951027517712,43.245105421686745,6.545369078374395,3.5370797707973938,32,0.42081173480496425,9.87804018486027,5.1938840497115795,4,train
s4567,output_lif,11,reset67,s67,0.96875,22.979215167400806,36.89812822719449,10.900361609610263,5.728163809310466,32,0.3590502369906376,17.114417613052918,8.791407923373841,5,train
s4567,output_lif,11,reset67,s67,1.0,27.508131374880666,44.170288296041306,3.327523167823706,2.099927006831276,32,0.4298145527325104,5.736389402671731,3.350873353236244,6,train
s4567,output_lif,11,reset67,s67,1.0,15.580451203376489,25.017803356282272,3.3321287966653825,2.009863596919122,32,0.24344455005275764,5.651523684402762,3.2177752025805093,7,train
s4567,output_lif,11,reset67,s67,0.96875,21.589017645509614,30.49609375,5.186602910192257,2.9032411827319815,128,0.3373284007110877,9.546197030983986,5.0516372745593925,all,val
s4567,output_lif,11,reset67,s67,1.0,24.18505837942235,34.16319444444444,5.625173862588886,3.059273425840576,32,0.37789153717847423,8.950235640641012,4.723216393452316,4,val
s4567,output_lif,11,reset67,s67,0.90625,21.765604424545693,30.745535714285715,9.092326178562022,4.817769373847774,32,0.34008756913352645,15.059785605409726,7.778378453338268,5,val
s4567,output_lif,11,reset67,s67,1.0,25.96611359845492,36.67906746031746,2.9882901660301995,1.8983431958344308,32,0.40572052497585814,5.354036209758498,3.1407391592808738,6,val
s4567,output_lif,11,reset67,s67,0.96875,14.439294179615485,20.39657738095238,3.0406197189667283,1.8375795927157406,32,0.22561397155649196,5.3805124158793,3.0659356573998093,7,val
s4567,output_lif,11,reset67,s67,0.9765625,22.956096752816435,29.658176369863014,5.887964530525182,3.289975357814053,128,0.3586890117627568,10.28023784902679,5.439211919067886,all,test
s4567,output_lif,11,reset67,s67,1.0,26.296554009277667,33.97388698630137,6.456979800882206,3.506949513854374,32,0.41088365639496355,9.794953813359625,5.173336801202195,4,test
s4567,output_lif,11,reset67,s67,0.9375,22.026010603048377,28.456549657534246,10.212624885452907,5.404186372649519,32,0.3441564156726309,16.118483591036707,8.320431841287661,5,test
s4567,output_lif,11,reset67,s67,1.0,27.663850231941684,35.74036815068493,3.376702189208499,2.133800225987823,32,0.4322476598740888,5.746664082776058,3.3628330089786655,6,test
s4567,output_lif,11,reset67,s67,0.96875,15.837972166998012,20.461900684931507,3.5055503567138833,2.1149652176459472,32,0.24746831510934394,5.827723310531836,3.322418816224621,7,test
s4567,output_lif,11,reset567,s567,1.0,22.356993317366474,35.899015705679865,4.1111380038668,2.4063230455076456,128,0.34932802058385115,6.949791478607668,3.8256119907613697,all,train
s4567,output_lif,11,reset567,s567,1.0,26.931951027517712,43.245105421686745,6.545369078374395,3.5370797707973938,32,0.42081173480496425,9.87804018486027,5.1938840497115795,4,train
s4567,output_lif,11,reset567,s567,1.0,19.407439663691026,31.162865748709123,3.23952992582528,1.9784221018892256,32,0.3032412447451723,5.547688743092839,3.159488721292928,5,train
s4567,output_lif,11,reset567,s567,1.0,27.508131374880666,44.170288296041306,3.327523167823706,2.099927006831276,32,0.4298145527325104,5.736389402671731,3.350873353236244,6,train
s4567,output_lif,11,reset567,s567,1.0,15.580451203376489,25.017803356282272,3.3321287966653825,2.009863596919122,32,0.24344455005275764,5.651523684402762,3.2177752025805093,7,train
s4567,output_lif,11,reset567,s567,0.984375,20.77907997541919,29.35199652777778,3.635204396563076,2.1425887556513916,128,0.32467312461592485,6.416906869465886,3.5496678869725837,all,val
s4567,output_lif,11,reset567,s567,1.0,24.18505837942235,34.16319444444444,5.625173862588886,3.059273425840576,32,0.37789153717847423,8.950235640641012,4.723216393452316,4,val
s4567,output_lif,11,reset567,s567,0.96875,18.525853744184005,26.169146825396826,2.8867348674392064,1.7751577794421034,32,0.2894664647528751,5.194655422310958,2.971125824749112,5,val
s4567,output_lif,11,reset567,s567,1.0,25.96611359845492,36.67906746031746,2.9882901660301995,1.8983431958344308,32,0.40572052497585814,5.354036209758498,3.1407391592808738,6,val
s4567,output_lif,11,reset567,s567,0.96875,14.439294179615485,20.39657738095238,3.0406197189667283,1.8375795927157406,32,0.22561397155649196,5.3805124158793,3.0659356573998093,7,val
s4567,output_lif,11,reset567,s567,0.984375,22.35110172299536,28.876551797945204,4.177847465985338,2.4536944389975255,128,0.3492359644218025,6.984372162346,3.859220098012056,all,test
s4567,output_lif,11,reset567,s567,1.0,26.296554009277667,33.97388698630137,6.456979800882206,3.506949513854374,32,0.41088365639496355,9.794953813359625,5.173336801202195,4,test
s4567,output_lif,11,reset567,s567,0.96875,19.606030483764084,25.330051369863014,3.372157921610959,2.0590620502246937,32,0.3063442263088138,5.674345103734791,3.234779101925159,5,test
s4567,output_lif,11,reset567,s567,1.0,27.663850231941684,35.74036815068493,3.376702189208499,2.133800225987823,32,0.4322476598740888,5.746664082776058,3.3628330089786655,6,test
s4567,output_lif,11,reset567,s567,0.96875,15.837972166998012,20.461900684931507,3.5055503567138833,2.1149652176459472,32,0.24746831510934394,5.827723310531836,3.322418816224621,7,test
s4567,output_lif,23,normal,none,1.0,20.03811948347765,32.17555938037866,13.84456714141558,7.211299685338402,128,0.3130956169293383,23.090370070902317,11.810952873696596,all,train
s4567,output_lif,23,normal,none,1.0,13.488636173313012,21.658939328743546,7.461577081623595,3.8967546073952803,32,0.2107599402080158,10.86561369825672,5.559648626871279,4,train
s4567,output_lif,23,normal,none,1.0,18.761183780796223,30.12516135972461,10.975331750255414,5.731730314284757,32,0.293143496574941,16.795000051519324,8.595408923749135,5,train
s4567,output_lif,23,normal,none,1.0,31.52678915370057,50.62311746987952,17.44411420038689,9.136151723206659,32,0.4926060805265714,27.90998399363923,14.336470801623635,6,train
s4567,output_lif,23,normal,none,1.0,16.375868826100792,26.295019363166954,19.497247234411375,10.08056347036361,32,0.2558729504078249,30.87976645341078,15.737511900594205,7,train
s4567,output_lif,23,normal,none,0.9609375,18.3159511895356,25.872643849206348,11.197404337854447,5.872821745237468,128,0.28618673733649375,19.51756500417992,10.024963902070636,all,val
s4567,output_lif,23,normal,none,0.90625,12.376086383987358,17.482142857142858,6.497810771661839,3.4106987561452025,32,0.19337634974980247,9.892186124717169,5.078555063651946,4,val
s4567,output_lif,23,normal,none,1.0,16.91739092265824,23.89707341269841,9.064565089763848,4.763283856224212,32,0.264334233166535,14.626104866023864,7.510951679814701,5,val
s4567,output_lif,23,normal,none,0.96875,29.730664559740145,41.99677579365079,13.983380519708541,7.389367153893424,32,0.46454163374593976,23.746908831358663,12.255249842981453,6,val
s4567,output_lif,23,normal,none,0.96875,14.23966289175665,20.114583333333332,15.243858912738126,7.9279372146870335,32,0.22249473268369765,25.4567769687234,13.023145879270057,7,val
s4567,output_lif,23,normal,none,0.96875,19.258159377070907,24.880618578767123,12.353240178072191,6.487683841611788,128,0.3009087402667329,20.57117420438006,10.58543087770717,all,test
s4567,output_lif,23,normal,none,0.96875,13.217196819085487,17.075984589041095,7.42585502609344,3.9002106744299825,32,0.20651870029821073,10.874084655897628,5.586628021828788,4,test
s4567,output_lif,23,normal,none,0.96875,18.363651424784624,23.72495719178082,10.123841909480616,5.328028775588655,32,0.28693205351225975,15.755285023486739,8.100305406815815,5,test
s4567,output_lif,23,normal,none,0.96875,30.496852220013253,39.40047089041096,15.376390905866883,8.12888796776632,32,0.47651331593770707,24.970288217294133,12.908138675214381,6,test
s4567,output_lif,23,normal,none,0.96875,14.954937044400266,19.321061643835616,16.486873679796222,8.59360600718605,32,0.23367089131875415,26.508544243492725,13.592644590118596,7,test
s4567,output_lif,23,resetall250,s4567,1.0,17.15135578742861,27.540232358003443,3.5128087080451205,2.1161333614044415,128,0.26798993417857203,5.880427266544607,3.3339205592026753,all,train
s4567,output_lif,23,resetall250,s4567,1.0,11.613412162727988,18.64785929432014,3.120128064182173,1.8374424729826486,32,0.1814595650426248,4.986620574275518,2.775514718290326,4,train
s4567,output_lif,23,resetall250,s4567,1.0,15.8451772823957,25.442878657487093,3.2737716185916224,1.9690353779707572,32,0.2475808950374328,5.476510759352941,3.090011834298749,5,train
s4567,output_lif,23,resetall250,s4567,1.0,27.615924430971244,44.3433734939759,3.8637850448335205,2.4037463676788318,32,0.4314988192339257,6.648792756546126,3.8475886303417846,6,train
s4567,output_lif,23,resetall250,s4567,1.0,13.530909273619509,21.726817986230635,3.793549777454905,2.2543089652909205,32,0.21142045740030482,6.265197452450629,3.5220040801140944,7,train
s4567,output_lif,23,resetall250,s4567,0.96875,15.607584935475375,22.046875,3.1391353371082436,1.895546820132122,128,0.24386851461680273,5.498716939590541,3.1205245144567053,all,val
s4567,output_lif,23,resetall250,s4567,0.9375,10.608726187340883,14.985615079365079,2.8091129372969887,1.658042807918532,32,0.1657613466772013,4.666252983721021,2.6020670800464654,4,val
s4567,output_lif,23,resetall250,s4567,1.0,14.106750943727505,19.926835317460316,2.89844847357563,1.7459107999187955,32,0.22041798349574226,5.0672811712955825,2.8608040298365967,5,val
s4567,output_lif,23,resetall250,s4567,0.96875,25.926959880607498,36.62375992063492,3.445726752480028,2.1563189277719252,32,0.40510874813449216,6.234032363718956,3.613166495903268,6,val
s4567,output_lif,23,resetall250,s4567,0.96875,11.787902730225616,16.651289682539684,3.403254213853042,2.021914401994996,32,0.18418598015977525,5.884652902372949,3.3076831873672963,7,val
s4567,output_lif,23,resetall250,s4567,0.96875,17.118414512922467,22.11617080479452,3.65091231581863,2.198694510993932,128,0.26747522676441354,6.048160712494545,3.4322765904869956,all,test
s4567,output_lif,23,resetall250,s4567,0.96875,11.807985420808482,15.25535102739726,3.2857218869400784,1.9368197755200567,32,0.18449977220013253,5.188171021201883,2.892338210562224,4,test
s4567,output_lif,23,resetall250,s4567,0.96875,15.705434062292909,20.29066780821918,3.363158532528786,2.022430177237357,32,0.2453974072233267,5.576483883134694,3.1479420297038763,5,test
s4567,output_lif,23,resetall250,s4567,0.96875,27.853545394300863,35.98544520547945,4.015829097679548,2.4968154128613733,32,0.435211646785951,6.834307450855252,3.9578177118086675,6,test
s4567,output_lif,23,resetall250,s4567,0.96875,13.106693174287608,16.93321917808219,3.9389395641127196,2.338713001936299,32,0.20479208084824388,6.449724292454904,3.630786715302892,7,test
s4567,output_lif,23,reset234,s4,1.0,19.569313480831394,31.422789371772804,12.759205631249268,6.696472003387375,128,0.3057705231379905,22.58022156554384,11.562744312676394,all,train
s4567,output_lif,23,reset234,s4,1.0,11.613412162727988,18.64785929432014,3.120128064182173,1.8374424729826486,32,0.1814595650426248,4.986620574275518,2.775514718290326,4,train
s4567,output_lif,23,reset234,s4,1.0,18.761183780796223,30.12516135972461,10.975331750255414,5.731730314284757,32,0.293143496574941,16.795000051519324,8.595408923749135,5,train
s4567,output_lif,23,reset234,s4,1.0,31.52678915370057,50.62311746987952,17.44411420038689,9.136151723206659,32,0.4926060805265714,27.90998399363923,14.336470801623635,6,train
s4567,output_lif,23,reset234,s4,1.0,16.375868826100792,26.295019363166954,19.497247234411375,10.08056347036361,32,0.2558729504078249,30.87976645341078,15.737511900594205,7,train
s4567,output_lif,23,reset234,s4,0.96875,17.87411114037398,25.248511904761905,10.275229622070055,5.43465784391186,128,0.27928298656834344,19.024064827934996,9.784919819225308,all,val
s4567,output_lif,23,reset234,s4,0.9375,10.608726187340883,14.985615079365079,2.8091129372969887,1.658042807918532,32,0.1657613466772013,4.666252983721021,2.6020670800464654,4,val
s4567,output_lif,23,reset234,s4,1.0,16.91739092265824,23.89707341269841,9.064565089763848,4.763283856224212,32,0.264334233166535,14.626104866023864,7.510951679814701,5,val
s4567,output_lif,23,reset234,s4,0.96875,29.730664559740145,41.99677579365079,13.983380519708541,7.389367153893424,32,0.46454163374593976,23.746908831358663,12.255249842981453,6,val
s4567,output_lif,23,reset234,s4,0.96875,14.23966289175665,20.114583333333332,15.243858912738126,7.9279372146870335,32,0.22249473268369765,25.4567769687234,13.023145879270057,7,val
s4567,output_lif,23,reset234,s4,0.96875,18.90585652750166,24.425460188356166,11.318207211807282,5.996835757913456,128,0.2954040082422134,20.008525340332596,10.312136235476343,all,test
s4567,output_lif,23,reset234,s4,0.96875,11.807985420808482,15.25535102739726,3.2857218869400784,1.9368197755200567,32,0.18449977220013253,5.188171021201883,2.892338210562224,4,test
s4567,output_lif,23,reset234,s4,0.96875,18.363651424784624,23.72495719178082,10.123841909480616,5.328028775588655,32,0.28693205351225975,15.755285023486739,8.100305406815815,5,test
s4567,output_lif,23,reset234,s4,0.96875,30.496852220013253,39.40047089041096,15.376390905866883,8.12888796776632,32,0.47651331593770707,24.970288217294133,12.908138675214381,6,test
s4567,output_lif,23,reset234,s4,0.96875,14.954937044400266,19.321061643835616,16.486873679796222,8.59360600718605,32,0.23367089131875415,26.508544243492725,13.592644590118596,7,test
s4567,output_lif,23,reset2345,s45,1.0,18.840311856231263,30.252218696213426,10.833815287570971,5.755798302020701,128,0.2943798727536135,21.13874227673657,10.844991194760702,all,train
s4567,output_lif,23,reset2345,s45,1.0,11.613412162727988,18.64785929432014,3.120128064182173,1.8374424729826486,32,0.1814595650426248,4.986620574275518,2.775514718290326,4,train
s4567,output_lif,23,reset2345,s45,1.0,15.8451772823957,25.442878657487093,3.2737716185916224,1.9690353779707572,32,0.2475808950374328,5.476510759352941,3.090011834298749,5,train
s4567,output_lif,23,reset2345,s45,1.0,31.52678915370057,50.62311746987952,17.44411420038689,9.136151723206659,32,0.4926060805265714,27.90998399363923,14.336470801623635,6,train
s4567,output_lif,23,reset2345,s45,1.0,16.375868826100792,26.295019363166954,19.497247234411375,10.08056347036361,32,0.2558729504078249,30.87976645341078,15.737511900594205,7,train
s4567,output_lif,23,reset2345,s45,0.96875,17.171451145641296,24.25595238095238,8.733699439250286,4.680314365507857,128,0.26830392415064525,17.744115487908903,9.148065939752792,all,val
s4567,output_lif,23,reset2345,s45,0.9375,10.608726187340883,14.985615079365079,2.8091129372969887,1.658042807918532,32,0.1657613466772013,4.666252983721021,2.6020670800464654,4,val
s4567,output_lif,23,reset2345,s45,1.0,14.106750943727505,19.926835317460316,2.89844847357563,1.7459107999187955,32,0.22041798349574226,5.0672811712955825,2.8608040298365967,5,val
s4567,output_lif,23,reset2345,s45,0.96875,29.730664559740145,41.99677579365079,13.983380519708541,7.389367153893424,32,0.46454163374593976,23.746908831358663,12.255249842981453,6,val
s4567,output_lif,23,reset2345,s45,0.96875,14.23966289175665,20.114583333333332,15.243858912738126,7.9279372146870335,32,0.22249473268369765,25.4567769687234,13.023145879270057,7,val
s4567,output_lif,23,reset2345,s45,0.96875,18.241302186878727,23.566887842465754,9.62803557884464,5.170436285283093,128,0.2850203466699801,18.60263723948614,9.613209581572875,all,test
s4567,output_lif,23,reset2345,s45,0.96875,11.807985420808482,15.25535102739726,3.2857218869400784,1.9368197755200567,32,0.18449977220013253,5.188171021201883,2.892338210562224,4,test
s4567,output_lif,23,reset2345,s45,0.96875,15.705434062292909,20.29066780821918,3.363158532528786,2.022430177237357,32,0.2453974072233267,5.576483883134694,3.1479420297038763,5,test
s4567,output_lif,23,reset2345,s45,0.96875,30.496852220013253,39.40047089041096,15.376390905866883,8.12888796776632,32,0.47651331593770707,24.970288217294133,12.908138675214381,6,test
s4567,output_lif,23,reset2345,s45,0.96875,14.954937044400266,19.321061643835616,16.486873679796222,8.59360600718605,32,0.23367089131875415,26.508544243492725,13.592644590118596,7,test
s4567,output_lif,23,reset23456,s456,1.0,17.86259567554893,28.682282702237522,7.438733104996064,4.072696930426918,128,0.27910305743045205,16.222091757574717,8.362488823872464,all,train
s4567,output_lif,23,reset23456,s456,1.0,11.613412162727988,18.64785929432014,3.120128064182173,1.8374424729826486,32,0.1814595650426248,4.986620574275518,2.775514718290326,4,train
s4567,output_lif,23,reset23456,s456,1.0,15.8451772823957,25.442878657487093,3.2737716185916224,1.9690353779707572,32,0.2475808950374328,5.476510759352941,3.090011834298749,5,train
s4567,output_lif,23,reset23456,s456,1.0,27.615924430971244,44.3433734939759,3.8637850448335205,2.4037463676788318,32,0.4314988192339257,6.648792756546126,3.8475886303417846,6,train
s4567,output_lif,23,reset23456,s456,1.0,16.375868826100792,26.295019363166954,19.497247234411375,10.08056347036361,32,0.2558729504078249,30.87976645341078,15.737511900594205,7,train
s4567,output_lif,23,reset23456,s456,0.96875,16.220524975858133,22.91269841269841,6.099286168905276,3.372052566170661,128,0.25344570274778333,13.549556344436832,7.028731387645528,all,val
s4567,output_lif,23,reset23456,s456,0.9375,10.608726187340883,14.985615079365079,2.8091129372969887,1.658042807918532,32,0.1657613466772013,4.666252983721021,2.6020670800464654,4,val
s4567,output_lif,23,reset23456,s456,1.0,14.106750943727505,19.926835317460316,2.89844847357563,1.7459107999187955,32,0.22041798349574226,5.0672811712955825,2.8608040298365967,5,val
s4567,output_lif,23,reset23456,s456,0.96875,25.926959880607498,36.62375992063492,3.445726752480028,2.1563189277719252,32,0.40510874813449216,6.234032363718956,3.613166495903268,6,val
s4567,output_lif,23,reset23456,s456,0.96875,14.23966289175665,20.114583333333332,15.243858912738126,7.9279372146870335,32,0.22249473268369765,25.4567769687234,13.023145879270057,7,val
s4567,output_lif,23,reset23456,s456,0.96875,17.58047548045063,22.713131421232877,6.78789599641733,3.76241780275379,128,0.2746949293820411,14.207612232196418,7.394245410915153,all,test
s4567,output_lif,23,reset23456,s456,0.96875,11.807985420808482,15.25535102739726,3.2857218869400784,1.9368197755200567,32,0.18449977220013253,5.188171021201883,2.892338210562224,4,test
s4567,output_lif,23,reset23456,s456,0.96875,15.705434062292909,20.29066780821918,3.363158532528786,2.022430177237357,32,0.2453974072233267,5.576483883134694,3.1479420297038763,5,test
s4567,output_lif,23,reset23456,s456,0.96875,27.853545394300863,35.98544520547945,4.015829097679548,2.4968154128613733,32,0.435211646785951,6.834307450855252,3.9578177118086675,6,test
s4567,output_lif,23,reset23456,s456,0.96875,14.954937044400266,19.321061643835616,16.486873679796222,8.59360600718605,32,0.23367089131875415,26.508544243492725,13.592644590118596,7,test
s4567,output_lif,23,reset67,s67,1.0,18.349163414674997,29.463573042168676,6.523561085278946,3.5716349409930994,128,0.28670567835429683,10.995370980644221,5.744545289986683,all,train
s4567,output_lif,23,reset67,s67,1.0,13.488636173313012,21.658939328743546,7.461577081623595,3.8967546073952803,32,0.2107599402080158,10.86561369825672,5.559648626871279,4,train
s4567,output_lif,23,reset67,s67,1.0,18.761183780796223,30.12516135972461,10.975331750255414,5.731730314284757,32,0.293143496574941,16.795000051519324,8.595408923749135,5,train
s4567,output_lif,23,reset67,s67,1.0,27.615924430971244,44.3433734939759,3.8637850448335205,2.4037463676788318,32,0.4314988192339257,6.648792756546126,3.8475886303417846,6,train
s4567,output_lif,23,reset67,s67,1.0,13.530909273619509,21.726817986230635,3.793549777454905,2.2543089652909205,32,0.21142045740030482,6.265197452450629,3.5220040801140944,7,train
s4567,output_lif,23,reset67,s67,0.9609375,16.752084979369677,23.66356646825397,5.602839549863928,3.088054028399614,128,0.2617513278026512,9.81415569948624,5.1527145733411075,all,val
s4567,output_lif,23,reset67,s67,0.90625,12.376086383987358,17.482142857142858,6.497810771661839,3.4106987561452025,32,0.19337634974980247,9.892186124717169,5.078555063651946,4,val
s4567,output_lif,23,reset67,s67,1.0,16.91739092265824,23.89707341269841,9.064565089763848,4.763283856224212,32,0.264334233166535,14.626104866023864,7.510951679814701,5,val
s4567,output_lif,23,reset67,s67,0.96875,25.926959880607498,36.62375992063492,3.445726752480028,2.1563189277719252,32,0.40510874813449216,6.234032363718956,3.613166495903268,6,val
s4567,output_lif,23,reset67,s67,0.96875,11.787902730225616,16.651289682539684,3.403254213853042,2.021914401994996,32,0.18418598015977525,5.884652902372949,3.3076831873672963,7,val
s4567,output_lif,23,reset67,s67,0.96875,18.135271703114647,23.42990154109589,6.376116186992627,3.5159421077700466,128,0.28336362036116636,10.662802317918072,5.605182772514299,all,test
s4567,output_lif,23,reset67,s67,0.96875,13.217196819085487,17.075984589041095,7.42585502609344,3.9002106744299825,32,0.20651870029821073,10.874084655897628,5.586628021828788,4,test
s4567,output_lif,23,reset67,s67,0.96875,18.363651424784624,23.72495719178082,10.123841909480616,5.328028775588655,32,0.28693205351225975,15.755285023486739,8.100305406815815,5,test
s4567,output_lif,23,reset67,s67,0.96875,27.853545394300863,35.98544520547945,4.015829097679548,2.4968154128613733,32,0.435211646785951,6.834307450855252,3.9578177118086675,6,test
s4567,output_lif,23,reset67,s67,0.96875,13.106693174287608,16.93321917808219,3.9389395641127196,2.338713001936299,32,0.20479208084824388,6.449724292454904,3.630786715302892,7,test
s4567,output_lif,23,reset567,s567,1.0,17.620161790074867,28.293002366609294,4.598170807024302,2.630961403185556,128,0.2753150279699198,7.6077735799435215,4.112976944732234,all,train
s4567,output_lif,23,reset567,s567,1.0,13.488636173313012,21.658939328743546,7.461577081623595,3.8967546073952803,32,0.2107599402080158,10.86561369825672,5.559648626871279,4,train
s4567,output_lif,23,reset567,s567,1.0,15.8451772823957,25.442878657487093,3.2737716185916224,1.9690353779707572,32,0.2475808950374328,5.476510759352941,3.090011834298749,5,train
s4567,output_lif,23,reset567,s567,1.0,27.615924430971244,44.3433734939759,3.8637850448335205,2.4037463676788318,32,0.4314988192339257,6.648792756546126,3.8475886303417846,6,train
s4567,output_lif,23,reset567,s567,1.0,13.530909273619509,21.726817986230635,3.793549777454905,2.2543089652909205,32,0.21142045740030482,6.265197452450629,3.5220040801140944,7,train
s4567,output_lif,23,reset567,s567,0.9609375,16.049424984636993,22.671006944444443,4.061310395816873,2.333710892919849,128,0.250772265384953,7.01827927376315,3.8069563376706737,all,val
s4567,output_lif,23,reset567,s567,0.90625,12.376086383987358,17.482142857142858,6.497810771661839,3.4106987561452025,32,0.19337634974980247,9.892186124717169,5.078555063651946,4,val
s4567,output_lif,23,reset567,s567,1.0,14.106750943727505,19.926835317460316,2.89844847357563,1.7459107999187955,32,0.22041798349574226,5.0672811712955825,2.8608040298365967,5,val
s4567,output_lif,23,reset567,s567,0.96875,25.926959880607498,36.62375992063492,3.445726752480028,2.1563189277719252,32,0.40510874813449216,6.234032363718956,3.613166495903268,6,val
s4567,output_lif,23,reset567,s567,0.96875,11.787902730225616,16.651289682539684,3.403254213853042,2.021914401994996,32,0.18418598015977525,5.884652902372949,3.3076831873672963,7,val
s4567,output_lif,23,reset567,s567,0.96875,17.470717362491715,22.57132919520548,4.685945929242255,2.6895423317840352,128,0.27297995878893305,7.707944202718066,4.18231033832249,all,test
s4567,output_lif,23,reset567,s567,0.96875,13.217196819085487,17.075984589041095,7.42585502609344,3.9002106744299825,32,0.20651870029821073,10.874084655897628,5.586628021828788,4,test
s4567,output_lif,23,reset567,s567,0.96875,15.705434062292909,20.29066780821918,3.363158532528786,2.022430177237357,32,0.2453974072233267,5.576483883134694,3.1479420297038763,5,test
s4567,output_lif,23,reset567,s567,0.96875,27.853545394300863,35.98544520547945,4.015829097679548,2.4968154128613733,32,0.435211646785951,6.834307450855252,3.9578177118086675,6,test
s4567,output_lif,23,reset567,s567,0.96875,13.106693174287608,16.93321917808219,3.9389395641127196,2.338713001936299,32,0.20479208084824388,6.449724292454904,3.630786715302892,7,test
s4567,output_lif,101,normal,none,0.9921875,24.789312810893197,39.804633713425126,11.73156688600164,6.170742385733666,128,0.3873330126702062,19.827151404203246,10.197758186405744,all,train
s4567,output_lif,101,normal,none,0.96875,20.9099435577068,33.57546256454389,5.661549577520224,3.039815657083759,32,0.32671786808916875,8.6413701730794,4.479419097881926,4,train
s4567,output_lif,101,normal,none,1.0,23.189307786356707,37.235477624784856,10.035583662719613,5.285495406212839,32,0.36233293416182355,15.627329578293462,8.055553137537114,5,train
s4567,output_lif,101,normal,none,1.0,28.66568409064264,46.02899096385542,14.752001309519821,7.741590378326662,32,0.44790131391629123,23.103932282284394,11.890738374264206,6,train
s4567,output_lif,101,normal,none,1.0,26.39231580886663,42.37860370051635,16.477130900690035,8.61606829758236,32,0.4123799345135411,26.828814138142995,13.770631749939303,7,train
s4567,output_lif,101,normal,none,0.96875,23.137301378281098,32.68315972222222,9.394811419102801,4.987489780857695,128,0.36152033403564215,16.509118184578377,8.540463315952366,all,val
s4567,output_lif,101,normal,none,0.9375,19.227987007286455,27.1609623015873,5.036179535927487,2.7183618097620927,32,0.30043729698885085,8.041746011481404,4.1781041445115195,4,val
s4567,output_lif,101,normal,none,1.0,21.866736897550698,30.888392857142858,7.912501508866649,4.212190888091476,32,0.34166776402422966,13.04176923238318,6.765915883785913,5,val
s4567,output_lif,101,normal,none,0.96875,26.533579141427442,37.48065476190476,11.617874034325345,6.1531094998244225,32,0.4145871740848038,19.20515062560537,9.938583788542797,6,val
s4567,output_lif,101,normal,none,0.96875,24.9209024668598,35.20262896825397,13.012688196822053,6.866297268677026,32,0.3893891010446844,22.059207565067606,11.390717350204971,7,val
s4567,output_lif,101,normal,none,0.9765625,23.85569913850232,30.820419520547944,10.515716572958086,5.57984086043634,128,0.37274529903909875,17.812390277875824,9.21857604209628,all,test
s4567,output_lif,101,normal,none,0.9375,20.736414844267728,26.79045376712329,5.461984198325671,2.9542758908786864,32,0.32400648194168324,8.466507658786997,4.40833187214903,4,test
s4567,output_lif,101,normal,none,0.96875,21.422796554009278,27.67722602739726,9.34602217424619,4.951106673759526,32,0.33473119615639496,14.704845728030909,7.614366876471497,5,test
s4567,output_lif,101,normal,none,1.0,27.90490390987409,36.05179794520548,12.934868329087973,6.854730139669794,32,0.43601412359178265,20.59116404674668,10.66525519090622,6,test
s4567,output_lif,101,normal,none,1.0,25.358681245858183,32.76220034246575,14.319992075541542,7.559249888041543,32,0.3962293944665341,23.605394447323917,12.197087612152426,7,test
s4567,output_lif,101,resetall250,s4567,1.0,21.339591672668195,34.265356067125644,2.9072883387835597,1.8088709990819754,128,0.33343111988544055,5.00670347191161,2.8943862624788377,all,train
s4567,output_lif,101,resetall250,s4567,1.0,17.775771685062054,28.542867900172116,2.351224227006465,1.4569540010227024,32,0.2777464325790946,3.983996994994358,2.269494030336733,4,train
s4567,output_lif,101,resetall250,s4567,1.0,20.168154487748506,32.38435886402754,2.918519519015777,1.8037656807409517,32,0.3151274138710704,4.993457934576843,2.876079173938528,5,train
s4567,output_lif,101,resetall250,s4567,1.0,24.876915604535483,39.94529905335628,3.229322560325841,2.023305638629055,32,0.3887018063208669,5.495470437447181,3.1993732405498254,6,train
s4567,output_lif,101,resetall250,s4567,1.0,22.537524913326745,36.188898450946645,3.1300870160743295,1.9514586105115397,32,0.3521488267707304,5.409368689286012,3.138703999161771,7,train
s4567,output_lif,101,resetall250,s4567,0.984375,19.90975331401984,28.124007936507937,2.5622239459880607,1.6049975720963918,128,0.31108989553156,4.60642194133054,2.6726088814180895,all,val
s4567,output_lif,101,resetall250,s4567,0.9375,16.339741901501185,23.08110119047619,2.157593062779826,1.3390262186155737,32,0.255308467210956,3.7987819616954663,2.1634700748548337,4,val
s4567,output_lif,101,resetall250,s4567,1.0,18.941093846018788,26.755704365079364,2.456702557117461,1.5361361560113247,32,0.29595459134404356,4.4192978846583335,2.562628534817723,5,val
s4567,output_lif,101,resetall250,s4567,1.0,22.942322886489332,32.407738095238095,2.8237345409753316,1.7808024838688439,32,0.3584737951013958,5.039708772919904,2.9430920763449815,6,val
s4567,output_lif,101,resetall250,s4567,1.0,21.415854622070054,30.251488095238095,2.8108657945417437,1.7640254298898252,32,0.3346227284698446,5.0514241149898,2.9431096705635387,7,val
s4567,output_lif,101,resetall250,s4567,0.9765625,21.39409377070908,27.640143407534246,3.0375568448035746,1.8863442068940524,128,0.3342827151673294,5.1829238950108545,2.9960289541150966,all,test
s4567,output_lif,101,resetall250,s4567,0.96875,18.05550033134526,23.32684075342466,2.400253690260779,1.490172288210839,32,0.2821171926772697,4.066754205080235,2.3194338625356985,4,test
s4567,output_lif,101,resetall250,s4567,0.96875,19.535288270377734,25.23865582191781,3.0344162846812357,1.8671980365528185,32,0.3052388792246521,5.126003723798875,2.949448781522857,5,test
s4567,output_lif,101,resetall250,s4567,0.96875,25.077369118621604,32.39875856164384,3.3571258807830104,2.1006884514851,32,0.39183389247846256,5.653722040751387,3.2915805606639097,6,test
s4567,output_lif,101,resetall250,s4567,1.0,22.908217362491715,29.596318493150687,3.358432291990246,2.0873178895377733,32,0.35794089628893305,5.7159284275062365,3.3153032944219967,7,test
s4567,output_lif,101,reset234,s4,1.0,24.005769842732008,38.54648504733218,10.903984771467332,5.775026705934815,128,0.3750901537926876,19.452908753396244,10.01327229837276,all,train
s4567,output_lif,101,reset234,s4,1.0,17.775771685062054,28.542867900172116,2.351224227006465,1.4569540010227024,32,0.2777464325790946,3.983996994994358,2.269494030336733,4,train
s4567,output_lif,101,reset234,s4,1.0,23.189307786356707,37.235477624784856,10.035583662719613,5.285495406212839,32,0.36233293416182355,15.627329578293462,8.055553137537114,5,train
s4567,output_lif,101,reset234,s4,1.0,28.66568409064264,46.02899096385542,14.752001309519821,7.741590378326662,32,0.44790131391629123,23.103932282284394,11.890738374264206,6,train
s4567,output_lif,101,reset234,s4,1.0,26.39231580886663,42.37860370051635,16.477130900690035,8.61606829758236,32,0.4123799345135411,26.828814138142995,13.770631749939303,7,train
s4567,output_lif,101,reset234,s4,0.96875,22.415240101834783,31.663194444444443,8.675165015143534,4.6426561402642434,128,0.3502381265911685,16.12424395395478,8.351378495861807,all,val
s4567,output_lif,101,reset234,s4,0.9375,16.339741901501185,23.08110119047619,2.157593062779826,1.3390262186155737,32,0.255308467210956,3.7987819616954663,2.1634700748548337,4,val
s4567,output_lif,101,reset234,s4,1.0,21.866736897550698,30.888392857142858,7.912501508866649,4.212190888091476,32,0.34166776402422966,13.04176923238318,6.765915883785913,5,val
s4567,output_lif,101,reset234,s4,0.96875,26.533579141427442,37.48065476190476,11.617874034325345,6.1531094998244225,32,0.4145871740848038,19.20515062560537,9.938583788542797,6,val
s4567,output_lif,101,reset234,s4,0.96875,24.9209024668598,35.20262896825397,13.012688196822053,6.866297268677026,32,0.3893891010446844,22.059207565067606,11.390717350204971,7,val
s4567,output_lif,101,reset234,s4,0.984375,23.185470510271703,29.95451626712329,9.750284102675613,5.213814686749296,128,0.36227297672299535,17.421119366902293,9.026003704921362,all,test
s4567,output_lif,101,reset234,s4,0.96875,18.05550033134526,23.32684075342466,2.400253690260779,1.490172288210839,32,0.2821171926772697,4.066754205080235,2.3194338625356985,4,test
s4567,output_lif,101,reset234,s4,0.96875,21.422796554009278,27.67722602739726,9.34602217424619,4.951106673759526,32,0.33473119615639496,14.704845728030909,7.614366876471497,5,test
s4567,output_lif,101,reset234,s4,1.0,27.90490390987409,36.05179794520548,12.934868329087973,6.854730139669794,32,0.43601412359178265,20.59116404674668,10.66525519090622,6,test
s4567,output_lif,101,reset234,s4,1.0,25.358681245858183,32.76220034246575,14.319992075541542,7.559249888041543,32,0.3962293944665341,23.605394447323917,12.197087612152426,7,test
s4567,output_lif,101,reset2345,s45,1.0,23.250481518079958,37.333705357142854,9.124718416601068,4.904594389058234,128,0.36328877371999935,17.988773056702648,9.27957942124436,all,train
s4567,output_lif,101,reset2345,s45,1.0,17.775771685062054,28.542867900172116,2.351224227006465,1.4569540010227024,32,0.2777464325790946,3.983996994994358,2.269494030336733,4,train
s4567,output_lif,101,reset2345,s45,1.0,20.168154487748506,32.38435886402754,2.918519519015777,1.8037656807409517,32,0.3151274138710704,4.993457934576843,2.876079173938528,5,train
s4567,output_lif,101,reset2345,s45,1.0,28.66568409064264,46.02899096385542,14.752001309519821,7.741590378326662,32,0.44790131391629123,23.103932282284394,11.890738374264206,6,train
s4567,output_lif,101,reset2345,s45,1.0,26.39231580886663,42.37860370051635,16.477130900690035,8.61606829758236,32,0.4123799345135411,26.828814138142995,13.770631749939303,7,train
s4567,output_lif,101,reset2345,s45,0.96875,21.683829338951803,30.630022321428573,7.311214034105873,3.9736421571854974,128,0.3388098334211219,14.91146728960623,7.742278898286115,all,val
s4567,output_lif,101,reset2345,s45,0.9375,16.339741901501185,23.08110119047619,2.157593062779826,1.3390262186155737,32,0.255308467210956,3.7987819616954663,2.1634700748548337,4,val
s4567,output_lif,101,reset2345,s45,1.0,18.941093846018788,26.755704365079364,2.456702557117461,1.5361361560113247,32,0.29595459134404356,4.4192978846583335,2.562628534817723,5,val
s4567,output_lif,101,reset2345,s45,0.96875,26.533579141427442,37.48065476190476,11.617874034325345,6.1531094998244225,32,0.4145871740848038,19.20515062560537,9.938583788542797,6,val
s4567,output_lif,101,reset2345,s45,0.96875,24.9209024668598,35.20262896825397,13.012688196822053,6.866297268677026,32,0.3893891010446844,22.059207565067606,11.390717350204971,7,val
s4567,output_lif,101,reset2345,s45,0.984375,22.713593439363816,29.344873715753426,8.172381887063038,4.442837603286531,128,0.3548998974900596,16.000196492358114,8.315582259106376,all,test
s4567,output_lif,101,reset2345,s45,0.96875,18.05550033134526,23.32684075342466,2.400253690260779,1.490172288210839,32,0.2821171926772697,4.066754205080235,2.3194338625356985,4,test
s4567,output_lif,101,reset2345,s45,0.96875,19.535288270377734,25.23865582191781,3.0344162846812357,1.8671980365528185,32,0.3052388792246521,5.126003723798875,2.949448781522857,5,test
s4567,output_lif,101,reset2345,s45,1.0,27.90490390987409,36.05179794520548,12.934868329087973,6.854730139669794,32,0.43601412359178265,20.59116404674668,10.66525519090622,6,test
s4567,output_lif,101,reset2345,s45,1.0,25.358681245858183,32.76220034246575,14.319992075541542,7.559249888041543,32,0.3962293944665341,23.605394447323917,12.197087612152426,7,test
s4567,output_lif,101,reset23456,s456,1.0,22.30328939655317,35.81278237951807,6.2440493262934,3.4750234085827456,128,0.34848889682114326,14.06051506797504,7.302203818503289,all,train
s4567,output_lif,101,reset23456,s456,1.0,17.775771685062054,28.542867900172116,2.351224227006465,1.4569540010227024,32,0.2777464325790946,3.983996994994358,2.269494030336733,4,train
s4567,output_lif,101,reset23456,s456,1.0,20.168154487748506,32.38435886402754,2.918519519015777,1.8037656807409517,32,0.3151274138710704,4.993457934576843,2.876079173938528,5,train
s4567,output_lif,101,reset23456,s456,1.0,24.876915604535483,39.94529905335628,3.229322560325841,2.023305638629055,32,0.3887018063208669,5.495470437447181,3.1993732405498254,6,train
s4567,output_lif,101,reset23456,s456,1.0,26.39231580886663,42.37860370051635,16.477130900690035,8.61606829758236,32,0.4123799345135411,26.828814138142995,13.770631749939303,7,train
s4567,output_lif,101,reset23456,s456,0.9765625,20.786015275217277,29.361793154761905,5.112679075037311,2.880565317465543,128,0.32478148867526996,11.682981431605716,6.116737034689385,all,val
s4567,output_lif,101,reset23456,s456,0.9375,16.339741901501185,23.08110119047619,2.157593062779826,1.3390262186155737,32,0.255308467210956,3.7987819616954663,2.1634700748548337,4,val
s4567,output_lif,101,reset23456,s456,1.0,18.941093846018788,26.755704365079364,2.456702557117461,1.5361361560113247,32,0.29595459134404356,4.4192978846583335,2.562628534817723,5,val
s4567,output_lif,101,reset23456,s456,1.0,22.942322886489332,32.407738095238095,2.8237345409753316,1.7808024838688439,32,0.3584737951013958,5.039708772919904,2.9430920763449815,6,val
s4567,output_lif,101,reset23456,s456,0.96875,24.9209024668598,35.20262896825397,13.012688196822053,6.866297268677026,32,0.3893891010446844,22.059207565067606,11.390717350204971,7,val
s4567,output_lif,101,reset23456,s456,0.9765625,22.006709741550697,28.431613869863014,5.777947063711481,3.254327631217901,128,0.34385483971172964,12.569741454129359,6.589432461088953,all,test
s4567,output_lif,101,reset23456,s456,0.96875,18.05550033134526,23.32684075342466,2.400253690260779,1.490172288210839,32,0.2821171926772697,4.066754205080235,2.3194338625356985,4,test
s4567,output_lif,101,reset23456,s456,0.96875,19.535288270377734,25.23865582191781,3.0344162846812357,1.8671980365528185,32,0.3052388792246521,5.126003723798875,2.949448781522857,5,test
s4567,output_lif,101,reset23456,s456,0.96875,25.077369118621604,32.39875856164384,3.3571258807830104,2.1006884514851,32,0.39183389247846256,5.653722040751387,3.2915805606639097,6,test
s4567,output_lif,101,reset23456,s456,1.0,25.358681245858183,32.76220034246575,14.319992075541542,7.559249888041543,32,0.3962293944665341,23.605394447323917,12.197087612152426,7,test
s4567,output_lif,101,reset67,s67,0.9921875,22.878422965481434,36.736284423407916,5.514135695982046,3.0750186849950594,128,0.3574753588356474,9.725586960199434,5.124562989668286,all,train
s4567,output_lif,101,reset67,s67,0.96875,20.9099435577068,33.57546256454389,5.661549577520224,3.039815657083759,32,0.32671786808916875,8.6413701730794,4.479419097881926,4,train
s4567,output_lif,101,reset67,s67,1.0,23.189307786356707,37.235477624784856,10.035583662719613,5.285495406212839,32,0.36233293416182355,15.627329578293462,8.055553137537114,5,train
s4567,output_lif,101,reset67,s67,1.0,24.876915604535483,39.94529905335628,3.229322560325841,2.023305638629055,32,0.3887018063208669,5.495470437447181,3.1993732405498254,6,train
s4567,output_lif,101,reset67,s67,1.0,22.537524913326745,36.188898450946645,3.1300870160743295,1.9514586105115397,32,0.3521488267707304,5.409368689286012,3.138703999161771,7,train
s4567,output_lif,101,reset67,s67,0.984375,21.363225353349137,30.17714533730159,4.645820302212273,2.618845195768589,128,0.33380039614608026,8.450931715589551,4.487701323916308,all,val
s4567,output_lif,101,reset67,s67,0.9375,19.227987007286455,27.1609623015873,5.036179535927487,2.7183618097620927,32,0.30043729698885085,8.041746011481404,4.1781041445115195,4,val
s4567,output_lif,101,reset67,s67,1.0,21.866736897550698,30.888392857142858,7.912501508866649,4.212190888091476,32,0.34166776402422966,13.04176923238318,6.765915883785913,5,val
s4567,output_lif,101,reset67,s67,1.0,22.942322886489332,32.407738095238095,2.8237345409753316,1.7808024838688439,32,0.3584737951013958,5.039708772919904,2.9430920763449815,6,val
s4567,output_lif,101,reset67,s67,1.0,21.415854622070054,30.251488095238095,2.8108657945417437,1.7640254298898252,32,0.3346227284698446,5.0514241149898,2.9431096705635387,7,val
s4567,output_lif,101,reset67,s67,0.96875,22.53619946984758,29.115689212328768,5.380891247566683,3.0233472820304734,128,0.35212811671636846,9.388166043495762,4.980906239515533,all,test
s4567,output_lif,101,reset67,s67,0.9375,20.736414844267728,26.79045376712329,5.461984198325671,2.9542758908786864,32,0.32400648194168324,8.466507658786997,4.40833187214903,4,test
s4567,output_lif,101,reset67,s67,0.96875,21.422796554009278,27.67722602739726,9.34602217424619,4.951106673759526,32,0.33473119615639496,14.704845728030909,7.614366876471497,5,test
s4567,output_lif,101,reset67,s67,0.96875,25.077369118621604,32.39875856164384,3.3571258807830104,2.1006884514851,32,0.39183389247846256,5.653722040751387,3.2915805606639097,6,test
s4567,output_lif,101,reset67,s67,1.0,22.908217362491715,29.596318493150687,3.358432291990246,2.0873178895377733,32,0.35794089628893305,5.7159284275062365,3.3153032944219967,7,test
s4567,output_lif,101,reset567,s567,0.9921875,22.123134640829385,35.52350473321859,3.734869799081347,2.2045863026948265,128,0.34567397876295913,6.306135264829601,3.479384971623969,all,train
s4567,output_lif,101,reset567,s567,0.96875,20.9099435577068,33.57546256454389,5.661549577520224,3.039815657083759,32,0.32671786808916875,8.6413701730794,4.479419097881926,4,train
s4567,output_lif,101,reset567,s567,1.0,20.168154487748506,32.38435886402754,2.918519519015777,1.8037656807409517,32,0.3151274138710704,4.993457934576843,2.876079173938528,5,train
s4567,output_lif,101,reset567,s567,1.0,24.876915604535483,39.94529905335628,3.229322560325841,2.023305638629055,32,0.3887018063208669,5.495470437447181,3.1993732405498254,6,train
s4567,output_lif,101,reset567,s567,1.0,22.537524913326745,36.188898450946645,3.1300870160743295,1.9514586105115397,32,0.3521488267707304,5.409368689286012,3.138703999161771,7,train
s4567,output_lif,101,reset567,s567,0.984375,20.631814590466156,29.143973214285715,3.281870692871565,1.9498315556140813,128,0.3223721029760337,5.811958169198458,3.2150934160265923,all,val
s4567,output_lif,101,reset567,s567,0.9375,19.227987007286455,27.1609623015873,5.036179535927487,2.7183618097620927,32,0.30043729698885085,8.041746011481404,4.1781041445115195,4,val
s4567,output_lif,101,reset567,s567,1.0,18.941093846018788,26.755704365079364,2.456702557117461,1.5361361560113247,32,0.29595459134404356,4.4192978846583335,2.562628534817723,5,val
s4567,output_lif,101,reset567,s567,1.0,22.942322886489332,32.407738095238095,2.8237345409753316,1.7808024838688439,32,0.3584737951013958,5.039708772919904,2.9430920763449815,6,val
s4567,output_lif,101,reset567,s567,1.0,21.415854622070054,30.251488095238095,2.8108657945417437,1.7640254298898252,32,0.3346227284698446,5.0514241149898,2.9431096705635387,7,val
s4567,output_lif,101,reset567,s567,0.96875,22.064322398939694,28.506046660958905,3.8029896386654034,2.2523698952120608,128,0.3447550374834327,6.375619135862601,3.534062084966889,all,test
s4567,output_lif,101,reset567,s567,0.9375,20.736414844267728,26.79045376712329,5.461984198325671,2.9542758908786864,32,0.32400648194168324,8.466507658786997,4.40833187214903,4,test
s4567,output_lif,101,reset567,s567,0.96875,19.535288270377734,25.23865582191781,3.0344162846812357,1.8671980365528185,32,0.3052388792246521,5.126003723798875,2.949448781522857,5,test
s4567,output_lif,101,reset567,s567,0.96875,25.077369118621604,32.39875856164384,3.3571258807830104,2.1006884514851,32,0.39183389247846256,5.653722040751387,3.2915805606639097,6,test
s4567,output_lif,101,reset567,s567,1.0,22.908217362491715,29.596318493150687,3.358432291990246,2.0873178895377733,32,0.35794089628893305,5.7159284275062365,3.3153032944219967,7,test
s567,hidden_count_linear,11,normal,none,1.0,23.237652201584403,37.3131050989673,11.245139676880433,5.914904044437838,128,0.3630883156497563,18.95534285792903,9.74053188158592,all,train
s567,hidden_count_linear,11,normal,none,1.0,23.544781668309703,37.80626826241844,8.500624756319718,4.511596065437382,43,0.3678872135673391,13.849016370221504,7.161368101171257,5,train
s567,hidden_count_linear,11,normal,none,1.0,23.043168743873853,37.000819604950415,10.886363726993803,5.729021114617653,42,0.36004951162302895,18.190777768731863,9.346854055572194,6,train
s567,hidden_count_linear,11,normal,none,1.0,23.120483321460107,37.124964976183804,14.340087504834656,7.499772143112821,43,0.36125755189781417,23.54898932278414,12.075191612116388,7,train
s567,hidden_count_linear,11,normal,none,1.0,21.648845579843737,30.580605158730158,9.02361924984637,4.791196517535774,128,0.3382632121850584,16.002010095620562,8.267249387242801,all,val
s567,hidden_count_linear,11,normal,none,1.0,21.79613852633556,30.788667404946473,7.1039580411299825,3.8035097067656434,43,0.34056466447399314,12.196610571063061,6.3372243323837365,5,val
s567,hidden_count_linear,11,normal,none,1.0,21.70776427505424,30.663832199546484,8.621675006584145,4.5849898207022255,42,0.3391838167977225,15.264087889978905,7.889785388646208,6,val
s567,hidden_count_linear,11,normal,none,1.0,21.444004140355606,30.29125138427464,11.335876140486267,5.980296051758528,43,0.33506256469305634,19.644509466227063,10.123796765572079,7,val
s567,hidden_count_linear,11,normal,none,0.984375,22.228669648774023,28.71837542808219,9.784242057421098,5.19676464326023,128,0.3473229632620941,16.643697880384998,8.606573885703565,all,test
s567,hidden_count_linear,11,normal,none,0.9767441860465116,22.816897067209148,29.478337050015927,7.802930238337417,4.177794816613883,43,0.35651401667514293,12.951032535041533,6.736697746479694,5,test
s567,hidden_count_linear,11,normal,none,1.0,21.385843668149832,27.62948467058056,9.451539892588912,5.018416781059674,42,0.3341538073148411,15.900956878262265,8.219186125828903,6,test
s567,hidden_count_linear,11,normal,none,0.9767441860465116,22.463667606762527,29.021981522777956,12.090516734862145,6.389934436501148,43,0.3509948063556645,20.246140620539553,10.446512638765919,7,test
s567,hidden_count_linear,11,resetall250,s567,1.0,19.24541511045606,30.90270008605852,2.5981135286168286,1.6208351139470665,128,0.30070961110087596,4.608635931585253,2.66204882336528,all,train
s567,hidden_count_linear,11,resetall250,s567,1.0,19.642039556734613,31.539566905495736,2.509314137137128,1.5700704842173077,43,0.3069068680739783,4.470868047845515,2.5903497435804357,5,train
s567,hidden_count_linear,11,resetall250,s567,1.0,18.687626161724676,30.00704860257356,2.531516579574701,1.5793376554316436,42,0.29199415877694807,4.532591576176521,2.614324244273477,6,train
s567,hidden_count_linear,11,resetall250,s567,1.0,19.393607776891884,31.14065564583917,2.7519607620702806,1.7121322789077358,43,0.3030251215139357,4.813456177893933,2.7765180814741472,7,train
s567,hidden_count_linear,11,resetall250,s567,1.0,17.945307699060663,25.349082341269842,2.320899586296199,1.455716135545606,128,0.28039543279782286,4.319058681923858,2.5006281582882437,all,val
s567,hidden_count_linear,11,resetall250,s567,1.0,18.09461161708652,25.55998523440384,2.2489307143746697,1.412952238915668,43,0.2827283065169769,4.187161267138502,2.4301859697543344,5,val
s567,hidden_count_linear,11,resetall250,s567,1.0,17.65577669923206,24.94009826152683,2.2231419123702505,1.3987559623094257,42,0.27587151092550094,4.189704299355721,2.427003776129164,6,val
s567,hidden_count_linear,11,resetall250,s567,1.0,18.078801501797624,25.53765227021041,2.4883529530657618,1.5541161882187693,43,0.2824812734655879,4.566318837828194,2.637202465852467,7,val
s567,hidden_count_linear,11,resetall250,s567,0.984375,19.259194831013918,24.881956335616437,2.6594534760836024,1.6594744278469806,128,0.30092491923459247,4.67541859673913,2.70288696978181,all,test
s567,hidden_count_linear,11,resetall250,s567,0.9767441860465116,19.841755667545115,25.63459700541574,2.5624335684054587,1.6056015228878666,43,0.3100274323053924,4.536064943168178,2.6342450469392484,5,test
s567,hidden_count_linear,11,resetall250,s567,1.0,18.21565843037016,23.533757338551858,2.577382585686279,1.6052096862032172,42,0.2846196629745337,4.546829900512917,2.6229908496127106,6,test
s567,hidden_count_linear,11,resetall250,s567,0.9767441860465116,19.695902106739407,25.446161197833703,2.836636190608288,1.7663501940151725,43,0.30774847041780323,4.929654438577066,2.8438651518961224,7,test
s567,hidden_count_linear,11,reset234,none,1.0,23.237652201584403,37.3131050989673,11.245139676880433,5.914904044437838,128,0.3630883156497563,18.95534285792903,9.74053188158592,all,train
s567,hidden_count_linear,11,reset234,none,1.0,23.544781668309703,37.80626826241844,8.500624756319718,4.511596065437382,43,0.3678872135673391,13.849016370221504,7.161368101171257,5,train
s567,hidden_count_linear,11,reset234,none,1.0,23.043168743873853,37.000819604950415,10.886363726993803,5.729021114617653,42,0.36004951162302895,18.190777768731863,9.346854055572194,6,train
s567,hidden_count_linear,11,reset234,none,1.0,23.120483321460107,37.124964976183804,14.340087504834656,7.499772143112821,43,0.36125755189781417,23.54898932278414,12.075191612116388,7,train
s567,hidden_count_linear,11,reset234,none,1.0,21.648845579843737,30.580605158730158,9.02361924984637,4.791196517535774,128,0.3382632121850584,16.002010095620562,8.267249387242801,all,val
s567,hidden_count_linear,11,reset234,none,1.0,21.79613852633556,30.788667404946473,7.1039580411299825,3.8035097067656434,43,0.34056466447399314,12.196610571063061,6.3372243323837365,5,val
s567,hidden_count_linear,11,reset234,none,1.0,21.70776427505424,30.663832199546484,8.621675006584145,4.5849898207022255,42,0.3391838167977225,15.264087889978905,7.889785388646208,6,val
s567,hidden_count_linear,11,reset234,none,1.0,21.444004140355606,30.29125138427464,11.335876140486267,5.980296051758528,43,0.33506256469305634,19.644509466227063,10.123796765572079,7,val
s567,hidden_count_linear,11,reset234,none,0.984375,22.228669648774023,28.71837542808219,9.784242057421098,5.19676464326023,128,0.3473229632620941,16.643697880384998,8.606573885703565,all,test
s567,hidden_count_linear,11,reset234,none,0.9767441860465116,22.816897067209148,29.478337050015927,7.802930238337417,4.177794816613883,43,0.35651401667514293,12.951032535041533,6.736697746479694,5,test
s567,hidden_count_linear,11,reset234,none,1.0,21.385843668149832,27.62948467058056,9.451539892588912,5.018416781059674,42,0.3341538073148411,15.900956878262265,8.219186125828903,6,test
s567,hidden_count_linear,11,reset234,none,0.9767441860465116,22.463667606762527,29.021981522777956,12.090516734862145,6.389934436501148,43,0.3509948063556645,20.246140620539553,10.446512638765919,7,test
s567,hidden_count_linear,11,reset2345,s5,1.0,21.926574773477146,35.207885111876074,9.232434141934782,4.926735323119567,128,0.3426027308355804,17.36630969373698,8.93887299334074,all,train
s567,hidden_count_linear,11,reset2345,s5,1.0,19.642039556734613,31.539566905495736,2.509314137137128,1.5700704842173077,43,0.3069068680739783,4.470868047845515,2.5903497435804357,5,train
s567,hidden_count_linear,11,reset2345,s5,1.0,23.043168743873853,37.000819604950415,10.886363726993803,5.729021114617653,42,0.36004951162302895,18.190777768731863,9.346854055572194,6,train
s567,hidden_count_linear,11,reset2345,s5,1.0,23.120483321460107,37.124964976183804,14.340087504834656,7.499772143112821,43,0.36125755189781417,23.54898932278414,12.075191612116388,7,train
s567,hidden_count_linear,11,reset2345,s5,1.0,20.405363883767887,28.82409474206349,7.392633850188745,3.9881187039109824,128,0.31883381068387323,14.559564826105046,7.53923107931547,all,val
s567,hidden_count_linear,11,reset2345,s5,1.0,18.09461161708652,25.55998523440384,2.2489307143746697,1.412952238915668,43,0.2827283065169769,4.187161267138502,2.4301859697543344,5,val
s567,hidden_count_linear,11,reset2345,s5,1.0,21.70776427505424,30.663832199546484,8.621675006584145,4.5849898207022255,42,0.3391838167977225,15.264087889978905,7.889785388646208,6,val
s567,hidden_count_linear,11,reset2345,s5,1.0,21.444004140355606,30.29125138427464,11.335876140486267,5.980296051758528,43,0.33506256469305634,19.644509466227063,10.123796765572079,7,val
s567,hidden_count_linear,11,reset2345,s5,0.984375,21.229208084824386,27.427119006849313,8.023762130990102,4.332668539543986,128,0.331706376325381,15.085700575713727,7.82038216525856,all,test
s567,hidden_count_linear,11,reset2345,s5,0.9767441860465116,19.841755667545115,25.63459700541574,2.5624335684054587,1.6056015228878666,43,0.3100274323053924,4.536064943168178,2.6342450469392484,5,test
s567,hidden_count_linear,11,reset2345,s5,1.0,21.385843668149832,27.62948467058056,9.451539892588912,5.018416781059674,42,0.3341538073148411,15.900956878262265,8.219186125828903,6,test
s567,hidden_count_linear,11,reset2345,s5,0.9767441860465116,22.463667606762527,29.021981522777956,12.090516734862145,6.389934436501148,43,0.3509948063556645,20.246140620539553,10.446512638765919,7,test
s567,hidden_count_linear,11,reset23456,s56,1.0,20.497412363709447,32.91305400172117,6.490999471900279,3.5651205770994188,128,0.3202720681829601,14.133359201904021,7.312993655677702,all,train
s567,hidden_count_linear,11,reset23456,s56,1.0,19.642039556734613,31.539566905495736,2.509314137137128,1.5700704842173077,43,0.3069068680739783,4.470868047845515,2.5903497435804357,5,train
s567,hidden_count_linear,11,reset23456,s56,1.0,18.687626161724676,30.00704860257356,2.531516579574701,1.5793376554316436,42,0.29199415877694807,4.532591576176521,2.614324244273477,6,train
s567,hidden_count_linear,11,reset23456,s56,1.0,23.120483321460107,37.124964976183804,14.340087504834656,7.499772143112821,43,0.36125755189781417,23.54898932278414,12.075191612116388,7,train
s567,hidden_count_linear,11,reset23456,s56,1.0,19.07580546045123,26.945994543650794,5.293114492801334,2.942635976319024,128,0.2980594603195505,11.886551578104022,6.192528758985821,all,val
s567,hidden_count_linear,11,reset23456,s56,1.0,18.09461161708652,25.55998523440384,2.2489307143746697,1.412952238915668,43,0.2827283065169769,4.187161267138502,2.4301859697543344,5,val
s567,hidden_count_linear,11,reset23456,s56,1.0,17.65577669923206,24.94009826152683,2.2231419123702505,1.3987559623094257,42,0.27587151092550094,4.189704299355721,2.427003776129164,6,val
s567,hidden_count_linear,11,reset23456,s56,1.0,21.444004140355606,30.29125138427464,11.335876140486267,5.980296051758528,43,0.33506256469305634,19.644509466227063,10.123796765572079,7,val
s567,hidden_count_linear,11,reset23456,s56,0.984375,20.18899105367793,26.083208476027398,5.7681794567879185,3.212709966600139,128,0.3154529852137177,12.304415023030533,6.422570769723099,all,test
s567,hidden_count_linear,11,reset23456,s56,0.9767441860465116,19.841755667545115,25.63459700541574,2.5624335684054587,1.6056015228878666,43,0.3100274323053924,4.536064943168178,2.6342450469392484,5,test
s567,hidden_count_linear,11,reset23456,s56,1.0,18.21565843037016,23.533757338551858,2.577382585686279,1.6052096862032172,42,0.2846196629745337,4.546829900512917,2.6229908496127106,6,test
s567,hidden_count_linear,11,reset23456,s56,0.9767441860465116,22.463667606762527,29.021981522777956,12.090516734862145,6.389934436501148,43,0.3509948063556645,20.246140620539553,10.446512638765919,7,test
s567,hidden_count_linear,11,reset67,s67,1.0,20.55649253856332,33.00792007314974,4.610819227121611,2.609003949756729,128,0.32119519591505186,8.885707730628559,4.6969153254687,all,train
s567,hidden_count_linear,11,reset67,s67,1.0,23.544781668309703,37.80626826241844,8.500624756319718,4.511596065437382,43,0.3678872135673391,13.849016370221504,7.161368101171257,5,train
s567,hidden_count_linear,11,reset67,s67,1.0,18.687626161724676,30.00704860257356,2.531516579574701,1.5793376554316436,42,0.29199415877694807,4.532591576176521,2.614324244273477,6,train
s567,hidden_count_linear,11,reset67,s67,1.0,19.393607776891884,31.14065564583917,2.7519607620702806,1.7121322789077358,43,0.3030251215139357,4.813456177893933,2.7765180814741472,7,train
s567,hidden_count_linear,11,reset67,s67,1.0,19.18878939513651,27.10559275793651,3.951884985953823,2.258794292094636,128,0.29982483429900797,7.920711879280021,4.214326722178903,all,val
s567,hidden_count_linear,11,reset67,s67,1.0,21.79613852633556,30.788667404946473,7.1039580411299825,3.8035097067656434,43,0.34056466447399314,12.196610571063061,6.3372243323837365,5,val
s567,hidden_count_linear,11,reset67,s67,1.0,17.65577669923206,24.94009826152683,2.2231419123702505,1.3987559623094257,42,0.27587151092550094,4.189704299355721,2.427003776129164,6,val
s567,hidden_count_linear,11,reset67,s67,1.0,18.078801501797624,25.53765227021041,2.4883529530657618,1.5541161882187693,43,0.2824812734655879,4.566318837828194,2.637202465852467,7,val
s567,hidden_count_linear,11,reset67,s67,0.984375,20.258656394963552,26.173212756849313,4.419932350881689,2.5235704911158052,128,0.3165415061713055,8.443570408529041,4.496701949218379,all,test
s567,hidden_count_linear,11,reset67,s67,0.9767441860465116,22.816897067209148,29.478337050015927,7.802930238337417,4.177794816613883,43,0.35651401667514293,12.951032535041533,6.736697746479694,5,test
s567,hidden_count_linear,11,reset67,s67,1.0,18.21565843037016,23.533757338551858,2.577382585686279,1.6052096862032172,42,0.2846196629745337,4.546829900512917,2.6229908496127106,6,test
s567,hidden_count_linear,11,reset67,s67,0.9767441860465116,19.695902106739407,25.446161197833703,2.836636190608288,1.7663501940151725,43,0.30774847041780323,4.929654438577066,2.8438651518961224,7,test
s567,hidden_count_linear,11,reset567,s567,1.0,19.24541511045606,30.90270008605852,2.5981135286168286,1.6208351139470665,128,0.30070961110087596,4.608635931585253,2.66204882336528,all,train
s567,hidden_count_linear,11,reset567,s567,1.0,19.642039556734613,31.539566905495736,2.509314137137128,1.5700704842173077,43,0.3069068680739783,4.470868047845515,2.5903497435804357,5,train
s567,hidden_count_linear,11,reset567,s567,1.0,18.687626161724676,30.00704860257356,2.531516579574701,1.5793376554316436,42,0.29199415877694807,4.532591576176521,2.614324244273477,6,train
s567,hidden_count_linear,11,reset567,s567,1.0,19.393607776891884,31.14065564583917,2.7519607620702806,1.7121322789077358,43,0.3030251215139357,4.813456177893933,2.7765180814741472,7,train
s567,hidden_count_linear,11,reset567,s567,1.0,17.945307699060663,25.349082341269842,2.320899586296199,1.455716135545606,128,0.28039543279782286,4.319058681923858,2.5006281582882437,all,val
s567,hidden_count_linear,11,reset567,s567,1.0,18.09461161708652,25.55998523440384,2.2489307143746697,1.412952238915668,43,0.2827283065169769,4.187161267138502,2.4301859697543344,5,val
s567,hidden_count_linear,11,reset567,s567,1.0,17.65577669923206,24.94009826152683,2.2231419123702505,1.3987559623094257,42,0.27587151092550094,4.189704299355721,2.427003776129164,6,val
s567,hidden_count_linear,11,reset567,s567,1.0,18.078801501797624,25.53765227021041,2.4883529530657618,1.5541161882187693,43,0.2824812734655879,4.566318837828194,2.637202465852467,7,val
s567,hidden_count_linear,11,reset567,s567,0.984375,19.259194831013918,24.881956335616437,2.6594534760836024,1.6594744278469806,128,0.30092491923459247,4.67541859673913,2.70288696978181,all,test
s567,hidden_count_linear,11,reset567,s567,0.9767441860465116,19.841755667545115,25.63459700541574,2.5624335684054587,1.6056015228878666,43,0.3100274323053924,4.536064943168178,2.6342450469392484,5,test
s567,hidden_count_linear,11,reset567,s567,1.0,18.21565843037016,23.533757338551858,2.577382585686279,1.6052096862032172,42,0.2846196629745337,4.546829900512917,2.6229908496127106,6,test
s567,hidden_count_linear,11,reset567,s567,0.9767441860465116,19.695902106739407,25.446161197833703,2.836636190608288,1.7663501940151725,43,0.30774847041780323,4.929654438577066,2.8438651518961224,7,test
s567,hidden_count_linear,23,normal,none,1.0,20.952961964258797,33.64453797332186,13.008726468420788,6.7951232817132,128,0.3273900306915437,21.657149381889806,11.086532262085903,all,train
s567,hidden_count_linear,23,normal,none,1.0,18.0718539877487,29.018292438858424,9.971549049018833,5.214939689982204,43,0.28237271855857343,15.327607978963785,7.843446285779121,5,train
s567,hidden_count_linear,23,normal,none,1.0,20.16171989086388,32.37402671912138,12.207870956344752,6.3789767611199775,42,0.3150268732947481,19.889828445811233,10.182320379675144,6,train
s567,hidden_count_linear,23,normal,none,1.0,24.60691103571277,39.51174798863227,16.828135729478955,8.781775519289742,43,0.38448298493301203,27.836090489982283,14.250861715606993,7,train
s567,hidden_count_linear,23,normal,none,0.96875,19.013607233781055,26.85813492063492,10.396438251689931,5.4715132835133,128,0.297087613027829,18.112276516717376,9.313076665639127,all,val
s567,hidden_count_linear,23,normal,none,0.9302325581395349,16.229409999326272,22.925249169435215,8.428256293728422,4.433089770994236,43,0.253584531239473,13.707999379863725,7.037153953820633,5,val
s567,hidden_count_linear,23,normal,none,1.0,18.734656851064543,26.464096749811034,9.664390433550297,5.093829297147707,42,0.2927290132978835,16.673693290358294,8.578080436271186,6,val
s567,hidden_count_linear,23,normal,none,0.9767441860465116,22.07026763274964,31.175895164267256,13.07964365992736,6.878835392282361,43,0.34484793176171313,22.73936179589702,11.695699856635827,7,val
s567,hidden_count_linear,23,normal,none,0.9609375,20.291873757455267,26.21612799657534,11.538053013300406,6.080681438711481,128,0.31706052746023855,19.250842599014582,9.915655949027181,all,test
s567,hidden_count_linear,23,normal,none,0.9302325581395349,17.376300337509825,22.449346925772538,9.427738438554718,4.964894529383775,43,0.271504692773591,14.61836870173723,7.518764925262406,5,test
s567,hidden_count_linear,23,normal,none,1.0,19.794881504623056,25.574037834311806,10.804296492868188,5.69852906371296,42,0.30929502350973526,17.92259296891852,9.231539304242746,6,test
s567,hidden_count_linear,23,normal,none,0.9534883720930233,23.692881470864734,30.610066900286714,14.36505988295036,7.56973409061137,43,0.37020127298226146,23.994174744218853,12.365392248951636,7,test
s567,hidden_count_linear,23,resetall250,s567,1.0,17.12938181452761,27.504948364888126,2.9967335933182038,1.8285101817521396,128,0.2676465908519939,5.175190497020977,2.9472079621034624,all,train
s567,hidden_count_linear,23,resetall250,s567,1.0,14.88195104699266,23.896209422407235,2.9585903214963305,1.7835902922839089,43,0.2325304851092603,4.984437421003918,2.811551725845223,5,train
s567,hidden_count_linear,23,resetall250,s567,1.0,16.49308727460368,26.483239078764036,2.8106314755707835,1.7191631784021495,42,0.2577044886656825,4.913313782814419,2.8008803155016575,6,train
s567,hidden_count_linear,23,resetall250,s567,1.0,19.9983095745464,32.11163591242045,3.2166511483792366,1.9802339262546054,43,0.3124735871022875,5.594736774348413,3.2076144703147706,7,train
s567,hidden_count_linear,23,resetall250,s567,0.9765625,15.557413747695549,21.976004464285715,2.6764353779848125,1.637107797548503,128,0.24308458980774295,4.8324488389667195,2.7551170309971202,all,val
s567,hidden_count_linear,23,resetall250,s567,0.9767441860465116,13.424355825590583,18.962901439645627,2.684090407972022,1.619406411222242,43,0.20975555977485286,4.721499828474141,2.6639973482052755,5,val
s567,hidden_count_linear,23,resetall250,s567,1.0,15.222443783939703,21.50283446712018,2.480552733778965,1.524618955650033,42,0.23785068412405785,4.5350598027525475,2.593343332768238,6,val
s567,hidden_count_linear,23,resetall250,s567,0.9534883720930233,18.01765163439925,25.451273532668882,2.8601070714742156,1.7646823889933505,43,0.2815258067874883,5.208989086202211,2.9882398173498292,7,val
s567,hidden_count_linear,23,resetall250,s567,0.9609375,17.36071073558648,22.429205907534246,3.132441415148432,1.9110819498697917,128,0.27126110524353875,5.3484314105412025,3.049488320826236,all,test
s567,hidden_count_linear,23,resetall250,s567,0.9302325581395349,14.996409142046943,19.374641605606882,3.116318952804491,1.8775253186549308,43,0.23431889284448348,5.175169222119089,2.9222130636883983,5,test
s567,hidden_count_linear,23,resetall250,s567,1.0,16.76619647196188,21.66112198303979,2.9229573267241786,1.788376141957777,42,0.2619718198744044,5.06279039358664,2.8918165938679135,6,test
s567,hidden_count_linear,23,resetall250,s567,0.9534883720930233,20.30570067964307,26.233991717107358,3.3531766643356913,2.0644906301050288,43,0.317276573119423,5.773540771489731,3.3127660450950547,7,test
s567,hidden_count_linear,23,reset234,none,1.0,20.952961964258797,33.64453797332186,13.008726468420788,6.7951232817132,128,0.3273900306915437,21.657149381889806,11.086532262085903,all,train
s567,hidden_count_linear,23,reset234,none,1.0,18.0718539877487,29.018292438858424,9.971549049018833,5.214939689982204,43,0.28237271855857343,15.327607978963785,7.843446285779121,5,train
s567,hidden_count_linear,23,reset234,none,1.0,20.16171989086388,32.37402671912138,12.207870956344752,6.3789767611199775,42,0.3150268732947481,19.889828445811233,10.182320379675144,6,train
s567,hidden_count_linear,23,reset234,none,1.0,24.60691103571277,39.51174798863227,16.828135729478955,8.781775519289742,43,0.38448298493301203,27.836090489982283,14.250861715606993,7,train
s567,hidden_count_linear,23,reset234,none,0.96875,19.013607233781055,26.85813492063492,10.396438251689931,5.4715132835133,128,0.297087613027829,18.112276516717376,9.313076665639127,all,val
s567,hidden_count_linear,23,reset234,none,0.9302325581395349,16.229409999326272,22.925249169435215,8.428256293728422,4.433089770994236,43,0.253584531239473,13.707999379863725,7.037153953820633,5,val
s567,hidden_count_linear,23,reset234,none,1.0,18.734656851064543,26.464096749811034,9.664390433550297,5.093829297147707,42,0.2927290132978835,16.673693290358294,8.578080436271186,6,val
s567,hidden_count_linear,23,reset234,none,0.9767441860465116,22.07026763274964,31.175895164267256,13.07964365992736,6.878835392282361,43,0.34484793176171313,22.73936179589702,11.695699856635827,7,val
s567,hidden_count_linear,23,reset234,none,0.9609375,20.291873757455267,26.21612799657534,11.538053013300406,6.080681438711481,128,0.31706052746023855,19.250842599014582,9.915655949027181,all,test
s567,hidden_count_linear,23,reset234,none,0.9302325581395349,17.376300337509825,22.449346925772538,9.427738438554718,4.964894529383775,43,0.271504692773591,14.61836870173723,7.518764925262406,5,test
s567,hidden_count_linear,23,reset234,none,1.0,19.794881504623056,25.574037834311806,10.804296492868188,5.69852906371296,42,0.30929502350973526,17.92259296891852,9.231539304242746,6,test
s567,hidden_count_linear,23,reset234,none,0.9534883720930233,23.692881470864734,30.610066900286714,14.36505988295036,7.56973409061137,43,0.37020127298226146,23.994174744218853,12.365392248951636,7,test
s567,hidden_count_linear,23,reset2345,s5,1.0,19.881353945098564,31.923838209982787,10.652811071147436,5.642404261644363,128,0.31064615539216506,19.961329581991567,10.242068324909305,all,train
s567,hidden_count_linear,23,reset2345,s5,1.0,14.88195104699266,23.896209422407235,2.9585903214963305,1.7835902922839089,43,0.2325304851092603,4.984437421003918,2.811551725845223,5,train
s567,hidden_count_linear,23,reset2345,s5,1.0,20.16171989086388,32.37402671912138,12.207870956344752,6.3789767611199775,42,0.3150268732947481,19.889828445811233,10.182320379675144,6,train
s567,hidden_count_linear,23,reset2345,s5,1.0,24.60691103571277,39.51174798863227,16.828135729478955,8.781775519289742,43,0.38448298493301203,27.836090489982283,14.250861715606993,7,train
s567,hidden_count_linear,23,reset2345,s5,0.984375,18.071284347291723,25.52703373015873,8.466758296023176,4.5262906296637695,128,0.28236381792643317,16.505080980800305,8.513598937498786,all,val
s567,hidden_count_linear,23,reset2345,s5,0.9767441860465116,13.424355825590583,18.962901439645627,2.684090407972022,1.619406411222242,43,0.20975555977485286,4.721499828474141,2.6639973482052755,5,val
s567,hidden_count_linear,23,reset2345,s5,1.0,18.734656851064543,26.464096749811034,9.664390433550297,5.093829297147707,42,0.2927290132978835,16.673693290358294,8.578080436271186,6,val
s567,hidden_count_linear,23,reset2345,s5,0.9767441860465116,22.07026763274964,31.175895164267256,13.07964365992736,6.878835392282361,43,0.34484793176171313,22.73936179589702,11.695699856635827,7,val
s567,hidden_count_linear,23,reset2345,s5,0.9609375,19.492379058979456,25.18321917808219,9.417809953430458,5.043518470880446,128,0.304568422796554,17.544326376504216,9.06629764212007,all,test
s567,hidden_count_linear,23,reset2345,s5,0.9302325581395349,14.996409142046943,19.374641605606882,3.116318952804491,1.8775253186549308,43,0.23431889284448348,5.175169222119089,2.9222130636883983,5,test
s567,hidden_count_linear,23,reset2345,s5,1.0,19.794881504623056,25.574037834311806,10.804296492868188,5.69852906371296,42,0.30929502350973526,17.92259296891852,9.231539304242746,6,test
s567,hidden_count_linear,23,reset2345,s5,0.9534883720930233,23.692881470864734,30.610066900286714,14.36505988295036,7.56973409061137,43,0.37020127298226146,23.994174744218853,12.365392248951636,7,test
s567,hidden_count_linear,23,reset23456,s56,1.0,18.67758386788819,29.990923515490532,7.569341613001826,4.113403068840337,128,0.29183724793575294,16.630329664185187,8.570542774146942,all,train
s567,hidden_count_linear,23,reset23456,s56,1.0,14.88195104699266,23.896209422407235,2.9585903214963305,1.7835902922839089,43,0.2325304851092603,4.984437421003918,2.811551725845223,5,train
s567,hidden_count_linear,23,reset23456,s56,1.0,16.49308727460368,26.483239078764036,2.8106314755707835,1.7191631784021495,42,0.2577044886656825,4.913313782814419,2.8008803155016575,6,train
s567,hidden_count_linear,23,reset23456,s56,1.0,24.60691103571277,39.51174798863227,16.828135729478955,8.781775519289742,43,0.38448298493301203,27.836090489982283,14.250861715606993,7,train
s567,hidden_count_linear,23,reset23456,s56,0.984375,16.918839434641384,23.899119543650794,6.109560179088755,3.355143657821965,128,0.26435686616627163,13.70924739503795,7.109400542157283,all,val
s567,hidden_count_linear,23,reset23456,s56,0.9767441860465116,13.424355825590583,18.962901439645627,2.684090407972022,1.619406411222242,43,0.20975555977485286,4.721499828474141,2.6639973482052755,5,val
s567,hidden_count_linear,23,reset23456,s56,1.0,15.222443783939703,21.50283446712018,2.480552733778965,1.524618955650033,42,0.23785068412405785,4.5350598027525475,2.593343332768238,6,val
s567,hidden_count_linear,23,reset23456,s56,0.9767441860465116,22.07026763274964,31.175895164267256,13.07964365992736,6.878835392282361,43,0.34484793176171313,22.73936179589702,11.695699856635827,7,val
s567,hidden_count_linear,23,reset23456,s56,0.9609375,18.498591782637508,23.899293664383563,6.83174561032244,3.7604992602975895,128,0.28904049660371106,14.519426652269578,7.5484095560877735,all,test
s567,hidden_count_linear,23,reset23456,s56,0.9302325581395349,14.996409142046943,19.374641605606882,3.116318952804491,1.8775253186549308,43,0.23431889284448348,5.175169222119089,2.9222130636883983,5,test
s567,hidden_count_linear,23,reset23456,s56,1.0,16.76619647196188,21.66112198303979,2.9229573267241786,1.788376141957777,42,0.2619718198744044,5.06279039358664,2.8918165938679135,6,test
s567,hidden_count_linear,23,reset23456,s56,0.9534883720930233,23.692881470864734,30.610066900286714,14.36505988295036,7.56973409061137,43,0.37020127298226146,23.994174744218853,12.365392248951636,7,test
s567,hidden_count_linear,23,reset67,s67,1.0,18.200989833687842,29.225648128227196,5.3526493831334685,2.9812289728381933,128,0.28439046615137253,9.867118256824353,5.1669397054161985,all,train
s567,hidden_count_linear,23,reset67,s67,1.0,18.0718539877487,29.018292438858424,9.971549049018833,5.214939689982204,43,0.28237271855857343,15.327607978963785,7.843446285779121,5,train
s567,hidden_count_linear,23,reset67,s67,1.0,16.49308727460368,26.483239078764036,2.8106314755707835,1.7191631784021495,42,0.2577044886656825,4.913313782814419,2.8008803155016575,6,train
s567,hidden_count_linear,23,reset67,s67,1.0,19.9983095745464,32.11163591242045,3.2166511483792366,1.9802339262546054,43,0.3124735871022875,5.594736774348413,3.2076144703147706,7,train
s567,hidden_count_linear,23,reset67,s67,0.9609375,16.499736634184885,23.307105654761905,4.6061161909621635,2.5823297655495567,128,0.2578083849091388,8.887599308761214,4.673617512359178,all,val
s567,hidden_count_linear,23,reset67,s67,0.9302325581395349,16.229409999326272,22.925249169435215,8.428256293728422,4.433089770994236,43,0.253584531239473,13.707999379863725,7.037153953820633,5,val
s567,hidden_count_linear,23,reset67,s67,1.0,15.222443783939703,21.50283446712018,2.480552733778965,1.524618955650033,42,0.23785068412405785,4.5350598027525475,2.593343332768238,6,val
s567,hidden_count_linear,23,reset67,s67,0.9534883720930233,18.01765163439925,25.451273532668882,2.8601070714742156,1.7646823889933505,43,0.2815258067874883,5.208989086202211,2.9882398173498292,7,val
s567,hidden_count_linear,23,reset67,s67,0.9609375,18.16020543406229,23.462114726027398,5.252683807635955,2.9482449177008263,128,0.2837532099072233,9.560190557314847,5.042009435196596,all,test
s567,hidden_count_linear,23,reset67,s67,0.9302325581395349,17.376300337509825,22.449346925772538,9.427738438554718,4.964894529383775,43,0.271504692773591,14.61836870173723,7.518764925262406,5,test
s567,hidden_count_linear,23,reset67,s67,1.0,16.76619647196188,21.66112198303979,2.9229573267241786,1.788376141957777,42,0.2619718198744044,5.06279039358664,2.8918165938679135,6,test
s567,hidden_count_linear,23,reset67,s67,0.9534883720930233,20.30570067964307,26.233991717107358,3.3531766643356913,2.0644906301050288,43,0.317276573119423,5.773540771489731,3.3127660450950547,7,test
s567,hidden_count_linear,23,reset567,s567,1.0,17.12938181452761,27.504948364888126,2.9967335933182038,1.8285101817521396,128,0.2676465908519939,5.175190497020977,2.9472079621034624,all,train
s567,hidden_count_linear,23,reset567,s567,1.0,14.88195104699266,23.896209422407235,2.9585903214963305,1.7835902922839089,43,0.2325304851092603,4.984437421003918,2.811551725845223,5,train
s567,hidden_count_linear,23,reset567,s567,1.0,16.49308727460368,26.483239078764036,2.8106314755707835,1.7191631784021495,42,0.2577044886656825,4.913313782814419,2.8008803155016575,6,train
s567,hidden_count_linear,23,reset567,s567,1.0,19.9983095745464,32.11163591242045,3.2166511483792366,1.9802339262546054,43,0.3124735871022875,5.594736774348413,3.2076144703147706,7,train
s567,hidden_count_linear,23,reset567,s567,0.9765625,15.557413747695549,21.976004464285715,2.6764353779848125,1.637107797548503,128,0.24308458980774295,4.8324488389667195,2.7551170309971202,all,val
s567,hidden_count_linear,23,reset567,s567,0.9767441860465116,13.424355825590583,18.962901439645627,2.684090407972022,1.619406411222242,43,0.20975555977485286,4.721499828474141,2.6639973482052755,5,val
s567,hidden_count_linear,23,reset567,s567,1.0,15.222443783939703,21.50283446712018,2.480552733778965,1.524618955650033,42,0.23785068412405785,4.5350598027525475,2.593343332768238,6,val
s567,hidden_count_linear,23,reset567,s567,0.9534883720930233,18.01765163439925,25.451273532668882,2.8601070714742156,1.7646823889933505,43,0.2815258067874883,5.208989086202211,2.9882398173498292,7,val
s567,hidden_count_linear,23,reset567,s567,0.9609375,17.36071073558648,22.429205907534246,3.132441415148432,1.9110819498697917,128,0.27126110524353875,5.3484314105412025,3.049488320826236,all,test
s567,hidden_count_linear,23,reset567,s567,0.9302325581395349,14.996409142046943,19.374641605606882,3.116318952804491,1.8775253186549308,43,0.23431889284448348,5.175169222119089,2.9222130636883983,5,test
s567,hidden_count_linear,23,reset567,s567,1.0,16.76619647196188,21.66112198303979,2.9229573267241786,1.788376141957777,42,0.2619718198744044,5.06279039358664,2.8918165938679135,6,test
s567,hidden_count_linear,23,reset567,s567,0.9534883720930233,20.30570067964307,26.233991717107358,3.3531766643356913,2.0644906301050288,43,0.317276573119423,5.773540771489731,3.3127660450950547,7,test
s567,hidden_count_linear,101,normal,none,0.9921875,26.076465071097193,41.8714366394148,12.527479111536335,6.588798541732962,128,0.40744476673589364,20.814578435118293,10.702250538485222,all,train
s567,hidden_count_linear,101,normal,none,1.0,25.09806609875123,40.30040427490694,8.157516784483608,4.346725540731658,43,0.39215728279298795,12.757967101367827,6.607260381579079,5,train
s567,hidden_count_linear,101,normal,none,0.9761904761904762,27.316761933473543,43.863003032538316,13.336611644004412,7.007712563813607,42,0.4268244052105241,21.720795060352774,11.176760634229458,6,train
s567,hidden_count_linear,101,normal,none,1.0,25.843411294145323,41.49721810831365,16.107125844385042,8.421700388836804,43,0.40380330147102067,25.808483269028685,13.239338106802858,7,train
s567,hidden_count_linear,101,normal,none,0.984375,24.423316653498375,34.49975198412698,9.704201096260205,5.15889943266614,128,0.3816143227109121,16.896511445429987,8.74157858784855,all,val
s567,hidden_count_linear,101,normal,none,0.9767441860465116,23.451888782045394,33.12753783684016,6.634431915853601,3.5733866802228604,43,0.3664357622194593,10.954228247742753,5.700965848920112,5,val
s567,hidden_count_linear,101,normal,none,0.9761904761904762,25.47575153316528,35.98639455782313,10.383746984879458,5.512580420632831,42,0.3980586177057075,17.910193967967015,9.271823746030815,6,val
s567,hidden_count_linear,101,normal,none,1.0,24.36678487504415,34.41989664082687,12.11022982240161,6.398956336397768,43,0.38073101367256484,20.408984940441783,10.535654237301893,7,val
s567,hidden_count_linear,101,normal,none,0.984375,25.12881047051027,32.46521832191781,10.963376802984179,5.822656347073807,128,0.392637663601723,18.492850978068553,9.5688027207599,all,test
s567,hidden_count_linear,101,normal,none,0.9767441860465116,24.552591428175134,31.7207709461612,7.357477289846194,3.959937745137701,43,0.38363424106523647,11.85580097829593,6.173483819597644,5,test
s567,hidden_count_linear,101,normal,none,1.0,25.95007731389441,33.52625570776256,11.672217069606173,6.189656825909622,42,0.4054699580296002,19.325738036402274,10.004793865577057,6,test
s567,hidden_count_linear,101,normal,none,0.9767441860465116,24.90286189837718,32.17330359987257,13.876920285457796,7.32690888342426,43,0.3891072171621434,22.641664498391563,11.690877456095256,7,test
s567,hidden_count_linear,101,resetall250,s567,0.9921875,22.18019662686117,35.61513016351119,2.7916320466507276,1.753794506402097,128,0.3465655722947058,4.878079052396443,2.8316233306361407,all,train
s567,hidden_count_linear,101,resetall250,s567,1.0,21.132829659254632,33.933354681183204,2.405566587572413,1.5232249461615073,43,0.33020046342585363,4.153655563530481,2.4160158264500695,5,train
s567,hidden_count_linear,101,resetall250,s567,0.9761904761904762,23.58366212145501,37.868699286943695,2.9400080811295157,1.849149632092273,42,0.36849472064773453,5.188557173629843,3.019870438493815,6,train
s567,hidden_count_linear,101,resetall250,s567,1.0,21.85673683230629,35.09574510667254,3.032771662860613,1.8912267211082336,43,0.34151151300478577,5.223569022486596,3.0204533659401047,7,train
s567,hidden_count_linear,101,resetall250,s567,0.984375,20.589763848652446,29.08457341269841,2.412632163001492,1.5291519895092618,128,0.32171506013519446,4.41748267332976,2.575883524900007,all,val
s567,hidden_count_linear,101,resetall250,s567,0.9767441860465116,19.437295457654248,27.456626061277223,2.0887314393452194,1.333158138922405,43,0.3037077415258476,3.779092361554295,2.2030684104957015,5,val
s567,hidden_count_linear,101,resetall250,s567,0.9761904761904762,21.942134768049964,30.994897959183675,2.540775455560154,1.6127251411933399,42,0.3428458557507807,4.702868046755102,2.7519903423979875,6,val
s567,hidden_count_linear,101,resetall250,s567,1.0,20.42131180675074,28.846622369878183,2.611369798269952,1.6435161224793953,43,0.3190829969804803,4.712163426737402,2.738683328160075,7,val
s567,hidden_count_linear,101,resetall250,s567,0.984375,22.306535785288272,28.818974743150687,2.8968263983805502,1.817647116163695,128,0.34853962164512925,5.0366806137271345,2.9230190218584786,all,test
s567,hidden_count_linear,101,resetall250,s567,0.9767441860465116,21.378704517083545,27.620261229690986,2.4167091684389783,1.5347048944222264,43,0.3340422580794304,4.196801014425299,2.442776856811355,5,test
s567,hidden_count_linear,101,resetall250,s567,1.0,23.32658020133169,30.13682322243966,3.052556159816892,1.9138682445259,42,0.36447781564580767,5.323205807228504,3.096454818854894,6,test
s567,hidden_count_linear,101,resetall250,s567,0.9767441860465116,22.238044600613375,28.730487416374643,3.2248353387427375,2.006605458696465,43,0.347469446884584,5.497619998758252,3.178239656668015,7,test
s567,hidden_count_linear,101,reset234,none,0.9921875,26.076465071097193,41.8714366394148,12.527479111536335,6.588798541732962,128,0.40744476673589364,20.814578435118293,10.702250538485222,all,train
s567,hidden_count_linear,101,reset234,none,1.0,25.09806609875123,40.30040427490694,8.157516784483608,4.346725540731658,43,0.39215728279298795,12.757967101367827,6.607260381579079,5,train
s567,hidden_count_linear,101,reset234,none,0.9761904761904762,27.316761933473543,43.863003032538316,13.336611644004412,7.007712563813607,42,0.4268244052105241,21.720795060352774,11.176760634229458,6,train
s567,hidden_count_linear,101,reset234,none,1.0,25.843411294145323,41.49721810831365,16.107125844385042,8.421700388836804,43,0.40380330147102067,25.808483269028685,13.239338106802858,7,train
s567,hidden_count_linear,101,reset234,none,0.984375,24.423316653498375,34.49975198412698,9.704201096260205,5.15889943266614,128,0.3816143227109121,16.896511445429987,8.74157858784855,all,val
s567,hidden_count_linear,101,reset234,none,0.9767441860465116,23.451888782045394,33.12753783684016,6.634431915853601,3.5733866802228604,43,0.3664357622194593,10.954228247742753,5.700965848920112,5,val
s567,hidden_count_linear,101,reset234,none,0.9761904761904762,25.47575153316528,35.98639455782313,10.383746984879458,5.512580420632831,42,0.3980586177057075,17.910193967967015,9.271823746030815,6,val
s567,hidden_count_linear,101,reset234,none,1.0,24.36678487504415,34.41989664082687,12.11022982240161,6.398956336397768,43,0.38073101367256484,20.408984940441783,10.535654237301893,7,val
s567,hidden_count_linear,101,reset234,none,0.984375,25.12881047051027,32.46521832191781,10.963376802984179,5.822656347073807,128,0.392637663601723,18.492850978068553,9.5688027207599,all,test
s567,hidden_count_linear,101,reset234,none,0.9767441860465116,24.552591428175134,31.7207709461612,7.357477289846194,3.959937745137701,43,0.38363424106523647,11.85580097829593,6.173483819597644,5,test
s567,hidden_count_linear,101,reset234,none,1.0,25.95007731389441,33.52625570776256,11.672217069606173,6.189656825909622,42,0.4054699580296002,19.325738036402274,10.004793865577057,6,test
s567,hidden_count_linear,101,reset234,none,0.9767441860465116,24.90286189837718,32.17330359987257,13.876920285457796,7.32690888342426,43,0.3891072171621434,22.641664498391563,11.690877456095256,7,test
s567,hidden_count_linear,101,reset2345,s5,0.9921875,24.744393454703804,39.73250591652324,10.595182777982481,5.640279170574639,128,0.38663114772974694,19.605189680492582,10.091254934233298,all,train
s567,hidden_count_linear,101,reset2345,s5,1.0,21.132829659254632,33.933354681183204,2.405566587572413,1.5232249461615073,43,0.33020046342585363,4.153655563530481,2.4160158264500695,5,train
s567,hidden_count_linear,101,reset2345,s5,0.9761904761904762,27.316761933473543,43.863003032538316,13.336611644004412,7.007712563813607,42,0.4268244052105241,21.720795060352774,11.176760634229458,6,train
s567,hidden_count_linear,101,reset2345,s5,1.0,25.843411294145323,41.49721810831365,16.107125844385042,8.421700388836804,43,0.40380330147102067,25.808483269028685,13.239338106802858,7,train
s567,hidden_count_linear,101,reset2345,s5,0.984375,23.074664208585727,32.59468005952381,8.177130656878237,4.406322699938548,128,0.360541628259152,15.810722018136635,8.193129456583488,all,val
s567,hidden_count_linear,101,reset2345,s5,0.9767441860465116,19.437295457654248,27.456626061277223,2.0887314393452194,1.333158138922405,43,0.3037077415258476,3.779092361554295,2.2030684104957015,5,val
s567,hidden_count_linear,101,reset2345,s5,0.9761904761904762,25.47575153316528,35.98639455782313,10.383746984879458,5.512580420632831,42,0.3980586177057075,17.910193967967015,9.271823746030815,6,val
s567,hidden_count_linear,101,reset2345,s5,1.0,24.36678487504415,34.41989664082687,12.11022982240161,6.398956336397768,43,0.38073101367256484,20.408984940441783,10.535654237301893,7,val
s567,hidden_count_linear,101,reset2345,s5,0.984375,24.06258283631544,31.087703339041095,9.303588381818464,5.007929393042785,128,0.37597785681742873,17.340215682222087,8.98684375026396,all,test
s567,hidden_count_linear,101,reset2345,s5,0.9767441860465116,21.378704517083545,27.620261229690986,2.4167091684389783,1.5347048944222264,43,0.3340422580794304,4.196801014425299,2.442776856811355,5,test
s567,hidden_count_linear,101,reset2345,s5,1.0,25.95007731389441,33.52625570776256,11.672217069606173,6.189656825909622,42,0.4054699580296002,19.325738036402274,10.004793865577057,6,test
s567,hidden_count_linear,101,reset2345,s5,0.9767441860465116,24.90286189837718,32.17330359987257,13.876920285457796,7.32690888342426,43,0.3891072171621434,22.641664498391563,11.690877456095256,7,test
s567,hidden_count_linear,101,reset23456,s56,0.9921875,23.519470078885224,37.765625,7.183797871794765,3.9476257822051855,128,0.3674917199825816,15.439880108041075,7.989770589041963,all,train
s567,hidden_count_linear,101,reset23456,s56,1.0,21.132829659254632,33.933354681183204,2.405566587572413,1.5232249461615073,43,0.33020046342585363,4.153655563530481,2.4160158264500695,5,train
s567,hidden_count_linear,101,reset23456,s56,0.9761904761904762,23.58366212145501,37.868699286943695,2.9400080811295157,1.849149632092273,42,0.36849472064773453,5.188557173629843,3.019870438493815,6,train
s567,hidden_count_linear,101,reset23456,s56,1.0,25.843411294145323,41.49721810831365,16.107125844385042,8.421700388836804,43,0.40380330147102067,25.808483269028685,13.239338106802858,7,train
s567,hidden_count_linear,101,reset23456,s56,0.984375,21.91519620753226,30.956845238095237,5.603655023702923,3.126682729237995,128,0.3424249407426916,12.32808833182595,6.4346392297085515,all,val
s567,hidden_count_linear,101,reset23456,s56,0.9767441860465116,19.437295457654248,27.456626061277223,2.0887314393452194,1.333158138922405,43,0.3037077415258476,3.779092361554295,2.2030684104957015,5,val
s567,hidden_count_linear,101,reset23456,s56,0.9761904761904762,21.942134768049964,30.994897959183675,2.540775455560154,1.6127251411933399,42,0.3428458557507807,4.702868046755102,2.7519903423979875,6,val
s567,hidden_count_linear,101,reset23456,s56,1.0,24.36678487504415,34.41989664082687,12.11022982240161,6.398956336397768,43,0.38073101367256484,20.408984940441783,10.535654237301893,7,val
s567,hidden_count_linear,101,reset23456,s56,0.984375,23.2017478462558,29.97554580479452,6.475261104272801,3.6049360574832257,128,0.36252731009774686,13.690562709775842,7.146010762050411,all,test
s567,hidden_count_linear,101,reset23456,s56,0.9767441860465116,21.378704517083545,27.620261229690986,2.4167091684389783,1.5347048944222264,43,0.3340422580794304,4.196801014425299,2.442776856811355,5,test
s567,hidden_count_linear,101,reset23456,s56,1.0,23.32658020133169,30.13682322243966,3.052556159816892,1.9138682445259,42,0.36447781564580767,5.323205807228504,3.096454818854894,6,test
s567,hidden_count_linear,101,reset23456,s56,0.9767441860465116,24.90286189837718,32.17330359987257,13.876920285457796,7.32690888342426,43,0.3891072171621434,22.641664498391563,11.690877456095256,7,test
s567,hidden_count_linear,101,reset67,s67,0.9921875,23.51226824325456,37.754060886402755,4.723927693256234,2.702314302814159,128,0.3673791913008525,8.525190955419637,4.552233497850171,all,train
s567,hidden_count_linear,101,reset67,s67,1.0,25.09806609875123,40.30040427490694,8.157516784483608,4.346725540731658,43,0.39215728279298795,12.757967101367827,6.607260381579079,5,train
s567,hidden_count_linear,101,reset67,s67,0.9761904761904762,23.58366212145501,37.868699286943695,2.9400080811295157,1.849149632092273,42,0.36849472064773453,5.188557173629843,3.019870438493815,6,train
s567,hidden_count_linear,101,reset67,s67,1.0,21.85673683230629,35.09574510667254,3.032771662860613,1.8912267211082336,43,0.34151151300478577,5.223569022486596,3.0204533659401047,7,train
s567,hidden_count_linear,101,reset67,s67,0.984375,21.938416293565094,30.98964533730159,3.939703631156176,2.2817285507747345,128,0.3427877545869546,7.418039346279781,3.990364568981228,all,val
s567,hidden_count_linear,101,reset67,s67,0.9767441860465116,23.451888782045394,33.12753783684016,6.634431915853601,3.5733866802228604,43,0.3664357622194593,10.954228247742753,5.700965848920112,5,val
s567,hidden_count_linear,101,reset67,s67,0.9761904761904762,21.942134768049964,30.994897959183675,2.540775455560154,1.6127251411933399,42,0.3428458557507807,4.702868046755102,2.7519903423979875,6,val
s567,hidden_count_linear,101,reset67,s67,1.0,20.42131180675074,28.846622369878183,2.611369798269952,1.6435161224793953,43,0.3190829969804803,4.712163426737402,2.738683328160075,7,val
s567,hidden_count_linear,101,reset67,s67,0.984375,23.3727634194831,30.196489726027398,4.556615143125621,2.632373382588583,128,0.36519942842942343,8.165207391498978,4.398029787206245,all,test
s567,hidden_count_linear,101,reset67,s67,0.9767441860465116,24.552591428175134,31.7207709461612,7.357477289846194,3.959937745137701,43,0.38363424106523647,11.85580097829593,6.173483819597644,5,test
s567,hidden_count_linear,101,reset67,s67,1.0,23.32658020133169,30.13682322243966,3.052556159816892,1.9138682445259,42,0.36447781564580767,5.323205807228504,3.096454818854894,6,test
s567,hidden_count_linear,101,reset67,s67,0.9767441860465116,22.238044600613375,28.730487416374643,3.2248353387427375,2.006605458696465,43,0.347469446884584,5.497619998758252,3.178239656668015,7,test
s567,hidden_count_linear,101,reset567,s567,0.9921875,22.18019662686117,35.61513016351119,2.7916320466507276,1.753794506402097,128,0.3465655722947058,4.878079052396443,2.8316233306361407,all,train
s567,hidden_count_linear,101,reset567,s567,1.0,21.132829659254632,33.933354681183204,2.405566587572413,1.5232249461615073,43,0.33020046342585363,4.153655563530481,2.4160158264500695,5,train
s567,hidden_count_linear,101,reset567,s567,0.9761904761904762,23.58366212145501,37.868699286943695,2.9400080811295157,1.849149632092273,42,0.36849472064773453,5.188557173629843,3.019870438493815,6,train
s567,hidden_count_linear,101,reset567,s567,1.0,21.85673683230629,35.09574510667254,3.032771662860613,1.8912267211082336,43,0.34151151300478577,5.223569022486596,3.0204533659401047,7,train
s567,hidden_count_linear,101,reset567,s567,0.984375,20.589763848652446,29.08457341269841,2.412632163001492,1.5291519895092618,128,0.32171506013519446,4.41748267332976,2.575883524900007,all,val
s567,hidden_count_linear,101,reset567,s567,0.9767441860465116,19.437295457654248,27.456626061277223,2.0887314393452194,1.333158138922405,43,0.3037077415258476,3.779092361554295,2.2030684104957015,5,val
s567,hidden_count_linear,101,reset567,s567,0.9761904761904762,21.942134768049964,30.994897959183675,2.540775455560154,1.6127251411933399,42,0.3428458557507807,4.702868046755102,2.7519903423979875,6,val
s567,hidden_count_linear,101,reset567,s567,1.0,20.42131180675074,28.846622369878183,2.611369798269952,1.6435161224793953,43,0.3190829969804803,4.712163426737402,2.738683328160075,7,val
s567,hidden_count_linear,101,reset567,s567,0.984375,22.306535785288272,28.818974743150687,2.8968263983805502,1.817647116163695,128,0.34853962164512925,5.0366806137271345,2.9230190218584786,all,test
s567,hidden_count_linear,101,reset567,s567,0.9767441860465116,21.378704517083545,27.620261229690986,2.4167091684389783,1.5347048944222264,43,0.3340422580794304,4.196801014425299,2.442776856811355,5,test
s567,hidden_count_linear,101,reset567,s567,1.0,23.32658020133169,30.13682322243966,3.052556159816892,1.9138682445259,42,0.36447781564580767,5.323205807228504,3.096454818854894,6,test
s567,hidden_count_linear,101,reset567,s567,0.9767441860465116,22.238044600613375,28.730487416374643,3.2248353387427375,2.006605458696465,43,0.347469446884584,5.497619998758252,3.178239656668015,7,test
s567,output_lif,11,normal,none,0.9921875,24.369429045170584,39.130418997418246,14.92244889627682,7.800349977284908,128,0.3807723288307904,24.09759283839963,12.35769932447655,all,train
s567,output_lif,11,normal,none,1.0,27.517521415626153,44.18536604891326,10.67175375019329,5.648087355656557,43,0.42996127211915863,16.41589652407321,8.495471985569576,5,train
s567,output_lif,11,normal,none,0.9761904761904762,25.278797173817857,40.59060732726826,16.612511733887786,8.66587829296557,42,0.394981205840904,26.40603930960427,13.527562277404533,6,train
s567,output_lif,11,normal,none,1.0,20.333116642082793,32.64924148420926,17.522384504796875,9.10721348164934,43,0.31770494753254364,27.893236442428417,14.271456123729635,7,train
s567,output_lif,11,normal,none,0.9765625,22.613291194802915,31.942956349206348,11.7470439930647,6.1947898834606265,128,0.35333267491879555,19.994245726505667,10.308345847814937,all,val
s567,output_lif,11,normal,none,1.0,25.412604402088142,35.89719453672942,8.869812561120265,4.733362528148498,43,0.3970719437826272,14.425721003220328,7.498378900082087,5,val
s567,output_lif,11,normal,none,0.9285714285714286,23.542997604625207,33.2562358276644,13.065846679291504,6.875580031854723,42,0.36785933757226885,22.109181704804286,11.385627279095647,6,val
s567,output_lif,11,normal,none,1.0,18.905892656993586,26.705980066445182,13.336144610290049,6.991259419411081,43,0.2954045727655248,22.460254900255656,11.552975685521641,7,val
s567,output_lif,11,normal,none,0.9453125,23.576416500994036,30.459599743150687,13.077058401543862,6.898695675879618,128,0.3683815078280318,21.225733376551023,10.952588345491153,all,test
s567,output_lif,11,normal,none,0.9767441860465116,27.22406645398924,35.17218859509398,9.933196123645722,5.303264172234037,43,0.4253760383435819,15.391527690000517,8.013636774083388,5,test
s567,output_lif,11,normal,none,0.9047619047619048,23.88576477642084,30.859262883235488,14.4861440237543,7.621440811973398,42,0.3732150746315756,23.191179377272576,11.94945193253222,6,test
s567,output_lif,11,normal,none,0.9534883720930233,19.62661241851218,25.356642242752468,14.844605333117574,7.7881881434262645,43,0.30666581903925283,24.060249600349895,12.385506168797262,7,test
s567,output_lif,11,resetall250,s567,1.0,21.066792838360662,33.82731820137693,3.422108071760849,2.100856840487715,128,0.32916863809938535,5.80192399984738,3.3326068706266203,all,train
s567,output_lif,11,resetall250,s567,1.0,23.832375230826816,38.268062282352,3.101652897229533,1.937235919710244,43,0.372380862981669,5.244790071271712,3.0486329480357273,5,train
s567,output_lif,11,resetall250,s567,1.0,21.861499848067588,35.10339316449471,3.742737899839454,2.2888890400902184,42,0.34158593512605606,6.392485818403456,3.6567595041398513,6,train
s567,output_lif,11,resetall250,s567,1.0,17.524984994552856,28.140175319217068,3.4293899258432945,2.080818500888642,43,0.2738278905398884,5.72562185826182,3.271917294257549,7,train
s567,output_lif,11,resetall250,s567,0.9765625,19.512641559125626,27.563058035714285,3.019147174852954,1.8631175036761478,128,0.3048850243613379,5.385230269193158,3.100470624474855,all,val
s567,output_lif,11,resetall250,s567,1.0,21.907593306016786,30.946105574012552,2.7599361899337094,1.7314573367795465,43,0.3423061454065123,4.899109089659044,2.8510578184524875,5,val
s567,output_lif,11,resetall250,s567,0.9285714285714286,20.493907052769313,28.949168556311413,3.2895843000530913,2.0243968713813327,42,0.3202172976995205,5.910411402688333,3.392912560336626,6,val
s567,output_lif,11,resetall250,s567,1.0,16.159244446349934,22.826135105204873,3.014210014842399,1.837248730638019,43,0.2524881944742177,5.310917229751042,3.040152840202438,7,val
s567,output_lif,11,resetall250,s567,0.9609375,21.190772034459908,27.37746147260274,3.530474825202431,2.167936735867348,128,0.33110581303843606,5.89624048501133,3.391031069268515,all,test
s567,output_lif,11,resetall250,s567,0.9767441860465116,24.445697905589718,31.582669640012742,3.2105926396562485,2.0079268965904187,43,0.38196402977483934,5.334909157753771,3.109188049384095,5,test
s567,output_lif,11,resetall250,s567,0.9047619047619048,21.619994319795513,27.931996086105674,3.8349616462928777,2.344231331998091,42,0.3378124112468049,6.430352740550373,3.6813442153086786,6,test
s567,output_lif,11,resetall250,s567,1.0,17.51660579160695,22.630614845492197,3.552950766813846,2.155751371735671,43,0.2736969654938586,5.8855218157662845,3.3653642287615804,7,test
s567,output_lif,11,reset234,none,0.9921875,24.369429045170584,39.130418997418246,14.92244889627682,7.800349977284908,128,0.3807723288307904,24.09759283839963,12.35769932447655,all,train
s567,output_lif,11,reset234,none,1.0,27.517521415626153,44.18536604891326,10.67175375019329,5.648087355656557,43,0.42996127211915863,16.41589652407321,8.495471985569576,5,train
s567,output_lif,11,reset234,none,0.9761904761904762,25.278797173817857,40.59060732726826,16.612511733887786,8.66587829296557,42,0.394981205840904,26.40603930960427,13.527562277404533,6,train
s567,output_lif,11,reset234,none,1.0,20.333116642082793,32.64924148420926,17.522384504796875,9.10721348164934,43,0.31770494753254364,27.893236442428417,14.271456123729635,7,train
s567,output_lif,11,reset234,none,0.9765625,22.613291194802915,31.942956349206348,11.7470439930647,6.1947898834606265,128,0.35333267491879555,19.994245726505667,10.308345847814937,all,val
s567,output_lif,11,reset234,none,1.0,25.412604402088142,35.89719453672942,8.869812561120265,4.733362528148498,43,0.3970719437826272,14.425721003220328,7.498378900082087,5,val
s567,output_lif,11,reset234,none,0.9285714285714286,23.542997604625207,33.2562358276644,13.065846679291504,6.875580031854723,42,0.36785933757226885,22.109181704804286,11.385627279095647,6,val
s567,output_lif,11,reset234,none,1.0,18.905892656993586,26.705980066445182,13.336144610290049,6.991259419411081,43,0.2954045727655248,22.460254900255656,11.552975685521641,7,val
s567,output_lif,11,reset234,none,0.9453125,23.576416500994036,30.459599743150687,13.077058401543862,6.898695675879618,128,0.3683815078280318,21.225733376551023,10.952588345491153,all,test
s567,output_lif,11,reset234,none,0.9767441860465116,27.22406645398924,35.17218859509398,9.933196123645722,5.303264172234037,43,0.4253760383435819,15.391527690000517,8.013636774083388,5,test
s567,output_lif,11,reset234,none,0.9047619047619048,23.88576477642084,30.859262883235488,14.4861440237543,7.621440811973398,42,0.3732150746315756,23.191179377272576,11.94945193253222,6,test
s567,output_lif,11,reset234,none,0.9534883720930233,19.62661241851218,25.356642242752468,14.844605333117574,7.7881881434262645,43,0.30666581903925283,24.060249600349895,12.385506168797262,7,test
s567,output_lif,11,reset2345,s5,0.9921875,23.131450248714557,37.14257476333907,12.379367683018742,6.553735912979215,128,0.36142891013616496,22.347390945194928,11.471240620848844,all,train
s567,output_lif,11,reset2345,s5,1.0,23.832375230826816,38.268062282352,3.101652897229533,1.937235919710244,43,0.372380862981669,5.244790071271712,3.0486329480357273,5,train
s567,output_lif,11,reset2345,s5,0.9761904761904762,25.278797173817857,40.59060732726826,16.612511733887786,8.66587829296557,42,0.394981205840904,26.40603930960427,13.527562277404533,6,train
s567,output_lif,11,reset2345,s5,1.0,20.333116642082793,32.64924148420926,17.522384504796875,9.10721348164934,43,0.31770494753254364,27.893236442428417,14.271456123729635,7,train
s567,output_lif,11,reset2345,s5,0.9765625,21.435826529716444,30.279699900793652,9.694507999736635,5.186337486831709,128,0.33493478952681943,18.38270142558544,9.492330706621885,all,val
s567,output_lif,11,reset2345,s5,1.0,21.907593306016786,30.946105574012552,2.7599361899337094,1.7314573367795465,43,0.3423061454065123,4.899109089659044,2.8510578184524875,5,val
s567,output_lif,11,reset2345,s5,0.9285714285714286,23.542997604625207,33.2562358276644,13.065846679291504,6.875580031854723,42,0.36785933757226885,22.109181704804286,11.385627279095647,6,val
s567,output_lif,11,reset2345,s5,1.0,18.905892656993586,26.705980066445182,13.336144610290049,6.991259419411081,43,0.2954045727655248,22.460254900255656,11.552975685521641,7,val
s567,output_lif,11,reset2345,s5,0.9453125,22.64305831676607,29.25374571917808,10.818684086884941,5.791668001431515,128,0.35379778619946983,19.506657429785403,10.081336988027003,all,test
s567,output_lif,11,reset2345,s5,0.9767441860465116,24.445697905589718,31.582669640012742,3.2105926396562485,2.0079268965904187,43,0.38196402977483934,5.334909157753771,3.109188049384095,5,test
s567,output_lif,11,reset2345,s5,0.9047619047619048,23.88576477642084,30.859262883235488,14.4861440237543,7.621440811973398,42,0.3732150746315756,23.191179377272576,11.94945193253222,6,test
s567,output_lif,11,reset2345,s5,0.9534883720930233,19.62661241851218,25.356642242752468,14.844605333117574,7.7881881434262645,43,0.30666581903925283,24.060249600349895,12.385506168797262,7,test
s567,output_lif,11,reset23456,s56,1.0,22.010149563702747,35.342082616179,8.15647387973772,4.461286600607969,128,0.3439085869328554,16.852884471954315,8.713885607751573,all,train
s567,output_lif,11,reset23456,s56,1.0,23.832375230826816,38.268062282352,3.101652897229533,1.937235919710244,43,0.372380862981669,5.244790071271712,3.0486329480357273,5,train
s567,output_lif,11,reset23456,s56,1.0,21.861499848067588,35.10339316449471,3.742737899839454,2.2888890400902184,42,0.34158593512605606,6.392485818403456,3.6567595041398513,6,train
s567,output_lif,11,reset23456,s56,1.0,20.333116642082793,32.64924148420926,17.522384504796875,9.10721348164934,43,0.31770494753254364,27.893236442428417,14.271456123729635,7,train
s567,output_lif,11,reset23456,s56,0.9765625,20.435343692388727,28.866443452380953,6.486671220700553,3.5945428408392592,128,0.31930224519357386,13.747485225057282,7.16561248787555,all,val
s567,output_lif,11,reset23456,s56,1.0,21.907593306016786,30.946105574012552,2.7599361899337094,1.7314573367795465,43,0.3423061454065123,4.899109089659044,2.8510578184524875,5,val
s567,output_lif,11,reset23456,s56,0.9285714285714286,20.493907052769313,28.949168556311413,3.2895843000530913,2.0243968713813327,42,0.3202172976995205,5.910411402688333,3.392912560336626,6,val
s567,output_lif,11,reset23456,s56,1.0,18.905892656993586,26.705980066445182,13.336144610290049,6.991259419411081,43,0.2954045727655248,22.460254900255656,11.552975685521641,7,val
s567,output_lif,11,reset23456,s56,0.9453125,21.899602385685885,28.293236301369863,7.3237659006896125,4.060083145333727,128,0.34218128727634195,14.751330235081852,7.695936593243002,all,test
s567,output_lif,11,reset23456,s56,0.9767441860465116,24.445697905589718,31.582669640012742,3.2105926396562485,2.0079268965904187,43,0.38196402977483934,5.334909157753771,3.109188049384095,5,test
s567,output_lif,11,reset23456,s56,0.9047619047619048,21.619994319795513,27.931996086105674,3.8349616462928777,2.344231331998091,42,0.3378124112468049,6.430352740550373,3.6813442153086786,6,test
s567,output_lif,11,reset23456,s56,0.9534883720930233,19.62661241851218,25.356642242752468,14.844605333117574,7.7881881434262645,43,0.30666581903925283,24.060249600349895,12.385506168797262,7,test
s567,output_lif,11,reset67,s67,1.0,22.30477163481669,35.81516243545611,5.965188532646926,3.3474711010643645,128,0.34851205679401076,10.721492700707364,5.677115847554903,all,train
s567,output_lif,11,reset67,s67,1.0,27.517521415626153,44.18536604891326,10.67175375019329,5.648087355656557,43,0.42996127211915863,16.41589652407321,8.495471985569576,5,train
s567,output_lif,11,reset67,s67,1.0,21.861499848067588,35.10339316449471,3.742737899839454,2.2888890400902184,42,0.34158593512605606,6.392485818403456,3.6567595041398513,6,train
s567,output_lif,11,reset67,s67,1.0,17.524984994552856,28.140175319217068,3.4293899258432945,2.080818500888642,43,0.2738278905398884,5.72562185826182,3.271917294257549,7,train
s567,output_lif,11,reset67,s67,0.9765625,20.690106224212098,29.226314484126984,5.071683511105259,2.871569728842946,128,0.32328290975331403,9.531361826375974,5.07647057581887,all,val
s567,output_lif,11,reset67,s67,1.0,25.412604402088142,35.89719453672942,8.869812561120265,4.733362528148498,43,0.3970719437826272,14.425721003220328,7.498378900082087,5,val
s567,output_lif,11,reset67,s67,0.9285714285714286,20.493907052769313,28.949168556311413,3.2895843000530913,2.0243968713813327,42,0.3202172976995205,5.910411402688333,3.392912560336626,6,val
s567,output_lif,11,reset67,s67,1.0,16.159244446349934,22.826135105204873,3.014210014842399,1.837248730638019,43,0.2524881944742177,5.310917229751042,3.040152840202438,7,val
s567,output_lif,11,reset67,s67,0.9609375,22.124130218687874,28.58331549657534,5.78884942299329,3.274964086736094,128,0.34568953466699803,10.23658847422031,5.4612197575985215,all,test
s567,output_lif,11,reset67,s67,0.9767441860465116,27.22406645398924,35.17218859509398,9.933196123645722,5.303264172234037,43,0.4253760383435819,15.391527690000517,8.013636774083388,5,test
s567,output_lif,11,reset67,s67,0.9047619047619048,21.619994319795513,27.931996086105674,3.8349616462928777,2.344231331998091,42,0.3378124112468049,6.430352740550373,3.6813442153086786,6,test
s567,output_lif,11,reset67,s67,1.0,17.51660579160695,22.630614845492197,3.552950766813846,2.155751371735671,43,0.2736969654938586,5.8855218157662845,3.3653642287615804,7,test
s567,output_lif,11,reset567,s567,1.0,21.066792838360662,33.82731820137693,3.422108071760849,2.100856840487715,128,0.32916863809938535,5.80192399984738,3.3326068706266203,all,train
s567,output_lif,11,reset567,s567,1.0,23.832375230826816,38.268062282352,3.101652897229533,1.937235919710244,43,0.372380862981669,5.244790071271712,3.0486329480357273,5,train
s567,output_lif,11,reset567,s567,1.0,21.861499848067588,35.10339316449471,3.742737899839454,2.2888890400902184,42,0.34158593512605606,6.392485818403456,3.6567595041398513,6,train
s567,output_lif,11,reset567,s567,1.0,17.524984994552856,28.140175319217068,3.4293899258432945,2.080818500888642,43,0.2738278905398884,5.72562185826182,3.271917294257549,7,train
s567,output_lif,11,reset567,s567,0.9765625,19.512641559125626,27.563058035714285,3.019147174852954,1.8631175036761478,128,0.3048850243613379,5.385230269193158,3.100470624474855,all,val
s567,output_lif,11,reset567,s567,1.0,21.907593306016786,30.946105574012552,2.7599361899337094,1.7314573367795465,43,0.3423061454065123,4.899109089659044,2.8510578184524875,5,val
s567,output_lif,11,reset567,s567,0.9285714285714286,20.493907052769313,28.949168556311413,3.2895843000530913,2.0243968713813327,42,0.3202172976995205,5.910411402688333,3.392912560336626,6,val
s567,output_lif,11,reset567,s567,1.0,16.159244446349934,22.826135105204873,3.014210014842399,1.837248730638019,43,0.2524881944742177,5.310917229751042,3.040152840202438,7,val
s567,output_lif,11,reset567,s567,0.9609375,21.190772034459908,27.37746147260274,3.530474825202431,2.167936735867348,128,0.33110581303843606,5.89624048501133,3.391031069268515,all,test
s567,output_lif,11,reset567,s567,0.9767441860465116,24.445697905589718,31.582669640012742,3.2105926396562485,2.0079268965904187,43,0.38196402977483934,5.334909157753771,3.109188049384095,5,test
s567,output_lif,11,reset567,s567,0.9047619047619048,21.619994319795513,27.931996086105674,3.8349616462928777,2.344231331998091,42,0.3378124112468049,6.430352740550373,3.6813442153086786,6,test
s567,output_lif,11,reset567,s567,1.0,17.51660579160695,22.630614845492197,3.552950766813846,2.155751371735671,43,0.2736969654938586,5.8855218157662845,3.3653642287615804,7,test
s567,output_lif,23,normal,none,1.0,22.215879210142866,35.672426312392425,16.69454481886546,8.6833961051468,128,0.3471231126584823,26.92525487952588,13.771252932800738,all,train
s567,output_lif,23,normal,none,1.0,21.312410488271993,34.22171076331906,11.489136289967949,6.013337417879015,43,0.3330064138792499,17.693010840663597,9.084002381983533,5,train
s567,output_lif,23,normal,none,1.0,22.08945748564219,35.46942873534956,17.645535499945368,9.163945840281949,42,0.3451477732131592,27.715938138135673,14.156892356395732,6,train
s567,output_lif,23,normal,none,1.0,23.242829616409747,37.32141856462395,20.97108067652852,10.884080437765663,43,0.3631692127564023,33.08620504035655,16.91910102489323,7,train
s567,output_lif,23,normal,none,0.96875,20.12496707927311,28.428013392857142,13.452005695285752,7.044676169783163,128,0.3144526106136423,22.686482737313668,11.654085419355583,all,val
s567,output_lif,23,normal,none,0.9767441860465116,19.50824498328954,27.55684754521964,9.783197873474162,5.1532860499823405,43,0.30481632786389906,15.908999956018048,8.199993013756929,5,val
s567,output_lif,23,normal,none,0.9523809523809523,20.26542257672097,28.62641723356009,14.114348838473147,7.381675591841512,42,0.31664722776126514,23.37290319153795,11.992211459258034,6,val
s567,output_lif,23,normal,none,0.9767441860465116,20.60450008472621,29.105389442598746,16.473872682023547,8.606903042589723,43,0.32194531382384706,27.30157240313641,14.020913940572834,7,val
s567,output_lif,23,normal,none,0.9609375,21.49411862160371,27.76937071917808,14.722287369532804,7.72517936003769,128,0.335845603462558,23.837474065312513,12.266950909549456,all,test
s567,output_lif,23,normal,none,0.9767441860465116,20.716013993558033,26.76409684612934,10.80871132218318,5.701049637253996,43,0.32368771864934426,16.75685440241805,8.650368188951798,5,test
s567,output_lif,23,normal,none,0.9523809523809523,21.409195619931207,27.65965427266797,15.48004976095806,8.110387279497617,42,0.3345186815614251,24.702933106569706,12.691910053604934,6,test
s567,output_lif,23,normal,none,0.9534883720930233,22.355171297794627,28.88180949346926,17.89571919259636,9.373056657631729,43,0.34929955152804104,28.541644453701394,14.689024602977934,7,test
s567,output_lif,23,resetall250,s567,1.0,19.062195387475505,30.60850096815835,3.7826191207689215,2.2874462086731873,128,0.29784680292930477,6.35345152516964,3.614761511798169,all,train
s567,output_lif,23,resetall250,s567,1.0,18.36251368601944,29.485009806668536,3.380791265174392,2.049374737331644,43,0.28691427634405375,5.689849793937998,3.239460112019156,5,train
s567,output_lif,23,resetall250,s567,1.0,18.81388080044854,30.209777887058436,3.996426148884194,2.40668673091693,42,0.29396688750700845,6.733194206405228,3.8140403575100246,6,train
s567,output_lif,23,resetall250,s567,1.0,20.0044169181207,32.12144258095505,3.975612009966499,2.4090501444846364,43,0.31256901434563594,6.595780036140284,3.7673495883556924,7,train
s567,output_lif,23,resetall250,s567,0.953125,17.33355280484593,24.484933035714285,3.409990274668598,2.06585671390791,128,0.27083676257571765,5.9679922652863855,3.4003819477352417,all,val
s567,output_lif,23,resetall250,s567,0.9767441860465116,16.893826827789383,23.86378737541528,3.097914918550549,1.8811513271391327,43,0.2639660441842091,5.440384662617015,3.1007920279833674,5,val
s567,output_lif,23,resetall250,s567,0.9285714285714286,17.33418613692514,24.485827664399093,3.5483905944960723,2.1444666006161923,42,0.2708466583894553,6.238476632981841,3.5440065758256405,6,val
s567,output_lif,23,resetall250,s567,0.9534883720930233,17.772660178476276,25.105204872646734,3.5868836678487503,2.1737800956691635,43,0.2776978152886918,6.197677460887579,3.5406343110590206,7,val
s567,output_lif,23,resetall250,s567,0.96875,19.201292246520875,24.80714897260274,3.9563295277165134,2.3920826845567222,128,0.3000201913518887,6.539836196259548,3.7256643742613034,all,test
s567,output_lif,23,resetall250,s567,1.0,18.480250281258186,23.875597323988533,3.56292185718056,2.158547925142941,43,0.28875391064465916,5.894346923665586,3.3588366288916007,5,test
s567,output_lif,23,resetall250,s567,0.9523809523809523,19.06832023730632,24.63535551206784,4.137513769072076,2.4935821424380307,42,0.29794250370791125,6.8699110344154555,3.899005182432475,6,test
s567,output_lif,23,resetall250,s567,0.9534883720930233,20.0522138486908,25.906498884995223,4.17276579139504,2.5264790556563717,43,0.31331584138579377,6.817060713946209,3.8972346205773305,7,test
s567,output_lif,23,reset234,none,1.0,22.215879210142866,35.672426312392425,16.69454481886546,8.6833961051468,128,0.3471231126584823,26.92525487952588,13.771252932800738,all,train
s567,output_lif,23,reset234,none,1.0,21.312410488271993,34.22171076331906,11.489136289967949,6.013337417879015,43,0.3330064138792499,17.693010840663597,9.084002381983533,5,train
s567,output_lif,23,reset234,none,1.0,22.08945748564219,35.46942873534956,17.645535499945368,9.163945840281949,42,0.3451477732131592,27.715938138135673,14.156892356395732,6,train
s567,output_lif,23,reset234,none,1.0,23.242829616409747,37.32141856462395,20.97108067652852,10.884080437765663,43,0.3631692127564023,33.08620504035655,16.91910102489323,7,train
s567,output_lif,23,reset234,none,0.96875,20.12496707927311,28.428013392857142,13.452005695285752,7.044676169783163,128,0.3144526106136423,22.686482737313668,11.654085419355583,all,val
s567,output_lif,23,reset234,none,0.9767441860465116,19.50824498328954,27.55684754521964,9.783197873474162,5.1532860499823405,43,0.30481632786389906,15.908999956018048,8.199993013756929,5,val
s567,output_lif,23,reset234,none,0.9523809523809523,20.26542257672097,28.62641723356009,14.114348838473147,7.381675591841512,42,0.31664722776126514,23.37290319153795,11.992211459258034,6,val
s567,output_lif,23,reset234,none,0.9767441860465116,20.60450008472621,29.105389442598746,16.473872682023547,8.606903042589723,43,0.32194531382384706,27.30157240313641,14.020913940572834,7,val
s567,output_lif,23,reset234,none,0.9609375,21.49411862160371,27.76937071917808,14.722287369532804,7.72517936003769,128,0.335845603462558,23.837474065312513,12.266950909549456,all,test
s567,output_lif,23,reset234,none,0.9767441860465116,20.716013993558033,26.76409684612934,10.80871132218318,5.701049637253996,43,0.32368771864934426,16.75685440241805,8.650368188951798,5,test
s567,output_lif,23,reset234,none,0.9523809523809523,21.409195619931207,27.65965427266797,15.48004976095806,8.110387279497617,42,0.3345186815614251,24.702933106569706,12.691910053604934,6,test
s567,output_lif,23,reset234,none,0.9534883720930233,22.355171297794627,28.88180949346926,17.89571919259636,9.373056657631729,43,0.34929955152804104,28.541644453701394,14.689024602977934,7,test
s567,output_lif,23,reset2345,s5,1.0,21.22489825313615,34.08119083476764,13.970647809302092,7.351752163167635,128,0.33163903520525234,25.113389997719352,12.862795374594034,all,train
s567,output_lif,23,reset2345,s5,1.0,18.36251368601944,29.485009806668536,3.380791265174392,2.049374737331644,43,0.28691427634405375,5.689849793937998,3.239460112019156,5,train
s567,output_lif,23,reset2345,s5,1.0,22.08945748564219,35.46942873534956,17.645535499945368,9.163945840281949,42,0.3451477732131592,27.715938138135673,14.156892356395732,6,train
s567,output_lif,23,reset2345,s5,1.0,23.242829616409747,37.32141856462395,20.97108067652852,10.884080437765663,43,0.3631692127564023,33.08620504035655,16.91910102489323,7,train
s567,output_lif,23,reset2345,s5,0.96875,19.246685980159775,27.18737599206349,11.206167423843386,5.945442811210605,128,0.3007294684399965,20.96651958185597,10.791631479139953,all,val
s567,output_lif,23,reset2345,s5,0.9767441860465116,16.893826827789383,23.86378737541528,3.097914918550549,1.8811513271391327,43,0.2639660441842091,5.440384662617015,3.1007920279833674,5,val
s567,output_lif,23,reset2345,s5,0.9523809523809523,20.26542257672097,28.62641723356009,14.114348838473147,7.381675591841512,42,0.31664722776126514,23.37290319153795,11.992211459258034,6,val
s567,output_lif,23,reset2345,s5,0.9767441860465116,20.60450008472621,29.105389442598746,16.473872682023547,8.606903042589723,43,0.32194531382384706,27.30157240313641,14.020913940572834,7,val
s567,output_lif,23,reset2345,s5,0.96875,20.743041749502982,26.799015410958905,12.288154131849527,6.535119361953281,128,0.3241100273359841,22.035612148578743,11.363548145441957,all,test
s567,output_lif,23,reset2345,s5,1.0,18.480250281258186,23.875597323988533,3.56292185718056,2.158547925142941,43,0.28875391064465916,5.894346923665586,3.3588366288916007,5,test
s567,output_lif,23,reset2345,s5,0.9523809523809523,21.409195619931207,27.65965427266797,15.48004976095806,8.110387279497617,42,0.3345186815614251,24.702933106569706,12.691910053604934,6,test
s567,output_lif,23,reset2345,s5,0.9534883720930233,22.355171297794627,28.88180949346926,17.89571919259636,9.373056657631729,43,0.34929955152804104,28.541644453701394,14.689024602977934,7,test
s567,output_lif,23,reset23456,s56,1.0,20.15009965330698,32.35536790017212,9.492034146959318,5.13452679595776,128,0.3148453070829216,19.836869041592887,10.220698925998997,all,train
s567,output_lif,23,reset23456,s56,1.0,18.36251368601944,29.485009806668536,3.380791265174392,2.049374737331644,43,0.28691427634405375,5.689849793937998,3.239460112019156,5,train
s567,output_lif,23,reset23456,s56,1.0,18.81388080044854,30.209777887058436,3.996426148884194,2.40668673091693,42,0.29396688750700845,6.733194206405228,3.8140403575100246,6,train
s567,output_lif,23,reset23456,s56,1.0,23.242829616409747,37.32141856462395,20.97108067652852,10.884080437765663,43,0.3631692127564023,33.08620504035655,16.91910102489323,7,train
s567,output_lif,23,reset23456,s56,0.9609375,18.28487402335177,25.82874503968254,7.739212975155825,4.226983610964797,128,0.2857011566148714,16.526127017511666,8.56690529804918,all,val
s567,output_lif,23,reset23456,s56,0.9767441860465116,16.893826827789383,23.86378737541528,3.097914918550549,1.8811513271391327,43,0.2639660441842091,5.440384662617015,3.1007920279833674,5,val
s567,output_lif,23,reset23456,s56,0.9285714285714286,17.33418613692514,24.485827664399093,3.5483905944960723,2.1444666006161923,42,0.2708466583894553,6.238476632981841,3.5440065758256405,6,val
s567,output_lif,23,reset23456,s56,0.9767441860465116,20.60450008472621,29.105389442598746,16.473872682023547,8.606903042589723,43,0.32194531382384706,27.30157240313641,14.020913940572834,7,val
s567,output_lif,23,reset23456,s56,0.96875,19.97494201457919,25.806667380136986,8.56638432749855,4.69210526230637,128,0.31210846897779987,17.344189754513085,9.014576124637458,all,test
s567,output_lif,23,reset23456,s56,1.0,18.480250281258186,23.875597323988533,3.56292185718056,2.158547925142941,43,0.28875391064465916,5.894346923665586,3.3588366288916007,5,test
s567,output_lif,23,reset23456,s56,0.9523809523809523,19.06832023730632,24.63535551206784,4.137513769072076,2.4935821424380307,42,0.29794250370791125,6.8699110344154555,3.899005182432475,6,test
s567,output_lif,23,reset23456,s56,0.9534883720930233,22.355171297794627,28.88180949346926,17.89571919259636,9.373056657631729,43,0.34929955152804104,28.541644453701394,14.689024602977934,7,test
s567,output_lif,23,reset67,s67,1.0,20.05317634448222,32.19973644578313,6.506516392026898,3.6190898889577436,128,0.3133308803825347,11.604022328428629,6.10429332494778,all,train
s567,output_lif,23,reset67,s67,1.0,21.312410488271993,34.22171076331906,11.489136289967949,6.013337417879015,43,0.3330064138792499,17.693010840663597,9.084002381983533,5,train
s567,output_lif,23,reset67,s67,1.0,18.81388080044854,30.209777887058436,3.996426148884194,2.40668673091693,42,0.29396688750700845,6.733194206405228,3.8140403575100246,6,train
s567,output_lif,23,reset67,s67,1.0,20.0044169181207,32.12144258095505,3.975612009966499,2.4090501444846364,43,0.31256901434563594,6.595780036140284,3.7673495883556924,7,train
s567,output_lif,23,reset67,s67,0.953125,18.211833903959267,25.725570436507937,5.655827174414011,3.165089558094109,128,0.28455990474936355,10.521332907084103,5.560664304925351,all,val
s567,output_lif,23,reset67,s67,0.9767441860465116,19.50824498328954,27.55684754521964,9.783197873474162,5.1532860499823405,43,0.30481632786389906,15.908999956018048,8.199993013756929,5,val
s567,output_lif,23,reset67,s67,0.9285714285714286,17.33418613692514,24.485827664399093,3.5483905944960723,2.1444666006161923,42,0.2708466583894553,6.238476632981841,3.5440065758256405,6,val
s567,output_lif,23,reset67,s67,0.9534883720930233,17.772660178476276,25.105204872646734,3.5868836678487503,2.1737800956691635,43,0.2776978152886918,6.197677460887579,3.5406343110590206,7,val
s567,output_lif,23,reset67,s67,0.9609375,19.952369118621604,25.77750428082192,6.390461673319458,3.5821422377195162,128,0.31175576747846256,11.199396420406392,5.935353715530572,all,test
s567,output_lif,23,reset67,s67,0.9767441860465116,20.716013993558033,26.76409684612934,10.80871132218318,5.701049637253996,43,0.32368771864934426,16.75685440241805,8.650368188951798,5,test
s567,output_lif,23,reset67,s67,0.9523809523809523,19.06832023730632,24.63535551206784,4.137513769072076,2.4935821424380307,42,0.29794250370791125,6.8699110344154555,3.899005182432475,6,test
s567,output_lif,23,reset67,s67,0.9534883720930233,20.0522138486908,25.906498884995223,4.17276579139504,2.5264790556563717,43,0.31331584138579377,6.817060713946209,3.8972346205773305,7,test
s567,output_lif,23,reset567,s567,1.0,19.062195387475505,30.60850096815835,3.7826191207689215,2.2874462086731873,128,0.29784680292930477,6.35345152516964,3.614761511798169,all,train
s567,output_lif,23,reset567,s567,1.0,18.36251368601944,29.485009806668536,3.380791265174392,2.049374737331644,43,0.28691427634405375,5.689849793937998,3.239460112019156,5,train
s567,output_lif,23,reset567,s567,1.0,18.81388080044854,30.209777887058436,3.996426148884194,2.40668673091693,42,0.29396688750700845,6.733194206405228,3.8140403575100246,6,train
s567,output_lif,23,reset567,s567,1.0,20.0044169181207,32.12144258095505,3.975612009966499,2.4090501444846364,43,0.31256901434563594,6.595780036140284,3.7673495883556924,7,train
s567,output_lif,23,reset567,s567,0.953125,17.33355280484593,24.484933035714285,3.409990274668598,2.06585671390791,128,0.27083676257571765,5.9679922652863855,3.4003819477352417,all,val
s567,output_lif,23,reset567,s567,0.9767441860465116,16.893826827789383,23.86378737541528,3.097914918550549,1.8811513271391327,43,0.2639660441842091,5.440384662617015,3.1007920279833674,5,val
s567,output_lif,23,reset567,s567,0.9285714285714286,17.33418613692514,24.485827664399093,3.5483905944960723,2.1444666006161923,42,0.2708466583894553,6.238476632981841,3.5440065758256405,6,val
s567,output_lif,23,reset567,s567,0.9534883720930233,17.772660178476276,25.105204872646734,3.5868836678487503,2.1737800956691635,43,0.2776978152886918,6.197677460887579,3.5406343110590206,7,val
s567,output_lif,23,reset567,s567,0.96875,19.201292246520875,24.80714897260274,3.9563295277165134,2.3920826845567222,128,0.3000201913518887,6.539836196259548,3.7256643742613034,all,test
s567,output_lif,23,reset567,s567,1.0,18.480250281258186,23.875597323988533,3.56292185718056,2.158547925142941,43,0.28875391064465916,5.894346923665586,3.3588366288916007,5,test
s567,output_lif,23,reset567,s567,0.9523809523809523,19.06832023730632,24.63535551206784,4.137513769072076,2.4935821424380307,42,0.29794250370791125,6.8699110344154555,3.899005182432475,6,test
s567,output_lif,23,reset567,s567,0.9534883720930233,20.0522138486908,25.906498884995223,4.17276579139504,2.5264790556563717,43,0.31331584138579377,6.817060713946209,3.8972346205773305,7,test
s567,output_lif,101,normal,none,0.9921875,25.262264056140822,40.56405981067125,16.842688828361833,8.78316946453096,128,0.39472287587720034,26.677659464977147,13.67088660878559,all,train
s567,output_lif,101,normal,none,1.0,22.85073815893972,36.6918304447024,11.09579668310482,5.824922655245519,43,0.3570427837334331,16.89668428258311,8.690330896230678,5,train
s567,output_lif,101,normal,none,0.9761904761904762,29.4702367992267,47.32087533808704,17.87151362965338,9.33877967168243,42,0.4604724499879172,27.28800475479502,14.009295724463028,6,train
s567,output_lif,101,normal,none,1.0,23.563677041490596,37.836608894047956,21.584682719995826,11.19872742902258,43,0.36818245377329056,33.25244905542481,17.003383160568454,7,train
s567,output_lif,101,normal,none,0.96875,23.801948907031868,33.62202380952381,13.365745160653148,7.029174622508998,128,0.37190545167237293,21.946830627541136,11.307868945852153,all,val
s567,output_lif,101,normal,none,0.9767441860465116,21.169091061282572,29.902916205241787,9.41553409158189,4.976890670521199,43,0.3307670478325402,15.013617725395862,7.750204247409821,5,val
s567,output_lif,101,normal,none,0.9761904761904762,27.874035892998233,39.374149659863946,14.045497489663937,7.40856503254449,42,0.4355318108280974,22.57465228381205,11.65558624526216,6,val
s567,output_lif,101,normal,none,0.9534883720930233,22.457419464162854,31.722775932078257,16.65201209441154,8.710892728449428,43,0.3508971791275446,26.657392944161998,13.706607068472907,7,val
s567,output_lif,101,normal,none,0.9296875,24.3825381047051,31.50107020547945,14.857939763761182,7.817779197212558,128,0.3809771578860172,23.691523831137413,12.216250804757363,all,test
s567,output_lif,101,normal,none,0.9302325581395349,22.099958389199685,28.552086651799936,10.349813786852529,5.475042730535392,43,0.3453118498312451,15.980048028065237,8.263059208974775,5,test
s567,output_lif,101,normal,none,0.9523809523809523,28.41541228817571,36.711350293542075,15.678229112428603,8.269291924544007,42,0.44399081700274545,24.333600401984544,12.569069997363785,6,test
s567,output_lif,101,normal,none,0.9069767441860465,22.726031408448534,29.360942975469897,18.564852045671707,9.719502148928136,43,0.35509424075700835,28.93261145080357,14.888050723853487,7,test
s567,output_lif,101,resetall250,s567,0.9921875,22.419565545078466,35.99948902753873,3.7513207726899696,2.2971137636185874,128,0.35030571164185104,6.223971922349408,3.5708362202990456,all,train
s567,output_lif,101,resetall250,s567,1.0,20.05215390973206,32.19809470439899,3.264666485679487,1.9977471137153877,43,0.3133149048395634,5.447436343755067,3.11770633796873,5,train
s567,output_lif,101,resetall250,s567,0.9761904761904762,26.423051616345536,42.42795672485862,3.9274118971453453,2.4297201432870197,42,0.412860181505399,6.4950030980136955,3.750338203845995,6,train
s567,output_lif,101,resetall250,s567,1.0,20.876595436396574,33.52191490213345,4.065979321111116,2.4669579761790232,43,0.32619680369369647,6.665884805538014,3.807630237562444,7,train
s567,output_lif,101,resetall250,s567,0.9609375,21.08260907734176,29.78075396825397,3.3222603096743044,2.0466826195022385,128,0.329415766833465,5.731313364270553,3.2992211874246817,all,val
s567,output_lif,101,resetall250,s567,0.9534883720930233,18.498488198557407,26.13049095607235,2.9583545148862935,1.8150331095744703,43,0.2890388781024595,5.13024260988702,2.9375912337380496,5,val
s567,output_lif,101,resetall250,s567,0.9761904761904762,24.912700502903295,35.191043083900226,3.4278641554945217,2.1383224433658987,42,0.389260945357864,5.929664819688894,3.43912671845997,6,val
s567,output_lif,101,resetall250,s567,0.9534883720930233,19.92571042418229,28.146548541897378,3.583018162033266,2.1888230814617007,43,0.3113392253778483,6.0924002412357785,3.4956357749345397,7,val
s567,output_lif,101,resetall250,s567,0.96875,22.54928760768721,29.13259845890411,3.941739981659522,2.410510468277574,128,0.35233261887011263,6.4604683202854725,3.70736507203098,all,test
s567,output_lif,101,resetall250,s567,0.9534883720930233,20.152326351965726,26.035839439311882,3.404059954709726,2.081402843838134,43,0.3148800992494645,5.630263123378253,3.2239426003625744,5,test
s567,output_lif,101,resetall250,s567,0.9761904761904762,26.44046830130329,34.15981735159817,4.094054257047004,2.528972617667014,42,0.4131323172078639,6.694899774996976,3.864776077660304,6,test
s567,output_lif,101,resetall250,s567,0.9767441860465116,21.145560744062756,27.31905065307423,4.330648979186894,2.6239107566326845,43,0.33039938662598056,6.983060082168697,3.9913761784129025,7,test
s567,output_lif,101,reset234,none,0.9921875,25.262264056140822,40.56405981067125,16.842688828361833,8.78316946453096,128,0.39472287587720034,26.677659464977147,13.67088660878559,all,train
s567,output_lif,101,reset234,none,1.0,22.85073815893972,36.6918304447024,11.09579668310482,5.824922655245519,43,0.3570427837334331,16.89668428258311,8.690330896230678,5,train
s567,output_lif,101,reset234,none,0.9761904761904762,29.4702367992267,47.32087533808704,17.87151362965338,9.33877967168243,42,0.4604724499879172,27.28800475479502,14.009295724463028,6,train
s567,output_lif,101,reset234,none,1.0,23.563677041490596,37.836608894047956,21.584682719995826,11.19872742902258,43,0.36818245377329056,33.25244905542481,17.003383160568454,7,train
s567,output_lif,101,reset234,none,0.96875,23.801948907031868,33.62202380952381,13.365745160653148,7.029174622508998,128,0.37190545167237293,21.946830627541136,11.307868945852153,all,val
s567,output_lif,101,reset234,none,0.9767441860465116,21.169091061282572,29.902916205241787,9.41553409158189,4.976890670521199,43,0.3307670478325402,15.013617725395862,7.750204247409821,5,val
s567,output_lif,101,reset234,none,0.9761904761904762,27.874035892998233,39.374149659863946,14.045497489663937,7.40856503254449,42,0.4355318108280974,22.57465228381205,11.65558624526216,6,val
s567,output_lif,101,reset234,none,0.9534883720930233,22.457419464162854,31.722775932078257,16.65201209441154,8.710892728449428,43,0.3508971791275446,26.657392944161998,13.706607068472907,7,val
s567,output_lif,101,reset234,none,0.9296875,24.3825381047051,31.50107020547945,14.857939763761182,7.817779197212558,128,0.3809771578860172,23.691523831137413,12.216250804757363,all,test
s567,output_lif,101,reset234,none,0.9302325581395349,22.099958389199685,28.552086651799936,10.349813786852529,5.475042730535392,43,0.3453118498312451,15.980048028065237,8.263059208974775,5,test
s567,output_lif,101,reset234,none,0.9523809523809523,28.41541228817571,36.711350293542075,15.678229112428603,8.269291924544007,42,0.44399081700274545,24.333600401984544,12.569069997363785,6,test
s567,output_lif,101,reset234,none,0.9069767441860465,22.726031408448534,29.360942975469897,18.564852045671707,9.719502148928136,43,0.35509424075700835,28.93261145080357,14.888050723853487,7,test
s567,output_lif,101,reset2345,s5,0.9921875,24.322114659922622,39.05444546041308,14.211917808004086,7.497477721937964,128,0.380033041561291,25.01513217148243,12.836972298360271,all,train
s567,output_lif,101,reset2345,s5,1.0,20.05215390973206,32.19809470439899,3.264666485679487,1.9977471137153877,43,0.3133149048395634,5.447436343755067,3.11770633796873,5,train
s567,output_lif,101,reset2345,s5,0.9761904761904762,29.4702367992267,47.32087533808704,17.87151362965338,9.33877967168243,42,0.4604724499879172,27.28800475479502,14.009295724463028,6,train
s567,output_lif,101,reset2345,s5,1.0,23.563677041490596,37.836608894047956,21.584682719995826,11.19872742902258,43,0.36818245377329056,33.25244905542481,17.003383160568454,7,train
s567,output_lif,101,reset2345,s5,0.9609375,22.904793257835134,32.35472470238095,11.19653673953121,5.966988741111404,128,0.357887394653674,20.366193687492956,10.51610939251457,all,val
s567,output_lif,101,reset2345,s5,0.9534883720930233,18.498488198557407,26.13049095607235,2.9583545148862935,1.8150331095744703,43,0.2890388781024595,5.13024260988702,2.9375912337380496,5,val
s567,output_lif,101,reset2345,s5,0.9761904761904762,27.874035892998233,39.374149659863946,14.045497489663937,7.40856503254449,42,0.4355318108280974,22.57465228381205,11.65558624526216,6,val
s567,output_lif,101,reset2345,s5,0.9534883720930233,22.457419464162854,31.722775932078257,16.65201209441154,8.710892728449428,43,0.3508971791275446,26.657392944161998,13.706607068472907,7,val
s567,output_lif,101,reset2345,s5,0.9375,23.72825546719682,30.655768407534246,12.524599635261348,6.677727984307696,128,0.3707539916749503,22.048851546010553,11.392596928756193,all,test
s567,output_lif,101,reset2345,s5,0.9534883720930233,20.152326351965726,26.035839439311882,3.404059954709726,2.081402843838134,43,0.3148800992494645,5.630263123378253,3.2239426003625744,5,test
s567,output_lif,101,reset2345,s5,0.9523809523809523,28.41541228817571,36.711350293542075,15.678229112428603,8.269291924544007,42,0.44399081700274545,24.333600401984544,12.569069997363785,6,test
s567,output_lif,101,reset2345,s5,0.9069767441860465,22.726031408448534,29.360942975469897,18.564852045671707,9.719502148928136,43,0.35509424075700835,28.93261145080357,14.888050723853487,7,test
s567,output_lif,101,reset23456,s56,0.9921875,23.32225702178974,37.448956540447504,9.63650959058402,5.230442449691829,128,0.36441026596546466,19.881282028120037,10.247195577768458,all,train
s567,output_lif,101,reset23456,s56,1.0,20.05215390973206,32.19809470439899,3.264666485679487,1.9977471137153877,43,0.3133149048395634,5.447436343755067,3.11770633796873,5,train
s567,output_lif,101,reset23456,s56,0.9761904761904762,26.423051616345536,42.42795672485862,3.9274118971453453,2.4297201432870197,42,0.412860181505399,6.4950030980136955,3.750338203845995,6,train
s567,output_lif,101,reset23456,s56,1.0,23.563677041490596,37.836608894047956,21.584682719995826,11.19872742902258,43,0.36818245377329056,33.25244905542481,17.003383160568454,7,train
s567,output_lif,101,reset23456,s56,0.9609375,21.933105082960232,30.982142857142858,7.712625373101571,4.23769004861294,128,0.3427047669212536,16.09663298218548,8.360192318364161,all,val
s567,output_lif,101,reset23456,s56,0.9534883720930233,18.498488198557407,26.13049095607235,2.9583545148862935,1.8150331095744703,43,0.2890388781024595,5.13024260988702,2.9375912337380496,5,val
s567,output_lif,101,reset23456,s56,0.9761904761904762,24.912700502903295,35.191043083900226,3.4278641554945217,2.1383224433658987,42,0.389260945357864,5.929664819688894,3.43912671845997,6,val
s567,output_lif,101,reset23456,s56,0.9534883720930233,22.457419464162854,31.722775932078257,16.65201209441154,8.710892728449428,43,0.3508971791275446,26.657392944161998,13.706607068472907,7,val
s567,output_lif,101,reset23456,s56,0.9453125,23.080226971504306,29.818546660958905,8.723542695649023,4.794185934199491,128,0.3606285464297548,17.509088703607105,9.102450340676484,all,test
s567,output_lif,101,reset23456,s56,0.9534883720930233,20.152326351965726,26.035839439311882,3.404059954709726,2.081402843838134,43,0.3148800992494645,5.630263123378253,3.2239426003625744,5,test
s567,output_lif,101,reset23456,s56,0.9761904761904762,26.44046830130329,34.15981735159817,4.094054257047004,2.528972617667014,42,0.4131323172078639,6.694899774996976,3.864776077660304,6,test
s567,output_lif,101,reset23456,s56,0.9069767441860465,22.726031408448534,29.360942975469897,18.564852045671707,9.719502148928136,43,0.35509424075700835,28.93261145080357,14.888050723853487,7,test
s567,output_lif,101,reset67,s67,0.9921875,23.359714941296666,37.509103377796905,6.38209100796389,3.5828055716352356,128,0.3649955459577604,11.16595270449497,5.903909644511753,all,train
s567,output_lif,101,reset67,s67,1.0,22.85073815893972,36.6918304447024,11.09579668310482,5.824922655245519,43,0.3570427837334331,16.89668428258311,8.690330896230678,5,train
s567,output_lif,101,reset67,s67,0.9761904761904762,26.423051616345536,42.42795672485862,3.9274118971453453,2.4297201432870197,42,0.412860181505399,6.4950030980136955,3.750338203845995,6,train
s567,output_lif,101,reset67,s67,1.0,20.876595436396574,33.52191490213345,4.065979321111116,2.4669579761790232,43,0.32619680369369647,6.665884805538014,3.807630237562444,7,train
s567,output_lif,101,reset67,s67,0.96875,21.979764726538495,31.048053075396826,5.491469416644719,3.10886918674831,128,0.343433823852164,9.986467557722815,5.306997226238318,all,val
s567,output_lif,101,reset67,s67,0.9767441860465116,21.169091061282572,29.902916205241787,9.41553409158189,4.976890670521199,43,0.3307670478325402,15.013617725395862,7.750204247409821,5,val
s567,output_lif,101,reset67,s67,0.9761904761904762,24.912700502903295,35.191043083900226,3.4278641554945217,2.1383224433658987,42,0.389260945357864,5.929664819688894,3.43912671845997,6,val
s567,output_lif,101,reset67,s67,0.9534883720930233,19.92571042418229,28.146548541897378,3.583018162033266,2.1888230814617007,43,0.3113392253778483,6.0924002412357785,3.4956357749345397,7,val
s567,output_lif,101,reset67,s67,0.9609375,23.203570245195493,29.977900256849313,6.275079179868705,3.550561175589691,128,0.3625557850811796,10.810833808270896,5.761082745228175,all,test
s567,output_lif,101,reset67,s67,0.9302325581395349,22.099958389199685,28.552086651799936,10.349813786852529,5.475042730535392,43,0.3453118498312451,15.980048028065237,8.263059208974775,5,test
s567,output_lif,101,reset67,s67,0.9761904761904762,26.44046830130329,34.15981735159817,4.094054257047004,2.528972617667014,42,0.4131323172078639,6.694899774996976,3.864776077660304,6,test
s567,output_lif,101,reset67,s67,0.9767441860465116,21.145560744062756,27.31905065307423,4.330648979186894,2.6239107566326845,43,0.33039938662598056,6.983060082168697,3.9913761784129025,7,test
s567,output_lif,101,reset567,s567,0.9921875,22.419565545078466,35.99948902753873,3.7513207726899696,2.2971137636185874,128,0.35030571164185104,6.223971922349408,3.5708362202990456,all,train
s567,output_lif,101,reset567,s567,1.0,20.05215390973206,32.19809470439899,3.264666485679487,1.9977471137153877,43,0.3133149048395634,5.447436343755067,3.11770633796873,5,train
s567,output_lif,101,reset567,s567,0.9761904761904762,26.423051616345536,42.42795672485862,3.9274118971453453,2.4297201432870197,42,0.412860181505399,6.4950030980136955,3.750338203845995,6,train
s567,output_lif,101,reset567,s567,1.0,20.876595436396574,33.52191490213345,4.065979321111116,2.4669579761790232,43,0.32619680369369647,6.665884805538014,3.807630237562444,7,train
s567,output_lif,101,reset567,s567,0.9609375,21.08260907734176,29.78075396825397,3.3222603096743044,2.0466826195022385,128,0.329415766833465,5.731313364270553,3.2992211874246817,all,val
s567,output_lif,101,reset567,s567,0.9534883720930233,18.498488198557407,26.13049095607235,2.9583545148862935,1.8150331095744703,43,0.2890388781024595,5.13024260988702,2.9375912337380496,5,val
s567,output_lif,101,reset567,s567,0.9761904761904762,24.912700502903295,35.191043083900226,3.4278641554945217,2.1383224433658987,42,0.389260945357864,5.929664819688894,3.43912671845997,6,val
s567,output_lif,101,reset567,s567,0.9534883720930233,19.92571042418229,28.146548541897378,3.583018162033266,2.1888230814617007,43,0.3113392253778483,6.0924002412357785,3.4956357749345397,7,val
s567,output_lif,101,reset567,s567,0.96875,22.54928760768721,29.13259845890411,3.941739981659522,2.410510468277574,128,0.35233261887011263,6.4604683202854725,3.70736507203098,all,test
s567,output_lif,101,reset567,s567,0.9534883720930233,20.152326351965726,26.035839439311882,3.404059954709726,2.081402843838134,43,0.3148800992494645,5.630263123378253,3.2239426003625744,5,test
s567,output_lif,101,reset567,s567,0.9761904761904762,26.44046830130329,34.15981735159817,4.094054257047004,2.528972617667014,42,0.4131323172078639,6.694899774996976,3.864776077660304,6,test
s567,output_lif,101,reset567,s567,0.9767441860465116,21.145560744062756,27.31905065307423,4.330648979186894,2.6239107566326845,43,0.33039938662598056,6.983060082168697,3.9913761784129025,7,test
s67,hidden_count_linear,11,normal,none,1.0,24.666647126802552,39.607667276247845,12.696550446346324,6.66878078837071,128,0.38541636135628987,21.451566267888328,11.019591473142157,all,train
s67,hidden_count_linear,11,normal,none,1.0,25.223491382919924,40.501801850258175,11.52647197983486,6.07279958013717,64,0.3941170528581238,19.161482015210723,9.862030683566694,6,train
s67,hidden_count_linear,11,normal,none,1.0,24.10980287068518,38.71353270223752,13.866627080995528,7.26476225829886,64,0.3767156698544559,23.51971481779963,12.0666126635741,7,train
s67,hidden_count_linear,11,normal,none,0.9921875,23.003555438504083,32.49423363095238,10.021492433719603,5.315636728008954,128,0.3594305537266263,17.845313889406093,9.217894026011491,all,val
s67,hidden_count_linear,11,normal,none,1.0,23.807567377754367,33.629960317460316,9.21376868251251,4.9049441445000435,64,0.371993240277412,16.141157300600273,8.355623227123823,6,val
s67,hidden_count_linear,11,normal,none,0.984375,22.199543499253796,31.358506944444443,10.829216184926697,5.726329654442104,64,0.34686786717584056,19.400345585363517,10.006132348492203,7,val
s67,hidden_count_linear,11,normal,none,0.9765625,23.638957919151757,30.540400256849313,10.901153382439736,5.78390104522604,128,0.3693587174867462,18.62483356219637,9.630775327077142,all,test
s67,hidden_count_linear,11,normal,none,0.984375,24.49262756792578,31.64330051369863,10.179679734095428,5.416247348267168,64,0.3826973057488403,17.170079957603487,8.894127410952304,6,test
s67,hidden_count_linear,11,normal,none,0.96875,22.785288270377734,29.4375,11.622629134049868,6.151556117397179,64,0.3560201292246521,19.973910447243583,10.314949059806512,7,test
s67,hidden_count_linear,11,resetall250,s67,1.0,20.349129917765087,32.67495428141136,2.653821604878825,1.6631607494462541,128,0.3179551549650795,4.7524692869809675,2.753792028745732,all,train
s67,hidden_count_linear,11,resetall250,s67,1.0,20.7469643425394,33.313763984509464,2.620146709923041,1.646136811847857,64,0.3241713178521781,4.698811719514139,2.7269586597983384,6,train
s67,hidden_count_linear,11,resetall250,s67,1.0,19.95129549299077,32.036144578313255,2.6874963689873046,1.6801847034005644,64,0.3117389920779808,4.80552811603275,2.7803665345251036,7,train
s67,hidden_count_linear,11,resetall250,s67,1.0,18.92753050654025,26.73654513888889,2.3640987813844263,1.4898033192322886,128,0.2957426641646914,4.447674788477017,2.582507882372146,all,val
s67,hidden_count_linear,11,resetall250,s67,1.0,19.435255903783688,27.45374503968254,2.323177117625757,1.469752196086823,64,0.3036758734966201,4.369390631270152,2.5434276752820684,6,val
s67,hidden_count_linear,11,resetall250,s67,1.0,18.419805109296814,26.019345238095237,2.405020445143095,1.509854099453516,64,0.2878094548327627,4.524604533854846,2.621005322350435,7,val
s67,hidden_count_linear,11,resetall250,s67,0.9765625,20.418778992710404,26.380083476027398,2.7337473369418905,1.7128199835815834,128,0.31904342176110007,4.849481520764129,2.811979463647653,all,test
s67,hidden_count_linear,11,resetall250,s67,0.984375,21.039927104042413,27.18257705479452,2.7048781529572565,1.7001701946523982,64,0.3287488610006627,4.807869999655355,2.793794114738401,6,test
s67,hidden_count_linear,11,resetall250,s67,0.96875,19.797630881378396,25.577589897260275,2.762616541150234,1.7254701163138357,64,0.30933798252153744,4.890738782824539,2.8300478164612284,7,test
s67,hidden_count_linear,11,reset234,none,1.0,24.666647126802552,39.607667276247845,12.696550446346324,6.66878078837071,128,0.38541636135628987,21.451566267888328,11.019591473142157,all,train
s67,hidden_count_linear,11,reset234,none,1.0,25.223491382919924,40.501801850258175,11.52647197983486,6.07279958013717,64,0.3941170528581238,19.161482015210723,9.862030683566694,6,train
s67,hidden_count_linear,11,reset234,none,1.0,24.10980287068518,38.71353270223752,13.866627080995528,7.26476225829886,64,0.3767156698544559,23.51971481779963,12.0666126635741,7,train
s67,hidden_count_linear,11,reset234,none,0.9921875,23.003555438504083,32.49423363095238,10.021492433719603,5.315636728008954,128,0.3594305537266263,17.845313889406093,9.217894026011491,all,val
s67,hidden_count_linear,11,reset234,none,1.0,23.807567377754367,33.629960317460316,9.21376868251251,4.9049441445000435,64,0.371993240277412,16.141157300600273,8.355623227123823,6,val
s67,hidden_count_linear,11,reset234,none,0.984375,22.199543499253796,31.358506944444443,10.829216184926697,5.726329654442104,64,0.34686786717584056,19.400345585363517,10.006132348492203,7,val
s67,hidden_count_linear,11,reset234,none,0.9765625,23.638957919151757,30.540400256849313,10.901153382439736,5.78390104522604,128,0.3693587174867462,18.62483356219637,9.630775327077142,all,test
s67,hidden_count_linear,11,reset234,none,0.984375,24.49262756792578,31.64330051369863,10.179679734095428,5.416247348267168,64,0.3826973057488403,17.170079957603487,8.894127410952304,6,test
s67,hidden_count_linear,11,reset234,none,0.96875,22.785288270377734,29.4375,11.622629134049868,6.151556117397179,64,0.3560201292246521,19.973910447243583,10.314949059806512,7,test
s67,hidden_count_linear,11,reset2345,none,1.0,24.666647126802552,39.607667276247845,12.696550446346324,6.66878078837071,128,0.38541636135628987,21.451566267888328,11.019591473142157,all,train
s67,hidden_count_linear,11,reset2345,none,1.0,25.223491382919924,40.501801850258175,11.52647197983486,6.07279958013717,64,0.3941170528581238,19.161482015210723,9.862030683566694,6,train
s67,hidden_count_linear,11,reset2345,none,1.0,24.10980287068518,38.71353270223752,13.866627080995528,7.26476225829886,64,0.3767156698544559,23.51971481779963,12.0666126635741,7,train
s67,hidden_count_linear,11,reset2345,none,0.9921875,23.003555438504083,32.49423363095238,10.021492433719603,5.315636728008954,128,0.3594305537266263,17.845313889406093,9.217894026011491,all,val
s67,hidden_count_linear,11,reset2345,none,1.0,23.807567377754367,33.629960317460316,9.21376868251251,4.9049441445000435,64,0.371993240277412,16.141157300600273,8.355623227123823,6,val
s67,hidden_count_linear,11,reset2345,none,0.984375,22.199543499253796,31.358506944444443,10.829216184926697,5.726329654442104,64,0.34686786717584056,19.400345585363517,10.006132348492203,7,val
s67,hidden_count_linear,11,reset2345,none,0.9765625,23.638957919151757,30.540400256849313,10.901153382439736,5.78390104522604,128,0.3693587174867462,18.62483356219637,9.630775327077142,all,test
s67,hidden_count_linear,11,reset2345,none,0.984375,24.49262756792578,31.64330051369863,10.179679734095428,5.416247348267168,64,0.3826973057488403,17.170079957603487,8.894127410952304,6,test
s67,hidden_count_linear,11,reset2345,none,0.96875,22.785288270377734,29.4375,11.622629134049868,6.151556117397179,64,0.3560201292246521,19.973910447243583,10.314949059806512,7,test
s67,hidden_count_linear,11,reset23456,s6,1.0,22.42838360661229,36.0136483433735,8.243386977238849,4.455449535073358,128,0.350443493853317,16.959596584963894,8.747555101794507,all,train
s67,hidden_count_linear,11,reset23456,s6,1.0,20.7469643425394,33.313763984509464,2.620146709923041,1.646136811847857,64,0.3241713178521781,4.698811719514139,2.7269586597983384,6,train
s67,hidden_count_linear,11,reset23456,s6,1.0,24.10980287068518,38.71353270223752,13.866627080995528,7.26476225829886,64,0.3767156698544559,23.51971481779963,12.0666126635741,7,train
s67,hidden_count_linear,11,reset23456,s6,0.9921875,20.81739970151874,29.40612599206349,6.576196394083048,3.598040668071284,128,0.32527187033623034,14.061739157033385,7.300401261064851,all,val
s67,hidden_count_linear,11,reset23456,s6,1.0,19.435255903783688,27.45374503968254,2.323177117625757,1.469752196086823,64,0.3036758734966201,4.369390631270152,2.5434276752820684,6,val
s67,hidden_count_linear,11,reset23456,s6,0.984375,22.199543499253796,31.358506944444443,10.829216184926697,5.726329654442104,64,0.34686786717584056,19.400345585363517,10.006132348492203,7,val
s67,hidden_count_linear,11,reset23456,s6,0.9765625,21.912607687210073,28.31003852739726,7.163752915450008,3.9258631560247887,128,0.3423844951126574,14.527091712296095,7.556568330719792,all,test
s67,hidden_count_linear,11,reset23456,s6,0.984375,21.039927104042413,27.18257705479452,2.7048781529572565,1.7001701946523982,64,0.3287488610006627,4.807869999655355,2.793794114738401,6,test
s67,hidden_count_linear,11,reset23456,s6,0.96875,22.785288270377734,29.4375,11.622629134049868,6.151556117397179,64,0.3560201292246521,19.973910447243583,10.314949059806512,7,test
s67,hidden_count_linear,11,reset67,s67,1.0,20.349129917765087,32.67495428141136,2.653821604878825,1.6631607494462541,128,0.3179551549650795,4.7524692869809675,2.753792028745732,all,train
s67,hidden_count_linear,11,reset67,s67,1.0,20.7469643425394,33.313763984509464,2.620146709923041,1.646136811847857,64,0.3241713178521781,4.698811719514139,2.7269586597983384,6,train
s67,hidden_count_linear,11,reset67,s67,1.0,19.95129549299077,32.036144578313255,2.6874963689873046,1.6801847034005644,64,0.3117389920779808,4.80552811603275,2.7803665345251036,7,train
s67,hidden_count_linear,11,reset67,s67,1.0,18.92753050654025,26.73654513888889,2.3640987813844263,1.4898033192322886,128,0.2957426641646914,4.447674788477017,2.582507882372146,all,val
s67,hidden_count_linear,11,reset67,s67,1.0,19.435255903783688,27.45374503968254,2.323177117625757,1.469752196086823,64,0.3036758734966201,4.369390631270152,2.5434276752820684,6,val
s67,hidden_count_linear,11,reset67,s67,1.0,18.419805109296814,26.019345238095237,2.405020445143095,1.509854099453516,64,0.2878094548327627,4.524604533854846,2.621005322350435,7,val
s67,hidden_count_linear,11,reset67,s67,0.9765625,20.418778992710404,26.380083476027398,2.7337473369418905,1.7128199835815834,128,0.31904342176110007,4.849481520764129,2.811979463647653,all,test
s67,hidden_count_linear,11,reset67,s67,0.984375,21.039927104042413,27.18257705479452,2.7048781529572565,1.7001701946523982,64,0.3287488610006627,4.807869999655355,2.793794114738401,6,test
s67,hidden_count_linear,11,reset67,s67,0.96875,19.797630881378396,25.577589897260275,2.762616541150234,1.7254701163138357,64,0.30933798252153744,4.890738782824539,2.8300478164612284,7,test
s67,hidden_count_linear,11,reset567,s67,1.0,20.349129917765087,32.67495428141136,2.653821604878825,1.6631607494462541,128,0.3179551549650795,4.7524692869809675,2.753792028745732,all,train
s67,hidden_count_linear,11,reset567,s67,1.0,20.7469643425394,33.313763984509464,2.620146709923041,1.646136811847857,64,0.3241713178521781,4.698811719514139,2.7269586597983384,6,train
s67,hidden_count_linear,11,reset567,s67,1.0,19.95129549299077,32.036144578313255,2.6874963689873046,1.6801847034005644,64,0.3117389920779808,4.80552811603275,2.7803665345251036,7,train
s67,hidden_count_linear,11,reset567,s67,1.0,18.92753050654025,26.73654513888889,2.3640987813844263,1.4898033192322886,128,0.2957426641646914,4.447674788477017,2.582507882372146,all,val
s67,hidden_count_linear,11,reset567,s67,1.0,19.435255903783688,27.45374503968254,2.323177117625757,1.469752196086823,64,0.3036758734966201,4.369390631270152,2.5434276752820684,6,val
s67,hidden_count_linear,11,reset567,s67,1.0,18.419805109296814,26.019345238095237,2.405020445143095,1.509854099453516,64,0.2878094548327627,4.524604533854846,2.621005322350435,7,val
s67,hidden_count_linear,11,reset567,s67,0.9765625,20.418778992710404,26.380083476027398,2.7337473369418905,1.7128199835815834,128,0.31904342176110007,4.849481520764129,2.811979463647653,all,test
s67,hidden_count_linear,11,reset567,s67,0.984375,21.039927104042413,27.18257705479452,2.7048781529572565,1.7001701946523982,64,0.3287488610006627,4.807869999655355,2.793794114738401,6,test
s67,hidden_count_linear,11,reset567,s67,0.96875,19.797630881378396,25.577589897260275,2.762616541150234,1.7254701163138357,64,0.30933798252153744,4.890738782824539,2.8300478164612284,7,test
s67,hidden_count_linear,23,normal,none,1.0,21.358701659771885,34.2960413080895,15.346054744418577,7.994929666956973,128,0.3337297134339357,25.15808294141438,12.871028021726723,all,train
s67,hidden_count_linear,23,normal,none,1.0,18.986567739126066,30.487064328743546,13.381944982372252,6.969935084035373,64,0.2966651209238448,21.354546110606,10.912150132620853,6,train
s67,hidden_count_linear,23,normal,none,1.0,23.730835580417708,38.105018287435456,17.310166076632555,9.019924904115095,64,0.3707943059440267,28.45771808712792,14.56886098622546,7,train
s67,hidden_count_linear,23,normal,none,0.984375,19.68707751733825,27.809461805555557,12.043097346589413,6.324348032437889,128,0.30761058620841014,20.831592061372316,10.7053112666623,all,val
s67,hidden_count_linear,23,normal,none,0.984375,17.60986743920639,24.875248015873016,10.809810788122201,5.672169914845053,64,0.27515417873759984,18.247075833957933,9.362259141567746,6,val
s67,hidden_count_linear,23,normal,none,0.984375,21.76428759547011,30.743675595238095,13.276384590905101,6.976526150030726,64,0.34006699367922044,23.129085872364147,11.897709123960995,7,val
s67,hidden_count_linear,23,normal,none,0.9609375,20.69350563286945,26.735017123287673,13.277715947155608,6.981879636892189,128,0.32333602551358515,22.00002929862047,11.3259128472927,all,test
s67,hidden_count_linear,23,normal,none,0.953125,18.15540092776673,23.455907534246574,11.865035373695328,6.232065047863858,64,0.2836781394963552,19.22616974191248,9.880745360173885,6,test
s67,hidden_count_linear,23,normal,none,0.96875,23.231610337972167,30.014126712328768,14.690394983613942,7.73169293160309,64,0.3629939115308151,24.461335383418046,12.606485784569939,7,test
s67,hidden_count_linear,23,resetall250,s67,1.0,17.82269248161857,28.61820944492255,3.188627184103204,1.945097223472541,128,0.27847957002529017,5.484071397891765,3.1284881381773957,all,train
s67,hidden_count_linear,23,resetall250,s67,1.0,15.762456663372804,25.310052710843372,3.080429613571273,1.8654353237476342,64,0.24628838536520006,5.263374152239343,2.9816476831164636,6,train
s67,hidden_count_linear,23,resetall250,s67,1.0,19.882928299864336,31.92636617900172,3.296824852770613,2.0247591395533604,64,0.31067075468538025,5.696224412692158,3.268738811360456,7,train
s67,hidden_count_linear,23,resetall250,s67,0.9765625,16.3476428759547,23.092261904761905,2.831488400930559,1.7333918362084102,128,0.2554319199367922,5.110713502325593,2.9188779445054824,all,val
s67,hidden_count_linear,23,resetall250,s67,0.96875,14.562110438065138,20.570064484126984,2.7656320299468877,1.6799927025722061,64,0.2275329755947678,4.940124660911892,2.802225144852575,6,val
s67,hidden_count_linear,23,resetall250,s67,0.984375,18.133175313844262,25.614459325396826,2.89734494337635,1.7867913127688526,64,0.2833308642788166,5.275789877084211,3.031044563743177,7,val
s67,hidden_count_linear,23,resetall250,s67,0.96875,17.977717031146454,23.22634845890411,3.3143817959754496,2.0217273224261203,128,0.28090182861166335,5.645573776125853,3.2242711456889572,all,test
s67,hidden_count_linear,23,resetall250,s67,0.953125,15.703694499668655,20.288420376712327,3.2096215836491466,1.9421510285617027,64,0.24537022655732274,5.424638525062166,3.0760076094056195,6,test
s67,hidden_count_linear,23,resetall250,s67,0.984375,20.251739562624255,26.16427654109589,3.419142008301752,2.1013036365142477,64,0.316433430666004,5.858182822719522,3.3660103662999874,7,test
s67,hidden_count_linear,23,reset234,none,1.0,21.358701659771885,34.2960413080895,15.346054744418577,7.994929666956973,128,0.3337297134339357,25.15808294141438,12.871028021726723,all,train
s67,hidden_count_linear,23,reset234,none,1.0,18.986567739126066,30.487064328743546,13.381944982372252,6.969935084035373,64,0.2966651209238448,21.354546110606,10.912150132620853,6,train
s67,hidden_count_linear,23,reset234,none,1.0,23.730835580417708,38.105018287435456,17.310166076632555,9.019924904115095,64,0.3707943059440267,28.45771808712792,14.56886098622546,7,train
s67,hidden_count_linear,23,reset234,none,0.984375,19.68707751733825,27.809461805555557,12.043097346589413,6.324348032437889,128,0.30761058620841014,20.831592061372316,10.7053112666623,all,val
s67,hidden_count_linear,23,reset234,none,0.984375,17.60986743920639,24.875248015873016,10.809810788122201,5.672169914845053,64,0.27515417873759984,18.247075833957933,9.362259141567746,6,val
s67,hidden_count_linear,23,reset234,none,0.984375,21.76428759547011,30.743675595238095,13.276384590905101,6.976526150030726,64,0.34006699367922044,23.129085872364147,11.897709123960995,7,val
s67,hidden_count_linear,23,reset234,none,0.9609375,20.69350563286945,26.735017123287673,13.277715947155608,6.981879636892189,128,0.32333602551358515,22.00002929862047,11.3259128472927,all,test
s67,hidden_count_linear,23,reset234,none,0.953125,18.15540092776673,23.455907534246574,11.865035373695328,6.232065047863858,64,0.2836781394963552,19.22616974191248,9.880745360173885,6,test
s67,hidden_count_linear,23,reset234,none,0.96875,23.231610337972167,30.014126712328768,14.690394983613942,7.73169293160309,64,0.3629939115308151,24.461335383418046,12.606485784569939,7,test
s67,hidden_count_linear,23,reset2345,none,1.0,21.358701659771885,34.2960413080895,15.346054744418577,7.994929666956973,128,0.3337297134339357,25.15808294141438,12.871028021726723,all,train
s67,hidden_count_linear,23,reset2345,none,1.0,18.986567739126066,30.487064328743546,13.381944982372252,6.969935084035373,64,0.2966651209238448,21.354546110606,10.912150132620853,6,train
s67,hidden_count_linear,23,reset2345,none,1.0,23.730835580417708,38.105018287435456,17.310166076632555,9.019924904115095,64,0.3707943059440267,28.45771808712792,14.56886098622546,7,train
s67,hidden_count_linear,23,reset2345,none,0.984375,19.68707751733825,27.809461805555557,12.043097346589413,6.324348032437889,128,0.30761058620841014,20.831592061372316,10.7053112666623,all,val
s67,hidden_count_linear,23,reset2345,none,0.984375,17.60986743920639,24.875248015873016,10.809810788122201,5.672169914845053,64,0.27515417873759984,18.247075833957933,9.362259141567746,6,val
s67,hidden_count_linear,23,reset2345,none,0.984375,21.76428759547011,30.743675595238095,13.276384590905101,6.976526150030726,64,0.34006699367922044,23.129085872364147,11.897709123960995,7,val
s67,hidden_count_linear,23,reset2345,none,0.9609375,20.69350563286945,26.735017123287673,13.277715947155608,6.981879636892189,128,0.32333602551358515,22.00002929862047,11.3259128472927,all,test
s67,hidden_count_linear,23,reset2345,none,0.953125,18.15540092776673,23.455907534246574,11.865035373695328,6.232065047863858,64,0.2836781394963552,19.22616974191248,9.880745360173885,6,test
s67,hidden_count_linear,23,reset2345,none,0.96875,23.231610337972167,30.014126712328768,14.690394983613942,7.73169293160309,64,0.3629939115308151,24.461335383418046,12.606485784569939,7,test
s67,hidden_count_linear,23,reset23456,s6,1.0,19.746646121895257,31.707535499139414,10.195297452560002,5.44267998308406,128,0.3085413456546134,20.46392906272583,10.515273302423022,all,train
s67,hidden_count_linear,23,reset23456,s6,1.0,15.762456663372804,25.310052710843372,3.080429613571273,1.8654353237476342,64,0.24628838536520006,5.263374152239343,2.9816476831164636,6,train
s67,hidden_count_linear,23,reset23456,s6,1.0,23.730835580417708,38.105018287435456,17.310166076632555,9.019924904115095,64,0.3707943059440267,28.45771808712792,14.56886098622546,7,train
s67,hidden_count_linear,23,reset23456,s6,0.9765625,18.163199016767624,25.65687003968254,8.021008910543411,4.328259426301466,128,0.28379998463699413,16.72362709685058,8.643146234086768,all,val
s67,hidden_count_linear,23,reset23456,s6,0.96875,14.562110438065138,20.570064484126984,2.7656320299468877,1.6799927025722061,64,0.2275329755947678,4.940124660911892,2.802225144852575,6,val
s67,hidden_count_linear,23,reset23456,s6,0.984375,21.76428759547011,30.743675595238095,13.276384590905101,6.976526150030726,64,0.34006699367922044,23.129085872364147,11.897709123960995,7,val
s67,hidden_count_linear,23,reset23456,s6,0.9609375,19.46765241882041,25.15127354452055,8.950009497054134,4.836922232878769,128,0.3041820690440689,17.716993165761867,9.17565607063281,all,test
s67,hidden_count_linear,23,reset23456,s6,0.953125,15.703694499668655,20.288420376712327,3.2096215836491466,1.9421510285617027,64,0.24537022655732274,5.424638525062166,3.0760076094056195,6,test
s67,hidden_count_linear,23,reset23456,s6,0.96875,23.231610337972167,30.014126712328768,14.690394983613942,7.73169293160309,64,0.3629939115308151,24.461335383418046,12.606485784569939,7,test
s67,hidden_count_linear,23,reset67,s67,1.0,17.82269248161857,28.61820944492255,3.188627184103204,1.945097223472541,128,0.27847957002529017,5.484071397891765,3.1284881381773957,all,train
s67,hidden_count_linear,23,reset67,s67,1.0,15.762456663372804,25.310052710843372,3.080429613571273,1.8654353237476342,64,0.24628838536520006,5.263374152239343,2.9816476831164636,6,train
s67,hidden_count_linear,23,reset67,s67,1.0,19.882928299864336,31.92636617900172,3.296824852770613,2.0247591395533604,64,0.31067075468538025,5.696224412692158,3.268738811360456,7,train
s67,hidden_count_linear,23,reset67,s67,0.9765625,16.3476428759547,23.092261904761905,2.831488400930559,1.7333918362084102,128,0.2554319199367922,5.110713502325593,2.9188779445054824,all,val
s67,hidden_count_linear,23,reset67,s67,0.96875,14.562110438065138,20.570064484126984,2.7656320299468877,1.6799927025722061,64,0.2275329755947678,4.940124660911892,2.802225144852575,6,val
s67,hidden_count_linear,23,reset67,s67,0.984375,18.133175313844262,25.614459325396826,2.89734494337635,1.7867913127688526,64,0.2833308642788166,5.275789877084211,3.031044563743177,7,val
s67,hidden_count_linear,23,reset67,s67,0.96875,17.977717031146454,23.22634845890411,3.3143817959754496,2.0217273224261203,128,0.28090182861166335,5.645573776125853,3.2242711456889572,all,test
s67,hidden_count_linear,23,reset67,s67,0.953125,15.703694499668655,20.288420376712327,3.2096215836491466,1.9421510285617027,64,0.24537022655732274,5.424638525062166,3.0760076094056195,6,test
s67,hidden_count_linear,23,reset67,s67,0.984375,20.251739562624255,26.16427654109589,3.419142008301752,2.1013036365142477,64,0.316433430666004,5.858182822719522,3.3660103662999874,7,test
s67,hidden_count_linear,23,reset567,s67,1.0,17.82269248161857,28.61820944492255,3.188627184103204,1.945097223472541,128,0.27847957002529017,5.484071397891765,3.1284881381773957,all,train
s67,hidden_count_linear,23,reset567,s67,1.0,15.762456663372804,25.310052710843372,3.080429613571273,1.8654353237476342,64,0.24628838536520006,5.263374152239343,2.9816476831164636,6,train
s67,hidden_count_linear,23,reset567,s67,1.0,19.882928299864336,31.92636617900172,3.296824852770613,2.0247591395533604,64,0.31067075468538025,5.696224412692158,3.268738811360456,7,train
s67,hidden_count_linear,23,reset567,s67,0.9765625,16.3476428759547,23.092261904761905,2.831488400930559,1.7333918362084102,128,0.2554319199367922,5.110713502325593,2.9188779445054824,all,val
s67,hidden_count_linear,23,reset567,s67,0.96875,14.562110438065138,20.570064484126984,2.7656320299468877,1.6799927025722061,64,0.2275329755947678,4.940124660911892,2.802225144852575,6,val
s67,hidden_count_linear,23,reset567,s67,0.984375,18.133175313844262,25.614459325396826,2.89734494337635,1.7867913127688526,64,0.2833308642788166,5.275789877084211,3.031044563743177,7,val
s67,hidden_count_linear,23,reset567,s67,0.96875,17.977717031146454,23.22634845890411,3.3143817959754496,2.0217273224261203,128,0.28090182861166335,5.645573776125853,3.2242711456889572,all,test
s67,hidden_count_linear,23,reset567,s67,0.953125,15.703694499668655,20.288420376712327,3.2096215836491466,1.9421510285617027,64,0.24537022655732274,5.424638525062166,3.0760076094056195,6,test
s67,hidden_count_linear,23,reset567,s67,0.984375,20.251739562624255,26.16427654109589,3.419142008301752,2.1013036365142477,64,0.316433430666004,5.858182822719522,3.3660103662999874,7,test
s67,hidden_count_linear,101,normal,none,1.0,25.463178521781366,40.886671686746986,13.826720746729864,7.24961105638786,128,0.39786216440283384,22.5754466296256,11.597698360686907,all,train
s67,hidden_count_linear,101,normal,none,1.0,22.71137387575996,36.46805077452668,12.251874387634615,6.419054848049642,64,0.3548652168087494,19.700220564014572,10.105816852218844,6,train
s67,hidden_count_linear,101,normal,none,1.0,28.21498316780277,45.3052925989673,15.401567760061635,8.080167657267992,64,0.4408591119969183,25.123752360156367,12.918423536649101,7,train
s67,hidden_count_linear,101,normal,none,0.9765625,23.816170661048197,33.642113095238095,10.689459469098411,5.661779996268984,128,0.3721276665788781,18.367088102899864,9.49064850991721,all,val
s67,hidden_count_linear,101,normal,none,0.96875,21.058730576771136,29.74702380952381,9.463224804670354,5.007167459507506,64,0.329042665262049,16.159616247330735,8.33368634578428,6,val
s67,hidden_count_linear,101,normal,none,0.984375,26.573610745325258,37.53720238095238,11.915695505223422,6.316391504257747,64,0.41521266789570715,20.336337712361697,10.521144125394006,7,val
s67,hidden_count_linear,101,normal,none,0.96875,24.46491882041087,31.607502140410958,11.87929317001636,6.290772293323393,128,0.3822643565689198,19.766633133994848,10.219890012365719,all,test
s67,hidden_count_linear,101,normal,none,0.96875,21.824635520212063,28.19638270547945,10.5987824679527,5.6063155571777665,64,0.3410099300033135,17.446130655204588,9.001270103169905,6,test
s67,hidden_count_linear,101,normal,none,0.96875,27.105202120609675,35.018621575342465,13.159799827338055,6.975228705889662,64,0.4235187831345262,21.84198161306085,11.307936818103249,7,test
s67,hidden_count_linear,101,resetall250,s67,1.0,21.472356675096723,34.4785391566265,2.829671778696384,1.7715253956299093,128,0.3355055730483863,4.9286697559534804,2.858613842863252,all,train
s67,hidden_count_linear,101,resetall250,s67,1.0,19.030448691108244,30.55752474182444,2.758184237191619,1.7096514509134189,64,0.2973507607985663,4.816931630391969,2.769309445017576,6,train
s67,hidden_count_linear,101,resetall250,s67,1.0,23.914264659085198,38.39955357142857,2.9011595164721053,1.8333993239904869,64,0.3736603852982062,5.037930235357081,2.9452115502688434,7,train
s67,hidden_count_linear,101,resetall250,s67,0.9921875,19.999868317092442,28.251302083333332,2.464078000175577,1.5551528481915546,128,0.3124979424545694,4.49195252634115,2.6156563539856594,all,val
s67,hidden_count_linear,101,resetall250,s67,0.984375,17.543499253796856,24.781498015873016,2.3731996477482222,1.482329285455623,64,0.2741171758405759,4.351679982288089,2.5102171935146274,6,val
s67,hidden_count_linear,101,resetall250,s67,1.0,22.456237380388025,31.721106150793652,2.554956524065051,1.6279762394653674,64,0.3508787090685629,4.627975402868778,2.71700692886918,7,val
s67,hidden_count_linear,101,resetall250,s67,0.984375,21.572647448641483,27.870826198630137,2.9383540877133036,1.8370653156257766,128,0.33707261638502317,5.082811325286437,2.947659909557619,all,test
s67,hidden_count_linear,101,resetall250,s67,0.984375,19.035702451954936,24.593214897260275,2.811516318754142,1.7430301006461233,64,0.2974328508117959,4.8936365655654415,2.8132495975246457,6,test
s67,hidden_count_linear,101,resetall250,s67,0.984375,24.109592445328033,31.1484375,3.0651918566724654,1.9311008946322068,64,0.3767123819582505,5.26519350220977,3.0762028443675757,7,test
s67,hidden_count_linear,101,reset234,none,1.0,25.463178521781366,40.886671686746986,13.826720746729864,7.24961105638786,128,0.39786216440283384,22.5754466296256,11.597698360686907,all,train
s67,hidden_count_linear,101,reset234,none,1.0,22.71137387575996,36.46805077452668,12.251874387634615,6.419054848049642,64,0.3548652168087494,19.700220564014572,10.105816852218844,6,train
s67,hidden_count_linear,101,reset234,none,1.0,28.21498316780277,45.3052925989673,15.401567760061635,8.080167657267992,64,0.4408591119969183,25.123752360156367,12.918423536649101,7,train
s67,hidden_count_linear,101,reset234,none,0.9765625,23.816170661048197,33.642113095238095,10.689459469098411,5.661779996268984,128,0.3721276665788781,18.367088102899864,9.49064850991721,all,val
s67,hidden_count_linear,101,reset234,none,0.96875,21.058730576771136,29.74702380952381,9.463224804670354,5.007167459507506,64,0.329042665262049,16.159616247330735,8.33368634578428,6,val
s67,hidden_count_linear,101,reset234,none,0.984375,26.573610745325258,37.53720238095238,11.915695505223422,6.316391504257747,64,0.41521266789570715,20.336337712361697,10.521144125394006,7,val
s67,hidden_count_linear,101,reset234,none,0.96875,24.46491882041087,31.607502140410958,11.87929317001636,6.290772293323393,128,0.3822643565689198,19.766633133994848,10.219890012365719,all,test
s67,hidden_count_linear,101,reset234,none,0.96875,21.824635520212063,28.19638270547945,10.5987824679527,5.6063155571777665,64,0.3410099300033135,17.446130655204588,9.001270103169905,6,test
s67,hidden_count_linear,101,reset234,none,0.96875,27.105202120609675,35.018621575342465,13.159799827338055,6.975228705889662,64,0.4235187831345262,21.84198161306085,11.307936818103249,7,test
s67,hidden_count_linear,101,reset2345,none,1.0,25.463178521781366,40.886671686746986,13.826720746729864,7.24961105638786,128,0.39786216440283384,22.5754466296256,11.597698360686907,all,train
s67,hidden_count_linear,101,reset2345,none,1.0,22.71137387575996,36.46805077452668,12.251874387634615,6.419054848049642,64,0.3548652168087494,19.700220564014572,10.105816852218844,6,train
s67,hidden_count_linear,101,reset2345,none,1.0,28.21498316780277,45.3052925989673,15.401567760061635,8.080167657267992,64,0.4408591119969183,25.123752360156367,12.918423536649101,7,train
s67,hidden_count_linear,101,reset2345,none,0.9765625,23.816170661048197,33.642113095238095,10.689459469098411,5.661779996268984,128,0.3721276665788781,18.367088102899864,9.49064850991721,all,val
s67,hidden_count_linear,101,reset2345,none,0.96875,21.058730576771136,29.74702380952381,9.463224804670354,5.007167459507506,64,0.329042665262049,16.159616247330735,8.33368634578428,6,val
s67,hidden_count_linear,101,reset2345,none,0.984375,26.573610745325258,37.53720238095238,11.915695505223422,6.316391504257747,64,0.41521266789570715,20.336337712361697,10.521144125394006,7,val
s67,hidden_count_linear,101,reset2345,none,0.96875,24.46491882041087,31.607502140410958,11.87929317001636,6.290772293323393,128,0.3822643565689198,19.766633133994848,10.219890012365719,all,test
s67,hidden_count_linear,101,reset2345,none,0.96875,21.824635520212063,28.19638270547945,10.5987824679527,5.6063155571777665,64,0.3410099300033135,17.446130655204588,9.001270103169905,6,test
s67,hidden_count_linear,101,reset2345,none,0.96875,27.105202120609675,35.018621575342465,13.159799827338055,6.975228705889662,64,0.4235187831345262,21.84198161306085,11.307936818103249,7,test
s67,hidden_count_linear,101,reset23456,s6,1.0,23.62271592945551,37.93140867039587,9.079875736932019,4.894909464133184,128,0.36910493639774233,18.088749814394486,9.342236324175156,all,train
s67,hidden_count_linear,101,reset23456,s6,1.0,19.030448691108244,30.55752474182444,2.758184237191619,1.7096514509134189,64,0.2973507607985663,4.816931630391969,2.769309445017576,6,train
s67,hidden_count_linear,101,reset23456,s6,1.0,28.21498316780277,45.3052925989673,15.401567760061635,8.080167657267992,64,0.4408591119969183,25.123752360156367,12.918423536649101,7,train
s67,hidden_count_linear,101,reset23456,s6,0.984375,22.058554999561057,31.1593501984127,7.144447233561584,3.8993603091256257,128,0.3446649218681415,14.705504598885993,7.648387230784362,all,val
s67,hidden_count_linear,101,reset23456,s6,0.984375,17.543499253796856,24.781498015873016,2.3731996477482222,1.482329285455623,64,0.2741171758405759,4.351679982288089,2.5102171935146274,6,val
s67,hidden_count_linear,101,reset23456,s6,0.984375,26.573610745325258,37.53720238095238,11.915695505223422,6.316391504257747,64,0.41521266789570715,20.336337712361697,10.521144125394006,7,val
s67,hidden_count_linear,101,reset23456,s6,0.9765625,23.070452286282308,29.80591823630137,7.985658801099652,4.359129403267892,128,0.36047581697316106,15.827504793868084,8.239654702112707,all,test
s67,hidden_count_linear,101,reset23456,s6,0.984375,19.035702451954936,24.593214897260275,2.811516318754142,1.7430301006461233,64,0.2974328508117959,4.8936365655654415,2.8132495975246457,6,test
s67,hidden_count_linear,101,reset23456,s6,0.96875,27.105202120609675,35.018621575342465,13.159799827338055,6.975228705889662,64,0.4235187831345262,21.84198161306085,11.307936818103249,7,test
s67,hidden_count_linear,101,reset67,s67,1.0,21.472356675096723,34.4785391566265,2.829671778696384,1.7715253956299093,128,0.3355055730483863,4.9286697559534804,2.858613842863252,all,train
s67,hidden_count_linear,101,reset67,s67,1.0,19.030448691108244,30.55752474182444,2.758184237191619,1.7096514509134189,64,0.2973507607985663,4.816931630391969,2.769309445017576,6,train
s67,hidden_count_linear,101,reset67,s67,1.0,23.914264659085198,38.39955357142857,2.9011595164721053,1.8333993239904869,64,0.3736603852982062,5.037930235357081,2.9452115502688434,7,train
s67,hidden_count_linear,101,reset67,s67,0.9921875,19.999868317092442,28.251302083333332,2.464078000175577,1.5551528481915546,128,0.3124979424545694,4.49195252634115,2.6156563539856594,all,val
s67,hidden_count_linear,101,reset67,s67,0.984375,17.543499253796856,24.781498015873016,2.3731996477482222,1.482329285455623,64,0.2741171758405759,4.351679982288089,2.5102171935146274,6,val
s67,hidden_count_linear,101,reset67,s67,1.0,22.456237380388025,31.721106150793652,2.554956524065051,1.6279762394653674,64,0.3508787090685629,4.627975402868778,2.71700692886918,7,val
s67,hidden_count_linear,101,reset67,s67,0.984375,21.572647448641483,27.870826198630137,2.9383540877133036,1.8370653156257766,128,0.33707261638502317,5.082811325286437,2.947659909557619,all,test
s67,hidden_count_linear,101,reset67,s67,0.984375,19.035702451954936,24.593214897260275,2.811516318754142,1.7430301006461233,64,0.2974328508117959,4.8936365655654415,2.8132495975246457,6,test
s67,hidden_count_linear,101,reset67,s67,0.984375,24.109592445328033,31.1484375,3.0651918566724654,1.9311008946322068,64,0.3767123819582505,5.26519350220977,3.0762028443675757,7,test
s67,hidden_count_linear,101,reset567,s67,1.0,21.472356675096723,34.4785391566265,2.829671778696384,1.7715253956299093,128,0.3355055730483863,4.9286697559534804,2.858613842863252,all,train
s67,hidden_count_linear,101,reset567,s67,1.0,19.030448691108244,30.55752474182444,2.758184237191619,1.7096514509134189,64,0.2973507607985663,4.816931630391969,2.769309445017576,6,train
s67,hidden_count_linear,101,reset567,s67,1.0,23.914264659085198,38.39955357142857,2.9011595164721053,1.8333993239904869,64,0.3736603852982062,5.037930235357081,2.9452115502688434,7,train
s67,hidden_count_linear,101,reset567,s67,0.9921875,19.999868317092442,28.251302083333332,2.464078000175577,1.5551528481915546,128,0.3124979424545694,4.49195252634115,2.6156563539856594,all,val
s67,hidden_count_linear,101,reset567,s67,0.984375,17.543499253796856,24.781498015873016,2.3731996477482222,1.482329285455623,64,0.2741171758405759,4.351679982288089,2.5102171935146274,6,val
s67,hidden_count_linear,101,reset567,s67,1.0,22.456237380388025,31.721106150793652,2.554956524065051,1.6279762394653674,64,0.3508787090685629,4.627975402868778,2.71700692886918,7,val
s67,hidden_count_linear,101,reset567,s67,0.984375,21.572647448641483,27.870826198630137,2.9383540877133036,1.8370653156257766,128,0.33707261638502317,5.082811325286437,2.947659909557619,all,test
s67,hidden_count_linear,101,reset567,s67,0.984375,19.035702451954936,24.593214897260275,2.811516318754142,1.7430301006461233,64,0.2974328508117959,4.8936365655654415,2.8132495975246457,6,test
s67,hidden_count_linear,101,reset567,s67,0.984375,24.109592445328033,31.1484375,3.0651918566724654,1.9311008946322068,64,0.3767123819582505,5.26519350220977,3.0762028443675757,7,test
s67,output_lif,11,normal,none,1.0,23.663155073944427,37.996342512908775,15.927040459033279,8.312268007729411,128,0.3697367980303817,26.357251366871704,13.502439936347777,all,train
s67,output_lif,11,normal,none,1.0,22.632086690002847,36.34073795180723,13.670195313154236,7.147974365966302,64,0.3536263545312945,22.150914111242052,11.35843149901762,6,train
s67,output_lif,11,normal,none,1.0,24.69422345788601,39.65194707401033,18.183885866606932,9.476562107458086,64,0.3858472415294689,29.97910013893739,15.349847595122725,7,train
s67,output_lif,11,normal,none,0.9765625,21.79422350978843,30.7859623015873,12.41662002897024,6.536356827758757,128,0.34053474234044423,21.526074248012467,11.087235691414387,all,val
s67,output_lif,11,normal,none,0.984375,21.137652532701257,29.858506944444443,10.974461746115354,5.787864322710912,64,0.33027582082345713,18.662746533014946,9.621589392729197,6,val
s67,output_lif,11,normal,none,0.96875,22.450794486875605,31.713417658730158,13.858779683522078,7.2848507045035555,64,0.3507936638574313,24.050896344194292,12.380573376790409,7,val
s67,output_lif,11,normal,none,0.96875,22.859965208747514,29.533979023972602,13.625334338370816,7.180445120617441,128,0.3571869563866799,22.767135145630355,11.73650256846367,all,test
s67,output_lif,11,normal,none,0.96875,22.15117627567926,28.61825770547945,12.053277664740722,6.363314780910889,64,0.3461121293074884,19.77024428328782,10.200295669841887,6,test
s67,output_lif,11,normal,none,0.96875,23.568754141815774,30.449700342465754,15.197388504260893,7.99757469182302,64,0.36826178346587146,25.41303457790744,13.093697436397196,7,test
s67,output_lif,11,resetall250,s67,1.0,20.111569832682935,32.29349989242685,3.3355923575229873,2.0467016109658416,128,0.31424327863567086,5.779141082474664,3.3133968985687012,all,train
s67,output_lif,11,resetall250,s67,1.0,18.87024971946338,30.300290447504302,3.1569716555952403,1.9340949933110858,64,0.2948476518666153,5.470786575355895,3.1333665239218815,6,train
s67,output_lif,11,resetall250,s67,1.0,21.35288994590249,34.2867093373494,3.5142131575862128,2.1593080814173797,64,0.3336389054047264,6.071856100272812,3.4841373057105973,7,train
s67,output_lif,11,resetall250,s67,0.984375,18.553287683258713,26.207899305555557,2.950705326573611,1.818831238752085,128,0.2898951200509174,5.349790082661195,3.074722623674567,all,val
s67,output_lif,11,resetall250,s67,1.0,17.53120884909139,24.764136904761905,2.8216480184465804,1.736248223652445,64,0.27392513826705295,5.103252004369723,2.931186853879392,6,val
s67,output_lif,11,resetall250,s67,0.96875,19.575366517426037,27.651661706349206,3.07976280616276,1.9014137394653674,64,0.3058651018347818,5.585456971490379,3.2118505740869217,7,val
s67,output_lif,11,resetall250,s67,0.9765625,20.19023359840954,26.084813784246574,3.4248613138875084,2.1025550392307615,128,0.3154723999751491,5.864281784104277,3.366605931875371,all,test
s67,output_lif,11,resetall250,s67,0.984375,19.25844930417495,24.880993150684933,3.2656681169493456,2.0032616394730574,64,0.3009132703777336,5.577118445052142,3.200055352826235,6,test
s67,output_lif,11,resetall250,s67,0.96875,21.122017892644134,27.28863441780822,3.5840541872463136,2.201848459212175,64,0.3300315295725646,6.13802507816586,3.5252965849516094,7,test
s67,output_lif,11,reset234,none,1.0,23.663155073944427,37.996342512908775,15.927040459033279,8.312268007729411,128,0.3697367980303817,26.357251366871704,13.502439936347777,all,train
s67,output_lif,11,reset234,none,1.0,22.632086690002847,36.34073795180723,13.670195313154236,7.147974365966302,64,0.3536263545312945,22.150914111242052,11.35843149901762,6,train
s67,output_lif,11,reset234,none,1.0,24.69422345788601,39.65194707401033,18.183885866606932,9.476562107458086,64,0.3858472415294689,29.97910013893739,15.349847595122725,7,train
s67,output_lif,11,reset234,none,0.9765625,21.79422350978843,30.7859623015873,12.41662002897024,6.536356827758757,128,0.34053474234044423,21.526074248012467,11.087235691414387,all,val
s67,output_lif,11,reset234,none,0.984375,21.137652532701257,29.858506944444443,10.974461746115354,5.787864322710912,64,0.33027582082345713,18.662746533014946,9.621589392729197,6,val
s67,output_lif,11,reset234,none,0.96875,22.450794486875605,31.713417658730158,13.858779683522078,7.2848507045035555,64,0.3507936638574313,24.050896344194292,12.380573376790409,7,val
s67,output_lif,11,reset234,none,0.96875,22.859965208747514,29.533979023972602,13.625334338370816,7.180445120617441,128,0.3571869563866799,22.767135145630355,11.73650256846367,all,test
s67,output_lif,11,reset234,none,0.96875,22.15117627567926,28.61825770547945,12.053277664740722,6.363314780910889,64,0.3461121293074884,19.77024428328782,10.200295669841887,6,test
s67,output_lif,11,reset234,none,0.96875,23.568754141815774,30.449700342465754,15.197388504260893,7.99757469182302,64,0.36826178346587146,25.41303457790744,13.093697436397196,7,test
s67,output_lif,11,reset2345,none,1.0,23.663155073944427,37.996342512908775,15.927040459033279,8.312268007729411,128,0.3697367980303817,26.357251366871704,13.502439936347777,all,train
s67,output_lif,11,reset2345,none,1.0,22.632086690002847,36.34073795180723,13.670195313154236,7.147974365966302,64,0.3536263545312945,22.150914111242052,11.35843149901762,6,train
s67,output_lif,11,reset2345,none,1.0,24.69422345788601,39.65194707401033,18.183885866606932,9.476562107458086,64,0.3858472415294689,29.97910013893739,15.349847595122725,7,train
s67,output_lif,11,reset2345,none,0.9765625,21.79422350978843,30.7859623015873,12.41662002897024,6.536356827758757,128,0.34053474234044423,21.526074248012467,11.087235691414387,all,val
s67,output_lif,11,reset2345,none,0.984375,21.137652532701257,29.858506944444443,10.974461746115354,5.787864322710912,64,0.33027582082345713,18.662746533014946,9.621589392729197,6,val
s67,output_lif,11,reset2345,none,0.96875,22.450794486875605,31.713417658730158,13.858779683522078,7.2848507045035555,64,0.3507936638574313,24.050896344194292,12.380573376790409,7,val
s67,output_lif,11,reset2345,none,0.96875,22.859965208747514,29.533979023972602,13.625334338370816,7.180445120617441,128,0.3571869563866799,22.767135145630355,11.73650256846367,all,test
s67,output_lif,11,reset2345,none,0.96875,22.15117627567926,28.61825770547945,12.053277664740722,6.363314780910889,64,0.3461121293074884,19.77024428328782,10.200295669841887,6,test
s67,output_lif,11,reset2345,none,0.96875,23.568754141815774,30.449700342465754,15.197388504260893,7.99757469182302,64,0.36826178346587146,25.41303457790744,13.093697436397196,7,test
s67,output_lif,11,reset23456,s6,1.0,21.782236588674696,34.976118760757316,10.670428613897869,5.705328795723282,128,0.3403474466980421,21.548502275659036,11.07781113273384,all,train
s67,output_lif,11,reset23456,s6,1.0,18.87024971946338,30.300290447504302,3.1569716555952403,1.9340949933110858,64,0.2948476518666153,5.470786575355895,3.1333665239218815,6,train
s67,output_lif,11,reset23456,s6,1.0,24.69422345788601,39.65194707401033,18.183885866606932,9.476562107458086,64,0.3858472415294689,29.97910013893739,15.349847595122725,7,train
s67,output_lif,11,reset23456,s6,0.984375,19.991001667983497,28.23877728174603,8.34021376525327,4.510549035422702,128,0.31235940106224214,17.385177694703863,8.996400557059296,all,val
s67,output_lif,11,reset23456,s6,1.0,17.53120884909139,24.764136904761905,2.8216480184465804,1.736248223652445,64,0.27392513826705295,5.103252004369723,2.931186853879392,6,val
s67,output_lif,11,reset23456,s6,0.96875,22.450794486875605,31.713417658730158,13.858779683522078,7.2848507045035555,64,0.3507936638574313,24.050896344194292,12.380573376790409,7,val
s67,output_lif,11,reset23456,s6,0.9765625,21.41360172299536,27.66534674657534,9.23152814881544,5.00041802408207,128,0.3345875269218025,18.397371486870377,9.53114037704887,all,test
s67,output_lif,11,reset23456,s6,0.984375,19.25844930417495,24.880993150684933,3.2656681169493456,2.0032616394730574,64,0.3009132703777336,5.577118445052142,3.200055352826235,6,test
s67,output_lif,11,reset23456,s6,0.96875,23.568754141815774,30.449700342465754,15.197388504260893,7.99757469182302,64,0.36826178346587146,25.41303457790744,13.093697436397196,7,test
s67,output_lif,11,reset67,s67,1.0,20.111569832682935,32.29349989242685,3.3355923575229873,2.0467016109658416,128,0.31424327863567086,5.779141082474664,3.3133968985687012,all,train
s67,output_lif,11,reset67,s67,1.0,18.87024971946338,30.300290447504302,3.1569716555952403,1.9340949933110858,64,0.2948476518666153,5.470786575355895,3.1333665239218815,6,train
s67,output_lif,11,reset67,s67,1.0,21.35288994590249,34.2867093373494,3.5142131575862128,2.1593080814173797,64,0.3336389054047264,6.071856100272812,3.4841373057105973,7,train
s67,output_lif,11,reset67,s67,0.984375,18.553287683258713,26.207899305555557,2.950705326573611,1.818831238752085,128,0.2898951200509174,5.349790082661195,3.074722623674567,all,val
s67,output_lif,11,reset67,s67,1.0,17.53120884909139,24.764136904761905,2.8216480184465804,1.736248223652445,64,0.27392513826705295,5.103252004369723,2.931186853879392,6,val
s67,output_lif,11,reset67,s67,0.96875,19.575366517426037,27.651661706349206,3.07976280616276,1.9014137394653674,64,0.3058651018347818,5.585456971490379,3.2118505740869217,7,val
s67,output_lif,11,reset67,s67,0.9765625,20.19023359840954,26.084813784246574,3.4248613138875084,2.1025550392307615,128,0.3154723999751491,5.864281784104277,3.366605931875371,all,test
s67,output_lif,11,reset67,s67,0.984375,19.25844930417495,24.880993150684933,3.2656681169493456,2.0032616394730574,64,0.3009132703777336,5.577118445052142,3.200055352826235,6,test
s67,output_lif,11,reset67,s67,0.96875,21.122017892644134,27.28863441780822,3.5840541872463136,2.201848459212175,64,0.3300315295725646,6.13802507816586,3.5252965849516094,7,test
s67,output_lif,11,reset567,s67,1.0,20.111569832682935,32.29349989242685,3.3355923575229873,2.0467016109658416,128,0.31424327863567086,5.779141082474664,3.3133968985687012,all,train
s67,output_lif,11,reset567,s67,1.0,18.87024971946338,30.300290447504302,3.1569716555952403,1.9340949933110858,64,0.2948476518666153,5.470786575355895,3.1333665239218815,6,train
s67,output_lif,11,reset567,s67,1.0,21.35288994590249,34.2867093373494,3.5142131575862128,2.1593080814173797,64,0.3336389054047264,6.071856100272812,3.4841373057105973,7,train
s67,output_lif,11,reset567,s67,0.984375,18.553287683258713,26.207899305555557,2.950705326573611,1.818831238752085,128,0.2898951200509174,5.349790082661195,3.074722623674567,all,val
s67,output_lif,11,reset567,s67,1.0,17.53120884909139,24.764136904761905,2.8216480184465804,1.736248223652445,64,0.27392513826705295,5.103252004369723,2.931186853879392,6,val
s67,output_lif,11,reset567,s67,0.96875,19.575366517426037,27.651661706349206,3.07976280616276,1.9014137394653674,64,0.3058651018347818,5.585456971490379,3.2118505740869217,7,val
s67,output_lif,11,reset567,s67,0.9765625,20.19023359840954,26.084813784246574,3.4248613138875084,2.1025550392307615,128,0.3154723999751491,5.864281784104277,3.366605931875371,all,test
s67,output_lif,11,reset567,s67,0.984375,19.25844930417495,24.880993150684933,3.2656681169493456,2.0032616394730574,64,0.3009132703777336,5.577118445052142,3.200055352826235,6,test
s67,output_lif,11,reset567,s67,0.96875,21.122017892644134,27.28863441780822,3.5840541872463136,2.201848459212175,64,0.3300315295725646,6.13802507816586,3.5252965849516094,7,test
s67,output_lif,23,normal,none,1.0,23.308623779456344,37.427065404475044,19.319328920813305,10.036676630252733,128,0.36419724655400537,30.60301278926404,15.658065562743257,all,train
s67,output_lif,23,normal,none,1.0,19.956119048017822,32.04388984509466,16.585877833629223,8.609973037604469,64,0.31181436012527847,25.49616029181663,13.031077135444201,6,train
s67,output_lif,23,normal,none,1.0,26.66112851089487,42.81024096385542,22.052779615455474,11.46338081171387,64,0.41658013298273233,34.97191137984142,17.903661305641325,7,train
s67,output_lif,23,normal,none,0.96875,21.15986304977614,29.889880952380953,15.553374100166799,8.134587475858133,128,0.33062286015275216,25.660261004527452,13.189006999287308,all,val
s67,output_lif,23,normal,none,0.984375,18.339917478711264,25.906498015873016,13.65794678913177,7.135780166359407,64,0.2865612106048635,21.923173531795207,11.252958330881649,6,val
s67,output_lif,23,normal,none,0.953125,23.979808620841016,33.873263888888886,17.44880278289878,9.133393413659906,64,0.3746845097006409,28.91837492047982,14.875171196016174,7,val
s67,output_lif,23,normal,none,0.984375,22.64268555334659,29.253264126712327,16.75901459731196,8.787169398970759,128,0.35379196177104044,26.789307628029473,13.795649679921564,all,test
s67,output_lif,23,normal,none,0.984375,19.40763750828363,25.073737157534246,14.715369728245113,7.706367022474528,64,0.30324433606693174,22.869431409098926,11.759882501540979,6,test
s67,output_lif,23,normal,none,0.984375,25.87773359840954,33.43279109589041,18.80265930458913,9.86797048114956,64,0.4043395874751491,30.20468565874954,15.567435006081507,7,test
s67,output_lif,23,resetall250,s67,1.0,20.334491768134388,32.65144954819277,3.9552728257888523,2.398386829381396,128,0.3177264338770998,6.57861593723857,3.7574993507187306,all,train
s67,output_lif,23,resetall250,s67,1.0,17.256619826820977,27.709256669535286,3.760179429599963,2.261117408501097,64,0.26963468479407776,6.223283208902106,3.5284103031092644,6,train
s67,output_lif,23,resetall250,s67,1.0,23.412363709447803,37.59364242685026,4.150366679943306,2.5356562829735205,64,0.3658181829601219,6.915715348698908,3.9734019202667166,7,train
s67,output_lif,23,resetall250,s67,0.9765625,18.597928188921077,26.270957341269842,3.6017936309367045,2.1872728126920378,128,0.29059262795189184,6.2144838481347,3.553958141385813,all,val
s67,output_lif,23,resetall250,s67,0.984375,15.941006057413748,22.517857142857142,3.4457727043279784,2.0755222050302873,64,0.24907821964708982,5.897202302452368,3.348579513421094,6,val
s67,output_lif,23,resetall250,s67,0.96875,21.254850320428407,30.02405753968254,3.7578135287727155,2.2990235918159074,64,0.33210703625669385,6.516334745439095,3.7481001757070818,7,val
s67,output_lif,23,resetall250,s67,0.984375,20.55164844267727,26.551744434931507,4.155091505006419,2.519068673085187,128,0.32111950691683233,6.8098991366879895,3.8945602921938187,all,test
s67,output_lif,23,resetall250,s67,0.984375,17.520709078860172,22.635916095890412,3.9472102929299204,2.374650493846815,64,0.2737610793571902,6.4162537913378,3.643522140613699,6,test
s67,output_lif,23,resetall250,s67,0.984375,23.582587806494367,30.467572773972602,4.362972433950982,2.6634865085204917,64,0.3684779344764745,7.182001482158022,4.130369099771582,7,test
s67,output_lif,23,reset234,none,1.0,23.308623779456344,37.427065404475044,19.319328920813305,10.036676630252733,128,0.36419724655400537,30.60301278926404,15.658065562743257,all,train
s67,output_lif,23,reset234,none,1.0,19.956119048017822,32.04388984509466,16.585877833629223,8.609973037604469,64,0.31181436012527847,25.49616029181663,13.031077135444201,6,train
s67,output_lif,23,reset234,none,1.0,26.66112851089487,42.81024096385542,22.052779615455474,11.46338081171387,64,0.41658013298273233,34.97191137984142,17.903661305641325,7,train
s67,output_lif,23,reset234,none,0.96875,21.15986304977614,29.889880952380953,15.553374100166799,8.134587475858133,128,0.33062286015275216,25.660261004527452,13.189006999287308,all,val
s67,output_lif,23,reset234,none,0.984375,18.339917478711264,25.906498015873016,13.65794678913177,7.135780166359407,64,0.2865612106048635,21.923173531795207,11.252958330881649,6,val
s67,output_lif,23,reset234,none,0.953125,23.979808620841016,33.873263888888886,17.44880278289878,9.133393413659906,64,0.3746845097006409,28.91837492047982,14.875171196016174,7,val
s67,output_lif,23,reset234,none,0.984375,22.64268555334659,29.253264126712327,16.75901459731196,8.787169398970759,128,0.35379196177104044,26.789307628029473,13.795649679921564,all,test
s67,output_lif,23,reset234,none,0.984375,19.40763750828363,25.073737157534246,14.715369728245113,7.706367022474528,64,0.30324433606693174,22.869431409098926,11.759882501540979,6,test
s67,output_lif,23,reset234,none,0.984375,25.87773359840954,33.43279109589041,18.80265930458913,9.86797048114956,64,0.4043395874751491,30.20468565874954,15.567435006081507,7,test
s67,output_lif,23,reset2345,none,1.0,23.308623779456344,37.427065404475044,19.319328920813305,10.036676630252733,128,0.36419724655400537,30.60301278926404,15.658065562743257,all,train
s67,output_lif,23,reset2345,none,1.0,19.956119048017822,32.04388984509466,16.585877833629223,8.609973037604469,64,0.31181436012527847,25.49616029181663,13.031077135444201,6,train
s67,output_lif,23,reset2345,none,1.0,26.66112851089487,42.81024096385542,22.052779615455474,11.46338081171387,64,0.41658013298273233,34.97191137984142,17.903661305641325,7,train
s67,output_lif,23,reset2345,none,0.96875,21.15986304977614,29.889880952380953,15.553374100166799,8.134587475858133,128,0.33062286015275216,25.660261004527452,13.189006999287308,all,val
s67,output_lif,23,reset2345,none,0.984375,18.339917478711264,25.906498015873016,13.65794678913177,7.135780166359407,64,0.2865612106048635,21.923173531795207,11.252958330881649,6,val
s67,output_lif,23,reset2345,none,0.953125,23.979808620841016,33.873263888888886,17.44880278289878,9.133393413659906,64,0.3746845097006409,28.91837492047982,14.875171196016174,7,val
s67,output_lif,23,reset2345,none,0.984375,22.64268555334659,29.253264126712327,16.75901459731196,8.787169398970759,128,0.35379196177104044,26.789307628029473,13.795649679921564,all,test
s67,output_lif,23,reset2345,none,0.984375,19.40763750828363,25.073737157534246,14.715369728245113,7.706367022474528,64,0.30324433606693174,22.869431409098926,11.759882501540979,6,test
s67,output_lif,23,reset2345,none,0.984375,25.87773359840954,33.43279109589041,18.80265930458913,9.86797048114956,64,0.4043395874751491,30.20468565874954,15.567435006081507,7,test
s67,output_lif,23,reset23456,s6,1.0,21.95887416885792,35.25974881669535,12.906479375324501,6.86224893019244,128,0.343107408888405,25.117363153141586,12.903309021607715,all,train
s67,output_lif,23,reset23456,s6,1.0,17.256619826820977,27.709256669535286,3.760179429599963,2.261117408501097,64,0.26963468479407776,6.223283208902106,3.5284103031092644,6,train
s67,output_lif,23,reset23456,s6,1.0,26.66112851089487,42.81024096385542,22.052779615455474,11.46338081171387,64,0.41658013298273233,34.97191137984142,17.903661305641325,7,train
s67,output_lif,23,reset23456,s6,0.96875,19.960407339127382,28.195560515873016,10.447287743613378,5.604458152269335,128,0.31188136467386535,20.86922779112864,10.781551216467276,all,val
s67,output_lif,23,reset23456,s6,0.984375,15.941006057413748,22.517857142857142,3.4457727043279784,2.0755222050302873,64,0.24907821964708982,5.897202302452368,3.348579513421094,6,val
s67,output_lif,23,reset23456,s6,0.953125,23.979808620841016,33.873263888888886,17.44880278289878,9.133393413659906,64,0.3746845097006409,28.91837492047982,14.875171196016174,7,val
s67,output_lif,23,reset23456,s6,0.984375,21.699221338634857,28.034353595890412,11.374933666231776,6.121309739220925,128,0.33905033341616964,21.83450585463682,11.305314384862612,all,test
s67,output_lif,23,reset23456,s6,0.984375,17.520709078860172,22.635916095890412,3.9472102929299204,2.374650493846815,64,0.2737610793571902,6.4162537913378,3.643522140613699,6,test
s67,output_lif,23,reset23456,s6,0.984375,25.87773359840954,33.43279109589041,18.80265930458913,9.86797048114956,64,0.4043395874751491,30.20468565874954,15.567435006081507,7,test
s67,output_lif,23,reset67,s67,1.0,20.334491768134388,32.65144954819277,3.9552728257888523,2.398386829381396,128,0.3177264338770998,6.57861593723857,3.7574993507187306,all,train
s67,output_lif,23,reset67,s67,1.0,17.256619826820977,27.709256669535286,3.760179429599963,2.261117408501097,64,0.26963468479407776,6.223283208902106,3.5284103031092644,6,train
s67,output_lif,23,reset67,s67,1.0,23.412363709447803,37.59364242685026,4.150366679943306,2.5356562829735205,64,0.3658181829601219,6.915715348698908,3.9734019202667166,7,train
s67,output_lif,23,reset67,s67,0.9765625,18.597928188921077,26.270957341269842,3.6017936309367045,2.1872728126920378,128,0.29059262795189184,6.2144838481347,3.553958141385813,all,val
s67,output_lif,23,reset67,s67,0.984375,15.941006057413748,22.517857142857142,3.4457727043279784,2.0755222050302873,64,0.24907821964708982,5.897202302452368,3.348579513421094,6,val
s67,output_lif,23,reset67,s67,0.96875,21.254850320428407,30.02405753968254,3.7578135287727155,2.2990235918159074,64,0.33210703625669385,6.516334745439095,3.7481001757070818,7,val
s67,output_lif,23,reset67,s67,0.984375,20.55164844267727,26.551744434931507,4.155091505006419,2.519068673085187,128,0.32111950691683233,6.8098991366879895,3.8945602921938187,all,test
s67,output_lif,23,reset67,s67,0.984375,17.520709078860172,22.635916095890412,3.9472102929299204,2.374650493846815,64,0.2737610793571902,6.4162537913378,3.643522140613699,6,test
s67,output_lif,23,reset67,s67,0.984375,23.582587806494367,30.467572773972602,4.362972433950982,2.6634865085204917,64,0.3684779344764745,7.182001482158022,4.130369099771582,7,test
s67,output_lif,23,reset567,s67,1.0,20.334491768134388,32.65144954819277,3.9552728257888523,2.398386829381396,128,0.3177264338770998,6.57861593723857,3.7574993507187306,all,train
s67,output_lif,23,reset567,s67,1.0,17.256619826820977,27.709256669535286,3.760179429599963,2.261117408501097,64,0.26963468479407776,6.223283208902106,3.5284103031092644,6,train
s67,output_lif,23,reset567,s67,1.0,23.412363709447803,37.59364242685026,4.150366679943306,2.5356562829735205,64,0.3658181829601219,6.915715348698908,3.9734019202667166,7,train
s67,output_lif,23,reset567,s67,0.9765625,18.597928188921077,26.270957341269842,3.6017936309367045,2.1872728126920378,128,0.29059262795189184,6.2144838481347,3.553958141385813,all,val
s67,output_lif,23,reset567,s67,0.984375,15.941006057413748,22.517857142857142,3.4457727043279784,2.0755222050302873,64,0.24907821964708982,5.897202302452368,3.348579513421094,6,val
s67,output_lif,23,reset567,s67,0.96875,21.254850320428407,30.02405753968254,3.7578135287727155,2.2990235918159074,64,0.33210703625669385,6.516334745439095,3.7481001757070818,7,val
s67,output_lif,23,reset567,s67,0.984375,20.55164844267727,26.551744434931507,4.155091505006419,2.519068673085187,128,0.32111950691683233,6.8098991366879895,3.8945602921938187,all,test
s67,output_lif,23,reset567,s67,0.984375,17.520709078860172,22.635916095890412,3.9472102929299204,2.374650493846815,64,0.2737610793571902,6.4162537913378,3.643522140613699,6,test
s67,output_lif,23,reset567,s67,0.984375,23.582587806494367,30.467572773972602,4.362972433950982,2.6634865085204917,64,0.3684779344764745,7.182001482158022,4.130369099771582,7,test
s67,output_lif,101,normal,none,0.9921875,23.634280737601955,37.94997848537005,20.392188625286817,10.584249962315976,128,0.36928563652503055,32.30603120629451,16.519660615839296,all,train
s67,output_lif,101,normal,none,1.0,18.99916257725225,30.50728808089501,17.7988968525466,9.218199656237962,64,0.2968619152695664,27.692103057103814,14.13280548577987,6,train
s67,output_lif,101,normal,none,0.984375,28.269398897951664,45.3926688898451,22.985481183110856,11.95030026839399,64,0.44170935778049475,36.33877875966458,18.602745972126048,7,train
s67,output_lif,101,normal,none,0.9453125,22.00114125186551,31.07824900793651,15.848977537090686,8.290557649679572,128,0.34376783206039857,26.259886583964647,13.494987396767288,all,val
s67,output_lif,101,normal,none,0.9375,17.688350452111315,24.98611111111111,14.076223828022123,7.342775409314371,64,0.2763804758142393,23.000394091122452,11.79061538615641,6,val
s67,output_lif,101,normal,none,0.953125,26.313932051619698,37.170386904761905,17.621732617856203,9.238337832499342,64,0.4111551883065578,29.157248062259402,15.007025101193443,7,val
s67,output_lif,101,normal,none,0.9453125,22.572523194168323,29.16261772260274,17.670641191911034,9.252093882020377,128,0.35269567490888004,28.355146914959192,14.5875786978365,all,test
s67,output_lif,101,normal,none,0.9375,17.805417495029822,23.00374571917808,15.555271560739728,8.121286603296886,64,0.27820964835984097,24.662952780487405,12.656607085955688,6,test
s67,output_lif,101,normal,none,0.953125,27.339628893306827,35.321489726027394,19.78600952876491,10.382900432690317,64,0.42718170145791917,31.619099162802385,16.291260239303924,7,test
s67,output_lif,101,resetall250,s67,0.9921875,20.86448825095885,33.50247418244406,4.155268252675565,2.5151770769654314,128,0.32600762892123203,6.952001891575352,3.962867470545811,all,train
s67,output_lif,101,resetall250,s67,1.0,16.65260354732276,26.739377151462996,4.027681172486057,2.4066129377104026,64,0.2601969304269181,6.7266532187422,3.7992719674793887,6,train
s67,output_lif,101,resetall250,s67,0.984375,25.076372954594937,40.265571213425126,4.282855431000553,2.623741248932286,64,0.3918183274155459,7.170271465475071,4.119972240866831,7,train
s67,output_lif,101,resetall250,s67,0.96875,19.38626986217189,27.38454861111111,3.645867968681415,2.2182294410060575,128,0.3029104665964358,6.376864697223315,3.6441768720275247,all,val
s67,output_lif,101,resetall250,s67,0.96875,15.395312088490915,21.74702380952381,3.5408775979940303,2.124455436309367,64,0.24055175138267054,6.176381676273633,3.494784645656354,6,val
s67,output_lif,101,resetall250,s67,0.96875,23.377227635852865,33.02207341269841,3.7508583393687998,2.3120032742406287,64,0.365269181810201,6.571234196539583,3.7876810433735457,7,val
s67,output_lif,101,resetall250,s67,0.9609375,20.817097415506957,26.89469178082192,4.369133951175758,2.640765028966824,128,0.3252671471172962,7.2267496264929445,4.12017221441372,all,test
s67,output_lif,101,resetall250,s67,0.953125,16.277170311464545,21.029323630136986,4.1690330429532185,2.488346087213697,64,0.2543307861166335,6.911039445576556,3.9034230575916657,6,test
s67,output_lif,101,resetall250,s67,0.96875,25.35702451954937,32.76005993150685,4.5692348189508785,2.7931837887065627,64,0.3962035081179589,7.529233129680727,4.326075362545427,7,test
s67,output_lif,101,reset234,none,0.9921875,23.634280737601955,37.94997848537005,20.392188625286817,10.584249962315976,128,0.36928563652503055,32.30603120629451,16.519660615839296,all,train
s67,output_lif,101,reset234,none,1.0,18.99916257725225,30.50728808089501,17.7988968525466,9.218199656237962,64,0.2968619152695664,27.692103057103814,14.13280548577987,6,train
s67,output_lif,101,reset234,none,0.984375,28.269398897951664,45.3926688898451,22.985481183110856,11.95030026839399,64,0.44170935778049475,36.33877875966458,18.602745972126048,7,train
s67,output_lif,101,reset234,none,0.9453125,22.00114125186551,31.07824900793651,15.848977537090686,8.290557649679572,128,0.34376783206039857,26.259886583964647,13.494987396767288,all,val
s67,output_lif,101,reset234,none,0.9375,17.688350452111315,24.98611111111111,14.076223828022123,7.342775409314371,64,0.2763804758142393,23.000394091122452,11.79061538615641,6,val
s67,output_lif,101,reset234,none,0.953125,26.313932051619698,37.170386904761905,17.621732617856203,9.238337832499342,64,0.4111551883065578,29.157248062259402,15.007025101193443,7,val
s67,output_lif,101,reset234,none,0.9453125,22.572523194168323,29.16261772260274,17.670641191911034,9.252093882020377,128,0.35269567490888004,28.355146914959192,14.5875786978365,all,test
s67,output_lif,101,reset234,none,0.9375,17.805417495029822,23.00374571917808,15.555271560739728,8.121286603296886,64,0.27820964835984097,24.662952780487405,12.656607085955688,6,test
s67,output_lif,101,reset234,none,0.953125,27.339628893306827,35.321489726027394,19.78600952876491,10.382900432690317,64,0.42718170145791917,31.619099162802385,16.291260239303924,7,test
s67,output_lif,101,reset2345,none,0.9921875,23.634280737601955,37.94997848537005,20.392188625286817,10.584249962315976,128,0.36928563652503055,32.30603120629451,16.519660615839296,all,train
s67,output_lif,101,reset2345,none,1.0,18.99916257725225,30.50728808089501,17.7988968525466,9.218199656237962,64,0.2968619152695664,27.692103057103814,14.13280548577987,6,train
s67,output_lif,101,reset2345,none,0.984375,28.269398897951664,45.3926688898451,22.985481183110856,11.95030026839399,64,0.44170935778049475,36.33877875966458,18.602745972126048,7,train
s67,output_lif,101,reset2345,none,0.9453125,22.00114125186551,31.07824900793651,15.848977537090686,8.290557649679572,128,0.34376783206039857,26.259886583964647,13.494987396767288,all,val
s67,output_lif,101,reset2345,none,0.9375,17.688350452111315,24.98611111111111,14.076223828022123,7.342775409314371,64,0.2763804758142393,23.000394091122452,11.79061538615641,6,val
s67,output_lif,101,reset2345,none,0.953125,26.313932051619698,37.170386904761905,17.621732617856203,9.238337832499342,64,0.4111551883065578,29.157248062259402,15.007025101193443,7,val
s67,output_lif,101,reset2345,none,0.9453125,22.572523194168323,29.16261772260274,17.670641191911034,9.252093882020377,128,0.35269567490888004,28.355146914959192,14.5875786978365,all,test
s67,output_lif,101,reset2345,none,0.9375,17.805417495029822,23.00374571917808,15.555271560739728,8.121286603296886,64,0.27820964835984097,24.662952780487405,12.656607085955688,6,test
s67,output_lif,101,reset2345,none,0.953125,27.339628893306827,35.321489726027394,19.78600952876491,10.382900432690317,64,0.42718170145791917,31.619099162802385,16.291260239303924,7,test
s67,output_lif,101,reset23456,s6,0.9921875,22.46100122263721,36.06602302065404,13.506581226866196,7.178456750255414,128,0.3509531441037064,26.131921909613478,13.425658973541443,all,train
s67,output_lif,101,reset23456,s6,1.0,16.65260354732276,26.739377151462996,4.027681172486057,2.4066129377104026,64,0.2601969304269181,6.7266532187422,3.7992719674793887,6,train
s67,output_lif,101,reset23456,s6,0.984375,28.269398897951664,45.3926688898451,22.985481183110856,11.95030026839399,64,0.44170935778049475,36.33877875966458,18.602745972126048,7,train
s67,output_lif,101,reset23456,s6,0.9609375,20.854622070055306,29.458705357142858,10.581305279387236,5.681395948555878,128,0.32585346984461416,21.074782923852563,10.89551064143634,all,val
s67,output_lif,101,reset23456,s6,0.96875,15.395312088490915,21.74702380952381,3.5408775979940303,2.124455436309367,64,0.24055175138267054,6.176381676273633,3.494784645656354,6,val
s67,output_lif,101,reset23456,s6,0.953125,26.313932051619698,37.170386904761905,17.621732617856203,9.238337832499342,64,0.4111551883065578,29.157248062259402,15.007025101193443,7,val
s67,output_lif,101,reset23456,s6,0.953125,21.808399602385688,28.17540667808219,11.977520133107605,6.435623401517976,128,0.34075624378727637,22.885912552771295,11.845713566071632,all,test
s67,output_lif,101,reset23456,s6,0.953125,16.277170311464545,21.029323630136986,4.1690330429532185,2.488346087213697,64,0.2543307861166335,6.911039445576556,3.9034230575916657,6,test
s67,output_lif,101,reset23456,s6,0.953125,27.339628893306827,35.321489726027394,19.78600952876491,10.382900432690317,64,0.42718170145791917,31.619099162802385,16.291260239303924,7,test
s67,output_lif,101,reset67,s67,0.9921875,20.86448825095885,33.50247418244406,4.155268252675565,2.5151770769654314,128,0.32600762892123203,6.952001891575352,3.962867470545811,all,train
s67,output_lif,101,reset67,s67,1.0,16.65260354732276,26.739377151462996,4.027681172486057,2.4066129377104026,64,0.2601969304269181,6.7266532187422,3.7992719674793887,6,train
s67,output_lif,101,reset67,s67,0.984375,25.076372954594937,40.265571213425126,4.282855431000553,2.623741248932286,64,0.3918183274155459,7.170271465475071,4.119972240866831,7,train
s67,output_lif,101,reset67,s67,0.96875,19.38626986217189,27.38454861111111,3.645867968681415,2.2182294410060575,128,0.3029104665964358,6.376864697223315,3.6441768720275247,all,val
s67,output_lif,101,reset67,s67,0.96875,15.395312088490915,21.74702380952381,3.5408775979940303,2.124455436309367,64,0.24055175138267054,6.176381676273633,3.494784645656354,6,val
s67,output_lif,101,reset67,s67,0.96875,23.377227635852865,33.02207341269841,3.7508583393687998,2.3120032742406287,64,0.365269181810201,6.571234196539583,3.7876810433735457,7,val
s67,output_lif,101,reset67,s67,0.9609375,20.817097415506957,26.89469178082192,4.369133951175758,2.640765028966824,128,0.3252671471172962,7.2267496264929445,4.12017221441372,all,test
s67,output_lif,101,reset67,s67,0.953125,16.277170311464545,21.029323630136986,4.1690330429532185,2.488346087213697,64,0.2543307861166335,6.911039445576556,3.9034230575916657,6,test
s67,output_lif,101,reset67,s67,0.96875,25.35702451954937,32.76005993150685,4.5692348189508785,2.7931837887065627,64,0.3962035081179589,7.529233129680727,4.326075362545427,7,test
s67,output_lif,101,reset567,s67,0.9921875,20.86448825095885,33.50247418244406,4.155268252675565,2.5151770769654314,128,0.32600762892123203,6.952001891575352,3.962867470545811,all,train
s67,output_lif,101,reset567,s67,1.0,16.65260354732276,26.739377151462996,4.027681172486057,2.4066129377104026,64,0.2601969304269181,6.7266532187422,3.7992719674793887,6,train
s67,output_lif,101,reset567,s67,0.984375,25.076372954594937,40.265571213425126,4.282855431000553,2.623741248932286,64,0.3918183274155459,7.170271465475071,4.119972240866831,7,train
s67,output_lif,101,reset567,s67,0.96875,19.38626986217189,27.38454861111111,3.645867968681415,2.2182294410060575,128,0.3029104665964358,6.376864697223315,3.6441768720275247,all,val
s67,output_lif,101,reset567,s67,0.96875,15.395312088490915,21.74702380952381,3.5408775979940303,2.124455436309367,64,0.24055175138267054,6.176381676273633,3.494784645656354,6,val
s67,output_lif,101,reset567,s67,0.96875,23.377227635852865,33.02207341269841,3.7508583393687998,2.3120032742406287,64,0.365269181810201,6.571234196539583,3.7876810433735457,7,val
s67,output_lif,101,reset567,s67,0.9609375,20.817097415506957,26.89469178082192,4.369133951175758,2.640765028966824,128,0.3252671471172962,7.2267496264929445,4.12017221441372,all,test
s67,output_lif,101,reset567,s67,0.953125,16.277170311464545,21.029323630136986,4.1690330429532185,2.488346087213697,64,0.2543307861166335,6.911039445576556,3.9034230575916657,6,test
s67,output_lif,101,reset567,s67,0.96875,25.35702451954937,32.76005993150685,4.5692348189508785,2.7931837887065627,64,0.3962035081179589,7.529233129680727,4.326075362545427,7,test
