method,seed,epoch,train_ba,val_ba,train_loss,val_loss
l2_only_count,11,1.0,0.1001725495627656,0.0535714285714285,2.490012137286634,2.4796159267425537
l2_only_count,11,2.0,0.1040566037735849,0.0486111111111111,2.4676036379218305,2.4680263996124268
l2_only_count,11,3.0,0.1145728511530398,0.1051587301587301,2.451507423502648,2.452878713607788
l2_only_count,11,4.0,0.1144196500564425,0.117063492063492,2.437458044075104,2.4357292652130127
l2_only_count,11,5.0,0.1159236525470802,0.117063492063492,2.421883412359504,2.420428514480591
l2_only_count,11,6.0,0.1196445353795982,0.1240079365079365,2.4083540706339064,2.403855323791504
l2_only_count,11,7.0,0.1362810657779211,0.119047619047619,2.391400065971939,2.392872810363769
l2_only_count,11,8.0,0.153325527692666,0.1259920634920635,2.3762547698981176,2.3775877952575684
l2_only_count,11,9.0,0.1643464526594382,0.1706349206349206,2.3593455830047136,2.3602771759033203
l2_only_count,11,10.0,0.1716685256858212,0.1621031746031745,2.340990038623908,2.346449136734009
l2_only_count,11,11.0,0.2034493863260511,0.1906746031746031,2.3208580365894997,2.331941843032837
l2_only_count,11,12.0,0.2197267241842713,0.2105820105820106,2.299853395882244,2.3150460720062256
l2_only_count,11,13.0,0.2353863848124854,0.2400793650793651,2.2759812542985927,2.2939131259918213
l2_only_count,11,14.0,0.2582806984536543,0.2321789321789321,2.25088712968022,2.2684268951416016
l2_only_count,11,15.0,0.2918777312166602,0.2831409331409331,2.2249367421752613,2.247284412384033
l2_only_count,11,16.0,0.2954994588949917,0.271566859066859,2.1984328423432764,2.2181363105773926
l2_only_count,11,17.0,0.3038377072325463,0.2613816738816739,2.171309579054788,2.190542459487915
l2_only_count,11,18.0,0.3196966972699954,0.3104617604617605,2.1411566648138574,2.170242547988892
l2_only_count,11,19.0,0.3394562428261096,0.3120490620490621,2.1079176588436,2.137712240219116
l2_only_count,11,20.0,0.349767085716725,0.312012987012987,2.076664913952248,2.1111505031585693
l2_only_count,11,21.0,0.3644875595913794,0.3514069264069264,2.042184360261218,2.0806915760040283
l2_only_count,11,22.0,0.3840337672186544,0.3557359307359307,2.012621696762702,2.052281618118286
l2_only_count,11,23.0,0.4018775744319121,0.3514069264069264,1.9768212465328927,2.042445659637451
l2_only_count,11,24.0,0.3979454939799927,0.3613275613275613,1.9388116249324123,2.00860857963562
l2_only_count,11,25.0,0.4334583079052187,0.3652958152958153,1.910801078899797,1.9864665269851685
l2_only_count,11,26.0,0.4326968267821023,0.4321608946608947,1.871593220714037,1.9541072845458984
l2_only_count,11,27.0,0.4610398893336833,0.4093073593073593,1.8412877672100232,1.9499117136001587
l2_only_count,11,28.0,0.4588531452601467,0.4126803751803752,1.806125506681748,1.905985951423645
l2_only_count,11,29.0,0.4769858303478355,0.3981601731601731,1.7712437072432186,1.883727550506592
l2_only_count,11,30.0,0.4927749503822385,0.4051046176046176,1.741704950849694,1.882331132888794
l2_only_count,11,31.0,0.5061258831329124,0.3987914862914863,1.7094769453222698,1.846370339393616
l2_only_count,11,32.0,0.493580895175375,0.3967712842712843,1.6776616895465557,1.839773416519165
l2_only_count,11,33.0,0.5170566245903835,0.4273268398268399,1.6485499223620468,1.812711477279663
l2_only_count,11,34.0,0.5219883514627333,0.4288840788840788,1.6189638899443688,1.7891846895217896
l2_only_count,11,35.0,0.5334899264673157,0.4210137085137085,1.5900836120168846,1.787505030632019
l2_only_count,11,36.0,0.5505122653486106,0.4279581529581529,1.557562301368188,1.7698837518692017
l2_only_count,11,37.0,0.5553996162084471,0.4378487253487252,1.5289146493921593,1.7622536420822144
l2_only_count,11,38.0,0.5645180169305768,0.4329184704184703,1.5057040775088968,1.7455180883407593
l2_only_count,11,39.0,0.5719403985989352,0.438474025974026,1.4731897027480212,1.7014600038528442
l2_only_count,11,40.0,0.5731825468451067,0.4372174122174121,1.4452169799148114,1.7249387502670288
l2_only_count,11,41.0,0.6003521131073477,0.447101972101972,1.4196521870650851,1.691650152206421
l2_only_count,11,42.0,0.6156087671897539,0.4282527657527657,1.3941989503095564,1.6844007968902588
l2_only_count,11,43.0,0.6238273124335056,0.4427729677729677,1.3716329574174602,1.6755417585372925
l2_only_count,11,44.0,0.6484304916813897,0.4413840788840788,1.344062560601817,1.638485074043274
l2_only_count,11,45.0,0.6555957180789058,0.4293109668109667,1.3200889518051673,1.639399170875549
l2_only_count,11,46.0,0.6613347117895976,0.4296416546416546,1.2935877461851977,1.629109501838684
l2_only_count,11,47.0,0.681427870341555,0.4421777296777296,1.2700634158621966,1.6355069875717163
l2_only_count,11,48.0,0.6928684921834409,0.4833393458393458,1.24438465072448,1.576061487197876
l2_only_count,11,49.0,0.7098965142249708,0.4194504569504569,1.2226248234766897,1.6142579317092896
l2_only_count,11,50.0,0.7200614780452222,0.4645262145262145,1.2046986682895129,1.5656183958053589
l2_only_count,11,51.0,0.7364425461419767,0.4283790283790283,1.1835571394114404,1.571705937385559
l2_only_count,11,52.0,0.7538874666484968,0.4283790283790283,1.1594348245151276,1.5626431703567505
l2_only_count,11,53.0,0.747867048883997,0.4542087542087542,1.1338457650859262,1.531849980354309
l2_only_count,11,54.0,0.7562645949642626,0.4442881192881192,1.1122016360960811,1.5547122955322266
l2_only_count,11,55.0,0.7755548000647233,0.4667087542087542,1.09387237808175,1.514301061630249
l2_only_count,11,56.0,0.7666419988667297,0.4422679172679173,1.0694001964365554,1.5177159309387207
l2_only_count,11,57.0,0.7759906031195175,0.4591329966329966,1.0567432849214329,1.5000028610229492
l2_only_count,11,58.0,0.7887051709097405,0.4422679172679173,1.045074625803148,1.4934370517730713
l2_only_count,11,59.0,0.7970375741172376,0.4819504569504569,1.017965728362538,1.472622632980347
l2_only_count,11,60.0,0.8022517394479401,0.4793350168350168,1.0049124597066856,1.4615024328231812
l2_only_count,11,61.0,0.8017625921145458,0.453541366041366,0.9783399377960756,1.4856635332107544
l2_only_count,11,62.0,0.8203845069230603,0.4885942760942761,0.9682637773159244,1.4271957874298096
l2_only_count,11,63.0,0.8209880866584366,0.4452080327080326,0.9474762963345869,1.438262104988098
l2_only_count,11,64.0,0.8133249468155875,0.453541366041366,0.9376564222851226,1.428660869598389
l2_only_count,11,65.0,0.8240389815334174,0.4646885521885521,0.9215609536934228,1.4168716669082642
l2_only_count,11,66.0,0.8377119997334023,0.4591329966329966,0.9012327181903096,1.419270396232605
l2_only_count,11,67.0,0.8426471283120258,0.4799663299663299,0.8826355107269681,1.4164252281188965
l2_only_count,11,68.0,0.8621422340778523,0.4892255892255893,0.8644598741949938,1.4011242389678955
l2_only_count,11,69.0,0.859256832750718,0.467598605098605,0.8518042224820017,1.409499168395996
l2_only_count,11,70.0,0.8624211422443375,0.4952441077441076,0.8338690912046449,1.381184697151184
l2_only_count,11,71.0,0.8648047874972932,0.4639309764309764,0.8186219815748284,1.390804648399353
l2_only_count,11,72.0,0.8737441684063866,0.4736531986531986,0.8000767980918622,1.372146725654602
l2_only_count,11,73.0,0.87256535988088,0.4583754208754209,0.7859155160219452,1.3932507038116455
l2_only_count,11,74.0,0.8764541393306997,0.4861531986531986,0.7730569244456988,1.3640203475952148
l2_only_count,11,75.0,0.8732485750693192,0.4792087542087542,0.7600868305322841,1.3572813272476196
l2_only_count,11,76.0,0.8887042244424203,0.4861531986531985,0.746863247708076,1.372165560722351
l2_only_count,11,77.0,0.8965652563663956,0.4722643097643098,0.73298241667411,1.3492248058319092
l2_only_count,11,78.0,0.896965913159763,0.4954124579124579,0.719770460551454,1.34456205368042
l2_only_count,11,79.0,0.8989185637706174,0.4847643097643097,0.7113332683781544,1.3605732917785645
l2_only_count,11,80.0,0.904327007185629,0.4583754208754207,0.6948523392160255,1.3636306524276731
l2_only_count,11,81.0,0.9094255352008236,0.493097643097643,0.6838963849409107,1.3367314338684082
l2_only_count,11,82.0,0.9166424202390212,0.4639309764309763,0.6706559266157692,1.3457728624343872
l2_only_count,11,83.0,0.9149395427981646,0.4875420875420874,0.6619299509644303,1.3508156538009644
l2_only_count,11,84.0,0.9203218367569952,0.5083754208754209,0.6509591666228184,1.326457142829895
l2_only_count,11,85.0,0.9195496191299388,0.4861531986531986,0.6408286827156343,1.3269495964050293
l2_only_count,11,86.0,0.9206767750286003,0.5176346801346802,0.6246622645916504,1.31255042552948
l2_only_count,11,87.0,0.9240718367569952,0.5014309764309763,0.6178849953997771,1.3236252069473269
l2_only_count,11,88.0,0.9217646886271056,0.5083754208754209,0.6115716259779085,1.316878318786621
l2_only_count,11,89.0,0.9224692726544312,0.4944865319865319,0.5989421216222792,1.303210973739624
l2_only_count,11,90.0,0.9208667085518673,0.4875420875420875,0.5862759811332426,1.3309777975082395
l2_only_count,11,91.0,0.9259296623244984,0.5014309764309764,0.5753831963941275,1.28664231300354
l2_only_count,11,92.0,0.9326770158243028,0.506986531986532,0.5722156782568835,1.2973374128341677
l2_only_count,11,93.0,0.9317297032304848,0.4875420875420875,0.5605764195143458,1.29617178440094
l2_only_count,11,94.0,0.931670349004464,0.5236531986531987,0.557846052716398,1.2826354503631592
l2_only_count,11,95.0,0.9374728722010416,0.5222643097643097,0.5486810580793634,1.2748005390167236
l2_only_count,11,96.0,0.9354156006663824,0.494486531986532,0.536078274044851,1.2781842947006226
l2_only_count,11,97.0,0.9363142572450704,0.5228956228956229,0.5254271931164031,1.2679134607315063
l2_only_count,11,98.0,0.9391068591291462,0.5159511784511784,0.5172962340143175,1.277839422225952
l2_only_count,11,99.0,0.9364780413121562,0.5145622895622896,0.5100967884063721,1.273423433303833
l2_only_count,11,100.0,0.940768777457731,0.5203162578162579,0.4985026329396719,1.2640076875686646
l2_only_count,23,1.0,0.0688782051282051,0.0926587301587301,2.4816772658730537,2.4819207191467285
l2_only_count,23,2.0,0.0972074508591804,0.0724206349206349,2.472736756280449,2.476073741912842
l2_only_count,23,3.0,0.1093655369205683,0.048015873015873,2.46407118393509,2.4690866470336914
l2_only_count,23,4.0,0.1035185857119819,0.0257936507936507,2.4537506513874625,2.4592080116271973
l2_only_count,23,5.0,0.1102191178842122,0.0396825396825396,2.442157806915178,2.447455644607544
l2_only_count,23,6.0,0.1145532978551846,0.1101190476190476,2.4313204698841666,2.43641996383667
l2_only_count,23,7.0,0.1227133840420003,0.1309523809523809,2.4182873510863,2.4251840114593506
l2_only_count,23,8.0,0.1378975501263237,0.117063492063492,2.4061683295310674,2.4182257652282715
l2_only_count,23,9.0,0.1519065025354333,0.1428571428571428,2.3922331086945,2.4104018211364746
l2_only_count,23,10.0,0.1698565083588668,0.1462301587301587,2.378822046384959,2.4013261795043945
l2_only_count,23,11.0,0.1913799745560751,0.1482142857142857,2.361986082720469,2.3905866146087646
l2_only_count,23,12.0,0.196792419233457,0.1329365079365079,2.345391164343041,2.378781795501709
l2_only_count,23,13.0,0.1968836567578706,0.1259920634920634,2.3258872713361467,2.364909172058105
l2_only_count,23,14.0,0.2169705827017148,0.1398809523809523,2.304090843758772,2.343557834625244
l2_only_count,23,15.0,0.2298355775950115,0.1412698412698412,2.2808804536645466,2.3277809619903564
l2_only_count,23,16.0,0.2507000774964611,0.1656746031746031,2.254225978752832,2.308633804321289
l2_only_count,23,17.0,0.2704241139421957,0.1634920634920635,2.22516677260604,2.2931222915649414
l2_only_count,23,18.0,0.2790256275869484,0.1926587301587301,2.192763146763209,2.2664341926574707
l2_only_count,23,19.0,0.2993717635148452,0.2182539682539682,2.160760279982102,2.2263059616088867
l2_only_count,23,20.0,0.3021572909387375,0.2182900432900432,2.128680613283036,2.209843635559082
l2_only_count,23,21.0,0.3314051833037682,0.2759920634920635,2.092601645218526,2.170889139175415
l2_only_count,23,22.0,0.3371542000394201,0.2654761904761905,2.0614795910511905,2.136298894882202
l2_only_count,23,23.0,0.354752201705818,0.269047619047619,2.022164939808148,2.12114691734314
l2_only_count,23,24.0,0.3758343636331058,0.2501984126984127,1.9869632975369849,2.075834035873413
l2_only_count,23,25.0,0.3952772290311598,0.3043650793650793,1.951773293047066,2.038259744644165
l2_only_count,23,26.0,0.408428837642674,0.3057539682539683,1.913667404713196,2.0237066745758057
l2_only_count,23,27.0,0.4228782306880716,0.2890873015873016,1.8785209549068376,1.9790163040161133
l2_only_count,23,28.0,0.4315207995389737,0.3113095238095238,1.845237538859684,1.967236876487732
l2_only_count,23,29.0,0.440677868739282,0.3171957671957672,1.807611608053854,1.9513012170791624
l2_only_count,23,30.0,0.4639329190526933,0.3233465608465608,1.77317034644227,1.91058611869812
l2_only_count,23,31.0,0.4805030385938174,0.3372354497354497,1.7445171187133264,1.8857760429382324
l2_only_count,23,32.0,0.4853036624551622,0.3636604136604136,1.7135344072791672,1.8838789463043213
l2_only_count,23,33.0,0.5173807356399877,0.4081409331409331,1.6802223512514938,1.832456111907959
l2_only_count,23,34.0,0.509802147571942,0.3698833573833573,1.6425077153975705,1.841065764427185
l2_only_count,23,35.0,0.5263749035533672,0.422955747955748,1.619397342307637,1.7912768125534058
l2_only_count,23,36.0,0.5328082178192272,0.4285473785473785,1.5892591888851224,1.788688063621521
l2_only_count,23,37.0,0.5520165655135164,0.4216029341029341,1.5574495217886315,1.7769311666488647
l2_only_count,23,38.0,0.5608550113854033,0.4388648388648389,1.5313184784529748,1.7382383346557615
l2_only_count,23,39.0,0.5698471252018311,0.4438251563251563,1.506527557840856,1.742189884185791
l2_only_count,23,40.0,0.6049315110542555,0.4391955266955267,1.4766995307705697,1.709568738937378
l2_only_count,23,41.0,0.585361098628682,0.453090428090428,1.445374879492335,1.7022768259048462
l2_only_count,23,42.0,0.6079051577779021,0.4660473785473786,1.4186645774956208,1.6717609167099
l2_only_count,23,43.0,0.6246276510137603,0.4753066378066378,1.392247850226043,1.653470158576965
l2_only_count,23,44.0,0.6282873469939811,0.4822510822510823,1.367478293519012,1.6426829099655151
l2_only_count,23,45.0,0.6444521945155649,0.4889009139009139,1.3463423009993902,1.6226803064346311
l2_only_count,23,46.0,0.6580859334398635,0.4669733044733045,1.3222632570233894,1.5997923612594604
l2_only_count,23,47.0,0.6654127476854762,0.4822510822510823,1.295574268252427,1.6084352731704712
l2_only_count,23,48.0,0.6719036045888825,0.459102934102934,1.276715394551906,1.5771915912628174
l2_only_count,23,49.0,0.6932961780468508,0.4671055796055796,1.2526702687990643,1.5579527616500854
l2_only_count,23,50.0,0.7116300219612549,0.4819564694564695,1.2323612042425425,1.5510438680648804
l2_only_count,23,51.0,0.7120590159934214,0.4828823953823954,1.2086983527250832,1.5349105596542358
l2_only_count,23,52.0,0.7166805791136434,0.4871813371813372,1.1825565953262906,1.5185770988464355
l2_only_count,23,53.0,0.7435032420782348,0.4984607984607985,1.1637211892362715,1.5012695789337158
l2_only_count,23,54.0,0.7455533323486793,0.5017015392015393,1.1409487354981098,1.4749895334243774
l2_only_count,23,55.0,0.742916645692616,0.4974025974025973,1.1208865661013765,1.4781773090362549
l2_only_count,23,56.0,0.7557937697073199,0.4929052429052429,1.0967495330639838,1.4606536626815796
l2_only_count,23,57.0,0.7579333525334087,0.5183682058682059,1.079811753791704,1.4778188467025757
l2_only_count,23,58.0,0.7720415886822986,0.504479316979317,1.0685487749654536,1.4364441633224487
l2_only_count,23,59.0,0.7893644628876689,0.4938311688311689,1.0396317163556046,1.439436674118042
l2_only_count,23,60.0,0.7908579317722757,0.4822570947570948,1.0198685640722462,1.4386775493621826
l2_only_count,23,61.0,0.80447267470921,0.4984607984607985,1.012344405285873,1.4173305034637451
l2_only_count,23,62.0,0.8041693258235437,0.5325877825877826,0.9858680495706976,1.428813338279724
l2_only_count,23,63.0,0.810924425016906,0.5450877825877827,0.9657380068979248,1.385481357574463
l2_only_count,23,64.0,0.8138630493684019,0.5259379509379509,0.9492943772145268,1.4074029922485352
l2_only_count,23,65.0,0.8139911715354174,0.5192941317941319,0.934659087103944,1.375092625617981
l2_only_count,23,66.0,0.8322659866934671,0.5305675805675807,0.9192249868289534,1.365775465965271
l2_only_count,23,67.0,0.8356589179088151,0.5232924482924484,0.9018092592488878,1.3706940412521362
l2_only_count,23,68.0,0.8354012447255469,0.5001443001443002,0.8855290104107685,1.3665400743484497
l2_only_count,23,69.0,0.844224794601355,0.525937950937951,0.868094794516309,1.3477520942687988
l2_only_count,23,70.0,0.8534288386626887,0.5328823953823955,0.8510567309934383,1.3458561897277832
l2_only_count,23,71.0,0.8496404172193022,0.5517316017316017,0.8304702585207205,1.3166491985321045
l2_only_count,23,72.0,0.8578039289552334,0.5209776334776336,0.814668447651264,1.334139347076416
l2_only_count,23,73.0,0.850158559148421,0.5176046176046176,0.8010815935988435,1.3114079236984253
l2_only_count,23,74.0,0.8591542375972087,0.4967352092352093,0.7933980526078793,1.3269420862197876
l2_only_count,23,75.0,0.8628658977974926,0.5302669552669553,0.7776820158999471,1.2956252098083496
l2_only_count,23,76.0,0.8736266648678708,0.5176046176046176,0.7592271060623523,1.2965658903121948
l2_only_count,23,77.0,0.8811753531622135,0.5302669552669553,0.748596572321992,1.2825826406478882
l2_only_count,23,78.0,0.8825560358846923,0.5226911976911978,0.7343958546495684,1.2846471071243286
l2_only_count,23,79.0,0.8830745500553987,0.5106601731601731,0.7242231979427567,1.2870486974716189
l2_only_count,23,80.0,0.8802986563296344,0.5296356421356422,0.7121730109295213,1.280362606048584
l2_only_count,23,81.0,0.8875364825868374,0.5226911976911978,0.6994210292878537,1.2743552923202517
l2_only_count,23,82.0,0.8939353760979224,0.5554292929292929,0.6894585634878293,1.2574858665466309
l2_only_count,23,83.0,0.8942801556401214,0.5213023088023088,0.6782417370202004,1.2499245405197144
l2_only_count,23,84.0,0.9004779226037042,0.5288780663780663,0.6633025774036545,1.2630573511123655
l2_only_count,23,85.0,0.909068872424493,0.5074134199134199,0.6571543723498687,1.2540606260299685
l2_only_count,23,86.0,0.9123381031937235,0.5268939393939394,0.6462707785238703,1.235381841659546
l2_only_count,23,87.0,0.9108690860997064,0.5497113997113996,0.6317572250013302,1.247241735458374
l2_only_count,23,88.0,0.9089994279800484,0.5193181818181818,0.6239651636494622,1.2438344955444336
l2_only_count,23,89.0,0.9174331048696076,0.5722643097643098,0.6133424518645938,1.2229338884353638
l2_only_count,23,90.0,0.921850789230366,0.5483585858585859,0.606740415096283,1.224423050880432
l2_only_count,23,91.0,0.916597416513758,0.5338383838383839,0.5932391263326556,1.23491632938385
l2_only_count,23,92.0,0.9215373989169758,0.5282828282828284,0.5807526335248439,1.2227331399917605
l2_only_count,23,93.0,0.9182011663833236,0.5248737373737373,0.5730311417128255,1.2218424081802368
l2_only_count,23,94.0,0.9183020336533088,0.5219336219336218,0.5619175181741763,1.2286133766174316
l2_only_count,23,95.0,0.926023405769842,0.5114177489177489,0.5581563115119934,1.2136095762252808
l2_only_count,23,96.0,0.9287103920458512,0.5074134199134198,0.5512694004480687,1.221042275428772
l2_only_count,23,97.0,0.9282610456406224,0.5004689754689754,0.5438422250870788,1.2213281393051147
l2_only_count,23,98.0,0.9334890330620064,0.5157467532467531,0.5393787039742002,1.2120652198791504
l2_only_count,23,99.0,0.9314359367872116,0.5226911976911978,0.5263193090688341,1.2274521589279177
l2_only_count,23,100.0,0.9309558802916618,0.5481541606541606,0.5193775991256799,1.2148443460464478
l2_only_count,37,1.0,0.0762977041077314,0.092063492063492,2.483984912324075,2.4785945415496826
l2_only_count,37,2.0,0.0886570826390008,0.1115079365079365,2.4756094551743,2.4730544090271
l2_only_count,37,3.0,0.1090445972239349,0.117063492063492,2.466054728847773,2.463977336883545
l2_only_count,37,4.0,0.1124834816069092,0.0962301587301587,2.454331384878766,2.455641031265259
l2_only_count,37,5.0,0.1077398918633195,0.0892857142857142,2.439448364425239,2.442725658416748
l2_only_count,37,6.0,0.1082402143919439,0.1011904761904762,2.426527810794351,2.4283785820007324
l2_only_count,37,7.0,0.1112957699474995,0.1289682539682539,2.4123503726854176,2.416506052017212
l2_only_count,37,8.0,0.1161516399684638,0.1451719576719576,2.3981966726135675,2.4088261127471924
l2_only_count,37,9.0,0.1555782893440126,0.1213624338624338,2.3827060434370977,2.394615888595581
l2_only_count,37,10.0,0.1768355798347936,0.1283068783068783,2.364502518599702,2.3836100101470947
l2_only_count,37,11.0,0.1851060648820083,0.1352513227513227,2.344161786639136,2.369168519973755
l2_only_count,37,12.0,0.2036822913866939,0.1451719576719576,2.320306230535196,2.357612133026123
l2_only_count,37,13.0,0.2203775488720457,0.166005291005291,2.293494964015258,2.33677339553833
l2_only_count,37,14.0,0.2487952659965238,0.1610449735449735,2.263864596000842,2.312449216842652
l2_only_count,37,15.0,0.2697896495452451,0.156547619047619,2.2317291003701607,2.2854182720184326
l2_only_count,37,16.0,0.2826577814510204,0.1738095238095238,2.196314624582839,2.256013870239258
l2_only_count,37,17.0,0.3142249668775751,0.2168650793650793,2.159915486629572,2.2298452854156494
l2_only_count,37,18.0,0.3135316759209194,0.1876984126984127,2.124744464115924,2.2045388221740723
l2_only_count,37,19.0,0.336031842587059,0.2719576719576719,2.087983642100467,2.1751537322998047
l2_only_count,37,20.0,0.3517262857139846,0.2988095238095238,2.0514086843973183,2.140100479125977
l2_only_count,37,21.0,0.3577110237494085,0.2892195767195767,2.0121449455747094,2.1033854484558105
l2_only_count,37,22.0,0.3960952489274292,0.2636243386243386,1.97754865033286,2.100447177886963
l2_only_count,37,23.0,0.4198311390438715,0.3336640211640211,1.9437424982681537,2.0533432960510254
l2_only_count,37,24.0,0.4276308345346555,0.3267195767195767,1.9099680521812372,2.0233376026153564
l2_only_count,37,25.0,0.427154813641968,0.2919973544973545,1.8785893791924244,2.0160253047943115
l2_only_count,37,26.0,0.4454688493186116,0.3880291005291005,1.8479221909468844,1.9681518077850344
l2_only_count,37,27.0,0.4439314609417868,0.3727513227513228,1.815512515796852,1.952044486999512
l2_only_count,37,28.0,0.4759191147782677,0.3810846560846561,1.78712593996176,1.934134602546692
l2_only_count,37,29.0,0.4750779415062752,0.3794011544011544,1.7609962333705462,1.9235806465148928
l2_only_count,37,30.0,0.492700549240475,0.4039381914381915,1.7250581565288996,1.8788384199142456
l2_only_count,37,31.0,0.4895688515481935,0.3710678210678211,1.69993605568569,1.873335838317871
l2_only_count,37,32.0,0.5262124809933024,0.4075096200096199,1.6684681131999792,1.8591811656951904
l2_only_count,37,33.0,0.5458529025051663,0.4075096200096199,1.6403543401297933,1.82257342338562
l2_only_count,37,34.0,0.5463851766306626,0.3831048581048581,1.6077717587787803,1.83356511592865
l2_only_count,37,35.0,0.5575284828033863,0.4326779701779701,1.5820996065763515,1.7930792570114136
l2_only_count,37,36.0,0.5749487281573643,0.3919372294372293,1.557488189506859,1.793105125427246
l2_only_count,37,37.0,0.5872584291501072,0.4326779701779701,1.5265587297446142,1.754023551940918
l2_only_count,37,38.0,0.6003170162316287,0.4257335257335257,1.5024735463876118,1.7593873739242554
l2_only_count,37,39.0,0.5962184843531285,0.421103896103896,1.475573834371649,1.7296663522720337
l2_only_count,37,40.0,0.6085713748476226,0.4396224146224146,1.4484595963138311,1.7227380275726318
l2_only_count,37,41.0,0.6334733705461869,0.4687890812890813,1.426116956901222,1.700549602508545
l2_only_count,37,42.0,0.617964020994383,0.4286796536796536,1.401027920529272,1.6840105056762695
l2_only_count,37,43.0,0.6506025081675122,0.4382335257335257,1.376383681921048,1.6829111576080322
l2_only_count,37,44.0,0.648714869782553,0.4368446368446368,1.35586879688368,1.6543848514556885
l2_only_count,37,45.0,0.6639120457496619,0.4785473785473786,1.3300111831363015,1.6542083024978638
l2_only_count,37,46.0,0.6623921045317448,0.4267917267917268,1.2983911852007683,1.6415016651153564
l2_only_count,37,47.0,0.6947592092487923,0.4396224146224146,1.2829404837498362,1.6223857402801514
l2_only_count,37,48.0,0.705355713206466,0.4674001924001923,1.2581142849848317,1.6050195693969729
l2_only_count,37,49.0,0.7130285276755298,0.4208032708032708,1.23314287863582,1.6148227453231812
l2_only_count,37,50.0,0.7223263131209275,0.4458092833092833,1.2137541848903268,1.5904898643493652
l2_only_count,37,51.0,0.7218031512323323,0.4444203944203944,1.1914466486124902,1.5915374755859375
l2_only_count,37,52.0,0.739257137055081,0.446566859066859,1.163860677646893,1.5595402717590332
l2_only_count,37,53.0,0.7398072163433679,0.4515271765271765,1.1519045679991915,1.557665467262268
l2_only_count,37,54.0,0.757800007317755,0.4604557479557479,1.1304276955927917,1.5598262548446655
l2_only_count,37,55.0,0.7716675253064778,0.4481541606541606,1.109294664839254,1.550031661987305
l2_only_count,37,56.0,0.7614673705566589,0.4604557479557479,1.0885047621242767,1.5276340246200562
l2_only_count,37,57.0,0.7745563166947188,0.4868807118807118,1.066950940018882,1.5348796844482422
l2_only_count,37,58.0,0.7840225652905413,0.4256974506974507,1.054192222129047,1.5253658294677734
l2_only_count,37,59.0,0.7843241157204212,0.4862493987493987,1.0395004782126815,1.506778597831726
l2_only_count,37,60.0,0.7905475960839327,0.4995430495430495,1.017761053604021,1.4876551628112793
l2_only_count,37,61.0,0.7939827433245737,0.4793049543049543,0.999800389481904,1.4881128072738647
l2_only_count,37,62.0,0.8193849918932637,0.4856180856180856,0.9784620346793208,1.4876680374145508
l2_only_count,37,63.0,0.8167225548617417,0.4793049543049543,0.9575757495097162,1.4799178838729858
l2_only_count,37,64.0,0.8276701086465178,0.4793049543049543,0.9432814774743046,1.4656033515930176
l2_only_count,37,65.0,0.838627451384148,0.4723605098605098,0.9235475194638856,1.464278221130371
l2_only_count,37,66.0,0.8295059288435077,0.4981541606541606,0.9065150007118252,1.4396268129348757
l2_only_count,37,67.0,0.8494228363058771,0.4931938431938432,0.8973218467272498,1.4435458183288574
l2_only_count,37,68.0,0.8320746584914533,0.4981541606541606,0.8811940456421569,1.4308772087097168
l2_only_count,37,69.0,0.8444180160780146,0.4981541606541607,0.8665222149092237,1.4314520359039309
l2_only_count,37,70.0,0.8651635045830787,0.518987493987494,0.8552267994609839,1.4039889574050903
l2_only_count,37,71.0,0.8502448322616548,0.5120430495430496,0.842421223087278,1.398308515548706
l2_only_count,37,72.0,0.8656425932335017,0.5050986050986052,0.8265278326049319,1.3938719034194946
l2_only_count,37,73.0,0.8659838702792318,0.5077140452140453,0.8089014179940478,1.3905832767486572
l2_only_count,37,74.0,0.874146716009364,0.5265632515632516,0.787813744323389,1.3815548419952393
l2_only_count,37,75.0,0.8766943330333469,0.5077140452140452,0.7753156612333866,1.3784328699111938
l2_only_count,37,76.0,0.8819192506357155,0.5245791245791246,0.7650208130555801,1.365148425102234
l2_only_count,37,77.0,0.8926735619485312,0.5077140452140452,0.7558719158788146,1.3583179712295532
l2_only_count,37,78.0,0.8868443642644946,0.5222342472342472,0.7478627093687731,1.340459942817688
l2_only_count,37,79.0,0.8886570751801437,0.5100589225589226,0.727467313485794,1.3668845891952517
l2_only_count,37,80.0,0.9014942606709596,0.522991822991823,0.7093908583645977,1.3354592323303225
l2_only_count,37,81.0,0.9034209014826352,0.5120430495430496,0.7078291327530669,1.3380489349365234
l2_only_count,37,82.0,0.8957914901233851,0.5497414622414621,0.6931560154420784,1.341331124305725
l2_only_count,37,83.0,0.9068805690248486,0.5546717171717171,0.6796293591057783,1.3310856819152832
l2_only_count,37,84.0,0.9003866929844039,0.5497414622414623,0.665378260530416,1.3302732706069946
l2_only_count,37,85.0,0.9071578902823308,0.5470959595959596,0.6569270197167454,1.30882728099823
l2_only_count,37,86.0,0.9091028248438026,0.5434283309283309,0.6479031170707151,1.30536949634552
l2_only_count,37,87.0,0.9143806375358308,0.5590007215007214,0.6305147267865232,1.304882287979126
l2_only_count,37,88.0,0.9216568550184872,0.5288780663780663,0.6209834380117013,1.3088518381118774
l2_only_count,37,89.0,0.915516572679119,0.5616161616161616,0.6088610697736428,1.3002235889434814
l2_only_count,37,90.0,0.9174871329830128,0.566576479076479,0.6019724039120437,1.3148201704025269
l2_only_count,37,91.0,0.92643066605289,0.5619167869167868,0.5859491149037307,1.286259412765503
l2_only_count,37,92.0,0.9248874561763468,0.5573172198172197,0.5749827519751662,1.2836012840270996
l2_only_count,37,93.0,0.9296055571994792,0.5609848484848484,0.5644335461565632,1.29583477973938
l2_only_count,37,94.0,0.9264004289943508,0.5384680134680134,0.5554834103625326,1.2831286191940308
l2_only_count,37,95.0,0.9269173851564684,0.5497113997113996,0.5483117346714368,1.2842519283294678
l2_only_count,37,96.0,0.9299088381479214,0.5351911976911977,0.5397115011223417,1.2925660610198977
l2_only_count,37,97.0,0.9314574090513312,0.5636002886002885,0.528392379645021,1.2803500890731812
l2_only_count,37,98.0,0.93631433045237,0.5351911976911977,0.5150517266814352,1.299121975898743
l2_only_count,37,99.0,0.938166182304222,0.5421356421356421,0.5113567202103528,1.2875210046768188
l2_only_count,37,100.0,0.9366615526745924,0.5427669552669553,0.496214651815247,1.2996989488601685
l1_l2_timeshared_count,11,1.0,0.114880868050636,0.0549963924963924,2.4916296903935238,2.4793732166290283
l1_l2_timeshared_count,11,2.0,0.1203568519677935,0.1128968253968253,2.467834420951016,2.467108726501465
l1_l2_timeshared_count,11,3.0,0.1194426960968766,0.1289682539682539,2.4521474374551167,2.454241991043091
l1_l2_timeshared_count,11,4.0,0.1228983004533318,0.1680555555555555,2.4388526302606843,2.4379708766937256
l1_l2_timeshared_count,11,5.0,0.1206238465122113,0.1819444444444444,2.4220396454691278,2.42360258102417
l1_l2_timeshared_count,11,6.0,0.137047194448924,0.173611111111111,2.4083034274089767,2.410414218902588
l1_l2_timeshared_count,11,7.0,0.1475897592682183,0.1825396825396825,2.391946534076369,2.398239850997925
l1_l2_timeshared_count,11,8.0,0.1702803871239405,0.169083694083694,2.3765007756047734,2.377925395965576
l1_l2_timeshared_count,11,9.0,0.1918155212684439,0.1684523809523809,2.356142491358693,2.354844808578491
l1_l2_timeshared_count,11,10.0,0.2047651015332757,0.1704365079365079,2.3358564401452595,2.33618688583374
l1_l2_timeshared_count,11,11.0,0.2295290396973711,0.2044011544011544,2.3124236695327367,2.320621490478516
l1_l2_timeshared_count,11,12.0,0.266387689287939,0.2518217893217893,2.2903357619057423,2.307478904724121
l1_l2_timeshared_count,11,13.0,0.2533048307884138,0.2518217893217893,2.265417963625437,2.2827539443969727
l1_l2_timeshared_count,11,14.0,0.2694119214906303,0.252579365079365,2.238631156553705,2.252413511276245
l1_l2_timeshared_count,11,15.0,0.2993391509697466,0.2879329004329005,2.2088115116815352,2.226801872253418
l1_l2_timeshared_count,11,16.0,0.3112034994882757,0.2746753246753247,2.1794092351516223,2.2037999629974365
l1_l2_timeshared_count,11,17.0,0.3252034802524998,0.3044733044733045,2.1493095608873745,2.1739463806152344
l1_l2_timeshared_count,11,18.0,0.3397223539741112,0.3146284271284271,2.1185047597770232,2.1495509147644043
l1_l2_timeshared_count,11,19.0,0.3577895735244052,0.3176046176046176,2.083271635994443,2.1215980052948
l1_l2_timeshared_count,11,20.0,0.3800218793774565,0.3162157287157287,2.051365714064974,2.099562406539917
l1_l2_timeshared_count,11,21.0,0.3832739659321235,0.3416847041847042,2.011285603764545,2.062987804412842
l1_l2_timeshared_count,11,22.0,0.4111367170907496,0.3522005772005772,1.977935733155006,2.0360848903656006
l1_l2_timeshared_count,11,23.0,0.4134808677811822,0.3916847041847042,1.941472063376448,2.014242649078369
l1_l2_timeshared_count,11,24.0,0.4127283220711819,0.3642316017316018,1.9068704894815995,1.9798035621643064
l1_l2_timeshared_count,11,25.0,0.4386933506402615,0.3967712842712843,1.8758596854858267,1.960393309593201
l1_l2_timeshared_count,11,26.0,0.4454390282560371,0.4148629148629148,1.8327914505119784,1.9237356185913088
l1_l2_timeshared_count,11,27.0,0.4647779190158028,0.3843073593073593,1.8032373719289256,1.9148266315460205
l1_l2_timeshared_count,11,28.0,0.4814992067643766,0.3979978354978354,1.769416147583323,1.8845276832580569
l1_l2_timeshared_count,11,29.0,0.4891939802357886,0.4293831168831168,1.7359479374401336,1.851374626159668
l1_l2_timeshared_count,11,30.0,0.5044160335520891,0.4301406926406926,1.7033020584185234,1.8448851108551023
l1_l2_timeshared_count,11,31.0,0.5104367634835648,0.4377164502164503,1.6714529835213483,1.8169909715652464
l1_l2_timeshared_count,11,32.0,0.5180596986212089,0.400974025974026,1.641434977674238,1.816384434700012
l1_l2_timeshared_count,11,33.0,0.5284330669208135,0.4168831168831169,1.6080700940806771,1.7725565433502195
l1_l2_timeshared_count,11,34.0,0.5462829993218942,0.4079184704184704,1.5801633594368494,1.7679409980773926
l1_l2_timeshared_count,11,35.0,0.551864406616862,0.4231962481962482,1.5494188962828066,1.7584290504455566
l1_l2_timeshared_count,11,36.0,0.5735222900863453,0.4231962481962482,1.519475093601903,1.739618897438049
l1_l2_timeshared_count,11,37.0,0.5866449686605607,0.4308982683982684,1.489034669945039,1.743945837020874
l1_l2_timeshared_count,11,38.0,0.584562091847523,0.4170093795093794,1.4643972670970398,1.712346434593201
l1_l2_timeshared_count,11,39.0,0.6066065657899403,0.4457130832130831,1.43964325294232,1.6839191913604736
l1_l2_timeshared_count,11,40.0,0.6071844888212007,0.4086760461760461,1.4098363687987991,1.6960216760635376
l1_l2_timeshared_count,11,41.0,0.6315780770789692,0.422564935064935,1.385453450289938,1.6639248132705688
l1_l2_timeshared_count,11,42.0,0.6374719755656856,0.4213083213083212,1.3519950651671102,1.6568264961242676
l1_l2_timeshared_count,11,43.0,0.6537301646468506,0.4165464165464165,1.33009090173265,1.642876386642456
l1_l2_timeshared_count,11,44.0,0.6622377003703979,0.4340067340067339,1.3011157274656575,1.6302717924118042
l1_l2_timeshared_count,11,45.0,0.6803191300206862,0.4275252525252525,1.284511790012944,1.6223925352096558
l1_l2_timeshared_count,11,46.0,0.6786863731664686,0.4334114959114958,1.2569543502827314,1.6171472072601318
l1_l2_timeshared_count,11,47.0,0.7031861369778322,0.4519300144300144,1.2411104091883938,1.6122965812683103
l1_l2_timeshared_count,11,48.0,0.7165634787784086,0.4793771043771044,1.2062202398625177,1.5751405954360962
l1_l2_timeshared_count,11,49.0,0.7015892802396001,0.4480579605579605,1.1839923442128193,1.5998404026031494
l1_l2_timeshared_count,11,50.0,0.7101947800802568,0.4684283309283309,1.1660484182239603,1.5484064817428589
l1_l2_timeshared_count,11,51.0,0.7195202577964563,0.4327441077441078,1.148539608193757,1.572376012802124
l1_l2_timeshared_count,11,52.0,0.7217740083307315,0.4566859066859066,1.1289666862372894,1.5370378494262695
l1_l2_timeshared_count,11,53.0,0.7323075020324642,0.4497414622414622,1.1050432224897426,1.5278934240341189
l1_l2_timeshared_count,11,54.0,0.7538597685763618,0.4639309764309764,1.079820252942136,1.5184614658355713
l1_l2_timeshared_count,11,55.0,0.763966087165758,0.4883357383357383,1.063997713505914,1.5102522373199463
l1_l2_timeshared_count,11,56.0,0.753996807009969,0.4500420875420874,1.0402702571192626,1.4990335702896118
l1_l2_timeshared_count,11,57.0,0.7712714073656888,0.4837061087061087,1.030267631946045,1.475737690925598
l1_l2_timeshared_count,11,58.0,0.7771087550940804,0.4827801827801827,1.0138860364378832,1.489029884338379
l1_l2_timeshared_count,11,59.0,0.7936455039429856,0.5222643097643097,0.9906057481511324,1.4419952630996704
l1_l2_timeshared_count,11,60.0,0.7941820866102578,0.4619468494468494,0.9757733160370188,1.4684116840362549
l1_l2_timeshared_count,11,61.0,0.8008361300859331,0.5000420875420876,0.9499197102659952,1.458246827125549
l1_l2_timeshared_count,11,62.0,0.8120180302120171,0.5128727753727754,0.9346246639340346,1.4321247339248655
l1_l2_timeshared_count,11,63.0,0.8088400474648506,0.4708754208754209,0.9221384306782904,1.4351723194122314
l1_l2_timeshared_count,11,64.0,0.8198883499004109,0.5434283309283309,0.90528850034264,1.4069926738739014
l1_l2_timeshared_count,11,65.0,0.8291302244979089,0.5357263107263107,0.8941263827317348,1.4361753463745115
l1_l2_timeshared_count,11,66.0,0.8400718297273947,0.5471320346320346,0.8674035333930523,1.3953204154968262
l1_l2_timeshared_count,11,67.0,0.8267869690190617,0.5156505531505531,0.8549889482032001,1.4133765697479248
l1_l2_timeshared_count,11,68.0,0.8426382873140135,0.5401875901875901,0.838680320065116,1.3919063806533811
l1_l2_timeshared_count,11,69.0,0.8421140860730162,0.5374098124098124,0.8215320380132087,1.3967934846878052
l1_l2_timeshared_count,11,70.0,0.8543529933544686,0.5448172198172199,0.8110068092658064,1.387563943862915
l1_l2_timeshared_count,11,71.0,0.8591471712121406,0.5304653679653679,0.7913010229136981,1.3777313232421875
l1_l2_timeshared_count,11,72.0,0.867253569247926,0.5755411255411255,0.7785580775823938,1.3631575107574463
l1_l2_timeshared_count,11,73.0,0.8673272672171072,0.5380411255411255,0.7623161649950195,1.3610610961914062
l1_l2_timeshared_count,11,74.0,0.8690198224287141,0.5533189033189033,0.7524225995996118,1.3488856554031372
l1_l2_timeshared_count,11,75.0,0.8789898278786521,0.5380411255411255,0.7423537751073066,1.3381820917129517
l1_l2_timeshared_count,11,76.0,0.8698835489890754,0.5533189033189033,0.7252391753221338,1.3385629653930664
l1_l2_timeshared_count,11,77.0,0.8857377617880285,0.5570226070226071,0.7159838980118297,1.3122179508209229
l1_l2_timeshared_count,11,78.0,0.8896647190252414,0.5417448292448293,0.7031567948205131,1.3086012601852417
l1_l2_timeshared_count,11,79.0,0.8865842360122759,0.5513347763347763,0.6896017588764788,1.3125702142715454
l1_l2_timeshared_count,11,80.0,0.9004255380951153,0.5480579605579605,0.6727866659681481,1.3120973110198977
l1_l2_timeshared_count,11,81.0,0.8965818941224479,0.5639670514670515,0.6629920382302722,1.2866228818893433
l1_l2_timeshared_count,11,82.0,0.909494915256845,0.5599627224627225,0.6544201362769082,1.3076082468032837
l1_l2_timeshared_count,11,83.0,0.9067236822116556,0.5536495911495912,0.6412503859877792,1.294848918914795
l1_l2_timeshared_count,11,84.0,0.91106724230087,0.5744829244829246,0.6327190883393542,1.273193597793579
l1_l2_timeshared_count,11,85.0,0.9085126172664064,0.5883718133718133,0.6214508456330291,1.266453981399536
l1_l2_timeshared_count,11,86.0,0.91508019597235,0.5940596440596441,0.6021817851805236,1.273456335067749
l1_l2_timeshared_count,11,87.0,0.9191856784217572,0.5828162578162578,0.5965446748749935,1.2849888801574707
l1_l2_timeshared_count,11,88.0,0.9218126760013984,0.5744829244829245,0.5926690113934305,1.2533602714538574
l1_l2_timeshared_count,11,89.0,0.9268483234512618,0.5996151996151996,0.5841323671775923,1.259057879447937
l1_l2_timeshared_count,11,90.0,0.9281030381926116,0.5590367965367966,0.5681208919945354,1.2792609930038452
l1_l2_timeshared_count,11,91.0,0.925650015688675,0.6010040885040885,0.5591310322182109,1.226615071296692
l1_l2_timeshared_count,11,92.0,0.9328145622039428,0.555002405002405,0.5501757578061903,1.272281527519226
l1_l2_timeshared_count,11,93.0,0.9374383236044338,0.590055315055315,0.5447624273431486,1.2409173250198364
l1_l2_timeshared_count,11,94.0,0.9359781747300694,0.6022607022607023,0.5335237115057323,1.2316957712173462
l1_l2_timeshared_count,11,95.0,0.9350937789333524,0.5946849446849448,0.5213811057980418,1.2483255863189695
l1_l2_timeshared_count,11,96.0,0.934220662500859,0.5807960557960558,0.5158653500363256,1.2378082275390625
l1_l2_timeshared_count,11,97.0,0.9308339439608384,0.5986892736892737,0.5045747146548996,1.2166314125061035
l1_l2_timeshared_count,11,98.0,0.9414096799532412,0.5550024050024049,0.4943921769137226,1.2456871271133425
l1_l2_timeshared_count,11,99.0,0.9381125526977808,0.5792087542087542,0.4815071991511753,1.2165831327438354
l1_l2_timeshared_count,11,100.0,0.9443756106275052,0.5827801827801828,0.472727333719677,1.217938780784607
l1_l2_timeshared_count,23,1.0,0.1001028363444675,0.0716269841269841,2.481673541044409,2.4813246726989746
l1_l2_timeshared_count,23,2.0,0.1175636625552937,0.0951058201058201,2.473693165229233,2.4751908779144287
l1_l2_timeshared_count,23,3.0,0.1147965013447362,0.0957010582010581,2.465143530381116,2.468022108078003
l1_l2_timeshared_count,23,4.0,0.1076033435467397,0.0685185185185185,2.456107896699758,2.461654663085937
l1_l2_timeshared_count,23,5.0,0.117966658603451,0.0787037037037037,2.444230100579188,2.4507040977478027
l1_l2_timeshared_count,23,6.0,0.1211059708111595,0.0886243386243386,2.4328782131667803,2.436903715133667
l1_l2_timeshared_count,23,7.0,0.1305613341934096,0.1094576719576719,2.418882371636553,2.4247779846191406
l1_l2_timeshared_count,23,8.0,0.1398778086867709,0.119047619047619,2.4064357186348637,2.41602087020874
l1_l2_timeshared_count,23,9.0,0.1663678349370173,0.1289682539682539,2.3908098605741936,2.407472848892212
l1_l2_timeshared_count,23,10.0,0.1839819294379042,0.1359126984126984,2.376082351408809,2.398064613342285
l1_l2_timeshared_count,23,11.0,0.1941068420864018,0.1428571428571428,2.357565151844911,2.386867046356201
l1_l2_timeshared_count,23,12.0,0.1988783283162214,0.1590608465608465,2.338166946798512,2.3751957416534424
l1_l2_timeshared_count,23,13.0,0.2194077008188643,0.1673941798941799,2.317382873233132,2.359808444976806
l1_l2_timeshared_count,23,14.0,0.237266266219975,0.178968253968254,2.290528339691293,2.3389906883239746
l1_l2_timeshared_count,23,15.0,0.2557878532399897,0.1837301587301587,2.2639476202441164,2.3186824321746826
l1_l2_timeshared_count,23,16.0,0.2507500694332455,0.1634920634920635,2.23081287582647,2.296721935272217
l1_l2_timeshared_count,23,17.0,0.2829170586285366,0.2125661375661375,2.1992565900241243,2.2733120918273926
l1_l2_timeshared_count,23,18.0,0.2886690094787579,0.2607142857142857,2.1634339486054834,2.246525526046753
l1_l2_timeshared_count,23,19.0,0.3253139166621871,0.2613095238095238,2.131333613354655,2.19540810585022
l1_l2_timeshared_count,23,20.0,0.3178525976992958,0.2634920634920635,2.09452648581408,2.17710280418396
l1_l2_timeshared_count,23,21.0,0.3548502369689477,0.2769179894179894,2.0571532532598398,2.136819839477539
l1_l2_timeshared_count,23,22.0,0.3777311567130749,0.3066798941798942,2.021303881876645,2.0990965366363525
l1_l2_timeshared_count,23,23.0,0.4033813206651256,0.2968253968253968,1.984064965978547,2.070919752120972
l1_l2_timeshared_count,23,24.0,0.4012262359117705,0.3156746031746031,1.9468893590359184,2.047653913497925
l1_l2_timeshared_count,23,25.0,0.4246307258053465,0.3724206349206349,1.906687830278262,1.9894790649414065
l1_l2_timeshared_count,23,26.0,0.4319295149791358,0.3500661375661375,1.8731071171374825,1.973887324333191
l1_l2_timeshared_count,23,27.0,0.4640570221283333,0.368452380952381,1.8283068641327744,1.9482076168060305
l1_l2_timeshared_count,23,28.0,0.48301466244673,0.3962301587301586,1.791342148887516,1.9106194972991943
l1_l2_timeshared_count,23,29.0,0.4949064180782224,0.4031746031746031,1.7505015658019127,1.895569324493408
l1_l2_timeshared_count,23,30.0,0.5171655044790033,0.3634920634920635,1.716967176242047,1.8497258424758911
l1_l2_timeshared_count,23,31.0,0.5351393469817071,0.3986772486772487,1.6856646972761302,1.829291820526123
l1_l2_timeshared_count,23,32.0,0.5493545129212564,0.4157106782106781,1.6546368754874408,1.836164474487305
l1_l2_timeshared_count,23,33.0,0.5691084919175571,0.4217291967291967,1.6175642969686277,1.7727643251419067
l1_l2_timeshared_count,23,34.0,0.577146518628034,0.4235870610870611,1.5817917651030364,1.7753251791000366
l1_l2_timeshared_count,23,35.0,0.5917307011872937,0.4388648388648389,1.5517549211104849,1.7285895347595217
l1_l2_timeshared_count,23,36.0,0.5846325463827,0.4103294853294854,1.5246446321425051,1.7270599603652954
l1_l2_timeshared_count,23,37.0,0.6240414640577616,0.4711760461760461,1.497348763035825,1.7016278505325315
l1_l2_timeshared_count,23,38.0,0.6264887456006344,0.4920454545454544,1.466807754642992,1.6670355796813965
l1_l2_timeshared_count,23,39.0,0.6519243371086454,0.4673100048100048,1.439753800374095,1.668110489845276
l1_l2_timeshared_count,23,40.0,0.6343141390848761,0.4680675805675805,1.4108948188476431,1.6257359981536863
l1_l2_timeshared_count,23,41.0,0.6334834309079322,0.4666786916786917,1.381687219499926,1.6321587562561035
l1_l2_timeshared_count,23,42.0,0.6622664072157466,0.4773268398268398,1.357151639646179,1.5998544692993164
l1_l2_timeshared_count,23,43.0,0.6777257740108977,0.4676046176046176,1.329599905137146,1.5849186182022097
l1_l2_timeshared_count,23,44.0,0.6840487447946528,0.4514009139009138,1.3035365496978495,1.5774279832839966
l1_l2_timeshared_count,23,45.0,0.6991703182765235,0.4686988936988936,1.2823495230863509,1.5599637031555176
l1_l2_timeshared_count,23,46.0,0.7020431504734415,0.5087121212121212,1.2592112995466145,1.5392979383468628
l1_l2_timeshared_count,23,47.0,0.7044019441113246,0.4643578643578643,1.2363857718219855,1.5259816646575928
l1_l2_timeshared_count,23,48.0,0.7115688779283218,0.5043771043771044,1.2124054040022438,1.513318657875061
l1_l2_timeshared_count,23,49.0,0.7262098877123698,0.4759379509379509,1.1922574703951916,1.5030765533447266
l1_l2_timeshared_count,23,50.0,0.7278795089576494,0.5176406926406927,1.1762718503938896,1.4797124862670898
l1_l2_timeshared_count,23,51.0,0.7350233137730228,0.4836399711399711,1.1509888689202,1.478769063949585
l1_l2_timeshared_count,23,52.0,0.7499052660567046,0.5005050505050505,1.1300867713872411,1.4627139568328855
l1_l2_timeshared_count,23,53.0,0.7579138810917271,0.5282828282828282,1.112921912986112,1.4534529447555542
l1_l2_timeshared_count,23,54.0,0.7484243035926649,0.5179653679653681,1.0901964236044432,1.437191367149353
l1_l2_timeshared_count,23,55.0,0.7704683473226638,0.4886002886002886,1.0711697703179313,1.4519718885421753
l1_l2_timeshared_count,23,56.0,0.7657795307069112,0.5332431457431458,1.0492243760629285,1.432958960533142
l1_l2_timeshared_count,23,57.0,0.7783185708529189,0.5264670514670514,1.034004916217364,1.440568923950195
l1_l2_timeshared_count,23,58.0,0.7870670545161776,0.5159812409812409,1.0237080340951732,1.4059748649597168
l1_l2_timeshared_count,23,59.0,0.7973885462532261,0.4838383838383838,0.9968797112085732,1.4049718379974363
l1_l2_timeshared_count,23,60.0,0.8155420171351916,0.5394300144300145,0.9785060976950928,1.39982271194458
l1_l2_timeshared_count,23,61.0,0.8132621837644408,0.4983585858585858,0.9750173176012022,1.3864781856536863
l1_l2_timeshared_count,23,62.0,0.8198683684514169,0.5153499278499278,0.9523240319627904,1.390661597251892
l1_l2_timeshared_count,23,63.0,0.8125654336619378,0.5367784992784993,0.9344928437994596,1.3602986335754397
l1_l2_timeshared_count,23,64.0,0.8322418161081594,0.5653499278499278,0.9172269999467978,1.3691078424453735
l1_l2_timeshared_count,23,65.0,0.8384187597281768,0.5661796536796536,0.8999313739819289,1.3476428985595703
l1_l2_timeshared_count,23,66.0,0.8361129995194371,0.530465367965368,0.8865131533699889,1.3344650268554688
l1_l2_timeshared_count,23,67.0,0.8485273068157752,0.4858225108225107,0.8808500883706465,1.342331051826477
l1_l2_timeshared_count,23,68.0,0.8461916686573953,0.5394300144300145,0.8663808713681521,1.3354672193527222
l1_l2_timeshared_count,23,69.0,0.8488165133686687,0.555002405002405,0.8486769832350096,1.311495661735535
l1_l2_timeshared_count,23,70.0,0.8606421684611614,0.5179653679653681,0.8347296040768057,1.3230679035186768
l1_l2_timeshared_count,23,71.0,0.8668174281220344,0.5264610389610389,0.8195184693894575,1.304628849029541
l1_l2_timeshared_count,23,72.0,0.8557750006732096,0.5565897065897066,0.8046928529279778,1.3229422569274902
l1_l2_timeshared_count,23,73.0,0.8702954844029054,0.5487193362193362,0.7921077866562467,1.2987091541290283
l1_l2_timeshared_count,23,74.0,0.8773911800159891,0.5247775372775373,0.7831450200121908,1.299811840057373
l1_l2_timeshared_count,23,75.0,0.8791091317642312,0.5585738335738336,0.7658406412950276,1.277114987373352
l1_l2_timeshared_count,23,76.0,0.8907880895646283,0.5397246272246273,0.7509598045669201,1.28134286403656
l1_l2_timeshared_count,23,77.0,0.892564564928232,0.565518278018278,0.7402053187102746,1.2684178352355957
l1_l2_timeshared_count,23,78.0,0.8922369598185299,0.531060606060606,0.729987043008952,1.2759273052215576
l1_l2_timeshared_count,23,79.0,0.8862593272049835,0.4986531986531986,0.7234358167894531,1.2800379991531372
l1_l2_timeshared_count,23,80.0,0.8954267264971546,0.5857563732563732,0.7037432521017406,1.2562025785446167
l1_l2_timeshared_count,23,81.0,0.8956902632132439,0.5119107744107744,0.6936832646905042,1.2634379863739014
l1_l2_timeshared_count,23,82.0,0.8992871062110287,0.5794071669071669,0.6806994268282761,1.2380412817001345
l1_l2_timeshared_count,23,83.0,0.9014992382148276,0.5578162578162578,0.6689653940332121,1.2419345378875732
l1_l2_timeshared_count,23,84.0,0.9096490971612552,0.5530182780182781,0.6539354183792863,1.2436434030532837
l1_l2_timeshared_count,23,85.0,0.9116927159064104,0.5536135161135162,0.6464874352522438,1.2287334203720093
l1_l2_timeshared_count,23,86.0,0.9120827080856184,0.5411135161135162,0.6362724990524646,1.2328951358795166
l1_l2_timeshared_count,23,87.0,0.9131326302831528,0.5571849446849447,0.6210741023188409,1.2356748580932615
l1_l2_timeshared_count,23,88.0,0.9136176624312938,0.5633357383357384,0.6145900413009263,1.2180830240249634
l1_l2_timeshared_count,23,89.0,0.9170981257341768,0.5960738335738337,0.6072218619197248,1.2135000228881836
l1_l2_timeshared_count,23,90.0,0.9285368346236348,0.5591690716690717,0.593708975384855,1.205124020576477
l1_l2_timeshared_count,23,91.0,0.9248912993789504,0.5480579605579605,0.5837030808814831,1.2159754037857056
l1_l2_timeshared_count,23,92.0,0.9280246425673252,0.5432960557960559,0.5758215781948858,1.2198128700256348
l1_l2_timeshared_count,23,93.0,0.9281011759221603,0.5641293891293891,0.5615850764995187,1.20556902885437
l1_l2_timeshared_count,23,94.0,0.9306213372124827,0.5585738335738336,0.5523594900991338,1.2201166152954102
l1_l2_timeshared_count,23,95.0,0.9310077668206108,0.5724627224627225,0.5475097958274224,1.1991828680038452
l1_l2_timeshared_count,23,96.0,0.9386644475270984,0.5641293891293891,0.5360879932951804,1.195022463798523
l1_l2_timeshared_count,23,97.0,0.9450783323843798,0.565518278018278,0.5289013784846833,1.2142784595489502
l1_l2_timeshared_count,23,98.0,0.9450783323843798,0.5571849446849447,0.5252848314746522,1.1845077276229858
l1_l2_timeshared_count,23,99.0,0.9382127954638114,0.569390331890332,0.5105182526443993,1.2040677070617676
l1_l2_timeshared_count,23,100.0,0.9402961287971447,0.5579425204425205,0.5068360222391335,1.1816136837005615
l1_l2_timeshared_count,37,1.0,0.0921213286018595,0.0694444444444444,2.483562718159976,2.4778294563293457
l1_l2_timeshared_count,37,2.0,0.0995377399333651,0.1041666666666666,2.474590714334826,2.47092080116272
l1_l2_timeshared_count,37,3.0,0.1029172687727996,0.0902777777777777,2.465042951800532,2.46304988861084
l1_l2_timeshared_count,37,4.0,0.1090857854994924,0.0972222222222222,2.452209855110838,2.451544523239136
l1_l2_timeshared_count,37,5.0,0.103972847121432,0.1091269841269841,2.4363790292953253,2.437883138656616
l1_l2_timeshared_count,37,6.0,0.1165173963876794,0.117063492063492,2.422861365976514,2.4252870082855225
l1_l2_timeshared_count,37,7.0,0.1145035074987905,0.1101190476190476,2.408730918076691,2.414335966110229
l1_l2_timeshared_count,37,8.0,0.1178281056818792,0.1031746031746031,2.394636522677186,2.404021739959717
l1_l2_timeshared_count,37,9.0,0.1626742537309499,0.1332671957671957,2.377049643488636,2.389433622360229
l1_l2_timeshared_count,37,10.0,0.192438852630769,0.119047619047619,2.358132402991264,2.3781073093414307
l1_l2_timeshared_count,37,11.0,0.2002438661590529,0.1398809523809523,2.33533159344619,2.364609956741333
l1_l2_timeshared_count,37,12.0,0.2214121266283215,0.1448412698412698,2.310221777930728,2.3487982749938965
l1_l2_timeshared_count,37,13.0,0.2341696903725205,0.1693783068783068,2.283191677214972,2.325831890106201
l1_l2_timeshared_count,37,14.0,0.2630445694242864,0.1783068783068783,2.2506137981677425,2.300710439682007
l1_l2_timeshared_count,37,15.0,0.2742995193427583,0.2025132275132275,2.215423743203667,2.265345811843872
l1_l2_timeshared_count,37,16.0,0.2876535904234295,0.2003306878306878,2.1767135983695263,2.2282607555389404
l1_l2_timeshared_count,37,17.0,0.317116108592015,0.2261243386243386,2.136014378214457,2.1972968578338623
l1_l2_timeshared_count,37,18.0,0.3183510980992945,0.2420334295334295,2.096367566392672,2.1720287799835205
l1_l2_timeshared_count,37,19.0,0.352570672414551,0.2531445406445406,2.057256541646081,2.139690637588501
l1_l2_timeshared_count,37,20.0,0.371874391965032,0.2645562770562771,2.017645858856569,2.097844123840332
l1_l2_timeshared_count,37,21.0,0.3848503634932618,0.2786135161135161,1.979271365525185,2.060767889022827
l1_l2_timeshared_count,37,22.0,0.4090258734317233,0.2725529100529101,1.9425979858831777,2.058393716812134
l1_l2_timeshared_count,37,23.0,0.4277096155342175,0.3474266474266474,1.9032434518489083,2.0060248374938965
l1_l2_timeshared_count,37,24.0,0.4306908880147024,0.3487193362193362,1.8688054353562975,1.9766788482666016
l1_l2_timeshared_count,37,25.0,0.409342796629518,0.3592412217412217,1.8332935819937728,1.9755173921585083
l1_l2_timeshared_count,37,26.0,0.4553020144090327,0.4113876863876863,1.8016149689941927,1.9225603342056277
l1_l2_timeshared_count,37,27.0,0.4666518963873904,0.3897967772967772,1.7675549825990056,1.911367654800415
l1_l2_timeshared_count,37,28.0,0.5017563025556161,0.4524591149591149,1.7371169464108045,1.8731242418289185
l1_l2_timeshared_count,37,29.0,0.5188336034162058,0.4384800384800384,1.70644250753209,1.875016212463379
l1_l2_timeshared_count,37,30.0,0.5130277793035496,0.4557419432419431,1.673759760832007,1.8280166387557983
l1_l2_timeshared_count,37,31.0,0.5238730435566985,0.4251503126503126,1.6440339868122045,1.8115307092666624
l1_l2_timeshared_count,37,32.0,0.5628503400244252,0.4392015392015391,1.6125747630189906,1.7986156940460205
l1_l2_timeshared_count,37,33.0,0.5701996884118824,0.4492183742183742,1.5825357299663525,1.7677762508392334
l1_l2_timeshared_count,37,34.0,0.5763409079959388,0.4421476671476671,1.5502512518592215,1.758653163909912
l1_l2_timeshared_count,37,35.0,0.6036196400483991,0.440590428090428,1.5241414304444385,1.7357726097106934
l1_l2_timeshared_count,37,36.0,0.6017885648106923,0.4379749879749879,1.4928644273859704,1.7194234132766724
l1_l2_timeshared_count,37,37.0,0.620917601416569,0.4401575276575276,1.4613917932658105,1.6906810998916626
l1_l2_timeshared_count,37,38.0,0.6310816955893513,0.4339706589706589,1.440480210694922,1.7021931409835815
l1_l2_timeshared_count,37,39.0,0.6426850330330036,0.4305675805675805,1.4158680375389716,1.6614755392074585
l1_l2_timeshared_count,37,40.0,0.6523554524737275,0.4299723424723425,1.389587408088776,1.666346549987793
l1_l2_timeshared_count,37,41.0,0.6794483701407311,0.4527898027898028,1.3671063904918204,1.6394567489624023
l1_l2_timeshared_count,37,42.0,0.6616984083105283,0.4319564694564695,1.3439298685569567,1.6277976036071775
l1_l2_timeshared_count,37,43.0,0.6950751982406924,0.4646945646945646,1.317658399140363,1.6093798875808716
l1_l2_timeshared_count,37,44.0,0.6955296665431089,0.4229918229918231,1.2972945553505482,1.5987025499343872
l1_l2_timeshared_count,37,45.0,0.7046248920654525,0.4603595478595478,1.2722734916641052,1.5810178518295288
l1_l2_timeshared_count,37,46.0,0.7107495189441027,0.4495430495430495,1.2442858754665225,1.5585849285125732
l1_l2_timeshared_count,37,47.0,0.7202990449552065,0.4551346801346802,1.231487701764,1.5521490573883057
l1_l2_timeshared_count,37,48.0,0.7216172797898075,0.4603595478595478,1.2087848090058555,1.532326579093933
l1_l2_timeshared_count,37,49.0,0.7177974895816556,0.4677609427609427,1.1849842923028129,1.5109269618988037
l1_l2_timeshared_count,37,50.0,0.7289030097163532,0.4640632515632516,1.1712219762309692,1.5295648574829102
l1_l2_timeshared_count,37,51.0,0.7479128929950597,0.4557299182299182,1.150042873036225,1.5034600496292114
l1_l2_timeshared_count,37,52.0,0.759402733432642,0.511916786916787,1.1285767066909609,1.4679646492004397
l1_l2_timeshared_count,37,53.0,0.759639056923548,0.468987493987494,1.1159095308661666,1.467048168182373
l1_l2_timeshared_count,37,54.0,0.7612871794268287,0.4904521404521405,1.093179391296308,1.4545507431030271
l1_l2_timeshared_count,37,55.0,0.7672298628755239,0.4878367003367003,1.072809989604195,1.4611448049545288
l1_l2_timeshared_count,37,56.0,0.7728627146293522,0.517003367003367,1.0550705641764575,1.4262104034423828
l1_l2_timeshared_count,37,57.0,0.7780121885500093,0.4759319384319384,1.035342489995973,1.4402661323547363
l1_l2_timeshared_count,37,58.0,0.7748510297753151,0.4842652717652718,1.0253537989729653,1.4185651540756226
l1_l2_timeshared_count,37,59.0,0.7864523692440701,0.4930675805675805,1.005818914320711,1.4287573099136353
l1_l2_timeshared_count,37,60.0,0.8008851181583242,0.4628006253006254,0.9907236099243164,1.4038395881652832
l1_l2_timeshared_count,37,61.0,0.8008107883538335,0.4620430495430496,0.9710558402558818,1.4102152585983276
l1_l2_timeshared_count,37,62.0,0.8051966500645688,0.4753367003367003,0.9496625535664583,1.3926650285720823
l1_l2_timeshared_count,37,63.0,0.8073349891103239,0.4813251563251563,0.9350854402565094,1.3775349855422974
l1_l2_timeshared_count,37,64.0,0.8150712874408693,0.4716029341029341,0.9183438934270364,1.3813012838363647
l1_l2_timeshared_count,37,65.0,0.8359332512034557,0.4931938431938432,0.9026844168078674,1.3546431064605713
l1_l2_timeshared_count,37,66.0,0.8243489149747428,0.490614478114478,0.8835506201200765,1.3693113327026367
l1_l2_timeshared_count,37,67.0,0.8390943861353084,0.4828763828763829,0.8715870066476976,1.3476122617721558
l1_l2_timeshared_count,37,68.0,0.8364607830047066,0.5332070707070706,0.8587754794529506,1.3339078426361084
l1_l2_timeshared_count,37,69.0,0.8402564001625156,0.4779521404521404,0.8464899742254497,1.344467043876648
l1_l2_timeshared_count,37,70.0,0.8501580125480839,0.5417087542087543,0.8389758340462965,1.319901943206787
l1_l2_timeshared_count,37,71.0,0.8540457815459157,0.5043410293410294,0.8268196425831872,1.326743245124817
l1_l2_timeshared_count,37,72.0,0.8427576940510672,0.519949494949495,0.8075726562646088,1.3166671991348269
l1_l2_timeshared_count,37,73.0,0.864587023576244,0.5358225108225108,0.7880062052592148,1.3229191303253174
l1_l2_timeshared_count,37,74.0,0.8654802348493572,0.4973965848965849,0.7681786806776273,1.311120867729187
l1_l2_timeshared_count,37,75.0,0.8580217505283589,0.5001743626743627,0.7574389565627053,1.3229151964187622
l1_l2_timeshared_count,37,76.0,0.8645508174983711,0.531523569023569,0.7497466010604176,1.3008710145950315
l1_l2_timeshared_count,37,77.0,0.8722567055166435,0.4918410293410293,0.7423904775136925,1.3058829307556152
l1_l2_timeshared_count,37,78.0,0.8689965511350501,0.5091029341029342,0.7287806667477251,1.2804681062698364
l1_l2_timeshared_count,37,79.0,0.8795341416192725,0.4941558441558442,0.7106174826622009,1.312334656715393
l1_l2_timeshared_count,37,80.0,0.8831150888791442,0.542039442039442,0.6940670330430062,1.2651227712631226
l1_l2_timeshared_count,37,81.0,0.8876645889861269,0.4973965848965849,0.6877008351319424,1.278210163116455
l1_l2_timeshared_count,37,82.0,0.8892897762055613,0.5338383838383838,0.6740543072892549,1.2696095705032349
l1_l2_timeshared_count,37,83.0,0.8934040728138459,0.5638047138047139,0.6566321301993733,1.2571003437042236
l1_l2_timeshared_count,37,84.0,0.8978034093640335,0.5176346801346801,0.6457277015236281,1.2778830528259275
l1_l2_timeshared_count,37,85.0,0.8928360891025955,0.5393939393939393,0.6396683230867894,1.2432242631912231
l1_l2_timeshared_count,37,86.0,0.9023375794799644,0.5238215488215489,0.6275516637631414,1.2611862421035769
l1_l2_timeshared_count,37,87.0,0.8974182833983472,0.5457431457431458,0.6125698133713202,1.2541309595108032
l1_l2_timeshared_count,37,88.0,0.9074876422465644,0.4716029341029341,0.6050611306591002,1.258539795875549
l1_l2_timeshared_count,37,89.0,0.9103805659053038,0.5344696969696969,0.593730234443218,1.2413846254348757
l1_l2_timeshared_count,37,90.0,0.9192978763117003,0.5480579605579605,0.5839288010039141,1.2334651947021484
l1_l2_timeshared_count,37,91.0,0.9193875334722048,0.5281204906204905,0.5716114667935134,1.2229729890823364
l1_l2_timeshared_count,37,92.0,0.9208387120192028,0.5414141414141415,0.563899042684322,1.225882887840271
l1_l2_timeshared_count,37,93.0,0.931709505708393,0.5672077922077922,0.5528245465685702,1.210053324699402
l1_l2_timeshared_count,37,94.0,0.9337517476038072,0.5791125541125541,0.5490808989628252,1.2138136625289917
l1_l2_timeshared_count,37,95.0,0.9279777684964948,0.5608946608946608,0.5456205511052103,1.2201112508773804
l1_l2_timeshared_count,37,96.0,0.937969527415834,0.5357263107263107,0.5337561724928693,1.2092746496200562
l1_l2_timeshared_count,37,97.0,0.9440752953290844,0.5384680134680134,0.5233311555163995,1.2130184173583984
l1_l2_timeshared_count,37,98.0,0.9407230035576748,0.5406866281866282,0.5095277244478413,1.2173678874969482
l1_l2_timeshared_count,37,99.0,0.9389216377121916,0.5357263107263106,0.5050146205289844,1.2108653783798218
l1_l2_timeshared_count,37,100.0,0.9477446084959468,0.5588744588744589,0.4969598634517952,1.2185606956481934
l1_fixed250_l2_whole_count,11,1.0,0.1189154291169226,0.075036075036075,2.4900100243481424,2.4790303707122803
l1_fixed250_l2_whole_count,11,2.0,0.1273811657249041,0.0624999999999999,2.4663634911666845,2.466400146484375
l1_fixed250_l2_whole_count,11,3.0,0.1260804807731833,0.1567460317460317,2.4489528611687086,2.44989275932312
l1_fixed250_l2_whole_count,11,4.0,0.1165617104768048,0.1636904761904762,2.432708782911711,2.428557872772217
l1_fixed250_l2_whole_count,11,5.0,0.1276425160183946,0.1448412698412698,2.414545596774392,2.411695003509521
l1_fixed250_l2_whole_count,11,6.0,0.1271939337741224,0.1448412698412698,2.399571018662182,2.3957622051239014
l1_fixed250_l2_whole_count,11,7.0,0.1571453278672109,0.1656746031746031,2.379593621432884,2.381538152694702
l1_fixed250_l2_whole_count,11,8.0,0.1777190282929276,0.1829725829725829,2.3598716722708355,2.3605215549468994
l1_fixed250_l2_whole_count,11,9.0,0.197775582791306,0.2032106782106782,2.337144963712577,2.341924905776977
l1_fixed250_l2_whole_count,11,10.0,0.2246816472517082,0.1982503607503607,2.310800721846431,2.320441246032715
l1_fixed250_l2_whole_count,11,11.0,0.2527784259970719,0.2194143819143819,2.281735594629626,2.299345016479492
l1_fixed250_l2_whole_count,11,12.0,0.2647809717070723,0.26756253006253,2.251978514732059,2.2667150497436523
l1_fixed250_l2_whole_count,11,13.0,0.2789287444940885,0.2924302549302549,2.2150075308427137,2.234081029891968
l1_fixed250_l2_whole_count,11,14.0,0.3055272842352013,0.3053932178932179,2.1809166491339416,2.190133810043335
l1_fixed250_l2_whole_count,11,15.0,0.3585143584526215,0.3438191438191438,2.1401852469846427,2.1561026573181152
l1_fixed250_l2_whole_count,11,16.0,0.3429846499826614,0.3321188071188071,2.0997651558940054,2.114717721939087
l1_fixed250_l2_whole_count,11,17.0,0.3622980520219698,0.333603896103896,2.057359667940517,2.087296962738037
l1_fixed250_l2_whole_count,11,18.0,0.3827473206935841,0.3418109668109668,2.018249510077314,2.048875331878662
l1_fixed250_l2_whole_count,11,19.0,0.3986501669823442,0.3504689754689754,1.9675876934228789,2.02535343170166
l1_fixed250_l2_whole_count,11,20.0,0.41703500278787,0.3556998556998557,1.9310504992119009,1.993954300880432
l1_fixed250_l2_whole_count,11,21.0,0.4328764230521537,0.3564213564213564,1.8759194444255864,1.9428491592407229
l1_fixed250_l2_whole_count,11,22.0,0.470716891056284,0.3488816738816738,1.8385293680706447,1.9379302263259888
l1_fixed250_l2_whole_count,11,23.0,0.4697805027128479,0.3796356421356421,1.7950274064085363,1.8857545852661133
l1_fixed250_l2_whole_count,11,24.0,0.4963655340177768,0.3963023088023088,1.7545386087053203,1.8686951398849487
l1_fixed250_l2_whole_count,11,25.0,0.5204199836479755,0.3897907647907648,1.7187085190656468,1.8057328462600708
l1_fixed250_l2_whole_count,11,26.0,0.5495547050928616,0.417929292929293,1.6735111261604163,1.788870930671692
l1_fixed250_l2_whole_count,11,27.0,0.554931856116703,0.4072150072150072,1.6346535239490505,1.7667309045791626
l1_fixed250_l2_whole_count,11,28.0,0.5758035953381999,0.4490500240500241,1.5973085281976118,1.721038579940796
l1_fixed250_l2_whole_count,11,29.0,0.5891481723777454,0.4425685425685426,1.5630154576851456,1.6988284587860107
l1_fixed250_l2_whole_count,11,30.0,0.6036996862273512,0.4558621933621933,1.5295901292367564,1.673215389251709
l1_fixed250_l2_whole_count,11,31.0,0.5912151025583904,0.4546055796055796,1.4947728599820818,1.6737290620803833
l1_fixed250_l2_whole_count,11,32.0,0.6149875563740833,0.4698833573833574,1.4629557342004038,1.6234607696533203
l1_fixed250_l2_whole_count,11,33.0,0.6116318364185206,0.4928992303992303,1.4248352204665875,1.5991147756576538
l1_fixed250_l2_whole_count,11,34.0,0.6315226437891667,0.4728234728234727,1.3921252136181226,1.5603549480438232
l1_fixed250_l2_whole_count,11,35.0,0.6531061963491434,0.4777837902837902,1.365682862096317,1.6076834201812744
l1_fixed250_l2_whole_count,11,36.0,0.6515152421380418,0.4881012506012505,1.342656876872616,1.5524429082870483
l1_fixed250_l2_whole_count,11,37.0,0.6744008114913352,0.4791726791726792,1.305997525558209,1.5741124153137207
l1_fixed250_l2_whole_count,11,38.0,0.660295412746878,0.4853234728234727,1.2843777981559503,1.497277021408081
l1_fixed250_l2_whole_count,11,39.0,0.6663144014921386,0.5078763828763829,1.266564678407167,1.5425883531570437
l1_fixed250_l2_whole_count,11,40.0,0.6908662778294414,0.5291726791726793,1.2410672853817832,1.499004602432251
l1_fixed250_l2_whole_count,11,41.0,0.6941702450692238,0.5226911976911978,1.2219542825078389,1.4768998622894287
l1_fixed250_l2_whole_count,11,42.0,0.7094631775230393,0.5103234728234728,1.1850857389978615,1.5123430490493774
l1_fixed250_l2_whole_count,11,43.0,0.6968391846302291,0.5339706589706591,1.1684824800737548,1.4387502670288086
l1_fixed250_l2_whole_count,11,44.0,0.7049305186437763,0.5283790283790283,1.1376337547515634,1.4644570350646973
l1_fixed250_l2_whole_count,11,45.0,0.7104878041441358,0.5500060125060126,1.1253441005893912,1.420499324798584
l1_fixed250_l2_whole_count,11,46.0,0.7245148378637452,0.5314874939874941,1.1067089730819204,1.4790772199630735
l1_fixed250_l2_whole_count,11,47.0,0.732152680430132,0.5638949013949014,1.0929785353386463,1.4054487943649292
l1_fixed250_l2_whole_count,11,48.0,0.7276879521236075,0.556950456950457,1.0647057157375317,1.4085699319839478
l1_fixed250_l2_whole_count,11,49.0,0.7369584958046628,0.5248436748436748,1.037790608385549,1.4230523109436035
l1_fixed250_l2_whole_count,11,50.0,0.7231100402530072,0.5777837902837903,1.0153414940464722,1.3736848831176758
l1_fixed250_l2_whole_count,11,51.0,0.7425199195893569,0.5367123617123617,1.0009730494165996,1.3754271268844604
l1_fixed250_l2_whole_count,11,52.0,0.7482452316101308,0.5686568061568061,0.9860044594680996,1.3739831447601318
l1_fixed250_l2_whole_count,11,53.0,0.7484748673326477,0.5652837902837903,0.9612432381782596,1.3503751754760742
l1_fixed250_l2_whole_count,11,54.0,0.7693386117220148,0.5881373256373256,0.9459635731275232,1.354330062866211
l1_fixed250_l2_whole_count,11,55.0,0.782057675545452,0.5638949013949014,0.9258363619318516,1.3395483493804932
l1_fixed250_l2_whole_count,11,56.0,0.7910005478796055,0.580561568061568,0.9061842946505588,1.3438962697982788
l1_fixed250_l2_whole_count,11,57.0,0.7890580725096435,0.5722282347282348,0.8915870944727309,1.3070193529129028
l1_fixed250_l2_whole_count,11,58.0,0.7957850571248991,0.5583393458393459,0.8870833628969635,1.355136156082153
l1_fixed250_l2_whole_count,11,59.0,0.7871321363580712,0.5533790283790284,0.8712203697575555,1.289184808731079
l1_fixed250_l2_whole_count,11,60.0,0.8162627743656587,0.5666726791726792,0.8611130696976247,1.3531123399734497
l1_fixed250_l2_whole_count,11,61.0,0.8075160943857614,0.5686568061568061,0.8442688282713833,1.2954920530319214
l1_fixed250_l2_whole_count,11,62.0,0.8201075329168069,0.5722282347282348,0.8311676400458751,1.298506736755371
l1_fixed250_l2_whole_count,11,63.0,0.8252254449286793,0.5603234728234728,0.8131154769464122,1.2977097034454346
l1_fixed250_l2_whole_count,11,64.0,0.8180526704654391,0.5756012506012506,0.7988726843449827,1.2595069408416748
l1_fixed250_l2_whole_count,11,65.0,0.836223834436088,0.5617123617123617,0.7953422693295241,1.296464920043945
l1_fixed250_l2_whole_count,11,66.0,0.8356369074807294,0.5583393458393459,0.7680252266217427,1.2624173164367676
l1_fixed250_l2_whole_count,11,67.0,0.8337678203780086,0.5958393458393458,0.7595457201775503,1.258437991142273
l1_fixed250_l2_whole_count,11,68.0,0.8556791906994863,0.589093314093314,0.7438717520380594,1.2542182207107544
l1_fixed250_l2_whole_count,11,69.0,0.8391809338662296,0.5875060125060126,0.7304005117096302,1.2497204542160034
l1_fixed250_l2_whole_count,11,70.0,0.8512964699537863,0.5769901394901394,0.7213318995272231,1.2595579624176023
l1_fixed250_l2_whole_count,11,71.0,0.8512797315775412,0.5765632515632516,0.7086226581090904,1.228520154953003
l1_fixed250_l2_whole_count,11,72.0,0.8593886387430523,0.6034151034151034,0.7008199628166816,1.2715591192245483
l1_fixed250_l2_whole_count,11,73.0,0.8540131979012315,0.6139309764309764,0.6867555003363172,1.2187986373901367
l1_fixed250_l2_whole_count,11,74.0,0.8610830997882347,0.5631012506012506,0.6830803974565253,1.2745070457458496
l1_fixed250_l2_whole_count,11,75.0,0.8718176330812231,0.6162457912457913,0.6789582143962486,1.1835581064224243
l1_fixed250_l2_whole_count,11,76.0,0.865909274867183,0.5783790283790283,0.6718760653945542,1.2861462831497192
l1_fixed250_l2_whole_count,11,77.0,0.8845870854996319,0.5821548821548822,0.6546604114227164,1.2118909358978271
l1_fixed250_l2_whole_count,11,78.0,0.8790443802795744,0.5907888407888408,0.6484479925718653,1.2350786924362185
l1_fixed250_l2_whole_count,11,79.0,0.8934254225062078,0.61763468013468,0.6404932982539967,1.2118184566497805
l1_fixed250_l2_whole_count,11,80.0,0.889892638509401,0.5859547859547859,0.6243796319846647,1.2446955442428589
l1_fixed250_l2_whole_count,11,81.0,0.8991182207107986,0.5756373256373256,0.6127110709421811,1.193670630455017
l1_fixed250_l2_whole_count,11,82.0,0.9000885095165495,0.5895262145262146,0.6091599473649582,1.2335506677627563
l1_fixed250_l2_whole_count,11,83.0,0.9029648323947668,0.6057299182299182,0.596080876053303,1.1988983154296875
l1_fixed250_l2_whole_count,11,84.0,0.9102724727029636,0.5846019721019721,0.5869376535259713,1.2105624675750732
l1_fixed250_l2_whole_count,11,85.0,0.9013645739502611,0.5756373256373256,0.5733549042946295,1.2076348066329956
l1_fixed250_l2_whole_count,11,86.0,0.9165314779445808,0.5848965848965849,0.5634115976433746,1.2013366222381592
l1_fixed250_l2_whole_count,11,87.0,0.913534649476054,0.5895262145262146,0.552582743861384,1.2052197456359863
l1_fixed250_l2_whole_count,11,88.0,0.9145264764218688,0.5785834535834536,0.5479937194751996,1.1771023273468018
l1_fixed250_l2_whole_count,11,89.0,0.9291667404477244,0.5825817700817701,0.5448565195841961,1.2066657543182373
l1_fixed250_l2_whole_count,11,90.0,0.9271630260559678,0.5895262145262147,0.5361655559679317,1.1806303262710571
l1_fixed250_l2_whole_count,11,91.0,0.9240683158577628,0.5848965848965849,0.5257580326469342,1.183692455291748
l1_fixed250_l2_whole_count,11,92.0,0.9288283864451548,0.5964706589706591,0.5187821973519153,1.1867502927780151
l1_fixed250_l2_whole_count,11,93.0,0.9296445577349188,0.5835076960076959,0.5165277707699859,1.1732747554779053
l1_fixed250_l2_whole_count,11,94.0,0.933400422011501,0.5909151034151034,0.5098547337387597,1.194975972175598
l1_fixed250_l2_whole_count,11,95.0,0.9282931292018866,0.583507696007696,0.504172743905637,1.1584914922714231
l1_fixed250_l2_whole_count,11,96.0,0.938718036949214,0.5617484367484368,0.5032904276338994,1.1995166540145874
l1_fixed250_l2_whole_count,11,97.0,0.9404672395867812,0.5540464165464166,0.4897017004978226,1.1537550687789917
l1_fixed250_l2_whole_count,11,98.0,0.9349959142889191,0.5686928811928812,0.4780626706330173,1.181904911994934
l1_fixed250_l2_whole_count,11,99.0,0.9443959149536286,0.5839706589706589,0.4686888703585902,1.1584641933441162
l1_fixed250_l2_whole_count,11,100.0,0.9474086656379478,0.5685666185666186,0.4611382541886295,1.181849718093872
l1_fixed250_l2_whole_count,23,1.0,0.0835268939861059,0.0789021164021164,2.481708227459617,2.482005834579468
l1_fixed250_l2_whole_count,23,2.0,0.0998733515203641,0.0613095238095238,2.4722416351666343,2.475841760635376
l1_fixed250_l2_whole_count,23,3.0,0.1165459536096328,0.0430555555555555,2.462289869682719,2.467677116394043
l1_fixed250_l2_whole_count,23,4.0,0.1089148143668583,0.0327380952380952,2.450752074870308,2.457162857055664
l1_fixed250_l2_whole_count,23,5.0,0.1197178098514576,0.0982142857142857,2.4372069909527463,2.4435935020446777
l1_fixed250_l2_whole_count,23,6.0,0.1293398242218996,0.0982142857142857,2.4238904125719185,2.430342674255371
l1_fixed250_l2_whole_count,23,7.0,0.1456456843878227,0.119047619047619,2.409948684262327,2.420313835144043
l1_fixed250_l2_whole_count,23,8.0,0.1518869492375781,0.115079365079365,2.396474720073444,2.4109175205230717
l1_fixed250_l2_whole_count,23,9.0,0.1782618618860757,0.1498015873015873,2.378267814698605,2.3972623348236084
l1_fixed250_l2_whole_count,23,10.0,0.19466618287373,0.165079365079365,2.3585324960403318,2.381387710571289
l1_fixed250_l2_whole_count,23,11.0,0.2051614658925979,0.1448412698412698,2.335323866796576,2.362470865249634
l1_fixed250_l2_whole_count,23,12.0,0.2248890971886255,0.1615079365079365,2.3067034074648727,2.3418216705322266
l1_fixed250_l2_whole_count,23,13.0,0.241860676593381,0.1913059163059162,2.2737250196749086,2.311587333679199
l1_fixed250_l2_whole_count,23,14.0,0.2680731266462399,0.2519540644540645,2.236629617398864,2.274118661880493
l1_fixed250_l2_whole_count,23,15.0,0.2958479367127166,0.2553270803270803,2.197762099477797,2.238361120223999
l1_fixed250_l2_whole_count,23,16.0,0.2967000730168969,0.2048280423280423,2.1549598271998605,2.204601764678955
l1_fixed250_l2_whole_count,23,17.0,0.3430728018778333,0.2475889850889851,2.1061389191835964,2.167602300643921
l1_fixed250_l2_whole_count,23,18.0,0.3646896109946424,0.2807539682539682,2.0634117343955114,2.1129817962646484
l1_fixed250_l2_whole_count,23,19.0,0.3920220752925156,0.2991402116402116,2.0127836361194027,2.059316396713257
l1_fixed250_l2_whole_count,23,20.0,0.4054995359698467,0.2892556517556517,1.964554931538856,2.0593626499176025
l1_fixed250_l2_whole_count,23,21.0,0.4525099914045067,0.3445165945165945,1.9076458287526328,1.9790507555007932
l1_fixed250_l2_whole_count,23,22.0,0.4672320779222833,0.3463684463684464,1.8624641794756236,1.9674060344696045
l1_fixed250_l2_whole_count,23,23.0,0.4942513370181702,0.3461099086099086,1.805115157478648,1.917012453079224
l1_fixed250_l2_whole_count,23,24.0,0.517181518134857,0.3677008177008177,1.7573163386261197,1.8793368339538572
l1_fixed250_l2_whole_count,23,25.0,0.5522267288805887,0.4374759499759499,1.7036077071385212,1.821960210800171
l1_fixed250_l2_whole_count,23,26.0,0.5615245526190354,0.3735870610870611,1.6617923876504683,1.811672329902649
l1_fixed250_l2_whole_count,23,27.0,0.5857884520948261,0.4200517075517075,1.622045947229185,1.7573162317276
l1_fixed250_l2_whole_count,23,28.0,0.6019797777510533,0.4436628186628187,1.5803265994264009,1.751735806465149
l1_fixed250_l2_whole_count,23,29.0,0.5995735655032822,0.4311628186628186,1.5361352393631271,1.731144905090332
l1_fixed250_l2_whole_count,23,30.0,0.609376413379015,0.4736231361231361,1.5031289436730997,1.6591050624847412
l1_fixed250_l2_whole_count,23,31.0,0.6381064365838377,0.4214405964405965,1.4676884849797838,1.7028446197509766
l1_fixed250_l2_whole_count,23,32.0,0.6326836830223972,0.5009379509379509,1.4397351530455886,1.6315834522247314
l1_fixed250_l2_whole_count,23,33.0,0.6574921132256695,0.4939935064935064,1.4110722480255231,1.6357476711273191
l1_fixed250_l2_whole_count,23,34.0,0.6606751790032167,0.4893638768638768,1.3768919382160991,1.6378426551818848
l1_fixed250_l2_whole_count,23,35.0,0.6816557417787757,0.5476972101972102,1.3421218932803445,1.5656532049179075
l1_fixed250_l2_whole_count,23,36.0,0.6751372412677653,0.4943241943241943,1.3070723507777755,1.6377787590026855
l1_fixed250_l2_whole_count,23,37.0,0.6860065745297655,0.5429353054353054,1.283166492867593,1.5121729373931885
l1_fixed250_l2_whole_count,23,38.0,0.7126190374067584,0.5443241943241943,1.257127054792263,1.5785630941390991
l1_fixed250_l2_whole_count,23,39.0,0.7044752032192138,0.5123436748436748,1.2269922265087263,1.4993659257888794
l1_fixed250_l2_whole_count,23,40.0,0.7202704715830216,0.5163419913419912,1.21348994426596,1.563482403755188
l1_fixed250_l2_whole_count,23,41.0,0.724267435271487,0.5367484367484368,1.1834477633494314,1.488061785697937
l1_fixed250_l2_whole_count,23,42.0,0.727918212923837,0.532545695045695,1.1495603140373034,1.5046963691711426
l1_fixed250_l2_whole_count,23,43.0,0.7379707627810467,0.5416726791726793,1.124982097883438,1.46934974193573
l1_fixed250_l2_whole_count,23,44.0,0.7421114664204554,0.5291726791726793,1.105511502842074,1.5229655504226685
l1_fixed250_l2_whole_count,23,45.0,0.7409791473352644,0.5682599807599807,1.09119481822915,1.44186270236969
l1_fixed250_l2_whole_count,23,46.0,0.7539724132327109,0.552982202982203,1.0656424869563617,1.4597399234771729
l1_fixed250_l2_whole_count,23,47.0,0.7622252256552854,0.5480218855218855,1.042241206062435,1.4129376411437988
l1_fixed250_l2_whole_count,23,48.0,0.7637486142038804,0.5812229437229436,1.0229356127844005,1.4393402338027954
l1_fixed250_l2_whole_count,23,49.0,0.7554107354303746,0.5632996632996633,1.0118557763592102,1.3852859735488892
l1_fixed250_l2_whole_count,23,50.0,0.7757743114408274,0.5835377585377585,0.9932999821209868,1.4434162378311155
l1_fixed250_l2_whole_count,23,51.0,0.767811578958669,0.5619107744107744,0.9767412226294486,1.3682610988616943
l1_fixed250_l2_whole_count,23,52.0,0.7829080562557106,0.5716329966329966,0.9515638342207352,1.4067438840866089
l1_fixed250_l2_whole_count,23,53.0,0.7934556824938256,0.5807599807599808,0.9297310858708444,1.3544316291809082
l1_fixed250_l2_whole_count,23,54.0,0.7845367624831004,0.5752044252044252,0.9146927940866008,1.3911681175231934
l1_fixed250_l2_whole_count,23,55.0,0.7937790535865704,0.5807599807599808,0.8965581874018487,1.3295658826828003
l1_fixed250_l2_whole_count,23,56.0,0.8045368007761496,0.5577441077441078,0.8764227964176369,1.3632042407989502
l1_fixed250_l2_whole_count,23,57.0,0.8083933222634546,0.5827441077441078,0.863852247416255,1.332499861717224
l1_fixed250_l2_whole_count,23,58.0,0.8143412496073369,0.5785774410774411,0.85411005596696,1.3298159837722778
l1_fixed250_l2_whole_count,23,59.0,0.8145393727855269,0.5527837902837903,0.8314527087490653,1.3347134590148926
l1_fixed250_l2_whole_count,23,60.0,0.8218674074998887,0.59246632996633,0.817160503897117,1.3005043268203735
l1_fixed250_l2_whole_count,23,61.0,0.832462667889732,0.5572811447811447,0.8153056037610656,1.3468637466430664
l1_fixed250_l2_whole_count,23,62.0,0.8398820062169552,0.5927970177970178,0.8012660590999098,1.287352204322815
l1_fixed250_l2_whole_count,23,63.0,0.8389849628126468,0.5914081289081289,0.7856608161417424,1.2975257635116575
l1_fixed250_l2_whole_count,23,64.0,0.8264142888680738,0.5914081289081289,0.7699321574065032,1.3011094331741333
l1_fixed250_l2_whole_count,23,65.0,0.8498456953963306,0.5844636844636845,0.7574184692870319,1.2802987098693848
l1_fixed250_l2_whole_count,23,66.0,0.8441145584970396,0.6007996632996633,0.7474118117210993,1.2424417734146118
l1_fixed250_l2_whole_count,23,67.0,0.867659991418957,0.567003367003367,0.7461076235196676,1.365272879600525
l1_fixed250_l2_whole_count,23,68.0,0.8683489616149115,0.5878367003367003,0.730224120124482,1.2413887977600098
l1_fixed250_l2_whole_count,23,69.0,0.8704645444743887,0.5835377585377586,0.7154817702232663,1.2985252141952517
l1_fixed250_l2_whole_count,23,70.0,0.86403017017958,0.579503367003367,0.7034199371190162,1.2466976642608645
l1_fixed250_l2_whole_count,23,71.0,0.8707336041871668,0.5855218855218854,0.6915677460663906,1.2920836210250854
l1_fixed250_l2_whole_count,23,72.0,0.8860375683966556,0.5892255892255892,0.670320807143456,1.2545815706253052
l1_fixed250_l2_whole_count,23,73.0,0.8866893160914143,0.627982202982203,0.6631069825561444,1.2614867687225342
l1_fixed250_l2_whole_count,23,74.0,0.8941352305384355,0.6021885521885522,0.6535587572394879,1.2718911170959473
l1_fixed250_l2_whole_count,23,75.0,0.8921071493785578,0.6114478114478114,0.6393780243581421,1.257184624671936
l1_fixed250_l2_whole_count,23,76.0,0.8924751600300945,0.5947811447811447,0.6353561402187905,1.2295888662338257
l1_fixed250_l2_whole_count,23,77.0,0.89463915261367,0.6091329966329966,0.62626302673156,1.2691978216171265
l1_fixed250_l2_whole_count,23,78.0,0.9001840375412303,0.6045033670033669,0.6161560378263411,1.237430453300476
l1_fixed250_l2_whole_count,23,79.0,0.9067266031935368,0.6097643097643097,0.6112164647772061,1.2713662385940552
l1_fixed250_l2_whole_count,23,80.0,0.9043556436287182,0.5938552188552187,0.6003489567162453,1.228643774986267
l1_fixed250_l2_whole_count,23,81.0,0.9059704988650128,0.5938552188552187,0.5875352211745388,1.24782395362854
l1_fixed250_l2_whole_count,23,82.0,0.9057610133614096,0.5893939393939394,0.581357612872493,1.1973577737808228
l1_fixed250_l2_whole_count,23,83.0,0.9147720685306684,0.5952441077441077,0.5716024310986885,1.24222731590271
l1_fixed250_l2_whole_count,23,84.0,0.911664874798475,0.6097643097643097,0.5628071482743741,1.2057340145111084
l1_fixed250_l2_whole_count,23,85.0,0.9148397659450644,0.6245791245791246,0.5543198422392551,1.2390012741088867
l1_fixed250_l2_whole_count,23,86.0,0.9200189821109156,0.6114478114478114,0.5477735681295806,1.203900694847107
l1_fixed250_l2_whole_count,23,87.0,0.9165758770561752,0.6259680134680135,0.5359483239162399,1.200784683227539
l1_fixed250_l2_whole_count,23,88.0,0.9245282596836872,0.5799663299663299,0.530261001878269,1.2352113723754885
l1_fixed250_l2_whole_count,23,89.0,0.9295346140772968,0.6259680134680135,0.5213794621050666,1.187866449356079
l1_fixed250_l2_whole_count,23,90.0,0.9311912952682916,0.6097643097643097,0.5197852883814945,1.217950701713562
l1_fixed250_l2_whole_count,23,91.0,0.9313588112076352,0.581950456950457,0.5085952071642916,1.2145636081695557
l1_fixed250_l2_whole_count,23,92.0,0.9330317999886982,0.6236531986531987,0.4990963186433926,1.176102638244629
l1_fixed250_l2_whole_count,23,93.0,0.9273688468807768,0.6048039923039923,0.4941144232700696,1.2039754390716553
l1_fixed250_l2_whole_count,23,94.0,0.9395174349484824,0.6097643097643097,0.4832420657403292,1.1979433298110962
l1_fixed250_l2_whole_count,23,95.0,0.9418239065749224,0.606487493987494,0.4779569044991327,1.1849002838134766
l1_fixed250_l2_whole_count,23,96.0,0.9401971284939284,0.5958754208754209,0.470094194356833,1.213624119758606
l1_fixed250_l2_whole_count,23,97.0,0.9402429168441918,0.5918410293410293,0.4610613433198551,1.1586644649505615
l1_fixed250_l2_whole_count,23,98.0,0.9421699944558805,0.6007996632996633,0.4618207495306937,1.228259801864624
l1_fixed250_l2_whole_count,23,99.0,0.9419249108668722,0.6140632515632515,0.4537472953689693,1.1419994831085205
l1_fixed250_l2_whole_count,23,100.0,0.9474169080361272,0.6106902356902356,0.4511688580919256,1.213938593864441
l1_fixed250_l2_whole_count,37,1.0,0.0842751590772308,0.0652777777777777,2.483886401952852,2.4782257080078125
l1_fixed250_l2_whole_count,37,2.0,0.1174076399494915,0.1071428571428571,2.474548533943557,2.4721412658691406
l1_fixed250_l2_whole_count,37,3.0,0.132727169900912,0.157473544973545,2.4639178233384675,2.4620940685272217
l1_fixed250_l2_whole_count,37,4.0,0.1376493150746295,0.1346560846560846,2.4502434533557467,2.45214319229126
l1_fixed250_l2_whole_count,37,5.0,0.1282385345553584,0.1312830687830687,2.4341601168227074,2.4389312267303467
l1_fixed250_l2_whole_count,37,6.0,0.1237466067300973,0.0965608465608465,2.419414429163974,2.4258127212524414
l1_fixed250_l2_whole_count,37,7.0,0.1288332974968195,0.1362433862433862,2.403698020465608,2.41248083114624
l1_fixed250_l2_whole_count,37,8.0,0.1595109995699618,0.1521164021164021,2.385052050657814,2.3977532386779785
l1_fixed250_l2_whole_count,37,9.0,0.20011945877905,0.1560846560846561,2.3630729780344875,2.378354787826538
l1_fixed250_l2_whole_count,37,10.0,0.22629833449802,0.1541005291005291,2.335601662604616,2.3571667671203613
l1_fixed250_l2_whole_count,37,11.0,0.2431847125911591,0.1329365079365079,2.303808487631162,2.3351337909698486
l1_fixed250_l2_whole_count,37,12.0,0.2845488406887778,0.1859126984126984,2.265840681817979,2.3096516132354736
l1_fixed250_l2_whole_count,37,13.0,0.2834662532028884,0.1859126984126984,2.2270661967962004,2.270980834960937
l1_fixed250_l2_whole_count,37,14.0,0.3103703664178137,0.2025132275132275,2.1815520383404783,2.2301135063171387
l1_fixed250_l2_whole_count,37,15.0,0.3303039891573465,0.2599206349206349,2.138669338981379,2.194387912750244
l1_fixed250_l2_whole_count,37,16.0,0.3483879971921037,0.2765873015873016,2.087530572730375,2.153582096099853
l1_fixed250_l2_whole_count,37,17.0,0.381234137816318,0.321031746031746,2.0393098118793533,2.1080570220947266
l1_fixed250_l2_whole_count,37,18.0,0.3838206737320699,0.3084054834054834,1.989822797233595,2.074535846710205
l1_fixed250_l2_whole_count,37,19.0,0.4087163782779318,0.3479256854256854,1.9396370337464928,2.0264596939086914
l1_fixed250_l2_whole_count,37,20.0,0.4193591469964495,0.380501443001443,1.8939334753253168,1.985655426979065
l1_fixed250_l2_whole_count,37,21.0,0.4301087441416735,0.3481240981240981,1.8465700014117663,1.9539661407470703
l1_fixed250_l2_whole_count,37,22.0,0.4828843277617413,0.4030483405483405,1.801917435585324,1.9033427238464355
l1_fixed250_l2_whole_count,37,23.0,0.5052887051307041,0.4058261183261182,1.7570134965565036,1.8765908479690552
l1_fixed250_l2_whole_count,37,24.0,0.501056119615143,0.3857864357864358,1.7168261910469724,1.840760946273804
l1_fixed250_l2_whole_count,37,25.0,0.5489020591902246,0.4188251563251564,1.673693235277514,1.8216944932937624
l1_fixed250_l2_whole_count,37,26.0,0.56160703306289,0.4268578643578644,1.6359928942793618,1.7804009914398191
l1_fixed250_l2_whole_count,37,27.0,0.5726800369588699,0.4598965848965848,1.6050798396440464,1.7463865280151367
l1_fixed250_l2_whole_count,37,28.0,0.5920989893040586,0.4118446368446368,1.5723816490829914,1.7544817924499512
l1_fixed250_l2_whole_count,37,29.0,0.5873754547905207,0.4774891774891774,1.5503140433519924,1.701252579689026
l1_fixed250_l2_whole_count,37,30.0,0.5997931348502173,0.456024531024531,1.5114359256527716,1.6888036727905271
l1_fixed250_l2_whole_count,37,31.0,0.6160448338333274,0.4722282347282347,1.4717790272067623,1.6462675333023071
l1_fixed250_l2_whole_count,37,32.0,0.6429126831695512,0.5061928811928812,1.4428847769656814,1.6492626667022705
l1_fixed250_l2_whole_count,37,33.0,0.630337383458654,0.4677308802308802,1.4069510080728187,1.6174335479736328
l1_fixed250_l2_whole_count,37,34.0,0.639456674292296,0.4963383838383837,1.3816388258630354,1.606334209442139
l1_fixed250_l2_whole_count,37,35.0,0.6570416550044994,0.5213383838383838,1.3470784097448274,1.5787004232406616
l1_fixed250_l2_whole_count,37,36.0,0.6881634388048856,0.4880050505050504,1.3253921619175633,1.5688753128051758
l1_fixed250_l2_whole_count,37,37.0,0.6687250587298922,0.4913780663780663,1.3026354159012103,1.536604642868042
l1_fixed250_l2_whole_count,37,38.0,0.6750723889929134,0.5145262145262146,1.2747233416660722,1.5674711465835571
l1_fixed250_l2_whole_count,37,39.0,0.6529574450875976,0.5381373256373257,1.2538893382848848,1.5136172771453855
l1_fixed250_l2_whole_count,37,40.0,0.6723985905497413,0.5282467532467533,1.2300016960055404,1.5284490585327148
l1_fixed250_l2_whole_count,37,41.0,0.7031544816102073,0.5007635882635884,1.2121616320848054,1.493096113204956
l1_fixed250_l2_whole_count,37,42.0,0.6976676121394729,0.5301406926406925,1.1871328840157251,1.4976266622543335
l1_fixed250_l2_whole_count,37,43.0,0.7161904080255702,0.5213443963443963,1.157366007207388,1.4776065349578855
l1_fixed250_l2_whole_count,37,44.0,0.7267685531012642,0.5145262145262146,1.1458301455962268,1.4739333391189575
l1_fixed250_l2_whole_count,37,45.0,0.7215472290316698,0.4963023088023088,1.1269671401961123,1.4481607675552368
l1_fixed250_l2_whole_count,37,46.0,0.7245479348732902,0.5290464165464166,1.0989316273063885,1.4487218856811523
l1_fixed250_l2_whole_count,37,47.0,0.7297195787693204,0.533044733044733,1.079788206571556,1.4319347143173218
l1_fixed250_l2_whole_count,37,48.0,0.7300745405012616,0.5421356421356421,1.065489040184349,1.431152105331421
l1_fixed250_l2_whole_count,37,49.0,0.7489118758747263,0.5436928811928813,1.043451860726598,1.410699486732483
l1_fixed250_l2_whole_count,37,50.0,0.7381228637493704,0.5298039923039923,1.0234659087432232,1.428632736206055
l1_fixed250_l2_whole_count,37,51.0,0.7419756510906352,0.5512686387686387,1.0101359454777072,1.3879210948944092
l1_fixed250_l2_whole_count,37,52.0,0.7742621542095169,0.5526575276575276,0.9943875222115836,1.394396424293518
l1_fixed250_l2_whole_count,37,53.0,0.7731515093725915,0.5596019721019722,0.9804587271866002,1.3711000680923462
l1_fixed250_l2_whole_count,37,54.0,0.7554358748383234,0.5586760461760462,0.9723344744790646,1.39372718334198
l1_fixed250_l2_whole_count,37,55.0,0.7887476767466891,0.5582130832130833,0.9615824013281608,1.3535802364349363
l1_fixed250_l2_whole_count,37,56.0,0.7730380973889904,0.5534151034151035,0.9334479012300554,1.37522292137146
l1_fixed250_l2_whole_count,37,57.0,0.7845612619593738,0.5665464165464166,0.9212367514119502,1.3473304510116575
l1_fixed250_l2_whole_count,37,58.0,0.7787105482780913,0.5582130832130833,0.9113044953182108,1.3740804195404053
l1_fixed250_l2_whole_count,37,59.0,0.7867574261229757,0.5651575276575277,0.8940513832638883,1.3454684019088743
l1_fixed250_l2_whole_count,37,60.0,0.7991434898518576,0.589399951899952,0.8825710496886051,1.312425136566162
l1_fixed250_l2_whole_count,37,61.0,0.8016498179800903,0.5505110630110631,0.8642545190612544,1.3448359966278076
l1_fixed250_l2_whole_count,37,62.0,0.8021278242887445,0.5513949013949014,0.8514785200306142,1.3338996171951294
l1_fixed250_l2_whole_count,37,63.0,0.8029779697793806,0.5477332852332852,0.8303384763443532,1.3418763875961304
l1_fixed250_l2_whole_count,37,64.0,0.8228215856421449,0.5824555074555074,0.8181010894028538,1.310720920562744
l1_fixed250_l2_whole_count,37,65.0,0.8234678991027374,0.5949555074555075,0.8115212541849396,1.2959057092666626
l1_fixed250_l2_whole_count,37,66.0,0.8283771267474932,0.5685666185666186,0.7894491516374269,1.296440839767456
l1_fixed250_l2_whole_count,37,67.0,0.834458018629071,0.5824555074555074,0.7803208872086005,1.2976762056350708
l1_fixed250_l2_whole_count,37,68.0,0.8268386736454026,0.6032888407888409,0.771984302238425,1.291483998298645
l1_fixed250_l2_whole_count,37,69.0,0.8395529827556666,0.5685666185666186,0.7590303929865668,1.2830909490585327
l1_fixed250_l2_whole_count,37,70.0,0.8498503810247632,0.5810666185666186,0.7580419650586665,1.2949748039245603
l1_fixed250_l2_whole_count,37,71.0,0.8506613085893425,0.5677729677729678,0.7534694988633187,1.2554341554641724
l1_fixed250_l2_whole_count,37,72.0,0.8562505834483655,0.5673039923039923,0.7342337913644499,1.3062127828598022
l1_fixed250_l2_whole_count,37,73.0,0.8570781335750293,0.5679353054353055,0.7253309814531914,1.2375314235687256
l1_fixed250_l2_whole_count,37,74.0,0.8614802981795154,0.551899951899952,0.7035654241575021,1.2933287620544434
l1_fixed250_l2_whole_count,37,75.0,0.8522603957170537,0.5546416546416547,0.6934384894453105,1.235889196395874
l1_fixed250_l2_whole_count,37,76.0,0.8736124027683809,0.5824555074555074,0.6796928937586983,1.266958236694336
l1_fixed250_l2_whole_count,37,77.0,0.8644606287189944,0.5748797498797499,0.6746709515018431,1.239532232284546
l1_fixed250_l2_whole_count,37,78.0,0.8708240275699072,0.5748797498797499,0.6650212542530591,1.2326914072036743
l1_fixed250_l2_whole_count,37,79.0,0.8822971850095387,0.560990860990861,0.6526457432420242,1.2553623914718628
l1_fixed250_l2_whole_count,37,80.0,0.8771375570557932,0.5742484367484368,0.6362269738249853,1.226237177848816
l1_fixed250_l2_whole_count,37,81.0,0.8857795323644351,0.5742484367484367,0.6289839193660913,1.2408115863800049
l1_fixed250_l2_whole_count,37,82.0,0.8933150750715463,0.5748797498797499,0.6219118490892105,1.228620529174805
l1_fixed250_l2_whole_count,37,83.0,0.8891892943098517,0.57487974987975,0.6148602612662849,1.23771333694458
l1_fixed250_l2_whole_count,37,84.0,0.8968240955963828,0.5553992303992304,0.6071363930652967,1.2113627195358276
l1_fixed250_l2_whole_count,37,85.0,0.8961670311816431,0.5742484367484368,0.6000915968890034,1.238006591796875
l1_fixed250_l2_whole_count,37,86.0,0.8979708397071496,0.5566618566618566,0.5900858545262309,1.2133417129516602
l1_fixed250_l2_whole_count,37,87.0,0.9000476921225599,0.5887686387686388,0.5849752448717206,1.2061141729354858
l1_fixed250_l2_whole_count,37,88.0,0.9097657101845028,0.5685666185666186,0.571895798594529,1.2247990369796753
l1_fixed250_l2_whole_count,37,89.0,0.9094986497641404,0.575511063011063,0.563620374965996,1.2063583135604858
l1_fixed250_l2_whole_count,37,90.0,0.9094926807448066,0.5755110630110631,0.5525621433779213,1.2345720529556274
l1_fixed250_l2_whole_count,37,91.0,0.9093651027555936,0.5907888407888408,0.5472147061061531,1.194962501525879
l1_fixed250_l2_whole_count,37,92.0,0.9321773251309878,0.575511063011063,0.5380534541996744,1.2022135257720947
l1_fixed250_l2_whole_count,37,93.0,0.9257100359204952,0.5887686387686388,0.5326008133962109,1.211718201637268
l1_fixed250_l2_whole_count,37,94.0,0.926248921610788,0.5810666185666186,0.5265092054660883,1.1961883306503296
l1_fixed250_l2_whole_count,37,95.0,0.9249021563933684,0.5824555074555074,0.522536307727203,1.198093295097351
l1_fixed250_l2_whole_count,37,96.0,0.9327339979425626,0.5804353054353055,0.5120631397898965,1.1965047121047974
l1_fixed250_l2_whole_count,37,97.0,0.9354405506491154,0.5679353054353055,0.5050633845661675,1.1844627857208252
l1_fixed250_l2_whole_count,37,98.0,0.937396832342032,0.5741221741221741,0.4923544370163739,1.1978756189346311
l1_capacity_no_phase_l2_whole_count,11,1.0,0.1056887764781771,0.0583333333333333,2.4899252113499863,2.477362871170044
l1_capacity_no_phase_l2_whole_count,11,2.0,0.1123127430163593,0.0876984126984127,2.4641016596565968,2.4630980491638184
l1_capacity_no_phase_l2_whole_count,11,3.0,0.1227322766041319,0.1373015873015872,2.445175631321236,2.445133209228516
l1_capacity_no_phase_l2_whole_count,11,4.0,0.1146243549427511,0.1442460317460317,2.4286014299179315,2.4232091903686523
l1_capacity_no_phase_l2_whole_count,11,5.0,0.1242777598595208,0.1531746031746031,2.409729066280818,2.406214714050293
l1_capacity_no_phase_l2_whole_count,11,6.0,0.1372222894156856,0.1531746031746031,2.394310801451875,2.389965772628784
l1_capacity_no_phase_l2_whole_count,11,7.0,0.1714000766005483,0.1942460317460317,2.373858069799033,2.378612995147705
l1_capacity_no_phase_l2_whole_count,11,8.0,0.1851401194515327,0.1863455988455988,2.35312786652176,2.3559932708740234
l1_capacity_no_phase_l2_whole_count,11,9.0,0.2025357904006627,0.2051948051948051,2.326408438756421,2.3308048248291016
l1_capacity_no_phase_l2_whole_count,11,10.0,0.2260913101197044,0.2091991341991342,2.299184983035168,2.3092684745788574
l1_capacity_no_phase_l2_whole_count,11,11.0,0.2502426790745325,0.2572150072150072,2.2689920099589997,2.288957357406616
l1_capacity_no_phase_l2_whole_count,11,12.0,0.2853870079989206,0.3021224146224146,2.2406345222164554,2.25874662399292
l1_capacity_no_phase_l2_whole_count,11,13.0,0.2889425599971752,0.3063251563251563,2.205873555447682,2.220151662826538
l1_capacity_no_phase_l2_whole_count,11,14.0,0.2902378398276474,0.3253066378066377,2.1718813154250127,2.1843202114105225
l1_capacity_no_phase_l2_whole_count,11,15.0,0.3257749244271165,0.3291847041847042,2.134013220283128,2.156442880630493
l1_capacity_no_phase_l2_whole_count,11,16.0,0.3346345228947893,0.3543831168831169,2.0958620065666107,2.120262622833252
l1_capacity_no_phase_l2_whole_count,11,17.0,0.3505668704077879,0.3855339105339105,2.057398236762226,2.084902048110962
l1_capacity_no_phase_l2_whole_count,11,18.0,0.3781963541880763,0.3395021645021645,2.0192292270069485,2.065298557281494
l1_capacity_no_phase_l2_whole_count,11,19.0,0.3879338392078865,0.342478354978355,1.9747248475604957,2.040626049041748
l1_capacity_no_phase_l2_whole_count,11,20.0,0.4202101021024439,0.3305735930735931,1.940776278968522,2.010331630706787
l1_capacity_no_phase_l2_whole_count,11,21.0,0.4337953028870528,0.364069264069264,1.8969799070883533,1.9733779430389404
l1_capacity_no_phase_l2_whole_count,11,22.0,0.4538846365966695,0.3765692640692641,1.861017079443612,1.9486528635025024
l1_capacity_no_phase_l2_whole_count,11,23.0,0.4555157052204315,0.3696248196248196,1.8231238346296823,1.9545611143112185
l1_capacity_no_phase_l2_whole_count,11,24.0,0.4517683699448882,0.3738275613275613,1.7868489892880806,1.909407138824463
l1_capacity_no_phase_l2_whole_count,11,25.0,0.4811790050058238,0.3917207792207792,1.755365644387657,1.8814588785171509
l1_capacity_no_phase_l2_whole_count,11,26.0,0.4897343916554575,0.4065656565656566,1.713780495057623,1.8495032787323
l1_capacity_no_phase_l2_whole_count,11,27.0,0.5050796468219761,0.401010101010101,1.683398120579744,1.8418954610824585
l1_capacity_no_phase_l2_whole_count,11,28.0,0.5184419096188501,0.3791847041847042,1.6470835186323076,1.8109718561172483
l1_capacity_no_phase_l2_whole_count,11,29.0,0.547111389664355,0.413510101010101,1.6166341778743698,1.7861206531524658
l1_capacity_no_phase_l2_whole_count,11,30.0,0.5440130416264909,0.4268037518037517,1.5872545201273671,1.7834712266921997
l1_capacity_no_phase_l2_whole_count,11,31.0,0.5361382350850147,0.4091810966810967,1.5523834084889976,1.7404704093933103
l1_capacity_no_phase_l2_whole_count,11,32.0,0.546939067373598,0.4079545454545454,1.523176204932536,1.74644136428833
l1_capacity_no_phase_l2_whole_count,11,33.0,0.5749709043378264,0.4426767676767678,1.486972658441317,1.7037808895111084
l1_capacity_no_phase_l2_whole_count,11,34.0,0.5896658354312484,0.4555074555074554,1.4638201876474537,1.69296133518219
l1_capacity_no_phase_l2_whole_count,11,35.0,0.589442740127508,0.4406926406926406,1.437614829117583,1.6785905361175537
l1_capacity_no_phase_l2_whole_count,11,36.0,0.6129433311239817,0.4562650312650313,1.4064404244266977,1.662838339805603
l1_capacity_no_phase_l2_whole_count,11,37.0,0.608233188658709,0.4326539201539202,1.3776297046067176,1.6619092226028442
l1_capacity_no_phase_l2_whole_count,11,38.0,0.6192289504171911,0.4562650312650313,1.354596803807966,1.6455579996109009
l1_capacity_no_phase_l2_whole_count,11,39.0,0.6172195817656133,0.4618205868205867,1.326672204800604,1.599395990371704
l1_capacity_no_phase_l2_whole_count,11,40.0,0.645868638865794,0.432022607022607,1.3020278346723204,1.618498682975769
l1_capacity_no_phase_l2_whole_count,11,41.0,0.6696299505092304,0.4528559403559404,1.2788333006446826,1.5887659788131714
l1_capacity_no_phase_l2_whole_count,11,42.0,0.6781461271379209,0.456559644059644,1.250588187457362,1.570885419845581
l1_capacity_no_phase_l2_whole_count,11,43.0,0.6869456290001786,0.4403559403559403,1.2367755115134786,1.574388861656189
l1_capacity_no_phase_l2_whole_count,11,44.0,0.7014065700136509,0.4773929773929774,1.2052770623241562,1.5182424783706665
l1_capacity_no_phase_l2_whole_count,11,45.0,0.7103106263500106,0.4215067340067339,1.191310055694974,1.5349916219711304
l1_capacity_no_phase_l2_whole_count,11,46.0,0.7108061979055157,0.4635040885040885,1.1677806828805788,1.522748351097107
l1_capacity_no_phase_l2_whole_count,11,47.0,0.7279549605444742,0.470448532948533,1.1506778557821724,1.5244793891906738
l1_capacity_no_phase_l2_whole_count,11,48.0,0.748844896423125,0.4935966810966811,1.1241958264434604,1.4792252779006958
l1_capacity_no_phase_l2_whole_count,11,49.0,0.7352600526861354,0.4635040885040885,1.1043026886380274,1.5044318437576294
l1_capacity_no_phase_l2_whole_count,11,50.0,0.7600123242204546,0.4959114959114959,1.0847082320671275,1.4674283266067505
l1_capacity_no_phase_l2_whole_count,11,51.0,0.765510767393383,0.482022607022607,1.0745827862399786,1.470940351486206
l1_capacity_no_phase_l2_whole_count,11,52.0,0.7742233742309897,0.4658189033189033,1.051247087280024,1.461991548538208
l1_capacity_no_phase_l2_whole_count,11,53.0,0.7758299910216614,0.4797077922077922,1.0353851642542986,1.4445205926895142
l1_capacity_no_phase_l2_whole_count,11,54.0,0.7888506976288027,0.4767316017316017,1.010807596672833,1.4309645891189575
l1_capacity_no_phase_l2_whole_count,11,55.0,0.8004828887361586,0.5167448292448292,0.993476253368358,1.429179310798645
l1_capacity_no_phase_l2_whole_count,11,56.0,0.7983104529177738,0.4797077922077921,0.9762245684400483,1.4053308963775637
l1_capacity_no_phase_l2_whole_count,11,57.0,0.8079242553204727,0.508116883116883,0.9593051606324372,1.393860101699829
l1_capacity_no_phase_l2_whole_count,11,58.0,0.8111546929784881,0.5034872534872535,0.9485966335475547,1.410083532333374
l1_capacity_no_phase_l2_whole_count,11,59.0,0.8302427295440061,0.5138047138047138,0.928986122296312,1.3648310899734497
l1_capacity_no_phase_l2_whole_count,11,60.0,0.8111233242137225,0.4895983645983645,0.9156590291842333,1.3965173959732056
l1_capacity_no_phase_l2_whole_count,11,61.0,0.8220735504580666,0.510431697931698,0.8976536058723004,1.378855586051941
l1_capacity_no_phase_l2_whole_count,11,62.0,0.8303636942896486,0.5243205868205868,0.884277434849698,1.3620336055755615
l1_capacity_no_phase_l2_whole_count,11,63.0,0.8404258936552131,0.5257094757094757,0.8695447568023471,1.358969807624817
l1_capacity_no_phase_l2_whole_count,11,64.0,0.8425005136198642,0.5395983645983646,0.8612101383750902,1.3491051197052002
l1_capacity_no_phase_l2_whole_count,11,65.0,0.8371982299907215,0.5173761423761424,0.8431776492197625,1.3516340255737305
l1_capacity_no_phase_l2_whole_count,11,66.0,0.8493334742271035,0.5111892736892737,0.8218518109822233,1.3250489234924316
l1_capacity_no_phase_l2_whole_count,11,67.0,0.8458657360529235,0.5276936026936027,0.8161333821931928,1.339680790901184
l1_capacity_no_phase_l2_whole_count,11,68.0,0.8519419890354888,0.534968734968735,0.7911916561873562,1.321266531944275
l1_capacity_no_phase_l2_whole_count,11,69.0,0.861773338754881,0.5346380471380471,0.777676033481263,1.3269333839416504
l1_capacity_no_phase_l2_whole_count,11,70.0,0.8709134172740768,0.5378787878787878,0.7651522278580526,1.2996834516525269
l1_capacity_no_phase_l2_whole_count,11,71.0,0.8775514891695017,0.5263047138047138,0.7501901434333722,1.3211411237716677
l1_capacity_no_phase_l2_whole_count,11,72.0,0.8792395569542676,0.547895622895623,0.7335646943463311,1.2900205850601196
l1_capacity_no_phase_l2_whole_count,11,73.0,0.8777680971802272,0.5534872534872535,0.7245447725929615,1.3196135759353638
l1_capacity_no_phase_l2_whole_count,11,74.0,0.8737427080216976,0.5534872534872536,0.7094452933066888,1.2941458225250244
l1_capacity_no_phase_l2_whole_count,11,75.0,0.8859721740052807,0.5157828282828283,0.6996725459107023,1.2882364988327026
l1_capacity_no_phase_l2_whole_count,11,76.0,0.8825479951094038,0.5403198653198653,0.6867555358323706,1.2860517501831057
l1_capacity_no_phase_l2_whole_count,11,77.0,0.8905258144578778,0.5528559403559404,0.6755366486444325,1.2555279731750488
l1_capacity_no_phase_l2_whole_count,11,78.0,0.89533350676557,0.5522246272246273,0.6654078624950218,1.2617343664169312
l1_capacity_no_phase_l2_whole_count,11,79.0,0.8832269244938934,0.5383357383357383,0.6534060954842428,1.2620915174484253
l1_capacity_no_phase_l2_whole_count,11,80.0,0.9051257176100388,0.5383357383357383,0.6398620192032057,1.2563966512680054
l1_capacity_no_phase_l2_whole_count,11,81.0,0.8975872058741077,0.5369468494468495,0.6317538289728345,1.245272159576416
l1_capacity_no_phase_l2_whole_count,11,82.0,0.9044834699702424,0.530002405002405,0.6192638369312384,1.257319688796997
l1_capacity_no_phase_l2_whole_count,11,83.0,0.9061934954398376,0.530002405002405,0.6109156760414373,1.2522844076156616
l1_capacity_no_phase_l2_whole_count,11,84.0,0.9113947445590976,0.5451539201539202,0.598419008895165,1.239533305168152
l1_capacity_no_phase_l2_whole_count,11,85.0,0.9185444992472802,0.5382094757094756,0.5875270033252014,1.2454391717910769
l1_capacity_no_phase_l2_whole_count,11,86.0,0.9115396024673202,0.5375781625781626,0.5748290011271348,1.2273714542388916
l1_capacity_no_phase_l2_whole_count,11,87.0,0.9168083881361692,0.5389670514670516,0.5635759823293571,1.245469570159912
l1_capacity_no_phase_l2_whole_count,11,88.0,0.9181462515372044,0.5534872534872536,0.5610458641577506,1.2257859706878662
l1_capacity_no_phase_l2_whole_count,11,89.0,0.9168677423621898,0.5542448292448293,0.5561635395746017,1.2149183750152588
l1_capacity_no_phase_l2_whole_count,11,90.0,0.9218819886939538,0.530002405002405,0.5400436336940825,1.2487705945968628
l1_capacity_no_phase_l2_whole_count,11,91.0,0.9242740154283332,0.555002405002405,0.5298126308109592,1.1967482566833496
l1_capacity_no_phase_l2_whole_count,11,92.0,0.9212629083488298,0.5383357383357383,0.5231220768363873,1.225072741508484
l1_capacity_no_phase_l2_whole_count,11,93.0,0.9281528140987988,0.545911495911496,0.5195566407066614,1.2188971042633057
l1_capacity_no_phase_l2_whole_count,11,94.0,0.9308178188471368,0.5435966810966811,0.5129218176391982,1.211700677871704
l1_capacity_no_phase_l2_whole_count,11,95.0,0.9249245185989976,0.5452801827801828,0.5037254500307027,1.2289189100265503
l1_capacity_no_phase_l2_whole_count,11,96.0,0.9331242904735768,0.5610209235209235,0.4984655560806983,1.208577036857605
l1_capacity_no_phase_l2_whole_count,11,97.0,0.935109740759713,0.545911495911496,0.4896143540457891,1.196149230003357
l1_capacity_no_phase_l2_whole_count,11,98.0,0.9321734153086788,0.5419071669071669,0.4781634379274463,1.231900334358215
l1_capacity_no_phase_l2_whole_count,11,99.0,0.9323182587666942,0.5451118326118326,0.4662931585065674,1.1875989437103271
l1_capacity_no_phase_l2_whole_count,11,100.0,0.9476596319063022,0.5730940355940356,0.4596202635108501,1.198956847190857
l1_capacity_no_phase_l2_whole_count,23,1.0,0.0749114054184808,0.0761243386243386,2.4816294615116874,2.4809343814849854
l1_capacity_no_phase_l2_whole_count,23,2.0,0.0998632277052088,0.0807539682539682,2.470733869096293,2.4735496044158936
l1_capacity_no_phase_l2_whole_count,23,3.0,0.1060864175133042,0.0361111111111111,2.4591809878456,2.46266770362854
l1_capacity_no_phase_l2_whole_count,23,4.0,0.109622742299629,0.0277777777777777,2.446596103362906,2.449542760848999
l1_capacity_no_phase_l2_whole_count,23,5.0,0.110981394129979,0.0793650793650793,2.4307328719075083,2.435147285461426
l1_capacity_no_phase_l2_whole_count,23,6.0,0.1342597968069666,0.0982142857142857,2.4180738839758447,2.421313524246216
l1_capacity_no_phase_l2_whole_count,23,7.0,0.1467409714382984,0.117063492063492,2.402394923819117,2.4100115299224854
l1_capacity_no_phase_l2_whole_count,23,8.0,0.1682926252934114,0.1303571428571428,2.3866000384759163,2.4034008979797363
l1_capacity_no_phase_l2_whole_count,23,9.0,0.1797944887921303,0.1511904761904761,2.3657792225967382,2.392141103744507
l1_capacity_no_phase_l2_whole_count,23,10.0,0.1997423242666953,0.1531746031746031,2.345276140304933,2.37485933303833
l1_capacity_no_phase_l2_whole_count,23,11.0,0.2253417123582217,0.1809523809523809,2.319838476673461,2.356734037399292
l1_capacity_no_phase_l2_whole_count,23,12.0,0.2445576094357541,0.1809523809523809,2.291740772851363,2.33633804321289
l1_capacity_no_phase_l2_whole_count,23,13.0,0.2685599320898063,0.1962301587301587,2.2603187749800298,2.3074989318847656
l1_capacity_no_phase_l2_whole_count,23,14.0,0.2865140927090612,0.2357142857142857,2.222396249820361,2.2781872749328613
l1_capacity_no_phase_l2_whole_count,23,15.0,0.3220442939310864,0.2636243386243386,2.18568895811058,2.242460966110229
l1_capacity_no_phase_l2_whole_count,23,16.0,0.3116448399899658,0.2380291005291005,2.142470460340201,2.2120935916900635
l1_capacity_no_phase_l2_whole_count,23,17.0,0.3410685440520346,0.2511243386243386,2.100033009934549,2.1755969524383545
l1_capacity_no_phase_l2_whole_count,23,18.0,0.3448724206932679,0.2841630591630592,2.0590473103646363,2.130769729614258
l1_capacity_no_phase_l2_whole_count,23,19.0,0.3749321780800693,0.3048280423280423,2.0163589482053013,2.0688488483428955
l1_capacity_no_phase_l2_whole_count,23,20.0,0.3867721604042358,0.3328403078403079,1.9723643838025615,2.059206247329712
l1_capacity_no_phase_l2_whole_count,23,21.0,0.4152617633356627,0.3252344877344877,1.9247706227786772,2.0020551681518555
l1_capacity_no_phase_l2_whole_count,23,22.0,0.4224173019742757,0.3447150072150073,1.8879988006798616,1.9581630229949951
l1_capacity_no_phase_l2_whole_count,23,23.0,0.4585232570177092,0.3416486291486291,1.841010511024068,1.9400339126586916
l1_capacity_no_phase_l2_whole_count,23,24.0,0.4711995219837462,0.3407166907166907,1.8055672282401127,1.911059021949768
l1_capacity_no_phase_l2_whole_count,23,25.0,0.4804131107681822,0.3904220779220779,1.7588599973619496,1.8593757152557373
l1_capacity_no_phase_l2_whole_count,23,26.0,0.5029403380823175,0.3748436748436747,1.7273510823766869,1.85459578037262
l1_capacity_no_phase_l2_whole_count,23,27.0,0.5316109721468686,0.426106301106301,1.6875015486948666,1.8257641792297363
l1_capacity_no_phase_l2_whole_count,23,28.0,0.5526355439634294,0.4254749879749879,1.6497288581221117,1.7942441701889038
l1_capacity_no_phase_l2_whole_count,23,29.0,0.5577955961582577,0.4178992303992303,1.614901878952775,1.7911964654922483
l1_capacity_no_phase_l2_whole_count,23,30.0,0.5405175803898176,0.4787578162578162,1.5816479209368075,1.752134084701538
l1_capacity_no_phase_l2_whole_count,23,31.0,0.5514322686233676,0.4574555074555073,1.5565082589853652,1.7239803075790403
l1_capacity_no_phase_l2_whole_count,23,32.0,0.580861532700156,0.4514730639730639,1.5289615423461862,1.7373015880584717
l1_capacity_no_phase_l2_whole_count,23,33.0,0.5965161735813967,0.4996272246272246,1.49804715404412,1.6794692277908323
l1_capacity_no_phase_l2_whole_count,23,34.0,0.6058088958866991,0.4588443963443963,1.46523697958961,1.6757745742797852
l1_capacity_no_phase_l2_whole_count,23,35.0,0.6063251214845918,0.4678090428090429,1.4400855001196804,1.6568000316619873
l1_capacity_no_phase_l2_whole_count,23,36.0,0.6165062697493957,0.4602332852332852,1.413955507713423,1.631142497062683
l1_capacity_no_phase_l2_whole_count,23,37.0,0.6444222976319034,0.4704184704184704,1.3840909024729375,1.6384752988815308
l1_capacity_no_phase_l2_whole_count,23,38.0,0.6568837688107273,0.5002164502164502,1.3572779887719737,1.5942140817642212
l1_capacity_no_phase_l2_whole_count,23,39.0,0.6615217791780199,0.5065295815295815,1.3354076955486698,1.5797384977340698
l1_capacity_no_phase_l2_whole_count,23,40.0,0.6510930411907746,0.5102332852332854,1.305378963738013,1.5766817331314087
l1_capacity_no_phase_l2_whole_count,23,41.0,0.6744791175678378,0.5065295815295815,1.280134959803596,1.561912178993225
l1_capacity_no_phase_l2_whole_count,23,42.0,0.6806152847219525,0.5045454545454545,1.2581720703029795,1.5554277896881104
l1_capacity_no_phase_l2_whole_count,23,43.0,0.695827280099042,0.5296777296777296,1.232784505350044,1.5230180025100708
l1_capacity_no_phase_l2_whole_count,23,44.0,0.7022446398698965,0.499585137085137,1.2150559749537615,1.5210039615631104
l1_capacity_no_phase_l2_whole_count,23,45.0,0.7027709782115356,0.500974025974026,1.1972239540694298,1.5200365781784058
l1_capacity_no_phase_l2_whole_count,23,46.0,0.7182987585351,0.5435666185666186,1.1699612546910927,1.484874248504639
l1_capacity_no_phase_l2_whole_count,23,47.0,0.725405226883893,0.5213443963443963,1.1512855658637882,1.4893828630447388
l1_capacity_no_phase_l2_whole_count,23,48.0,0.7262966890656779,0.5435666185666186,1.1301855205874023,1.4681295156478882
l1_capacity_no_phase_l2_whole_count,23,49.0,0.7392614273853458,0.5366221741221742,1.1089601773198008,1.4547500610351562
l1_capacity_no_phase_l2_whole_count,23,50.0,0.7469857238625588,0.5326178451178453,1.0929347471608146,1.447310209274292
l1_capacity_no_phase_l2_whole_count,23,51.0,0.7427697199809952,0.5364959114959115,1.0731753917241056,1.4549107551574707
l1_capacity_no_phase_l2_whole_count,23,52.0,0.7726880029755866,0.5468434343434344,1.05275666549571,1.4223483800888062
l1_capacity_no_phase_l2_whole_count,23,53.0,0.7669038110780934,0.5547138047138048,1.0383444265326207,1.4255210161209106
l1_capacity_no_phase_l2_whole_count,23,54.0,0.7682311277404095,0.5547138047138048,1.0193162978003234,1.4108529090881348
l1_capacity_no_phase_l2_whole_count,23,55.0,0.7767845077662724,0.5477693602693604,1.0035431444542338,1.414070963859558
l1_capacity_no_phase_l2_whole_count,23,56.0,0.7825236240487216,0.5676767676767677,0.9845635482653488,1.388267993927002
l1_capacity_no_phase_l2_whole_count,23,57.0,0.780003376418411,0.564436026936027,0.9683645202452876,1.3815933465957642
l1_capacity_no_phase_l2_whole_count,23,58.0,0.7921182585278409,0.5445286195286195,0.9609547943748828,1.3758196830749512
l1_capacity_no_phase_l2_whole_count,23,59.0,0.8065423314526984,0.5219757094757095,0.937577957643289,1.3525348901748655
l1_capacity_no_phase_l2_whole_count,23,60.0,0.7995605801858486,0.5551767676767677,0.925842304032764,1.366682767868042
l1_capacity_no_phase_l2_whole_count,23,61.0,0.8095327159788317,0.5432720057720057,0.9245617279907924,1.354673147201538
l1_capacity_no_phase_l2_whole_count,23,62.0,0.8112938981569119,0.5519300144300144,0.8981016000248684,1.3592411279678345
l1_capacity_no_phase_l2_whole_count,23,63.0,0.818218683986991,0.5438672438672439,0.8798645736838783,1.3365378379821775
l1_capacity_no_phase_l2_whole_count,23,64.0,0.8261721865055601,0.5290464165464166,0.8650537695408688,1.3560024499893188
l1_capacity_no_phase_l2_whole_count,23,65.0,0.8271888894830474,0.5412518037518038,0.8473735090582383,1.3313735723495483
l1_capacity_no_phase_l2_whole_count,23,66.0,0.8219468638978845,0.5343073593073593,0.8343418904302863,1.322046399116516
l1_capacity_no_phase_l2_whole_count,23,67.0,0.83068596595538,0.5330507455507456,0.824465349906488,1.3248060941696167
l1_capacity_no_phase_l2_whole_count,23,68.0,0.8383605188056187,0.574320586820587,0.8092712247022869,1.3237700462341309
l1_capacity_no_phase_l2_whole_count,23,69.0,0.8344603710165496,0.564399951899952,0.7962684098906854,1.2960609197616575
l1_capacity_no_phase_l2_whole_count,23,70.0,0.8444905956861608,0.5406565656565657,0.7824523595647435,1.3099654912948608
l1_capacity_no_phase_l2_whole_count,23,71.0,0.8522792086967943,0.5694865319865321,0.7728274448192879,1.2972406148910522
l1_capacity_no_phase_l2_whole_count,23,72.0,0.8436477945770785,0.5678030303030304,0.7557473213455148,1.2921993732452393
l1_capacity_no_phase_l2_whole_count,23,73.0,0.8630199454849783,0.5715067340067341,0.7435730803443725,1.2853741645812988
l1_capacity_no_phase_l2_whole_count,23,74.0,0.8571799474823371,0.5770622895622897,0.7372452581811074,1.2850069999694824
l1_capacity_no_phase_l2_whole_count,23,75.0,0.8615379738864696,0.568855218855219,0.72268368732088,1.259609937667847
l1_capacity_no_phase_l2_whole_count,23,76.0,0.8690218435026921,0.5492845117845119,0.7115318144250039,1.2872586250305176
l1_capacity_no_phase_l2_whole_count,23,77.0,0.8685808258356307,0.5694865319865321,0.7003334943275649,1.2509678602218628
l1_capacity_no_phase_l2_whole_count,23,78.0,0.872313055799594,0.5535774410774412,0.6885180297899164,1.270171284675598
l1_capacity_no_phase_l2_whole_count,23,79.0,0.8783356915646455,0.5485269360269361,0.6801943148064736,1.2706865072250366
l1_capacity_no_phase_l2_whole_count,23,80.0,0.875052866019243,0.5625420875420877,0.6647600104804704,1.2500463724136353
l1_capacity_no_phase_l2_whole_count,23,81.0,0.8829297666719945,0.5274891774891775,0.6570285999836487,1.2636077404022217
l1_capacity_no_phase_l2_whole_count,23,82.0,0.8837767139280244,0.5555976430976431,0.646297034318599,1.2342984676361084
l1_capacity_no_phase_l2_whole_count,23,83.0,0.8901590389378004,0.5555976430976431,0.6344440297292555,1.2291529178619385
l1_capacity_no_phase_l2_whole_count,23,84.0,0.900588187820937,0.5486531986531987,0.6221034423209304,1.24305260181427
l1_capacity_no_phase_l2_whole_count,23,85.0,0.896479704063497,0.5591690716690717,0.6140349229313625,1.2160422801971436
l1_capacity_no_phase_l2_whole_count,23,86.0,0.8995869854531974,0.567502405002405,0.6041973274258862,1.228448510169983
l1_capacity_no_phase_l2_whole_count,23,87.0,0.9096580721849392,0.5555976430976431,0.5948731467358627,1.2269073724746704
l1_capacity_no_phase_l2_whole_count,23,88.0,0.9139554071238774,0.5738155363155364,0.5911041264279574,1.2179715633392334
l1_capacity_no_phase_l2_whole_count,23,89.0,0.9081571612948788,0.5585377585377587,0.5835197853139263,1.2255223989486694
l1_capacity_no_phase_l2_whole_count,23,90.0,0.9071260413669312,0.567502405002405,0.5763771563717092,1.2159911394119265
l1_capacity_no_phase_l2_whole_count,23,91.0,0.914433870696588,0.5599266474266474,0.5656517020806593,1.2259794473648071
l1_capacity_no_phase_l2_whole_count,23,92.0,0.9150190335366528,0.5508357383357384,0.5563278732734785,1.209913730621338
l1_capacity_no_phase_l2_whole_count,23,93.0,0.9203275707692096,0.5661135161135161,0.5467991620661264,1.1928679943084717
l1_capacity_no_phase_l2_whole_count,23,94.0,0.9250029525173332,0.531355218855219,0.536924631480711,1.224212646484375
l1_capacity_no_phase_l2_whole_count,23,95.0,0.9271711479436692,0.5640933140933141,0.5317709894270577,1.205793023109436
l1_capacity_no_phase_l2_whole_count,23,96.0,0.9327806473339214,0.5627405002405003,0.5255908223827611,1.2063432931900024
l1_capacity_no_phase_l2_whole_count,23,97.0,0.9379368523735891,0.5313552188552189,0.5194145118410534,1.226109504699707
l1_capacity_no_phase_l2_whole_count,23,98.0,0.9329095830263516,0.5478595478595479,0.5107204154928867,1.1931869983673096
l1_capacity_no_phase_l2_whole_count,23,99.0,0.9359211479436692,0.5568542568542569,0.5011234196245978,1.2217787504196167
l1_capacity_no_phase_l2_whole_count,23,100.0,0.9361093693511378,0.5605218855218855,0.4950450681367963,1.2016462087631226
l1_capacity_no_phase_l2_whole_count,37,1.0,0.0927923897210338,0.122492784992785,2.4839676136404223,2.4786055088043213
l1_capacity_no_phase_l2_whole_count,37,2.0,0.0983413840325142,0.0962301587301587,2.4736032769109624,2.471416711807251
l1_capacity_no_phase_l2_whole_count,37,3.0,0.1167339385224605,0.1198412698412698,2.461809068866933,2.460253953933716
l1_capacity_no_phase_l2_whole_count,37,4.0,0.1256678358329302,0.1084656084656084,2.446624896202153,2.449211597442627
l1_capacity_no_phase_l2_whole_count,37,5.0,0.1185382398000322,0.1273148148148148,2.429067177944873,2.43554425239563
l1_capacity_no_phase_l2_whole_count,37,6.0,0.1160222141590066,0.1064814814814815,2.4132324048861373,2.4246973991394043
l1_capacity_no_phase_l2_whole_count,37,7.0,0.1414729479116271,0.1362433862433862,2.395550053624401,2.4092299938201904
l1_capacity_no_phase_l2_whole_count,37,8.0,0.1796887038828862,0.1332671957671957,2.3733038651963723,2.392951726913452
l1_capacity_no_phase_l2_whole_count,37,9.0,0.2109375951907398,0.1372354497354497,2.3485265804034707,2.3715474605560303
l1_capacity_no_phase_l2_whole_count,37,10.0,0.2433509367032304,0.1441798941798941,2.3189215294875707,2.3482823371887207
l1_capacity_no_phase_l2_whole_count,37,11.0,0.2489348129860986,0.1687169312169312,2.284241464174963,2.322018384933472
l1_capacity_no_phase_l2_whole_count,37,12.0,0.2747054297852023,0.1687169312169312,2.245503223701516,2.2941064834594727
l1_capacity_no_phase_l2_whole_count,37,13.0,0.2949974848564378,0.1713624338624338,2.2044932062572538,2.2587132453918457
l1_capacity_no_phase_l2_whole_count,37,14.0,0.3053708216205903,0.2392556517556517,2.1580748377486474,2.2154035568237305
l1_capacity_no_phase_l2_whole_count,37,15.0,0.3165399615337185,0.2542388167388167,2.1157940611781845,2.181063175201416
l1_capacity_no_phase_l2_whole_count,37,16.0,0.3466242295107027,0.2397186147186147,2.06788815524615,2.137146472930908
l1_capacity_no_phase_l2_whole_count,37,17.0,0.368636541988239,0.2924963924963925,2.024305598460869,2.100438117980957
l1_capacity_no_phase_l2_whole_count,37,18.0,0.3867971697178194,0.2682900432900433,1.9781717835523176,2.077610969543457
l1_capacity_no_phase_l2_whole_count,37,19.0,0.4209847410104666,0.3655483405483405,1.9346643628844296,2.0350985527038574
l1_capacity_no_phase_l2_whole_count,37,20.0,0.4448871692972334,0.4118506493506493,1.898324042097016,1.9943658113479612
l1_capacity_no_phase_l2_whole_count,37,21.0,0.4202360293229385,0.365554353054353,1.85772734213614,1.9626102447509768
l1_capacity_no_phase_l2_whole_count,37,22.0,0.4555751270224213,0.3913480038480037,1.8238053184368117,1.9562008380889893
l1_capacity_no_phase_l2_whole_count,37,23.0,0.4804606182043438,0.4267015392015391,1.7818536268043843,1.9096215963363647
l1_capacity_no_phase_l2_whole_count,37,24.0,0.4677383619901343,0.3910533910533909,1.74677404315049,1.888567566871643
l1_capacity_no_phase_l2_whole_count,37,25.0,0.4878874576553679,0.367574555074555,1.714371237204941,1.8796114921569824
l1_capacity_no_phase_l2_whole_count,37,26.0,0.5119385121668875,0.4087722462722463,1.6818643904799233,1.8394757509231567
l1_capacity_no_phase_l2_whole_count,37,27.0,0.5219893493770413,0.3782166907166906,1.6500470851661826,1.8239682912826536
l1_capacity_no_phase_l2_whole_count,37,28.0,0.5505007776676502,0.4092412217412217,1.6186823947499418,1.8032609224319456
l1_capacity_no_phase_l2_whole_count,37,29.0,0.5504579707351344,0.4021705146705146,1.5934261395475746,1.8086544275283811
l1_capacity_no_phase_l2_whole_count,37,30.0,0.549869342161628,0.4566678691678691,1.5572702831327403,1.7545950412750244
l1_capacity_no_phase_l2_whole_count,37,31.0,0.5599103039089374,0.4279641654641654,1.5309890280902487,1.7592730522155762
l1_capacity_no_phase_l2_whole_count,37,32.0,0.5938848066628579,0.4200877825877826,1.5021135581339904,1.7475991249084473
l1_capacity_no_phase_l2_whole_count,37,33.0,0.5908061523236119,0.4151274651274652,1.4768960125064683,1.718560814857483
l1_capacity_no_phase_l2_whole_count,37,34.0,0.6028395740463127,0.4179052429052428,1.448621639286179,1.7183349132537842
l1_capacity_no_phase_l2_whole_count,37,35.0,0.626745130909187,0.4234607984607985,1.4178357817835323,1.68571674823761
l1_capacity_no_phase_l2_whole_count,37,36.0,0.636365328633582,0.4151274651274652,1.3896454024848348,1.6825530529022217
l1_capacity_no_phase_l2_whole_count,37,37.0,0.6444223644641117,0.416516354016354,1.3648256192724388,1.6523312330245972
l1_capacity_no_phase_l2_whole_count,37,38.0,0.6487195700736957,0.4234607984607985,1.3392741842237068,1.6533609628677368
l1_capacity_no_phase_l2_whole_count,37,39.0,0.6574201288598076,0.4359968734968735,1.3234816206917297,1.6305575370788574
l1_capacity_no_phase_l2_whole_count,37,40.0,0.6769625809844863,0.4152898027898028,1.2952080294105148,1.625108242034912
l1_capacity_no_phase_l2_whole_count,37,41.0,0.6901701531871564,0.4146584896584897,1.27567783218653,1.625740885734558
l1_capacity_no_phase_l2_whole_count,37,42.0,0.6806852035156981,0.4556036556036556,1.2543167868908014,1.6013672351837158
l1_capacity_no_phase_l2_whole_count,37,43.0,0.7002027638409779,0.4267316017316017,1.232905146176967,1.6067324876785278
l1_capacity_no_phase_l2_whole_count,37,44.0,0.7173114152760723,0.4350649350649351,1.214949723980718,1.590455412864685
l1_capacity_no_phase_l2_whole_count,37,45.0,0.7126315017942226,0.447991822991823,1.1913834908743115,1.5617187023162842
l1_capacity_no_phase_l2_whole_count,37,46.0,0.7295694891635857,0.4463383838383838,1.1644300491181996,1.5671210289001465
l1_capacity_no_phase_l2_whole_count,37,47.0,0.7347646789709669,0.4628427128427128,1.1519343576004502,1.5438871383666992
l1_capacity_no_phase_l2_whole_count,37,48.0,0.7226564016687371,0.4612854737854737,1.1299996891038142,1.5349634885787964
l1_capacity_no_phase_l2_whole_count,37,49.0,0.74384437160435,0.4526515151515152,1.111452399761049,1.5365384817123413
l1_capacity_no_phase_l2_whole_count,37,50.0,0.7436191363949276,0.4475649350649351,1.0967400589005671,1.5357749462127686
l1_capacity_no_phase_l2_whole_count,37,51.0,0.7566145866961941,0.4452501202501203,1.076017277786531,1.5306161642074585
l1_capacity_no_phase_l2_whole_count,37,52.0,0.770504979702899,0.4767316017316017,1.0535730068121432,1.4907046556472778
l1_capacity_no_phase_l2_whole_count,37,53.0,0.7657643952198986,0.4552669552669552,1.047523996916162,1.4934841394424438
l1_capacity_no_phase_l2_whole_count,37,54.0,0.776649334981915,0.4717712842712842,1.022117244397096,1.479618787765503
l1_capacity_no_phase_l2_whole_count,37,55.0,0.7804402235219249,0.4822871572871572,1.0102954376585105,1.4972937107086182
l1_capacity_no_phase_l2_whole_count,37,56.0,0.7686668457727347,0.5012987012987012,0.991334475461464,1.459652304649353
l1_capacity_no_phase_l2_whole_count,37,57.0,0.7963550330097133,0.4863215488215489,0.973846407232104,1.4716874361038208
l1_capacity_no_phase_l2_whole_count,37,58.0,0.8021662840251803,0.4943181818181818,0.9640724189105008,1.4619719982147217
l1_capacity_no_phase_l2_whole_count,37,59.0,0.8034980736641303,0.521969696969697,0.9522721591997064,1.457201361656189
l1_capacity_no_phase_l2_whole_count,37,60.0,0.8082765033035044,0.5157828282828282,0.9331515225198715,1.4511743783950806
l1_capacity_no_phase_l2_whole_count,37,61.0,0.8065626667405158,0.5088383838383838,0.9177736053163132,1.437605381011963
l1_capacity_no_phase_l2_whole_count,37,62.0,0.8180225383621552,0.4811507936507936,0.9006329224975507,1.4428104162216189
l1_capacity_no_phase_l2_whole_count,37,63.0,0.8197791790526194,0.5157828282828283,0.8821241601198758,1.4247843027114868
l1_capacity_no_phase_l2_whole_count,37,64.0,0.8220507133293776,0.5157828282828282,0.8676893313041858,1.4120936393737793
l1_capacity_no_phase_l2_whole_count,37,65.0,0.8336836179157135,0.4963023088023088,0.851385745965265,1.4163775444030762
l1_capacity_no_phase_l2_whole_count,37,66.0,0.8327415663023277,0.514556277056277,0.834555240280657,1.4176501035690308
l1_capacity_no_phase_l2_whole_count,37,67.0,0.8409943629571761,0.4963023088023088,0.8271834518946387,1.4112411737442017
l1_capacity_no_phase_l2_whole_count,37,68.0,0.8394297690477784,0.5098905723905724,0.8138448097414486,1.4034734964370728
l1_capacity_no_phase_l2_whole_count,37,69.0,0.8528561173235102,0.5180976430976431,0.8026597393154072,1.4087698459625244
l1_capacity_no_phase_l2_whole_count,37,70.0,0.8544818980852047,0.5224266474266475,0.7997565737279475,1.3897035121917725
l1_capacity_no_phase_l2_whole_count,37,71.0,0.8469759243695535,0.5256734006734007,0.7811643089361733,1.3965915441513062
l1_capacity_no_phase_l2_whole_count,37,72.0,0.8579630029772867,0.530002405002405,0.7654925402183336,1.3724652528762815
l1_capacity_no_phase_l2_whole_count,37,73.0,0.8648249161471476,0.5154822029822029,0.7458171198166996,1.3788601160049438
l1_capacity_no_phase_l2_whole_count,37,74.0,0.8761157584889951,0.5250420875420876,0.7325218220380826,1.3790353536605835
l1_capacity_no_phase_l2_whole_count,37,75.0,0.8628746817384366,0.5168350168350169,0.7226127634360334,1.3635869026184082
l1_capacity_no_phase_l2_whole_count,37,76.0,0.8682543973127986,0.5356842231842232,0.7137009915919804,1.3628052473068235
l1_capacity_no_phase_l2_whole_count,37,77.0,0.8798907953854741,0.5224266474266475,0.7098899109228137,1.3571237325668335
l1_capacity_no_phase_l2_whole_count,37,78.0,0.8775197995888865,0.5038780663780663,0.6965065589254776,1.3511850833892822
l1_capacity_no_phase_l2_whole_count,37,79.0,0.8781416242833591,0.5029461279461279,0.6827525082020259,1.3749369382858276
l1_capacity_no_phase_l2_whole_count,37,80.0,0.8896154240559501,0.5300024050024049,0.6660531429948987,1.330912947654724
l1_capacity_no_phase_l2_whole_count,37,81.0,0.8893506356969145,0.5035774410774411,0.6630009814917323,1.3463737964630127
l1_capacity_no_phase_l2_whole_count,37,82.0,0.899160349078585,0.5079064454064455,0.6496748179453786,1.3429853916168213
l1_capacity_no_phase_l2_whole_count,37,83.0,0.8941813905565277,0.5313912938912939,0.6336745706975152,1.3361235857009888
l1_capacity_no_phase_l2_whole_count,37,84.0,0.908769611884945,0.5349627224627226,0.6291218797023859,1.3713644742965698
l1_capacity_no_phase_l2_whole_count,37,85.0,0.8996559917801101,0.5287397787397787,0.6238626366843455,1.3309015035629272
l1_capacity_no_phase_l2_whole_count,37,86.0,0.9101429612972788,0.5035774410774411,0.6143649649291769,1.3419454097747805
l1_capacity_no_phase_l2_whole_count,37,87.0,0.9105634131532178,0.5482202982202983,0.5970715034028544,1.3266130685806274
l1_capacity_no_phase_l2_whole_count,37,88.0,0.9191381989934974,0.5244107744107744,0.5921520238899323,1.335820555686951
l1_capacity_no_phase_l2_whole_count,37,89.0,0.9151074172726488,0.5382996632996633,0.5791034843137876,1.3405853509902954
l1_capacity_no_phase_l2_whole_count,37,90.0,0.9233202977589294,0.5565536315536316,0.5727673302213829,1.3269667625427246
l1_capacity_no_phase_l2_whole_count,37,91.0,0.9236312776715092,0.5363155363155363,0.5650758713022157,1.3213037252426147
l1_capacity_no_phase_l2_whole_count,37,92.0,0.9292889574100712,0.5412758537758537,0.552438353507326,1.3363323211669922
l1_capacity_no_phase_l2_whole_count,37,93.0,0.9304017793194618,0.5446488696488697,0.5426437849124409,1.3169119358062744
l1_capacity_no_phase_l2_whole_count,37,94.0,0.928608129523361,0.5482202982202983,0.5355737308832126,1.331849455833435
l1_capacity_no_phase_l2_whole_count,37,95.0,0.931728939813289,0.5515933140933141,0.5303902909185307,1.3055166006088257
l1_capacity_no_phase_l2_whole_count,37,96.0,0.9287161542147192,0.5502044252044253,0.5226835546928511,1.3086652755737305
l1_capacity_no_phase_l2_whole_count,37,97.0,0.9307757807718944,0.5648869648869649,0.5141495116401252,1.2921558618545532
l1_capacity_no_phase_l2_whole_count,37,98.0,0.9305163678899326,0.5627405002405003,0.5018020012702876,1.324981451034546
l1_capacity_no_phase_l2_whole_count,37,99.0,0.9340729080273552,0.5551647426647427,0.4984319151576333,1.301166296005249
l1_capacity_no_phase_l2_whole_count,37,100.0,0.9391820848889832,0.5410774410774412,0.4933203481868704,1.312700271606445
