method,seed,epoch,train_ba,val_ba,train_loss,val_loss,train_main_ce,val_main_ce,train_aux_ce,val_aux_ce
l2_only,11,1.0,0.1001725495627656,0.0535714285714285,2.490012137286634,2.4796159267425537,2.490012137286634,2.4796159267425537,,
l2_only,11,2.0,0.1040566037735849,0.0486111111111111,2.4676036379218305,2.4680263996124268,2.4676036379218305,2.4680263996124268,,
l2_only,11,3.0,0.1145728511530398,0.1051587301587301,2.451507423502648,2.452878713607788,2.451507423502648,2.452878713607788,,
l2_only,11,4.0,0.1144196500564425,0.117063492063492,2.437458044075104,2.4357292652130127,2.437458044075104,2.4357292652130127,,
l2_only,11,5.0,0.1159236525470802,0.117063492063492,2.421883412359504,2.420428514480591,2.421883412359504,2.420428514480591,,
l2_only,11,6.0,0.1196445353795982,0.1240079365079365,2.4083540706339064,2.403855323791504,2.4083540706339064,2.403855323791504,,
l2_only,11,7.0,0.1362810657779211,0.119047619047619,2.391400065971939,2.392872810363769,2.391400065971939,2.392872810363769,,
l2_only,11,8.0,0.153325527692666,0.1259920634920635,2.3762547698981176,2.3775877952575684,2.3762547698981176,2.3775877952575684,,
l2_only,11,9.0,0.1643464526594382,0.1706349206349206,2.3593455830047136,2.3602771759033203,2.3593455830047136,2.3602771759033203,,
l2_only,11,10.0,0.1716685256858212,0.1621031746031745,2.340990038623908,2.346449136734009,2.340990038623908,2.346449136734009,,
l2_only,11,11.0,0.2034493863260511,0.1906746031746031,2.3208580365894997,2.331941843032837,2.3208580365894997,2.331941843032837,,
l2_only,11,12.0,0.2197267241842713,0.2105820105820106,2.299853395882244,2.3150460720062256,2.299853395882244,2.3150460720062256,,
l2_only,11,13.0,0.2353863848124854,0.2400793650793651,2.2759812542985927,2.2939131259918213,2.2759812542985927,2.2939131259918213,,
l2_only,11,14.0,0.2582806984536543,0.2321789321789321,2.25088712968022,2.2684268951416016,2.25088712968022,2.2684268951416016,,
l2_only,11,15.0,0.2918777312166602,0.2831409331409331,2.2249367421752613,2.247284412384033,2.2249367421752613,2.247284412384033,,
l2_only,11,16.0,0.2954994588949917,0.271566859066859,2.1984328423432764,2.2181363105773926,2.1984328423432764,2.2181363105773926,,
l2_only,11,17.0,0.3038377072325463,0.2613816738816739,2.171309579054788,2.190542459487915,2.171309579054788,2.190542459487915,,
l2_only,11,18.0,0.3196966972699954,0.3104617604617605,2.1411566648138574,2.170242547988892,2.1411566648138574,2.170242547988892,,
l2_only,11,19.0,0.3394562428261096,0.3120490620490621,2.1079176588436,2.137712240219116,2.1079176588436,2.137712240219116,,
l2_only,11,20.0,0.349767085716725,0.312012987012987,2.076664913952248,2.1111505031585693,2.076664913952248,2.1111505031585693,,
l2_only,11,21.0,0.3644875595913794,0.3514069264069264,2.042184360261218,2.0806915760040283,2.042184360261218,2.0806915760040283,,
l2_only,11,22.0,0.3840337672186544,0.3557359307359307,2.012621696762702,2.052281618118286,2.012621696762702,2.052281618118286,,
l2_only,11,23.0,0.4018775744319121,0.3514069264069264,1.9768212465328927,2.042445659637451,1.9768212465328927,2.042445659637451,,
l2_only,11,24.0,0.3979454939799927,0.3613275613275613,1.9388116249324123,2.00860857963562,1.9388116249324123,2.00860857963562,,
l2_only,11,25.0,0.4334583079052187,0.3652958152958153,1.910801078899797,1.9864665269851685,1.910801078899797,1.9864665269851685,,
l2_only,11,26.0,0.4326968267821023,0.4321608946608947,1.871593220714037,1.9541072845458984,1.871593220714037,1.9541072845458984,,
l2_only,11,27.0,0.4610398893336833,0.4093073593073593,1.8412877672100232,1.9499117136001587,1.8412877672100232,1.9499117136001587,,
l2_only,11,28.0,0.4588531452601467,0.4126803751803752,1.806125506681748,1.905985951423645,1.806125506681748,1.905985951423645,,
l2_only,11,29.0,0.4769858303478355,0.3981601731601731,1.7712437072432186,1.883727550506592,1.7712437072432186,1.883727550506592,,
l2_only,11,30.0,0.4927749503822385,0.4051046176046176,1.741704950849694,1.882331132888794,1.741704950849694,1.882331132888794,,
l2_only,11,31.0,0.5061258831329124,0.3987914862914863,1.7094769453222698,1.846370339393616,1.7094769453222698,1.846370339393616,,
l2_only,11,32.0,0.493580895175375,0.3967712842712843,1.6776616895465557,1.839773416519165,1.6776616895465557,1.839773416519165,,
l2_only,11,33.0,0.5170566245903835,0.4273268398268399,1.6485499223620468,1.812711477279663,1.6485499223620468,1.812711477279663,,
l2_only,11,34.0,0.5219883514627333,0.4288840788840788,1.6189638899443688,1.7891846895217896,1.6189638899443688,1.7891846895217896,,
l2_only,11,35.0,0.5334899264673157,0.4210137085137085,1.5900836120168846,1.787505030632019,1.5900836120168846,1.787505030632019,,
l2_only,11,36.0,0.5505122653486106,0.4279581529581529,1.557562301368188,1.7698837518692017,1.557562301368188,1.7698837518692017,,
l2_only,11,37.0,0.5553996162084471,0.4378487253487252,1.5289146493921593,1.7622536420822144,1.5289146493921593,1.7622536420822144,,
l2_only,11,38.0,0.5645180169305768,0.4329184704184703,1.5057040775088968,1.7455180883407593,1.5057040775088968,1.7455180883407593,,
l2_only,11,39.0,0.5719403985989352,0.438474025974026,1.4731897027480212,1.7014600038528442,1.4731897027480212,1.7014600038528442,,
l2_only,11,40.0,0.5731825468451067,0.4372174122174121,1.4452169799148114,1.7249387502670288,1.4452169799148114,1.7249387502670288,,
l2_only,11,41.0,0.6003521131073477,0.447101972101972,1.4196521870650851,1.691650152206421,1.4196521870650851,1.691650152206421,,
l2_only,11,42.0,0.6156087671897539,0.4282527657527657,1.3941989503095564,1.6844007968902588,1.3941989503095564,1.6844007968902588,,
l2_only,11,43.0,0.6238273124335056,0.4427729677729677,1.3716329574174602,1.6755417585372925,1.3716329574174602,1.6755417585372925,,
l2_only,11,44.0,0.6484304916813897,0.4413840788840788,1.344062560601817,1.638485074043274,1.344062560601817,1.638485074043274,,
l2_only,11,45.0,0.6555957180789058,0.4293109668109667,1.3200889518051673,1.639399170875549,1.3200889518051673,1.639399170875549,,
l2_only,11,46.0,0.6613347117895976,0.4296416546416546,1.2935877461851977,1.629109501838684,1.2935877461851977,1.629109501838684,,
l2_only,11,47.0,0.681427870341555,0.4421777296777296,1.2700634158621966,1.6355069875717163,1.2700634158621966,1.6355069875717163,,
l2_only,11,48.0,0.6928684921834409,0.4833393458393458,1.24438465072448,1.576061487197876,1.24438465072448,1.576061487197876,,
l2_only,11,49.0,0.7098965142249708,0.4194504569504569,1.2226248234766897,1.6142579317092896,1.2226248234766897,1.6142579317092896,,
l2_only,11,50.0,0.7200614780452222,0.4645262145262145,1.2046986682895129,1.5656183958053589,1.2046986682895129,1.5656183958053589,,
l2_only,11,51.0,0.7364425461419767,0.4283790283790283,1.1835571394114404,1.571705937385559,1.1835571394114404,1.571705937385559,,
l2_only,11,52.0,0.7538874666484968,0.4283790283790283,1.1594348245151276,1.5626431703567505,1.1594348245151276,1.5626431703567505,,
l2_only,11,53.0,0.747867048883997,0.4542087542087542,1.1338457650859262,1.531849980354309,1.1338457650859262,1.531849980354309,,
l2_only,11,54.0,0.7562645949642626,0.4442881192881192,1.1122016360960811,1.5547122955322266,1.1122016360960811,1.5547122955322266,,
l2_only,11,55.0,0.7755548000647233,0.4667087542087542,1.09387237808175,1.514301061630249,1.09387237808175,1.514301061630249,,
l2_only,11,56.0,0.7666419988667297,0.4422679172679173,1.0694001964365554,1.5177159309387207,1.0694001964365554,1.5177159309387207,,
l2_only,11,57.0,0.7759906031195175,0.4591329966329966,1.0567432849214329,1.5000028610229492,1.0567432849214329,1.5000028610229492,,
l2_only,11,58.0,0.7887051709097405,0.4422679172679173,1.045074625803148,1.4934370517730713,1.045074625803148,1.4934370517730713,,
l2_only,11,59.0,0.7970375741172376,0.4819504569504569,1.017965728362538,1.472622632980347,1.017965728362538,1.472622632980347,,
l2_only,11,60.0,0.8022517394479401,0.4793350168350168,1.0049124597066856,1.4615024328231812,1.0049124597066856,1.4615024328231812,,
l2_only,11,61.0,0.8017625921145458,0.453541366041366,0.9783399377960756,1.4856635332107544,0.9783399377960756,1.4856635332107544,,
l2_only,11,62.0,0.8203845069230603,0.4885942760942761,0.9682637773159244,1.4271957874298096,0.9682637773159244,1.4271957874298096,,
l2_only,11,63.0,0.8209880866584366,0.4452080327080326,0.9474762963345869,1.438262104988098,0.9474762963345869,1.438262104988098,,
l2_only,11,64.0,0.8133249468155875,0.453541366041366,0.9376564222851226,1.428660869598389,0.9376564222851226,1.428660869598389,,
l2_only,11,65.0,0.8240389815334174,0.4646885521885521,0.9215609536934228,1.4168716669082642,0.9215609536934228,1.4168716669082642,,
l2_only,11,66.0,0.8377119997334023,0.4591329966329966,0.9012327181903096,1.419270396232605,0.9012327181903096,1.419270396232605,,
l2_only,11,67.0,0.8426471283120258,0.4799663299663299,0.8826355107269681,1.4164252281188965,0.8826355107269681,1.4164252281188965,,
l2_only,11,68.0,0.8621422340778523,0.4892255892255893,0.8644598741949938,1.4011242389678955,0.8644598741949938,1.4011242389678955,,
l2_only,11,69.0,0.859256832750718,0.467598605098605,0.8518042224820017,1.409499168395996,0.8518042224820017,1.409499168395996,,
l2_only,11,70.0,0.8624211422443375,0.4952441077441076,0.8338690912046449,1.381184697151184,0.8338690912046449,1.381184697151184,,
l2_only,11,71.0,0.8648047874972932,0.4639309764309764,0.8186219815748284,1.390804648399353,0.8186219815748284,1.390804648399353,,
l2_only,11,72.0,0.8737441684063866,0.4736531986531986,0.8000767980918622,1.372146725654602,0.8000767980918622,1.372146725654602,,
l2_only,11,73.0,0.87256535988088,0.4583754208754209,0.7859155160219452,1.3932507038116455,0.7859155160219452,1.3932507038116455,,
l2_only,11,74.0,0.8764541393306997,0.4861531986531986,0.7730569244456988,1.3640203475952148,0.7730569244456988,1.3640203475952148,,
l2_only,11,75.0,0.8732485750693192,0.4792087542087542,0.7600868305322841,1.3572813272476196,0.7600868305322841,1.3572813272476196,,
l2_only,11,76.0,0.8887042244424203,0.4861531986531985,0.746863247708076,1.372165560722351,0.746863247708076,1.372165560722351,,
l2_only,11,77.0,0.8965652563663956,0.4722643097643098,0.73298241667411,1.3492248058319092,0.73298241667411,1.3492248058319092,,
l2_only,11,78.0,0.896965913159763,0.4954124579124579,0.719770460551454,1.34456205368042,0.719770460551454,1.34456205368042,,
l2_only,11,79.0,0.8989185637706174,0.4847643097643097,0.7113332683781544,1.3605732917785645,0.7113332683781544,1.3605732917785645,,
l2_only,11,80.0,0.904327007185629,0.4583754208754207,0.6948523392160255,1.3636306524276731,0.6948523392160255,1.3636306524276731,,
l2_only,11,81.0,0.9094255352008236,0.493097643097643,0.6838963849409107,1.3367314338684082,0.6838963849409107,1.3367314338684082,,
l2_only,11,82.0,0.9166424202390212,0.4639309764309763,0.6706559266157692,1.3457728624343872,0.6706559266157692,1.3457728624343872,,
l2_only,11,83.0,0.9149395427981646,0.4875420875420874,0.6619299509644303,1.3508156538009644,0.6619299509644303,1.3508156538009644,,
l2_only,11,84.0,0.9203218367569952,0.5083754208754209,0.6509591666228184,1.326457142829895,0.6509591666228184,1.326457142829895,,
l2_only,11,85.0,0.9195496191299388,0.4861531986531986,0.6408286827156343,1.3269495964050293,0.6408286827156343,1.3269495964050293,,
l2_only,11,86.0,0.9206767750286003,0.5176346801346802,0.6246622645916504,1.31255042552948,0.6246622645916504,1.31255042552948,,
l2_only,11,87.0,0.9240718367569952,0.5014309764309763,0.6178849953997771,1.3236252069473269,0.6178849953997771,1.3236252069473269,,
l2_only,11,88.0,0.9217646886271056,0.5083754208754209,0.6115716259779085,1.316878318786621,0.6115716259779085,1.316878318786621,,
l2_only,11,89.0,0.9224692726544312,0.4944865319865319,0.5989421216222792,1.303210973739624,0.5989421216222792,1.303210973739624,,
l2_only,11,90.0,0.9208667085518673,0.4875420875420875,0.5862759811332426,1.3309777975082395,0.5862759811332426,1.3309777975082395,,
l2_only,11,91.0,0.9259296623244984,0.5014309764309764,0.5753831963941275,1.28664231300354,0.5753831963941275,1.28664231300354,,
l2_only,11,92.0,0.9326770158243028,0.506986531986532,0.5722156782568835,1.2973374128341677,0.5722156782568835,1.2973374128341677,,
l2_only,11,93.0,0.9317297032304848,0.4875420875420875,0.5605764195143458,1.29617178440094,0.5605764195143458,1.29617178440094,,
l2_only,11,94.0,0.931670349004464,0.5236531986531987,0.557846052716398,1.2826354503631592,0.557846052716398,1.2826354503631592,,
l2_only,11,95.0,0.9374728722010416,0.5222643097643097,0.5486810580793634,1.2748005390167236,0.5486810580793634,1.2748005390167236,,
l2_only,11,96.0,0.9354156006663824,0.494486531986532,0.536078274044851,1.2781842947006226,0.536078274044851,1.2781842947006226,,
l2_only,11,97.0,0.9363142572450704,0.5228956228956229,0.5254271931164031,1.2679134607315063,0.5254271931164031,1.2679134607315063,,
l2_only,11,98.0,0.9391068591291462,0.5159511784511784,0.5172962340143175,1.277839422225952,0.5172962340143175,1.277839422225952,,
l2_only,11,99.0,0.9364780413121562,0.5145622895622896,0.5100967884063721,1.273423433303833,0.5100967884063721,1.273423433303833,,
l2_only,11,100.0,0.940768777457731,0.5203162578162579,0.4985026329396719,1.2640076875686646,0.4985026329396719,1.2640076875686646,,
l2_only,23,1.0,0.0688782051282051,0.0926587301587301,2.4816772658730537,2.4819207191467285,2.4816772658730537,2.4819207191467285,,
l2_only,23,2.0,0.0972074508591804,0.0724206349206349,2.472736756280449,2.476073741912842,2.472736756280449,2.476073741912842,,
l2_only,23,3.0,0.1093655369205683,0.048015873015873,2.46407118393509,2.4690866470336914,2.46407118393509,2.4690866470336914,,
l2_only,23,4.0,0.1035185857119819,0.0257936507936507,2.4537506513874625,2.4592080116271973,2.4537506513874625,2.4592080116271973,,
l2_only,23,5.0,0.1102191178842122,0.0396825396825396,2.442157835229949,2.447441339492798,2.442157835229949,2.447441339492798,,
l2_only,23,6.0,0.1145532978551846,0.1101190476190476,2.4313204698841666,2.43641996383667,2.4313204698841666,2.43641996383667,,
l2_only,23,7.0,0.1227133840420003,0.1309523809523809,2.4182873510863,2.4251840114593506,2.4182873510863,2.4251840114593506,,
l2_only,23,8.0,0.1378975501263237,0.117063492063492,2.406167384063931,2.418217897415161,2.406167384063931,2.418217897415161,,
l2_only,23,9.0,0.1519065025354333,0.1428571428571428,2.3922476600246463,2.4104225635528564,2.3922476600246463,2.4104225635528564,,
l2_only,23,10.0,0.171428835402892,0.1531746031746031,2.378786842096693,2.401145696640014,2.378786842096693,2.401145696640014,,
l2_only,23,11.0,0.1932205155082513,0.1412698412698412,2.3619226572230434,2.390921831130981,2.3619226572230434,2.390921831130981,,
l2_only,23,12.0,0.1999079561540253,0.1329365079365079,2.3451647421989508,2.3789539337158203,2.3451647421989508,2.3789539337158203,,
l2_only,23,13.0,0.1982921997348098,0.1259920634920634,2.325237341468798,2.363346099853516,2.325237341468798,2.363346099853516,,
l2_only,23,14.0,0.2158706817000842,0.1398809523809523,2.303656891578241,2.3443613052368164,2.303656891578241,2.3443613052368164,,
l2_only,23,15.0,0.2182311656722034,0.1412698412698412,2.2807063740420053,2.329091787338257,2.2807063740420053,2.329091787338257,,
l2_only,23,16.0,0.2527542936623125,0.1378968253968253,2.253709291632122,2.310155868530273,2.253709291632122,2.310155868530273,,
l2_only,23,17.0,0.2738974560554749,0.1704365079365079,2.2246932437620965,2.292482614517212,2.2246932437620965,2.292482614517212,,
l2_only,23,18.0,0.2826415878263362,0.1926587301587301,2.1921515764344783,2.2666263580322266,2.1921515764344783,2.2666263580322266,,
l2_only,23,19.0,0.2966124191438656,0.2321428571428571,2.159173065126456,2.224374532699585,2.159173065126456,2.224374532699585,,
l2_only,23,20.0,0.3121715695497142,0.2051587301587301,2.1279073323727475,2.209460496902466,2.1279073323727475,2.209460496902466,,
l2_only,23,21.0,0.3287626995645863,0.2468253968253968,2.0918827114335024,2.1754610538482666,2.0918827114335024,2.1754610538482666,,
l2_only,23,22.0,0.3364455441774623,0.2724206349206349,2.0609234873070776,2.138061761856079,2.0609234873070776,2.138061761856079,,
l2_only,23,23.0,0.3615951840204985,0.2432539682539682,2.0228659281837347,2.119737148284912,2.0228659281837347,2.119737148284912,,
l2_only,23,24.0,0.3723449622820692,0.2640873015873016,1.986764008945524,2.076773166656494,1.986764008945524,2.076773166656494,,
l2_only,23,25.0,0.3945015028937985,0.3043650793650793,1.954284110496048,2.0405020713806152,1.954284110496048,2.0405020713806152,,
l2_only,23,26.0,0.4020321977901519,0.296031746031746,1.9165064777646743,2.0345799922943115,1.9165064777646743,2.0345799922943115,,
l2_only,23,27.0,0.4181512278485549,0.3043650793650794,1.8781472083418385,1.9760987758636477,1.8781472083418385,1.9760987758636477,,
l2_only,23,28.0,0.4340890233021661,0.3289021164021163,1.846760597368526,1.961398124694824,1.846760597368526,1.961398124694824,,
l2_only,23,29.0,0.4318733313623251,0.3082671957671958,1.8118603980479675,1.958557367324829,1.8118603980479675,1.958557367324829,,
l2_only,23,30.0,0.4553675469273879,0.3505291005291004,1.7735064764236217,1.9079043865203855,1.7735064764236217,1.9079043865203855,,
l2_only,23,31.0,0.469111710977462,0.3497715247715247,1.7480395919484648,1.892408847808838,1.7480395919484648,1.892408847808838,,
l2_only,23,32.0,0.4692980984411355,0.3469937469937469,1.718129356838955,1.8752230405807493,1.718129356838955,1.8752230405807493,,
l2_only,23,33.0,0.5102374222591605,0.3823472823472822,1.682142570794347,1.8367716073989868,1.682142570794347,1.8367716073989868,,
l2_only,23,34.0,0.5131911250406008,0.3573472823472823,1.6487277590264142,1.840083360671997,1.6487277590264142,1.840083360671997,,
l2_only,23,35.0,0.5291544283611939,0.4140271765271766,1.6258458978337798,1.7952600717544556,1.6258458978337798,1.7952600717544556,,
l2_only,23,36.0,0.5447917913847049,0.4123436748436748,1.5958020646067372,1.78285014629364,1.5958020646067372,1.78285014629364,,
l2_only,23,37.0,0.5505825062332244,0.4206770081770081,1.5636489165629457,1.7729142904281616,1.5636489165629457,1.7729142904281616,,
l2_only,23,38.0,0.5668769830359327,0.4580146705146705,1.535469780895673,1.7274384498596191,1.535469780895673,1.7274384498596191,,
l2_only,23,39.0,0.5728455300817102,0.4262325637325637,1.5109888428049532,1.7344555854797363,1.5109888428049532,1.7344555854797363,,
l2_only,23,40.0,0.5844964122983095,0.4458453583453584,1.481691569346364,1.704560399055481,1.481691569346364,1.704560399055481,,
l2_only,23,41.0,0.5856096366672205,0.4858285233285233,1.4521619296935668,1.7011489868164062,1.4521619296935668,1.7011489868164062,,
l2_only,23,42.0,0.6097249617265011,0.4660473785473786,1.4253049502069075,1.6719298362731934,1.4253049502069075,1.6719298362731934,,
l2_only,23,43.0,0.6210694239209001,0.4845658970658971,1.3978478533060332,1.653597354888916,1.3978478533060332,1.653597354888916,,
l2_only,23,44.0,0.634312331980216,0.4729918229918231,1.3732210368995208,1.64862859249115,1.3732210368995208,1.64862859249115,,
l2_only,23,45.0,0.6518229130594274,0.4912157287157286,1.350479456931096,1.6300827264785769,1.350479456931096,1.6300827264785769,,
l2_only,23,46.0,0.6674004159721642,0.4825517075517076,1.324248779661274,1.613199234008789,1.324248779661274,1.613199234008789,,
l2_only,23,47.0,0.6690600504242529,0.4981601731601732,1.3008477919688528,1.6034718751907349,1.3008477919688528,1.6034718751907349,,
l2_only,23,48.0,0.6718863871670191,0.5166786916786917,1.2740031460271235,1.5677462816238403,1.2740031460271235,1.5677462816238403,,
l2_only,23,49.0,0.6927909906222237,0.4967712842712843,1.253304267504129,1.5590304136276243,1.253304267504129,1.5590304136276243,,
l2_only,23,50.0,0.7117403892862016,0.5057359307359307,1.2348231982035809,1.5386205911636353,1.2348231982035809,1.5386205911636353,,
l2_only,23,51.0,0.7207727757450586,0.5211820586820587,1.207796292132642,1.5455933809280396,1.207796292132642,1.5455933809280396,,
l2_only,23,52.0,0.7239148125818327,0.5066618566618567,1.1825081389044731,1.5074174404144287,1.1825081389044731,1.5074174404144287,,
l2_only,23,53.0,0.7340981506905346,0.5072931697931699,1.1593069560351348,1.5065362453460691,1.1593069560351348,1.5065362453460691,,
l2_only,23,54.0,0.7543925101023099,0.4864598364598365,1.139458927763514,1.483928084373474,1.139458927763514,1.483928084373474,,
l2_only,23,55.0,0.761887485085261,0.4934042809042809,1.1173554849706706,1.4764822721481323,1.1173554849706706,1.4764822721481323,,
l2_only,23,56.0,0.7703824516785921,0.5171837421837423,1.09033813841782,1.4530394077301023,1.09033813841782,1.4530394077301023,,
l2_only,23,57.0,0.7843049945262616,0.5145382395382396,1.076724256582802,1.4629616737365725,1.076724256582802,1.4629616737365725,,
l2_only,23,58.0,0.781265103080298,0.5231962481962482,1.066319927906621,1.42503559589386,1.066319927906621,1.42503559589386,,
l2_only,23,59.0,0.792452661950017,0.5162518037518037,1.037718678710793,1.4190573692321775,1.037718678710793,1.4190573692321775,,
l2_only,23,60.0,0.7998452308009192,0.5208814333814334,1.0177260117153293,1.4233441352844238,1.0177260117153293,1.4233441352844238,,
l2_only,23,61.0,0.8015706172232596,0.5231962481962482,1.0095043633767946,1.39979887008667,1.0095043633767946,1.39979887008667,,
l2_only,23,62.0,0.8063967673543503,0.4881433381433382,0.9866475859935846,1.41401469707489,0.9866475859935846,1.41401469707489,,
l2_only,23,63.0,0.7989519436854686,0.5089766714766715,0.9675600218895996,1.368663311004639,0.9675600218895996,1.368663311004639,,
l2_only,23,64.0,0.8143217711955554,0.5341450216450218,0.9526089726339724,1.390595316886902,0.9526089726339724,1.390595316886902,,
l2_only,23,65.0,0.8069862398412068,0.5133056758056759,0.9340041581406652,1.348493576049805,0.9340041581406652,1.348493576049805,,
l2_only,23,66.0,0.8297498542484102,0.5410834535834537,0.917431696454342,1.346668720245361,0.917431696454342,1.346668720245361,,
l2_only,23,67.0,0.8305406263665008,0.538474025974026,0.8986754467688411,1.3565865755081177,0.8986754467688411,1.3565865755081177,,
l2_only,23,68.0,0.8325931337953523,0.5199555074555074,0.8818189322230328,1.3515264987945557,0.8818189322230328,1.3515264987945557,,
l2_only,23,69.0,0.8326547936794317,0.5599386724386725,0.8667727581605238,1.3281629085540771,0.8667727581605238,1.3281629085540771,,
l2_only,23,70.0,0.8404189871786881,0.5384740259740259,0.8505246477159903,1.3330206871032717,0.8505246477159903,1.3330206871032717,,
l2_only,23,71.0,0.8483754896877711,0.552994227994228,0.834391131561102,1.313854694366455,0.834391131561102,1.313854694366455,,
l2_only,23,72.0,0.8565355312064465,0.5358585858585859,0.8179476170859936,1.322605848312378,0.8179476170859936,1.322605848312378,,
l2_only,23,73.0,0.8613401681453308,0.5497474747474748,0.8024104213960815,1.2971101999282837,0.8024104213960815,1.2971101999282837,,
l2_only,23,74.0,0.8714145375603893,0.533543771043771,0.7937385055161179,1.312793254852295,0.7937385055161179,1.312793254852295,,
l2_only,23,75.0,0.8708490143581678,0.5250060125060125,0.7814836744187006,1.285740852355957,0.7814836744187006,1.285740852355957,,
l2_only,23,76.0,0.8796600589184247,0.5203763828763829,0.7659263572881636,1.295896291732788,0.7659263572881636,1.295896291732788,,
l2_only,23,77.0,0.8875061105676133,0.5296356421356421,0.7506011322320226,1.2675400972366333,0.7506011322320226,1.2675400972366333,,
l2_only,23,78.0,0.8847706105685144,0.5342652717652718,0.7373136256319726,1.2822463512420654,0.7373136256319726,1.2822463512420654,,
l2_only,23,79.0,0.8773907991255278,0.5207070707070707,0.7286879331027374,1.281733512878418,0.7286879331027374,1.281733512878418,,
l2_only,23,80.0,0.8960187094312557,0.555429292929293,0.7118996234030404,1.2594486474990845,0.7118996234030404,1.2594486474990845,,
l2_only,23,81.0,0.888660007403436,0.5253367003367003,0.7006291991256806,1.2692289352416992,0.7006291991256806,1.2692289352416992,,
l2_only,23,82.0,0.9036658908265428,0.5507996632996633,0.6891036256250128,1.24811851978302,0.6891036256250128,1.24811851978302,,
l2_only,23,83.0,0.9041234927626391,0.541540404040404,0.675268889191639,1.234367609024048,0.675268889191639,1.234367609024048,,
l2_only,23,84.0,0.900276065491977,0.5276515151515151,0.6611786207725998,1.2626124620437622,0.6611786207725998,1.2626124620437622,,
l2_only,23,85.0,0.9105295956945932,0.5623737373737373,0.6520417115158961,1.2376564741134644,0.6520417115158961,1.2376564741134644,,
l2_only,23,86.0,0.9076894959794932,0.541540404040404,0.6419080564569483,1.2394107580184937,0.6419080564569483,1.2394107580184937,,
l2_only,23,87.0,0.906975448872736,0.5630050505050506,0.6288769742707992,1.2381521463394165,0.6288769742707992,1.2381521463394165,,
l2_only,23,88.0,0.9129114458705608,0.5276515151515151,0.620233190859862,1.247892141342163,0.620233190859862,1.247892141342163,,
l2_only,23,89.0,0.9146024813666278,0.5345959595959596,0.6110898705644985,1.242586970329285,0.6110898705644985,1.242586970329285,,
l2_only,23,90.0,0.9109188895887887,0.5497474747474748,0.6034619990806777,1.2272628545761108,0.6034619990806777,1.2272628545761108,,
l2_only,23,91.0,0.9193217022808172,0.5276515151515151,0.5918011819228863,1.23893940448761,0.5918011819228863,1.23893940448761,,
l2_only,23,92.0,0.917882922245339,0.5262626262626262,0.5816236561013581,1.2252380847930908,0.5816236561013581,1.2252380847930908,,
l2_only,23,93.0,0.916116574075689,0.541540404040404,0.5725992295294744,1.2271419763565063,0.5725992295294744,1.2271419763565063,,
l2_only,23,94.0,0.9161479969012296,0.5437289562289562,0.5615229003400688,1.2321878671646118,0.5615229003400688,1.2321878671646118,,
l2_only,23,95.0,0.9246113495862804,0.5401515151515152,0.5549615110669818,1.2094205617904663,0.5549615110669818,1.2094205617904663,,
l2_only,23,96.0,0.9299562708467614,0.5262626262626263,0.5454993853778314,1.2098658084869385,0.5454993853778314,1.2098658084869385,,
l2_only,23,97.0,0.9222905848986565,0.5506734006734008,0.5370919393590313,1.2229324579238892,0.5370919393590313,1.2229324579238892,,
l2_only,23,98.0,0.9309177216507932,0.5361531986531988,0.5338971045464533,1.210112452507019,0.5338971045464533,1.210112452507019,,
l2_only,23,99.0,0.9299199962579064,0.5414141414141415,0.5226720364286649,1.2133219242095947,0.5226720364286649,1.2133219242095947,,
l2_only,23,100.0,0.9276811706201245,0.5506734006734006,0.5129529791731843,1.1942694187164309,0.5129529791731843,1.1942694187164309,,
l2_only,37,1.0,0.0762977041077314,0.092063492063492,2.483984912324075,2.4785945415496826,2.483984912324075,2.4785945415496826,,
l2_only,37,2.0,0.0886570826390008,0.1115079365079365,2.4756094551743,2.4730544090271,2.4756094551743,2.4730544090271,,
l2_only,37,3.0,0.1090445972239349,0.117063492063492,2.466054728847773,2.463977336883545,2.466054728847773,2.463977336883545,,
l2_only,37,4.0,0.1124834816069092,0.0962301587301587,2.454331279826862,2.45564079284668,2.454331279826862,2.45564079284668,,
l2_only,37,5.0,0.1077398918633195,0.0892857142857142,2.439450155231916,2.4427330493927,2.439450155231916,2.4427330493927,,
l2_only,37,6.0,0.1082402143919439,0.1011904761904762,2.426525809473507,2.428399085998535,2.426525809473507,2.428399085998535,,
l2_only,37,7.0,0.1095596588363884,0.1289682539682539,2.4123595413365586,2.4165408611297607,2.4123595413365586,2.4165408611297607,,
l2_only,37,8.0,0.1161516399684638,0.1451719576719576,2.398157590022391,2.408928155899048,2.398157590022391,2.408928155899048,,
l2_only,37,9.0,0.1573144004551237,0.1213624338624338,2.382939168385097,2.394679307937622,2.382939168385097,2.394679307937622,,
l2_only,37,10.0,0.175303580067731,0.1213624338624338,2.3644540420702937,2.3840925693511963,2.3644540420702937,2.3840925693511963,,
l2_only,37,11.0,0.1838412599222347,0.1352513227513227,2.343629519007908,2.3682339191436768,2.343629519007908,2.3682339191436768,,
l2_only,37,12.0,0.1971912460355857,0.1521164021164021,2.3191517121615384,2.3561036586761475,2.3191517121615384,2.3561036586761475,,
l2_only,37,13.0,0.2160789814366858,0.1743386243386243,2.2936339452221555,2.3360157012939453,2.2936339452221555,2.3360157012939453,,
l2_only,37,14.0,0.2461011440807038,0.1812830687830688,2.264337825282716,2.314866781234741,2.264337825282716,2.314866781234741,,
l2_only,37,15.0,0.2838170017644212,0.1773809523809524,2.232680237847228,2.2853429317474365,2.232680237847228,2.2853429317474365,,
l2_only,37,16.0,0.2890490109122184,0.1738095238095238,2.19723948472133,2.25498104095459,2.19723948472133,2.25498104095459,,
l2_only,37,17.0,0.3240350333543082,0.2324735449735449,2.158971677343529,2.229567766189575,2.158971677343529,2.229567766189575,,
l2_only,37,18.0,0.3157355655265385,0.1890873015873016,2.122914809983692,2.2070653438568115,2.122914809983692,2.2070653438568115,,
l2_only,37,19.0,0.328623876551642,0.2719576719576719,2.087142371269594,2.1690127849578857,2.087142371269594,2.1690127849578857,,
l2_only,37,20.0,0.3513595978514139,0.2646825396825397,2.049875205642385,2.1390650272369385,2.049875205642385,2.1390650272369385,,
l2_only,37,21.0,0.3591639816056682,0.3080687830687831,2.011709714920713,2.106242656707764,2.011709714920713,2.106242656707764,,
l2_only,37,22.0,0.3950737949768223,0.309457671957672,1.9778339107762928,2.0915415287017822,1.9778339107762928,2.0915415287017822,,
l2_only,37,23.0,0.4098067702144712,0.3281084656084656,1.942587928599622,2.051884651184082,1.942587928599622,2.051884651184082,,
l2_only,37,24.0,0.4150536740408284,0.3336640211640211,1.909220847328436,2.019816398620605,1.909220847328436,2.019816398620605,,
l2_only,37,25.0,0.4353723844529982,0.2919973544973545,1.8773519637867837,2.0139474868774414,1.8773519637867837,2.0139474868774414,,
l2_only,37,26.0,0.4597666888247844,0.3691798941798941,1.84711274961186,1.9681938886642456,1.84711274961186,1.9681938886642456,,
l2_only,37,27.0,0.4422701828848821,0.3698412698412698,1.815647141453321,1.9563379287719729,1.815647141453321,1.9563379287719729,,
l2_only,37,28.0,0.4972535835918815,0.3787698412698413,1.7852145092827931,1.9253411293029783,1.7852145092827931,1.9253411293029783,,
l2_only,37,29.0,0.4763468267370517,0.3877344877344877,1.7602834231677031,1.9194327592849727,1.7602834231677031,1.9194327592849727,,
l2_only,37,30.0,0.4955934728992144,0.396993746993747,1.7255287605390697,1.886888146400452,1.7255287605390697,1.886888146400452,,
l2_only,37,31.0,0.4946121788156699,0.3946789321789322,1.7009051810443503,1.8675696849823,1.7009051810443503,1.8675696849823,,
l2_only,37,32.0,0.5247975064628977,0.395604858104858,1.6672276654465064,1.8541918992996216,1.6672276654465064,1.8541918992996216,,
l2_only,37,33.0,0.5405121176377427,0.3755651755651755,1.636473364961332,1.8270204067230225,1.636473364961332,1.8270204067230225,,
l2_only,37,34.0,0.5484300845680525,0.3760281385281385,1.6068667659661036,1.8290715217590328,1.6068667659661036,1.8290715217590328,,
l2_only,37,35.0,0.5682305926152368,0.3998075998075998,1.5812269927302245,1.7964274883270264,1.5812269927302245,1.7964274883270264,,
l2_only,37,36.0,0.5739712265519464,0.4150853775853775,1.5511937030621528,1.795122504234314,1.5511937030621528,1.795122504234314,,
l2_only,37,37.0,0.5935441088791832,0.4164742664742665,1.52468783207071,1.7671270370483398,1.52468783207071,1.7671270370483398,,
l2_only,37,38.0,0.6039179132350401,0.4187890812890813,1.499587897999972,1.7626630067825315,1.499587897999972,1.7626630067825315,,
l2_only,37,39.0,0.6031315896769829,0.4234187109187109,1.4760600927569574,1.729200005531311,1.4760600927569574,1.729200005531311,,
l2_only,37,40.0,0.6130466123435778,0.4254389129389129,1.4469964368823474,1.737184762954712,1.4469964368823474,1.737184762954712,,
l2_only,37,41.0,0.6225629979732651,0.4471981721981722,1.4252614632325822,1.7049071788787842,1.4252614632325822,1.7049071788787842,,
l2_only,37,42.0,0.6183985130753805,0.4323833573833573,1.3965012959481926,1.691458225250244,1.3965012959481926,1.691458225250244,,
l2_only,37,43.0,0.6346897449140626,0.4541426166426166,1.372370996901993,1.6863934993743896,1.372370996901993,1.6863934993743896,,
l2_only,37,44.0,0.6283539987233837,0.4166426166426167,1.3540557553148516,1.6582155227661133,1.3540557553148516,1.6582155227661133,,
l2_only,37,45.0,0.6627825183169976,0.4368446368446368,1.3290405115449284,1.6564104557037354,1.3290405115449284,1.6564104557037354,,
l2_only,37,46.0,0.6687120931539917,0.4396224146224146,1.297254183001034,1.6342849731445312,1.297254183001034,1.6342849731445312,,
l2_only,37,47.0,0.6781982740043527,0.4229557479557479,1.2756172584789756,1.6158705949783323,1.2756172584789756,1.6158705949783323,,
l2_only,37,48.0,0.6826152606538572,0.4501022126022126,1.2531462470758803,1.6066814661026,1.2531462470758803,1.6066814661026,,
l2_only,37,49.0,0.6986284288556629,0.3874338624338624,1.2276139031589133,1.6000922918319702,1.2276139031589133,1.6000922918319702,,
l2_only,37,50.0,0.7179476799775855,0.4578403078403079,1.2036135137183737,1.584178447723389,1.2036135137183737,1.584178447723389,,
l2_only,37,51.0,0.7289839685321408,0.4549362674362674,1.1876407590872655,1.5960416793823242,1.1876407590872655,1.5960416793823242,,
l2_only,37,52.0,0.7349598047511806,0.4541426166426166,1.1575692264225317,1.5536541938781738,1.1575692264225317,1.5536541938781738,,
l2_only,37,53.0,0.7426218958489926,0.456451418951419,1.1468316973179014,1.5542125701904297,1.1468316973179014,1.5542125701904297,,
l2_only,37,54.0,0.7432582232601551,0.4598244348244348,1.1237936099917465,1.5527961254119873,1.1237936099917465,1.5527961254119873,,
l2_only,37,55.0,0.7631478099495489,0.4118085618085618,1.1014265242624202,1.549937129020691,1.1014265242624202,1.549937129020691,,
l2_only,37,56.0,0.7534498366200074,0.432046657046657,1.080618140619511,1.5243053436279297,1.080618140619511,1.5243053436279297,,
l2_only,37,57.0,0.7708348943807155,0.4584716209716209,1.061219483973032,1.5313612222671509,1.061219483973032,1.5313612222671509,,
l2_only,37,58.0,0.7875779408687662,0.4389911014911016,1.0513264068022448,1.5193208456039429,1.0513264068022448,1.5193208456039429,,
l2_only,37,59.0,0.7858281037608518,0.4535113035113036,1.0327327789004617,1.5074315071105957,1.0327327789004617,1.5074315071105957,,
l2_only,37,60.0,0.7921032065332753,0.4687890812890812,1.012371700930308,1.5017123222351074,1.012371700930308,1.5017123222351074,,
l2_only,37,61.0,0.7985914257213621,0.4674001924001924,0.9921272564262612,1.4987375736236572,0.9921272564262612,1.4987375736236572,,
l2_only,37,62.0,0.8030795704186305,0.4598244348244349,0.9719455746898552,1.5041553974151611,0.9719455746898552,1.5041553974151611,,
l2_only,37,63.0,0.8239216995080776,0.4899170274170273,0.9522162231643926,1.470852613449097,0.9522162231643926,1.470852613449097,,
l2_only,37,64.0,0.8308277666035174,0.4786736411736412,0.9350213116089366,1.4664973020553589,0.9350213116089366,1.4664973020553589,,
l2_only,37,65.0,0.8384991283805028,0.4647847522847523,0.9187659252941506,1.457118034362793,0.9187659252941506,1.457118034362793,,
l2_only,37,66.0,0.8312412757936624,0.505098605098605,0.8990274794951159,1.4259024858474731,0.8990274794951159,1.4259024858474731,,
l2_only,37,67.0,0.8481567059220995,0.4934884559884558,0.8891434367880764,1.4352593421936035,0.8891434367880764,1.4352593421936035,,
l2_only,37,68.0,0.8467890790680657,0.497492784992785,0.8730472729456404,1.4188973903656006,0.8730472729456404,1.4188973903656006,,
l2_only,37,69.0,0.8549355507584268,0.4850228475228476,0.8599295521767333,1.428277611732483,0.8599295521767333,1.428277611732483,,
l2_only,37,70.0,0.8644345601627236,0.5143578643578642,0.844965473407312,1.3940083980560305,0.844965473407312,1.3940083980560305,,
l2_only,37,71.0,0.8564217890143607,0.5232864357864356,0.8342807918735707,1.3922899961471558,0.8342807918735707,1.3922899961471558,,
l2_only,37,72.0,0.8742588941790247,0.5163419913419913,0.8176386818007635,1.3951565027236938,0.8176386818007635,1.3951565027236938,,
l2_only,37,73.0,0.8665523249609852,0.5155844155844155,0.799282885562122,1.3752931356430054,0.799282885562122,1.3752931356430054,,
l2_only,37,74.0,0.8775821023796838,0.5213023088023088,0.7772607989032174,1.3785687685012815,0.7772607989032174,1.3785687685012815,,
l2_only,37,75.0,0.8874445184507556,0.5391955266955266,0.7690657541386642,1.3497564792633057,0.7690657541386642,1.3497564792633057,,
l2_only,37,76.0,0.8973316960568579,0.540151515151515,0.756492103643959,1.3542749881744385,0.756492103643959,1.3542749881744385,,
l2_only,37,77.0,0.8948228107519606,0.5288780663780663,0.7468323370060289,1.3514970541000366,0.7468323370060289,1.3514970541000366,,
l2_only,37,78.0,0.8950157613509861,0.5491161616161616,0.7365381129842618,1.330335259437561,0.7365381129842618,1.330335259437561,,
l2_only,37,79.0,0.8940244436687231,0.5169733044733045,0.7160224054848676,1.3500245809555054,0.7160224054848676,1.3500245809555054,,
l2_only,37,80.0,0.8917867893477357,0.5282467532467532,0.69857316296195,1.317547082901001,0.69857316296195,1.317547082901001,,
l2_only,37,81.0,0.906148817757999,0.5256313131313132,0.6939790998801922,1.315274000167847,0.6939790998801922,1.315274000167847,,
l2_only,37,82.0,0.901208203519472,0.556060606060606,0.6788589498877731,1.3286864757537842,0.6788589498877731,1.3286864757537842,,
l2_only,37,83.0,0.906449743683925,0.5914141414141414,0.664607641106013,1.3073307275772097,0.664607641106013,1.3073307275772097,,
l2_only,37,84.0,0.9130890724923716,0.533543771043771,0.6540995658777667,1.3132266998291016,0.6540995658777667,1.3132266998291016,,
l2_only,37,85.0,0.9114550855642668,0.5371753246753247,0.6437956789274429,1.2912518978118896,0.6437956789274429,1.2912518978118896,,
l2_only,37,86.0,0.9167470385277884,0.5587061087061087,0.6307601737894002,1.2890228033065796,0.6307601737894002,1.2890228033065796,,
l2_only,37,87.0,0.918644628047927,0.5611471861471862,0.6146533931389118,1.3026750087738037,0.6146533931389118,1.3026750087738037,,
l2_only,37,88.0,0.91895444134003,0.5093975468975469,0.6083553422133401,1.296341896057129,0.6083553422133401,1.296341896057129,,
l2_only,37,89.0,0.9242149714780112,0.5546717171717171,0.6002800676990909,1.2818784713745115,0.6002800676990909,1.2818784713745115,,
l2_only,37,90.0,0.9206934469551424,0.5659451659451659,0.5905982462141066,1.2895724773406982,0.5905982462141066,1.2895724773406982,,
l2_only,37,91.0,0.925876889806596,0.5232864357864357,0.5754242344485297,1.2789582014083862,0.5754242344485297,1.2789582014083862,,
l2_only,37,92.0,0.924025037954744,0.5163419913419913,0.5672464632331402,1.2805378437042236,0.5672464632331402,1.2805378437042236,,
l2_only,37,93.0,0.9241585849632912,0.567929292929293,0.5547570698027356,1.2854267358779907,0.5547570698027356,1.2854267358779907,,
l2_only,37,94.0,0.924888641943348,0.5470959595959596,0.5452068919979561,1.2766939401626587,0.5452068919979561,1.2766939401626587,,
l2_only,37,95.0,0.927746547926254,0.5401515151515152,0.5409819029284426,1.273572325706482,0.5409819029284426,1.273572325706482,,
l2_only,37,96.0,0.934364544127584,0.554040404040404,0.5287049321422479,1.2754398584365845,0.5287049321422479,1.2754398584365845,,
l2_only,37,97.0,0.9293491120288184,0.5490800865800866,0.5190352016287293,1.2672176361083984,0.5190352016287293,1.2672176361083984,,
l2_only,37,98.0,0.938562633619791,0.540151515151515,0.5060751303748297,1.270522952079773,0.5060751303748297,1.270522952079773,,
l2_only,37,99.0,0.9352833126321368,0.5470959595959596,0.5028653438243111,1.261601209640503,0.5028653438243111,1.261601209640503,,
l2_only,37,100.0,0.938909855842013,0.5470959595959596,0.4899335538458701,1.2648683786392212,0.4899335538458701,1.2648683786392212,,
l1_l2_joint,11,1.0,0.114880868050636,0.0549963924963924,2.4916296378675717,2.4793732166290283,2.4916296378675717,2.4793732166290283,,
l1_l2_joint,11,2.0,0.1203568519677935,0.1128968253968253,2.467834420951016,2.467108726501465,2.467834420951016,2.467108726501465,,
l1_l2_joint,11,3.0,0.1194426960968766,0.1289682539682539,2.4521474374551167,2.454241991043091,2.4521474374551167,2.454241991043091,,
l1_l2_joint,11,4.0,0.1228983004533318,0.1680555555555555,2.4388526302606843,2.4379708766937256,2.4388526302606843,2.4379708766937256,,
l1_l2_joint,11,5.0,0.1206238465122113,0.1819444444444444,2.4220396454691278,2.42360258102417,2.4220396454691278,2.42360258102417,,
l1_l2_joint,11,6.0,0.137047194448924,0.173611111111111,2.4083034274089767,2.410414218902588,2.4083034274089767,2.410414218902588,,
l1_l2_joint,11,7.0,0.1475897592682183,0.1825396825396825,2.391944953783859,2.3982367515563965,2.391944953783859,2.3982367515563965,,
l1_l2_joint,11,8.0,0.1702803871239405,0.169083694083694,2.376497155417674,2.378048181533813,2.376497155417674,2.378048181533813,,
l1_l2_joint,11,9.0,0.1918155212684439,0.1684523809523809,2.3559914931988346,2.354888439178467,2.3559914931988346,2.354888439178467,,
l1_l2_joint,11,10.0,0.2064709755858479,0.1634920634920635,2.335821132446525,2.336824655532837,2.335821132446525,2.336824655532837,,
l1_l2_joint,11,11.0,0.2327003359936674,0.2044011544011544,2.3122771139194143,2.3210196495056152,2.3122771139194143,2.3210196495056152,,
l1_l2_joint,11,12.0,0.2632127981413497,0.2601551226551226,2.2901223477315984,2.306314706802368,2.2901223477315984,2.306314706802368,,
l1_l2_joint,11,13.0,0.256509958993542,0.2532106782106782,2.2648653442395945,2.2820210456848145,2.2648653442395945,2.2820210456848145,,
l1_l2_joint,11,14.0,0.27928793835171,0.2456349206349206,2.238259063119937,2.2516462802886963,2.238259063119937,2.2516462802886963,,
l1_l2_joint,11,15.0,0.3096668198941136,0.2740440115440115,2.207850542002824,2.2252471446990967,2.207850542002824,2.2252471446990967,,
l1_l2_joint,11,16.0,0.3087954649418763,0.2816197691197691,2.1786186965935816,2.203385829925537,2.1786186965935816,2.203385829925537,,
l1_l2_joint,11,17.0,0.326540172336741,0.3114177489177489,2.147518710712557,2.175877809524536,2.147518710712557,2.175877809524536,,
l1_l2_joint,11,18.0,0.3397223539741112,0.3007395382395382,2.117011494152312,2.1475796699523926,2.117011494152312,2.1475796699523926,,
l1_l2_joint,11,19.0,0.3507004404729155,0.322564935064935,2.080659991492503,2.119816541671753,2.080659991492503,2.119816541671753,,
l1_l2_joint,11,20.0,0.3837168182867406,0.324549062049062,2.0489816706685318,2.0931410789489746,2.0489816706685318,2.0931410789489746,,
l1_l2_joint,11,21.0,0.3955567630616188,0.3529581529581529,2.0086078496069586,2.059063673019409,2.0086078496069586,2.059063673019409,,
l1_l2_joint,11,22.0,0.4063746965753994,0.3426406926406926,1.9746635044298155,2.0338923931121826,1.9746635044298155,2.0338923931121826,,
l1_l2_joint,11,23.0,0.4258782857603613,0.3751803751803752,1.9389513478632023,2.015419006347656,1.9389513478632023,2.015419006347656,,
l1_l2_joint,11,24.0,0.4142739746277482,0.3572871572871574,1.903672337326864,1.9765421152114868,1.903672337326864,1.9765421152114868,,
l1_l2_joint,11,25.0,0.4435663997900401,0.3960137085137085,1.871852280350848,1.9570285081863403,1.871852280350848,1.9570285081863403,,
l1_l2_joint,11,26.0,0.4528850159103581,0.3981962481962481,1.8287178489304243,1.9213688373565676,1.8287178489304243,1.9213688373565676,,
l1_l2_joint,11,27.0,0.4694408192912169,0.3622113997113996,1.8005504772297898,1.914812445640564,1.8005504772297898,1.914812445640564,,
l1_l2_joint,11,28.0,0.4811454891740237,0.4237914862914863,1.7662698385432336,1.8721210956573489,1.7662698385432336,1.8721210956573489,,
l1_l2_joint,11,29.0,0.4898432251759125,0.4440295815295815,1.7332588017704975,1.8520729541778564,1.7332588017704975,1.8520729541778564,,
l1_l2_joint,11,30.0,0.5182028113906597,0.3989538239538239,1.6994940251778818,1.8460899591445925,1.6994940251778818,1.8460899591445925,,
l1_l2_joint,11,31.0,0.5230269971010845,0.4182359307359307,1.665480010480766,1.818199634552002,1.665480010480766,1.818199634552002,,
l1_l2_joint,11,32.0,0.5277396218569481,0.400974025974026,1.6366887482431385,1.8163602352142332,1.6366887482431385,1.8163602352142332,,
l1_l2_joint,11,33.0,0.54166439600786,0.429383116883117,1.603236641613013,1.7763031721115112,1.603236641613013,1.7763031721115112,,
l1_l2_joint,11,34.0,0.5554430876592408,0.4324555074555074,1.574385051267693,1.7660986185073853,1.574385051267693,1.7660986185073853,,
l1_l2_joint,11,35.0,0.5575103196792135,0.4162518037518037,1.545122302337686,1.7622883319854736,1.545122302337686,1.7622883319854736,,
l1_l2_joint,11,36.0,0.5769120119956781,0.4307720057720057,1.5177183093794857,1.7317123413085938,1.5177183093794857,1.7317123413085938,,
l1_l2_joint,11,37.0,0.5767382101737074,0.423490860990861,1.4896907831018025,1.7375904321670532,1.4896907831018025,1.7375904321670532,,
l1_l2_joint,11,38.0,0.5866626775169703,0.4253427128427129,1.463626667677638,1.7092700004577637,1.463626667677638,1.7092700004577637,,
l1_l2_joint,11,39.0,0.592049136769273,0.4608645983645983,1.4329985993659435,1.6912286281585691,1.4329985993659435,1.6912286281585691,,
l1_l2_joint,11,40.0,0.6015594921999993,0.4171777296777296,1.4041482257350586,1.7004510164260864,1.4041482257350586,1.7004510164260864,,
l1_l2_joint,11,41.0,0.6347689636486508,0.432022607022607,1.3807801720197352,1.6597901582717896,1.3807801720197352,1.6597901582717896,,
l1_l2_joint,11,42.0,0.6392034259962219,0.4179353054353054,1.349301785076752,1.6716724634170532,1.349301785076752,1.6716724634170532,,
l1_l2_joint,11,43.0,0.6463939678604612,0.4374158249158248,1.3301029258668935,1.6477407217025757,1.3301029258668935,1.6477407217025757,,
l1_l2_joint,11,44.0,0.6574334514408268,0.4478956228956229,1.3002013074756695,1.62351393699646,1.3002013074756695,1.62351393699646,,
l1_l2_joint,11,45.0,0.6768843043396555,0.4423400673400673,1.2822088249373969,1.6150331497192385,1.2822088249373969,1.6150331497192385,,
l1_l2_joint,11,46.0,0.6846839397558283,0.4403559403559403,1.2558494276926562,1.6133131980895996,1.2558494276926562,1.6133131980895996,,
l1_l2_joint,11,47.0,0.6983682885757716,0.455633718133718,1.2389241381069058,1.6024237871170044,1.2389241381069058,1.6024237871170044,,
l1_l2_joint,11,48.0,0.7017071666873561,0.4946548821548822,1.206342615276934,1.5711877346038818,1.206342615276934,1.5711877346038818,,
l1_l2_joint,11,49.0,0.7023752000206178,0.4216329966329966,1.1843577459223709,1.595885157585144,1.1843577459223709,1.595885157585144,,
l1_l2_joint,11,50.0,0.7030354746551356,0.4761303511303511,1.163851885089776,1.5418246984481812,1.163851885089776,1.5418246984481812,,
l1_l2_joint,11,51.0,0.7252593247144478,0.4549663299663299,1.14783573048045,1.5640321969985962,1.14783573048045,1.5640321969985962,,
l1_l2_joint,11,52.0,0.7386050993361643,0.4590007215007215,1.1270144730549876,1.5399190187454224,1.1270144730549876,1.5399190187454224,,
l1_l2_joint,11,53.0,0.7332149596373413,0.4451118326118326,1.1007028309285334,1.5257885456085205,1.1007028309285334,1.5257885456085205,,
l1_l2_joint,11,54.0,0.7492971084319406,0.4623737373737375,1.0761512413287533,1.5095404386520386,1.0761512413287533,1.5095404386520386,,
l1_l2_joint,11,55.0,0.7559822961629123,0.4830747955747955,1.0608161802751472,1.5016323328018188,1.0608161802751472,1.5016323328018188,,
l1_l2_joint,11,56.0,0.7542768568490735,0.4699494949494949,1.0388604436396731,1.485226273536682,1.0388604436396731,1.485226273536682,,
l1_l2_joint,11,57.0,0.7781997022798312,0.4989838864838865,1.0235125175236424,1.4601770639419556,1.0235125175236424,1.4601770639419556,,
l1_l2_joint,11,58.0,0.7762444302951415,0.4749098124098123,1.0086044801492084,1.4790974855422974,1.0086044801492084,1.4790974855422974,,
l1_l2_joint,11,59.0,0.7810777477714974,0.5341690716690716,0.9912670325494264,1.4359694719314575,0.9912670325494264,1.4359694719314575,,
l1_l2_joint,11,60.0,0.7964802953744751,0.4758357383357383,0.9694982153618398,1.45262348651886,0.9694982153618398,1.45262348651886,,
l1_l2_joint,11,61.0,0.7942203881169249,0.4832431457431456,0.9494125945637846,1.4553667306900024,0.9494125945637846,1.4553667306900024,,
l1_l2_joint,11,62.0,0.8170631921670491,0.5449855699855699,0.930502440658576,1.4192514419555664,0.930502440658576,1.4192514419555664,,
l1_l2_joint,11,63.0,0.8231295266974037,0.5218374218374219,0.9149511234895704,1.427654504776001,0.9149511234895704,1.427654504776001,,
l1_l2_joint,11,64.0,0.8271764539959975,0.516576479076479,0.8983798172716019,1.3961375951766968,0.8983798172716019,1.3961375951766968,,
l1_l2_joint,11,65.0,0.8274546533798203,0.4996151996151996,0.8902725386537496,1.4141443967819214,0.8902725386537496,1.4141443967819214,,
l1_l2_joint,11,66.0,0.8386157973558025,0.5480579605579606,0.8615937838250717,1.382355809211731,0.8615937838250717,1.382355809211731,,
l1_l2_joint,11,67.0,0.8256481175902098,0.4748797498797498,0.854180573288627,1.396939754486084,0.854180573288627,1.396939754486084,,
l1_l2_joint,11,68.0,0.8506254965346192,0.5480579605579606,0.8350951513612127,1.3698055744171145,0.8350951513612127,1.3698055744171145,,
l1_l2_joint,11,69.0,0.8498247744288658,0.5337421837421837,0.816518332071846,1.3823881149291992,0.816518332071846,1.3823881149291992,,
l1_l2_joint,11,70.0,0.8568365172069838,0.5642616642616642,0.8003921836050365,1.354004979133606,0.8003921836050365,1.354004979133606,,
l1_l2_joint,11,71.0,0.8729600346922276,0.5582431457431457,0.7846718738288354,1.3488699197769165,0.7846718738288354,1.3488699197769165,,
l1_l2_joint,11,72.0,0.8657916877937195,0.5301707551707552,0.7717298122568508,1.3332659006118774,0.7717298122568508,1.3332659006118774,,
l1_l2_joint,11,73.0,0.8778619954765413,0.5394300144300144,0.7555990831577019,1.339900016784668,0.7555990831577019,1.339900016784668,,
l1_l2_joint,11,74.0,0.8775366815746902,0.5556337181337181,0.743211116314755,1.3214964866638184,0.743211116314755,1.3214964866638184,,
l1_l2_joint,11,75.0,0.8857745264939109,0.5533189033189033,0.7334806504635311,1.3120534420013428,0.7334806504635311,1.3120534420013428,,
l1_l2_joint,11,76.0,0.8793802396026255,0.5486892736892736,0.7201297045164388,1.3140599727630615,0.7201297045164388,1.3140599727630615,,
l1_l2_joint,11,77.0,0.8942010433270592,0.5828162578162578,0.704633246395551,1.284026026725769,0.704633246395551,1.284026026725769,,
l1_l2_joint,11,78.0,0.8976567161944969,0.5611892736892737,0.6947157241391233,1.2923742532730105,0.6947157241391233,1.2923742532730105,,
l1_l2_joint,11,79.0,0.8990539482717602,0.5791125541125541,0.6821679036916841,1.2904059886932373,0.6821679036916841,1.2904059886932373,,
l1_l2_joint,11,80.0,0.9073047094024234,0.5821849446849447,0.6630045932664723,1.2936527729034424,0.6630045932664723,1.2936527729034424,,
l1_l2_joint,11,81.0,0.9039209948054734,0.5611892736892736,0.6543800719018237,1.2884811162948608,0.6543800719018237,1.2884811162948608,,
l1_l2_joint,11,82.0,0.91162452573995,0.5471320346320346,0.6444120103438832,1.2981091737747192,0.6444120103438832,1.2981091737747192,,
l1_l2_joint,11,83.0,0.9103068968365368,0.5466690716690717,0.6351560649691268,1.2909703254699707,0.6351560649691268,1.2909703254699707,,
l1_l2_joint,11,84.0,0.9142396907674364,0.579407166907167,0.6246117094913161,1.2736459970474243,0.6246117094913161,1.2736459970474243,,
l1_l2_joint,11,85.0,0.9193987950074228,0.5735209235209235,0.6140245463885047,1.264533519744873,0.6140245463885047,1.264533519744873,,
l1_l2_joint,11,86.0,0.921188918464213,0.5831108706108706,0.5970195796526648,1.266380786895752,0.5970195796526648,1.266380786895752,,
l1_l2_joint,11,87.0,0.9238432394518672,0.6099627224627225,0.5899150479270752,1.266720175743103,0.5899150479270752,1.266720175743103,,
l1_l2_joint,11,88.0,0.9196255617475544,0.5738516113516114,0.5826293248522918,1.249680519104004,0.5826293248522918,1.249680519104004,,
l1_l2_joint,11,89.0,0.9309461583622688,0.5934283309283309,0.5778774793505053,1.2515851259231567,0.5778774793505053,1.2515851259231567,,
l1_l2_joint,11,90.0,0.93417021272626,0.5567219817219817,0.560272355908576,1.2699916362762451,0.560272355908576,1.2699916362762451,,
l1_l2_joint,11,91.0,0.9257271761825022,0.592039442039442,0.5468653248632631,1.2155756950378418,0.5468653248632631,1.2155756950378418,,
l1_l2_joint,11,92.0,0.9324317959570904,0.5576479076479076,0.5396612953914012,1.2583709955215454,0.5396612953914012,1.2583709955215454,,
l1_l2_joint,11,93.0,0.93773924953036,0.6108886483886485,0.5330175041844636,1.2168747186660769,0.5330175041844636,1.2168747186660769,,
l1_l2_joint,11,94.0,0.9425338839083276,0.5911135161135161,0.5251481300171804,1.223241925239563,0.5251481300171804,1.223241925239563,,
l1_l2_joint,11,95.0,0.9374069007788934,0.5827801827801828,0.5123177033283214,1.2219879627227783,0.5123177033283214,1.2219879627227783,,
l1_l2_joint,11,96.0,0.935792989544884,0.6053330928330929,0.5078534910682967,1.2100404500961304,0.5078534910682967,1.2100404500961304,,
l1_l2_joint,11,97.0,0.9397798129067074,0.5880411255411255,0.4973978827516717,1.199601411819458,0.4973978827516717,1.199601411819458,,
l1_l2_joint,11,98.0,0.951232804359699,0.5423701298701299,0.4858217103961412,1.227988839149475,0.4858217103961412,1.227988839149475,,
l1_l2_joint,11,99.0,0.9374418499437444,0.5656505531505532,0.4764316910925912,1.2003906965255735,0.4764316910925912,1.2003906965255735,,
l1_l2_joint,11,100.0,0.949604717939946,0.5628727753727754,0.4687165772853333,1.1950658559799194,0.4687165772853333,1.1950658559799194,,
l1_l2_joint,23,1.0,0.1001028363444675,0.0716269841269841,2.481673541044409,2.4813246726989746,2.481673541044409,2.4813246726989746,,
l1_l2_joint,23,2.0,0.1175636625552937,0.0951058201058201,2.473693165229233,2.4751908779144287,2.473693165229233,2.4751908779144287,,
l1_l2_joint,23,3.0,0.1147965013447362,0.0957010582010581,2.4651428717549204,2.468022108078003,2.4651428717549204,2.468022108078003,,
l1_l2_joint,23,4.0,0.1076033435467397,0.0685185185185185,2.4561070665435003,2.461625099182129,2.4561070665435003,2.461625099182129,,
l1_l2_joint,23,5.0,0.117966658603451,0.0787037037037037,2.444246565823711,2.4506995677948,2.444246565823711,2.4506995677948,,
l1_l2_joint,23,6.0,0.1244144089662957,0.095568783068783,2.4328479779156478,2.436832904815674,2.4328479779156478,2.436832904815674,,
l1_l2_joint,23,7.0,0.1274166801053593,0.1164021164021164,2.4188696209617,2.4248030185699463,2.4188696209617,2.4248030185699463,,
l1_l2_joint,23,8.0,0.1400415927538568,0.1240079365079365,2.406059444053243,2.41635799407959,2.406059444053243,2.41635799407959,,
l1_l2_joint,23,9.0,0.1641901619810425,0.1289682539682539,2.3907392299934425,2.407747507095337,2.3907392299934425,2.407747507095337,,
l1_l2_joint,23,10.0,0.1890264787041516,0.1359126984126984,2.3764040580920223,2.3982982635498047,2.3764040580920223,2.3982982635498047,,
l1_l2_joint,23,11.0,0.1907984039312655,0.1498015873015873,2.3574967273541447,2.3860738277435303,2.3574967273541447,2.3860738277435303,,
l1_l2_joint,23,12.0,0.2007378962174559,0.1590608465608465,2.3384294990007723,2.376232147216797,2.3384294990007723,2.376232147216797,,
l1_l2_joint,23,13.0,0.2263877242021896,0.1604497354497354,2.317493357059262,2.358175277709961,2.317493357059262,2.358175277709961,,
l1_l2_joint,23,14.0,0.2384421419484312,0.1775793650793651,2.290205452405237,2.3373305797576904,2.290205452405237,2.3373305797576904,,
l1_l2_joint,23,15.0,0.2601859328771556,0.1807539682539682,2.262663332812757,2.316869020462036,2.262663332812757,2.316869020462036,,
l1_l2_joint,23,16.0,0.2554455150602949,0.1787698412698412,2.2306082634425204,2.297338962554932,2.2306082634425204,2.297338962554932,,
l1_l2_joint,23,17.0,0.2925479089394184,0.2009920634920634,2.1977405777896744,2.2739627361297607,2.1977405777896744,2.2739627361297607,,
l1_l2_joint,23,18.0,0.3038476656990808,0.2435846560846561,2.1633492574839503,2.246851682662964,2.1633492574839503,2.246851682662964,,
l1_l2_joint,23,19.0,0.3323200223082298,0.2302910052910053,2.129353090325649,2.1987297534942627,2.129353090325649,2.1987297534942627,,
l1_l2_joint,23,20.0,0.3215586755720403,0.2597883597883598,2.093892420015319,2.178492784500122,2.093892420015319,2.178492784500122,,
l1_l2_joint,23,21.0,0.3670901982655127,0.269047619047619,2.0566937537693937,2.1407511234283447,2.0566937537693937,2.1407511234283447,,
l1_l2_joint,23,22.0,0.3746458568510455,0.3344576719576719,2.020259061901992,2.100355625152588,2.020259061901992,2.100355625152588,,
l1_l2_joint,23,23.0,0.3853576484079628,0.3365079365079365,1.982443002333124,2.070232629776001,1.982443002333124,2.070232629776001,,
l1_l2_joint,23,24.0,0.40955831496712,0.3156746031746032,1.9426389571516527,2.0445797443389893,1.9426389571516527,2.0445797443389893,,
l1_l2_joint,23,25.0,0.4231564676211828,0.4059884559884559,1.904255988675838,1.9903481006622317,1.904255988675838,1.9903481006622317,,
l1_l2_joint,23,26.0,0.4474086907133074,0.4019841269841269,1.868467541446784,1.9677726030349727,1.868467541446784,1.9677726030349727,,
l1_l2_joint,23,27.0,0.4598635116730304,0.3942460317460317,1.8287095518818,1.9451488256454468,1.8287095518818,1.9451488256454468,,
l1_l2_joint,23,28.0,0.4849668552197701,0.4198412698412698,1.7856952380805746,1.9114738702774048,1.7856952380805746,1.9114738702774048,,
l1_l2_joint,23,29.0,0.5028338225663479,0.4184523809523808,1.747757966465055,1.8916888236999512,1.747757966465055,1.8916888236999512,,
l1_l2_joint,23,30.0,0.5186244037717013,0.3926587301587301,1.711882579962686,1.8508846759796145,1.711882579962686,1.8508846759796145,,
l1_l2_joint,23,31.0,0.5466605055020779,0.4013227513227513,1.6800263549702918,1.83146333694458,1.6800263549702918,1.83146333694458,,
l1_l2_joint,23,32.0,0.5600233605236932,0.3852873977873978,1.6485402225011805,1.8294095993041992,1.6485402225011805,1.8294095993041992,,
l1_l2_joint,23,33.0,0.5631708334859106,0.426070226070226,1.6153620042406958,1.7686474323272705,1.6153620042406958,1.7686474323272705,,
l1_l2_joint,23,34.0,0.574420969934117,0.4226611351611352,1.5778938131775586,1.775295615196228,1.5778938131775586,1.775295615196228,,
l1_l2_joint,23,35.0,0.5900201638191088,0.4671777296777296,1.5519602218716568,1.7289215326309204,1.5519602218716568,1.7289215326309204,,
l1_l2_joint,23,36.0,0.585245775010172,0.4393638768638768,1.52341986789966,1.7198410034179688,1.52341986789966,1.7198410034179688,,
l1_l2_joint,23,37.0,0.6213422071120654,0.4333453583453583,1.494647589484919,1.7070918083190918,1.494647589484919,1.7070918083190918,,
l1_l2_joint,23,38.0,0.6342914699823465,0.4750481000481001,1.462580669767475,1.6611813306808472,1.462580669767475,1.6611813306808472,,
l1_l2_joint,23,39.0,0.6403165358684914,0.4950877825877826,1.439747760505151,1.6575993299484253,1.439747760505151,1.6575993299484253,,
l1_l2_joint,23,40.0,0.642582829055103,0.4507696007696007,1.4126276746264013,1.616487979888916,1.4126276746264013,1.616487979888916,,
l1_l2_joint,23,41.0,0.6323036119304378,0.4652898027898027,1.3811993170112833,1.6246174573898315,1.3811993170112833,1.6246174573898315,,
l1_l2_joint,23,42.0,0.6761398962850828,0.472564935064935,1.3560566801622689,1.5920828580856323,1.3560566801622689,1.5920828580856323,,
l1_l2_joint,23,43.0,0.6891241774049557,0.4808621933621932,1.3320914636175316,1.573763370513916,1.3320914636175316,1.573763370513916,,
l1_l2_joint,23,44.0,0.689241714540203,0.4814935064935064,1.307747657656054,1.5685439109802246,1.307747657656054,1.5685439109802246,,
l1_l2_joint,23,45.0,0.68023869228362,0.4589766714766715,1.284629283181156,1.5547493696212769,1.284629283181156,1.5547493696212769,,
l1_l2_joint,23,46.0,0.694589516598239,0.4898268398268398,1.2619320773832154,1.5342298746109009,1.2619320773832154,1.5342298746109009,,
l1_l2_joint,23,47.0,0.6991271991770317,0.4663419913419913,1.2387149974113898,1.5217961072921753,1.2387149974113898,1.5217961072921753,,
l1_l2_joint,23,48.0,0.6913902005001947,0.4891895141895142,1.2170593670846672,1.505443096160889,1.2170593670846672,1.505443096160889,,
l1_l2_joint,23,49.0,0.7244820683638963,0.4676046176046175,1.1955022294837307,1.5070900917053225,1.1955022294837307,1.5070900917053225,,
l1_l2_joint,23,50.0,0.7278996208835142,0.4676046176046176,1.1766228441937656,1.476631760597229,1.1766228441937656,1.476631760597229,,
l1_l2_joint,23,51.0,0.7296878773735358,0.4686568061568061,1.1523376212883325,1.4850233793258667,1.1523376212883325,1.4850233793258667,,
l1_l2_joint,23,52.0,0.7426925925101414,0.5103896103896104,1.1324873832334954,1.448438048362732,1.1324873832334954,1.448438048362732,,
l1_l2_joint,23,53.0,0.7497759087582297,0.4746753246753246,1.1133097703608712,1.4455939531326294,1.1133097703608712,1.4455939531326294,,
l1_l2_joint,23,54.0,0.7501860404461979,0.506986531986532,1.0937639376382615,1.4367613792419434,1.0937639376382615,1.4367613792419434,,
l1_l2_joint,23,55.0,0.764882503282832,0.4808621933621933,1.076381944953472,1.4409109354019165,1.076381944953472,1.4409109354019165,,
l1_l2_joint,23,56.0,0.7675994347019448,0.517965367965368,1.0536480389035303,1.414678931236267,1.0536480389035303,1.414678931236267,,
l1_l2_joint,23,57.0,0.7719499611297927,0.5173039923039923,1.039131699453738,1.4231762886047363,1.039131699453738,1.4231762886047363,,
l1_l2_joint,23,58.0,0.787646856329376,0.4934283309283309,1.0295208358108074,1.4010136127471924,1.0295208358108074,1.4010136127471924,,
l1_l2_joint,23,59.0,0.7955568583267346,0.5096320346320347,1.003224243395505,1.3959527015686035,1.003224243395505,1.3959527015686035,,
l1_l2_joint,23,60.0,0.804716541569523,0.5301707551707552,0.9856446669557214,1.393351674079895,0.9856446669557214,1.393351674079895,,
l1_l2_joint,23,61.0,0.8159249342804576,0.5122474747474748,0.9815912644752331,1.368923306465149,0.9815912644752331,1.368923306465149,,
l1_l2_joint,23,62.0,0.8182159336663068,0.5179653679653679,0.9537116485085216,1.3824487924575806,0.9537116485085216,1.3824487924575806,,
l1_l2_joint,23,63.0,0.8145152055365171,0.5032828282828283,0.9383372099182076,1.3503941297531128,0.9383372099182076,1.3503941297531128,,
l1_l2_joint,23,64.0,0.8356269293364128,0.5199494949494949,0.9196708060788206,1.3633135557174685,0.9196708060788206,1.3633135557174685,,
l1_l2_joint,23,65.0,0.8375344694179726,0.5165764790764791,0.9035911559032695,1.3498154878616333,0.9035911559032695,1.3498154878616333,,
l1_l2_joint,23,66.0,0.8421102586381384,0.5221320346320347,0.8914851940232177,1.3342602252960205,0.8914851940232177,1.3342602252960205,,
l1_l2_joint,23,67.0,0.8541624833741867,0.5046717171717171,0.8836338059422071,1.334947943687439,0.8836338059422071,1.334947943687439,,
l1_l2_joint,23,68.0,0.8492022171088888,0.5122775372775373,0.8708471372697932,1.3391464948654177,0.8708471372697932,1.3391464948654177,,
l1_l2_joint,23,69.0,0.8598147658541128,0.5313912938912938,0.8563041504401964,1.3192254304885864,0.8563041504401964,1.3192254304885864,,
l1_l2_joint,23,70.0,0.8589736671069389,0.4954124579124579,0.836661822824593,1.3310483694076538,0.836661822824593,1.3310483694076538,,
l1_l2_joint,23,71.0,0.8640824717269796,0.517502405002405,0.8199981843953289,1.3004754781723022,0.8199981843953289,1.3004754781723022,,
l1_l2_joint,23,72.0,0.8675657861832423,0.5261664261664262,0.8088159566286715,1.3220350742340088,0.8088159566286715,1.3220350742340088,,
l1_l2_joint,23,73.0,0.8821664317147979,0.5258357383357383,0.7964546863060195,1.2931393384933472,0.7964546863060195,1.2931393384933472,,
l1_l2_joint,23,74.0,0.8802248864706724,0.5400553150553151,0.787334056298622,1.2990626096725464,0.787334056298622,1.2990626096725464,,
l1_l2_joint,23,75.0,0.8873932333691802,0.5536135161135161,0.7710670496428484,1.2832404375076294,0.7710670496428484,1.2832404375076294,,
l1_l2_joint,23,76.0,0.8889250961142782,0.5374098124098124,0.7541417908340231,1.2822383642196655,0.7541417908340231,1.2822383642196655,,
l1_l2_joint,23,77.0,0.8983534642357202,0.5397246272246273,0.7415697988052171,1.263849854469299,0.7415697988052171,1.263849854469299,,
l1_l2_joint,23,78.0,0.8895162450589216,0.5641293891293891,0.7291238066866969,1.2725340127944946,0.7291238066866969,1.2725340127944946,,
l1_l2_joint,23,79.0,0.8869805099515519,0.5244468494468494,0.7212275421557861,1.2774450778961182,0.7212275421557861,1.2774450778961182,,
l1_l2_joint,23,80.0,0.896036343762847,0.5585738335738336,0.7060834417655012,1.2487409114837646,0.7060834417655012,1.2487409114837646,,
l1_l2_joint,23,81.0,0.8982590587371341,0.5440536315536316,0.6960055425942663,1.2537907361984253,0.6960055425942663,1.2537907361984253,,
l1_l2_joint,23,82.0,0.902973003646926,0.565518278018278,0.6818892075559974,1.2374093532562256,0.6818892075559974,1.2374093532562256,,
l1_l2_joint,23,83.0,0.9071996372283988,0.5641293891293891,0.6715108134660376,1.2403415441513062,0.6715108134660376,1.2403415441513062,,
l1_l2_joint,23,84.0,0.9088360668365264,0.565518278018278,0.6551207018801349,1.236354112625122,0.6551207018801349,1.236354112625122,,
l1_l2_joint,23,85.0,0.9098497876525056,0.5452801827801828,0.645442750593471,1.2289985418319702,0.645442750593471,1.2289985418319702,,
l1_l2_joint,23,86.0,0.9087719642724238,0.5432960557960557,0.639862598219755,1.2284387350082395,0.639862598219755,1.2284387350082395,,
l1_l2_joint,23,87.0,0.9120132636411742,0.5571849446849446,0.6230525141533804,1.2294282913208008,0.6230525141533804,1.2294282913208008,,
l1_l2_joint,23,88.0,0.9164755684142,0.5585738335738336,0.6163511393197432,1.219625473022461,0.6163511393197432,1.219625473022461,,
l1_l2_joint,23,89.0,0.9202564326117308,0.5258357383357383,0.6091857640755567,1.2229269742965698,0.6091857640755567,1.2229269742965698,,
l1_l2_joint,23,90.0,0.9218310653138144,0.5794071669071669,0.5970239790089159,1.185238242149353,0.5970239790089159,1.185238242149353,,
l1_l2_joint,23,91.0,0.9206196264142036,0.5530182780182781,0.5852177295955652,1.2270958423614502,0.5852177295955652,1.2270958423614502,,
l1_l2_joint,23,92.0,0.9196598494329212,0.57742303992304,0.5775894111282034,1.1998591423034668,0.5775894111282034,1.1998591423034668,,
l1_l2_joint,23,93.0,0.923184341667091,0.5857563732563732,0.562639740986586,1.1928757429122925,0.562639740986586,1.1928757429122925,,
l1_l2_joint,23,94.0,0.9237654003933108,0.5516293891293891,0.5513298309403319,1.2069833278656006,0.5513298309403319,1.2069833278656006,,
l1_l2_joint,23,95.0,0.9247869057696548,0.5718674843674844,0.5467797671661114,1.1995104551315308,0.5467797671661114,1.1995104551315308,,
l1_l2_joint,23,96.0,0.9231843416670906,0.5704785954785955,0.5393912528550153,1.195610284805298,0.5393912528550153,1.195610284805298,,
l1_l2_joint,23,97.0,0.9336039760450584,0.541113516113516,0.5341536559664649,1.2018592357635498,0.5341536559664649,1.2018592357635498,,
l1_l2_joint,23,98.0,0.9320014119424944,0.5516293891293892,0.5310043705925473,1.1854676008224487,0.5310043705925473,1.1854676008224487,,
l1_l2_joint,23,99.0,0.933853263794346,0.531096681096681,0.5142190996012466,1.2082875967025757,0.5142190996012466,1.2082875967025757,,
l1_l2_joint,23,100.0,0.9336353988705992,0.5857563732563732,0.5106750885713942,1.1818723678588867,0.5106750885713942,1.1818723678588867,,
l1_l2_joint,37,1.0,0.0921213286018595,0.0694444444444444,2.483562718159976,2.4778294563293457,2.483562718159976,2.4778294563293457,,
l1_l2_joint,37,2.0,0.0995377399333651,0.1041666666666666,2.474590714334826,2.47092080116272,2.474590714334826,2.47092080116272,,
l1_l2_joint,37,3.0,0.1029172687727996,0.0902777777777777,2.465042951800532,2.46304988861084,2.465042951800532,2.46304988861084,,
l1_l2_joint,37,4.0,0.1090857854994924,0.0972222222222222,2.452209855110838,2.451544523239136,2.452209855110838,2.451544523239136,,
l1_l2_joint,37,5.0,0.103972847121432,0.1091269841269841,2.4363790576100963,2.437882900238037,2.4363790576100963,2.437882900238037,,
l1_l2_joint,37,6.0,0.1165173963876794,0.117063492063492,2.4228614952395997,2.4252870082855225,2.4228614952395997,2.4252870082855225,,
l1_l2_joint,37,7.0,0.1145035074987905,0.1101190476190476,2.408733752426305,2.414320468902588,2.408733752426305,2.414320468902588,,
l1_l2_joint,37,8.0,0.1178281056818792,0.1031746031746031,2.3946550462824545,2.404271125793457,2.3946550462824545,2.404271125793457,,
l1_l2_joint,37,9.0,0.1612408155758137,0.1240079365079365,2.376964027828276,2.3899641036987305,2.376964027828276,2.3899641036987305,,
l1_l2_joint,37,10.0,0.1979463648599793,0.1402116402116402,2.357878592666784,2.378553628921509,2.357878592666784,2.378553628921509,,
l1_l2_joint,37,11.0,0.2082704053373217,0.1329365079365079,2.3355177634759534,2.363940715789795,2.3355177634759534,2.363940715789795,,
l1_l2_joint,37,12.0,0.2166737766573596,0.1259920634920634,2.3098151979265853,2.348496198654175,2.3098151979265853,2.348496198654175,,
l1_l2_joint,37,13.0,0.2309793671271658,0.1902116402116402,2.282882943621191,2.325624704360962,2.282882943621191,2.325624704360962,,
l1_l2_joint,37,14.0,0.2695462985360784,0.2021164021164021,2.251141093068607,2.298749685287476,2.251141093068607,2.298749685287476,,
l1_l2_joint,37,15.0,0.2797382142665162,0.1955687830687831,2.2169974712004143,2.264687776565552,2.2169974712004143,2.264687776565552,,
l1_l2_joint,37,16.0,0.2832774020213902,0.1989417989417989,2.177460357777633,2.2264418601989746,2.177460357777633,2.2264418601989746,,
l1_l2_joint,37,17.0,0.3077304248313313,0.2330687830687831,2.137796314160713,2.1952128410339355,2.137796314160713,2.1952128410339355,,
l1_l2_joint,37,18.0,0.3217134115781452,0.2370731120731121,2.098443307482642,2.172487497329712,2.098443307482642,2.172487497329712,,
l1_l2_joint,37,19.0,0.3547412564601351,0.2600889850889851,2.05881200066532,2.140258550643921,2.05881200066532,2.140258550643921,,
l1_l2_joint,37,20.0,0.3633350645531556,0.2731842231842232,2.01869280572192,2.099579095840454,2.01869280572192,2.099579095840454,,
l1_l2_joint,37,21.0,0.3760438076773645,0.2507996632996633,1.9772864619138524,2.062434673309326,1.9772864619138524,2.062434673309326,,
l1_l2_joint,37,22.0,0.4135717760533752,0.3122715247715248,1.9429048433156104,2.0495378971099854,1.9429048433156104,2.0495378971099854,,
l1_l2_joint,37,23.0,0.4376074913512109,0.350998075998076,1.9013654962053808,2.005439758300781,1.9013654962053808,2.005439758300781,,
l1_l2_joint,37,24.0,0.4300319684483636,0.3546055796055796,1.865635518568108,1.9798616170883176,1.865635518568108,1.9798616170883176,,
l1_l2_joint,37,25.0,0.417755103362672,0.3459475709475709,1.8292690490896648,1.9675440788269043,1.8292690490896648,1.9675440788269043,,
l1_l2_joint,37,26.0,0.4557300282071444,0.3954785954785954,1.7963609365095574,1.916463851928711,1.7963609365095574,1.916463851928711,,
l1_l2_joint,37,27.0,0.4597927947603413,0.3752765752765752,1.7655540639069731,1.91218900680542,1.7655540639069731,1.91218900680542,,
l1_l2_joint,37,28.0,0.5041992012443973,0.4314995189995189,1.7314397882471395,1.8717362880706787,1.7314397882471395,1.8717362880706787,,
l1_l2_joint,37,29.0,0.4974112672489998,0.4370911495911496,1.7051755815693106,1.8670803308486936,1.7051755815693106,1.8670803308486936,,
l1_l2_joint,37,30.0,0.5012850324235448,0.4314995189995189,1.6717254746185932,1.8164842128753664,1.6717254746185932,1.8164842128753664,,
l1_l2_joint,37,31.0,0.5069652945633935,0.4231661856661856,1.6406276182956006,1.7966766357421875,1.6406276182956006,1.7966766357421875,,
l1_l2_joint,37,32.0,0.5418661895174253,0.4432058682058681,1.6090326711355922,1.7957559823989868,1.6090326711355922,1.7957559823989868,,
l1_l2_joint,37,33.0,0.560459637396531,0.4254810004810004,1.5790181480053165,1.7673399448394775,1.5790181480053165,1.7673399448394775,,
l1_l2_joint,37,34.0,0.5758019188804129,0.4398328523328523,1.548598206186869,1.7604765892028809,1.548598206186869,1.7604765892028809,,
l1_l2_joint,37,35.0,0.6037377919337107,0.4179052429052428,1.5151415845818446,1.7262543439865112,1.5151415845818446,1.7262543439865112,,
l1_l2_joint,37,36.0,0.5965510649454192,0.4143638768638768,1.4877509896398209,1.7187960147857666,1.4877509896398209,1.7187960147857666,,
l1_l2_joint,37,37.0,0.6201791445523247,0.4278258778258778,1.4582613653242076,1.6894824504852295,1.4582613653242076,1.6894824504852295,,
l1_l2_joint,37,38.0,0.6153189746384584,0.408970658970659,1.4344454909355833,1.6858491897583008,1.4344454909355833,1.6858491897583008,,
l1_l2_joint,37,39.0,0.6348211304478685,0.4305675805675805,1.4119428843516286,1.6606348752975464,1.4119428843516286,1.6606348752975464,,
l1_l2_joint,37,40.0,0.6419465848176331,0.448063973063973,1.3856659596224865,1.6608527898788452,1.3856659596224865,1.6608527898788452,,
l1_l2_joint,37,41.0,0.6847352045858633,0.4771945646945647,1.36207678765315,1.634102463722229,1.36207678765315,1.634102463722229,,
l1_l2_joint,37,42.0,0.659282103783054,0.4464766714766715,1.3361892197505538,1.6227492094039917,1.3361892197505538,1.6227492094039917,,
l1_l2_joint,37,43.0,0.6836797541215646,0.4758417508417509,1.3109655285866453,1.6064361333847046,1.3109655285866453,1.6064361333847046,,
l1_l2_joint,37,44.0,0.7035562492845022,0.4536195286195286,1.2933842559279345,1.58818781375885,1.2933842559279345,1.58818781375885,,
l1_l2_joint,37,45.0,0.6912699151055429,0.4401214526214525,1.2683924305254335,1.5788229703903198,1.2683924305254335,1.5788229703903198,,
l1_l2_joint,37,46.0,0.7036050329289623,0.4753367003367003,1.2416665437094316,1.552470326423645,1.2416665437094316,1.552470326423645,,
l1_l2_joint,37,47.0,0.7198739941720783,0.471007696007696,1.2249970235020282,1.5422009229660034,1.2249970235020282,1.5422009229660034,,
l1_l2_joint,37,48.0,0.7237932010194162,0.4520262145262144,1.203892871968307,1.5248697996139526,1.203892871968307,1.5248697996139526,,
l1_l2_joint,37,49.0,0.7132009004782612,0.4558561808561808,1.1798266525317798,1.5227148532867432,1.1798266525317798,1.5227148532867432,,
l1_l2_joint,37,50.0,0.7227331523716888,0.4322450697450697,1.1675630204648857,1.514782428741455,1.1675630204648857,1.514782428741455,,
l1_l2_joint,37,51.0,0.7447052838168594,0.4612854737854737,1.1408287762774862,1.5005453824996948,1.1408287762774862,1.5005453824996948,,
l1_l2_joint,37,52.0,0.7567478023912405,0.4696188071188072,1.1174652047083422,1.4643621444702148,1.1174652047083422,1.4643621444702148,,
l1_l2_joint,37,53.0,0.7593291751204628,0.4981541606541606,1.1028348638350705,1.463453769683838,1.1028348638350705,1.463453769683838,,
l1_l2_joint,37,54.0,0.7629764705278844,0.4855278980278981,1.0824514594627943,1.4664355516433716,1.0824514594627943,1.4664355516433716,,
l1_l2_joint,37,55.0,0.7588625585501144,0.4785834535834536,1.0613500152725772,1.464931845664978,1.0613500152725772,1.464931845664978,,
l1_l2_joint,37,56.0,0.7701573852390896,0.4932299182299183,1.0456660017499415,1.4393515586853027,1.0456660017499415,1.4393515586853027,,
l1_l2_joint,37,57.0,0.7834728135757011,0.4722342472342473,1.0267264689102436,1.450874090194702,1.0267264689102436,1.450874090194702,,
l1_l2_joint,37,58.0,0.7815326575702443,0.4848965848965849,1.015517069427569,1.4308722019195557,1.015517069427569,1.4308722019195557,,
l1_l2_joint,37,59.0,0.7927094726046682,0.4696188071188071,0.997281674058425,1.4293702840805054,0.997281674058425,1.4293702840805054,,
l1_l2_joint,37,60.0,0.8042771977252109,0.5106902356902357,0.9837511519351636,1.405290126800537,0.9837511519351636,1.405290126800537,,
l1_l2_joint,37,61.0,0.8044490640694307,0.4799723424723425,0.9605011641466268,1.4132713079452517,0.9605011641466268,1.4132713079452517,,
l1_l2_joint,37,62.0,0.808385801993129,0.4710076960076959,0.9425523539623584,1.3971469402313232,0.9425523539623584,1.3971469402313232,,
l1_l2_joint,37,63.0,0.8140585646879505,0.4835076960076961,0.9218143532485435,1.398772358894348,0.9218143532485435,1.398772358894348,,
l1_l2_joint,37,64.0,0.8199050113293024,0.4779521404521404,0.9070494940276812,1.386445164680481,0.9070494940276812,1.386445164680481,,
l1_l2_joint,37,65.0,0.8254397724417074,0.5196188071188071,0.8924177333122687,1.35835862159729,0.8924177333122687,1.35835862159729,,
l1_l2_joint,37,66.0,0.8243197978072611,0.5057299182299183,0.8729585844144969,1.368153691291809,0.8729585844144969,1.368153691291809,,
l1_l2_joint,37,67.0,0.8457401082041714,0.4967652717652718,0.8617203791662666,1.354004979133606,0.8617203791662666,1.354004979133606,,
l1_l2_joint,37,68.0,0.8392450054686383,0.5074134199134199,0.8491144971264825,1.3478976488113403,0.8491144971264825,1.3478976488113403,,
l1_l2_joint,37,69.0,0.8440632478938483,0.4577140452140452,0.8355709119425788,1.3513312339782717,0.8355709119425788,1.3513312339782717,,
l1_l2_joint,37,70.0,0.8551413584505473,0.5149891774891775,0.8263456934290375,1.334279179573059,0.8263456934290375,1.334279179573059,,
l1_l2_joint,37,71.0,0.860453595276149,0.5007696007696008,0.8097875589142568,1.3322542905807495,0.8097875589142568,1.3322542905807495,,
l1_l2_joint,37,72.0,0.8556970174313357,0.5004689754689754,0.7942082353590277,1.302847146987915,0.7942082353590277,1.302847146987915,,
l1_l2_joint,37,73.0,0.8621689864689279,0.5338383838383838,0.7753321733614253,1.3195017576217651,0.7753321733614253,1.3195017576217651,,
l1_l2_joint,37,74.0,0.8689738931039291,0.501400913900914,0.7586507995239429,1.308239221572876,0.7586507995239429,1.308239221572876,,
l1_l2_joint,37,75.0,0.8695721309589636,0.4868807118807119,0.7463521281331008,1.3065177202224731,0.7463521281331008,1.3065177202224731,,
l1_l2_joint,37,76.0,0.8796351485462598,0.5080447330447331,0.7366612319691866,1.287299394607544,0.7366612319691866,1.287299394607544,,
l1_l2_joint,37,77.0,0.8814305836654586,0.4938251563251564,0.7291123153010252,1.2863707542419434,0.7291123153010252,1.2863707542419434,,
l1_l2_joint,37,78.0,0.8855265983391168,0.4822510822510822,0.7176946035350662,1.2722370624542236,0.7176946035350662,1.2722370624542236,,
l1_l2_joint,37,79.0,0.8796350800352775,0.5149891774891775,0.6995355573045202,1.2936437129974363,0.6995355573045202,1.2936437129974363,,
l1_l2_joint,37,80.0,0.8869576623252122,0.5007696007696008,0.682848884706448,1.2541372776031494,0.682848884706448,1.2541372776031494,,
l1_l2_joint,37,81.0,0.8915836826543417,0.5017316017316017,0.674869144434773,1.2641578912734983,0.674869144434773,1.2641578912734983,,
l1_l2_joint,37,82.0,0.8961682366689273,0.4868807118807119,0.6663773484566536,1.2528518438339231,0.6663773484566536,1.2528518438339231,,
l1_l2_joint,37,83.0,0.8957780725535042,0.5237914862914862,0.6508067781666675,1.2417117357254028,0.6508067781666675,1.2417117357254028,,
l1_l2_joint,37,84.0,0.8998647829512579,0.4828823953823953,0.6383326086448105,1.2695432901382446,0.6383326086448105,1.2695432901382446,,
l1_l2_joint,37,85.0,0.8997543155798766,0.5086399711399711,0.6314100670322084,1.2401186227798462,0.6314100670322084,1.2401186227798462,,
l1_l2_joint,37,86.0,0.9060126225364818,0.4699194324194324,0.6192235940499888,1.2474583387374878,0.6192235940499888,1.2474583387374878,,
l1_l2_joint,37,87.0,0.9076930598680923,0.5295093795093795,0.6027501592742802,1.2452701330184937,0.6027501592742802,1.2452701330184937,,
l1_l2_joint,37,88.0,0.913395693393702,0.4996813371813371,0.5963559534381466,1.2449406385421753,0.5963559534381466,1.2449406385421753,,
l1_l2_joint,37,89.0,0.9152552612949364,0.4904220779220778,0.5840021090745515,1.235083818435669,0.5840021090745515,1.235083818435669,,
l1_l2_joint,37,90.0,0.9185031594570502,0.4967712842712841,0.5777115657694779,1.2390161752700806,0.5777115657694779,1.2390161752700806,,
l1_l2_joint,37,91.0,0.92025766774319,0.5056998556998556,0.5639297776501273,1.2237613201141355,0.5639297776501273,1.2237613201141355,,
l1_l2_joint,37,92.0,0.9205248329063044,0.500012025012025,0.5569617360471243,1.231765627861023,0.5569617360471243,1.231765627861023,,
l1_l2_joint,37,93.0,0.9302090657888352,0.5033850408850409,0.5460426585809705,1.2152607440948486,0.5460426585809705,1.2152607440948486,,
l1_l2_joint,37,94.0,0.9189245744617986,0.5083453583453584,0.5408368332250598,1.2267248630523682,0.5408368332250598,1.2267248630523682,,
l1_l2_joint,37,95.0,0.9321261038640772,0.5010702260702261,0.5350234505436712,1.2255703210830688,0.5350234505436712,1.2255703210830688,,
l1_l2_joint,37,96.0,0.9386129957368832,0.5390993265993266,0.5254484034446348,1.221275806427002,0.5254484034446348,1.221275806427002,,
l1_l2_joint,37,97.0,0.9389732758888298,0.5142316017316017,0.5167895657573017,1.2186990976333618,0.5167895657573017,1.2186990976333618,,
l1_l2_joint,37,98.0,0.9375189952436038,0.5056036556036556,0.5033592458128313,1.2433557510375977,0.5033592458128313,1.2433557510375977,,
l1_l2_joint,37,99.0,0.938887772206628,0.5281505531505531,0.5004042847123696,1.2190417051315308,0.5004042847123696,1.2190417051315308,,
l1_l2_joint,37,100.0,0.9437583101654012,0.5252104377104377,0.4929793495524566,1.2229138612747192,0.4929793495524566,1.2229138612747192,,
l2_main_l1_aux,11,1.0,0.1005001176969375,0.0535714285714285,2.738552468984345,2.728294134140014,2.48988924789757,2.479839324951172,2.4866317340305875,2.4845473766326904
l2_main_l1_aux,11,2.0,0.105792714884696,0.0347222222222222,2.716203616941652,2.7168400287628174,2.467644274132182,2.468419075012207,2.4855934363018832,2.4842090606689453
l2_main_l1_aux,11,3.0,0.1078616352201257,0.1051587301587301,2.7002100452088245,2.7020297050476074,2.4517530250056887,2.453657627105713,2.4845701129834543,2.4837210178375244
l2_main_l1_aux,11,4.0,0.1159670819222706,0.117063492063492,2.686166725962995,2.6842269897460938,2.437805172908737,2.435936689376831,2.483615720538797,2.4829018115997314
l2_main_l1_aux,11,5.0,0.1191971053055958,0.1309523809523809,2.66939810795546,2.668696880340576,2.4211760720369533,2.420527219772339,2.482220678444368,2.481697559356689
l2_main_l1_aux,11,6.0,0.1261670720672293,0.1378968253968254,2.6558356941669614,2.6534416675567627,2.407740880618202,2.405393600463867,2.48094830127263,2.480480432510376
l2_main_l1_aux,11,7.0,0.1460538062857245,0.1567460317460317,2.638728172151234,2.6410841941833496,2.3907978354140527,2.3931427001953125,2.479303561471621,2.479414463043213
l2_main_l1_aux,11,8.0,0.1629123550860972,0.121031746031746,2.623411594692893,2.623687982559204,2.3756483520369933,2.3758983612060547,2.477633008448064,2.477896213531494
l2_main_l1_aux,11,9.0,0.1727226567399523,0.1517857142857142,2.605755219976586,2.6069655418396,2.3581664804337152,2.359316110610962,2.4758875731141554,2.4764950275421143
l2_main_l1_aux,11,10.0,0.1784386030926911,0.1601190476190476,2.584576322371701,2.5919768810272217,2.3372366887977325,2.344489812850952,2.473396590162267,2.4748706817626958
l2_main_l1_aux,11,11.0,0.2051036907129674,0.1999338624338624,2.56272238790476,2.577047348022461,2.3156427048569905,2.32977032661438,2.4707966930074248,2.472770929336548
l2_main_l1_aux,11,12.0,0.2371294840437922,0.2272486772486772,2.541950357144958,2.5611438751220703,2.295160854950214,2.314065933227539,2.4678950785769858,2.4707798957824707
l2_main_l1_aux,11,13.0,0.2423273002825814,0.2562830687830688,2.517955942531461,2.537944793701172,2.2714869266122637,2.291105031967163,2.464690090662025,2.468398332595825
l2_main_l1_aux,11,14.0,0.2662933147510469,0.2629329004329004,2.49101662307516,2.506838321685791,2.244913895651313,2.26027512550354,2.461026821612491,2.465632677078247
l2_main_l1_aux,11,15.0,0.293339490099109,0.2899170274170274,2.4623776503971646,2.485107183456421,2.216670196355928,2.2388336658477783,2.4570747304085816,2.462735891342163
l2_main_l1_aux,11,16.0,0.2977892441446825,0.2640271765271765,2.4351511715611576,2.456874370574951,2.189824103078005,2.2109405994415283,2.453270693038704,2.459336757659912
l2_main_l1_aux,11,17.0,0.3093131372180114,0.2878066378066378,2.4070049165243126,2.425532579421997,2.1620945089245005,2.1799261569976807,2.4491049488317125,2.4560649394989014
l2_main_l1_aux,11,18.0,0.3151180463987992,0.2863455988455988,2.377504016364093,2.41138243675232,2.133014377341213,2.1660733222961426,2.4448961317026265,2.453091144561768
l2_main_l1_aux,11,19.0,0.3352099057921292,0.2988816738816739,2.3413943628846265,2.3790078163146973,2.097329714212073,2.134058952331543,2.4406461108366924,2.449489116668701
l2_main_l1_aux,11,20.0,0.3411691708748219,0.3112554112554113,2.3111323744007315,2.3512091636657715,2.067506760615285,2.106609344482422,2.436256016798561,2.445998191833496
l2_main_l1_aux,11,21.0,0.3577190401505977,0.326533189033189,2.2746003338884364,2.3224709033966064,2.0314052806663843,2.0782339572906494,2.431950803057462,2.4423704147338867
l2_main_l1_aux,11,22.0,0.3881701968267821,0.3594336219336219,2.2442308933107045,2.298246145248413,2.001487769891801,2.054482936859131,2.427431323236935,2.437631368637085
l2_main_l1_aux,11,23.0,0.3985673905642459,0.3620490620490621,2.2085421290537166,2.287370204925537,1.9662657551428948,2.043996572494507,2.4227635815303623,2.433736801147461
l2_main_l1_aux,11,24.0,0.3965478053824335,0.3351911976911976,2.173630858862872,2.253358125686645,1.931823674249567,2.010401725769043,2.4180722745478462,2.429563283920288
l2_main_l1_aux,11,25.0,0.4247504843199441,0.3614177489177488,2.1407982831157217,2.225766181945801,1.8994695869452367,1.983230710029602,2.4132869941232125,2.4253547191619877
l2_main_l1_aux,11,26.0,0.4306395770290054,0.408044733044733,2.101718044527221,2.188084840774536,1.8608415832618015,1.9460262060165403,2.4087642732873022,2.4205873012542725
l2_main_l1_aux,11,27.0,0.4536989962087076,0.3663780663780664,2.0727288119764213,2.19376277923584,1.832290532256568,1.952144742012024,2.4043831890913787,2.4161794185638428
l2_main_l1_aux,11,28.0,0.4628299805112605,0.3974025974025973,2.037184334868203,2.147975444793701,1.7972267094659724,1.906805157661438,2.399576249918716,2.411703824996948
l2_main_l1_aux,11,29.0,0.479605300325796,0.3760642135642135,2.0026621594896827,2.1397199630737305,1.7632144859858925,1.8989537954330444,2.394477131034339,2.407660722732544
l2_main_l1_aux,11,30.0,0.4860043117123213,0.39752886002886,1.9745116742670843,2.119074821472168,1.7355467228799186,1.8787181377410889,2.3896495056644773,2.403566598892212
l2_main_l1_aux,11,31.0,0.4906755578111478,0.3793109668109667,1.943353115178632,2.09206771850586,1.7048827670322229,1.8521702289581297,2.3847033522010053,2.3989739418029785
l2_main_l1_aux,11,32.0,0.4852304525417284,0.3905844155844156,1.9091929712311944,2.086491823196411,1.6712539134460551,1.8470147848129272,2.3793904202735363,2.39477014541626
l2_main_l1_aux,11,33.0,0.5034705792761657,0.4412157287157288,1.8772555267544089,2.0462303161621094,1.639857396406479,1.8072495460510252,2.373981065060719,2.38980770111084
l2_main_l1_aux,11,34.0,0.519064610335883,0.4418470418470419,1.852604335844004,2.0347464084625244,1.6157829228038427,1.7961854934692385,2.368213948612574,2.385608196258545
l2_main_l1_aux,11,35.0,0.5315877618628296,0.4418470418470419,1.820449779653303,2.0206894874572754,1.5841988353844147,1.782584309577942,2.362509337636977,2.381051778793335
l2_main_l1_aux,11,36.0,0.540860741105056,0.4196248196248196,1.787240479365889,1.997646808624268,1.551555097410888,1.759962797164917,2.356853609446199,2.376840114593506
l2_main_l1_aux,11,37.0,0.5420728242289038,0.4066618566618565,1.7595611550106238,1.987388014793396,1.524482624050672,1.7501500844955444,2.350785285388336,2.3723795413970947
l2_main_l1_aux,11,38.0,0.5539103837633323,0.4233285233285233,1.7346493385334638,1.9643439054489136,1.5001103502542754,1.7275925874710083,2.345389854477113,2.367513418197632
l2_main_l1_aux,11,39.0,0.5777061148440247,0.42749518999519,1.7059371781226074,1.9333652257919312,1.4720596048384649,1.6970750093460083,2.3387758662081013,2.3629026412963867
l2_main_l1_aux,11,40.0,0.5686260203248794,0.4066618566618566,1.67727558317365,1.947245717048645,1.4440243730446558,1.7114486694335938,2.3325122022382567,2.357970714569092
l2_main_l1_aux,11,41.0,0.5937767860728087,0.4407888407888407,1.6520979227995092,1.9198312759399412,1.4194702301911766,1.6845619678497314,2.326276982712869,2.352693557739258
l2_main_l1_aux,11,42.0,0.6298951165286808,0.4182359307359307,1.619897417890841,1.909266471862793,1.3878846143896526,1.6744580268859863,2.32012798248593,2.3480844497680664
l2_main_l1_aux,11,43.0,0.6307342687266949,0.4463443963443962,1.6004042128892857,1.8818849325180051,1.3689706358359726,1.647531032562256,2.314335952322167,2.3435394763946533
l2_main_l1_aux,11,44.0,0.6368746024918004,0.4318241943241943,1.5688883343169693,1.865522146224976,1.3380329970033156,1.6315897703170776,2.3085534498736697,2.3393235206604004
l2_main_l1_aux,11,45.0,0.6544529739129898,0.4318241943241943,1.545946163277618,1.8572863340377808,1.3156989217830402,1.6238311529159546,2.302472338208643,2.33455228805542
l2_main_l1_aux,11,46.0,0.6689289466694873,0.4324555074555074,1.5225377025374447,1.8482780456542969,1.292885773563549,1.6153159141540527,2.2965191038463284,2.3296215534210205
l2_main_l1_aux,11,47.0,0.6812948759471813,0.4103595478595479,1.502414184059826,1.8466345071792605,1.2733566668686072,1.6141232252120972,2.2905751961233696,2.3251123428344727
l2_main_l1_aux,11,48.0,0.7042040005619601,0.4319504569504569,1.4701660545270332,1.8011424541473389,1.241693458335535,1.5690490007400513,2.2847258326518967,2.3209340572357178
l2_main_l1_aux,11,49.0,0.7014325428372992,0.4263949013949014,1.4514662060187729,1.8283756971359253,1.2235540157751454,1.596793532371521,2.2791219549622266,2.315821409225464
l2_main_l1_aux,11,50.0,0.7095279869785274,0.456487493987494,1.4313678146434528,1.7848647832870483,1.2040960230638569,1.5536675453186035,2.2727180491626364,2.311972379684448
l2_main_l1_aux,11,51.0,0.7103724750430471,0.4206770081770081,1.4103407108845276,1.791894793510437,1.183679500052933,1.5612252950668335,2.2666118173714143,2.3066954612731934
l2_main_l1_aux,11,52.0,0.7212230389309321,0.4356541606541607,1.3869444893067142,1.7636739015579224,1.1608827401356523,1.533515214920044,2.2606176451848827,2.3015871047973637
l2_main_l1_aux,11,53.0,0.7219893046238998,0.4287097162097162,1.367049351411514,1.7590656280517578,1.1415932301605014,1.529356837272644,2.254561398402754,2.2970879077911377
l2_main_l1_aux,11,54.0,0.7328613045441346,0.4194504569504569,1.341640302318304,1.747875690460205,1.1167995045394372,1.5186214447021484,2.248408034418208,2.2925429344177246
l2_main_l1_aux,11,55.0,0.7570500582249848,0.4557299182299182,1.323719996593495,1.7432571649551392,1.0994455808206187,1.5143401622772217,2.242744262780667,2.289169788360596
l2_main_l1_aux,11,56.0,0.7473750716050267,0.4292147667147667,1.3034702894404504,1.733540415763855,1.079788284129407,1.505096673965454,2.2368200572140244,2.284437417984009
l2_main_l1_aux,11,57.0,0.7656993155880368,0.4524831649831651,1.288115153624556,1.7077767848968506,1.065018506140389,1.4797298908233645,2.230966448578695,2.2804691791534424
l2_main_l1_aux,11,58.0,0.752400528046271,0.4250060125060125,1.2751199329166116,1.7324296236038208,1.0526055450488696,1.5047706365585327,2.2251436644700227,2.27659010887146
l2_main_l1_aux,11,59.0,0.7871718194107967,0.4822811447811448,1.2515384912901204,1.690096735954285,1.0296397358948517,1.4628348350524902,2.218987689371158,2.2726192474365234
l2_main_l1_aux,11,60.0,0.7881676087521744,0.4392255892255892,1.2344150372913905,1.7048835754394531,1.013072254940893,1.4779671430587769,2.213427924453289,2.269164800643921
l2_main_l1_aux,11,61.0,0.7982597350705815,0.4614478114478115,1.2142556261482829,1.6897962093353271,0.9934477092066648,1.463356852531433,2.2080792198903385,2.2643935680389404
l2_main_l1_aux,11,62.0,0.8105790866766949,0.4531144781144781,1.1984724659927946,1.66544771194458,0.978222164557846,1.4393619298934937,2.202502935560558,2.260857582092285
l2_main_l1_aux,11,63.0,0.811252389596762,0.4531144781144782,1.1783396565770528,1.661085605621338,0.9586061411593334,1.4353928565979004,2.1973350794918565,2.256927013397217
l2_main_l1_aux,11,64.0,0.8153084875280943,0.4912457912457912,1.1684856020850285,1.640790939331055,0.9492875786943812,1.4155759811401367,2.191980235958264,2.252150058746338
l2_main_l1_aux,11,65.0,0.8317585448665162,0.4623737373737373,1.1501005652028804,1.644130825996399,0.9314702714371804,1.4193111658096311,2.186302782130939,2.2481961250305176
l2_main_l1_aux,11,66.0,0.8337476097232281,0.4898569023569024,1.1298502318420016,1.620177149772644,0.9116828395454486,1.3958170413970947,2.181674044226616,2.243601083755493
l2_main_l1_aux,11,67.0,0.8310800890875673,0.469023569023569,1.1129171786743268,1.620936155319214,0.8953485636620842,1.3971377611160278,2.1756863622780305,2.2379841804504395
l2_main_l1_aux,11,68.0,0.8478704755168779,0.4898569023569024,1.0933730271925408,1.6100977659225464,0.8763299067336393,1.3865916728973389,2.170431376324258,2.2350611686706543
l2_main_l1_aux,11,69.0,0.8551470282655913,0.4537457912457912,1.076589821948447,1.604099154472351,0.8601082838340799,1.3809903860092163,2.164815280195357,2.231087446212769
l2_main_l1_aux,11,70.0,0.8559023025147133,0.5106902356902357,1.065173831125545,1.5882534980773926,0.8491753037127694,1.3656785488128662,2.159985524651926,2.225749015808105
l2_main_l1_aux,11,71.0,0.855658760422807,0.4884680134680135,1.0448016221675118,1.5767980813980105,0.8294121617909758,1.354666233062744,2.1538947108690585,2.221318006515503
l2_main_l1_aux,11,72.0,0.8626026832147721,0.4884680134680135,1.0280797834445603,1.5578376054763794,0.8131398779184601,1.3361048698425293,2.149399158261114,2.217327117919922
l2_main_l1_aux,11,73.0,0.8663360989457366,0.4954124579124579,1.0132670230176075,1.572331428527832,0.7988666056971131,1.3509703874588013,2.1440041024180165,2.2136106491088867
l2_main_l1_aux,11,74.0,0.8728987922916338,0.4829124579124579,1.0000146141150732,1.5487110614776611,0.7861958280487849,1.3279626369476318,2.138187834399908,2.207484245300293
l2_main_l1_aux,11,75.0,0.8684148065127455,0.5130050505050505,0.9869476273630244,1.5301421880722046,0.7736452239310679,1.3098516464233398,2.133023876741708,2.2029056549072266
l2_main_l1_aux,11,76.0,0.8826715677136878,0.5162457912457912,0.9726614514029168,1.5314161777496338,0.759881301201149,1.3115979433059692,2.1278015282806555,2.1981825828552246
l2_main_l1_aux,11,77.0,0.8749170257415649,0.518560606060606,0.956723802881684,1.5135494470596311,0.7444767012243222,1.2942019701004028,2.1224710165736185,2.193474769592285
l2_main_l1_aux,11,78.0,0.8821504218414984,0.5037457912457913,0.9454265262501992,1.5057843923568726,0.7337653894432645,1.2868149280548096,2.1166111942823087,2.189695119857788
l2_main_l1_aux,11,79.0,0.8834598445785015,0.5037457912457913,0.93817212957113,1.493831753730774,0.7269645105540855,1.2753750085830688,2.1120759780148424,2.18456768989563
l2_main_l1_aux,11,80.0,0.8902226986880537,0.4977272727272727,0.919964861849294,1.5143299102783203,0.7092806792300252,1.2962077856063845,2.1068417069833987,2.1812217235565186
l2_main_l1_aux,11,81.0,0.8976266660961384,0.5199494949494949,0.905712871769004,1.473299503326416,0.6955564564763986,1.2557352781295776,2.1015641266630767,2.1756417751312256
l2_main_l1_aux,11,82.0,0.9070853589336264,0.5327801827801829,0.8957147709063532,1.4772651195526123,0.6860184580241546,1.2600551843643188,2.096963219716504,2.1720991134643555
l2_main_l1_aux,11,83.0,0.8975588954744435,0.5176346801346801,0.8855323845876474,1.487452268600464,0.6764228844601603,1.2706661224365234,2.091094960854509,2.1678614616394043
l2_main_l1_aux,11,84.0,0.9016763351090428,0.5176346801346802,0.8749491805258799,1.4634233713150024,0.6663676435688892,1.2471104860305786,2.085815276623593,2.1631293296813965
l2_main_l1_aux,11,85.0,0.9081227626829214,0.5199494949494949,0.8651271675827171,1.4712613821029663,0.6569693220872271,1.2553590536117554,2.081578426640128,2.159023761749268
l2_main_l1_aux,11,86.0,0.913726361564822,0.5292087542087542,0.8483589538813868,1.445206880569458,0.6407345902694072,1.2297229766845703,2.0762433977012176,2.154838800430298
l2_main_l1_aux,11,87.0,0.9125315452272954,0.5199494949494949,0.8366027402590557,1.4559091329574585,0.6295225180159748,1.2408679723739624,2.070802089064133,2.15041184425354
l2_main_l1_aux,11,88.0,0.9160786222852862,0.5222643097643098,0.833918674472277,1.4430266618728638,0.6273359210068511,1.228319764137268,2.065827508391284,2.147068977355957
l2_main_l1_aux,11,89.0,0.9151965644258409,0.4991161616161616,0.8245472003178425,1.447462797164917,0.6183739595897432,1.233261227607727,2.061732419386583,2.1420156955718994
l2_main_l1_aux,11,90.0,0.9217041124023136,0.4832070707070706,0.8078419452279857,1.463285207748413,0.6022410604096116,1.249390721321106,2.0560088198689708,2.138945341110229
l2_main_l1_aux,11,91.0,0.9162798667082288,0.5199494949494949,0.800403356962483,1.413973093032837,0.5952218578112105,1.20061194896698,2.0518149894609303,2.1336112022399902
l2_main_l1_aux,11,92.0,0.9214798568531876,0.4970959595959596,0.7892848256327815,1.4375790357589722,0.5845645771789879,1.224568009376526,2.047202551221273,2.130110502243042
l2_main_l1_aux,11,93.0,0.9234088691988666,0.5123737373737373,0.7790432340511972,1.4393630027770996,0.5748058620090124,1.2267636060714722,2.0423736678958964,2.125993490219116
l2_main_l1_aux,11,94.0,0.928615994983636,0.4984848484848485,0.772534288453153,1.4237064123153689,0.5687866271465453,1.211564302444458,2.0374765322253543,2.121420621871948
l2_main_l1_aux,11,95.0,0.926075059714206,0.5054292929292928,0.7612037944916809,1.4067591428756714,0.5580249568271145,1.195059061050415,2.031788400856845,2.1170012950897217
l2_main_l1_aux,11,96.0,0.92655331775397,0.5123737373737373,0.7548661586955164,1.4285130500793457,0.5521011935248843,1.217178463935852,2.0276495446026224,2.113346099853516
l2_main_l1_aux,11,97.0,0.932037714114245,0.5332070707070707,0.7448646262057267,1.3993334770202637,0.5426915440830224,1.1884149312973022,2.0217305848602583,2.1091854572296143
l2_main_l1_aux,11,98.0,0.9345720723718736,0.5031144781144781,0.735697751406343,1.42701256275177,0.5338804883924081,1.2165206670761108,2.0181724967726744,2.10491943359375
l2_main_l1_aux,11,99.0,0.9370240145953214,0.5100589225589226,0.723592362490045,1.392055630683899,0.5223411916660565,1.1820878982543943,2.012511589030596,2.0996768474578857
l2_main_l1_aux,11,100.0,0.9398611610493268,0.5109848484848485,0.7141575719936785,1.3984389305114746,0.5133984247911818,1.1888117790222168,2.00759141744722,2.09627103805542
l2_main_l1_aux,23,1.0,0.0697168803418803,0.0773809523809523,2.7301203617745955,2.7303619384765625,2.4816559235118136,2.481962919235229,2.48464443515377,2.48399019241333
l2_main_l1_aux,23,2.0,0.0982889184540127,0.071031746031746,2.7214561485382447,2.724635124206543,2.4730484813913423,2.4762747287750244,2.484076517994761,2.483603477478028
l2_main_l1_aux,23,3.0,0.101107023508753,0.0549603174603174,2.712568964276995,2.717416286468506,2.4642226129718985,2.469086170196533,2.483463145369301,2.4833004474639893
l2_main_l1_aux,23,4.0,0.1051158079342041,0.0257936507936507,2.702500272741006,2.7079248428344727,2.454225443316409,2.4596610069274902,2.482748298349561,2.4826388359069824
l2_main_l1_aux,23,5.0,0.1116525560393484,0.0396825396825396,2.690291591847825,2.6969757080078125,2.4421162851501044,2.4488093852996826,2.481753240559064,2.4816644191741943
l2_main_l1_aux,23,6.0,0.1213339582325431,0.1031746031746031,2.679603791277913,2.6843156814575195,2.4315400402640317,2.436282157897949,2.480637094034796,2.4803357124328613
l2_main_l1_aux,23,7.0,0.1295231615868408,0.1309523809523809,2.6660257973892554,2.672809362411499,2.4181200296661323,2.4249041080474854,2.4790577740759527,2.479053258895874
l2_main_l1_aux,23,8.0,0.1446087660592377,0.1101190476190476,2.653161317263946,2.664691925048828,2.405409510492663,2.416916608810425,2.477517930242568,2.477752208709717
l2_main_l1_aux,23,9.0,0.1548582553889157,0.1240079365079365,2.6378327409084403,2.657357931137085,2.3902685022600343,2.4097249507904053,2.4756426975361863,2.4763295650482178
l2_main_l1_aux,23,10.0,0.1700020941962765,0.1240079365079365,2.6238324908914747,2.647789001464844,2.376477098300822,2.400311231613159,2.473553683384355,2.474778175354004
l2_main_l1_aux,23,11.0,0.184914552312351,0.1468253968253968,2.607846585075129,2.638495445251465,2.3607231811484044,2.391176223754883,2.4712345161044045,2.473191499710083
l2_main_l1_aux,23,12.0,0.2021095051873354,0.1378968253968254,2.5904674841902136,2.6264538764953613,2.343583420098546,2.3793203830718994,2.4688410085983405,2.4713351726531982
l2_main_l1_aux,23,13.0,0.2005945501621602,0.119047619047619,2.569004923874663,2.6086208820343018,2.3224266900868504,2.361714124679565,2.4657823337745337,2.469066858291626
l2_main_l1_aux,23,14.0,0.2195743854037879,0.1378968253968253,2.545424048133233,2.593200445175171,2.2991705072110777,2.346521139144897,2.462535566799407,2.466792583465576
l2_main_l1_aux,23,15.0,0.2285583418445054,0.1378968253968253,2.5209474764674544,2.575561046600342,2.2750474512064107,2.3291265964508057,2.4590004586106526,2.464343786239624
l2_main_l1_aux,23,16.0,0.2512806290204089,0.1537698412698412,2.492419896150415,2.5553996562957764,2.246898786131158,2.309312343597412,2.455211237662836,2.460872173309326
l2_main_l1_aux,23,17.0,0.2839243334408429,0.1704365079365079,2.460795972515507,2.525911808013916,2.2157058161835663,2.280153512954712,2.450902242053191,2.45758318901062
l2_main_l1_aux,23,18.0,0.3124553163468258,0.169047619047619,2.42448572119419,2.50124192237854,2.17989411903946,2.2558481693267822,2.4459163650177844,2.4539380073547363
l2_main_l1_aux,23,19.0,0.3115074629540038,0.2029761904761905,2.391560648476605,2.461662769317627,2.1474811780473244,2.2166941165924072,2.440794603344496,2.4496853351593018
l2_main_l1_aux,23,20.0,0.3350231817448798,0.2230820105820106,2.355909875255854,2.4365639686584477,2.112280562084021,2.191981554031372,2.436292440673776,2.445823907852173
l2_main_l1_aux,23,21.0,0.3353553078356537,0.2900132275132275,2.31981420845255,2.399409770965576,2.0766848729932987,2.1552181243896484,2.4312934920627773,2.4419167041778564
l2_main_l1_aux,23,22.0,0.352442728771345,0.2515873015873016,2.2867232083043216,2.3679354190826416,2.044015918048852,2.1242151260375977,2.427072660032525,2.4372029304504395
l2_main_l1_aux,23,23.0,0.3573662626099732,0.2756613756613756,2.247956597661397,2.334946632385254,2.005792960857976,2.0916223526000977,2.4216364972973032,2.4332425594329834
l2_main_l1_aux,23,24.0,0.374726914565751,0.3118085618085618,2.2135206348104037,2.297135591506958,1.971837049917592,2.054219484329224,2.4168357438762094,2.42916202545166
l2_main_l1_aux,23,25.0,0.4055906529412819,0.3145502645502646,2.1759987070310136,2.258107185363769,1.9347509010318225,2.015651226043701,2.412477975047599,2.424560070037842
l2_main_l1_aux,23,26.0,0.4082608315863033,0.3213624338624338,2.1407223030950444,2.25076961517334,1.8999453296759865,2.008690595626831,2.4077699360872096,2.420790672302246
l2_main_l1_aux,23,27.0,0.4132592525399128,0.3473244348244348,2.1002184076686734,2.1999728679656982,1.8599035290555577,1.9582830667495728,2.403149020446147,2.416898727416992
l2_main_l1_aux,23,28.0,0.4476948274471858,0.36756253006253,2.069872424852828,2.1819634437561035,1.8300366608903655,1.9406594038009644,2.398357736469341,2.4130406379699707
l2_main_l1_aux,23,29.0,0.4655848038586678,0.353042328042328,2.032735270600311,2.173423290252685,1.793349269335118,1.9324718713760376,2.3938595965479,2.409514904022217
l2_main_l1_aux,23,30.0,0.4722379508052386,0.3979196729196729,1.9964683293885903,2.1232552528381348,1.7575139045304973,1.882663607597351,2.3895445153142827,2.4059174060821533
l2_main_l1_aux,23,31.0,0.4876813242385768,0.384529822029822,1.970369849475854,2.1092405319213867,1.7318539268588855,1.869076132774353,2.3851593271179987,2.401644706726074
l2_main_l1_aux,23,32.0,0.5065031942777994,0.3845298220298219,1.9363422785691675,2.1037240028381348,1.698248444654035,1.86382794380188,2.380938177469881,2.3989593982696533
l2_main_l1_aux,23,33.0,0.5273991650942291,0.434565897065897,1.9014092236500804,2.049301862716675,1.663764429584838,1.809875249862671,2.3764479648636048,2.3942668437957764
l2_main_l1_aux,23,34.0,0.5311535939339799,0.4157166907166907,1.8693068072635828,2.0651967525482178,1.6321255321551928,1.8259873390197756,2.3718126743467662,2.3920938968658447
l2_main_l1_aux,23,35.0,0.5403129517071016,0.4666786916786917,1.8427766134734815,2.0287070274353027,1.6060608451009413,1.7898699045181274,2.3671577928809,2.388370513916016
l2_main_l1_aux,23,36.0,0.5500142807572574,0.4673100048100049,1.8136977882680712,1.9951359033584597,1.5774475231433285,1.7566211223602295,2.3625029097735983,2.3851473331451416
l2_main_l1_aux,23,37.0,0.574716960179275,0.465921115921116,1.7822012546345618,2.0023038387298584,1.5464389849447753,1.7640289068222046,2.3576228060533584,2.3827502727508545
l2_main_l1_aux,23,38.0,0.5707783541412916,0.474549062049062,1.7511434932583991,1.9515376091003416,1.5158638437110257,1.7135885953903198,2.3527962853699256,2.3794898986816406
l2_main_l1_aux,23,39.0,0.5896379229647896,0.4444564694564694,1.7289571989834207,1.9529324769973757,1.4941445418766566,1.7153503894805908,2.3481263851750125,2.375820636749268
l2_main_l1_aux,23,40.0,0.5927151762076964,0.4537157287157287,1.7014471171439822,1.9259511232376096,1.4671450890280089,1.6886377334594729,2.343020256948553,2.373133659362793
l2_main_l1_aux,23,41.0,0.6166014525416266,0.4461459836459836,1.673446757247649,1.921627759933472,1.4396002083349966,1.6847294569015503,2.338465355759849,2.368983507156372
l2_main_l1_aux,23,42.0,0.6198054779409427,0.4696248196248196,1.6466059904295482,1.8871392011642456,1.4132232120238155,1.6505630016326904,2.3338275698499302,2.3657615184783936
l2_main_l1_aux,23,43.0,0.6422243379663078,0.464033189033189,1.618881348488458,1.867743730545044,1.3859684972057245,1.6314805746078491,2.329128484512565,2.362631559371948
l2_main_l1_aux,23,44.0,0.6353089592636079,0.4481240981240981,1.5949250256543317,1.85693883895874,1.362503964806588,1.621001958847046,2.3242103983736286,2.359368324279785
l2_main_l1_aux,23,45.0,0.6666957600550577,0.4756433381433381,1.568588275917631,1.837389349937439,1.336647663797651,1.6017719507217407,2.3194061253033897,2.356173515319824
l2_main_l1_aux,23,46.0,0.668412981239075,0.4533850408850409,1.5428833727582187,1.8150657415390012,1.3113860792629486,1.57982337474823,2.314972987478653,2.352424144744873
l2_main_l1_aux,23,47.0,0.6822367775759169,0.4527898027898029,1.5215965460171592,1.8154786825180051,1.2905648343534355,1.580577731132507,2.3103171650596,2.3490095138549805
l2_main_l1_aux,23,48.0,0.6768823609567914,0.4666786916786918,1.4976362314158589,1.7830480337142944,1.267069444598922,1.548521637916565,2.3056678722729576,2.345263719558716
l2_main_l1_aux,23,49.0,0.7032676735681537,0.4666786916786916,1.47563651486231,1.7741127014160156,1.2455221564347074,1.539932131767273,2.301143770168653,2.341806173324585
l2_main_l1_aux,23,50.0,0.7154797911217452,0.4805675805675806,1.4555212778396738,1.7566157579421997,1.2258799552096762,1.5227458477020264,2.2964130728257093,2.338699579238892
l2_main_l1_aux,23,51.0,0.7219551988411409,0.4884379509379509,1.429549156490989,1.7546329498291016,1.200379645557699,1.521096110343933,2.2916949759662253,2.3353688716888428
l2_main_l1_aux,23,52.0,0.7303308442936455,0.4924723424723425,1.4061792571860623,1.7310079336166382,1.1774805117392089,1.4977881908416748,2.286987454468535,2.332197904586792
l2_main_l1_aux,23,53.0,0.7463149373610719,0.4924723424723425,1.3865254752196872,1.7215290069580078,1.1583345755037056,1.488645076751709,2.2819088880043226,2.3288395404815674
l2_main_l1_aux,23,54.0,0.7524955805741342,0.5026575276575277,1.3690582162952258,1.6993894577026367,1.141344667301736,1.4669657945632937,2.2771353565682237,2.324236869812012
l2_main_l1_aux,23,55.0,0.7709625874403288,0.4940295815295815,1.3477287122181485,1.7056535482406616,1.120495016111154,1.4735032320022583,2.272337041910667,2.321502923965454
l2_main_l1_aux,23,56.0,0.7648701672684582,0.510064935064935,1.324398652411574,1.670919418334961,1.0976213434271886,1.4390912055969238,2.267773146473397,2.318282127380371
l2_main_l1_aux,23,57.0,0.7829326899064081,0.5017316017316018,1.3062674213399574,1.686824083328247,1.079966507967491,1.4553760290145874,2.2630089215690625,2.3144800662994385
l2_main_l1_aux,23,58.0,0.7752370146783165,0.5100649350649351,1.2977205888334526,1.6494450569152832,1.0718855143824462,1.4183974266052246,2.258350667772933,2.310476779937744
l2_main_l1_aux,23,59.0,0.779938379960242,0.5017316017316017,1.2656937716544805,1.6355241537094116,1.0403891038566366,1.4048218727111816,2.25304675471557,2.307023286819458
l2_main_l1_aux,23,60.0,0.7910161815587613,0.5231962481962482,1.2468560638608293,1.6361390352249146,1.0219826734209636,1.4058223962783811,2.248734233711754,2.303166389465332
l2_main_l1_aux,23,61.0,0.7960934428427836,0.5262686387686388,1.2382995308779192,1.6017009019851685,1.0138177122798926,1.3718029260635376,2.2448182142950377,2.2989792823791504
l2_main_l1_aux,23,62.0,0.8236004884025526,0.5031204906204906,1.2154674259192355,1.616994023323059,0.9915176900857082,1.387514352798462,2.239497222916805,2.294796228408813
l2_main_l1_aux,23,63.0,0.8161124020246203,0.550974025974026,1.198019029351397,1.571840524673462,0.9745099590690534,1.3427228927612305,2.2350906098771217,2.2911763191223145
l2_main_l1_aux,23,64.0,0.8266434701315747,0.524585137085137,1.176610995693174,1.5935004949569702,0.9535477823111358,1.3647246360778809,2.230632432766913,2.287759065628052
l2_main_l1_aux,23,65.0,0.8318501763715789,0.5559343434343434,1.1607677866792925,1.5530771017074585,0.9382209257702,1.3246886730194092,2.225468807089144,2.283883810043335
l2_main_l1_aux,23,66.0,0.8394030352294691,0.5483585858585859,1.1429318132170712,1.5491009950637815,0.9208886643900518,1.3212319612503052,2.220431175166276,2.2786905765533447
l2_main_l1_aux,23,67.0,0.8417420640227139,0.5262686387686387,1.1326010541128004,1.545179009437561,0.9110296280371752,1.3178271055221558,2.215714222387685,2.273519515991211
l2_main_l1_aux,23,68.0,0.8378781059700334,0.523953823953824,1.114123547959451,1.5434257984161377,0.8930511455117323,1.3164150714874268,2.210724323423717,2.270106792449951
l2_main_l1_aux,23,69.0,0.8394598795820034,0.5295093795093795,1.0973246784916022,1.5323965549468994,0.8767951954662697,1.3057911396026611,2.2052946948348557,2.266054153442383
l2_main_l1_aux,23,70.0,0.8570514194770024,0.534469696969697,1.082018963441176,1.5253750085830688,0.8619702589696533,1.2991926670074463,2.200486763824489,2.2618231773376465
l2_main_l1_aux,23,71.0,0.856536803887194,0.5191919191919193,1.066957562802786,1.5140142440795898,0.8474073924008827,1.288283348083496,2.1955018778060675,2.2573091983795166
l2_main_l1_aux,23,72.0,0.8658227567804366,0.5275252525252525,1.0476977439427335,1.530802845954895,0.8286362373480083,1.3053526878356934,2.190615116421409,2.254502058029175
l2_main_l1_aux,23,73.0,0.8642719678764754,0.5225649350649351,1.0355225579874034,1.5064303874969482,0.8169236150337784,1.281458854675293,2.1859895649547214,2.249715805053711
l2_main_l1_aux,23,74.0,0.8685513054648677,0.5053030303030303,1.0253052729952972,1.52278470993042,0.8071417851620409,1.2981029748916626,2.1816348783325616,2.246817350387573
l2_main_l1_aux,23,75.0,0.8710081139018372,0.5457130832130833,1.0128321389117874,1.4935590028762815,0.7951739176004972,1.2692577838897705,2.1765821464295643,2.2430126667022705
l2_main_l1_aux,23,76.0,0.8775708552946732,0.5148629148629149,0.9908958055886876,1.4991391897201538,0.7737287118800126,1.2752435207366943,2.171670939138547,2.2389566898345947
l2_main_l1_aux,23,77.0,0.8806631611059039,0.5258417508417509,0.9820451974458416,1.470334529876709,0.7653723898730056,1.24681556224823,2.166728087833949,2.23518967628479
l2_main_l1_aux,23,78.0,0.8872094072047304,0.5539502164502165,0.9676502600389176,1.4846922159194946,0.7514456610055881,1.2615134716033936,2.162046059068427,2.2317874431610107
l2_main_l1_aux,23,79.0,0.8822840168969842,0.5148629148629148,0.9588561438652408,1.477305293083191,0.7430662571255393,1.25458025932312,2.1578988552914224,2.22724986076355
l2_main_l1_aux,23,80.0,0.8930747760523889,0.5351010101010102,0.94237656570753,1.471943736076355,0.7270763153258372,1.2495509386062622,2.153002451290978,2.223928451538086
l2_main_l1_aux,23,81.0,0.8832712760898066,0.5313973063973064,0.9345547225512244,1.456486701965332,0.7196271077901278,1.2344940900802612,2.1492760304534704,2.21992564201355
l2_main_l1_aux,23,82.0,0.898587561650959,0.5330808080808082,0.9182307888431516,1.4503945112228394,0.7037590858037623,1.2286802530288696,2.144716911184603,2.2171428203582764
l2_main_l1_aux,23,83.0,0.898528207424938,0.5400252525252526,0.9043307784502356,1.439732313156128,0.6903465719518481,1.218408465385437,2.139842040772693,2.2132389545440674
l2_main_l1_aux,23,84.0,0.8953918747437002,0.5205447330447329,0.8908740093293576,1.4407925605773926,0.6773418908275138,1.2198058366775513,2.135321346699884,2.209866762161255
l2_main_l1_aux,23,85.0,0.8968954062638351,0.5324494949494949,0.8838947940611388,1.4364725351333618,0.6707960518009691,1.21587073802948,2.1309872367090694,2.206018209457397
l2_main_l1_aux,23,86.0,0.8986397729058141,0.5324494949494949,0.8727128411324218,1.4253647327423096,0.6600728342742395,1.20517897605896,2.1264001494225453,2.2018580436706543
l2_main_l1_aux,23,87.0,0.9019784481194892,0.5446548821548822,0.8581250349954155,1.4315836429595947,0.6459988963993815,1.2118892669677734,2.1212613213287983,2.196943759918213
l2_main_l1_aux,23,88.0,0.9051870677496776,0.5393939393939394,0.8533901427575931,1.419309139251709,0.641738277807088,1.2000319957733154,2.1165185019809902,2.1927709579467773
l2_main_l1_aux,23,89.0,0.910605584871626,0.5492845117845119,0.8394051581980234,1.4150711297988892,0.6282051508274833,1.1961251497268677,2.112000059548015,2.189459562301636
l2_main_l1_aux,23,90.0,0.9106957730772444,0.546969696969697,0.8317198539970253,1.4162983894348145,0.6210097053990717,1.1977721452713013,2.1071014576647653,2.185262441635132
l2_main_l1_aux,23,91.0,0.9148369667911798,0.556986531986532,0.8188340664935809,1.424056887626648,0.608619792633746,1.2059723138809204,2.102142659809421,2.1808459758758545
l2_main_l1_aux,23,92.0,0.9208547725744792,0.5393939393939394,0.8085474022079048,1.405229568481445,0.5988319282277316,1.1875756978988647,2.097154570118285,2.1765384674072266
l2_main_l1_aux,23,93.0,0.9207931126904,0.5463383838383838,0.797306861811784,1.4092479944229126,0.5880922608449414,1.1919370889663696,2.0921459854572446,2.1731090545654297
l2_main_l1_aux,23,94.0,0.931046380664256,0.5463383838383838,0.7890984365739018,1.415796399116516,0.5803985744458262,1.198940634727478,2.086998554597418,2.168558120727539
l2_main_l1_aux,23,95.0,0.929350733852072,0.5483585858585859,0.781957072460713,1.4003304243087769,0.5737443179558969,1.1838045120239258,2.082127585468522,2.165258884429932
l2_main_l1_aux,23,96.0,0.927715561156966,0.5407828282828283,0.7770113967577069,1.400932550430298,0.5692834320659277,1.1847707033157349,2.077279541865889,2.161618947982788
l2_main_l1_aux,23,97.0,0.9341584261597644,0.5347643097643098,0.7710502449288426,1.410688400268555,0.5638206745794431,1.1949427127838137,2.07229570554579,2.157456636428833
l2_main_l1_aux,23,98.0,0.9325558620572002,0.5274891774891775,0.7626176265143692,1.3987772464752195,0.5558693528996071,1.18339741230011,2.067482578569764,2.153798818588257
l2_main_l1_aux,23,99.0,0.94051281976906,0.5268939393939395,0.7489805603191487,1.4098668098449707,0.5426265580929085,1.1947870254516602,2.063539970762348,2.1507976055145264
l2_main_l1_aux,23,100.0,0.9352126112746704,0.5202441077441078,0.7406881794256516,1.3887746334075928,0.5348341622471604,1.1741095781326294,2.0585401404950376,2.146651029586792
l2_main_l1_aux,37,1.0,0.0746850497867438,0.1003968253968253,2.7324887142739485,2.7269294261932373,2.4840215951358187,2.478498935699463,2.4846716965332294,2.484304189682007
l2_main_l1_aux,37,2.0,0.0905177704312924,0.104563492063492,2.7239505641431694,2.721592903137207,2.475555807300771,2.473210096359253,2.483947705894247,2.4838290214538574
l2_main_l1_aux,37,3.0,0.0999116952726368,0.1121031746031746,2.7142859046922903,2.712854385375977,2.4659734654549683,2.464536190032959,2.483123778065798,2.4831817150115967
l2_main_l1_aux,37,4.0,0.114387005232131,0.1081349206349206,2.7022347245076848,2.702573537826538,2.4540160658437498,2.4543325901031494,2.482186720006027,2.482409954071045
l2_main_l1_aux,37,5.0,0.113349459764554,0.1220238095238095,2.6870233557105268,2.6893839836120605,2.4389336638524486,2.4412472248077397,2.4808971044734096,2.481368064880371
l2_main_l1_aux,37,6.0,0.1048914489598451,0.1081349206349206,2.673714083361338,2.6759467124938965,2.425771625850369,2.4279375076293945,2.479424320687115,2.4800920486450195
l2_main_l1_aux,37,7.0,0.1062501007901951,0.1359126984126984,2.660020738788808,2.663485050201416,2.4122625702219453,2.415647029876709,2.4775822310357416,2.478381395339966
l2_main_l1_aux,37,8.0,0.1145259277177516,0.1144179894179894,2.645848738757345,2.6551098823547363,2.398287390677736,2.4073963165283203,2.4756136908999,2.477136373519897
l2_main_l1_aux,37,9.0,0.1476169726209034,0.1352513227513227,2.6297070807721243,2.6425461769104004,2.382354880364134,2.3949825763702397,2.473521785768913,2.4756362438201904
l2_main_l1_aux,37,10.0,0.1704958877600386,0.1352513227513227,2.611809782235019,2.632169485092163,2.36467650917434,2.3847758769989014,2.471332383032715,2.473935842514038
l2_main_l1_aux,37,11.0,0.192289079718325,0.156084656084656,2.590766335928912,2.616732358932495,2.343863781471056,2.3695521354675293,2.4690253143671663,2.471801996231079
l2_main_l1_aux,37,12.0,0.2171171540432546,0.166005291005291,2.5649290367986577,2.602445125579834,2.318356762654605,2.355527639389038,2.4657225071255398,2.4691760540008545
l2_main_l1_aux,37,13.0,0.219633706033077,0.166005291005291,2.5390371989054854,2.5838303565979004,2.2927750855838167,2.337164878845215,2.462621258376182,2.4666550159454346
l2_main_l1_aux,37,14.0,0.2551788466018025,0.1412698412698412,2.5111471954188125,2.5594284534454346,2.2652578526232614,2.313055515289306,2.458893088588616,2.463730335235596
l2_main_l1_aux,37,15.0,0.2768381318688847,0.1699735449735449,2.4805900168295776,2.5332136154174805,2.235081226197865,2.287099838256836,2.455087764743273,2.4611377716064453
l2_main_l1_aux,37,16.0,0.2853851753301438,0.1521825396825397,2.4439849804272544,2.506866455078125,2.1988865799830006,2.2610979080200195,2.450984238757529,2.4576847553253174
l2_main_l1_aux,37,17.0,0.3059439324566036,0.2039021164021164,2.409295883933772,2.4776699542999268,2.164628431842167,2.2322046756744385,2.4466747351234424,2.454653263092041
l2_main_l1_aux,37,18.0,0.3084444588054003,0.2029761904761905,2.3717564190521503,2.453150749206543,2.1275249147168944,2.2080414295196533,2.442315184926412,2.4510927200317383
l2_main_l1_aux,37,19.0,0.3396287614271813,0.2613095238095238,2.33416884286063,2.42030930519104,2.090418750365712,2.1755332946777344,2.437500799789692,2.4477601051330566
l2_main_l1_aux,37,20.0,0.3578255787231477,0.271031746031746,2.2971348811755288,2.384315252304077,2.0538250973220538,2.1399927139282227,2.4330974667494965,2.4432249069213867
l2_main_l1_aux,37,21.0,0.3713938020018331,0.2646825396825397,2.257371014448944,2.349785804748535,2.0146137432879714,2.105870008468628,2.427572477294738,2.4391579627990723
l2_main_l1_aux,37,22.0,0.391082180500054,0.3199735449735449,2.221994395510465,2.3351693153381348,1.9797326746988213,2.0917165279388428,2.4226172364312077,2.434527635574341
l2_main_l1_aux,37,23.0,0.4125055759099473,0.3398809523809524,2.1827215614909763,2.2923545837402344,1.9410069273999555,2.049359083175659,2.41714658343238,2.42995548248291
l2_main_l1_aux,37,24.0,0.4235343224126147,0.3329365079365079,2.148806268294789,2.2531492710113525,1.9076366293245668,2.010672092437744,2.411696228020778,2.424771547317505
l2_main_l1_aux,37,25.0,0.4250091365897503,0.3021825396825396,2.111429115991379,2.2466249465942383,1.870813980775528,2.004601240158081,2.406151752258537,2.420236110687256
l2_main_l1_aux,37,26.0,0.453803833588116,0.3823412698412698,2.081591598343316,2.1951651573181152,1.8415202721055728,1.9535753726959229,2.400713731007404,2.4158976078033447
l2_main_l1_aux,37,27.0,0.4549891098988577,0.3809523809523809,2.046859408409788,2.1808199882507324,1.8072867196521327,1.9396578073501587,2.395727025046817,2.4116227626800537
l2_main_l1_aux,37,28.0,0.4879236316240302,0.3974927849927849,2.01414975590632,2.1508960723876958,1.7751267337963217,1.9101206064224243,2.390230301940708,2.4077553749084477
l2_main_l1_aux,37,29.0,0.4845720991472575,0.3612193362193363,1.9873786280364465,2.138877391815185,1.748869747179921,1.8985695838928225,2.385088756039303,2.403079032897949
l2_main_l1_aux,37,30.0,0.4944246538019362,0.4293109668109667,1.952452885099204,2.0995452404022217,1.714478356702808,1.8595316410064695,2.3797454981713617,2.400136947631836
l2_main_l1_aux,37,31.0,0.5061137262373567,0.3924062049062049,1.9268195803522448,2.089116334915161,1.6893259929092328,1.849562168121338,2.3749358785337096,2.395540714263916
l2_main_l1_aux,37,32.0,0.5292442011871066,0.376497113997114,1.8974828026586064,2.076857089996338,1.6605261709932206,1.8375998735427856,2.369566207498363,2.392571926116944
l2_main_l1_aux,37,33.0,0.5322510671308005,0.3953463203463203,1.8671724566494128,2.050952196121216,1.6307165259543466,1.8120626211166384,2.3645593311618405,2.3888959884643555
l2_main_l1_aux,37,34.0,0.5293457798747919,0.3917748917748918,1.8343521469431368,2.042973756790161,1.5984124624380351,1.804463028907776,2.359396735895521,2.3851065635681152
l2_main_l1_aux,37,35.0,0.5502597519943241,0.4065897065897065,1.8086339998573528,2.0072503089904785,1.5732204208275538,1.7691668272018433,2.3541358912463037,2.3808348178863525
l2_main_l1_aux,37,36.0,0.5615821003354046,0.4268278018278018,1.782358896096274,1.9943665266036987,1.5474405323576803,1.756710171699524,2.3491836657007057,2.376563549041748
l2_main_l1_aux,37,37.0,0.5931471325323362,0.4032166907166907,1.7547646217214876,1.9800071716308596,1.5203748403851218,1.7427098751068115,2.343897651682212,2.3729734420776367
l2_main_l1_aux,37,38.0,0.5839701072346476,0.3927008177008177,1.725418033575232,1.9736618995666504,1.4915668972593166,1.7367280721664429,2.3385114398962865,2.369337797164917
l2_main_l1_aux,37,39.0,0.5833160764071535,0.413534151034151,1.702115493058748,1.93160879611969,1.4687772617898176,1.6950966119766235,2.3333820984819056,2.365121603012085
l2_main_l1_aux,37,40.0,0.6052301837466245,0.3781806156806156,1.6722253881099918,1.9430301189422607,1.4394461884966403,1.706852912902832,2.32779193950397,2.361772298812866
l2_main_l1_aux,37,41.0,0.6343808761980029,0.4145863395863396,1.648596830909716,1.916584134101868,1.4164129077054548,1.6808228492736816,2.321839417935238,2.357612371444702
l2_main_l1_aux,37,42.0,0.6172256345323979,0.4004028379028378,1.623663176152464,1.9062597751617432,1.3919933681438794,1.6708682775497437,2.316698075982256,2.353914737701416
l2_main_l1_aux,37,43.0,0.6446973376479271,0.4159752284752285,1.597968408860356,1.892449259757996,1.3668324071240712,1.65746808052063,2.3113599689404856,2.349811315536499
l2_main_l1_aux,37,44.0,0.6446744825202303,0.4235509860509861,1.5765435344791248,1.8627126216888428,1.3459378222385086,1.628090500831604,2.3060571466173445,2.3462209701538086
l2_main_l1_aux,37,45.0,0.6595875310122697,0.4192520442520442,1.5508960512131709,1.8735169172286987,1.3207909605384078,1.6392651796340942,2.3010508825364497,2.3425168991088867
l2_main_l1_aux,37,46.0,0.6714175924191901,0.4195466570466571,1.5242512632360146,1.830815076828003,1.294668595680066,1.5970196723937988,2.295826647244714,2.337953805923462
l2_main_l1_aux,37,47.0,0.6750649610339113,0.4122715247715248,1.5051873333482857,1.8333227634429927,1.2760952491563282,1.5999057292938232,2.2909210561269737,2.33417010307312
l2_main_l1_aux,37,48.0,0.6963375143222802,0.4304954304954305,1.4811935260661089,1.81370222568512,1.2525872976972807,1.5806361436843872,2.286062388740185,2.330660343170166
l2_main_l1_aux,37,49.0,0.6925876093111424,0.4338985088985089,1.457576764224934,1.807338833808899,1.2294982571199715,1.5746465921401978,2.280785228627479,2.3269221782684326
l2_main_l1_aux,37,50.0,0.7015681783257909,0.4400853775853776,1.438831972583436,1.791834592819214,1.21126249140183,1.5595844984054563,2.2756950744458195,2.3225014209747314
l2_main_l1_aux,37,51.0,0.7258363394014343,0.4459716209716209,1.4223359866314624,1.7854925394058228,1.19522791434073,1.553537368774414,2.271080541118287,2.319551944732666
l2_main_l1_aux,37,52.0,0.7268614443243887,0.4953763828763828,1.4013862010739142,1.7544678449630735,1.1747569073498147,1.5228689908981323,2.2662930381893087,2.315988063812256
l2_main_l1_aux,37,53.0,0.7414632459787707,0.4961339586339586,1.387417072478342,1.7454246282577517,1.1612518155841531,1.5141966342926023,2.2616526456790207,2.31227970123291
l2_main_l1_aux,37,54.0,0.7396023382033251,0.4765271765271765,1.3678452186863517,1.7559207677841189,1.1422028851385986,1.525077223777771,2.256423521370157,2.308435678482056
l2_main_l1_aux,37,55.0,0.7549211533582468,0.4779160654160654,1.3499385711453251,1.7475074529647827,1.1247747582535736,1.5170302391052246,2.251638076391565,2.304771900177002
l2_main_l1_aux,37,56.0,0.7421795480616101,0.4785473785473785,1.3272151378674268,1.7167870998382568,1.1025223184165365,1.4866888523101809,2.2469283762979426,2.3009819984436035
l2_main_l1_aux,37,57.0,0.7507279011791471,0.4765271765271765,1.3072463429938497,1.7316359281539917,1.083033809973738,1.5018494129180908,2.2421252776751626,2.2978649139404297
l2_main_l1_aux,37,58.0,0.7542125830925164,0.4562890812890813,1.2967494769268726,1.7130694389343262,1.0730223183787833,1.4836963415145874,2.237271504640169,2.293731212615967
l2_main_l1_aux,37,59.0,0.773782771582379,0.4910473785473785,1.2828237577477748,1.7113499641418457,1.0595248648303717,1.482154369354248,2.2329888200185386,2.291955947875977
l2_main_l1_aux,37,60.0,0.7763891033044632,0.496007696007696,1.2626844767654208,1.689353585243225,1.0399081637239702,1.460568904876709,2.2277630233108074,2.28784728050232
l2_main_l1_aux,37,61.0,0.7751940273732144,0.4785113035113035,1.2447771314089149,1.6801676750183103,1.022354281297444,1.4516278505325315,2.224228505218296,2.28539776802063
l2_main_l1_aux,37,62.0,0.7768016876388474,0.4967652717652717,1.220426482711109,1.6840527057647705,0.9985395417566348,1.455942153930664,2.218869433755924,2.2811059951782227
l2_main_l1_aux,37,63.0,0.7847751091092644,0.5126382876382877,1.2058673184012385,1.6635186672210691,0.9843758262578468,1.4357151985168457,2.214915056852383,2.2780351638793945
l2_main_l1_aux,37,64.0,0.7913077168687944,0.5251743626743627,1.1847716916653868,1.6593024730682373,0.9637476541294288,1.43188214302063,2.210240446146507,2.2742035388946533
l2_main_l1_aux,37,65.0,0.7919273064774702,0.4799001924001924,1.171308287449835,1.6407036781311035,0.9507887729679244,1.413639783859253,2.205195233661829,2.270638942718506
l2_main_l1_aux,37,66.0,0.7972293186977214,0.4848605098605098,1.15070508063968,1.6401474475860596,0.9306402002267296,1.4134076833724976,2.200648767812732,2.2673981189727783
l2_main_l1_aux,37,67.0,0.8103159591777226,0.4848605098605098,1.13810164710946,1.6405022144317627,0.9184420340648,1.4141043424606323,2.196596231394914,2.263979196548462
l2_main_l1_aux,37,68.0,0.8124567989168329,0.4987493987493987,1.1230213129171611,1.6274632215499878,0.9038088074444494,1.4015178680419922,2.1921252305659493,2.2594540119171143
l2_main_l1_aux,37,69.0,0.8100398599190114,0.485491822991823,1.1089568478720528,1.633532166481018,0.8902337928647224,1.407846212387085,2.187230311654726,2.25685977935791
l2_main_l1_aux,37,70.0,0.8223666127724939,0.5063251563251563,1.1013465454984654,1.6119699478149414,0.8830049884298787,1.3866569995880127,2.1834157444729043,2.2531299591064453
l2_main_l1_aux,37,71.0,0.8124752296885931,0.5132696007696007,1.0902447924146144,1.6014182567596436,0.8723696788288845,1.3764127492904663,2.178751032857189,2.2500550746917725
l2_main_l1_aux,37,72.0,0.8379887314011808,0.5086399711399711,1.072305764675961,1.6035937070846558,0.8548789912780262,1.3787721395492554,2.1742676814533963,2.2482151985168457
l2_main_l1_aux,37,73.0,0.8340601147914258,0.485491822991823,1.057258905313922,1.5895110368728638,0.8403189747551016,1.3651342391967771,2.169399319745587,2.243768215179444
l2_main_l1_aux,37,74.0,0.8487975596269098,0.5132696007696007,1.0302999842392595,1.586714506149292,0.813853111816971,1.3626878261566162,2.164468643382166,2.240267038345337
l2_main_l1_aux,37,75.0,0.8500989132194677,0.5216029341029341,1.0176089716860433,1.5807675123214722,0.8016265301408948,1.3570950031280518,2.159824506346001,2.236725330352783
l2_main_l1_aux,37,76.0,0.8578355995593266,0.4987493987493987,1.0087322162884238,1.5664854049682615,0.793228791523308,1.343222737312317,2.155034073864121,2.232626914978028
l2_main_l1_aux,37,77.0,0.8644495212909863,0.5112854737854737,0.9993618607726236,1.564348578453064,0.7842878976294998,1.3414325714111328,2.1507395364331297,2.2291600704193115
l2_main_l1_aux,37,78.0,0.8559904123767827,0.5271584896584897,0.986587493842317,1.5384016036987305,0.7719314619514085,1.315800428390503,2.1465599996497837,2.226011276245117
l2_main_l1_aux,37,79.0,0.866472104402033,0.5152837902837903,0.9691225131284348,1.5712213516235352,0.7549380072217801,1.3489103317260742,2.14184507117214,2.2231101989746094
l2_main_l1_aux,37,80.0,0.8733206744843308,0.5063251563251563,0.9503429208893374,1.5279784202575684,0.7366381164467068,1.3059505224227903,2.137047951479992,2.22027850151062
l2_main_l1_aux,37,81.0,0.8807380700024475,0.5106541606541607,0.9463705655424608,1.5208488702774048,0.7330511571413063,1.2992106676101685,2.1331941769578577,2.2163820266723637
l2_main_l1_aux,37,82.0,0.8783484859480915,0.5199134199134198,0.928927963038525,1.5387409925460815,0.7161039146827133,1.3174772262573242,2.1282405623470444,2.2126381397247314
l2_main_l1_aux,37,83.0,0.8908544016504107,0.5288780663780663,0.911932389420199,1.4988071918487549,0.6995279769478895,1.2778899669647217,2.1240440843027346,2.2091727256774902
l2_main_l1_aux,37,84.0,0.8824237998499421,0.5274891774891773,0.904228786182896,1.5191305875778198,0.6922635154962129,1.298578858375549,2.1196528260761203,2.205516815185547
l2_main_l1_aux,37,85.0,0.8834731634194671,0.5338023088023088,0.8956811728658036,1.4923089742660522,0.6841422809791237,1.27206289768219,2.1153887754463288,2.202460765838623
l2_main_l1_aux,37,86.0,0.8906894318163233,0.5463383838383838,0.8821606884314558,1.474982738494873,0.6710878965571497,1.2550820112228394,2.1107279470578324,2.199007272720337
l2_main_l1_aux,37,87.0,0.8910710808071566,0.541077441077441,0.8704179795186409,1.4970391988754272,0.6597882757498762,1.2774449586868286,2.1062968680042,2.195942640304565
l2_main_l1_aux,37,88.0,0.8984267993559492,0.5338023088023088,0.861862098698772,1.4771808385849,0.6515857464475189,1.257994532585144,2.1027636154588447,2.1918632984161377
l2_main_l1_aux,37,89.0,0.9018461758529692,0.520544733044733,0.8481442148632109,1.4788326025009155,0.6383276086255728,1.2599831819534302,2.098165902746729,2.188494205474853
l2_main_l1_aux,37,90.0,0.8978717510026658,0.5427669552669553,0.8379625613430897,1.4765619039535522,0.6285872088036726,1.2580769062042236,2.0937533678163143,2.184849739074707
l2_main_l1_aux,37,91.0,0.9093633919573136,0.5420093795093796,0.8259495558303728,1.458017110824585,0.6170319322874952,1.2398961782455444,2.0891761545880527,2.1812098026275635
l2_main_l1_aux,37,92.0,0.9056341481074156,0.5539141414141414,0.8149606047932334,1.466356635093689,0.6065343574279352,1.2486257553100586,2.0842624473900067,2.1773085594177246
l2_main_l1_aux,37,93.0,0.9067997965954836,0.5341329966329967,0.802538433706904,1.4605799913406372,0.5945472519286938,1.243326187133789,2.079911722783993,2.17253851890564
l2_main_l1_aux,37,94.0,0.9086528342143368,0.5393939393939394,0.7942605356136,1.457465648651123,0.5866619293127536,1.2405807971954346,2.0759859458509697,2.1688482761383057
l2_main_l1_aux,37,95.0,0.9114169077768736,0.545412457912458,0.785608073930527,1.449762940406799,0.5784535406994122,1.233291745185852,2.071545394890895,2.1647114753723145
l2_main_l1_aux,37,96.0,0.9152821775471116,0.5199134199134199,0.7767729439136288,1.4550257921218872,0.5700429542544787,1.238723874092102,2.0672999249062727,2.1630187034606934
l2_main_l1_aux,37,97.0,0.9169369384543234,0.5358225108225109,0.7675285298319569,1.4489080905914309,0.5612133935273412,1.2329165935516355,2.0631513205740006,2.159914493560791
l2_main_l1_aux,37,98.0,0.9238747841054044,0.5321188071188071,0.7562078248818442,1.445395588874817,0.5503817240670708,1.2297658920288086,2.058260967727372,2.156296968460083
l2_main_l1_aux,37,99.0,0.9241686019744152,0.5251743626743627,0.7475803466754197,1.4407395124435425,0.5421590863529868,1.2254778146743774,2.0542124598038587,2.1526167392730717
l2_main_l1_aux,37,100.0,0.9235133504656692,0.530561568061568,0.7378698509449393,1.4496251344680786,0.5329132035964532,1.2346371412277222,2.0495664876422457,2.1498796939849854
