epoch,train_loss,val_balanced_accuracy,val_accuracy,view,group,sampling_rate_hz,variant,seed
1,2.564849853515625,0.05555555555555555,0.056338028169014086,native,sr_200,200.0,cnn_s,11
2,2.536780834197998,0.05555555555555555,0.056338028169014086,native,sr_200,200.0,cnn_s,11
3,2.512847661972046,0.05555555555555555,0.056338028169014086,native,sr_200,200.0,cnn_s,11
4,2.4933862686157227,0.05555555555555555,0.056338028169014086,native,sr_200,200.0,cnn_s,11
5,2.4783594608306885,0.06944444444444443,0.07042253521126761,native,sr_200,200.0,cnn_s,11
6,2.4672091007232666,0.06944444444444443,0.07042253521126761,native,sr_200,200.0,cnn_s,11
7,2.458981513977051,0.06944444444444443,0.07042253521126761,native,sr_200,200.0,cnn_s,11
8,2.452676773071289,0.041666666666666664,0.04225352112676056,native,sr_200,200.0,cnn_s,11
9,2.447514533996582,0.041666666666666664,0.04225352112676056,native,sr_200,200.0,cnn_s,11
10,2.442976713180542,0.05555555555555555,0.056338028169014086,native,sr_200,200.0,cnn_s,11
11,2.438753366470337,0.05555555555555555,0.056338028169014086,native,sr_200,200.0,cnn_s,11
12,2.4346776008605957,0.05555555555555555,0.056338028169014086,native,sr_200,200.0,cnn_s,11
13,2.430671215057373,0.041666666666666664,0.04225352112676056,native,sr_200,200.0,cnn_s,11
14,2.426704168319702,0.041666666666666664,0.04225352112676056,native,sr_200,200.0,cnn_s,11
15,2.422774076461792,0.05555555555555555,0.056338028169014086,native,sr_200,200.0,cnn_s,11
16,2.418889045715332,0.05555555555555555,0.056338028169014086,native,sr_200,200.0,cnn_s,11
17,2.415062189102173,0.05833333333333333,0.056338028169014086,native,sr_200,200.0,cnn_s,11
18,2.4113047122955322,0.05833333333333333,0.056338028169014086,native,sr_200,200.0,cnn_s,11
19,2.4076247215270996,0.05833333333333333,0.056338028169014086,native,sr_200,200.0,cnn_s,11
20,2.4040260314941406,0.041666666666666664,0.04225352112676056,native,sr_200,200.0,cnn_s,11
21,2.400507688522339,0.041666666666666664,0.04225352112676056,native,sr_200,200.0,cnn_s,11
22,2.397064447402954,0.041666666666666664,0.04225352112676056,native,sr_200,200.0,cnn_s,11
23,2.3936872482299805,0.06746031746031746,0.07042253521126761,native,sr_200,200.0,cnn_s,11
24,2.390366315841675,0.06746031746031746,0.07042253521126761,native,sr_200,200.0,cnn_s,11
25,2.387092113494873,0.08134920634920634,0.08450704225352113,native,sr_200,200.0,cnn_s,11
26,2.3838586807250977,0.09325396825396824,0.09859154929577464,native,sr_200,200.0,cnn_s,11
27,2.3806662559509277,0.07936507936507935,0.08450704225352113,native,sr_200,200.0,cnn_s,11
28,2.3775217533111572,0.07936507936507935,0.08450704225352113,native,sr_200,200.0,cnn_s,11
29,2.374438524246216,0.07936507936507935,0.08450704225352113,native,sr_200,200.0,cnn_s,11
30,2.3714349269866943,0.07936507936507935,0.08450704225352113,native,sr_200,200.0,cnn_s,11
31,2.368530750274658,0.07936507936507935,0.08450704225352113,native,sr_200,200.0,cnn_s,11
32,2.365743637084961,0.09126984126984126,0.09859154929577464,native,sr_200,200.0,cnn_s,11
33,2.3630833625793457,0.09126984126984126,0.09859154929577464,native,sr_200,200.0,cnn_s,11
34,2.3605501651763916,0.10317460317460315,0.11267605633802817,native,sr_200,200.0,cnn_s,11
35,2.3581323623657227,0.10317460317460315,0.11267605633802817,native,sr_200,200.0,cnn_s,11
36,2.3558101654052734,0.11507936507936507,0.1267605633802817,native,sr_200,200.0,cnn_s,11
37,2.3535587787628174,0.11507936507936507,0.1267605633802817,native,sr_200,200.0,cnn_s,11
38,2.351353645324707,0.11507936507936507,0.1267605633802817,native,sr_200,200.0,cnn_s,11
39,2.349174976348877,0.12698412698412698,0.14084507042253522,native,sr_200,200.0,cnn_s,11
40,2.347010850906372,0.13888888888888887,0.15492957746478872,native,sr_200,200.0,cnn_s,11
41,2.3448569774627686,0.13888888888888887,0.15492957746478872,native,sr_200,200.0,cnn_s,11
42,2.3427162170410156,0.13888888888888887,0.15492957746478872,native,sr_200,200.0,cnn_s,11
43,2.3405957221984863,0.13888888888888887,0.15492957746478872,native,sr_200,200.0,cnn_s,11
44,2.338503122329712,0.12698412698412698,0.14084507042253522,native,sr_200,200.0,cnn_s,11
45,2.3364455699920654,0.12698412698412698,0.14084507042253522,native,sr_200,200.0,cnn_s,11
46,2.3344273567199707,0.12698412698412698,0.14084507042253522,native,sr_200,200.0,cnn_s,11
47,2.332449436187744,0.12698412698412698,0.14084507042253522,native,sr_200,200.0,cnn_s,11
48,2.330509662628174,0.12698412698412698,0.14084507042253522,native,sr_200,200.0,cnn_s,11
49,2.3286056518554688,0.1388888888888889,0.15492957746478872,native,sr_200,200.0,cnn_s,11
50,2.3267335891723633,0.15079365079365079,0.16901408450704225,native,sr_200,200.0,cnn_s,11
51,2.324892044067383,0.15079365079365079,0.16901408450704225,native,sr_200,200.0,cnn_s,11
52,2.3230810165405273,0.15079365079365079,0.16901408450704225,native,sr_200,200.0,cnn_s,11
53,2.3213014602661133,0.1626984126984127,0.18309859154929578,native,sr_200,200.0,cnn_s,11
54,2.3195548057556152,0.15079365079365079,0.16901408450704225,native,sr_200,200.0,cnn_s,11
55,2.3178417682647705,0.15079365079365079,0.16901408450704225,native,sr_200,200.0,cnn_s,11
56,2.316162109375,0.15079365079365079,0.16901408450704225,native,sr_200,200.0,cnn_s,11
57,2.3145129680633545,0.15079365079365079,0.16901408450704225,native,sr_200,200.0,cnn_s,11
58,2.3128912448883057,0.15079365079365079,0.16901408450704225,native,sr_200,200.0,cnn_s,11
59,2.311293125152588,0.15079365079365079,0.16901408450704225,native,sr_200,200.0,cnn_s,11
60,2.3097147941589355,0.15079365079365079,0.16901408450704225,native,sr_200,200.0,cnn_s,11
61,2.308154344558716,0.15079365079365079,0.16901408450704225,native,sr_200,200.0,cnn_s,11
62,2.306610345840454,0.15079365079365079,0.16901408450704225,native,sr_200,200.0,cnn_s,11
63,2.3050832748413086,0.15079365079365079,0.16901408450704225,native,sr_200,200.0,cnn_s,11
64,2.3035738468170166,0.15079365079365079,0.16901408450704225,native,sr_200,200.0,cnn_s,11
65,2.3020832538604736,0.1626984126984127,0.18309859154929578,native,sr_200,200.0,cnn_s,11
66,2.300612449645996,0.1626984126984127,0.18309859154929578,native,sr_200,200.0,cnn_s,11
67,2.299161911010742,0.1626984126984127,0.18309859154929578,native,sr_200,200.0,cnn_s,11
68,2.297731637954712,0.1626984126984127,0.18309859154929578,native,sr_200,200.0,cnn_s,11
69,2.296320915222168,0.1626984126984127,0.18309859154929578,native,sr_200,200.0,cnn_s,11
70,2.294929027557373,0.1626984126984127,0.18309859154929578,native,sr_200,200.0,cnn_s,11
71,2.29355525970459,0.1626984126984127,0.18309859154929578,native,sr_200,200.0,cnn_s,11
72,2.292198657989502,0.1626984126984127,0.18309859154929578,native,sr_200,200.0,cnn_s,11
73,2.2908594608306885,0.1626984126984127,0.18309859154929578,native,sr_200,200.0,cnn_s,11
74,2.289537191390991,0.1626984126984127,0.18309859154929578,native,sr_200,200.0,cnn_s,11
75,2.288231372833252,0.1626984126984127,0.18309859154929578,native,sr_200,200.0,cnn_s,11
76,2.2869412899017334,0.1626984126984127,0.18309859154929578,native,sr_200,200.0,cnn_s,11
77,2.2856667041778564,0.1626984126984127,0.18309859154929578,native,sr_200,200.0,cnn_s,11
78,2.284406900405884,0.1626984126984127,0.18309859154929578,native,sr_200,200.0,cnn_s,11
79,2.283160924911499,0.1626984126984127,0.18309859154929578,native,sr_200,200.0,cnn_s,11
80,2.2819290161132812,0.1626984126984127,0.18309859154929578,native,sr_200,200.0,cnn_s,11
81,2.280710220336914,0.1626984126984127,0.18309859154929578,native,sr_200,200.0,cnn_s,11
82,2.2795040607452393,0.1626984126984127,0.18309859154929578,native,sr_200,200.0,cnn_s,11
83,2.278311014175415,0.1626984126984127,0.18309859154929578,native,sr_200,200.0,cnn_s,11
1,2.5858383178710938,0.027777777777777776,0.028169014084507043,native,sr_64,64.0,cnn_s,11
2,2.5579729080200195,0.041666666666666664,0.04225352112676056,native,sr_64,64.0,cnn_s,11
3,2.533996343612671,0.041666666666666664,0.04225352112676056,native,sr_64,64.0,cnn_s,11
4,2.5140175819396973,0.041666666666666664,0.04225352112676056,native,sr_64,64.0,cnn_s,11
5,2.4978880882263184,0.041666666666666664,0.04225352112676056,native,sr_64,64.0,cnn_s,11
6,2.485043525695801,0.041666666666666664,0.04225352112676056,native,sr_64,64.0,cnn_s,11
7,2.474691152572632,0.027777777777777776,0.028169014084507043,native,sr_64,64.0,cnn_s,11
8,2.4660706520080566,0.027777777777777776,0.028169014084507043,native,sr_64,64.0,cnn_s,11
9,2.4585986137390137,0.013888888888888888,0.014084507042253521,native,sr_64,64.0,cnn_s,11
10,2.4518868923187256,0.013888888888888888,0.014084507042253521,native,sr_64,64.0,cnn_s,11
11,2.4456982612609863,0.027777777777777776,0.028169014084507043,native,sr_64,64.0,cnn_s,11
12,2.4398982524871826,0.027777777777777776,0.028169014084507043,native,sr_64,64.0,cnn_s,11
13,2.43441104888916,0.027777777777777776,0.028169014084507043,native,sr_64,64.0,cnn_s,11
14,2.429187297821045,0.027777777777777776,0.028169014084507043,native,sr_64,64.0,cnn_s,11
15,2.4241843223571777,0.041666666666666664,0.04225352112676056,native,sr_64,64.0,cnn_s,11
16,2.4193575382232666,0.027777777777777776,0.028169014084507043,native,sr_64,64.0,cnn_s,11
17,2.4146623611450195,0.027777777777777776,0.028169014084507043,native,sr_64,64.0,cnn_s,11
18,2.410057783126831,0.027777777777777776,0.028169014084507043,native,sr_64,64.0,cnn_s,11
19,2.405512809753418,0.041666666666666664,0.04225352112676056,native,sr_64,64.0,cnn_s,11
20,2.4010062217712402,0.041666666666666664,0.04225352112676056,native,sr_64,64.0,cnn_s,11
21,2.3965280055999756,0.05357142857142857,0.056338028169014086,native,sr_64,64.0,cnn_s,11
22,2.3920764923095703,0.05357142857142857,0.056338028169014086,native,sr_64,64.0,cnn_s,11
23,2.38765549659729,0.05357142857142857,0.056338028169014086,native,sr_64,64.0,cnn_s,11
24,2.3832719326019287,0.06547619047619048,0.07042253521126761,native,sr_64,64.0,cnn_s,11
25,2.378936529159546,0.07936507936507936,0.08450704225352113,native,sr_64,64.0,cnn_s,11
26,2.3746612071990967,0.10317460317460315,0.11267605633802817,native,sr_64,64.0,cnn_s,11
27,2.37045955657959,0.10317460317460315,0.11267605633802817,native,sr_64,64.0,cnn_s,11
28,2.3663480281829834,0.11507936507936506,0.1267605633802817,native,sr_64,64.0,cnn_s,11
29,2.36234188079834,0.11507936507936506,0.1267605633802817,native,sr_64,64.0,cnn_s,11
30,2.358455181121826,0.10119047619047616,0.11267605633802817,native,sr_64,64.0,cnn_s,11
31,2.3547000885009766,0.10119047619047616,0.11267605633802817,native,sr_64,64.0,cnn_s,11
32,2.3510828018188477,0.10119047619047616,0.11267605633802817,native,sr_64,64.0,cnn_s,11
33,2.347604751586914,0.10119047619047616,0.11267605633802817,native,sr_64,64.0,cnn_s,11
34,2.3442611694335938,0.10119047619047616,0.11267605633802817,native,sr_64,64.0,cnn_s,11
35,2.3410398960113525,0.10119047619047616,0.11267605633802817,native,sr_64,64.0,cnn_s,11
36,2.3379263877868652,0.10119047619047616,0.11267605633802817,native,sr_64,64.0,cnn_s,11
37,2.33490252494812,0.08730158730158728,0.09859154929577464,native,sr_64,64.0,cnn_s,11
38,2.3319523334503174,0.09920634920634919,0.11267605633802817,native,sr_64,64.0,cnn_s,11
39,2.3290607929229736,0.09920634920634919,0.11267605633802817,native,sr_64,64.0,cnn_s,11
40,2.3262181282043457,0.09920634920634919,0.11267605633802817,native,sr_64,64.0,cnn_s,11
41,2.3234188556671143,0.09920634920634919,0.11267605633802817,native,sr_64,64.0,cnn_s,11
42,2.32066011428833,0.09920634920634919,0.11267605633802817,native,sr_64,64.0,cnn_s,11
43,2.3179426193237305,0.09920634920634919,0.11267605633802817,native,sr_64,64.0,cnn_s,11
44,2.315267562866211,0.1111111111111111,0.1267605633802817,native,sr_64,64.0,cnn_s,11
45,2.3126370906829834,0.1111111111111111,0.1267605633802817,native,sr_64,64.0,cnn_s,11
46,2.3100531101226807,0.1111111111111111,0.1267605633802817,native,sr_64,64.0,cnn_s,11
47,2.30751633644104,0.1111111111111111,0.1267605633802817,native,sr_64,64.0,cnn_s,11
48,2.305027723312378,0.1111111111111111,0.1267605633802817,native,sr_64,64.0,cnn_s,11
49,2.3025872707366943,0.1111111111111111,0.1267605633802817,native,sr_64,64.0,cnn_s,11
50,2.3001956939697266,0.1111111111111111,0.1267605633802817,native,sr_64,64.0,cnn_s,11
51,2.2978532314300537,0.1111111111111111,0.1267605633802817,native,sr_64,64.0,cnn_s,11
52,2.2955591678619385,0.12499999999999999,0.14084507042253522,native,sr_64,64.0,cnn_s,11
53,2.293313980102539,0.12499999999999999,0.14084507042253522,native,sr_64,64.0,cnn_s,11
54,2.291116714477539,0.12499999999999999,0.14084507042253522,native,sr_64,64.0,cnn_s,11
55,2.288966178894043,0.12499999999999999,0.14084507042253522,native,sr_64,64.0,cnn_s,11
56,2.286860466003418,0.12499999999999999,0.14084507042253522,native,sr_64,64.0,cnn_s,11
57,2.2847981452941895,0.12499999999999999,0.14084507042253522,native,sr_64,64.0,cnn_s,11
58,2.2827765941619873,0.12499999999999999,0.14084507042253522,native,sr_64,64.0,cnn_s,11
59,2.2807934284210205,0.12499999999999999,0.14084507042253522,native,sr_64,64.0,cnn_s,11
60,2.2788467407226562,0.12499999999999999,0.14084507042253522,native,sr_64,64.0,cnn_s,11
61,2.276934862136841,0.12499999999999999,0.14084507042253522,native,sr_64,64.0,cnn_s,11
62,2.2750558853149414,0.12499999999999999,0.14084507042253522,native,sr_64,64.0,cnn_s,11
63,2.2732086181640625,0.12499999999999999,0.14084507042253522,native,sr_64,64.0,cnn_s,11
64,2.2713921070098877,0.13888888888888887,0.15492957746478872,native,sr_64,64.0,cnn_s,11
65,2.269606351852417,0.125,0.14084507042253522,native,sr_64,64.0,cnn_s,11
66,2.267850160598755,0.125,0.14084507042253522,native,sr_64,64.0,cnn_s,11
67,2.2661232948303223,0.125,0.14084507042253522,native,sr_64,64.0,cnn_s,11
68,2.264425754547119,0.125,0.14084507042253522,native,sr_64,64.0,cnn_s,11
69,2.262756586074829,0.125,0.14084507042253522,native,sr_64,64.0,cnn_s,11
70,2.2611165046691895,0.125,0.14084507042253522,native,sr_64,64.0,cnn_s,11
71,2.259504556655884,0.125,0.14084507042253522,native,sr_64,64.0,cnn_s,11
72,2.257920026779175,0.125,0.14084507042253522,native,sr_64,64.0,cnn_s,11
73,2.2563631534576416,0.125,0.14084507042253522,native,sr_64,64.0,cnn_s,11
74,2.2548327445983887,0.125,0.14084507042253522,native,sr_64,64.0,cnn_s,11
75,2.253328561782837,0.125,0.14084507042253522,native,sr_64,64.0,cnn_s,11
76,2.251849412918091,0.125,0.14084507042253522,native,sr_64,64.0,cnn_s,11
77,2.250393867492676,0.11309523809523808,0.1267605633802817,native,sr_64,64.0,cnn_s,11
78,2.2489616870880127,0.11309523809523808,0.1267605633802817,native,sr_64,64.0,cnn_s,11
79,2.247551918029785,0.11309523809523808,0.1267605633802817,native,sr_64,64.0,cnn_s,11
80,2.2461633682250977,0.11309523809523808,0.1267605633802817,native,sr_64,64.0,cnn_s,11
81,2.24479603767395,0.11309523809523808,0.1267605633802817,native,sr_64,64.0,cnn_s,11
82,2.2434489727020264,0.11309523809523808,0.1267605633802817,native,sr_64,64.0,cnn_s,11
83,2.242121696472168,0.12698412698412698,0.14084507042253522,native,sr_64,64.0,cnn_s,11
84,2.240813970565796,0.12698412698412698,0.14084507042253522,native,sr_64,64.0,cnn_s,11
85,2.239525318145752,0.12698412698412698,0.14084507042253522,native,sr_64,64.0,cnn_s,11
86,2.238255500793457,0.12698412698412698,0.14084507042253522,native,sr_64,64.0,cnn_s,11
87,2.237004041671753,0.12698412698412698,0.14084507042253522,native,sr_64,64.0,cnn_s,11
88,2.2357707023620605,0.12698412698412698,0.14084507042253522,native,sr_64,64.0,cnn_s,11
89,2.2345550060272217,0.12698412698412698,0.14084507042253522,native,sr_64,64.0,cnn_s,11
90,2.233356237411499,0.12698412698412698,0.14084507042253522,native,sr_64,64.0,cnn_s,11
91,2.2321746349334717,0.12698412698412698,0.14084507042253522,native,sr_64,64.0,cnn_s,11
92,2.2310094833374023,0.12698412698412698,0.14084507042253522,native,sr_64,64.0,cnn_s,11
93,2.2298600673675537,0.12698412698412698,0.14084507042253522,native,sr_64,64.0,cnn_s,11
94,2.228726625442505,0.12698412698412698,0.14084507042253522,native,sr_64,64.0,cnn_s,11
1,2.642509937286377,0.15674603174603172,0.15492957746478872,native,sr_200,200.0,cnn_m,11
2,2.452962875366211,0.1706349206349206,0.16901408450704225,native,sr_200,200.0,cnn_m,11
3,2.3345797061920166,0.1775793650793651,0.18309859154929578,native,sr_200,200.0,cnn_m,11
4,2.252277135848999,0.16865079365079363,0.18309859154929578,native,sr_200,200.0,cnn_m,11
5,2.1875076293945312,0.15674603174603174,0.16901408450704225,native,sr_200,200.0,cnn_m,11
6,2.1309874057769775,0.16865079365079363,0.18309859154929578,native,sr_200,200.0,cnn_m,11
7,2.0780954360961914,0.16865079365079363,0.18309859154929578,native,sr_200,200.0,cnn_m,11
8,2.027104377746582,0.19722222222222222,0.2112676056338028,native,sr_200,200.0,cnn_m,11
9,1.9783437252044678,0.20615079365079367,0.2112676056338028,native,sr_200,200.0,cnn_m,11
10,1.9330874681472778,0.2228174603174603,0.22535211267605634,native,sr_200,200.0,cnn_m,11
11,1.8925139904022217,0.2347222222222222,0.23943661971830985,native,sr_200,200.0,cnn_m,11
12,1.8570491075515747,0.258531746031746,0.2676056338028169,native,sr_200,200.0,cnn_m,11
13,1.826219081878662,0.258531746031746,0.2676056338028169,native,sr_200,200.0,cnn_m,11
14,1.7989723682403564,0.27519841269841266,0.28169014084507044,native,sr_200,200.0,cnn_m,11
15,1.7741400003433228,0.27519841269841266,0.28169014084507044,native,sr_200,200.0,cnn_m,11
16,1.7507281303405762,0.2990079365079365,0.30985915492957744,native,sr_200,200.0,cnn_m,11
17,1.7280404567718506,0.2990079365079365,0.30985915492957744,native,sr_200,200.0,cnn_m,11
18,1.7057445049285889,0.2990079365079365,0.30985915492957744,native,sr_200,200.0,cnn_m,11
19,1.68388831615448,0.3009920634920635,0.30985915492957744,native,sr_200,200.0,cnn_m,11
20,1.6628069877624512,0.3009920634920635,0.30985915492957744,native,sr_200,200.0,cnn_m,11
21,1.6429109573364258,0.2871031746031746,0.29577464788732394,native,sr_200,200.0,cnn_m,11
22,1.6244616508483887,0.2871031746031746,0.29577464788732394,native,sr_200,200.0,cnn_m,11
23,1.6074506044387817,0.2871031746031746,0.29577464788732394,native,sr_200,200.0,cnn_m,11
24,1.5916239023208618,0.3009920634920635,0.30985915492957744,native,sr_200,200.0,cnn_m,11
25,1.5766098499298096,0.3009920634920635,0.30985915492957744,native,sr_200,200.0,cnn_m,11
26,1.5620653629302979,0.3009920634920635,0.30985915492957744,native,sr_200,200.0,cnn_m,11
27,1.547773838043213,0.3009920634920635,0.30985915492957744,native,sr_200,200.0,cnn_m,11
28,1.5336779356002808,0.3009920634920635,0.30985915492957744,native,sr_200,200.0,cnn_m,11
29,1.5198464393615723,0.3009920634920635,0.30985915492957744,native,sr_200,200.0,cnn_m,11
30,1.5064051151275635,0.3009920634920635,0.30985915492957744,native,sr_200,200.0,cnn_m,11
31,1.493463158607483,0.3009920634920635,0.30985915492957744,native,sr_200,200.0,cnn_m,11
32,1.481072187423706,0.3009920634920635,0.30985915492957744,native,sr_200,200.0,cnn_m,11
33,1.4692268371582031,0.3009920634920635,0.30985915492957744,native,sr_200,200.0,cnn_m,11
34,1.4578863382339478,0.3009920634920635,0.30985915492957744,native,sr_200,200.0,cnn_m,11
35,1.4469943046569824,0.3009920634920635,0.30985915492957744,native,sr_200,200.0,cnn_m,11
36,1.4364855289459229,0.3009920634920635,0.30985915492957744,native,sr_200,200.0,cnn_m,11
37,1.426291584968567,0.3009920634920635,0.30985915492957744,native,sr_200,200.0,cnn_m,11
38,1.4163507223129272,0.3009920634920635,0.30985915492957744,native,sr_200,200.0,cnn_m,11
39,1.4066269397735596,0.3009920634920635,0.30985915492957744,native,sr_200,200.0,cnn_m,11
40,1.3971202373504639,0.3009920634920635,0.30985915492957744,native,sr_200,200.0,cnn_m,11
41,1.3878636360168457,0.3009920634920635,0.30985915492957744,native,sr_200,200.0,cnn_m,11
42,1.378901720046997,0.3009920634920635,0.30985915492957744,native,sr_200,200.0,cnn_m,11
43,1.3702601194381714,0.3009920634920635,0.30985915492957744,native,sr_200,200.0,cnn_m,11
44,1.3619264364242554,0.3009920634920635,0.30985915492957744,native,sr_200,200.0,cnn_m,11
45,1.353852391242981,0.3009920634920635,0.30985915492957744,native,sr_200,200.0,cnn_m,11
46,1.34597647190094,0.3009920634920635,0.30985915492957744,native,sr_200,200.0,cnn_m,11
47,1.3382519483566284,0.3009920634920635,0.30985915492957744,native,sr_200,200.0,cnn_m,11
48,1.3306657075881958,0.3009920634920635,0.30985915492957744,native,sr_200,200.0,cnn_m,11
49,1.3232371807098389,0.3009920634920635,0.30985915492957744,native,sr_200,200.0,cnn_m,11
1,2.6301493644714355,0.19623015873015873,0.18309859154929578,native,sr_64,64.0,cnn_m,11
2,2.443962812423706,0.19345238095238093,0.18309859154929578,native,sr_64,64.0,cnn_m,11
3,2.3317174911499023,0.23115079365079363,0.22535211267605634,native,sr_64,64.0,cnn_m,11
4,2.2501370906829834,0.2123015873015873,0.2112676056338028,native,sr_64,64.0,cnn_m,11
5,2.1803958415985107,0.2123015873015873,0.2112676056338028,native,sr_64,64.0,cnn_m,11
6,2.116067409515381,0.15674603174603174,0.16901408450704225,native,sr_64,64.0,cnn_m,11
7,2.0544869899749756,0.14285714285714282,0.15492957746478872,native,sr_64,64.0,cnn_m,11
8,1.9950754642486572,0.16666666666666666,0.18309859154929578,native,sr_64,64.0,cnn_m,11
9,1.9389688968658447,0.198015873015873,0.2112676056338028,native,sr_64,64.0,cnn_m,11
10,1.8879423141479492,0.198015873015873,0.2112676056338028,native,sr_64,64.0,cnn_m,11
11,1.8432044982910156,0.2119047619047619,0.22535211267605634,native,sr_64,64.0,cnn_m,11
12,1.804659366607666,0.23571428571428568,0.2535211267605634,native,sr_64,64.0,cnn_m,11
13,1.7709790468215942,0.23571428571428568,0.2535211267605634,native,sr_64,64.0,cnn_m,11
14,1.7403408288955688,0.24960317460317458,0.2676056338028169,native,sr_64,64.0,cnn_m,11
15,1.71123206615448,0.2329365079365079,0.2535211267605634,native,sr_64,64.0,cnn_m,11
16,1.682838797569275,0.25376984126984126,0.2676056338028169,native,sr_64,64.0,cnn_m,11
17,1.6549769639968872,0.25376984126984126,0.2676056338028169,native,sr_64,64.0,cnn_m,11
18,1.6278311014175415,0.25376984126984126,0.2676056338028169,native,sr_64,64.0,cnn_m,11
19,1.6017355918884277,0.25376984126984126,0.2676056338028169,native,sr_64,64.0,cnn_m,11
20,1.5770279169082642,0.2656746031746032,0.28169014084507044,native,sr_64,64.0,cnn_m,11
21,1.553919792175293,0.2656746031746032,0.28169014084507044,native,sr_64,64.0,cnn_m,11
22,1.5324054956436157,0.2656746031746032,0.28169014084507044,native,sr_64,64.0,cnn_m,11
23,1.5122689008712769,0.27956349206349207,0.29577464788732394,native,sr_64,64.0,cnn_m,11
24,1.4931919574737549,0.27956349206349207,0.29577464788732394,native,sr_64,64.0,cnn_m,11
25,1.4748812913894653,0.27956349206349207,0.29577464788732394,native,sr_64,64.0,cnn_m,11
26,1.4571402072906494,0.27956349206349207,0.29577464788732394,native,sr_64,64.0,cnn_m,11
27,1.4398771524429321,0.29345238095238096,0.30985915492957744,native,sr_64,64.0,cnn_m,11
28,1.4230800867080688,0.2726190476190476,0.29577464788732394,native,sr_64,64.0,cnn_m,11
29,1.4067919254302979,0.27261904761904765,0.29577464788732394,native,sr_64,64.0,cnn_m,11
30,1.391087293624878,0.27956349206349207,0.29577464788732394,native,sr_64,64.0,cnn_m,11
31,1.3760334253311157,0.27956349206349207,0.29577464788732394,native,sr_64,64.0,cnn_m,11
32,1.3616458177566528,0.27956349206349207,0.29577464788732394,native,sr_64,64.0,cnn_m,11
33,1.3478695154190063,0.27956349206349207,0.29577464788732394,native,sr_64,64.0,cnn_m,11
34,1.3346105813980103,0.27956349206349207,0.29577464788732394,native,sr_64,64.0,cnn_m,11
35,1.3217833042144775,0.29345238095238096,0.30985915492957744,native,sr_64,64.0,cnn_m,11
36,1.309332013130188,0.29345238095238096,0.30985915492957744,native,sr_64,64.0,cnn_m,11
37,1.2972248792648315,0.29345238095238096,0.30985915492957744,native,sr_64,64.0,cnn_m,11
38,1.2854458093643188,0.29345238095238096,0.30985915492957744,native,sr_64,64.0,cnn_m,11
39,1.2740010023117065,0.29345238095238096,0.30985915492957744,native,sr_64,64.0,cnn_m,11
40,1.262920618057251,0.29345238095238096,0.30985915492957744,native,sr_64,64.0,cnn_m,11
41,1.2522369623184204,0.29345238095238096,0.30985915492957744,native,sr_64,64.0,cnn_m,11
42,1.2419514656066895,0.29345238095238096,0.30985915492957744,native,sr_64,64.0,cnn_m,11
43,1.2320243120193481,0.29345238095238096,0.30985915492957744,native,sr_64,64.0,cnn_m,11
44,1.2223947048187256,0.29345238095238096,0.30985915492957744,native,sr_64,64.0,cnn_m,11
45,1.2130120992660522,0.29345238095238096,0.30985915492957744,native,sr_64,64.0,cnn_m,11
46,1.2038522958755493,0.28154761904761905,0.29577464788732394,native,sr_64,64.0,cnn_m,11
47,1.1949143409729004,0.28154761904761905,0.29577464788732394,native,sr_64,64.0,cnn_m,11
48,1.1862070560455322,0.28154761904761905,0.29577464788732394,native,sr_64,64.0,cnn_m,11
49,1.1777371168136597,0.29345238095238096,0.30985915492957744,native,sr_64,64.0,cnn_m,11
50,1.1695016622543335,0.26964285714285713,0.28169014084507044,native,sr_64,64.0,cnn_m,11
51,1.1614866256713867,0.26964285714285713,0.28169014084507044,native,sr_64,64.0,cnn_m,11
52,1.153671145439148,0.26964285714285713,0.28169014084507044,native,sr_64,64.0,cnn_m,11
53,1.1460374593734741,0.26964285714285713,0.28169014084507044,native,sr_64,64.0,cnn_m,11
54,1.1385746002197266,0.26964285714285713,0.28169014084507044,native,sr_64,64.0,cnn_m,11
55,1.1312767267227173,0.26964285714285713,0.28169014084507044,native,sr_64,64.0,cnn_m,11
56,1.1241376399993896,0.26964285714285713,0.28169014084507044,native,sr_64,64.0,cnn_m,11
57,1.1171491146087646,0.26964285714285713,0.28169014084507044,native,sr_64,64.0,cnn_m,11
1,2.633448839187622,0.3615079365079365,0.38028169014084506,native,sr_200,200.0,cnn_l,11
2,1.4032033681869507,0.42103174603174603,0.4507042253521127,native,sr_200,200.0,cnn_l,11
3,0.8271267414093018,0.4299603174603175,0.4507042253521127,native,sr_200,200.0,cnn_l,11
4,0.5579187273979187,0.41111111111111115,0.4225352112676056,native,sr_200,200.0,cnn_l,11
5,0.4223037660121918,0.41111111111111115,0.4225352112676056,native,sr_200,200.0,cnn_l,11
6,0.34224286675453186,0.43194444444444446,0.43661971830985913,native,sr_200,200.0,cnn_l,11
7,0.2879036068916321,0.43194444444444446,0.43661971830985913,native,sr_200,200.0,cnn_l,11
8,0.24855826795101166,0.43194444444444446,0.43661971830985913,native,sr_200,200.0,cnn_l,11
9,0.21929800510406494,0.43194444444444446,0.43661971830985913,native,sr_200,200.0,cnn_l,11
10,0.19687122106552124,0.4438492063492064,0.4507042253521127,native,sr_200,200.0,cnn_l,11
11,0.1789679229259491,0.4438492063492064,0.4507042253521127,native,sr_200,200.0,cnn_l,11
12,0.16416160762310028,0.43194444444444446,0.43661971830985913,native,sr_200,200.0,cnn_l,11
13,0.15167047083377838,0.43194444444444446,0.43661971830985913,native,sr_200,200.0,cnn_l,11
14,0.14104272425174713,0.43194444444444446,0.43661971830985913,native,sr_200,200.0,cnn_l,11
15,0.13194051384925842,0.43194444444444446,0.43661971830985913,native,sr_200,200.0,cnn_l,11
16,0.12404993176460266,0.4527777777777778,0.4507042253521127,native,sr_200,200.0,cnn_l,11
17,0.11707201600074768,0.46468253968253975,0.4647887323943662,native,sr_200,200.0,cnn_l,11
18,0.11074811965227127,0.46468253968253975,0.4647887323943662,native,sr_200,200.0,cnn_l,11
19,0.10488902777433395,0.46468253968253975,0.4647887323943662,native,sr_200,200.0,cnn_l,11
20,0.0993889644742012,0.46468253968253975,0.4647887323943662,native,sr_200,200.0,cnn_l,11
21,0.09421820193529129,0.4438492063492064,0.4507042253521127,native,sr_200,200.0,cnn_l,11
22,0.08939725160598755,0.4438492063492064,0.4507042253521127,native,sr_200,200.0,cnn_l,11
23,0.08496318757534027,0.4438492063492064,0.4507042253521127,native,sr_200,200.0,cnn_l,11
24,0.08093995600938797,0.4438492063492064,0.4507042253521127,native,sr_200,200.0,cnn_l,11
25,0.07732179760932922,0.4299603174603175,0.43661971830985913,native,sr_200,200.0,cnn_l,11
26,0.07407248765230179,0.4507936507936508,0.4507042253521127,native,sr_200,200.0,cnn_l,11
27,0.0711359977722168,0.4507936507936508,0.4507042253521127,native,sr_200,200.0,cnn_l,11
28,0.06845179945230484,0.4507936507936508,0.4507042253521127,native,sr_200,200.0,cnn_l,11
29,0.06596747785806656,0.4507936507936508,0.4507042253521127,native,sr_200,200.0,cnn_l,11
30,0.06364531069993973,0.4507936507936508,0.4507042253521127,native,sr_200,200.0,cnn_l,11
31,0.06146208569407463,0.4507936507936508,0.4507042253521127,native,sr_200,200.0,cnn_l,11
32,0.05940498411655426,0.4507936507936508,0.4507042253521127,native,sr_200,200.0,cnn_l,11
33,0.05746614560484886,0.4507936507936508,0.4507042253521127,native,sr_200,200.0,cnn_l,11
34,0.055638834834098816,0.4507936507936508,0.4507042253521127,native,sr_200,200.0,cnn_l,11
35,0.05391567572951317,0.43690476190476196,0.43661971830985913,native,sr_200,200.0,cnn_l,11
36,0.05228886008262634,0.43690476190476196,0.43661971830985913,native,sr_200,200.0,cnn_l,11
37,0.05075114220380783,0.43690476190476196,0.43661971830985913,native,sr_200,200.0,cnn_l,11
38,0.049296628683805466,0.43690476190476196,0.43661971830985913,native,sr_200,200.0,cnn_l,11
39,0.04792078956961632,0.43690476190476196,0.43661971830985913,native,sr_200,200.0,cnn_l,11
40,0.046619903296232224,0.43690476190476196,0.43661971830985913,native,sr_200,200.0,cnn_l,11
41,0.04539031907916069,0.43690476190476196,0.43661971830985913,native,sr_200,200.0,cnn_l,11
42,0.044227879494428635,0.43690476190476196,0.43661971830985913,native,sr_200,200.0,cnn_l,11
43,0.043127793818712234,0.43690476190476196,0.43661971830985913,native,sr_200,200.0,cnn_l,11
44,0.042085058987140656,0.4507936507936508,0.4507042253521127,native,sr_200,200.0,cnn_l,11
45,0.04109476879239082,0.4299603174603175,0.43661971830985913,native,sr_200,200.0,cnn_l,11
46,0.04015253856778145,0.4299603174603175,0.43661971830985913,native,sr_200,200.0,cnn_l,11
47,0.03925460949540138,0.4299603174603175,0.43661971830985913,native,sr_200,200.0,cnn_l,11
1,2.479358434677124,0.49662698412698414,0.5070422535211268,native,sr_64,64.0,cnn_l,11
2,1.0018335580825806,0.5462301587301588,0.5633802816901409,native,sr_64,64.0,cnn_l,11
3,0.3402283787727356,0.5442460317460317,0.5633802816901409,native,sr_64,64.0,cnn_l,11
4,0.12413077801465988,0.5442460317460317,0.5633802816901409,native,sr_64,64.0,cnn_l,11
5,0.054404161870479584,0.5442460317460317,0.5633802816901409,native,sr_64,64.0,cnn_l,11
6,0.028087357059121132,0.5303571428571429,0.5492957746478874,native,sr_64,64.0,cnn_l,11
7,0.016359055414795876,0.518452380952381,0.5352112676056338,native,sr_64,64.0,cnn_l,11
8,0.010413755662739277,0.518452380952381,0.5352112676056338,native,sr_64,64.0,cnn_l,11
9,0.007093124091625214,0.5303571428571429,0.5492957746478874,native,sr_64,64.0,cnn_l,11
10,0.005094777327030897,0.5303571428571429,0.5492957746478874,native,sr_64,64.0,cnn_l,11
11,0.0038191687781363726,0.5303571428571429,0.5492957746478874,native,sr_64,64.0,cnn_l,11
12,0.002965184161439538,0.5303571428571429,0.5492957746478874,native,sr_64,64.0,cnn_l,11
13,0.0023705640342086554,0.5303571428571429,0.5492957746478874,native,sr_64,64.0,cnn_l,11
14,0.001942765200510621,0.5303571428571429,0.5492957746478874,native,sr_64,64.0,cnn_l,11
15,0.0016262999270111322,0.5303571428571429,0.5492957746478874,native,sr_64,64.0,cnn_l,11
16,0.0013865511864423752,0.5303571428571429,0.5492957746478874,native,sr_64,64.0,cnn_l,11
17,0.001201167586259544,0.5303571428571429,0.5492957746478874,native,sr_64,64.0,cnn_l,11
18,0.0010552227031439543,0.5303571428571429,0.5492957746478874,native,sr_64,64.0,cnn_l,11
19,0.0009385129087604582,0.5303571428571429,0.5492957746478874,native,sr_64,64.0,cnn_l,11
20,0.0008438944933004677,0.5303571428571429,0.5492957746478874,native,sr_64,64.0,cnn_l,11
21,0.0007662277203053236,0.5303571428571429,0.5492957746478874,native,sr_64,64.0,cnn_l,11
22,0.0007017914904281497,0.5303571428571429,0.5492957746478874,native,sr_64,64.0,cnn_l,11
23,0.0006477957358583808,0.5303571428571429,0.5492957746478874,native,sr_64,64.0,cnn_l,11
24,0.0006021657609380782,0.5303571428571429,0.5492957746478874,native,sr_64,64.0,cnn_l,11
25,0.000563299166969955,0.5303571428571429,0.5492957746478874,native,sr_64,64.0,cnn_l,11
26,0.0005299526383168995,0.5303571428571429,0.5492957746478874,native,sr_64,64.0,cnn_l,11
27,0.000501170870848,0.5303571428571429,0.5492957746478874,native,sr_64,64.0,cnn_l,11
28,0.000476180954137817,0.5303571428571429,0.5492957746478874,native,sr_64,64.0,cnn_l,11
29,0.0004543635295704007,0.5303571428571429,0.5492957746478874,native,sr_64,64.0,cnn_l,11
30,0.00043522700434550643,0.5303571428571429,0.5492957746478874,native,sr_64,64.0,cnn_l,11
31,0.0004183663404546678,0.5303571428571429,0.5492957746478874,native,sr_64,64.0,cnn_l,11
32,0.00040345347952097654,0.5303571428571429,0.5492957746478874,native,sr_64,64.0,cnn_l,11
1,2.6314611434936523,0.12777777777777777,0.14084507042253522,native,sr_200,200.0,cnn_s,23
2,2.6004297733306885,0.12777777777777777,0.14084507042253522,native,sr_200,200.0,cnn_s,23
3,2.5725367069244385,0.10396825396825397,0.11267605633802817,native,sr_200,200.0,cnn_s,23
4,2.5474650859832764,0.10674603174603174,0.11267605633802817,native,sr_200,200.0,cnn_s,23
5,2.5248665809631348,0.10674603174603174,0.11267605633802817,native,sr_200,200.0,cnn_s,23
6,2.5044026374816895,0.12063492063492061,0.1267605633802817,native,sr_200,200.0,cnn_s,23
7,2.4857754707336426,0.10674603174603174,0.11267605633802817,native,sr_200,200.0,cnn_s,23
8,2.4687447547912598,0.13055555555555554,0.14084507042253522,native,sr_200,200.0,cnn_s,23
9,2.4531123638153076,0.14444444444444446,0.15492957746478872,native,sr_200,200.0,cnn_s,23
10,2.4387078285217285,0.14444444444444446,0.15492957746478872,native,sr_200,200.0,cnn_s,23
11,2.4253830909729004,0.14444444444444446,0.15492957746478872,native,sr_200,200.0,cnn_s,23
12,2.413010358810425,0.18015873015873016,0.19718309859154928,native,sr_200,200.0,cnn_s,23
13,2.401480197906494,0.18015873015873016,0.19718309859154928,native,sr_200,200.0,cnn_s,23
14,2.390695095062256,0.18015873015873016,0.19718309859154928,native,sr_200,200.0,cnn_s,23
15,2.380568027496338,0.18015873015873016,0.19718309859154928,native,sr_200,200.0,cnn_s,23
16,2.371016263961792,0.18015873015873016,0.19718309859154928,native,sr_200,200.0,cnn_s,23
17,2.361957311630249,0.18015873015873016,0.19718309859154928,native,sr_200,200.0,cnn_s,23
18,2.35330867767334,0.20793650793650795,0.22535211267605634,native,sr_200,200.0,cnn_s,23
19,2.3449878692626953,0.20793650793650795,0.22535211267605634,native,sr_200,200.0,cnn_s,23
20,2.336918354034424,0.20793650793650795,0.22535211267605634,native,sr_200,200.0,cnn_s,23
21,2.3290340900421143,0.20793650793650795,0.22535211267605634,native,sr_200,200.0,cnn_s,23
22,2.321284770965576,0.20793650793650795,0.22535211267605634,native,sr_200,200.0,cnn_s,23
23,2.313638687133789,0.20793650793650795,0.22535211267605634,native,sr_200,200.0,cnn_s,23
24,2.3060827255249023,0.19603174603174603,0.2112676056338028,native,sr_200,200.0,cnn_s,23
25,2.2986197471618652,0.19603174603174603,0.2112676056338028,native,sr_200,200.0,cnn_s,23
26,2.2912652492523193,0.19603174603174603,0.2112676056338028,native,sr_200,200.0,cnn_s,23
27,2.2840418815612793,0.17023809523809522,0.18309859154929578,native,sr_200,200.0,cnn_s,23
28,2.2769739627838135,0.1583333333333333,0.16901408450704225,native,sr_200,200.0,cnn_s,23
29,2.270084857940674,0.1583333333333333,0.16901408450704225,native,sr_200,200.0,cnn_s,23
30,2.2633917331695557,0.14642857142857138,0.15492957746478872,native,sr_200,200.0,cnn_s,23
31,2.256906747817993,0.14642857142857138,0.15492957746478872,native,sr_200,200.0,cnn_s,23
32,2.2506351470947266,0.13253968253968254,0.14084507042253522,native,sr_200,200.0,cnn_s,23
33,2.2445762157440186,0.13253968253968254,0.14084507042253522,native,sr_200,200.0,cnn_s,23
34,2.238724946975708,0.11587301587301586,0.1267605633802817,native,sr_200,200.0,cnn_s,23
35,2.2330729961395264,0.11587301587301586,0.1267605633802817,native,sr_200,200.0,cnn_s,23
36,2.227609634399414,0.11587301587301586,0.1267605633802817,native,sr_200,200.0,cnn_s,23
37,2.2223236560821533,0.10396825396825395,0.11267605633802817,native,sr_200,200.0,cnn_s,23
38,2.217203140258789,0.10396825396825395,0.11267605633802817,native,sr_200,200.0,cnn_s,23
39,2.212235927581787,0.10396825396825395,0.11267605633802817,native,sr_200,200.0,cnn_s,23
40,2.207411289215088,0.10396825396825395,0.11267605633802817,native,sr_200,200.0,cnn_s,23
41,2.202718734741211,0.10396825396825395,0.11267605633802817,native,sr_200,200.0,cnn_s,23
42,2.198148488998413,0.10396825396825395,0.11267605633802817,native,sr_200,200.0,cnn_s,23
43,2.1936914920806885,0.10396825396825395,0.11267605633802817,native,sr_200,200.0,cnn_s,23
44,2.1893410682678223,0.10595238095238092,0.11267605633802817,native,sr_200,200.0,cnn_s,23
45,2.1850900650024414,0.10595238095238092,0.11267605633802817,native,sr_200,200.0,cnn_s,23
46,2.180933952331543,0.10595238095238092,0.11267605633802817,native,sr_200,200.0,cnn_s,23
47,2.176867961883545,0.10595238095238092,0.11267605633802817,native,sr_200,200.0,cnn_s,23
48,2.1728899478912354,0.10595238095238092,0.11267605633802817,native,sr_200,200.0,cnn_s,23
1,2.6413824558258057,0.11309523809523808,0.1267605633802817,native,sr_64,64.0,cnn_s,23
2,2.6104958057403564,0.11111111111111112,0.1267605633802817,native,sr_64,64.0,cnn_s,23
3,2.5826704502105713,0.0992063492063492,0.11267605633802817,native,sr_64,64.0,cnn_s,23
4,2.5577077865600586,0.12003968253968254,0.1267605633802817,native,sr_64,64.0,cnn_s,23
5,2.5351805686950684,0.13869047619047617,0.14084507042253522,native,sr_64,64.0,cnn_s,23
6,2.5146772861480713,0.11091269841269841,0.11267605633802817,native,sr_64,64.0,cnn_s,23
7,2.495924472808838,0.11091269841269841,0.11267605633802817,native,sr_64,64.0,cnn_s,23
8,2.478710174560547,0.0990079365079365,0.09859154929577464,native,sr_64,64.0,cnn_s,23
9,2.4628407955169678,0.0990079365079365,0.09859154929577464,native,sr_64,64.0,cnn_s,23
10,2.4481422901153564,0.06626984126984127,0.07042253521126761,native,sr_64,64.0,cnn_s,23
11,2.434466600418091,0.06626984126984127,0.07042253521126761,native,sr_64,64.0,cnn_s,23
12,2.4216930866241455,0.07619047619047618,0.08450704225352113,native,sr_64,64.0,cnn_s,23
13,2.409721612930298,0.07619047619047618,0.08450704225352113,native,sr_64,64.0,cnn_s,23
14,2.398463487625122,0.10396825396825397,0.11267605633802817,native,sr_64,64.0,cnn_s,23
15,2.3878350257873535,0.08015873015873015,0.08450704225352113,native,sr_64,64.0,cnn_s,23
16,2.3777523040771484,0.09404761904761903,0.09859154929577464,native,sr_64,64.0,cnn_s,23
17,2.368131399154663,0.09404761904761903,0.09859154929577464,native,sr_64,64.0,cnn_s,23
18,2.358889579772949,0.1107142857142857,0.11267605633802817,native,sr_64,64.0,cnn_s,23
19,2.3499507904052734,0.1107142857142857,0.11267605633802817,native,sr_64,64.0,cnn_s,23
20,2.34125018119812,0.1107142857142857,0.11267605633802817,native,sr_64,64.0,cnn_s,23
21,2.332737922668457,0.13849206349206347,0.14084507042253522,native,sr_64,64.0,cnn_s,23
22,2.3243794441223145,0.13849206349206347,0.14084507042253522,native,sr_64,64.0,cnn_s,23
23,2.3161566257476807,0.13849206349206347,0.14084507042253522,native,sr_64,64.0,cnn_s,23
24,2.3080644607543945,0.15238095238095237,0.15492957746478872,native,sr_64,64.0,cnn_s,23
25,2.30010724067688,0.17321428571428568,0.16901408450704225,native,sr_64,64.0,cnn_s,23
26,2.292297124862671,0.1851190476190476,0.18309859154929578,native,sr_64,64.0,cnn_s,23
27,2.2846479415893555,0.1851190476190476,0.18309859154929578,native,sr_64,64.0,cnn_s,23
28,2.277174711227417,0.1851190476190476,0.18309859154929578,native,sr_64,64.0,cnn_s,23
29,2.2698898315429688,0.1851190476190476,0.18309859154929578,native,sr_64,64.0,cnn_s,23
30,2.262802839279175,0.1851190476190476,0.18309859154929578,native,sr_64,64.0,cnn_s,23
31,2.2559192180633545,0.1851190476190476,0.18309859154929578,native,sr_64,64.0,cnn_s,23
32,2.2492408752441406,0.1851190476190476,0.18309859154929578,native,sr_64,64.0,cnn_s,23
33,2.2427666187286377,0.17321428571428568,0.16901408450704225,native,sr_64,64.0,cnn_s,23
34,2.2364912033081055,0.17321428571428568,0.16901408450704225,native,sr_64,64.0,cnn_s,23
35,2.2304084300994873,0.17321428571428568,0.16901408450704225,native,sr_64,64.0,cnn_s,23
36,2.2245101928710938,0.15654761904761902,0.15492957746478872,native,sr_64,64.0,cnn_s,23
37,2.2187881469726562,0.14464285714285713,0.14084507042253522,native,sr_64,64.0,cnn_s,23
38,2.2132341861724854,0.14464285714285713,0.14084507042253522,native,sr_64,64.0,cnn_s,23
39,2.2078394889831543,0.14464285714285713,0.14084507042253522,native,sr_64,64.0,cnn_s,23
40,2.2025952339172363,0.14464285714285713,0.14084507042253522,native,sr_64,64.0,cnn_s,23
41,2.1974923610687256,0.14464285714285713,0.14084507042253522,native,sr_64,64.0,cnn_s,23
42,2.1925220489501953,0.14464285714285713,0.14084507042253522,native,sr_64,64.0,cnn_s,23
43,2.1876747608184814,0.14464285714285713,0.14084507042253522,native,sr_64,64.0,cnn_s,23
44,2.182941198348999,0.14464285714285713,0.14084507042253522,native,sr_64,64.0,cnn_s,23
45,2.178314208984375,0.14464285714285713,0.14084507042253522,native,sr_64,64.0,cnn_s,23
46,2.17378568649292,0.14464285714285713,0.14084507042253522,native,sr_64,64.0,cnn_s,23
47,2.1693506240844727,0.14464285714285713,0.14084507042253522,native,sr_64,64.0,cnn_s,23
48,2.165005683898926,0.14464285714285713,0.14084507042253522,native,sr_64,64.0,cnn_s,23
49,2.160748243331909,0.14464285714285713,0.14084507042253522,native,sr_64,64.0,cnn_s,23
50,2.1565780639648438,0.158531746031746,0.15492957746478872,native,sr_64,64.0,cnn_s,23
51,2.1524949073791504,0.158531746031746,0.15492957746478872,native,sr_64,64.0,cnn_s,23
52,2.1484992504119873,0.1724206349206349,0.16901408450704225,native,sr_64,64.0,cnn_s,23
53,2.1445906162261963,0.1724206349206349,0.16901408450704225,native,sr_64,64.0,cnn_s,23
54,2.1407690048217773,0.1724206349206349,0.16901408450704225,native,sr_64,64.0,cnn_s,23
55,2.1370325088500977,0.1724206349206349,0.16901408450704225,native,sr_64,64.0,cnn_s,23
56,2.1333792209625244,0.1724206349206349,0.16901408450704225,native,sr_64,64.0,cnn_s,23
1,2.576508045196533,0.03968253968253968,0.04225352112676056,native,sr_200,200.0,cnn_m,23
2,2.4292798042297363,0.060515873015873,0.056338028169014086,native,sr_200,200.0,cnn_m,23
3,2.3293330669403076,0.0724206349206349,0.07042253521126761,native,sr_200,200.0,cnn_m,23
4,2.258115530014038,0.05158730158730159,0.056338028169014086,native,sr_200,200.0,cnn_m,23
5,2.1989309787750244,0.07738095238095237,0.08450704225352113,native,sr_200,200.0,cnn_m,23
6,2.141387701034546,0.09126984126984126,0.09859154929577464,native,sr_200,200.0,cnn_m,23
7,2.0860092639923096,0.10317460317460318,0.11267605633802817,native,sr_200,200.0,cnn_m,23
8,2.0362765789031982,0.12896825396825395,0.14084507042253522,native,sr_200,200.0,cnn_m,23
9,1.9939128160476685,0.15476190476190474,0.16901408450704225,native,sr_200,200.0,cnn_m,23
10,1.9577418565750122,0.17857142857142858,0.19718309859154928,native,sr_200,200.0,cnn_m,23
11,1.9256906509399414,0.17857142857142858,0.19718309859154928,native,sr_200,200.0,cnn_m,23
12,1.8967400789260864,0.16666666666666663,0.18309859154929578,native,sr_200,200.0,cnn_m,23
13,1.8705369234085083,0.19246031746031744,0.2112676056338028,native,sr_200,200.0,cnn_m,23
14,1.8466075658798218,0.17857142857142858,0.19718309859154928,native,sr_200,200.0,cnn_m,23
15,1.8242173194885254,0.17857142857142858,0.19718309859154928,native,sr_200,200.0,cnn_m,23
16,1.802634835243225,0.20912698412698413,0.22535211267605634,native,sr_200,200.0,cnn_m,23
17,1.7814359664916992,0.20912698412698413,0.22535211267605634,native,sr_200,200.0,cnn_m,23
18,1.7606362104415894,0.2063492063492063,0.22535211267605634,native,sr_200,200.0,cnn_m,23
19,1.7405922412872314,0.2063492063492063,0.22535211267605634,native,sr_200,200.0,cnn_m,23
20,1.7216668128967285,0.19246031746031744,0.2112676056338028,native,sr_200,200.0,cnn_m,23
21,1.703924298286438,0.19246031746031744,0.2112676056338028,native,sr_200,200.0,cnn_m,23
22,1.6871744394302368,0.20436507936507933,0.22535211267605634,native,sr_200,200.0,cnn_m,23
23,1.67122220993042,0.20436507936507933,0.22535211267605634,native,sr_200,200.0,cnn_m,23
24,1.6559576988220215,0.21626984126984125,0.23943661971830985,native,sr_200,200.0,cnn_m,23
25,1.6412761211395264,0.19047619047619047,0.2112676056338028,native,sr_200,200.0,cnn_m,23
26,1.6270331144332886,0.20436507936507933,0.22535211267605634,native,sr_200,200.0,cnn_m,23
27,1.6131190061569214,0.20436507936507933,0.22535211267605634,native,sr_200,200.0,cnn_m,23
28,1.599557638168335,0.20436507936507933,0.22535211267605634,native,sr_200,200.0,cnn_m,23
29,1.5864996910095215,0.21626984126984125,0.23943661971830985,native,sr_200,200.0,cnn_m,23
30,1.5740886926651,0.21626984126984125,0.23943661971830985,native,sr_200,200.0,cnn_m,23
31,1.5623289346694946,0.21626984126984125,0.23943661971830985,native,sr_200,200.0,cnn_m,23
32,1.551072597503662,0.21626984126984125,0.23943661971830985,native,sr_200,200.0,cnn_m,23
33,1.5401328802108765,0.21626984126984125,0.23943661971830985,native,sr_200,200.0,cnn_m,23
34,1.5293852090835571,0.23015873015873015,0.2535211267605634,native,sr_200,200.0,cnn_m,23
35,1.5187835693359375,0.24404761904761904,0.2676056338028169,native,sr_200,200.0,cnn_m,23
36,1.5083454847335815,0.24404761904761904,0.2676056338028169,native,sr_200,200.0,cnn_m,23
37,1.4981435537338257,0.24404761904761904,0.2676056338028169,native,sr_200,200.0,cnn_m,23
38,1.4882619380950928,0.24404761904761904,0.2676056338028169,native,sr_200,200.0,cnn_m,23
39,1.478723406791687,0.24404761904761904,0.2676056338028169,native,sr_200,200.0,cnn_m,23
40,1.4694721698760986,0.24404761904761904,0.2676056338028169,native,sr_200,200.0,cnn_m,23
41,1.4604278802871704,0.2579365079365079,0.28169014084507044,native,sr_200,200.0,cnn_m,23
42,1.4515446424484253,0.2579365079365079,0.28169014084507044,native,sr_200,200.0,cnn_m,23
43,1.4428153038024902,0.2579365079365079,0.28169014084507044,native,sr_200,200.0,cnn_m,23
44,1.4342437982559204,0.2787698412698412,0.29577464788732394,native,sr_200,200.0,cnn_m,23
45,1.4258396625518799,0.29543650793650794,0.30985915492957744,native,sr_200,200.0,cnn_m,23
46,1.4176307916641235,0.29543650793650794,0.30985915492957744,native,sr_200,200.0,cnn_m,23
47,1.4096488952636719,0.29543650793650794,0.30985915492957744,native,sr_200,200.0,cnn_m,23
48,1.4018930196762085,0.29543650793650794,0.30985915492957744,native,sr_200,200.0,cnn_m,23
49,1.3943166732788086,0.31210317460317455,0.323943661971831,native,sr_200,200.0,cnn_m,23
50,1.3868671655654907,0.3329365079365079,0.3380281690140845,native,sr_200,200.0,cnn_m,23
51,1.3795280456542969,0.3329365079365079,0.3380281690140845,native,sr_200,200.0,cnn_m,23
52,1.3723186254501343,0.3329365079365079,0.3380281690140845,native,sr_200,200.0,cnn_m,23
53,1.3652616739273071,0.3329365079365079,0.3380281690140845,native,sr_200,200.0,cnn_m,23
54,1.3583581447601318,0.34682539682539676,0.352112676056338,native,sr_200,200.0,cnn_m,23
55,1.3515926599502563,0.3259920634920635,0.3380281690140845,native,sr_200,200.0,cnn_m,23
56,1.344951868057251,0.3259920634920635,0.3380281690140845,native,sr_200,200.0,cnn_m,23
57,1.338430404663086,0.3259920634920635,0.3380281690140845,native,sr_200,200.0,cnn_m,23
58,1.332025170326233,0.3259920634920635,0.3380281690140845,native,sr_200,200.0,cnn_m,23
59,1.325730323791504,0.3259920634920635,0.3380281690140845,native,sr_200,200.0,cnn_m,23
60,1.319541096687317,0.3259920634920635,0.3380281690140845,native,sr_200,200.0,cnn_m,23
61,1.3134571313858032,0.3259920634920635,0.3380281690140845,native,sr_200,200.0,cnn_m,23
62,1.3074809312820435,0.3259920634920635,0.3380281690140845,native,sr_200,200.0,cnn_m,23
63,1.301613450050354,0.3259920634920635,0.3380281690140845,native,sr_200,200.0,cnn_m,23
64,1.2958502769470215,0.3259920634920635,0.3380281690140845,native,sr_200,200.0,cnn_m,23
65,1.290183424949646,0.3259920634920635,0.3380281690140845,native,sr_200,200.0,cnn_m,23
66,1.2846039533615112,0.31210317460317455,0.323943661971831,native,sr_200,200.0,cnn_m,23
67,1.279106855392456,0.31210317460317455,0.323943661971831,native,sr_200,200.0,cnn_m,23
68,1.2736928462982178,0.31210317460317455,0.323943661971831,native,sr_200,200.0,cnn_m,23
69,1.2683645486831665,0.31210317460317455,0.323943661971831,native,sr_200,200.0,cnn_m,23
70,1.2631196975708008,0.31210317460317455,0.323943661971831,native,sr_200,200.0,cnn_m,23
71,1.2579541206359863,0.31210317460317455,0.323943661971831,native,sr_200,200.0,cnn_m,23
72,1.2528648376464844,0.31210317460317455,0.323943661971831,native,sr_200,200.0,cnn_m,23
73,1.2478516101837158,0.31210317460317455,0.323943661971831,native,sr_200,200.0,cnn_m,23
74,1.2429134845733643,0.31210317460317455,0.323943661971831,native,sr_200,200.0,cnn_m,23
75,1.2380473613739014,0.319047619047619,0.323943661971831,native,sr_200,200.0,cnn_m,23
76,1.233250379562378,0.319047619047619,0.323943661971831,native,sr_200,200.0,cnn_m,23
77,1.2285215854644775,0.319047619047619,0.323943661971831,native,sr_200,200.0,cnn_m,23
78,1.2238608598709106,0.319047619047619,0.323943661971831,native,sr_200,200.0,cnn_m,23
79,1.2192662954330444,0.319047619047619,0.323943661971831,native,sr_200,200.0,cnn_m,23
80,1.2147351503372192,0.3329365079365079,0.3380281690140845,native,sr_200,200.0,cnn_m,23
81,1.210265040397644,0.3329365079365079,0.3380281690140845,native,sr_200,200.0,cnn_m,23
82,1.2058541774749756,0.3329365079365079,0.3380281690140845,native,sr_200,200.0,cnn_m,23
83,1.201501727104187,0.3329365079365079,0.3380281690140845,native,sr_200,200.0,cnn_m,23
84,1.1972068548202515,0.3329365079365079,0.3380281690140845,native,sr_200,200.0,cnn_m,23
1,2.6002047061920166,0.060515873015873016,0.056338028169014086,native,sr_64,64.0,cnn_m,23
2,2.4488413333892822,0.058531746031746025,0.056338028169014086,native,sr_64,64.0,cnn_m,23
3,2.3459932804107666,0.1128968253968254,0.11267605633802817,native,sr_64,64.0,cnn_m,23
4,2.277386426925659,0.1615079365079365,0.15492957746478872,native,sr_64,64.0,cnn_m,23
5,2.2224807739257812,0.19226190476190474,0.19718309859154928,native,sr_64,64.0,cnn_m,23
6,2.1662373542785645,0.23194444444444443,0.23943661971830985,native,sr_64,64.0,cnn_m,23
7,2.1078622341156006,0.22003968253968254,0.22535211267605634,native,sr_64,64.0,cnn_m,23
8,2.0518457889556885,0.2339285714285714,0.23943661971830985,native,sr_64,64.0,cnn_m,23
9,2.002014398574829,0.23194444444444443,0.23943661971830985,native,sr_64,64.0,cnn_m,23
10,1.9585050344467163,0.24384920634920634,0.2535211267605634,native,sr_64,64.0,cnn_m,23
11,1.919087290763855,0.22996031746031745,0.23943661971830985,native,sr_64,64.0,cnn_m,23
12,1.8824231624603271,0.2466269841269841,0.2535211267605634,native,sr_64,64.0,cnn_m,23
13,1.8485027551651,0.2466269841269841,0.2535211267605634,native,sr_64,64.0,cnn_m,23
14,1.8175290822982788,0.2466269841269841,0.2535211267605634,native,sr_64,64.0,cnn_m,23
15,1.7890679836273193,0.260515873015873,0.2676056338028169,native,sr_64,64.0,cnn_m,23
16,1.7620924711227417,0.260515873015873,0.2676056338028169,native,sr_64,64.0,cnn_m,23
17,1.7356877326965332,0.260515873015873,0.2676056338028169,native,sr_64,64.0,cnn_m,23
18,1.709564208984375,0.2744047619047619,0.28169014084507044,native,sr_64,64.0,cnn_m,23
19,1.6839885711669922,0.2744047619047619,0.28169014084507044,native,sr_64,64.0,cnn_m,23
20,1.6594054698944092,0.28829365079365077,0.29577464788732394,native,sr_64,64.0,cnn_m,23
21,1.6360936164855957,0.28829365079365077,0.29577464788732394,native,sr_64,64.0,cnn_m,23
22,1.6140483617782593,0.2952380952380952,0.29577464788732394,native,sr_64,64.0,cnn_m,23
23,1.5931012630462646,0.319047619047619,0.323943661971831,native,sr_64,64.0,cnn_m,23
24,1.5730857849121094,0.33095238095238094,0.3380281690140845,native,sr_64,64.0,cnn_m,23
25,1.5538870096206665,0.33095238095238094,0.3380281690140845,native,sr_64,64.0,cnn_m,23
26,1.5354171991348267,0.33095238095238094,0.3380281690140845,native,sr_64,64.0,cnn_m,23
27,1.5176067352294922,0.33095238095238094,0.3380281690140845,native,sr_64,64.0,cnn_m,23
28,1.5003982782363892,0.33095238095238094,0.3380281690140845,native,sr_64,64.0,cnn_m,23
29,1.483727216720581,0.33095238095238094,0.3380281690140845,native,sr_64,64.0,cnn_m,23
30,1.467520833015442,0.33095238095238094,0.3380281690140845,native,sr_64,64.0,cnn_m,23
31,1.4517523050308228,0.33095238095238094,0.3380281690140845,native,sr_64,64.0,cnn_m,23
32,1.436482310295105,0.33095238095238094,0.3380281690140845,native,sr_64,64.0,cnn_m,23
33,1.42181396484375,0.33095238095238094,0.3380281690140845,native,sr_64,64.0,cnn_m,23
34,1.4077974557876587,0.33095238095238094,0.3380281690140845,native,sr_64,64.0,cnn_m,23
35,1.3943740129470825,0.34761904761904755,0.352112676056338,native,sr_64,64.0,cnn_m,23
36,1.381407380104065,0.3428571428571428,0.352112676056338,native,sr_64,64.0,cnn_m,23
37,1.3687572479248047,0.3428571428571428,0.352112676056338,native,sr_64,64.0,cnn_m,23
38,1.356347918510437,0.3547619047619048,0.36619718309859156,native,sr_64,64.0,cnn_m,23
39,1.3441956043243408,0.3547619047619048,0.36619718309859156,native,sr_64,64.0,cnn_m,23
40,1.3323804140090942,0.3547619047619048,0.36619718309859156,native,sr_64,64.0,cnn_m,23
41,1.3209774494171143,0.3428571428571428,0.352112676056338,native,sr_64,64.0,cnn_m,23
42,1.3099981546401978,0.3428571428571428,0.352112676056338,native,sr_64,64.0,cnn_m,23
43,1.2993886470794678,0.3428571428571428,0.352112676056338,native,sr_64,64.0,cnn_m,23
44,1.2890714406967163,0.3428571428571428,0.352112676056338,native,sr_64,64.0,cnn_m,23
45,1.2789894342422485,0.3428571428571428,0.352112676056338,native,sr_64,64.0,cnn_m,23
46,1.2691211700439453,0.3428571428571428,0.352112676056338,native,sr_64,64.0,cnn_m,23
47,1.2594698667526245,0.32896825396825397,0.3380281690140845,native,sr_64,64.0,cnn_m,23
48,1.2500444650650024,0.32896825396825397,0.3380281690140845,native,sr_64,64.0,cnn_m,23
49,1.2408511638641357,0.32896825396825397,0.3380281690140845,native,sr_64,64.0,cnn_m,23
50,1.2318930625915527,0.3408730158730158,0.352112676056338,native,sr_64,64.0,cnn_m,23
51,1.2231700420379639,0.3408730158730158,0.352112676056338,native,sr_64,64.0,cnn_m,23
52,1.2146764993667603,0.3408730158730158,0.352112676056338,native,sr_64,64.0,cnn_m,23
53,1.2063971757888794,0.3408730158730158,0.352112676056338,native,sr_64,64.0,cnn_m,23
54,1.1983050107955933,0.3408730158730158,0.352112676056338,native,sr_64,64.0,cnn_m,23
55,1.1903727054595947,0.3408730158730158,0.352112676056338,native,sr_64,64.0,cnn_m,23
56,1.1825878620147705,0.3408730158730158,0.352112676056338,native,sr_64,64.0,cnn_m,23
57,1.1749602556228638,0.3408730158730158,0.352112676056338,native,sr_64,64.0,cnn_m,23
58,1.1675082445144653,0.3408730158730158,0.352112676056338,native,sr_64,64.0,cnn_m,23
59,1.1602383852005005,0.3408730158730158,0.352112676056338,native,sr_64,64.0,cnn_m,23
60,1.1531362533569336,0.3408730158730158,0.352112676056338,native,sr_64,64.0,cnn_m,23
61,1.146178126335144,0.3408730158730158,0.352112676056338,native,sr_64,64.0,cnn_m,23
62,1.139345645904541,0.3408730158730158,0.352112676056338,native,sr_64,64.0,cnn_m,23
63,1.1326346397399902,0.3408730158730158,0.352112676056338,native,sr_64,64.0,cnn_m,23
64,1.1260480880737305,0.3408730158730158,0.352112676056338,native,sr_64,64.0,cnn_m,23
65,1.1195876598358154,0.3408730158730158,0.352112676056338,native,sr_64,64.0,cnn_m,23
66,1.11325204372406,0.3408730158730158,0.352112676056338,native,sr_64,64.0,cnn_m,23
67,1.1070364713668823,0.3408730158730158,0.352112676056338,native,sr_64,64.0,cnn_m,23
68,1.1009364128112793,0.3408730158730158,0.352112676056338,native,sr_64,64.0,cnn_m,23
1,2.783881902694702,0.30198412698412697,0.323943661971831,native,sr_200,200.0,cnn_l,23
2,1.484684705734253,0.36547619047619045,0.39436619718309857,native,sr_200,200.0,cnn_l,23
3,0.8407150506973267,0.3744047619047619,0.39436619718309857,native,sr_200,200.0,cnn_l,23
4,0.5459556579589844,0.39325396825396824,0.4084507042253521,native,sr_200,200.0,cnn_l,23
5,0.39831945300102234,0.39325396825396824,0.4084507042253521,native,sr_200,200.0,cnn_l,23
6,0.31211283802986145,0.39325396825396824,0.4084507042253521,native,sr_200,200.0,cnn_l,23
7,0.25605493783950806,0.39325396825396824,0.4084507042253521,native,sr_200,200.0,cnn_l,23
8,0.2169014811515808,0.4071428571428572,0.4225352112676056,native,sr_200,200.0,cnn_l,23
9,0.18802373111248016,0.39523809523809533,0.4084507042253521,native,sr_200,200.0,cnn_l,23
10,0.16580452024936676,0.39523809523809533,0.4084507042253521,native,sr_200,200.0,cnn_l,23
11,0.14814427495002747,0.4091269841269842,0.4225352112676056,native,sr_200,200.0,cnn_l,23
12,0.13374526798725128,0.4091269841269842,0.4225352112676056,native,sr_200,200.0,cnn_l,23
13,0.12174985557794571,0.42301587301587307,0.43661971830985913,native,sr_200,200.0,cnn_l,23
14,0.11156181246042252,0.42301587301587307,0.43661971830985913,native,sr_200,200.0,cnn_l,23
15,0.10276519507169724,0.42301587301587307,0.43661971830985913,native,sr_200,200.0,cnn_l,23
16,0.09507586807012558,0.42301587301587307,0.43661971830985913,native,sr_200,200.0,cnn_l,23
17,0.08830048143863678,0.42301587301587307,0.43661971830985913,native,sr_200,200.0,cnn_l,23
18,0.08230302482843399,0.4091269841269842,0.4225352112676056,native,sr_200,200.0,cnn_l,23
19,0.0769818127155304,0.4299603174603175,0.43661971830985913,native,sr_200,200.0,cnn_l,23
20,0.07225605100393295,0.4299603174603175,0.43661971830985913,native,sr_200,200.0,cnn_l,23
21,0.06805869936943054,0.4299603174603175,0.43661971830985913,native,sr_200,200.0,cnn_l,23
22,0.06433164328336716,0.4299603174603175,0.43661971830985913,native,sr_200,200.0,cnn_l,23
23,0.061021845787763596,0.4299603174603175,0.43661971830985913,native,sr_200,200.0,cnn_l,23
24,0.05807816982269287,0.4299603174603175,0.43661971830985913,native,sr_200,200.0,cnn_l,23
25,0.05544973164796829,0.4299603174603175,0.43661971830985913,native,sr_200,200.0,cnn_l,23
26,0.05308647081255913,0.4299603174603175,0.43661971830985913,native,sr_200,200.0,cnn_l,23
27,0.050941117107868195,0.4299603174603175,0.43661971830985913,native,sr_200,200.0,cnn_l,23
28,0.04897192865610123,0.4299603174603175,0.43661971830985913,native,sr_200,200.0,cnn_l,23
29,0.047144703567028046,0.4299603174603175,0.43661971830985913,native,sr_200,200.0,cnn_l,23
30,0.045433592051267624,0.4299603174603175,0.43661971830985913,native,sr_200,200.0,cnn_l,23
31,0.04382064566016197,0.4299603174603175,0.43661971830985913,native,sr_200,200.0,cnn_l,23
32,0.04229440167546272,0.4299603174603175,0.43661971830985913,native,sr_200,200.0,cnn_l,23
33,0.040848128497600555,0.4299603174603175,0.43661971830985913,native,sr_200,200.0,cnn_l,23
34,0.03947797045111656,0.4438492063492064,0.4507042253521127,native,sr_200,200.0,cnn_l,23
35,0.038181670010089874,0.4438492063492064,0.4507042253521127,native,sr_200,200.0,cnn_l,23
36,0.0369575209915638,0.4438492063492064,0.4507042253521127,native,sr_200,200.0,cnn_l,23
37,0.035803720355033875,0.4438492063492064,0.4507042253521127,native,sr_200,200.0,cnn_l,23
38,0.03471805527806282,0.4438492063492064,0.4507042253521127,native,sr_200,200.0,cnn_l,23
39,0.03369764983654022,0.4438492063492064,0.4507042253521127,native,sr_200,200.0,cnn_l,23
40,0.032738979905843735,0.4438492063492064,0.4507042253521127,native,sr_200,200.0,cnn_l,23
41,0.03183792531490326,0.4438492063492064,0.4507042253521127,native,sr_200,200.0,cnn_l,23
42,0.030989976599812508,0.4438492063492064,0.4507042253521127,native,sr_200,200.0,cnn_l,23
43,0.030190477147698402,0.4438492063492064,0.4507042253521127,native,sr_200,200.0,cnn_l,23
44,0.02943495288491249,0.4438492063492064,0.4507042253521127,native,sr_200,200.0,cnn_l,23
45,0.02871931530535221,0.4438492063492064,0.4507042253521127,native,sr_200,200.0,cnn_l,23
46,0.028040023520588875,0.4438492063492064,0.4507042253521127,native,sr_200,200.0,cnn_l,23
47,0.027394138276576996,0.4438492063492064,0.4507042253521127,native,sr_200,200.0,cnn_l,23
48,0.02677934803068638,0.4438492063492064,0.4507042253521127,native,sr_200,200.0,cnn_l,23
49,0.026193814352154732,0.4438492063492064,0.4507042253521127,native,sr_200,200.0,cnn_l,23
50,0.02563604526221752,0.4438492063492064,0.4507042253521127,native,sr_200,200.0,cnn_l,23
51,0.02510472759604454,0.4438492063492064,0.4507042253521127,native,sr_200,200.0,cnn_l,23
52,0.024598639458417892,0.4438492063492064,0.4507042253521127,native,sr_200,200.0,cnn_l,23
53,0.024116499349474907,0.4438492063492064,0.4507042253521127,native,sr_200,200.0,cnn_l,23
54,0.023656953126192093,0.4438492063492064,0.4507042253521127,native,sr_200,200.0,cnn_l,23
55,0.02321855165064335,0.4438492063492064,0.4507042253521127,native,sr_200,200.0,cnn_l,23
56,0.022799788042902946,0.4438492063492064,0.4507042253521127,native,sr_200,200.0,cnn_l,23
57,0.022399170324206352,0.4438492063492064,0.4507042253521127,native,sr_200,200.0,cnn_l,23
58,0.022015254944562912,0.4438492063492064,0.4507042253521127,native,sr_200,200.0,cnn_l,23
59,0.02164672315120697,0.4438492063492064,0.4507042253521127,native,sr_200,200.0,cnn_l,23
60,0.021292390301823616,0.4438492063492064,0.4507042253521127,native,sr_200,200.0,cnn_l,23
61,0.02095119282603264,0.4438492063492064,0.4507042253521127,native,sr_200,200.0,cnn_l,23
62,0.020622247830033302,0.4438492063492064,0.4507042253521127,native,sr_200,200.0,cnn_l,23
63,0.020304769277572632,0.4438492063492064,0.4507042253521127,native,sr_200,200.0,cnn_l,23
64,0.019998056814074516,0.4438492063492064,0.4507042253521127,native,sr_200,200.0,cnn_l,23
1,2.848498821258545,0.44563492063492066,0.43661971830985913,native,sr_64,64.0,cnn_l,23
2,1.2189022302627563,0.4686507936507936,0.4647887323943662,native,sr_64,64.0,cnn_l,23
3,0.39468857645988464,0.5430555555555555,0.5352112676056338,native,sr_64,64.0,cnn_l,23
4,0.12837889790534973,0.548015873015873,0.5492957746478874,native,sr_64,64.0,cnn_l,23
5,0.049890387803316116,0.5361111111111111,0.5352112676056338,native,sr_64,64.0,cnn_l,23
6,0.02314055524766445,0.5361111111111111,0.5352112676056338,native,sr_64,64.0,cnn_l,23
7,0.0123330969363451,0.55,0.5492957746478874,native,sr_64,64.0,cnn_l,23
8,0.007304518483579159,0.5619047619047619,0.5633802816901409,native,sr_64,64.0,cnn_l,23
9,0.004690027330070734,0.5619047619047619,0.5633802816901409,native,sr_64,64.0,cnn_l,23
10,0.0032068046275526285,0.5619047619047619,0.5633802816901409,native,sr_64,64.0,cnn_l,23
11,0.002304977271705866,0.5757936507936509,0.5774647887323944,native,sr_64,64.0,cnn_l,23
12,0.0017252019606530666,0.5757936507936509,0.5774647887323944,native,sr_64,64.0,cnn_l,23
13,0.0013351028319448233,0.5757936507936509,0.5774647887323944,native,sr_64,64.0,cnn_l,23
14,0.0010625426657497883,0.5757936507936509,0.5774647887323944,native,sr_64,64.0,cnn_l,23
15,0.0008660154999233782,0.5757936507936509,0.5774647887323944,native,sr_64,64.0,cnn_l,23
16,0.0007204582798294723,0.5757936507936509,0.5774647887323944,native,sr_64,64.0,cnn_l,23
17,0.0006101576727814972,0.5757936507936509,0.5774647887323944,native,sr_64,64.0,cnn_l,23
18,0.0005249056266620755,0.5757936507936509,0.5774647887323944,native,sr_64,64.0,cnn_l,23
19,0.00045787799172103405,0.5757936507936509,0.5774647887323944,native,sr_64,64.0,cnn_l,23
20,0.00040435994742438197,0.5757936507936509,0.5774647887323944,native,sr_64,64.0,cnn_l,23
21,0.00036107480991631746,0.5757936507936509,0.5774647887323944,native,sr_64,64.0,cnn_l,23
22,0.00032562989508733153,0.5757936507936509,0.5774647887323944,native,sr_64,64.0,cnn_l,23
23,0.00029630589415319264,0.5757936507936509,0.5774647887323944,native,sr_64,64.0,cnn_l,23
24,0.00027180465986020863,0.5757936507936509,0.5774647887323944,native,sr_64,64.0,cnn_l,23
25,0.0002511658822186291,0.5757936507936509,0.5774647887323944,native,sr_64,64.0,cnn_l,23
26,0.00023364793742075562,0.5757936507936509,0.5774647887323944,native,sr_64,64.0,cnn_l,23
27,0.00021868079784326255,0.5757936507936509,0.5774647887323944,native,sr_64,64.0,cnn_l,23
28,0.00020580162527039647,0.5757936507936509,0.5774647887323944,native,sr_64,64.0,cnn_l,23
29,0.0001946547272382304,0.5757936507936509,0.5774647887323944,native,sr_64,64.0,cnn_l,23
30,0.00018496614939067513,0.5757936507936509,0.5774647887323944,native,sr_64,64.0,cnn_l,23
31,0.00017649495566729456,0.5757936507936509,0.5774647887323944,native,sr_64,64.0,cnn_l,23
32,0.0001690587669145316,0.5757936507936509,0.5774647887323944,native,sr_64,64.0,cnn_l,23
33,0.0001625074801268056,0.5757936507936509,0.5774647887323944,native,sr_64,64.0,cnn_l,23
34,0.0001567092986078933,0.5757936507936509,0.5774647887323944,native,sr_64,64.0,cnn_l,23
35,0.00015155706205405295,0.5757936507936509,0.5774647887323944,native,sr_64,64.0,cnn_l,23
36,0.00014698071754537523,0.5757936507936509,0.5774647887323944,native,sr_64,64.0,cnn_l,23
37,0.00014288598322309554,0.5757936507936509,0.5774647887323944,native,sr_64,64.0,cnn_l,23
38,0.00013922559446655214,0.5757936507936509,0.5774647887323944,native,sr_64,64.0,cnn_l,23
39,0.00013593831681646407,0.5757936507936509,0.5774647887323944,native,sr_64,64.0,cnn_l,23
40,0.00013297083205543458,0.5757936507936509,0.5774647887323944,native,sr_64,64.0,cnn_l,23
41,0.00013030413538217545,0.5757936507936509,0.5774647887323944,native,sr_64,64.0,cnn_l,23
1,2.6400952339172363,0.027777777777777776,0.028169014084507043,native,sr_200,200.0,cnn_s,37
2,2.606956720352173,0.041666666666666664,0.04225352112676056,native,sr_200,200.0,cnn_s,37
3,2.5766093730926514,0.041666666666666664,0.04225352112676056,native,sr_200,200.0,cnn_s,37
4,2.5490407943725586,0.05158730158730159,0.056338028169014086,native,sr_200,200.0,cnn_s,37
5,2.5241761207580566,0.05158730158730159,0.056338028169014086,native,sr_200,200.0,cnn_s,37
6,2.501852512359619,0.07738095238095237,0.08450704225352113,native,sr_200,200.0,cnn_s,37
7,2.4818012714385986,0.09126984126984128,0.09859154929577464,native,sr_200,200.0,cnn_s,37
8,2.4636967182159424,0.06349206349206349,0.07042253521126761,native,sr_200,200.0,cnn_s,37
9,2.447244644165039,0.0496031746031746,0.056338028169014086,native,sr_200,200.0,cnn_s,37
10,2.4322266578674316,0.03571428571428571,0.04225352112676056,native,sr_200,200.0,cnn_s,37
11,2.4184889793395996,0.0496031746031746,0.056338028169014086,native,sr_200,200.0,cnn_s,37
12,2.405924081802368,0.06349206349206349,0.07042253521126761,native,sr_200,200.0,cnn_s,37
13,2.394447088241577,0.06349206349206349,0.07042253521126761,native,sr_200,200.0,cnn_s,37
14,2.3839826583862305,0.07738095238095237,0.08450704225352113,native,sr_200,200.0,cnn_s,37
15,2.3744568824768066,0.08928571428571426,0.09859154929577464,native,sr_200,200.0,cnn_s,37
16,2.365788459777832,0.08928571428571426,0.09859154929577464,native,sr_200,200.0,cnn_s,37
17,2.357891798019409,0.10119047619047618,0.11267605633802817,native,sr_200,200.0,cnn_s,37
18,2.3506739139556885,0.11507936507936507,0.1267605633802817,native,sr_200,200.0,cnn_s,37
19,2.344038248062134,0.11507936507936507,0.1267605633802817,native,sr_200,200.0,cnn_s,37
20,2.337887763977051,0.125,0.14084507042253522,native,sr_200,200.0,cnn_s,37
21,2.332125663757324,0.125,0.14084507042253522,native,sr_200,200.0,cnn_s,37
22,2.326662063598633,0.125,0.14084507042253522,native,sr_200,200.0,cnn_s,37
23,2.3214168548583984,0.1388888888888889,0.15492957746478872,native,sr_200,200.0,cnn_s,37
24,2.3163251876831055,0.1388888888888889,0.15492957746478872,native,sr_200,200.0,cnn_s,37
25,2.3113393783569336,0.1388888888888889,0.15492957746478872,native,sr_200,200.0,cnn_s,37
26,2.3064286708831787,0.11309523809523808,0.1267605633802817,native,sr_200,200.0,cnn_s,37
27,2.301579475402832,0.11309523809523808,0.1267605633802817,native,sr_200,200.0,cnn_s,37
28,2.296792507171631,0.12499999999999999,0.14084507042253522,native,sr_200,200.0,cnn_s,37
29,2.2920761108398438,0.15277777777777776,0.16901408450704225,native,sr_200,200.0,cnn_s,37
30,2.287444829940796,0.15277777777777776,0.16901408450704225,native,sr_200,200.0,cnn_s,37
31,2.28291392326355,0.16666666666666666,0.18309859154929578,native,sr_200,200.0,cnn_s,37
32,2.2784972190856934,0.16666666666666666,0.18309859154929578,native,sr_200,200.0,cnn_s,37
33,2.274204730987549,0.16666666666666666,0.18309859154929578,native,sr_200,200.0,cnn_s,37
34,2.270042657852173,0.16666666666666666,0.18309859154929578,native,sr_200,200.0,cnn_s,37
35,2.26601243019104,0.16666666666666666,0.18309859154929578,native,sr_200,200.0,cnn_s,37
36,2.2621119022369385,0.16666666666666666,0.18309859154929578,native,sr_200,200.0,cnn_s,37
37,2.258335828781128,0.18055555555555555,0.19718309859154928,native,sr_200,200.0,cnn_s,37
38,2.25467586517334,0.18055555555555555,0.19718309859154928,native,sr_200,200.0,cnn_s,37
39,2.2511234283447266,0.18055555555555555,0.19718309859154928,native,sr_200,200.0,cnn_s,37
40,2.247669219970703,0.18055555555555555,0.19718309859154928,native,sr_200,200.0,cnn_s,37
41,2.2443044185638428,0.18055555555555555,0.19718309859154928,native,sr_200,200.0,cnn_s,37
42,2.2410221099853516,0.16666666666666666,0.18309859154929578,native,sr_200,200.0,cnn_s,37
43,2.2378172874450684,0.15476190476190477,0.16901408450704225,native,sr_200,200.0,cnn_s,37
44,2.2346863746643066,0.14087301587301587,0.15492957746478872,native,sr_200,200.0,cnn_s,37
45,2.23162841796875,0.14087301587301587,0.15492957746478872,native,sr_200,200.0,cnn_s,37
46,2.2286429405212402,0.14087301587301587,0.15492957746478872,native,sr_200,200.0,cnn_s,37
47,2.2257299423217773,0.14087301587301587,0.15492957746478872,native,sr_200,200.0,cnn_s,37
48,2.222888469696045,0.12698412698412698,0.14084507042253522,native,sr_200,200.0,cnn_s,37
49,2.2201175689697266,0.12698412698412698,0.14084507042253522,native,sr_200,200.0,cnn_s,37
50,2.217414617538452,0.12698412698412698,0.14084507042253522,native,sr_200,200.0,cnn_s,37
51,2.2147762775421143,0.12698412698412698,0.14084507042253522,native,sr_200,200.0,cnn_s,37
52,2.212197780609131,0.12698412698412698,0.14084507042253522,native,sr_200,200.0,cnn_s,37
53,2.2096750736236572,0.12698412698412698,0.14084507042253522,native,sr_200,200.0,cnn_s,37
54,2.2072038650512695,0.12698412698412698,0.14084507042253522,native,sr_200,200.0,cnn_s,37
55,2.204779863357544,0.12698412698412698,0.14084507042253522,native,sr_200,200.0,cnn_s,37
56,2.2024004459381104,0.14087301587301587,0.15492957746478872,native,sr_200,200.0,cnn_s,37
57,2.200063467025757,0.14087301587301587,0.15492957746478872,native,sr_200,200.0,cnn_s,37
58,2.1977667808532715,0.12896825396825395,0.14084507042253522,native,sr_200,200.0,cnn_s,37
59,2.195509433746338,0.12896825396825395,0.14084507042253522,native,sr_200,200.0,cnn_s,37
60,2.1932902336120605,0.12896825396825395,0.14084507042253522,native,sr_200,200.0,cnn_s,37
61,2.1911089420318604,0.12896825396825395,0.14084507042253522,native,sr_200,200.0,cnn_s,37
62,2.188964605331421,0.12896825396825395,0.14084507042253522,native,sr_200,200.0,cnn_s,37
63,2.186856269836426,0.12896825396825395,0.14084507042253522,native,sr_200,200.0,cnn_s,37
64,2.184783458709717,0.12896825396825395,0.14084507042253522,native,sr_200,200.0,cnn_s,37
65,2.1827454566955566,0.12896825396825395,0.14084507042253522,native,sr_200,200.0,cnn_s,37
66,2.180741548538208,0.11706349206349205,0.1267605633802817,native,sr_200,200.0,cnn_s,37
67,2.1787710189819336,0.11706349206349205,0.1267605633802817,native,sr_200,200.0,cnn_s,37
1,2.666369676589966,0.06111111111111111,0.056338028169014086,native,sr_64,64.0,cnn_s,37
2,2.6318552494049072,0.06111111111111111,0.056338028169014086,native,sr_64,64.0,cnn_s,37
3,2.600567579269409,0.06111111111111111,0.056338028169014086,native,sr_64,64.0,cnn_s,37
4,2.5725438594818115,0.07301587301587302,0.07042253521126761,native,sr_64,64.0,cnn_s,37
5,2.547619342803955,0.07301587301587302,0.07042253521126761,native,sr_64,64.0,cnn_s,37
6,2.5254311561584473,0.05912698412698412,0.056338028169014086,native,sr_64,64.0,cnn_s,37
7,2.5055062770843506,0.05436507936507936,0.056338028169014086,native,sr_64,64.0,cnn_s,37
8,2.487426996231079,0.037698412698412696,0.04225352112676056,native,sr_64,64.0,cnn_s,37
9,2.4708945751190186,0.037698412698412696,0.04225352112676056,native,sr_64,64.0,cnn_s,37
10,2.455709218978882,0.037698412698412696,0.04225352112676056,native,sr_64,64.0,cnn_s,37
11,2.4417359828948975,0.05158730158730159,0.056338028169014086,native,sr_64,64.0,cnn_s,37
12,2.42887806892395,0.06825396825396825,0.07042253521126761,native,sr_64,64.0,cnn_s,37
13,2.4170594215393066,0.06825396825396825,0.07042253521126761,native,sr_64,64.0,cnn_s,37
14,2.4062206745147705,0.05436507936507936,0.056338028169014086,native,sr_64,64.0,cnn_s,37
15,2.3963072299957275,0.06825396825396825,0.07042253521126761,native,sr_64,64.0,cnn_s,37
16,2.3872616291046143,0.08214285714285713,0.08450704225352113,native,sr_64,64.0,cnn_s,37
17,2.379014492034912,0.09404761904761905,0.09859154929577464,native,sr_64,64.0,cnn_s,37
18,2.3714799880981445,0.11984126984126982,0.1267605633802817,native,sr_64,64.0,cnn_s,37
19,2.364553689956665,0.11984126984126982,0.1267605633802817,native,sr_64,64.0,cnn_s,37
20,2.358119249343872,0.13373015873015873,0.14084507042253522,native,sr_64,64.0,cnn_s,37
21,2.3520565032958984,0.14563492063492064,0.15492957746478872,native,sr_64,64.0,cnn_s,37
22,2.3462536334991455,0.14563492063492064,0.15492957746478872,native,sr_64,64.0,cnn_s,37
23,2.3406169414520264,0.17341269841269838,0.18309859154929578,native,sr_64,64.0,cnn_s,37
24,2.3350741863250732,0.17341269841269838,0.18309859154929578,native,sr_64,64.0,cnn_s,37
25,2.329580068588257,0.15674603174603174,0.16901408450704225,native,sr_64,64.0,cnn_s,37
26,2.324113130569458,0.16865079365079363,0.18309859154929578,native,sr_64,64.0,cnn_s,37
27,2.3186731338500977,0.16865079365079363,0.18309859154929578,native,sr_64,64.0,cnn_s,37
28,2.31327486038208,0.16865079365079363,0.18309859154929578,native,sr_64,64.0,cnn_s,37
29,2.3079402446746826,0.16865079365079363,0.18309859154929578,native,sr_64,64.0,cnn_s,37
30,2.3026938438415527,0.16865079365079363,0.18309859154929578,native,sr_64,64.0,cnn_s,37
31,2.2975564002990723,0.19444444444444442,0.2112676056338028,native,sr_64,64.0,cnn_s,37
32,2.2925422191619873,0.19444444444444442,0.2112676056338028,native,sr_64,64.0,cnn_s,37
33,2.2876574993133545,0.19444444444444442,0.2112676056338028,native,sr_64,64.0,cnn_s,37
34,2.2829010486602783,0.20833333333333334,0.22535211267605634,native,sr_64,64.0,cnn_s,37
35,2.2782657146453857,0.22023809523809526,0.23943661971830985,native,sr_64,64.0,cnn_s,37
36,2.273740768432617,0.22023809523809526,0.23943661971830985,native,sr_64,64.0,cnn_s,37
37,2.2693145275115967,0.22023809523809526,0.23943661971830985,native,sr_64,64.0,cnn_s,37
38,2.264976978302002,0.22023809523809526,0.23943661971830985,native,sr_64,64.0,cnn_s,37
39,2.2607202529907227,0.22023809523809526,0.23943661971830985,native,sr_64,64.0,cnn_s,37
40,2.2565383911132812,0.22023809523809526,0.23943661971830985,native,sr_64,64.0,cnn_s,37
41,2.2524290084838867,0.2341269841269841,0.2535211267605634,native,sr_64,64.0,cnn_s,37
42,2.24839186668396,0.2341269841269841,0.2535211267605634,native,sr_64,64.0,cnn_s,37
43,2.2444283962249756,0.2341269841269841,0.2535211267605634,native,sr_64,64.0,cnn_s,37
44,2.2405407428741455,0.2341269841269841,0.2535211267605634,native,sr_64,64.0,cnn_s,37
45,2.236732006072998,0.2341269841269841,0.2535211267605634,native,sr_64,64.0,cnn_s,37
46,2.233004331588745,0.2341269841269841,0.2535211267605634,native,sr_64,64.0,cnn_s,37
47,2.2293598651885986,0.2341269841269841,0.2535211267605634,native,sr_64,64.0,cnn_s,37
48,2.2257983684539795,0.2341269841269841,0.2535211267605634,native,sr_64,64.0,cnn_s,37
49,2.222317695617676,0.2341269841269841,0.2535211267605634,native,sr_64,64.0,cnn_s,37
50,2.218914747238159,0.2341269841269841,0.2535211267605634,native,sr_64,64.0,cnn_s,37
51,2.2155845165252686,0.2341269841269841,0.2535211267605634,native,sr_64,64.0,cnn_s,37
52,2.2123212814331055,0.2341269841269841,0.2535211267605634,native,sr_64,64.0,cnn_s,37
53,2.209120512008667,0.2341269841269841,0.2535211267605634,native,sr_64,64.0,cnn_s,37
54,2.205976724624634,0.2341269841269841,0.2535211267605634,native,sr_64,64.0,cnn_s,37
55,2.2028861045837402,0.22023809523809526,0.23943661971830985,native,sr_64,64.0,cnn_s,37
56,2.1998465061187744,0.22023809523809526,0.23943661971830985,native,sr_64,64.0,cnn_s,37
57,2.1968557834625244,0.22023809523809526,0.23943661971830985,native,sr_64,64.0,cnn_s,37
58,2.193912982940674,0.22023809523809526,0.23943661971830985,native,sr_64,64.0,cnn_s,37
59,2.191016674041748,0.22023809523809526,0.23943661971830985,native,sr_64,64.0,cnn_s,37
60,2.1881661415100098,0.22023809523809526,0.23943661971830985,native,sr_64,64.0,cnn_s,37
61,2.185361385345459,0.22023809523809526,0.23943661971830985,native,sr_64,64.0,cnn_s,37
62,2.182600736618042,0.22023809523809526,0.23943661971830985,native,sr_64,64.0,cnn_s,37
63,2.1798832416534424,0.22023809523809526,0.23943661971830985,native,sr_64,64.0,cnn_s,37
64,2.1772079467773438,0.22023809523809526,0.23943661971830985,native,sr_64,64.0,cnn_s,37
65,2.1745738983154297,0.2341269841269841,0.2535211267605634,native,sr_64,64.0,cnn_s,37
66,2.1719794273376465,0.2341269841269841,0.2535211267605634,native,sr_64,64.0,cnn_s,37
67,2.169424295425415,0.2083333333333333,0.22535211267605634,native,sr_64,64.0,cnn_s,37
68,2.16690731048584,0.2083333333333333,0.22535211267605634,native,sr_64,64.0,cnn_s,37
69,2.164428472518921,0.2083333333333333,0.22535211267605634,native,sr_64,64.0,cnn_s,37
70,2.1619865894317627,0.2083333333333333,0.22535211267605634,native,sr_64,64.0,cnn_s,37
71,2.1595821380615234,0.2083333333333333,0.22535211267605634,native,sr_64,64.0,cnn_s,37
1,2.622286558151245,0.08333333333333333,0.07042253521126761,native,sr_200,200.0,cnn_m,37
2,2.4791195392608643,0.08333333333333333,0.07042253521126761,native,sr_200,200.0,cnn_m,37
3,2.392178535461426,0.08134920634920635,0.07042253521126761,native,sr_200,200.0,cnn_m,37
4,2.3265492916107178,0.0744047619047619,0.07042253521126761,native,sr_200,200.0,cnn_m,37
5,2.267425298690796,0.10218253968253967,0.09859154929577464,native,sr_200,200.0,cnn_m,37
6,2.212855815887451,0.11607142857142856,0.11267605633802817,native,sr_200,200.0,cnn_m,37
7,2.160433530807495,0.1466269841269841,0.14084507042253522,native,sr_200,200.0,cnn_m,37
8,2.110419988632202,0.1466269841269841,0.14084507042253522,native,sr_200,200.0,cnn_m,37
9,2.063936471939087,0.16547619047619047,0.15492957746478872,native,sr_200,200.0,cnn_m,37
10,2.021517515182495,0.16547619047619047,0.15492957746478872,native,sr_200,200.0,cnn_m,37
11,1.9835078716278076,0.1982142857142857,0.18309859154929578,native,sr_200,200.0,cnn_m,37
12,1.949928641319275,0.1982142857142857,0.18309859154929578,native,sr_200,200.0,cnn_m,37
13,1.9201570749282837,0.21011904761904762,0.19718309859154928,native,sr_200,200.0,cnn_m,37
14,1.8930904865264893,0.20535714285714288,0.19718309859154928,native,sr_200,200.0,cnn_m,37
15,1.8675528764724731,0.2220238095238095,0.2112676056338028,native,sr_200,200.0,cnn_m,37
16,1.8426873683929443,0.2378968253968254,0.22535211267605634,native,sr_200,200.0,cnn_m,37
17,1.8184727430343628,0.2498015873015873,0.23943661971830985,native,sr_200,200.0,cnn_m,37
18,1.795670509338379,0.2617063492063492,0.2535211267605634,native,sr_200,200.0,cnn_m,37
19,1.7749273777008057,0.2617063492063492,0.2535211267605634,native,sr_200,200.0,cnn_m,37
20,1.756125569343567,0.2736111111111111,0.2676056338028169,native,sr_200,200.0,cnn_m,37
21,1.7386744022369385,0.3152777777777778,0.30985915492957744,native,sr_200,200.0,cnn_m,37
22,1.7220711708068848,0.3152777777777778,0.30985915492957744,native,sr_200,200.0,cnn_m,37
23,1.7060893774032593,0.3013888888888889,0.29577464788732394,native,sr_200,200.0,cnn_m,37
24,1.690658450126648,0.3013888888888889,0.29577464788732394,native,sr_200,200.0,cnn_m,37
25,1.6757128238677979,0.289484126984127,0.28169014084507044,native,sr_200,200.0,cnn_m,37
26,1.6611697673797607,0.291468253968254,0.28169014084507044,native,sr_200,200.0,cnn_m,37
27,1.6469906568527222,0.3053571428571429,0.29577464788732394,native,sr_200,200.0,cnn_m,37
28,1.6332333087921143,0.3053571428571429,0.29577464788732394,native,sr_200,200.0,cnn_m,37
29,1.6200284957885742,0.3053571428571429,0.29577464788732394,native,sr_200,200.0,cnn_m,37
30,1.6074668169021606,0.3053571428571429,0.29577464788732394,native,sr_200,200.0,cnn_m,37
31,1.5954880714416504,0.3053571428571429,0.29577464788732394,native,sr_200,200.0,cnn_m,37
32,1.5838841199874878,0.3172619047619048,0.30985915492957744,native,sr_200,200.0,cnn_m,37
33,1.5724372863769531,0.3172619047619048,0.30985915492957744,native,sr_200,200.0,cnn_m,37
34,1.561072587966919,0.29642857142857143,0.29577464788732394,native,sr_200,200.0,cnn_m,37
35,1.5498892068862915,0.29642857142857143,0.29577464788732394,native,sr_200,200.0,cnn_m,37
36,1.5390504598617554,0.29642857142857143,0.29577464788732394,native,sr_200,200.0,cnn_m,37
37,1.5286434888839722,0.29642857142857143,0.29577464788732394,native,sr_200,200.0,cnn_m,37
38,1.518638253211975,0.29642857142857143,0.29577464788732394,native,sr_200,200.0,cnn_m,37
39,1.5089484453201294,0.29642857142857143,0.29577464788732394,native,sr_200,200.0,cnn_m,37
40,1.4995014667510986,0.31031746031746027,0.30985915492957744,native,sr_200,200.0,cnn_m,37
41,1.490260124206543,0.31031746031746027,0.30985915492957744,native,sr_200,200.0,cnn_m,37
42,1.4812105894088745,0.3242063492063492,0.323943661971831,native,sr_200,200.0,cnn_m,37
43,1.472352385520935,0.3242063492063492,0.323943661971831,native,sr_200,200.0,cnn_m,37
44,1.463692545890808,0.3242063492063492,0.323943661971831,native,sr_200,200.0,cnn_m,37
45,1.4552451372146606,0.3242063492063492,0.323943661971831,native,sr_200,200.0,cnn_m,37
46,1.4470266103744507,0.3242063492063492,0.323943661971831,native,sr_200,200.0,cnn_m,37
47,1.4390422105789185,0.3242063492063492,0.323943661971831,native,sr_200,200.0,cnn_m,37
48,1.4312766790390015,0.3242063492063492,0.323943661971831,native,sr_200,200.0,cnn_m,37
49,1.4237008094787598,0.3242063492063492,0.323943661971831,native,sr_200,200.0,cnn_m,37
50,1.4162864685058594,0.3242063492063492,0.323943661971831,native,sr_200,200.0,cnn_m,37
51,1.4090195894241333,0.3242063492063492,0.323943661971831,native,sr_200,200.0,cnn_m,37
52,1.4018980264663696,0.3242063492063492,0.323943661971831,native,sr_200,200.0,cnn_m,37
53,1.394927978515625,0.3242063492063492,0.323943661971831,native,sr_200,200.0,cnn_m,37
54,1.3881148099899292,0.3242063492063492,0.323943661971831,native,sr_200,200.0,cnn_m,37
55,1.3814600706100464,0.31031746031746027,0.30985915492957744,native,sr_200,200.0,cnn_m,37
56,1.3749594688415527,0.31031746031746027,0.30985915492957744,native,sr_200,200.0,cnn_m,37
57,1.3686017990112305,0.31031746031746027,0.30985915492957744,native,sr_200,200.0,cnn_m,37
58,1.3623685836791992,0.31031746031746027,0.30985915492957744,native,sr_200,200.0,cnn_m,37
59,1.3562445640563965,0.31031746031746027,0.30985915492957744,native,sr_200,200.0,cnn_m,37
60,1.3502229452133179,0.32698412698412693,0.323943661971831,native,sr_200,200.0,cnn_m,37
61,1.3443070650100708,0.32698412698412693,0.323943661971831,native,sr_200,200.0,cnn_m,37
62,1.3385025262832642,0.32698412698412693,0.323943661971831,native,sr_200,200.0,cnn_m,37
63,1.3328112363815308,0.32698412698412693,0.323943661971831,native,sr_200,200.0,cnn_m,37
64,1.3272297382354736,0.32698412698412693,0.323943661971831,native,sr_200,200.0,cnn_m,37
65,1.3217495679855347,0.32698412698412693,0.323943661971831,native,sr_200,200.0,cnn_m,37
66,1.3163608312606812,0.32698412698412693,0.323943661971831,native,sr_200,200.0,cnn_m,37
67,1.3110581636428833,0.3408730158730158,0.3380281690140845,native,sr_200,200.0,cnn_m,37
68,1.3058403730392456,0.3408730158730158,0.3380281690140845,native,sr_200,200.0,cnn_m,37
69,1.300706386566162,0.3408730158730158,0.3380281690140845,native,sr_200,200.0,cnn_m,37
70,1.2956546545028687,0.3408730158730158,0.3380281690140845,native,sr_200,200.0,cnn_m,37
71,1.2906841039657593,0.3408730158730158,0.3380281690140845,native,sr_200,200.0,cnn_m,37
72,1.2857930660247803,0.3408730158730158,0.3380281690140845,native,sr_200,200.0,cnn_m,37
73,1.2809780836105347,0.3408730158730158,0.3380281690140845,native,sr_200,200.0,cnn_m,37
74,1.27623450756073,0.3408730158730158,0.3380281690140845,native,sr_200,200.0,cnn_m,37
75,1.2715591192245483,0.3408730158730158,0.3380281690140845,native,sr_200,200.0,cnn_m,37
76,1.2669496536254883,0.3408730158730158,0.3380281690140845,native,sr_200,200.0,cnn_m,37
77,1.262405514717102,0.3408730158730158,0.3380281690140845,native,sr_200,200.0,cnn_m,37
78,1.2579253911972046,0.3408730158730158,0.3380281690140845,native,sr_200,200.0,cnn_m,37
79,1.253507375717163,0.3408730158730158,0.3380281690140845,native,sr_200,200.0,cnn_m,37
80,1.2491507530212402,0.3408730158730158,0.3380281690140845,native,sr_200,200.0,cnn_m,37
81,1.2448549270629883,0.3408730158730158,0.3380281690140845,native,sr_200,200.0,cnn_m,37
82,1.240617275238037,0.3408730158730158,0.3380281690140845,native,sr_200,200.0,cnn_m,37
83,1.2364344596862793,0.3408730158730158,0.3380281690140845,native,sr_200,200.0,cnn_m,37
84,1.2323040962219238,0.3408730158730158,0.3380281690140845,native,sr_200,200.0,cnn_m,37
85,1.228225827217102,0.3408730158730158,0.3380281690140845,native,sr_200,200.0,cnn_m,37
86,1.2242001295089722,0.3408730158730158,0.3380281690140845,native,sr_200,200.0,cnn_m,37
87,1.2202258110046387,0.35277777777777786,0.352112676056338,native,sr_200,200.0,cnn_m,37
88,1.2163010835647583,0.35277777777777786,0.352112676056338,native,sr_200,200.0,cnn_m,37
89,1.2124241590499878,0.35277777777777786,0.352112676056338,native,sr_200,200.0,cnn_m,37
90,1.2085939645767212,0.35277777777777786,0.352112676056338,native,sr_200,200.0,cnn_m,37
91,1.2048099040985107,0.35277777777777786,0.352112676056338,native,sr_200,200.0,cnn_m,37
92,1.2010703086853027,0.35277777777777786,0.352112676056338,native,sr_200,200.0,cnn_m,37
93,1.1973743438720703,0.35277777777777786,0.352112676056338,native,sr_200,200.0,cnn_m,37
94,1.1937211751937866,0.35277777777777786,0.352112676056338,native,sr_200,200.0,cnn_m,37
95,1.1901100873947144,0.35277777777777786,0.352112676056338,native,sr_200,200.0,cnn_m,37
96,1.1865404844284058,0.35277777777777786,0.352112676056338,native,sr_200,200.0,cnn_m,37
97,1.183011531829834,0.33888888888888885,0.3380281690140845,native,sr_200,200.0,cnn_m,37
98,1.1795215606689453,0.33888888888888885,0.3380281690140845,native,sr_200,200.0,cnn_m,37
99,1.1760700941085815,0.33888888888888885,0.3380281690140845,native,sr_200,200.0,cnn_m,37
100,1.1726559400558472,0.33888888888888885,0.3380281690140845,native,sr_200,200.0,cnn_m,37
101,1.1692787408828735,0.33888888888888885,0.3380281690140845,native,sr_200,200.0,cnn_m,37
102,1.1659376621246338,0.32499999999999996,0.323943661971831,native,sr_200,200.0,cnn_m,37
103,1.1626319885253906,0.32499999999999996,0.323943661971831,native,sr_200,200.0,cnn_m,37
104,1.1593612432479858,0.32499999999999996,0.323943661971831,native,sr_200,200.0,cnn_m,37
105,1.1561243534088135,0.32499999999999996,0.323943661971831,native,sr_200,200.0,cnn_m,37
106,1.1529210805892944,0.32499999999999996,0.323943661971831,native,sr_200,200.0,cnn_m,37
107,1.1497503519058228,0.32499999999999996,0.323943661971831,native,sr_200,200.0,cnn_m,37
108,1.1466115713119507,0.32499999999999996,0.323943661971831,native,sr_200,200.0,cnn_m,37
109,1.1435041427612305,0.32499999999999996,0.323943661971831,native,sr_200,200.0,cnn_m,37
110,1.1404277086257935,0.32499999999999996,0.323943661971831,native,sr_200,200.0,cnn_m,37
111,1.1373817920684814,0.32499999999999996,0.323943661971831,native,sr_200,200.0,cnn_m,37
112,1.1343655586242676,0.32499999999999996,0.323943661971831,native,sr_200,200.0,cnn_m,37
113,1.131378412246704,0.32499999999999996,0.323943661971831,native,sr_200,200.0,cnn_m,37
114,1.1284198760986328,0.32499999999999996,0.323943661971831,native,sr_200,200.0,cnn_m,37
115,1.1254897117614746,0.32499999999999996,0.323943661971831,native,sr_200,200.0,cnn_m,37
116,1.1225870847702026,0.32499999999999996,0.323943661971831,native,sr_200,200.0,cnn_m,37
117,1.1197117567062378,0.32499999999999996,0.323943661971831,native,sr_200,200.0,cnn_m,37
1,2.5793509483337402,0.1486111111111111,0.1267605633802817,native,sr_64,64.0,cnn_m,37
2,2.4302241802215576,0.15357142857142855,0.14084507042253522,native,sr_64,64.0,cnn_m,37
3,2.34279465675354,0.158531746031746,0.15492957746478872,native,sr_64,64.0,cnn_m,37
4,2.275343418121338,0.1615079365079365,0.16901408450704225,native,sr_64,64.0,cnn_m,37
5,2.2114310264587402,0.17341269841269843,0.18309859154929578,native,sr_64,64.0,cnn_m,37
6,2.1498286724090576,0.18531746031746033,0.19718309859154928,native,sr_64,64.0,cnn_m,37
7,2.0902857780456543,0.1575396825396825,0.16901408450704225,native,sr_64,64.0,cnn_m,37
8,2.034213066101074,0.1575396825396825,0.16901408450704225,native,sr_64,64.0,cnn_m,37
9,1.9831761121749878,0.1714285714285714,0.18309859154929578,native,sr_64,64.0,cnn_m,37
10,1.9370731115341187,0.1714285714285714,0.18309859154929578,native,sr_64,64.0,cnn_m,37
11,1.8946934938430786,0.18333333333333332,0.19718309859154928,native,sr_64,64.0,cnn_m,37
12,1.8553568124771118,0.18333333333333332,0.19718309859154928,native,sr_64,64.0,cnn_m,37
13,1.819143533706665,0.19325396825396823,0.2112676056338028,native,sr_64,64.0,cnn_m,37
14,1.7860018014907837,0.19325396825396823,0.2112676056338028,native,sr_64,64.0,cnn_m,37
15,1.7551709413528442,0.2398809523809524,0.2535211267605634,native,sr_64,64.0,cnn_m,37
16,1.7256569862365723,0.2398809523809524,0.2535211267605634,native,sr_64,64.0,cnn_m,37
17,1.6971043348312378,0.22797619047619044,0.23943661971830985,native,sr_64,64.0,cnn_m,37
18,1.669969916343689,0.25376984126984126,0.2676056338028169,native,sr_64,64.0,cnn_m,37
19,1.6448791027069092,0.26765873015873015,0.28169014084507044,native,sr_64,64.0,cnn_m,37
20,1.6220303773880005,0.25376984126984126,0.2676056338028169,native,sr_64,64.0,cnn_m,37
21,1.6011390686035156,0.26765873015873015,0.28169014084507044,native,sr_64,64.0,cnn_m,37
22,1.5816614627838135,0.26765873015873015,0.28169014084507044,native,sr_64,64.0,cnn_m,37
23,1.563016414642334,0.25376984126984126,0.2676056338028169,native,sr_64,64.0,cnn_m,37
24,1.5447992086410522,0.25376984126984126,0.2676056338028169,native,sr_64,64.0,cnn_m,37
25,1.526960849761963,0.2537698412698413,0.2676056338028169,native,sr_64,64.0,cnn_m,37
26,1.5097836256027222,0.2656746031746032,0.28169014084507044,native,sr_64,64.0,cnn_m,37
27,1.4935890436172485,0.2537698412698413,0.2676056338028169,native,sr_64,64.0,cnn_m,37
28,1.4784259796142578,0.2626984126984127,0.2676056338028169,native,sr_64,64.0,cnn_m,37
29,1.4640402793884277,0.2626984126984127,0.2676056338028169,native,sr_64,64.0,cnn_m,37
30,1.4501327276229858,0.2626984126984127,0.2676056338028169,native,sr_64,64.0,cnn_m,37
31,1.4365922212600708,0.2626984126984127,0.2676056338028169,native,sr_64,64.0,cnn_m,37
32,1.423479437828064,0.2626984126984127,0.2676056338028169,native,sr_64,64.0,cnn_m,37
33,1.4108548164367676,0.2746031746031746,0.28169014084507044,native,sr_64,64.0,cnn_m,37
34,1.3986784219741821,0.2865079365079365,0.29577464788732394,native,sr_64,64.0,cnn_m,37
35,1.3868565559387207,0.2865079365079365,0.29577464788732394,native,sr_64,64.0,cnn_m,37
36,1.375331163406372,0.2865079365079365,0.29577464788732394,native,sr_64,64.0,cnn_m,37
37,1.3641092777252197,0.2865079365079365,0.29577464788732394,native,sr_64,64.0,cnn_m,37
38,1.3532335758209229,0.2865079365079365,0.29577464788732394,native,sr_64,64.0,cnn_m,37
39,1.3427457809448242,0.2865079365079365,0.29577464788732394,native,sr_64,64.0,cnn_m,37
40,1.3326523303985596,0.2865079365079365,0.29577464788732394,native,sr_64,64.0,cnn_m,37
41,1.3228977918624878,0.2984126984126984,0.30985915492957744,native,sr_64,64.0,cnn_m,37
42,1.313386082649231,0.3123015873015873,0.323943661971831,native,sr_64,64.0,cnn_m,37
43,1.304047703742981,0.3123015873015873,0.323943661971831,native,sr_64,64.0,cnn_m,37
44,1.2948881387710571,0.3123015873015873,0.323943661971831,native,sr_64,64.0,cnn_m,37
45,1.285962462425232,0.3123015873015873,0.323943661971831,native,sr_64,64.0,cnn_m,37
46,1.2773138284683228,0.3123015873015873,0.323943661971831,native,sr_64,64.0,cnn_m,37
47,1.268938422203064,0.3123015873015873,0.323943661971831,native,sr_64,64.0,cnn_m,37
48,1.26079523563385,0.3123015873015873,0.323943661971831,native,sr_64,64.0,cnn_m,37
49,1.25283682346344,0.3123015873015873,0.323943661971831,native,sr_64,64.0,cnn_m,37
50,1.2450352907180786,0.3123015873015873,0.323943661971831,native,sr_64,64.0,cnn_m,37
51,1.2373929023742676,0.3123015873015873,0.323943661971831,native,sr_64,64.0,cnn_m,37
52,1.2299262285232544,0.3123015873015873,0.323943661971831,native,sr_64,64.0,cnn_m,37
53,1.2226396799087524,0.3261904761904762,0.3380281690140845,native,sr_64,64.0,cnn_m,37
54,1.215517282485962,0.3261904761904762,0.3380281690140845,native,sr_64,64.0,cnn_m,37
55,1.2085387706756592,0.3261904761904762,0.3380281690140845,native,sr_64,64.0,cnn_m,37
56,1.201696753501892,0.3261904761904762,0.3380281690140845,native,sr_64,64.0,cnn_m,37
57,1.1949957609176636,0.3261904761904762,0.3380281690140845,native,sr_64,64.0,cnn_m,37
58,1.1884385347366333,0.353968253968254,0.36619718309859156,native,sr_64,64.0,cnn_m,37
59,1.1820183992385864,0.353968253968254,0.36619718309859156,native,sr_64,64.0,cnn_m,37
60,1.175721287727356,0.353968253968254,0.36619718309859156,native,sr_64,64.0,cnn_m,37
61,1.1695338487625122,0.353968253968254,0.36619718309859156,native,sr_64,64.0,cnn_m,37
62,1.1634515523910522,0.34007936507936504,0.352112676056338,native,sr_64,64.0,cnn_m,37
63,1.157480001449585,0.34007936507936504,0.352112676056338,native,sr_64,64.0,cnn_m,37
64,1.151625156402588,0.34007936507936504,0.352112676056338,native,sr_64,64.0,cnn_m,37
65,1.145883560180664,0.3609126984126984,0.36619718309859156,native,sr_64,64.0,cnn_m,37
66,1.1402438879013062,0.3609126984126984,0.36619718309859156,native,sr_64,64.0,cnn_m,37
67,1.1346970796585083,0.3609126984126984,0.36619718309859156,native,sr_64,64.0,cnn_m,37
68,1.1292396783828735,0.3609126984126984,0.36619718309859156,native,sr_64,64.0,cnn_m,37
69,1.1238712072372437,0.3609126984126984,0.36619718309859156,native,sr_64,64.0,cnn_m,37
70,1.1185908317565918,0.3609126984126984,0.36619718309859156,native,sr_64,64.0,cnn_m,37
71,1.1133960485458374,0.3609126984126984,0.36619718309859156,native,sr_64,64.0,cnn_m,37
72,1.1082828044891357,0.3609126984126984,0.36619718309859156,native,sr_64,64.0,cnn_m,37
73,1.103247046470642,0.3609126984126984,0.36619718309859156,native,sr_64,64.0,cnn_m,37
74,1.0982869863510132,0.3609126984126984,0.36619718309859156,native,sr_64,64.0,cnn_m,37
75,1.0934021472930908,0.3609126984126984,0.36619718309859156,native,sr_64,64.0,cnn_m,37
76,1.0885909795761108,0.3609126984126984,0.36619718309859156,native,sr_64,64.0,cnn_m,37
77,1.0838490724563599,0.3609126984126984,0.36619718309859156,native,sr_64,64.0,cnn_m,37
78,1.0791727304458618,0.3609126984126984,0.36619718309859156,native,sr_64,64.0,cnn_m,37
79,1.0745599269866943,0.3609126984126984,0.36619718309859156,native,sr_64,64.0,cnn_m,37
80,1.0700109004974365,0.3609126984126984,0.36619718309859156,native,sr_64,64.0,cnn_m,37
81,1.0655248165130615,0.3609126984126984,0.36619718309859156,native,sr_64,64.0,cnn_m,37
82,1.0611003637313843,0.3609126984126984,0.36619718309859156,native,sr_64,64.0,cnn_m,37
83,1.056734561920166,0.3609126984126984,0.36619718309859156,native,sr_64,64.0,cnn_m,37
84,1.052424669265747,0.3609126984126984,0.36619718309859156,native,sr_64,64.0,cnn_m,37
85,1.0481693744659424,0.3609126984126984,0.36619718309859156,native,sr_64,64.0,cnn_m,37
86,1.0439683198928833,0.3609126984126984,0.36619718309859156,native,sr_64,64.0,cnn_m,37
87,1.0398203134536743,0.3609126984126984,0.36619718309859156,native,sr_64,64.0,cnn_m,37
88,1.0357234477996826,0.3609126984126984,0.36619718309859156,native,sr_64,64.0,cnn_m,37
89,1.0316755771636963,0.3609126984126984,0.36619718309859156,native,sr_64,64.0,cnn_m,37
90,1.0276758670806885,0.3609126984126984,0.36619718309859156,native,sr_64,64.0,cnn_m,37
91,1.0237239599227905,0.3609126984126984,0.36619718309859156,native,sr_64,64.0,cnn_m,37
92,1.0198187828063965,0.3728174603174603,0.38028169014084506,native,sr_64,64.0,cnn_m,37
93,1.0159591436386108,0.3728174603174603,0.38028169014084506,native,sr_64,64.0,cnn_m,37
94,1.0121433734893799,0.3728174603174603,0.38028169014084506,native,sr_64,64.0,cnn_m,37
95,1.0083705186843872,0.3728174603174603,0.38028169014084506,native,sr_64,64.0,cnn_m,37
96,1.0046395063400269,0.3728174603174603,0.38028169014084506,native,sr_64,64.0,cnn_m,37
97,1.0009498596191406,0.3728174603174603,0.38028169014084506,native,sr_64,64.0,cnn_m,37
98,0.9973007440567017,0.3728174603174603,0.38028169014084506,native,sr_64,64.0,cnn_m,37
99,0.9936909079551697,0.3728174603174603,0.38028169014084506,native,sr_64,64.0,cnn_m,37
100,0.990119457244873,0.3728174603174603,0.38028169014084506,native,sr_64,64.0,cnn_m,37
101,0.9865856766700745,0.3728174603174603,0.38028169014084506,native,sr_64,64.0,cnn_m,37
102,0.9830889105796814,0.3728174603174603,0.38028169014084506,native,sr_64,64.0,cnn_m,37
103,0.9796284437179565,0.3728174603174603,0.38028169014084506,native,sr_64,64.0,cnn_m,37
104,0.9762033820152283,0.3728174603174603,0.38028169014084506,native,sr_64,64.0,cnn_m,37
105,0.972812831401825,0.3728174603174603,0.38028169014084506,native,sr_64,64.0,cnn_m,37
106,0.9694562554359436,0.3728174603174603,0.38028169014084506,native,sr_64,64.0,cnn_m,37
107,0.9661328792572021,0.3728174603174603,0.38028169014084506,native,sr_64,64.0,cnn_m,37
108,0.9628422856330872,0.3728174603174603,0.38028169014084506,native,sr_64,64.0,cnn_m,37
109,0.9595838189125061,0.3728174603174603,0.38028169014084506,native,sr_64,64.0,cnn_m,37
110,0.9563565850257874,0.3728174603174603,0.38028169014084506,native,sr_64,64.0,cnn_m,37
111,0.9531601071357727,0.38670634920634916,0.39436619718309857,native,sr_64,64.0,cnn_m,37
112,0.9499940276145935,0.38670634920634916,0.39436619718309857,native,sr_64,64.0,cnn_m,37
113,0.9468576312065125,0.38670634920634916,0.39436619718309857,native,sr_64,64.0,cnn_m,37
114,0.943750262260437,0.38670634920634916,0.39436619718309857,native,sr_64,64.0,cnn_m,37
115,0.9406715631484985,0.38670634920634916,0.39436619718309857,native,sr_64,64.0,cnn_m,37
116,0.9376209378242493,0.38670634920634916,0.39436619718309857,native,sr_64,64.0,cnn_m,37
117,0.9345978498458862,0.38670634920634916,0.39436619718309857,native,sr_64,64.0,cnn_m,37
118,0.9316017627716064,0.38670634920634916,0.39436619718309857,native,sr_64,64.0,cnn_m,37
119,0.9286325573921204,0.38670634920634916,0.39436619718309857,native,sr_64,64.0,cnn_m,37
120,0.9256895184516907,0.38670634920634916,0.39436619718309857,native,sr_64,64.0,cnn_m,37
121,0.922772228717804,0.38670634920634916,0.39436619718309857,native,sr_64,64.0,cnn_m,37
122,0.9198800921440125,0.38670634920634916,0.39436619718309857,native,sr_64,64.0,cnn_m,37
123,0.9170129299163818,0.38670634920634916,0.39436619718309857,native,sr_64,64.0,cnn_m,37
124,0.9141702651977539,0.38670634920634916,0.39436619718309857,native,sr_64,64.0,cnn_m,37
125,0.91135174036026,0.38670634920634916,0.39436619718309857,native,sr_64,64.0,cnn_m,37
126,0.9085568785667419,0.38670634920634916,0.39436619718309857,native,sr_64,64.0,cnn_m,37
127,0.905785322189331,0.38670634920634916,0.39436619718309857,native,sr_64,64.0,cnn_m,37
128,0.9030366539955139,0.38670634920634916,0.39436619718309857,native,sr_64,64.0,cnn_m,37
129,0.9003108143806458,0.38670634920634916,0.39436619718309857,native,sr_64,64.0,cnn_m,37
130,0.8976070880889893,0.38670634920634916,0.39436619718309857,native,sr_64,64.0,cnn_m,37
131,0.8949252367019653,0.38670634920634916,0.39436619718309857,native,sr_64,64.0,cnn_m,37
132,0.8922649025917053,0.38670634920634916,0.39436619718309857,native,sr_64,64.0,cnn_m,37
133,0.8896257877349854,0.38670634920634916,0.39436619718309857,native,sr_64,64.0,cnn_m,37
134,0.8870077729225159,0.38670634920634916,0.39436619718309857,native,sr_64,64.0,cnn_m,37
135,0.8844102621078491,0.38670634920634916,0.39436619718309857,native,sr_64,64.0,cnn_m,37
136,0.8818331360816956,0.38670634920634916,0.39436619718309857,native,sr_64,64.0,cnn_m,37
137,0.8792759776115417,0.38670634920634916,0.39436619718309857,native,sr_64,64.0,cnn_m,37
138,0.8767385482788086,0.38670634920634916,0.39436619718309857,native,sr_64,64.0,cnn_m,37
139,0.874220609664917,0.38670634920634916,0.39436619718309857,native,sr_64,64.0,cnn_m,37
140,0.8717217445373535,0.38670634920634916,0.39436619718309857,native,sr_64,64.0,cnn_m,37
141,0.8692418932914734,0.38670634920634916,0.39436619718309857,native,sr_64,64.0,cnn_m,37
1,2.5490407943725586,0.3755952380952381,0.39436619718309857,native,sr_200,200.0,cnn_l,37
2,1.5441489219665527,0.39325396825396824,0.4225352112676056,native,sr_200,200.0,cnn_l,37
3,1.1311572790145874,0.3625,0.38028169014084506,native,sr_200,200.0,cnn_l,37
4,0.9370269775390625,0.364484126984127,0.38028169014084506,native,sr_200,200.0,cnn_l,37
5,0.8186279535293579,0.3763888888888889,0.39436619718309857,native,sr_200,200.0,cnn_l,37
6,0.7314992547035217,0.34781746031746036,0.36619718309859156,native,sr_200,200.0,cnn_l,37
7,0.6649630069732666,0.3547619047619048,0.36619718309859156,native,sr_200,200.0,cnn_l,37
8,0.6156673431396484,0.3686507936507937,0.38028169014084506,native,sr_200,200.0,cnn_l,37
9,0.5797555446624756,0.3547619047619048,0.36619718309859156,native,sr_200,200.0,cnn_l,37
10,0.5522646307945251,0.3964285714285714,0.39436619718309857,native,sr_200,200.0,cnn_l,37
11,0.5289281606674194,0.3964285714285714,0.39436619718309857,native,sr_200,200.0,cnn_l,37
12,0.5073481202125549,0.3964285714285714,0.39436619718309857,native,sr_200,200.0,cnn_l,37
13,0.4866836667060852,0.3636904761904762,0.36619718309859156,native,sr_200,200.0,cnn_l,37
14,0.4668395221233368,0.38035714285714284,0.38028169014084506,native,sr_200,200.0,cnn_l,37
15,0.44787564873695374,0.37142857142857144,0.38028169014084506,native,sr_200,200.0,cnn_l,37
16,0.4298741817474365,0.37142857142857144,0.38028169014084506,native,sr_200,200.0,cnn_l,37
17,0.41300517320632935,0.33174603174603173,0.3380281690140845,native,sr_200,200.0,cnn_l,37
18,0.39748600125312805,0.3198412698412698,0.323943661971831,native,sr_200,200.0,cnn_l,37
19,0.3834015727043152,0.33174603174603173,0.3380281690140845,native,sr_200,200.0,cnn_l,37
20,0.3705669939517975,0.33174603174603173,0.3380281690140845,native,sr_200,200.0,cnn_l,37
21,0.35859864950180054,0.3456349206349206,0.352112676056338,native,sr_200,200.0,cnn_l,37
22,0.34712284803390503,0.3456349206349206,0.352112676056338,native,sr_200,200.0,cnn_l,37
23,0.3359379768371582,0.3456349206349206,0.352112676056338,native,sr_200,200.0,cnn_l,37
24,0.32503026723861694,0.3248015873015873,0.3380281690140845,native,sr_200,200.0,cnn_l,37
25,0.3144867420196533,0.3248015873015873,0.3380281690140845,native,sr_200,200.0,cnn_l,37
26,0.30441322922706604,0.3456349206349206,0.352112676056338,native,sr_200,200.0,cnn_l,37
27,0.29490289092063904,0.3456349206349206,0.352112676056338,native,sr_200,200.0,cnn_l,37
28,0.2860158383846283,0.3456349206349206,0.352112676056338,native,sr_200,200.0,cnn_l,37
29,0.27774664759635925,0.366468253968254,0.36619718309859156,native,sr_200,200.0,cnn_l,37
30,0.2700141966342926,0.38035714285714284,0.38028169014084506,native,sr_200,200.0,cnn_l,37
31,0.26269978284835815,0.38035714285714284,0.38028169014084506,native,sr_200,200.0,cnn_l,37
32,0.2557077407836914,0.38035714285714284,0.38028169014084506,native,sr_200,200.0,cnn_l,37
33,0.24899980425834656,0.368452380952381,0.36619718309859156,native,sr_200,200.0,cnn_l,37
34,0.24258314073085785,0.368452380952381,0.36619718309859156,native,sr_200,200.0,cnn_l,37
35,0.2364722192287445,0.368452380952381,0.36619718309859156,native,sr_200,200.0,cnn_l,37
36,0.2306615263223648,0.368452380952381,0.36619718309859156,native,sr_200,200.0,cnn_l,37
37,0.22512798011302948,0.368452380952381,0.36619718309859156,native,sr_200,200.0,cnn_l,37
38,0.21985232830047607,0.368452380952381,0.36619718309859156,native,sr_200,200.0,cnn_l,37
39,0.21483242511749268,0.3892857142857143,0.38028169014084506,native,sr_200,200.0,cnn_l,37
40,0.2100742906332016,0.3892857142857143,0.38028169014084506,native,sr_200,200.0,cnn_l,37
1,2.4273746013641357,0.5136904761904763,0.5211267605633803,native,sr_64,64.0,cnn_l,37
2,0.8779599070549011,0.5293650793650795,0.5211267605633803,native,sr_64,64.0,cnn_l,37
3,0.22797293961048126,0.5432539682539683,0.5352112676056338,native,sr_64,64.0,cnn_l,37
4,0.06314639002084732,0.5599206349206349,0.5492957746478874,native,sr_64,64.0,cnn_l,37
5,0.02186049334704876,0.5599206349206349,0.5492957746478874,native,sr_64,64.0,cnn_l,37
6,0.009237486869096756,0.5361111111111111,0.5211267605633803,native,sr_64,64.0,cnn_l,37
7,0.00455400301143527,0.5361111111111111,0.5211267605633803,native,sr_64,64.0,cnn_l,37
8,0.0025260222610086203,0.5499999999999999,0.5352112676056338,native,sr_64,64.0,cnn_l,37
9,0.0015352319460362196,0.5499999999999999,0.5352112676056338,native,sr_64,64.0,cnn_l,37
10,0.0010028117103502154,0.5499999999999999,0.5352112676056338,native,sr_64,64.0,cnn_l,37
11,0.0006940389284864068,0.5499999999999999,0.5352112676056338,native,sr_64,64.0,cnn_l,37
12,0.0005035208305343986,0.5499999999999999,0.5352112676056338,native,sr_64,64.0,cnn_l,37
13,0.00037981796776875854,0.5499999999999999,0.5352112676056338,native,sr_64,64.0,cnn_l,37
14,0.000296009355224669,0.5499999999999999,0.5352112676056338,native,sr_64,64.0,cnn_l,37
15,0.0002371628361288458,0.5499999999999999,0.5352112676056338,native,sr_64,64.0,cnn_l,37
16,0.00019456779409665614,0.5499999999999999,0.5352112676056338,native,sr_64,64.0,cnn_l,37
17,0.00016291113570332527,0.5499999999999999,0.5352112676056338,native,sr_64,64.0,cnn_l,37
18,0.00013886060332879424,0.5499999999999999,0.5352112676056338,native,sr_64,64.0,cnn_l,37
19,0.00012021148722851649,0.5499999999999999,0.5352112676056338,native,sr_64,64.0,cnn_l,37
20,0.0001055123793776147,0.5499999999999999,0.5352112676056338,native,sr_64,64.0,cnn_l,37
21,9.374122601002455e-05,0.5499999999999999,0.5352112676056338,native,sr_64,64.0,cnn_l,37
22,8.42035369714722e-05,0.5499999999999999,0.5352112676056338,native,sr_64,64.0,cnn_l,37
23,7.637283124495298e-05,0.5499999999999999,0.5352112676056338,native,sr_64,64.0,cnn_l,37
24,6.987327651586384e-05,0.5499999999999999,0.5352112676056338,native,sr_64,64.0,cnn_l,37
25,6.442264566430822e-05,0.5499999999999999,0.5352112676056338,native,sr_64,64.0,cnn_l,37
26,5.982927541481331e-05,0.5499999999999999,0.5352112676056338,native,sr_64,64.0,cnn_l,37
27,5.5913009418873116e-05,0.5499999999999999,0.5352112676056338,native,sr_64,64.0,cnn_l,37
28,5.2552626584656537e-05,0.5499999999999999,0.5352112676056338,native,sr_64,64.0,cnn_l,37
29,4.966009146301076e-05,0.5499999999999999,0.5352112676056338,native,sr_64,64.0,cnn_l,37
30,4.715740215033293e-05,0.5499999999999999,0.5352112676056338,native,sr_64,64.0,cnn_l,37
31,4.4969343434786424e-05,0.5499999999999999,0.5352112676056338,native,sr_64,64.0,cnn_l,37
32,4.3049847590737045e-05,0.5499999999999999,0.5352112676056338,native,sr_64,64.0,cnn_l,37
33,4.136416100664064e-05,0.5499999999999999,0.5352112676056338,native,sr_64,64.0,cnn_l,37
34,3.9873099012766033e-05,0.5499999999999999,0.5352112676056338,native,sr_64,64.0,cnn_l,37
1,2.6848344802856445,0.09325396825396826,0.09859154929577464,native,sr_200,200.0,cnn_s,53
2,2.650916814804077,0.07936507936507936,0.08450704225352113,native,sr_200,200.0,cnn_s,53
3,2.619661569595337,0.09325396825396826,0.09859154929577464,native,sr_200,200.0,cnn_s,53
4,2.591085910797119,0.09325396825396826,0.09859154929577464,native,sr_200,200.0,cnn_s,53
5,2.565143346786499,0.09325396825396826,0.09859154929577464,native,sr_200,200.0,cnn_s,53
6,2.5416951179504395,0.10714285714285714,0.11267605633802817,native,sr_200,200.0,cnn_s,53
7,2.5205745697021484,0.1238095238095238,0.1267605633802817,native,sr_200,200.0,cnn_s,53
8,2.501599073410034,0.1496031746031746,0.15492957746478872,native,sr_200,200.0,cnn_s,53
9,2.4845519065856934,0.16349206349206347,0.16901408450704225,native,sr_200,200.0,cnn_s,53
10,2.4691832065582275,0.1496031746031746,0.15492957746478872,native,sr_200,200.0,cnn_s,53
11,2.455232620239258,0.1496031746031746,0.15492957746478872,native,sr_200,200.0,cnn_s,53
12,2.4424567222595215,0.16349206349206347,0.16901408450704225,native,sr_200,200.0,cnn_s,53
13,2.430645704269409,0.1773809523809524,0.18309859154929578,native,sr_200,200.0,cnn_s,53
14,2.4196343421936035,0.1773809523809524,0.18309859154929578,native,sr_200,200.0,cnn_s,53
15,2.409301996231079,0.16547619047619047,0.16901408450704225,native,sr_200,200.0,cnn_s,53
16,2.399566888809204,0.16547619047619047,0.16901408450704225,native,sr_200,200.0,cnn_s,53
17,2.3903756141662598,0.15158730158730158,0.15492957746478872,native,sr_200,200.0,cnn_s,53
18,2.3816938400268555,0.15158730158730158,0.15492957746478872,native,sr_200,200.0,cnn_s,53
19,2.3734970092773438,0.15158730158730158,0.15492957746478872,native,sr_200,200.0,cnn_s,53
20,2.365762710571289,0.15158730158730158,0.15492957746478872,native,sr_200,200.0,cnn_s,53
21,2.358468532562256,0.15158730158730158,0.15492957746478872,native,sr_200,200.0,cnn_s,53
22,2.351586103439331,0.13769841269841268,0.14084507042253522,native,sr_200,200.0,cnn_s,53
23,2.3450841903686523,0.13769841269841268,0.14084507042253522,native,sr_200,200.0,cnn_s,53
24,2.338925361633301,0.1257936507936508,0.1267605633802817,native,sr_200,200.0,cnn_s,53
25,2.3330700397491455,0.1257936507936508,0.1267605633802817,native,sr_200,200.0,cnn_s,53
26,2.327476978302002,0.1257936507936508,0.1267605633802817,native,sr_200,200.0,cnn_s,53
27,2.3221049308776855,0.1257936507936508,0.1267605633802817,native,sr_200,200.0,cnn_s,53
28,2.316915988922119,0.1257936507936508,0.1267605633802817,native,sr_200,200.0,cnn_s,53
29,2.3118762969970703,0.1257936507936508,0.1267605633802817,native,sr_200,200.0,cnn_s,53
30,2.306957483291626,0.1257936507936508,0.1267605633802817,native,sr_200,200.0,cnn_s,53
31,2.302138566970825,0.1238095238095238,0.1267605633802817,native,sr_200,200.0,cnn_s,53
32,2.29740571975708,0.1238095238095238,0.1267605633802817,native,sr_200,200.0,cnn_s,53
33,2.2927510738372803,0.1238095238095238,0.1267605633802817,native,sr_200,200.0,cnn_s,53
34,2.2881736755371094,0.1238095238095238,0.1267605633802817,native,sr_200,200.0,cnn_s,53
35,2.2836754322052,0.1238095238095238,0.1267605633802817,native,sr_200,200.0,cnn_s,53
36,2.279261827468872,0.1357142857142857,0.14084507042253522,native,sr_200,200.0,cnn_s,53
37,2.2749390602111816,0.1357142857142857,0.14084507042253522,native,sr_200,200.0,cnn_s,53
38,2.2707130908966064,0.1357142857142857,0.14084507042253522,native,sr_200,200.0,cnn_s,53
39,2.266589403152466,0.1357142857142857,0.14084507042253522,native,sr_200,200.0,cnn_s,53
40,2.2625715732574463,0.1357142857142857,0.14084507042253522,native,sr_200,200.0,cnn_s,53
41,2.2586607933044434,0.1496031746031746,0.15492957746478872,native,sr_200,200.0,cnn_s,53
42,2.2548575401306152,0.1496031746031746,0.15492957746478872,native,sr_200,200.0,cnn_s,53
43,2.2511589527130127,0.1496031746031746,0.15492957746478872,native,sr_200,200.0,cnn_s,53
1,2.710844039916992,0.07103174603174603,0.07042253521126761,native,sr_64,64.0,cnn_s,53
2,2.678739309310913,0.07103174603174603,0.07042253521126761,native,sr_64,64.0,cnn_s,53
3,2.6492908000946045,0.07103174603174603,0.07042253521126761,native,sr_64,64.0,cnn_s,53
4,2.622560501098633,0.07103174603174603,0.07042253521126761,native,sr_64,64.0,cnn_s,53
5,2.59843373298645,0.06825396825396825,0.07042253521126761,native,sr_64,64.0,cnn_s,53
6,2.576662302017212,0.08214285714285714,0.08450704225352113,native,sr_64,64.0,cnn_s,53
7,2.556948661804199,0.07023809523809524,0.07042253521126761,native,sr_64,64.0,cnn_s,53
8,2.5390007495880127,0.07023809523809524,0.07042253521126761,native,sr_64,64.0,cnn_s,53
9,2.522547721862793,0.07023809523809524,0.07042253521126761,native,sr_64,64.0,cnn_s,53
10,2.5073530673980713,0.08412698412698412,0.08450704225352113,native,sr_64,64.0,cnn_s,53
11,2.493225574493408,0.08412698412698412,0.08450704225352113,native,sr_64,64.0,cnn_s,53
12,2.4800236225128174,0.08412698412698412,0.08450704225352113,native,sr_64,64.0,cnn_s,53
13,2.46764874458313,0.0861111111111111,0.08450704225352113,native,sr_64,64.0,cnn_s,53
14,2.4560317993164062,0.0861111111111111,0.08450704225352113,native,sr_64,64.0,cnn_s,53
15,2.445122003555298,0.0861111111111111,0.08450704225352113,native,sr_64,64.0,cnn_s,53
16,2.434873580932617,0.05833333333333333,0.056338028169014086,native,sr_64,64.0,cnn_s,53
17,2.425241231918335,0.05833333333333333,0.056338028169014086,native,sr_64,64.0,cnn_s,53
18,2.41617488861084,0.05833333333333333,0.056338028169014086,native,sr_64,64.0,cnn_s,53
19,2.4076201915740967,0.05833333333333333,0.056338028169014086,native,sr_64,64.0,cnn_s,53
20,2.3995201587677,0.05833333333333333,0.056338028169014086,native,sr_64,64.0,cnn_s,53
21,2.391819477081299,0.044444444444444446,0.04225352112676056,native,sr_64,64.0,cnn_s,53
22,2.3844666481018066,0.05833333333333333,0.056338028169014086,native,sr_64,64.0,cnn_s,53
23,2.3774166107177734,0.044444444444444446,0.04225352112676056,native,sr_64,64.0,cnn_s,53
24,2.370631217956543,0.07916666666666666,0.07042253521126761,native,sr_64,64.0,cnn_s,53
25,2.3640799522399902,0.10972222222222222,0.09859154929577464,native,sr_64,64.0,cnn_s,53
26,2.3577380180358887,0.12162698412698413,0.11267605633802817,native,sr_64,64.0,cnn_s,53
27,2.3515868186950684,0.12162698412698413,0.11267605633802817,native,sr_64,64.0,cnn_s,53
28,2.3456127643585205,0.12162698412698413,0.11267605633802817,native,sr_64,64.0,cnn_s,53
29,2.3398051261901855,0.12162698412698413,0.11267605633802817,native,sr_64,64.0,cnn_s,53
30,2.3341565132141113,0.12162698412698413,0.11267605633802817,native,sr_64,64.0,cnn_s,53
31,2.328660488128662,0.12162698412698413,0.11267605633802817,native,sr_64,64.0,cnn_s,53
32,2.3233132362365723,0.12162698412698413,0.11267605633802817,native,sr_64,64.0,cnn_s,53
33,2.318110466003418,0.13353174603174603,0.1267605633802817,native,sr_64,64.0,cnn_s,53
34,2.3130486011505127,0.11686507936507935,0.11267605633802817,native,sr_64,64.0,cnn_s,53
35,2.3081247806549072,0.11686507936507935,0.11267605633802817,native,sr_64,64.0,cnn_s,53
36,2.303335428237915,0.11686507936507935,0.11267605633802817,native,sr_64,64.0,cnn_s,53
37,2.2986767292022705,0.11686507936507935,0.11267605633802817,native,sr_64,64.0,cnn_s,53
38,2.294144868850708,0.10297619047619046,0.09859154929577464,native,sr_64,64.0,cnn_s,53
39,2.2897350788116455,0.10297619047619046,0.09859154929577464,native,sr_64,64.0,cnn_s,53
40,2.285442590713501,0.11488095238095236,0.11267605633802817,native,sr_64,64.0,cnn_s,53
41,2.281261682510376,0.12876984126984126,0.1267605633802817,native,sr_64,64.0,cnn_s,53
42,2.277186393737793,0.12876984126984126,0.1267605633802817,native,sr_64,64.0,cnn_s,53
43,2.273211717605591,0.14265873015873012,0.14084507042253522,native,sr_64,64.0,cnn_s,53
44,2.269331216812134,0.14265873015873012,0.14084507042253522,native,sr_64,64.0,cnn_s,53
45,2.2655396461486816,0.15654761904761902,0.15492957746478872,native,sr_64,64.0,cnn_s,53
46,2.261831760406494,0.15654761904761902,0.15492957746478872,native,sr_64,64.0,cnn_s,53
47,2.2582027912139893,0.15654761904761902,0.15492957746478872,native,sr_64,64.0,cnn_s,53
48,2.254647731781006,0.15654761904761902,0.15492957746478872,native,sr_64,64.0,cnn_s,53
49,2.25116229057312,0.15654761904761902,0.15492957746478872,native,sr_64,64.0,cnn_s,53
50,2.247741937637329,0.1704365079365079,0.16901408450704225,native,sr_64,64.0,cnn_s,53
51,2.244382858276367,0.1704365079365079,0.16901408450704225,native,sr_64,64.0,cnn_s,53
52,2.2410812377929688,0.1704365079365079,0.16901408450704225,native,sr_64,64.0,cnn_s,53
53,2.237833023071289,0.1704365079365079,0.16901408450704225,native,sr_64,64.0,cnn_s,53
54,2.234636068344116,0.1704365079365079,0.16901408450704225,native,sr_64,64.0,cnn_s,53
55,2.231487274169922,0.1704365079365079,0.16901408450704225,native,sr_64,64.0,cnn_s,53
56,2.2283847332000732,0.1704365079365079,0.16901408450704225,native,sr_64,64.0,cnn_s,53
57,2.2253267765045166,0.1704365079365079,0.16901408450704225,native,sr_64,64.0,cnn_s,53
58,2.2223124504089355,0.1704365079365079,0.16901408450704225,native,sr_64,64.0,cnn_s,53
59,2.219341516494751,0.1704365079365079,0.16901408450704225,native,sr_64,64.0,cnn_s,53
60,2.2164130210876465,0.1704365079365079,0.16901408450704225,native,sr_64,64.0,cnn_s,53
61,2.213526725769043,0.1704365079365079,0.16901408450704225,native,sr_64,64.0,cnn_s,53
62,2.2106823921203613,0.158531746031746,0.15492957746478872,native,sr_64,64.0,cnn_s,53
63,2.2078795433044434,0.158531746031746,0.15492957746478872,native,sr_64,64.0,cnn_s,53
64,2.205117702484131,0.158531746031746,0.15492957746478872,native,sr_64,64.0,cnn_s,53
65,2.2023961544036865,0.158531746031746,0.15492957746478872,native,sr_64,64.0,cnn_s,53
66,2.199713706970215,0.158531746031746,0.15492957746478872,native,sr_64,64.0,cnn_s,53
67,2.1970694065093994,0.158531746031746,0.15492957746478872,native,sr_64,64.0,cnn_s,53
68,2.194462299346924,0.1724206349206349,0.16901408450704225,native,sr_64,64.0,cnn_s,53
69,2.1918909549713135,0.1724206349206349,0.16901408450704225,native,sr_64,64.0,cnn_s,53
70,2.189354658126831,0.1724206349206349,0.16901408450704225,native,sr_64,64.0,cnn_s,53
71,2.18685245513916,0.1724206349206349,0.16901408450704225,native,sr_64,64.0,cnn_s,53
72,2.1843836307525635,0.1724206349206349,0.16901408450704225,native,sr_64,64.0,cnn_s,53
73,2.1819469928741455,0.1724206349206349,0.16901408450704225,native,sr_64,64.0,cnn_s,53
74,2.1795430183410645,0.1724206349206349,0.16901408450704225,native,sr_64,64.0,cnn_s,53
75,2.177170991897583,0.1724206349206349,0.16901408450704225,native,sr_64,64.0,cnn_s,53
76,2.1748297214508057,0.1724206349206349,0.16901408450704225,native,sr_64,64.0,cnn_s,53
77,2.1725194454193115,0.1724206349206349,0.16901408450704225,native,sr_64,64.0,cnn_s,53
78,2.170239210128784,0.1724206349206349,0.16901408450704225,native,sr_64,64.0,cnn_s,53
79,2.1679883003234863,0.1724206349206349,0.16901408450704225,native,sr_64,64.0,cnn_s,53
80,2.165766716003418,0.1724206349206349,0.16901408450704225,native,sr_64,64.0,cnn_s,53
81,2.1635730266571045,0.1724206349206349,0.16901408450704225,native,sr_64,64.0,cnn_s,53
82,2.1614067554473877,0.1724206349206349,0.16901408450704225,native,sr_64,64.0,cnn_s,53
83,2.1592681407928467,0.1724206349206349,0.16901408450704225,native,sr_64,64.0,cnn_s,53
84,2.1571555137634277,0.18432539682539684,0.18309859154929578,native,sr_64,64.0,cnn_s,53
85,2.155069351196289,0.18432539682539684,0.18309859154929578,native,sr_64,64.0,cnn_s,53
86,2.1530089378356934,0.18432539682539684,0.18309859154929578,native,sr_64,64.0,cnn_s,53
87,2.1509735584259033,0.18432539682539684,0.18309859154929578,native,sr_64,64.0,cnn_s,53
88,2.148963451385498,0.18432539682539684,0.18309859154929578,native,sr_64,64.0,cnn_s,53
89,2.1469779014587402,0.18432539682539684,0.18309859154929578,native,sr_64,64.0,cnn_s,53
90,2.1450164318084717,0.18432539682539684,0.18309859154929578,native,sr_64,64.0,cnn_s,53
91,2.143078327178955,0.18432539682539684,0.18309859154929578,native,sr_64,64.0,cnn_s,53
92,2.1411640644073486,0.18432539682539684,0.18309859154929578,native,sr_64,64.0,cnn_s,53
93,2.139272689819336,0.18432539682539684,0.18309859154929578,native,sr_64,64.0,cnn_s,53
94,2.137403964996338,0.18432539682539684,0.18309859154929578,native,sr_64,64.0,cnn_s,53
95,2.1355576515197754,0.18432539682539684,0.18309859154929578,native,sr_64,64.0,cnn_s,53
96,2.1337332725524902,0.18432539682539684,0.18309859154929578,native,sr_64,64.0,cnn_s,53
97,2.131930112838745,0.18432539682539684,0.18309859154929578,native,sr_64,64.0,cnn_s,53
98,2.1301486492156982,0.18432539682539684,0.18309859154929578,native,sr_64,64.0,cnn_s,53
99,2.1283881664276123,0.18432539682539684,0.18309859154929578,native,sr_64,64.0,cnn_s,53
100,2.126648187637329,0.18432539682539684,0.18309859154929578,native,sr_64,64.0,cnn_s,53
101,2.1249289512634277,0.18432539682539684,0.18309859154929578,native,sr_64,64.0,cnn_s,53
102,2.123229742050171,0.18432539682539684,0.18309859154929578,native,sr_64,64.0,cnn_s,53
103,2.1215503215789795,0.18432539682539684,0.18309859154929578,native,sr_64,64.0,cnn_s,53
104,2.1198906898498535,0.18432539682539684,0.18309859154929578,native,sr_64,64.0,cnn_s,53
105,2.1182501316070557,0.18432539682539684,0.18309859154929578,native,sr_64,64.0,cnn_s,53
106,2.116628885269165,0.18432539682539684,0.18309859154929578,native,sr_64,64.0,cnn_s,53
107,2.1150262355804443,0.18432539682539684,0.18309859154929578,native,sr_64,64.0,cnn_s,53
108,2.1134424209594727,0.18432539682539684,0.18309859154929578,native,sr_64,64.0,cnn_s,53
109,2.1118764877319336,0.18432539682539684,0.18309859154929578,native,sr_64,64.0,cnn_s,53
110,2.1103286743164062,0.18432539682539684,0.18309859154929578,native,sr_64,64.0,cnn_s,53
111,2.1087987422943115,0.18432539682539684,0.18309859154929578,native,sr_64,64.0,cnn_s,53
112,2.1072864532470703,0.18432539682539684,0.18309859154929578,native,sr_64,64.0,cnn_s,53
113,2.1057913303375244,0.18432539682539684,0.18309859154929578,native,sr_64,64.0,cnn_s,53
114,2.104313611984253,0.18432539682539684,0.18309859154929578,native,sr_64,64.0,cnn_s,53
1,2.643441677093506,0.0982142857142857,0.09859154929577464,native,sr_200,200.0,cnn_m,53
2,2.4739527702331543,0.10317460317460318,0.11267605633802817,native,sr_200,200.0,cnn_m,53
3,2.402695417404175,0.09920634920634919,0.11267605633802817,native,sr_200,200.0,cnn_m,53
4,2.351656913757324,0.09920634920634919,0.11267605633802817,native,sr_200,200.0,cnn_m,53
5,2.297645092010498,0.1130952380952381,0.1267605633802817,native,sr_200,200.0,cnn_m,53
6,2.2414071559906006,0.11706349206349205,0.1267605633802817,native,sr_200,200.0,cnn_m,53
7,2.1871280670166016,0.14087301587301587,0.15492957746478872,native,sr_200,200.0,cnn_m,53
8,2.137937545776367,0.13888888888888887,0.15492957746478872,native,sr_200,200.0,cnn_m,53
9,2.09557843208313,0.13888888888888887,0.15492957746478872,native,sr_200,200.0,cnn_m,53
10,2.060128688812256,0.17936507936507937,0.19718309859154928,native,sr_200,200.0,cnn_m,53
11,2.0294384956359863,0.17460317460317462,0.19718309859154928,native,sr_200,200.0,cnn_m,53
12,2.0006630420684814,0.17460317460317462,0.19718309859154928,native,sr_200,200.0,cnn_m,53
13,1.9729472398757935,0.17460317460317462,0.19718309859154928,native,sr_200,200.0,cnn_m,53
14,1.9468547105789185,0.17460317460317462,0.19718309859154928,native,sr_200,200.0,cnn_m,53
15,1.9225568771362305,0.20238095238095236,0.22535211267605634,native,sr_200,200.0,cnn_m,53
16,1.8997400999069214,0.20238095238095236,0.22535211267605634,native,sr_200,200.0,cnn_m,53
17,1.8781951665878296,0.2142857142857143,0.23943661971830985,native,sr_200,200.0,cnn_m,53
18,1.8577834367752075,0.20238095238095236,0.22535211267605634,native,sr_200,200.0,cnn_m,53
19,1.8383172750473022,0.20238095238095236,0.22535211267605634,native,sr_200,200.0,cnn_m,53
20,1.8196710348129272,0.23710317460317462,0.2535211267605634,native,sr_200,200.0,cnn_m,53
21,1.8018327951431274,0.2251984126984127,0.23943661971830985,native,sr_200,200.0,cnn_m,53
22,1.7848255634307861,0.2251984126984127,0.23943661971830985,native,sr_200,200.0,cnn_m,53
23,1.7686799764633179,0.2529761904761905,0.2676056338028169,native,sr_200,200.0,cnn_m,53
24,1.753483772277832,0.23214285714285718,0.2535211267605634,native,sr_200,200.0,cnn_m,53
25,1.7392897605895996,0.23214285714285718,0.2535211267605634,native,sr_200,200.0,cnn_m,53
26,1.7259222269058228,0.2529761904761905,0.2676056338028169,native,sr_200,200.0,cnn_m,53
27,1.7130128145217896,0.2529761904761905,0.2676056338028169,native,sr_200,200.0,cnn_m,53
28,1.700291633605957,0.27380952380952384,0.28169014084507044,native,sr_200,200.0,cnn_m,53
29,1.6877431869506836,0.27380952380952384,0.28169014084507044,native,sr_200,200.0,cnn_m,53
30,1.6755117177963257,0.25992063492063494,0.2676056338028169,native,sr_200,200.0,cnn_m,53
31,1.663779854774475,0.25992063492063494,0.2676056338028169,native,sr_200,200.0,cnn_m,53
32,1.6526950597763062,0.2765873015873016,0.28169014084507044,native,sr_200,200.0,cnn_m,53
33,1.6422641277313232,0.2765873015873016,0.28169014084507044,native,sr_200,200.0,cnn_m,53
34,1.632307529449463,0.2765873015873016,0.28169014084507044,native,sr_200,200.0,cnn_m,53
35,1.6225669384002686,0.2626984126984127,0.2676056338028169,native,sr_200,200.0,cnn_m,53
36,1.6128673553466797,0.2507936507936508,0.2535211267605634,native,sr_200,200.0,cnn_m,53
37,1.6031962633132935,0.2646825396825397,0.2676056338028169,native,sr_200,200.0,cnn_m,53
38,1.59368097782135,0.2765873015873016,0.28169014084507044,native,sr_200,200.0,cnn_m,53
39,1.5844990015029907,0.2765873015873016,0.28169014084507044,native,sr_200,200.0,cnn_m,53
40,1.575749397277832,0.2765873015873016,0.28169014084507044,native,sr_200,200.0,cnn_m,53
41,1.5673748254776,0.2765873015873016,0.28169014084507044,native,sr_200,200.0,cnn_m,53
42,1.5592143535614014,0.2765873015873016,0.28169014084507044,native,sr_200,200.0,cnn_m,53
43,1.5511339902877808,0.2765873015873016,0.28169014084507044,native,sr_200,200.0,cnn_m,53
44,1.5430995225906372,0.2646825396825397,0.2676056338028169,native,sr_200,200.0,cnn_m,53
45,1.5351637601852417,0.2646825396825397,0.2676056338028169,native,sr_200,200.0,cnn_m,53
46,1.5274243354797363,0.2646825396825397,0.2676056338028169,native,sr_200,200.0,cnn_m,53
47,1.519957423210144,0.2646825396825397,0.2676056338028169,native,sr_200,200.0,cnn_m,53
48,1.5127586126327515,0.2646825396825397,0.2676056338028169,native,sr_200,200.0,cnn_m,53
49,1.505754828453064,0.2646825396825397,0.2676056338028169,native,sr_200,200.0,cnn_m,53
50,1.4988689422607422,0.2646825396825397,0.2676056338028169,native,sr_200,200.0,cnn_m,53
51,1.4920648336410522,0.2646825396825397,0.2676056338028169,native,sr_200,200.0,cnn_m,53
52,1.485350489616394,0.2646825396825397,0.2676056338028169,native,sr_200,200.0,cnn_m,53
53,1.4787635803222656,0.2765873015873016,0.28169014084507044,native,sr_200,200.0,cnn_m,53
54,1.472342848777771,0.2765873015873016,0.28169014084507044,native,sr_200,200.0,cnn_m,53
55,1.4660954475402832,0.2765873015873016,0.28169014084507044,native,sr_200,200.0,cnn_m,53
56,1.4599943161010742,0.2765873015873016,0.28169014084507044,native,sr_200,200.0,cnn_m,53
57,1.4540036916732788,0.28849206349206347,0.29577464788732394,native,sr_200,200.0,cnn_m,53
58,1.4480996131896973,0.28849206349206347,0.29577464788732394,native,sr_200,200.0,cnn_m,53
59,1.4422768354415894,0.28849206349206347,0.29577464788732394,native,sr_200,200.0,cnn_m,53
60,1.4365488290786743,0.28849206349206347,0.29577464788732394,native,sr_200,200.0,cnn_m,53
61,1.4309351444244385,0.28849206349206347,0.29577464788732394,native,sr_200,200.0,cnn_m,53
62,1.4254413843154907,0.28849206349206347,0.29577464788732394,native,sr_200,200.0,cnn_m,53
63,1.4200555086135864,0.28849206349206347,0.29577464788732394,native,sr_200,200.0,cnn_m,53
64,1.4147579669952393,0.28849206349206347,0.29577464788732394,native,sr_200,200.0,cnn_m,53
65,1.4095330238342285,0.28849206349206347,0.29577464788732394,native,sr_200,200.0,cnn_m,53
66,1.4043749570846558,0.28849206349206347,0.29577464788732394,native,sr_200,200.0,cnn_m,53
67,1.3992893695831299,0.28849206349206347,0.29577464788732394,native,sr_200,200.0,cnn_m,53
68,1.394287109375,0.28849206349206347,0.29577464788732394,native,sr_200,200.0,cnn_m,53
69,1.3893718719482422,0.28849206349206347,0.29577464788732394,native,sr_200,200.0,cnn_m,53
70,1.3845388889312744,0.28849206349206347,0.29577464788732394,native,sr_200,200.0,cnn_m,53
71,1.3797791004180908,0.28849206349206347,0.29577464788732394,native,sr_200,200.0,cnn_m,53
72,1.3750836849212646,0.28849206349206347,0.29577464788732394,native,sr_200,200.0,cnn_m,53
73,1.370448350906372,0.30238095238095236,0.30985915492957744,native,sr_200,200.0,cnn_m,53
74,1.365875244140625,0.30238095238095236,0.30985915492957744,native,sr_200,200.0,cnn_m,53
75,1.3613693714141846,0.30238095238095236,0.30985915492957744,native,sr_200,200.0,cnn_m,53
76,1.3569320440292358,0.30238095238095236,0.30985915492957744,native,sr_200,200.0,cnn_m,53
77,1.3525593280792236,0.30238095238095236,0.30985915492957744,native,sr_200,200.0,cnn_m,53
78,1.3482449054718018,0.30238095238095236,0.30985915492957744,native,sr_200,200.0,cnn_m,53
79,1.3439831733703613,0.30238095238095236,0.30985915492957744,native,sr_200,200.0,cnn_m,53
80,1.3397719860076904,0.30238095238095236,0.30985915492957744,native,sr_200,200.0,cnn_m,53
81,1.335613489151001,0.30238095238095236,0.30985915492957744,native,sr_200,200.0,cnn_m,53
82,1.331510066986084,0.30238095238095236,0.30985915492957744,native,sr_200,200.0,cnn_m,53
83,1.3274611234664917,0.30238095238095236,0.30985915492957744,native,sr_200,200.0,cnn_m,53
84,1.323463797569275,0.30238095238095236,0.30985915492957744,native,sr_200,200.0,cnn_m,53
85,1.319514274597168,0.30238095238095236,0.30985915492957744,native,sr_200,200.0,cnn_m,53
86,1.3156102895736694,0.28849206349206347,0.29577464788732394,native,sr_200,200.0,cnn_m,53
87,1.3117514848709106,0.28849206349206347,0.29577464788732394,native,sr_200,200.0,cnn_m,53
88,1.307938575744629,0.28849206349206347,0.29577464788732394,native,sr_200,200.0,cnn_m,53
89,1.3041718006134033,0.28849206349206347,0.29577464788732394,native,sr_200,200.0,cnn_m,53
90,1.3004497289657593,0.28849206349206347,0.29577464788732394,native,sr_200,200.0,cnn_m,53
91,1.296770453453064,0.28849206349206347,0.29577464788732394,native,sr_200,200.0,cnn_m,53
92,1.293131947517395,0.28849206349206347,0.29577464788732394,native,sr_200,200.0,cnn_m,53
93,1.2895328998565674,0.28849206349206347,0.29577464788732394,native,sr_200,200.0,cnn_m,53
94,1.2859731912612915,0.28849206349206347,0.29577464788732394,native,sr_200,200.0,cnn_m,53
95,1.2824525833129883,0.28849206349206347,0.29577464788732394,native,sr_200,200.0,cnn_m,53
96,1.2789708375930786,0.28849206349206347,0.29577464788732394,native,sr_200,200.0,cnn_m,53
97,1.275526762008667,0.28849206349206347,0.29577464788732394,native,sr_200,200.0,cnn_m,53
98,1.272119164466858,0.28849206349206347,0.29577464788732394,native,sr_200,200.0,cnn_m,53
99,1.2687468528747559,0.28849206349206347,0.29577464788732394,native,sr_200,200.0,cnn_m,53
100,1.2654091119766235,0.28849206349206347,0.29577464788732394,native,sr_200,200.0,cnn_m,53
101,1.2621057033538818,0.28849206349206347,0.29577464788732394,native,sr_200,200.0,cnn_m,53
102,1.2588361501693726,0.28849206349206347,0.29577464788732394,native,sr_200,200.0,cnn_m,53
103,1.255599856376648,0.28849206349206347,0.29577464788732394,native,sr_200,200.0,cnn_m,53
1,2.6360254287719727,0.11686507936507935,0.11267605633802817,native,sr_64,64.0,cnn_m,53
2,2.458177328109741,0.11686507936507935,0.11267605633802817,native,sr_64,64.0,cnn_m,53
3,2.3870794773101807,0.13095238095238096,0.14084507042253522,native,sr_64,64.0,cnn_m,53
4,2.33434796333313,0.11706349206349205,0.1267605633802817,native,sr_64,64.0,cnn_m,53
5,2.2766757011413574,0.11706349206349205,0.1267605633802817,native,sr_64,64.0,cnn_m,53
6,2.215947389602661,0.12896825396825395,0.14084507042253522,native,sr_64,64.0,cnn_m,53
7,2.1569714546203613,0.12896825396825395,0.14084507042253522,native,sr_64,64.0,cnn_m,53
8,2.1036550998687744,0.14087301587301587,0.15492957746478872,native,sr_64,64.0,cnn_m,53
9,2.057752847671509,0.16468253968253968,0.18309859154929578,native,sr_64,64.0,cnn_m,53
10,2.0186543464660645,0.16468253968253968,0.18309859154929578,native,sr_64,64.0,cnn_m,53
11,1.984346866607666,0.16468253968253968,0.18309859154929578,native,sr_64,64.0,cnn_m,53
12,1.952667236328125,0.16468253968253968,0.18309859154929578,native,sr_64,64.0,cnn_m,53
13,1.9224534034729004,0.16468253968253968,0.18309859154929578,native,sr_64,64.0,cnn_m,53
14,1.89344322681427,0.15277777777777776,0.16901408450704225,native,sr_64,64.0,cnn_m,53
15,1.8655586242675781,0.16666666666666666,0.18309859154929578,native,sr_64,64.0,cnn_m,53
16,1.8387361764907837,0.16666666666666666,0.18309859154929578,native,sr_64,64.0,cnn_m,53
17,1.8130131959915161,0.16666666666666666,0.18309859154929578,native,sr_64,64.0,cnn_m,53
18,1.7884584665298462,0.18055555555555555,0.19718309859154928,native,sr_64,64.0,cnn_m,53
19,1.7650586366653442,0.18055555555555555,0.19718309859154928,native,sr_64,64.0,cnn_m,53
20,1.7427676916122437,0.19444444444444442,0.2112676056338028,native,sr_64,64.0,cnn_m,53
21,1.721630573272705,0.19444444444444442,0.2112676056338028,native,sr_64,64.0,cnn_m,53
22,1.7017173767089844,0.2083333333333333,0.22535211267605634,native,sr_64,64.0,cnn_m,53
23,1.6829103231430054,0.19444444444444442,0.2112676056338028,native,sr_64,64.0,cnn_m,53
24,1.6648428440093994,0.19444444444444442,0.2112676056338028,native,sr_64,64.0,cnn_m,53
25,1.6471298933029175,0.19444444444444442,0.2112676056338028,native,sr_64,64.0,cnn_m,53
26,1.6296885013580322,0.21527777777777776,0.22535211267605634,native,sr_64,64.0,cnn_m,53
27,1.6127984523773193,0.22718253968253965,0.23943661971830985,native,sr_64,64.0,cnn_m,53
28,1.5968174934387207,0.22718253968253965,0.23943661971830985,native,sr_64,64.0,cnn_m,53
29,1.5818288326263428,0.22718253968253965,0.23943661971830985,native,sr_64,64.0,cnn_m,53
30,1.5675926208496094,0.22718253968253965,0.23943661971830985,native,sr_64,64.0,cnn_m,53
31,1.5537972450256348,0.23908730158730154,0.2535211267605634,native,sr_64,64.0,cnn_m,53
32,1.5402700901031494,0.23908730158730154,0.2535211267605634,native,sr_64,64.0,cnn_m,53
33,1.526979923248291,0.23908730158730154,0.2535211267605634,native,sr_64,64.0,cnn_m,53
34,1.513981819152832,0.2529761904761904,0.2676056338028169,native,sr_64,64.0,cnn_m,53
35,1.50138521194458,0.24107142857142852,0.2535211267605634,native,sr_64,64.0,cnn_m,53
36,1.4892972707748413,0.24107142857142852,0.2535211267605634,native,sr_64,64.0,cnn_m,53
37,1.477728247642517,0.21726190476190477,0.22535211267605634,native,sr_64,64.0,cnn_m,53
38,1.4665563106536865,0.21726190476190477,0.22535211267605634,native,sr_64,64.0,cnn_m,53
39,1.4556221961975098,0.21726190476190477,0.22535211267605634,native,sr_64,64.0,cnn_m,53
40,1.44485604763031,0.21726190476190477,0.22535211267605634,native,sr_64,64.0,cnn_m,53
41,1.4342952966690063,0.21726190476190477,0.22535211267605634,native,sr_64,64.0,cnn_m,53
42,1.4239968061447144,0.22916666666666666,0.23943661971830985,native,sr_64,64.0,cnn_m,53
43,1.4139742851257324,0.21527777777777776,0.22535211267605634,native,sr_64,64.0,cnn_m,53
44,1.4042181968688965,0.21527777777777776,0.22535211267605634,native,sr_64,64.0,cnn_m,53
45,1.394729733467102,0.21527777777777776,0.22535211267605634,native,sr_64,64.0,cnn_m,53
46,1.3855106830596924,0.21527777777777776,0.22535211267605634,native,sr_64,64.0,cnn_m,53
47,1.3765355348587036,0.21527777777777776,0.22535211267605634,native,sr_64,64.0,cnn_m,53
48,1.3677551746368408,0.22718253968253965,0.23943661971830985,native,sr_64,64.0,cnn_m,53
49,1.3591336011886597,0.23908730158730154,0.2535211267605634,native,sr_64,64.0,cnn_m,53
50,1.35066819190979,0.23908730158730154,0.2535211267605634,native,sr_64,64.0,cnn_m,53
51,1.342381477355957,0.23908730158730154,0.2535211267605634,native,sr_64,64.0,cnn_m,53
52,1.3343017101287842,0.23908730158730154,0.2535211267605634,native,sr_64,64.0,cnn_m,53
53,1.3264418840408325,0.23908730158730154,0.2535211267605634,native,sr_64,64.0,cnn_m,53
54,1.31878662109375,0.23908730158730154,0.2535211267605634,native,sr_64,64.0,cnn_m,53
55,1.311294674873352,0.23908730158730154,0.2535211267605634,native,sr_64,64.0,cnn_m,53
56,1.3039263486862183,0.23908730158730154,0.2535211267605634,native,sr_64,64.0,cnn_m,53
57,1.2966707944869995,0.23908730158730154,0.2535211267605634,native,sr_64,64.0,cnn_m,53
58,1.2895454168319702,0.23908730158730154,0.2535211267605634,native,sr_64,64.0,cnn_m,53
59,1.282570719718933,0.23908730158730154,0.2535211267605634,native,sr_64,64.0,cnn_m,53
60,1.2757495641708374,0.23908730158730154,0.2535211267605634,native,sr_64,64.0,cnn_m,53
61,1.2690681219100952,0.24603174603174602,0.2535211267605634,native,sr_64,64.0,cnn_m,53
62,1.2625080347061157,0.24603174603174602,0.2535211267605634,native,sr_64,64.0,cnn_m,53
63,1.2560564279556274,0.24603174603174602,0.2535211267605634,native,sr_64,64.0,cnn_m,53
64,1.2497082948684692,0.24603174603174602,0.2535211267605634,native,sr_64,64.0,cnn_m,53
1,2.6833503246307373,0.24444444444444444,0.2535211267605634,native,sr_200,200.0,cnn_l,53
2,1.4018971920013428,0.33174603174603173,0.352112676056338,native,sr_200,200.0,cnn_l,53
3,0.7840813994407654,0.3615079365079365,0.36619718309859156,native,sr_200,200.0,cnn_l,53
4,0.49855050444602966,0.3942460317460317,0.39436619718309857,native,sr_200,200.0,cnn_l,53
5,0.35326042771339417,0.3942460317460317,0.39436619718309857,native,sr_200,200.0,cnn_l,53
6,0.27070799469947815,0.3823412698412698,0.38028169014084506,native,sr_200,200.0,cnn_l,53
7,0.21880830824375153,0.40317460317460313,0.39436619718309857,native,sr_200,200.0,cnn_l,53
8,0.1833759844303131,0.39126984126984127,0.38028169014084506,native,sr_200,200.0,cnn_l,53
9,0.15749794244766235,0.39126984126984127,0.38028169014084506,native,sr_200,200.0,cnn_l,53
10,0.13756892085075378,0.39126984126984127,0.38028169014084506,native,sr_200,200.0,cnn_l,53
11,0.12164833396673203,0.39126984126984127,0.38028169014084506,native,sr_200,200.0,cnn_l,53
12,0.10865630954504013,0.39126984126984127,0.38028169014084506,native,sr_200,200.0,cnn_l,53
13,0.09793942421674728,0.39126984126984127,0.38028169014084506,native,sr_200,200.0,cnn_l,53
14,0.08903925865888596,0.40317460317460324,0.39436619718309857,native,sr_200,200.0,cnn_l,53
15,0.0815858244895935,0.40317460317460324,0.39436619718309857,native,sr_200,200.0,cnn_l,53
16,0.07526250928640366,0.40317460317460324,0.39436619718309857,native,sr_200,200.0,cnn_l,53
17,0.06980444490909576,0.40317460317460324,0.39436619718309857,native,sr_200,200.0,cnn_l,53
18,0.06500682234764099,0.40317460317460324,0.39436619718309857,native,sr_200,200.0,cnn_l,53
19,0.06072872504591942,0.40317460317460324,0.39436619718309857,native,sr_200,200.0,cnn_l,53
20,0.056885648518800735,0.40317460317460324,0.39436619718309857,native,sr_200,200.0,cnn_l,53
21,0.05343141034245491,0.40317460317460324,0.39436619718309857,native,sr_200,200.0,cnn_l,53
22,0.050336625427007675,0.40317460317460324,0.39436619718309857,native,sr_200,200.0,cnn_l,53
23,0.04757197946310043,0.40317460317460324,0.39436619718309857,native,sr_200,200.0,cnn_l,53
24,0.04510084539651871,0.40317460317460324,0.39436619718309857,native,sr_200,200.0,cnn_l,53
25,0.04288117215037346,0.40317460317460324,0.39436619718309857,native,sr_200,200.0,cnn_l,53
26,0.04087183251976967,0.40317460317460324,0.39436619718309857,native,sr_200,200.0,cnn_l,53
27,0.039038632065057755,0.40317460317460324,0.39436619718309857,native,sr_200,200.0,cnn_l,53
28,0.03735705092549324,0.40317460317460324,0.39436619718309857,native,sr_200,200.0,cnn_l,53
29,0.03581121936440468,0.40317460317460324,0.39436619718309857,native,sr_200,200.0,cnn_l,53
30,0.034390710294246674,0.40317460317460324,0.39436619718309857,native,sr_200,200.0,cnn_l,53
31,0.033086810261011124,0.41507936507936516,0.4084507042253521,native,sr_200,200.0,cnn_l,53
32,0.0318899005651474,0.41507936507936516,0.4084507042253521,native,sr_200,200.0,cnn_l,53
33,0.03078852780163288,0.41507936507936516,0.4084507042253521,native,sr_200,200.0,cnn_l,53
34,0.029769891873002052,0.41507936507936516,0.4084507042253521,native,sr_200,200.0,cnn_l,53
35,0.0288214311003685,0.41507936507936516,0.4084507042253521,native,sr_200,200.0,cnn_l,53
36,0.027932172641158104,0.41507936507936516,0.4084507042253521,native,sr_200,200.0,cnn_l,53
37,0.027093827724456787,0.41507936507936516,0.4084507042253521,native,sr_200,200.0,cnn_l,53
38,0.026300912722945213,0.41507936507936516,0.4084507042253521,native,sr_200,200.0,cnn_l,53
39,0.02555033005774021,0.41507936507936516,0.4084507042253521,native,sr_200,200.0,cnn_l,53
40,0.024840455502271652,0.41507936507936516,0.4084507042253521,native,sr_200,200.0,cnn_l,53
41,0.0241701677441597,0.41507936507936516,0.4084507042253521,native,sr_200,200.0,cnn_l,53
42,0.02353822812438011,0.41507936507936516,0.4084507042253521,native,sr_200,200.0,cnn_l,53
43,0.022942829877138138,0.41507936507936516,0.4084507042253521,native,sr_200,200.0,cnn_l,53
44,0.022381644695997238,0.41507936507936516,0.4084507042253521,native,sr_200,200.0,cnn_l,53
45,0.02185198664665222,0.41507936507936516,0.4084507042253521,native,sr_200,200.0,cnn_l,53
46,0.021351134404540062,0.41507936507936516,0.4084507042253521,native,sr_200,200.0,cnn_l,53
47,0.020876580849289894,0.41507936507936516,0.4084507042253521,native,sr_200,200.0,cnn_l,53
48,0.0204261913895607,0.41507936507936516,0.4084507042253521,native,sr_200,200.0,cnn_l,53
49,0.019998233765363693,0.41507936507936516,0.4084507042253521,native,sr_200,200.0,cnn_l,53
50,0.019591286778450012,0.41507936507936516,0.4084507042253521,native,sr_200,200.0,cnn_l,53
51,0.019204145297408104,0.41507936507936516,0.4084507042253521,native,sr_200,200.0,cnn_l,53
52,0.018835660070180893,0.40317460317460324,0.39436619718309857,native,sr_200,200.0,cnn_l,53
53,0.01848466694355011,0.40317460317460324,0.39436619718309857,native,sr_200,200.0,cnn_l,53
54,0.01814996637403965,0.40317460317460324,0.39436619718309857,native,sr_200,200.0,cnn_l,53
55,0.017830336466431618,0.40317460317460324,0.39436619718309857,native,sr_200,200.0,cnn_l,53
56,0.017524605616927147,0.40317460317460324,0.39436619718309857,native,sr_200,200.0,cnn_l,53
57,0.017231695353984833,0.40317460317460324,0.39436619718309857,native,sr_200,200.0,cnn_l,53
58,0.01695067062973976,0.40317460317460324,0.39436619718309857,native,sr_200,200.0,cnn_l,53
59,0.016680747270584106,0.40317460317460324,0.39436619718309857,native,sr_200,200.0,cnn_l,53
60,0.016421236097812653,0.40317460317460324,0.39436619718309857,native,sr_200,200.0,cnn_l,53
61,0.016171548515558243,0.40317460317460324,0.39436619718309857,native,sr_200,200.0,cnn_l,53
1,2.631974458694458,0.4388888888888889,0.4507042253521127,native,sr_64,64.0,cnn_l,53
2,1.08957040309906,0.5559523809523809,0.5633802816901409,native,sr_64,64.0,cnn_l,53
3,0.36132341623306274,0.5698412698412698,0.5774647887323944,native,sr_64,64.0,cnn_l,53
4,0.12434940040111542,0.5698412698412698,0.5774647887323944,native,sr_64,64.0,cnn_l,53
5,0.050717536360025406,0.5371031746031746,0.5492957746478874,native,sr_64,64.0,cnn_l,53
6,0.024441678076982498,0.5232142857142857,0.5352112676056338,native,sr_64,64.0,cnn_l,53
7,0.01343538798391819,0.5232142857142857,0.5352112676056338,native,sr_64,64.0,cnn_l,53
8,0.008161971345543861,0.5232142857142857,0.5352112676056338,native,sr_64,64.0,cnn_l,53
9,0.005353312939405441,0.544047619047619,0.5492957746478874,native,sr_64,64.0,cnn_l,53
10,0.003728039562702179,0.544047619047619,0.5492957746478874,native,sr_64,64.0,cnn_l,53
11,0.0027235341258347034,0.5301587301587302,0.5352112676056338,native,sr_64,64.0,cnn_l,53
12,0.002068849978968501,0.5301587301587302,0.5352112676056338,native,sr_64,64.0,cnn_l,53
13,0.0016231699846684933,0.5301587301587302,0.5352112676056338,native,sr_64,64.0,cnn_l,53
14,0.0013085843529552221,0.5301587301587302,0.5352112676056338,native,sr_64,64.0,cnn_l,53
15,0.0010796437272801995,0.5301587301587302,0.5352112676056338,native,sr_64,64.0,cnn_l,53
16,0.0009086626232601702,0.5301587301587302,0.5352112676056338,native,sr_64,64.0,cnn_l,53
17,0.000778072455432266,0.5301587301587302,0.5352112676056338,native,sr_64,64.0,cnn_l,53
18,0.000676370516885072,0.5301587301587302,0.5352112676056338,native,sr_64,64.0,cnn_l,53
19,0.0005958352703601122,0.5301587301587302,0.5352112676056338,native,sr_64,64.0,cnn_l,53
20,0.0005310904234647751,0.5301587301587302,0.5352112676056338,native,sr_64,64.0,cnn_l,53
21,0.0004783605982083827,0.5301587301587302,0.5352112676056338,native,sr_64,64.0,cnn_l,53
22,0.0004349107330199331,0.5301587301587302,0.5352112676056338,native,sr_64,64.0,cnn_l,53
23,0.00039872346678748727,0.5301587301587302,0.5352112676056338,native,sr_64,64.0,cnn_l,53
24,0.00036831176839768887,0.5301587301587302,0.5352112676056338,native,sr_64,64.0,cnn_l,53
25,0.0003425435861572623,0.5301587301587302,0.5352112676056338,native,sr_64,64.0,cnn_l,53
26,0.000320526392897591,0.5301587301587302,0.5352112676056338,native,sr_64,64.0,cnn_l,53
27,0.00030160267488099635,0.5301587301587302,0.5352112676056338,native,sr_64,64.0,cnn_l,53
28,0.0002852242614608258,0.5301587301587302,0.5352112676056338,native,sr_64,64.0,cnn_l,53
29,0.0002709782274905592,0.5301587301587302,0.5352112676056338,native,sr_64,64.0,cnn_l,53
30,0.00025851637474261224,0.5301587301587302,0.5352112676056338,native,sr_64,64.0,cnn_l,53
31,0.00024756690254434943,0.5301587301587302,0.5352112676056338,native,sr_64,64.0,cnn_l,53
32,0.00023789939587004483,0.5301587301587302,0.5352112676056338,native,sr_64,64.0,cnn_l,53
33,0.00022933378932066262,0.5162698412698413,0.5211267605633803,native,sr_64,64.0,cnn_l,53
1,2.791980028152466,0.044642857142857144,0.04225352112676056,native,sr_200,200.0,cnn_s,71
2,2.7513632774353027,0.044642857142857144,0.04225352112676056,native,sr_200,200.0,cnn_s,71
3,2.7135872840881348,0.044642857142857144,0.04225352112676056,native,sr_200,200.0,cnn_s,71
4,2.6788504123687744,0.011904761904761904,0.014084507042253521,native,sr_200,200.0,cnn_s,71
5,2.647231340408325,0.013888888888888888,0.014084507042253521,native,sr_200,200.0,cnn_s,71
6,2.6186845302581787,0.027777777777777776,0.028169014084507043,native,sr_200,200.0,cnn_s,71
7,2.5931315422058105,0.05357142857142857,0.056338028169014086,native,sr_200,200.0,cnn_s,71
8,2.570478916168213,0.06746031746031746,0.07042253521126761,native,sr_200,200.0,cnn_s,71
9,2.5505871772766113,0.06746031746031746,0.07042253521126761,native,sr_200,200.0,cnn_s,71
10,2.5332605838775635,0.06746031746031746,0.07042253521126761,native,sr_200,200.0,cnn_s,71
11,2.5182459354400635,0.06746031746031746,0.07042253521126761,native,sr_200,200.0,cnn_s,71
12,2.5052428245544434,0.06746031746031746,0.07042253521126761,native,sr_200,200.0,cnn_s,71
13,2.493922472000122,0.06746031746031746,0.07042253521126761,native,sr_200,200.0,cnn_s,71
14,2.4839484691619873,0.08134920634920634,0.08450704225352113,native,sr_200,200.0,cnn_s,71
15,2.47499942779541,0.09325396825396826,0.09859154929577464,native,sr_200,200.0,cnn_s,71
16,2.466789722442627,0.10714285714285714,0.11267605633802817,native,sr_200,200.0,cnn_s,71
17,2.4590821266174316,0.10714285714285714,0.11267605633802817,native,sr_200,200.0,cnn_s,71
18,2.451693296432495,0.11904761904761903,0.1267605633802817,native,sr_200,200.0,cnn_s,71
19,2.444491147994995,0.11904761904761903,0.1267605633802817,native,sr_200,200.0,cnn_s,71
20,2.4373908042907715,0.11904761904761903,0.1267605633802817,native,sr_200,200.0,cnn_s,71
21,2.4303438663482666,0.10515873015873016,0.11267605633802817,native,sr_200,200.0,cnn_s,71
22,2.423332452774048,0.1259920634920635,0.1267605633802817,native,sr_200,200.0,cnn_s,71
23,2.4163589477539062,0.1259920634920635,0.1267605633802817,native,sr_200,200.0,cnn_s,71
24,2.409440279006958,0.1259920634920635,0.1267605633802817,native,sr_200,200.0,cnn_s,71
25,2.4026010036468506,0.12400793650793651,0.1267605633802817,native,sr_200,200.0,cnn_s,71
26,2.3958687782287598,0.13789682539682538,0.14084507042253522,native,sr_200,200.0,cnn_s,71
27,2.389270305633545,0.15178571428571427,0.15492957746478872,native,sr_200,200.0,cnn_s,71
28,2.3828282356262207,0.13789682539682538,0.14084507042253522,native,sr_200,200.0,cnn_s,71
29,2.3765599727630615,0.12400793650793647,0.1267605633802817,native,sr_200,200.0,cnn_s,71
30,2.3704752922058105,0.12400793650793647,0.1267605633802817,native,sr_200,200.0,cnn_s,71
31,2.3645784854888916,0.12400793650793647,0.1267605633802817,native,sr_200,200.0,cnn_s,71
32,2.358867883682251,0.1448412698412698,0.14084507042253522,native,sr_200,200.0,cnn_s,71
33,2.353336811065674,0.1448412698412698,0.14084507042253522,native,sr_200,200.0,cnn_s,71
34,2.347975492477417,0.18650793650793648,0.16901408450704225,native,sr_200,200.0,cnn_s,71
35,2.3427741527557373,0.17460317460317457,0.15492957746478872,native,sr_200,200.0,cnn_s,71
36,2.3377225399017334,0.17460317460317457,0.15492957746478872,native,sr_200,200.0,cnn_s,71
37,2.332810878753662,0.17460317460317457,0.15492957746478872,native,sr_200,200.0,cnn_s,71
38,2.3280317783355713,0.1726190476190476,0.15492957746478872,native,sr_200,200.0,cnn_s,71
39,2.3233797550201416,0.1726190476190476,0.15492957746478872,native,sr_200,200.0,cnn_s,71
40,2.3188493251800537,0.1726190476190476,0.15492957746478872,native,sr_200,200.0,cnn_s,71
41,2.3144378662109375,0.1726190476190476,0.15492957746478872,native,sr_200,200.0,cnn_s,71
42,2.3101420402526855,0.1607142857142857,0.14084507042253522,native,sr_200,200.0,cnn_s,71
43,2.3059592247009277,0.13988095238095236,0.1267605633802817,native,sr_200,200.0,cnn_s,71
44,2.301887035369873,0.13988095238095236,0.1267605633802817,native,sr_200,200.0,cnn_s,71
45,2.2979230880737305,0.15178571428571427,0.14084507042253522,native,sr_200,200.0,cnn_s,71
46,2.29406476020813,0.15178571428571427,0.14084507042253522,native,sr_200,200.0,cnn_s,71
47,2.290308952331543,0.16845238095238094,0.15492957746478872,native,sr_200,200.0,cnn_s,71
48,2.286651849746704,0.16845238095238094,0.15492957746478872,native,sr_200,200.0,cnn_s,71
49,2.283090591430664,0.16845238095238094,0.15492957746478872,native,sr_200,200.0,cnn_s,71
50,2.27962064743042,0.16845238095238094,0.15492957746478872,native,sr_200,200.0,cnn_s,71
51,2.276237964630127,0.16845238095238094,0.15492957746478872,native,sr_200,200.0,cnn_s,71
52,2.2729382514953613,0.16845238095238094,0.15492957746478872,native,sr_200,200.0,cnn_s,71
53,2.2697179317474365,0.16845238095238094,0.15492957746478872,native,sr_200,200.0,cnn_s,71
54,2.2665727138519287,0.18928571428571428,0.16901408450704225,native,sr_200,200.0,cnn_s,71
55,2.2634992599487305,0.18928571428571428,0.16901408450704225,native,sr_200,200.0,cnn_s,71
56,2.2604949474334717,0.18928571428571428,0.16901408450704225,native,sr_200,200.0,cnn_s,71
57,2.2575573921203613,0.18928571428571428,0.16901408450704225,native,sr_200,200.0,cnn_s,71
58,2.254685163497925,0.18928571428571428,0.16901408450704225,native,sr_200,200.0,cnn_s,71
59,2.2518770694732666,0.18928571428571428,0.16901408450704225,native,sr_200,200.0,cnn_s,71
60,2.249131679534912,0.18928571428571428,0.16901408450704225,native,sr_200,200.0,cnn_s,71
61,2.2464489936828613,0.18928571428571428,0.16901408450704225,native,sr_200,200.0,cnn_s,71
62,2.2438278198242188,0.17539682539682536,0.15492957746478872,native,sr_200,200.0,cnn_s,71
63,2.241267681121826,0.17539682539682536,0.15492957746478872,native,sr_200,200.0,cnn_s,71
64,2.238767385482788,0.17539682539682536,0.15492957746478872,native,sr_200,200.0,cnn_s,71
65,2.23632550239563,0.18928571428571428,0.16901408450704225,native,sr_200,200.0,cnn_s,71
66,2.2339401245117188,0.18928571428571428,0.16901408450704225,native,sr_200,200.0,cnn_s,71
67,2.231609344482422,0.17738095238095233,0.15492957746478872,native,sr_200,200.0,cnn_s,71
68,2.22933030128479,0.17738095238095233,0.15492957746478872,native,sr_200,200.0,cnn_s,71
69,2.2271006107330322,0.18928571428571428,0.16901408450704225,native,sr_200,200.0,cnn_s,71
70,2.224917411804199,0.18928571428571428,0.16901408450704225,native,sr_200,200.0,cnn_s,71
71,2.2227783203125,0.18928571428571428,0.16901408450704225,native,sr_200,200.0,cnn_s,71
72,2.2206804752349854,0.20317460317460315,0.18309859154929578,native,sr_200,200.0,cnn_s,71
73,2.2186224460601807,0.20317460317460315,0.18309859154929578,native,sr_200,200.0,cnn_s,71
74,2.2166025638580322,0.20317460317460315,0.18309859154929578,native,sr_200,200.0,cnn_s,71
75,2.2146193981170654,0.20317460317460315,0.18309859154929578,native,sr_200,200.0,cnn_s,71
76,2.212672233581543,0.20317460317460315,0.18309859154929578,native,sr_200,200.0,cnn_s,71
77,2.210761070251465,0.20317460317460315,0.18309859154929578,native,sr_200,200.0,cnn_s,71
78,2.2088847160339355,0.20317460317460315,0.18309859154929578,native,sr_200,200.0,cnn_s,71
79,2.207042932510376,0.18234126984126983,0.16901408450704225,native,sr_200,200.0,cnn_s,71
80,2.205235242843628,0.18234126984126983,0.16901408450704225,native,sr_200,200.0,cnn_s,71
81,2.203460931777954,0.18234126984126983,0.16901408450704225,native,sr_200,200.0,cnn_s,71
82,2.2017195224761963,0.19424603174603175,0.18309859154929578,native,sr_200,200.0,cnn_s,71
83,2.200010061264038,0.19424603174603175,0.18309859154929578,native,sr_200,200.0,cnn_s,71
84,2.198331356048584,0.19424603174603175,0.18309859154929578,native,sr_200,200.0,cnn_s,71
85,2.1966826915740967,0.19424603174603175,0.18309859154929578,native,sr_200,200.0,cnn_s,71
86,2.195063591003418,0.19424603174603175,0.18309859154929578,native,sr_200,200.0,cnn_s,71
87,2.1934728622436523,0.19424603174603175,0.18309859154929578,native,sr_200,200.0,cnn_s,71
88,2.1919100284576416,0.19424603174603175,0.18309859154929578,native,sr_200,200.0,cnn_s,71
89,2.1903738975524902,0.19424603174603175,0.18309859154929578,native,sr_200,200.0,cnn_s,71
90,2.188864231109619,0.19424603174603175,0.18309859154929578,native,sr_200,200.0,cnn_s,71
91,2.18738055229187,0.19424603174603175,0.18309859154929578,native,sr_200,200.0,cnn_s,71
92,2.1859216690063477,0.19424603174603175,0.18309859154929578,native,sr_200,200.0,cnn_s,71
93,2.1844871044158936,0.19424603174603175,0.18309859154929578,native,sr_200,200.0,cnn_s,71
94,2.1830766201019287,0.19424603174603175,0.18309859154929578,native,sr_200,200.0,cnn_s,71
95,2.1816892623901367,0.19424603174603175,0.18309859154929578,native,sr_200,200.0,cnn_s,71
96,2.1803245544433594,0.19424603174603175,0.18309859154929578,native,sr_200,200.0,cnn_s,71
97,2.1789820194244385,0.19424603174603175,0.18309859154929578,native,sr_200,200.0,cnn_s,71
98,2.1776607036590576,0.19424603174603175,0.18309859154929578,native,sr_200,200.0,cnn_s,71
99,2.1763603687286377,0.20615079365079367,0.19718309859154928,native,sr_200,200.0,cnn_s,71
100,2.1750805377960205,0.20615079365079367,0.19718309859154928,native,sr_200,200.0,cnn_s,71
101,2.173820734024048,0.20615079365079367,0.19718309859154928,native,sr_200,200.0,cnn_s,71
102,2.1725804805755615,0.20615079365079367,0.19718309859154928,native,sr_200,200.0,cnn_s,71
103,2.1713593006134033,0.19424603174603175,0.18309859154929578,native,sr_200,200.0,cnn_s,71
104,2.170156478881836,0.19424603174603175,0.18309859154929578,native,sr_200,200.0,cnn_s,71
105,2.1689720153808594,0.19424603174603175,0.18309859154929578,native,sr_200,200.0,cnn_s,71
106,2.1678054332733154,0.19424603174603175,0.18309859154929578,native,sr_200,200.0,cnn_s,71
107,2.166656017303467,0.19424603174603175,0.18309859154929578,native,sr_200,200.0,cnn_s,71
108,2.1655237674713135,0.19424603174603175,0.18309859154929578,native,sr_200,200.0,cnn_s,71
109,2.1644082069396973,0.19424603174603175,0.18309859154929578,native,sr_200,200.0,cnn_s,71
110,2.16330885887146,0.19424603174603175,0.18309859154929578,native,sr_200,200.0,cnn_s,71
111,2.1622257232666016,0.19424603174603175,0.18309859154929578,native,sr_200,200.0,cnn_s,71
112,2.1611576080322266,0.19424603174603175,0.18309859154929578,native,sr_200,200.0,cnn_s,71
113,2.1601052284240723,0.19424603174603175,0.18309859154929578,native,sr_200,200.0,cnn_s,71
114,2.159067392349243,0.19424603174603175,0.18309859154929578,native,sr_200,200.0,cnn_s,71
115,2.1580443382263184,0.19424603174603175,0.18309859154929578,native,sr_200,200.0,cnn_s,71
116,2.1570353507995605,0.19424603174603175,0.18309859154929578,native,sr_200,200.0,cnn_s,71
117,2.1560404300689697,0.19424603174603175,0.18309859154929578,native,sr_200,200.0,cnn_s,71
118,2.1550590991973877,0.19424603174603175,0.18309859154929578,native,sr_200,200.0,cnn_s,71
119,2.1540913581848145,0.19424603174603175,0.18309859154929578,native,sr_200,200.0,cnn_s,71
120,2.153136968612671,0.19424603174603175,0.18309859154929578,native,sr_200,200.0,cnn_s,71
121,2.1521949768066406,0.19424603174603175,0.18309859154929578,native,sr_200,200.0,cnn_s,71
122,2.151265859603882,0.19424603174603175,0.18309859154929578,native,sr_200,200.0,cnn_s,71
123,2.1503489017486572,0.19424603174603175,0.18309859154929578,native,sr_200,200.0,cnn_s,71
124,2.149444341659546,0.19424603174603175,0.18309859154929578,native,sr_200,200.0,cnn_s,71
125,2.1485514640808105,0.19424603174603175,0.18309859154929578,native,sr_200,200.0,cnn_s,71
126,2.147670269012451,0.19424603174603175,0.18309859154929578,native,sr_200,200.0,cnn_s,71
127,2.1468005180358887,0.19424603174603175,0.18309859154929578,native,sr_200,200.0,cnn_s,71
128,2.145941734313965,0.19424603174603175,0.18309859154929578,native,sr_200,200.0,cnn_s,71
129,2.145094394683838,0.19424603174603175,0.18309859154929578,native,sr_200,200.0,cnn_s,71
1,2.7908804416656494,0.025793650793650796,0.028169014084507043,native,sr_64,64.0,cnn_s,71
2,2.7499568462371826,0.025793650793650796,0.028169014084507043,native,sr_64,64.0,cnn_s,71
3,2.711721420288086,0.03968253968253968,0.04225352112676056,native,sr_64,64.0,cnn_s,71
4,2.676323890686035,0.03968253968253968,0.04225352112676056,native,sr_64,64.0,cnn_s,71
5,2.6438148021698,0.03968253968253968,0.04225352112676056,native,sr_64,64.0,cnn_s,71
6,2.614234447479248,0.03968253968253968,0.04225352112676056,native,sr_64,64.0,cnn_s,71
7,2.587606430053711,0.041666666666666664,0.04225352112676056,native,sr_64,64.0,cnn_s,71
8,2.563908338546753,0.05555555555555555,0.056338028169014086,native,sr_64,64.0,cnn_s,71
9,2.543048143386841,0.06944444444444443,0.07042253521126761,native,sr_64,64.0,cnn_s,71
10,2.524845838546753,0.06944444444444443,0.07042253521126761,native,sr_64,64.0,cnn_s,71
11,2.5090346336364746,0.06944444444444443,0.07042253521126761,native,sr_64,64.0,cnn_s,71
12,2.495288133621216,0.06944444444444443,0.07042253521126761,native,sr_64,64.0,cnn_s,71
13,2.4832510948181152,0.06944444444444443,0.07042253521126761,native,sr_64,64.0,cnn_s,71
14,2.4725677967071533,0.08333333333333333,0.08450704225352113,native,sr_64,64.0,cnn_s,71
15,2.462909460067749,0.06944444444444443,0.07042253521126761,native,sr_64,64.0,cnn_s,71
16,2.453989028930664,0.06944444444444443,0.07042253521126761,native,sr_64,64.0,cnn_s,71
17,2.445570945739746,0.06944444444444443,0.07042253521126761,native,sr_64,64.0,cnn_s,71
18,2.437474250793457,0.06944444444444443,0.07042253521126761,native,sr_64,64.0,cnn_s,71
19,2.429568290710449,0.06944444444444443,0.07042253521126761,native,sr_64,64.0,cnn_s,71
20,2.421767473220825,0.06944444444444443,0.07042253521126761,native,sr_64,64.0,cnn_s,71
21,2.4140214920043945,0.09027777777777778,0.08450704225352113,native,sr_64,64.0,cnn_s,71
22,2.4063076972961426,0.09027777777777778,0.08450704225352113,native,sr_64,64.0,cnn_s,71
23,2.398622751235962,0.1111111111111111,0.09859154929577464,native,sr_64,64.0,cnn_s,71
24,2.3909754753112793,0.12301587301587301,0.11267605633802817,native,sr_64,64.0,cnn_s,71
25,2.38338303565979,0.12301587301587301,0.11267605633802817,native,sr_64,64.0,cnn_s,71
26,2.3758645057678223,0.12301587301587301,0.11267605633802817,native,sr_64,64.0,cnn_s,71
27,2.368440866470337,0.12301587301587301,0.11267605633802817,native,sr_64,64.0,cnn_s,71
28,2.361130475997925,0.1369047619047619,0.1267605633802817,native,sr_64,64.0,cnn_s,71
29,2.353950023651123,0.1369047619047619,0.1267605633802817,native,sr_64,64.0,cnn_s,71
30,2.346912384033203,0.1369047619047619,0.1267605633802817,native,sr_64,64.0,cnn_s,71
31,2.3400280475616455,0.1369047619047619,0.1267605633802817,native,sr_64,64.0,cnn_s,71
32,2.333303928375244,0.1369047619047619,0.1267605633802817,native,sr_64,64.0,cnn_s,71
33,2.3267455101013184,0.1369047619047619,0.1267605633802817,native,sr_64,64.0,cnn_s,71
34,2.320355176925659,0.1369047619047619,0.1267605633802817,native,sr_64,64.0,cnn_s,71
35,2.314133405685425,0.1369047619047619,0.1267605633802817,native,sr_64,64.0,cnn_s,71
36,2.3080785274505615,0.1369047619047619,0.1267605633802817,native,sr_64,64.0,cnn_s,71
37,2.3021867275238037,0.125,0.11267605633802817,native,sr_64,64.0,cnn_s,71
38,2.296452283859253,0.125,0.11267605633802817,native,sr_64,64.0,cnn_s,71
39,2.2908685207366943,0.1369047619047619,0.1267605633802817,native,sr_64,64.0,cnn_s,71
40,2.2854268550872803,0.1488095238095238,0.14084507042253522,native,sr_64,64.0,cnn_s,71
41,2.280118703842163,0.1488095238095238,0.14084507042253522,native,sr_64,64.0,cnn_s,71
42,2.2749345302581787,0.1607142857142857,0.15492957746478872,native,sr_64,64.0,cnn_s,71
43,2.269866943359375,0.1607142857142857,0.15492957746478872,native,sr_64,64.0,cnn_s,71
44,2.2649083137512207,0.1607142857142857,0.15492957746478872,native,sr_64,64.0,cnn_s,71
45,2.260052442550659,0.1607142857142857,0.15492957746478872,native,sr_64,64.0,cnn_s,71
46,2.2552943229675293,0.1607142857142857,0.15492957746478872,native,sr_64,64.0,cnn_s,71
47,2.250631332397461,0.1607142857142857,0.15492957746478872,native,sr_64,64.0,cnn_s,71
48,2.2460601329803467,0.1607142857142857,0.15492957746478872,native,sr_64,64.0,cnn_s,71
49,2.241579294204712,0.1607142857142857,0.15492957746478872,native,sr_64,64.0,cnn_s,71
50,2.2371883392333984,0.1607142857142857,0.15492957746478872,native,sr_64,64.0,cnn_s,71
51,2.2328853607177734,0.1607142857142857,0.15492957746478872,native,sr_64,64.0,cnn_s,71
52,2.2286698818206787,0.1607142857142857,0.15492957746478872,native,sr_64,64.0,cnn_s,71
53,2.2245402336120605,0.17460317460317457,0.16901408450704225,native,sr_64,64.0,cnn_s,71
54,2.2204957008361816,0.1884920634920635,0.18309859154929578,native,sr_64,64.0,cnn_s,71
55,2.21653413772583,0.1884920634920635,0.18309859154929578,native,sr_64,64.0,cnn_s,71
56,2.212653875350952,0.17460317460317457,0.16901408450704225,native,sr_64,64.0,cnn_s,71
57,2.208852767944336,0.1607142857142857,0.15492957746478872,native,sr_64,64.0,cnn_s,71
58,2.2051281929016113,0.1607142857142857,0.15492957746478872,native,sr_64,64.0,cnn_s,71
59,2.201478958129883,0.1607142857142857,0.15492957746478872,native,sr_64,64.0,cnn_s,71
60,2.197902202606201,0.1607142857142857,0.15492957746478872,native,sr_64,64.0,cnn_s,71
61,2.1943962574005127,0.1607142857142857,0.15492957746478872,native,sr_64,64.0,cnn_s,71
62,2.1909594535827637,0.1607142857142857,0.15492957746478872,native,sr_64,64.0,cnn_s,71
63,2.1875898838043213,0.1607142857142857,0.15492957746478872,native,sr_64,64.0,cnn_s,71
64,2.184286117553711,0.1607142857142857,0.15492957746478872,native,sr_64,64.0,cnn_s,71
65,2.1810460090637207,0.1607142857142857,0.15492957746478872,native,sr_64,64.0,cnn_s,71
66,2.177868604660034,0.1607142857142857,0.15492957746478872,native,sr_64,64.0,cnn_s,71
67,2.1747519969940186,0.1607142857142857,0.15492957746478872,native,sr_64,64.0,cnn_s,71
68,2.171694040298462,0.18928571428571428,0.18309859154929578,native,sr_64,64.0,cnn_s,71
69,2.1686935424804688,0.18928571428571428,0.18309859154929578,native,sr_64,64.0,cnn_s,71
70,2.165748119354248,0.18928571428571428,0.18309859154929578,native,sr_64,64.0,cnn_s,71
71,2.162855863571167,0.2031746031746032,0.19718309859154928,native,sr_64,64.0,cnn_s,71
72,2.160015344619751,0.2031746031746032,0.19718309859154928,native,sr_64,64.0,cnn_s,71
73,2.157224416732788,0.2031746031746032,0.19718309859154928,native,sr_64,64.0,cnn_s,71
74,2.1544811725616455,0.2031746031746032,0.19718309859154928,native,sr_64,64.0,cnn_s,71
75,2.151785373687744,0.2031746031746032,0.19718309859154928,native,sr_64,64.0,cnn_s,71
76,2.149134635925293,0.2031746031746032,0.19718309859154928,native,sr_64,64.0,cnn_s,71
77,2.146528482437134,0.2031746031746032,0.19718309859154928,native,sr_64,64.0,cnn_s,71
78,2.143965721130371,0.2031746031746032,0.19718309859154928,native,sr_64,64.0,cnn_s,71
79,2.1414456367492676,0.2150793650793651,0.2112676056338028,native,sr_64,64.0,cnn_s,71
80,2.138967514038086,0.19424603174603175,0.19718309859154928,native,sr_64,64.0,cnn_s,71
81,2.1365303993225098,0.19424603174603175,0.19718309859154928,native,sr_64,64.0,cnn_s,71
82,2.134134292602539,0.19424603174603175,0.19718309859154928,native,sr_64,64.0,cnn_s,71
83,2.13177752494812,0.19424603174603175,0.19718309859154928,native,sr_64,64.0,cnn_s,71
84,2.129459857940674,0.19424603174603175,0.19718309859154928,native,sr_64,64.0,cnn_s,71
85,2.127180576324463,0.19424603174603175,0.19718309859154928,native,sr_64,64.0,cnn_s,71
86,2.124939203262329,0.19424603174603175,0.19718309859154928,native,sr_64,64.0,cnn_s,71
87,2.122734308242798,0.19424603174603175,0.19718309859154928,native,sr_64,64.0,cnn_s,71
88,2.12056565284729,0.19424603174603175,0.19718309859154928,native,sr_64,64.0,cnn_s,71
89,2.11843204498291,0.19424603174603175,0.19718309859154928,native,sr_64,64.0,cnn_s,71
90,2.116333246231079,0.19424603174603175,0.19718309859154928,native,sr_64,64.0,cnn_s,71
91,2.1142680644989014,0.20813492063492064,0.2112676056338028,native,sr_64,64.0,cnn_s,71
92,2.1122355461120605,0.20813492063492064,0.2112676056338028,native,sr_64,64.0,cnn_s,71
93,2.1102352142333984,0.20813492063492064,0.2112676056338028,native,sr_64,64.0,cnn_s,71
94,2.1082658767700195,0.20813492063492064,0.2112676056338028,native,sr_64,64.0,cnn_s,71
95,2.1063270568847656,0.20813492063492064,0.2112676056338028,native,sr_64,64.0,cnn_s,71
96,2.1044182777404785,0.2220238095238095,0.22535211267605634,native,sr_64,64.0,cnn_s,71
97,2.102538585662842,0.2220238095238095,0.22535211267605634,native,sr_64,64.0,cnn_s,71
98,2.1006875038146973,0.2220238095238095,0.22535211267605634,native,sr_64,64.0,cnn_s,71
99,2.0988643169403076,0.23392857142857146,0.23943661971830985,native,sr_64,64.0,cnn_s,71
100,2.0970687866210938,0.23392857142857146,0.23943661971830985,native,sr_64,64.0,cnn_s,71
101,2.0952999591827393,0.23392857142857146,0.23943661971830985,native,sr_64,64.0,cnn_s,71
102,2.093557834625244,0.23392857142857146,0.23943661971830985,native,sr_64,64.0,cnn_s,71
103,2.091841459274292,0.23392857142857146,0.23943661971830985,native,sr_64,64.0,cnn_s,71
104,2.0901505947113037,0.23392857142857146,0.23943661971830985,native,sr_64,64.0,cnn_s,71
105,2.088484287261963,0.23392857142857146,0.23943661971830985,native,sr_64,64.0,cnn_s,71
106,2.0868427753448486,0.24583333333333335,0.2535211267605634,native,sr_64,64.0,cnn_s,71
107,2.0852248668670654,0.225,0.23943661971830985,native,sr_64,64.0,cnn_s,71
108,2.083630323410034,0.225,0.23943661971830985,native,sr_64,64.0,cnn_s,71
109,2.082058906555176,0.225,0.23943661971830985,native,sr_64,64.0,cnn_s,71
110,2.080509901046753,0.225,0.23943661971830985,native,sr_64,64.0,cnn_s,71
111,2.0789828300476074,0.225,0.23943661971830985,native,sr_64,64.0,cnn_s,71
112,2.07747745513916,0.225,0.23943661971830985,native,sr_64,64.0,cnn_s,71
113,2.075993061065674,0.225,0.23943661971830985,native,sr_64,64.0,cnn_s,71
114,2.0745296478271484,0.225,0.23943661971830985,native,sr_64,64.0,cnn_s,71
115,2.0730865001678467,0.225,0.23943661971830985,native,sr_64,64.0,cnn_s,71
116,2.0716629028320312,0.20833333333333334,0.22535211267605634,native,sr_64,64.0,cnn_s,71
117,2.0702593326568604,0.20833333333333334,0.22535211267605634,native,sr_64,64.0,cnn_s,71
118,2.0688750743865967,0.20833333333333334,0.22535211267605634,native,sr_64,64.0,cnn_s,71
119,2.067509412765503,0.20833333333333334,0.22535211267605634,native,sr_64,64.0,cnn_s,71
120,2.066162109375,0.20833333333333334,0.22535211267605634,native,sr_64,64.0,cnn_s,71
121,2.064833402633667,0.20833333333333334,0.22535211267605634,native,sr_64,64.0,cnn_s,71
122,2.0635225772857666,0.20833333333333334,0.22535211267605634,native,sr_64,64.0,cnn_s,71
123,2.0622289180755615,0.20833333333333334,0.22535211267605634,native,sr_64,64.0,cnn_s,71
124,2.060952663421631,0.20833333333333334,0.22535211267605634,native,sr_64,64.0,cnn_s,71
125,2.0596930980682373,0.20833333333333334,0.22535211267605634,native,sr_64,64.0,cnn_s,71
126,2.05845046043396,0.20833333333333334,0.22535211267605634,native,sr_64,64.0,cnn_s,71
127,2.0572240352630615,0.20833333333333334,0.22535211267605634,native,sr_64,64.0,cnn_s,71
128,2.056013345718384,0.20833333333333334,0.22535211267605634,native,sr_64,64.0,cnn_s,71
129,2.054818630218506,0.20833333333333334,0.22535211267605634,native,sr_64,64.0,cnn_s,71
130,2.0536394119262695,0.20833333333333334,0.22535211267605634,native,sr_64,64.0,cnn_s,71
131,2.0524752140045166,0.20833333333333334,0.22535211267605634,native,sr_64,64.0,cnn_s,71
132,2.051325798034668,0.20833333333333334,0.22535211267605634,native,sr_64,64.0,cnn_s,71
133,2.0501914024353027,0.20833333333333334,0.22535211267605634,native,sr_64,64.0,cnn_s,71
134,2.0490713119506836,0.20833333333333334,0.22535211267605634,native,sr_64,64.0,cnn_s,71
135,2.0479652881622314,0.20833333333333334,0.22535211267605634,native,sr_64,64.0,cnn_s,71
136,2.0468733310699463,0.20833333333333334,0.22535211267605634,native,sr_64,64.0,cnn_s,71
1,2.678882122039795,0.08710317460317459,0.08450704225352113,native,sr_200,200.0,cnn_m,71
2,2.4747543334960938,0.06527777777777778,0.056338028169014086,native,sr_200,200.0,cnn_m,71
3,2.350921869277954,0.09107142857142857,0.08450704225352113,native,sr_200,200.0,cnn_m,71
4,2.273791551589966,0.10297619047619046,0.09859154929577464,native,sr_200,200.0,cnn_m,71
5,2.2169406414031982,0.13075396825396826,0.1267605633802817,native,sr_200,200.0,cnn_m,71
6,2.1667861938476562,0.10515873015873016,0.11267605633802817,native,sr_200,200.0,cnn_m,71
7,2.118461847305298,0.12698412698412698,0.14084507042253522,native,sr_200,200.0,cnn_m,71
8,2.071298599243164,0.15277777777777776,0.16901408450704225,native,sr_200,200.0,cnn_m,71
9,2.0264477729797363,0.18055555555555555,0.19718309859154928,native,sr_200,200.0,cnn_m,71
10,1.9851869344711304,0.18055555555555555,0.19718309859154928,native,sr_200,200.0,cnn_m,71
11,1.9478724002838135,0.18055555555555555,0.19718309859154928,native,sr_200,200.0,cnn_m,71
12,1.9141697883605957,0.16666666666666666,0.18309859154929578,native,sr_200,200.0,cnn_m,71
13,1.8839138746261597,0.16666666666666666,0.18309859154929578,native,sr_200,200.0,cnn_m,71
14,1.857315182685852,0.15277777777777776,0.16901408450704225,native,sr_200,200.0,cnn_m,71
15,1.8343733549118042,0.1952380952380952,0.2112676056338028,native,sr_200,200.0,cnn_m,71
16,1.8143208026885986,0.20912698412698413,0.22535211267605634,native,sr_200,200.0,cnn_m,71
17,1.7957384586334229,0.20912698412698413,0.22535211267605634,native,sr_200,200.0,cnn_m,71
18,1.7773100137710571,0.2349206349206349,0.2535211267605634,native,sr_200,200.0,cnn_m,71
19,1.758512020111084,0.2349206349206349,0.2535211267605634,native,sr_200,200.0,cnn_m,71
20,1.7396641969680786,0.2349206349206349,0.2535211267605634,native,sr_200,200.0,cnn_m,71
21,1.7215181589126587,0.2468253968253968,0.2676056338028169,native,sr_200,200.0,cnn_m,71
22,1.7047308683395386,0.2587301587301587,0.28169014084507044,native,sr_200,200.0,cnn_m,71
23,1.6895067691802979,0.2865079365079365,0.30985915492957744,native,sr_200,200.0,cnn_m,71
24,1.6756198406219482,0.2865079365079365,0.30985915492957744,native,sr_200,200.0,cnn_m,71
25,1.6627358198165894,0.2865079365079365,0.30985915492957744,native,sr_200,200.0,cnn_m,71
26,1.650647759437561,0.2845238095238095,0.30985915492957744,native,sr_200,200.0,cnn_m,71
27,1.6392308473587036,0.2845238095238095,0.30985915492957744,native,sr_200,200.0,cnn_m,71
28,1.628282904624939,0.2845238095238095,0.30985915492957744,native,sr_200,200.0,cnn_m,71
29,1.6175090074539185,0.2984126984126984,0.323943661971831,native,sr_200,200.0,cnn_m,71
30,1.6066755056381226,0.2984126984126984,0.323943661971831,native,sr_200,200.0,cnn_m,71
31,1.5957728624343872,0.2984126984126984,0.323943661971831,native,sr_200,200.0,cnn_m,71
32,1.5850237607955933,0.2984126984126984,0.323943661971831,native,sr_200,200.0,cnn_m,71
33,1.5747307538986206,0.2984126984126984,0.323943661971831,native,sr_200,200.0,cnn_m,71
34,1.5650814771652222,0.2984126984126984,0.323943661971831,native,sr_200,200.0,cnn_m,71
35,1.5560556650161743,0.2865079365079365,0.30985915492957744,native,sr_200,200.0,cnn_m,71
36,1.5474759340286255,0.2865079365079365,0.30985915492957744,native,sr_200,200.0,cnn_m,71
37,1.539142370223999,0.2865079365079365,0.30985915492957744,native,sr_200,200.0,cnn_m,71
38,1.5309370756149292,0.2865079365079365,0.30985915492957744,native,sr_200,200.0,cnn_m,71
39,1.5228383541107178,0.2865079365079365,0.30985915492957744,native,sr_200,200.0,cnn_m,71
40,1.514875888824463,0.27460317460317457,0.29577464788732394,native,sr_200,200.0,cnn_m,71
41,1.5070972442626953,0.27460317460317457,0.29577464788732394,native,sr_200,200.0,cnn_m,71
42,1.4995543956756592,0.27460317460317457,0.29577464788732394,native,sr_200,200.0,cnn_m,71
43,1.492292046546936,0.27460317460317457,0.29577464788732394,native,sr_200,200.0,cnn_m,71
44,1.4853261709213257,0.2626984126984127,0.28169014084507044,native,sr_200,200.0,cnn_m,71
45,1.4786336421966553,0.2626984126984127,0.28169014084507044,native,sr_200,200.0,cnn_m,71
46,1.4721648693084717,0.2626984126984127,0.28169014084507044,native,sr_200,200.0,cnn_m,71
47,1.465866208076477,0.2626984126984127,0.28169014084507044,native,sr_200,200.0,cnn_m,71
48,1.4596991539001465,0.24880952380952379,0.2676056338028169,native,sr_200,200.0,cnn_m,71
49,1.453646183013916,0.24880952380952379,0.2676056338028169,native,sr_200,200.0,cnn_m,71
50,1.4477076530456543,0.24880952380952379,0.2676056338028169,native,sr_200,200.0,cnn_m,71
51,1.44189453125,0.24880952380952379,0.2676056338028169,native,sr_200,200.0,cnn_m,71
52,1.4362229108810425,0.2607142857142857,0.28169014084507044,native,sr_200,200.0,cnn_m,71
53,1.4307080507278442,0.2607142857142857,0.28169014084507044,native,sr_200,200.0,cnn_m,71
54,1.4253538846969604,0.2607142857142857,0.28169014084507044,native,sr_200,200.0,cnn_m,71
55,1.4201462268829346,0.2607142857142857,0.28169014084507044,native,sr_200,200.0,cnn_m,71
56,1.415057897567749,0.2607142857142857,0.28169014084507044,native,sr_200,200.0,cnn_m,71
57,1.4100620746612549,0.2607142857142857,0.28169014084507044,native,sr_200,200.0,cnn_m,71
58,1.405148983001709,0.2607142857142857,0.28169014084507044,native,sr_200,200.0,cnn_m,71
59,1.4003221988677979,0.2607142857142857,0.28169014084507044,native,sr_200,200.0,cnn_m,71
1,2.672788143157959,0.10714285714285714,0.08450704225352113,native,sr_64,64.0,cnn_m,71
2,2.4663188457489014,0.14186507936507936,0.1267605633802817,native,sr_64,64.0,cnn_m,71
3,2.3533174991607666,0.1349206349206349,0.1267605633802817,native,sr_64,64.0,cnn_m,71
4,2.2890071868896484,0.09027777777777778,0.08450704225352113,native,sr_64,64.0,cnn_m,71
5,2.239140510559082,0.14186507936507936,0.14084507042253522,native,sr_64,64.0,cnn_m,71
6,2.1904077529907227,0.18234126984126983,0.18309859154929578,native,sr_64,64.0,cnn_m,71
7,2.1417036056518555,0.1753968253968254,0.18309859154929578,native,sr_64,64.0,cnn_m,71
8,2.094089984893799,0.1873015873015873,0.19718309859154928,native,sr_64,64.0,cnn_m,71
9,2.047977924346924,0.1873015873015873,0.19718309859154928,native,sr_64,64.0,cnn_m,71
10,2.0039236545562744,0.1992063492063492,0.2112676056338028,native,sr_64,64.0,cnn_m,71
11,1.9627723693847656,0.19722222222222222,0.2112676056338028,native,sr_64,64.0,cnn_m,71
12,1.9249809980392456,0.19722222222222222,0.2112676056338028,native,sr_64,64.0,cnn_m,71
13,1.8904229402542114,0.19722222222222222,0.2112676056338028,native,sr_64,64.0,cnn_m,71
14,1.8587270975112915,0.16944444444444443,0.18309859154929578,native,sr_64,64.0,cnn_m,71
15,1.8296250104904175,0.18333333333333335,0.19718309859154928,native,sr_64,64.0,cnn_m,71
16,1.8027938604354858,0.18333333333333335,0.19718309859154928,native,sr_64,64.0,cnn_m,71
17,1.777660846710205,0.18333333333333335,0.19718309859154928,native,sr_64,64.0,cnn_m,71
18,1.7536441087722778,0.18333333333333335,0.19718309859154928,native,sr_64,64.0,cnn_m,71
19,1.7304960489273071,0.18333333333333335,0.19718309859154928,native,sr_64,64.0,cnn_m,71
20,1.708242654800415,0.2111111111111111,0.22535211267605634,native,sr_64,64.0,cnn_m,71
21,1.6868629455566406,0.223015873015873,0.23943661971830985,native,sr_64,64.0,cnn_m,71
22,1.666181206703186,0.223015873015873,0.23943661971830985,native,sr_64,64.0,cnn_m,71
23,1.6460723876953125,0.223015873015873,0.23943661971830985,native,sr_64,64.0,cnn_m,71
24,1.626652479171753,0.223015873015873,0.23943661971830985,native,sr_64,64.0,cnn_m,71
25,1.6081889867782593,0.223015873015873,0.23943661971830985,native,sr_64,64.0,cnn_m,71
26,1.5908476114273071,0.23690476190476187,0.2535211267605634,native,sr_64,64.0,cnn_m,71
27,1.57456636428833,0.2507936507936508,0.2676056338028169,native,sr_64,64.0,cnn_m,71
28,1.5591557025909424,0.2507936507936508,0.2676056338028169,native,sr_64,64.0,cnn_m,71
29,1.5444477796554565,0.2507936507936508,0.2676056338028169,native,sr_64,64.0,cnn_m,71
30,1.530339002609253,0.2646825396825397,0.28169014084507044,native,sr_64,64.0,cnn_m,71
31,1.5167579650878906,0.2646825396825397,0.28169014084507044,native,sr_64,64.0,cnn_m,71
32,1.503646731376648,0.2646825396825397,0.28169014084507044,native,sr_64,64.0,cnn_m,71
33,1.4909590482711792,0.2646825396825397,0.28169014084507044,native,sr_64,64.0,cnn_m,71
34,1.4786547422409058,0.2646825396825397,0.28169014084507044,native,sr_64,64.0,cnn_m,71
35,1.4666905403137207,0.285515873015873,0.29577464788732394,native,sr_64,64.0,cnn_m,71
36,1.4550440311431885,0.285515873015873,0.29577464788732394,native,sr_64,64.0,cnn_m,71
37,1.44374418258667,0.2736111111111111,0.28169014084507044,native,sr_64,64.0,cnn_m,71
38,1.4328575134277344,0.2736111111111111,0.28169014084507044,native,sr_64,64.0,cnn_m,71
39,1.4224172830581665,0.2736111111111111,0.28169014084507044,native,sr_64,64.0,cnn_m,71
40,1.412372350692749,0.2736111111111111,0.28169014084507044,native,sr_64,64.0,cnn_m,71
41,1.4026222229003906,0.2597222222222222,0.2676056338028169,native,sr_64,64.0,cnn_m,71
42,1.3930984735488892,0.2597222222222222,0.2676056338028169,native,sr_64,64.0,cnn_m,71
43,1.3837956190109253,0.2597222222222222,0.2676056338028169,native,sr_64,64.0,cnn_m,71
44,1.3747308254241943,0.2597222222222222,0.2676056338028169,native,sr_64,64.0,cnn_m,71
45,1.3658969402313232,0.2597222222222222,0.2676056338028169,native,sr_64,64.0,cnn_m,71
46,1.3572694063186646,0.2597222222222222,0.2676056338028169,native,sr_64,64.0,cnn_m,71
47,1.3488370180130005,0.2597222222222222,0.2676056338028169,native,sr_64,64.0,cnn_m,71
48,1.3406113386154175,0.2597222222222222,0.2676056338028169,native,sr_64,64.0,cnn_m,71
49,1.3326101303100586,0.2597222222222222,0.2676056338028169,native,sr_64,64.0,cnn_m,71
50,1.3248356580734253,0.2597222222222222,0.2676056338028169,native,sr_64,64.0,cnn_m,71
51,1.3172720670700073,0.2597222222222222,0.2676056338028169,native,sr_64,64.0,cnn_m,71
52,1.309891700744629,0.2597222222222222,0.2676056338028169,native,sr_64,64.0,cnn_m,71
53,1.3026649951934814,0.2597222222222222,0.2676056338028169,native,sr_64,64.0,cnn_m,71
54,1.2955704927444458,0.2597222222222222,0.2676056338028169,native,sr_64,64.0,cnn_m,71
55,1.2886016368865967,0.2597222222222222,0.2676056338028169,native,sr_64,64.0,cnn_m,71
56,1.2817617654800415,0.2597222222222222,0.2676056338028169,native,sr_64,64.0,cnn_m,71
57,1.2750548124313354,0.2597222222222222,0.2676056338028169,native,sr_64,64.0,cnn_m,71
58,1.268481969833374,0.2716269841269841,0.28169014084507044,native,sr_64,64.0,cnn_m,71
59,1.2620432376861572,0.2716269841269841,0.28169014084507044,native,sr_64,64.0,cnn_m,71
60,1.2557388544082642,0.2716269841269841,0.28169014084507044,native,sr_64,64.0,cnn_m,71
61,1.2495638132095337,0.2716269841269841,0.28169014084507044,native,sr_64,64.0,cnn_m,71
62,1.2435072660446167,0.2716269841269841,0.28169014084507044,native,sr_64,64.0,cnn_m,71
63,1.2375586032867432,0.285515873015873,0.29577464788732394,native,sr_64,64.0,cnn_m,71
64,1.2317125797271729,0.285515873015873,0.29577464788732394,native,sr_64,64.0,cnn_m,71
65,1.225967526435852,0.285515873015873,0.29577464788732394,native,sr_64,64.0,cnn_m,71
1,2.298814058303833,0.36984126984126986,0.38028169014084506,native,sr_200,200.0,cnn_l,71
2,0.9849994778633118,0.46269841269841266,0.4647887323943662,native,sr_200,200.0,cnn_l,71
3,0.40941113233566284,0.46468253968253964,0.4647887323943662,native,sr_200,200.0,cnn_l,71
4,0.19107216596603394,0.46468253968253964,0.4647887323943662,native,sr_200,200.0,cnn_l,71
5,0.1024591475725174,0.4765873015873015,0.4788732394366197,native,sr_200,200.0,cnn_l,71
6,0.06147484853863716,0.46269841269841266,0.4647887323943662,native,sr_200,200.0,cnn_l,71
7,0.04009264335036278,0.4765873015873015,0.4788732394366197,native,sr_200,200.0,cnn_l,71
8,0.027841538190841675,0.4765873015873015,0.4788732394366197,native,sr_200,200.0,cnn_l,71
9,0.020304067060351372,0.4765873015873015,0.4788732394366197,native,sr_200,200.0,cnn_l,71
10,0.015402653254568577,0.49047619047619034,0.49295774647887325,native,sr_200,200.0,cnn_l,71
11,0.012070544995367527,0.49047619047619034,0.49295774647887325,native,sr_200,200.0,cnn_l,71
12,0.009720595553517342,0.49047619047619034,0.49295774647887325,native,sr_200,200.0,cnn_l,71
13,0.008011069148778915,0.5023809523809523,0.5070422535211268,native,sr_200,200.0,cnn_l,71
14,0.006733726244419813,0.5023809523809523,0.5070422535211268,native,sr_200,200.0,cnn_l,71
15,0.005756773985922337,0.5023809523809523,0.5070422535211268,native,sr_200,200.0,cnn_l,71
16,0.00499403802677989,0.5023809523809523,0.5070422535211268,native,sr_200,200.0,cnn_l,71
17,0.004387602210044861,0.5023809523809523,0.5070422535211268,native,sr_200,200.0,cnn_l,71
18,0.0038976066280156374,0.5023809523809523,0.5070422535211268,native,sr_200,200.0,cnn_l,71
19,0.003496011719107628,0.5023809523809523,0.5070422535211268,native,sr_200,200.0,cnn_l,71
20,0.003162708831951022,0.5023809523809523,0.5070422535211268,native,sr_200,200.0,cnn_l,71
21,0.0028830550145357847,0.5023809523809523,0.5070422535211268,native,sr_200,200.0,cnn_l,71
22,0.002646142151206732,0.5023809523809523,0.5070422535211268,native,sr_200,200.0,cnn_l,71
23,0.002443765290081501,0.5023809523809523,0.5070422535211268,native,sr_200,200.0,cnn_l,71
24,0.00226965663023293,0.5023809523809523,0.5070422535211268,native,sr_200,200.0,cnn_l,71
25,0.0021189243998378515,0.5023809523809523,0.5070422535211268,native,sr_200,200.0,cnn_l,71
26,0.001987713621929288,0.5023809523809523,0.5070422535211268,native,sr_200,200.0,cnn_l,71
27,0.0018729649018496275,0.5023809523809523,0.5070422535211268,native,sr_200,200.0,cnn_l,71
28,0.0017721897456794977,0.5023809523809523,0.5070422535211268,native,sr_200,200.0,cnn_l,71
29,0.0016833350528031588,0.5023809523809523,0.5070422535211268,native,sr_200,200.0,cnn_l,71
30,0.0016047476092353463,0.5023809523809523,0.5070422535211268,native,sr_200,200.0,cnn_l,71
31,0.0015350028406828642,0.5023809523809523,0.5070422535211268,native,sr_200,200.0,cnn_l,71
32,0.001472935196943581,0.5023809523809523,0.5070422535211268,native,sr_200,200.0,cnn_l,71
33,0.0014175281394273043,0.5023809523809523,0.5070422535211268,native,sr_200,200.0,cnn_l,71
34,0.0013679383555427194,0.5023809523809523,0.5070422535211268,native,sr_200,200.0,cnn_l,71
35,0.0013234361540526152,0.5023809523809523,0.5070422535211268,native,sr_200,200.0,cnn_l,71
36,0.0012833888176828623,0.5023809523809523,0.5070422535211268,native,sr_200,200.0,cnn_l,71
37,0.0012472564121708274,0.5023809523809523,0.5070422535211268,native,sr_200,200.0,cnn_l,71
38,0.0012145556975156069,0.5023809523809523,0.5070422535211268,native,sr_200,200.0,cnn_l,71
39,0.0011848971480503678,0.5023809523809523,0.5070422535211268,native,sr_200,200.0,cnn_l,71
40,0.0011579064885154366,0.5023809523809523,0.5070422535211268,native,sr_200,200.0,cnn_l,71
41,0.001133281970396638,0.5023809523809523,0.5070422535211268,native,sr_200,200.0,cnn_l,71
42,0.0011107560712844133,0.5023809523809523,0.5070422535211268,native,sr_200,200.0,cnn_l,71
43,0.001090082572773099,0.5023809523809523,0.5070422535211268,native,sr_200,200.0,cnn_l,71
1,2.2651607990264893,0.49464285714285716,0.5070422535211268,native,sr_64,64.0,cnn_l,71
2,0.9748512506484985,0.542063492063492,0.5492957746478874,native,sr_64,64.0,cnn_l,71
3,0.4140692353248596,0.5281746031746032,0.5352112676056338,native,sr_64,64.0,cnn_l,71
4,0.20311817526817322,0.5261904761904761,0.5352112676056338,native,sr_64,64.0,cnn_l,71
5,0.11629167199134827,0.5142857142857142,0.5211267605633803,native,sr_64,64.0,cnn_l,71
6,0.07482615858316422,0.5261904761904761,0.5352112676056338,native,sr_64,64.0,cnn_l,71
7,0.05217602849006653,0.5123015873015873,0.5211267605633803,native,sr_64,64.0,cnn_l,71
8,0.038482390344142914,0.5123015873015873,0.5211267605633803,native,sr_64,64.0,cnn_l,71
9,0.029577087610960007,0.5261904761904762,0.5352112676056338,native,sr_64,64.0,cnn_l,71
10,0.023468971252441406,0.5261904761904762,0.5352112676056338,native,sr_64,64.0,cnn_l,71
11,0.01910608820617199,0.5380952380952381,0.5492957746478874,native,sr_64,64.0,cnn_l,71
12,0.01588766649365425,0.5519841269841269,0.5633802816901409,native,sr_64,64.0,cnn_l,71
13,0.013449633494019508,0.5380952380952381,0.5492957746478874,native,sr_64,64.0,cnn_l,71
14,0.01156107522547245,0.5380952380952381,0.5492957746478874,native,sr_64,64.0,cnn_l,71
15,0.010069938376545906,0.5380952380952381,0.5492957746478874,native,sr_64,64.0,cnn_l,71
16,0.00887307245284319,0.5380952380952381,0.5492957746478874,native,sr_64,64.0,cnn_l,71
17,0.007898570038378239,0.5380952380952381,0.5492957746478874,native,sr_64,64.0,cnn_l,71
18,0.007095158100128174,0.5380952380952381,0.5492957746478874,native,sr_64,64.0,cnn_l,71
19,0.0064255413599312305,0.5380952380952381,0.5492957746478874,native,sr_64,64.0,cnn_l,71
20,0.005862053949385881,0.5380952380952381,0.5492957746478874,native,sr_64,64.0,cnn_l,71
21,0.005383820738643408,0.5380952380952381,0.5492957746478874,native,sr_64,64.0,cnn_l,71
22,0.004974886775016785,0.5380952380952381,0.5492957746478874,native,sr_64,64.0,cnn_l,71
23,0.004622865933924913,0.5380952380952381,0.5492957746478874,native,sr_64,64.0,cnn_l,71
24,0.004318005871027708,0.5380952380952381,0.5492957746478874,native,sr_64,64.0,cnn_l,71
25,0.004052551928907633,0.5380952380952381,0.5492957746478874,native,sr_64,64.0,cnn_l,71
26,0.0038202712312340736,0.5380952380952381,0.5492957746478874,native,sr_64,64.0,cnn_l,71
27,0.003616082016378641,0.5380952380952381,0.5492957746478874,native,sr_64,64.0,cnn_l,71
28,0.0034358445554971695,0.5380952380952381,0.5492957746478874,native,sr_64,64.0,cnn_l,71
29,0.0032761041074991226,0.5380952380952381,0.5492957746478874,native,sr_64,64.0,cnn_l,71
30,0.003134005004540086,0.5380952380952381,0.5492957746478874,native,sr_64,64.0,cnn_l,71
31,0.0030071402434259653,0.5380952380952381,0.5492957746478874,native,sr_64,64.0,cnn_l,71
32,0.0028934937436133623,0.5380952380952381,0.5492957746478874,native,sr_64,64.0,cnn_l,71
33,0.0027913344092667103,0.5380952380952381,0.5492957746478874,native,sr_64,64.0,cnn_l,71
34,0.0026991916820406914,0.5380952380952381,0.5492957746478874,native,sr_64,64.0,cnn_l,71
35,0.00261582899838686,0.5380952380952381,0.5492957746478874,native,sr_64,64.0,cnn_l,71
36,0.0025401609018445015,0.5380952380952381,0.5492957746478874,native,sr_64,64.0,cnn_l,71
37,0.0024712602607905865,0.5380952380952381,0.5492957746478874,native,sr_64,64.0,cnn_l,71
38,0.002408329863101244,0.5380952380952381,0.5492957746478874,native,sr_64,64.0,cnn_l,71
39,0.002350665396079421,0.5380952380952381,0.5492957746478874,native,sr_64,64.0,cnn_l,71
40,0.0022976803593337536,0.5380952380952381,0.5492957746478874,native,sr_64,64.0,cnn_l,71
41,0.0022488455288112164,0.5380952380952381,0.5492957746478874,native,sr_64,64.0,cnn_l,71
42,0.0022037026938050985,0.5380952380952381,0.5492957746478874,native,sr_64,64.0,cnn_l,71
