fold,seed,epoch,train_ba,val_ba,train_loss,val_loss,grad_l1,grad_l2,grad_out
0,11,1.0,0.1017280983279042,0.0673076923076923,2.487980145099116,2.481706493202297,0.0026253429241478,0.0303103057667613,0.1734680421650409
0,11,2.0,0.1228092195946035,0.0653846153846153,2.4703488480811027,2.4690192814531,0.0026604945887811,0.0303695979528129,0.1593617461621761
0,11,3.0,0.1190582329198194,0.0918803418803418,2.4543780878478407,2.459375863787772,0.0030150943202897,0.0251577170565724,0.1483286749571561
0,11,4.0,0.1207507672673028,0.0840544871794871,2.4374208543814864,2.4504009416733665,0.0038215642562136,0.0264843055047094,0.1505459640175104
0,11,5.0,0.12614700531849,0.0840544871794871,2.423268820257748,2.4426220367694724,0.0037827304913662,0.029628443531692,0.16526959836483
0,11,6.0,0.1196595527250013,0.097943376068376,2.405495076086007,2.4347981228225533,0.0037219746736809,0.0285197827033698,0.1533567309379577
0,11,7.0,0.1266360105658209,0.101068376068376,2.389218935312009,2.426927325369298,0.0046552895801141,0.0339801884256303,0.1737086623907089
0,11,8.0,0.1307129787761147,0.1085470085470085,2.3752661948110543,2.418491108664151,0.0041671388316899,0.0344979092478752,0.1773503422737121
0,11,9.0,0.1498906618581829,0.1297720797720797,2.358207461413216,2.410376926948284,0.0059276795363985,0.0419495943933725,0.2072142623364925
0,11,10.0,0.1682041282723662,0.1322026353276353,2.339304653803508,2.400678988160758,0.0060496352380141,0.0406959187239408,0.2027266435325145
0,11,11.0,0.1899191583147834,0.1477386039886039,2.319381399715648,2.387304138863224,0.0046254816115833,0.0364847443997859,0.176037710160017
0,11,12.0,0.2069151947338219,0.1644548738298738,2.3018614086450317,2.376281757464354,0.0071235188515856,0.0443659387528896,0.2365835420787334
0,11,13.0,0.2340152947889686,0.1612802706552706,2.2798715264189475,2.3635814984639487,0.006130690104328,0.0401266338303685,0.2057483792304992
0,11,14.0,0.2404991482432199,0.1649839743589743,2.260954180885764,2.3501003610676734,0.0076562972972169,0.0466033006086945,0.2367344796657562
0,11,15.0,0.24618399278676,0.1815794159544159,2.2373149207994047,2.332049904198482,0.006878963438794,0.0418712850660085,0.2099621891975402
0,11,16.0,0.2650832752071442,0.2022717206540736,2.2128220436619777,2.315148208333158,0.0071033249842002,0.0431693457067012,0.2226485721766948
0,11,17.0,0.2803755900616357,0.2159254620651679,2.1882374978532977,2.2972242695161667,0.0074987320695072,0.047291868366301,0.2354864589869976
0,11,18.0,0.2891386738969275,0.2380015681486269,2.1645420504551307,2.27651098678852,0.0085146683268249,0.0509930318221449,0.2422553151845932
0,11,19.0,0.2971659743735459,0.2491126792597381,2.13892515780879,2.253499606560017,0.0097873925697058,0.0504608182236552,0.2181771174073219
0,11,20.0,0.3127936263708787,0.2517085787306375,2.109528092777028,2.2335351801466667,0.0095962698105722,0.0474378317594528,0.2303836122155189
0,11,21.0,0.3230669700570731,0.245227097249156,2.083951844421088,2.208284153335396,0.0084652289515361,0.053769520483911,0.2592102959752083
0,11,22.0,0.3430420133663829,0.2634696186166774,2.055113898071588,2.181735131932401,0.009411065140739,0.0529698589816689,0.2542761154472828
0,11,23.0,0.3508140922605181,0.2895025317819436,2.025531219033634,2.160862552708593,0.0097121286671608,0.0556021472439169,0.2758002951741218
0,11,24.0,0.3603643741993048,0.2783340366060954,1.9985816623650343,2.137497019493717,0.0113741901004686,0.0622533028945326,0.2691200003027916
0,11,25.0,0.3818188406245377,0.2785122489166606,1.9685031166263656,2.1131129648493623,0.0105173588963225,0.0532295648008585,0.2440197765827179
0,11,26.0,0.3893826315267781,0.2865924788718906,1.9399083614349368,2.092818580824753,0.0109439641237258,0.0610879594460129,0.2673859931528568
0,11,27.0,0.402740198335509,0.3209725663769782,1.912524595447615,2.074747617217316,0.0117449169047176,0.0646506668999791,0.2684359475970268
0,11,28.0,0.4196300760368308,0.3262713525581173,1.8847776254018147,2.0472304163307977,0.013570352923125,0.0687999855726957,0.3037209883332252
0,11,29.0,0.4492873532128343,0.3205504530872178,1.856496148483426,2.0236288624248284,0.0135517350863665,0.0692878719419241,0.3123829960823059
0,11,30.0,0.4638368857544652,0.3244462101079748,1.8289862483155492,2.0043854466800037,0.0130322428885847,0.0745343128219246,0.3054047413170337
0,11,31.0,0.4744834258917446,0.3412427577868753,1.7989116014218798,1.9854048230182169,0.0119069260545074,0.0663828961551189,0.2636794745922088
0,11,32.0,0.4867124334340702,0.347070644497115,1.772958108958076,1.952897417134252,0.0137557201087474,0.0752955209463834,0.2868810370564461
0,11,33.0,0.5022400893716054,0.3389206109794345,1.747982029353871,1.942367468757191,0.0153475264087319,0.0792148848995566,0.3004744723439216
0,11,34.0,0.4889480370961838,0.3530193594531829,1.7192839902990005,1.9233202605411923,0.0167820868082344,0.082169460132718,0.2906797267496586
0,11,35.0,0.5167495428875177,0.373968433527257,1.6922480966530593,1.8996435801188152,0.014649863820523,0.0803621131926775,0.2901349365711212
0,11,36.0,0.5085410817641938,0.3500064341976106,1.6646886372098737,1.8945423734599147,0.0144877827260643,0.0761172324419021,0.2646932862699032
0,11,37.0,0.5263954616303516,0.3847323224161459,1.639723014831543,1.870034576832563,0.0168707103002816,0.0869375802576541,0.2988406419754028
0,11,38.0,0.5307403565064779,0.3856650566209389,1.61182505570206,1.8521507471457292,0.0172049570828676,0.0808807145804166,0.2806225903332233
0,11,39.0,0.5503791119831959,0.3755547625032918,1.5833528266233556,1.834692017785434,0.0141991809941828,0.077961741015315,0.2810298800468445
0,11,40.0,0.553436433600787,0.3828872788431612,1.55737907185274,1.8151469915762717,0.0175024736672639,0.0822567474097013,0.3317292332649231
0,11,41.0,0.553834143781106,0.4072832872465226,1.5346687443116132,1.8040055886082265,0.0135643074754625,0.0757988961413502,0.2655815258622169
0,11,42.0,0.5640252980906589,0.410134010869305,1.5107581872566074,1.7864314619152026,0.0166734105441719,0.0942709948867559,0.3259536102414131
0,11,43.0,0.5831615104263496,0.4132181611961024,1.4854980880138922,1.7679237223219595,0.015316487988457,0.0879034381359815,0.2728469222784042
0,11,44.0,0.5864087657262993,0.4034550893006774,1.4579408136068606,1.7586413388964774,0.0130487794522196,0.0816188007593154,0.2818240895867347
0,11,45.0,0.5934894091766235,0.4044880024659437,1.434178746915331,1.7408572764232242,0.0139094078913331,0.0759323090314865,0.2815291285514831
0,11,46.0,0.6047436805853571,0.4372173442026383,1.4142573538948509,1.7212414782622765,0.0170992193743586,0.0945385470986366,0.2959288358688354
0,11,47.0,0.6175455047077177,0.4536680911680912,1.3908827253416474,1.718234719901249,0.0194840980693697,0.1040014512836933,0.2863767221570015
0,11,48.0,0.6205752222321161,0.4649124500227442,1.3660156446344711,1.6872796697178103,0.0170315538998693,0.0906609930098056,0.3040983751416206
0,11,49.0,0.6365157648892548,0.44708837594867,1.3431479968276678,1.6810518557997955,0.01852717413567,0.0948168858885765,0.2550738528370857
0,11,50.0,0.6527689524382089,0.4362573768823769,1.3180311787362191,1.6761465017822967,0.0154072961304336,0.0769621189683675,0.2912148311734199
0,11,51.0,0.6537890592509987,0.4463443283296224,1.30049831867218,1.6557840670662365,0.0222099132370203,0.1102147586643695,0.2985238619148731
0,11,52.0,0.6748343535299887,0.459885994996289,1.2782555930754718,1.6372327763458778,0.0190675393678247,0.0957949552685022,0.249295487999916
0,11,53.0,0.6813102983708593,0.4483284553137494,1.2539537308262845,1.6453065858490166,0.0189610347151756,0.094594957306981,0.2768256068229675
0,11,54.0,0.6753118036460836,0.469723957959252,1.233428020103305,1.6143725726796292,0.0154435520526021,0.0834249574691057,0.2434782162308693
0,11,55.0,0.7036215487678996,0.4501054160980631,1.2146828758950328,1.6158959303779163,0.0239339666441082,0.1071478947997093,0.2822437398135662
0,11,56.0,0.7019915030657087,0.4239820500849913,1.1912595529182284,1.6151816653109146,0.0181527473032474,0.0922900326550006,0.283815648406744
0,11,57.0,0.7151536655891286,0.4521313653666594,1.1748213796054616,1.5854550490434145,0.0221378868445754,0.1026809569448232,0.2516176737844944
0,11,58.0,0.7395267941308513,0.4544107172783644,1.1501429118362128,1.590455427937124,0.0180796291679143,0.0949569884687662,0.270447589457035
0,11,59.0,0.7255691698008864,0.4527886261342143,1.1317613438063976,1.5721901778517098,0.0251913159154355,0.1185123585164547,0.2761884182691574
0,11,60.0,0.7361009223520899,0.4769016046589576,1.1179688397575829,1.5491767025541985,0.0250556776300072,0.114920724183321,0.222361259162426
0,11,61.0,0.7490125488675169,0.4686893988364577,1.092382237957973,1.558047597435699,0.0172339610289782,0.0999143384397029,0.2668496146798134
0,11,62.0,0.7535832515703054,0.465627094855036,1.0752814105912751,1.5330995019825024,0.0163267678581178,0.0918350853025913,0.2372907884418964
0,11,63.0,0.779848698497727,0.4632019260695731,1.0652799311806174,1.5361790561127937,0.0290483103599399,0.1395171396434307,0.2927757725119591
0,11,64.0,0.7859949711206697,0.4702280698604228,1.0413348062365664,1.5190023115311546,0.0214645750820636,0.1063342373818159,0.2293511852622032
0,11,65.0,0.7876726300456691,0.4772079772079771,1.0198431248758353,1.4939594104372222,0.016925613861531,0.0986350998282432,0.2177205346524715
0,11,66.0,0.7873146595922585,0.4952368233618234,1.0022829530285855,1.5085687856564576,0.0212594349868595,0.1041663289070129,0.2356103360652923
0,11,67.0,0.7983830392649679,0.4994851893748953,0.987806797027588,1.4899973910430382,0.0233564549125731,0.1248545944690704,0.2616860643029213
0,11,68.0,0.7923463870754621,0.5151887464387465,0.970993960604948,1.4681115575220394,0.018939250614494,0.1083724480122327,0.2366224415600299
0,11,69.0,0.7979206269385407,0.5029399045943164,0.9568061587857264,1.4773998109773658,0.0236886129714548,0.1265164371579885,0.2369398549199104
0,11,70.0,0.8083488025343994,0.5100300162800163,0.9388511643690222,1.4492120770202286,0.0249148118309676,0.1249518208205699,0.2395569868385791
0,11,71.0,0.8111524956625079,0.5101994750891811,0.9208808136921304,1.4623975616762008,0.0206782361492514,0.1129660531878471,0.2321159429848194
0,11,72.0,0.81038910571552,0.4948896011396011,0.9045655682975172,1.439342776934306,0.017491930630058,0.099670261144638,0.2154764421284198
0,11,73.0,0.8248703018543249,0.5035755434652494,0.8924353099336811,1.4452700628631416,0.0244245268404483,0.141205845400691,0.2761234529316425
0,11,74.0,0.829123456107479,0.5135751843472431,0.8723170490825878,1.439718177948875,0.018192424904555,0.1056329570710659,0.2362629137933254
0,11,75.0,0.8274435753157561,0.5179665242165242,0.85556132886924,1.424262553796001,0.0156280337832868,0.0885048694908618,0.2118147686123848
0,11,76.0,0.834954453836709,0.5320188117982235,0.8403575425054512,1.4178069501087582,0.0157637898810207,0.0920499376952648,0.2074723429977893
0,11,77.0,0.8393128487703955,0.5272275042495631,0.8245410033300811,1.4094369411468506,0.0181204986292868,0.1186163742095232,0.2545079439878464
0,11,78.0,0.8416580645302454,0.5325262904307022,0.8125976583536934,1.3990858313681065,0.0222790304105728,0.110687531530857,0.2146968208253383
0,11,79.0,0.851204547442141,0.5383238017429194,0.7955232508042279,1.4107908914829124,0.0160436753649264,0.0898418556898832,0.184320505708456
0,11,80.0,0.8511193432318391,0.5426365845483493,0.7780542317558737,1.381940640252212,0.0166281594429165,0.0854786355048418,0.1992814876139164
0,11,81.0,0.8615817895239428,0.5389365468409586,0.7669235182743447,1.375381730068689,0.0169527551624923,0.0970634091645479,0.2063524387776851
0,11,82.0,0.8675659753034711,0.5374659586056645,0.7510061710488563,1.3749574710582864,0.017959285993129,0.0953754354268312,0.1924166195094585
0,11,83.0,0.8694432567604101,0.5405872926093515,0.7444209465793535,1.3550202956144837,0.0269529554061591,0.138409873470664,0.2397202514111995
0,11,84.0,0.8647965930608916,0.5500848416289593,0.7293980084213556,1.350765757177068,0.022992952959612,0.1176732238382101,0.1943264007568359
0,11,85.0,0.8806125491299941,0.5583401416122004,0.7203625629929935,1.333509506850407,0.0257095429114997,0.1175892073661089,0.2187446802854538
0,11,86.0,0.8805182015351596,0.5295474065694654,0.7011459493169597,1.3304581559937576,0.0165642432402819,0.0925529282540083,0.1771449819207191
0,11,87.0,0.8842148787401625,0.5251033212430272,0.6936065540594213,1.3252483236378636,0.023440467659384,0.1267841532826423,0.2030560411512851
0,11,88.0,0.899590646289843,0.5524782135076253,0.6818817164383683,1.3161808745614414,0.0194615260697901,0.1164140347391367,0.2105154581367969
0,11,89.0,0.8925524700940582,0.5426742919389979,0.6679857735540352,1.3047350316212094,0.0198199502192437,0.1107735112309455,0.1926913447678089
0,11,90.0,0.902169903124419,0.5623874015418133,0.6571207780464022,1.3173088986298134,0.0194857639726251,0.1140509229153394,0.1914775930345058
0,11,91.0,0.8996848192563566,0.5510039592760181,0.6431543240360186,1.2980862362631436,0.0174962270539253,0.1148118376731872,0.2078559175133705
0,11,92.0,0.9067632531010946,0.5718477668845316,0.6318471352259318,1.2891677028831394,0.0175892920233309,0.1031973268836736,0.2016676552593708
0,11,93.0,0.9053719799782984,0.5625885076252723,0.6205947731055466,1.295336843907148,0.0166293841321021,0.1077678687870502,0.1741510927677154
0,11,94.0,0.912593541851726,0.5527845860566448,0.6120895799468545,1.2906644193605443,0.0167079153470695,0.1094576083123683,0.2075203545391559
0,11,95.0,0.910513020034362,0.5664383274677393,0.6016469754424749,1.27626607335847,0.0190291900653392,0.1171341519802808,0.199947815388441
0,11,96.0,0.9139152823178543,0.5617678481649069,0.5903831486608467,1.269024728358477,0.0185833647847175,0.1193068716675043,0.2260352559387684
0,11,97.0,0.925374507178458,0.5457207348751466,0.5810447290831922,1.274894366319152,0.0198829718865454,0.1190464515239,0.2072548046708107
0,11,98.0,0.920242311793116,0.5552523252890901,0.5697357925714231,1.2747750090456558,0.0158902406692504,0.1009997073560953,0.1667394116520881
0,11,99.0,0.9234086288538838,0.573080065359477,0.5595577840711556,1.2530779824859797,0.0196251403540372,0.1149975210428237,0.1812669187784195
0,11,100.0,0.9295114130921664,0.5715717697335344,0.5503622171925563,1.2552737545693058,0.0160712508950382,0.0961220636963844,0.1670638099312782
0,23,1.0,0.0757090501158634,0.0497863247863248,2.482705979253732,2.478889284462764,0.0015889381174929,0.0157531162258237,0.0668066339567303
0,23,2.0,0.1098164504877039,0.0762820512820512,2.474260102066339,2.4730438747625243,0.0021538540604524,0.0160271530039608,0.063649701885879
0,23,3.0,0.1085460119890045,0.0795673076923076,2.4656641904045555,2.466450833726203,0.0023857601627241,0.0163215876091271,0.0758631806820631
0,23,4.0,0.1044620184565836,0.0812767094017094,2.4573845807243795,2.459442067420345,0.0023350747360382,0.0155704170465469,0.0853962395340204
0,23,5.0,0.0975527994549733,0.0769230769230769,2.448227797302545,2.451222110068661,0.0025727658648975,0.0164870515000075,0.094280008226633
0,23,6.0,0.0956442096850283,0.0769230769230769,2.438330306258856,2.4438132582039667,0.0027787215367425,0.0204827701672911,0.125902310013771
0,23,7.0,0.0939080985739172,0.0769230769230769,2.4284847932703357,2.436633732127047,0.0024527600035071,0.0206703804433345,0.1109015606343746
0,23,8.0,0.0990194363402041,0.0861823361823361,2.4167413917242317,2.4310281495938355,0.0030416652443818,0.0226415931247174,0.1084022149443626
0,23,9.0,0.1105427436081922,0.0815527065527065,2.405247892117968,2.424249057112069,0.0039685351075604,0.0263128974474966,0.1378002576529979
0,23,10.0,0.1178713488091378,0.0815527065527065,2.3928626714968213,2.415780607311205,0.0037663621478714,0.0285534248687326,0.1283113751560449
0,23,11.0,0.1320626642261702,0.0908119658119658,2.378463772231457,2.4079765999454192,0.0044882255606353,0.0309730931185185,0.1336665358394384
0,23,12.0,0.1589485225904051,0.1176638176638176,2.3644374753914628,2.399653177151735,0.0051322968793101,0.0301298596896231,0.1424154639244079
0,23,13.0,0.1767531843734433,0.1687908496732026,2.3483417782129026,2.3911991804495627,0.0043968867976218,0.0300402981229126,0.1335921697318554
0,23,14.0,0.193042320276941,0.1697843346740405,2.331030926984899,2.3820328931698853,0.0061444554012268,0.0341186630539596,0.1631119288504123
0,23,15.0,0.2075598920523515,0.1827472976370035,2.310382714926028,2.3722686904600296,0.0044444013037718,0.0302912867628037,0.1484770067036152
0,23,16.0,0.2160165432616623,0.2021168510139098,2.2902641745174632,2.358747800191244,0.0075010191649198,0.0367560870945453,0.1678822562098503
0,23,17.0,0.23983913074976,0.229588256242668,2.2665068224364635,2.345932664542363,0.0073526371270418,0.0410254737362265,0.1822601780295372
0,23,18.0,0.2395354852911654,0.2346859363403481,2.2435886308258657,2.3306017004210373,0.0090842857025563,0.0440836232155561,0.2013957053422927
0,23,19.0,0.2495210210191465,0.2571092646460293,2.2166268273895864,2.3098409312894974,0.0106636735145002,0.0509835258126258,0.215357769280672
0,23,20.0,0.2780789482763916,0.2561084476525653,2.189927595736933,2.290535159494685,0.0096773970872163,0.0459528863430023,0.2085156813263893
0,23,21.0,0.2803110899569607,0.2718863720701956,2.161282413146075,2.2774421456216394,0.0075565188890323,0.0432734293863177,0.2011356502771377
0,23,22.0,0.2850874739516469,0.2392245894084129,2.1331955582487816,2.255401148193184,0.0096936732297763,0.0477122431620955,0.2120370045304298
0,23,23.0,0.3013837998976029,0.2353784355622591,2.103838886934168,2.2249331775752976,0.0095953304553404,0.0448664734140038,0.2195147648453712
0,23,24.0,0.3130776662510757,0.2458359519021283,2.0755746701184443,2.20488008137407,0.0121780114714056,0.0552639532834291,0.2360648512840271
0,23,25.0,0.3212846438447362,0.2570895131556897,2.0460511095383587,2.1861746777063127,0.0103756490861997,0.0475696371868252,0.2266116514801979
0,23,26.0,0.3454071562053076,0.2719933593095358,2.0166781514298684,2.1630642907372835,0.0110149387037381,0.0506093241274356,0.229855578392744
0,23,27.0,0.3418508958374631,0.2742228087816323,1.9879337245342776,2.1299079533281,0.0127145878504961,0.054078672081232,0.2312078103423118
0,23,28.0,0.3641832240646743,0.2761867353779119,1.956523453955557,2.113067111749759,0.0103626018390059,0.0525841126218438,0.2313779331743717
0,23,29.0,0.3838783692374429,0.2807414739400033,1.9266964669321096,2.081254964587332,0.0121943703852593,0.0548189654946327,0.2214951999485492
0,23,30.0,0.3949094572240018,0.3001146933132227,1.8953443134532253,2.0548667304817285,0.0142767399083822,0.0605777259916067,0.2634306661784649
0,23,31.0,0.3971161692994837,0.2946303628288922,1.8656035727145623,2.0448568196132264,0.0147140107583254,0.0610552271828055,0.2313092984259128
0,23,32.0,0.4161494081821367,0.3361100636835931,1.8351483475928212,2.0116855632299666,0.0138343323487788,0.0626069782301783,0.2622196525335312
0,23,33.0,0.4170000177242459,0.3166656192391486,1.8097033285627175,1.9910895029703777,0.0149395833723247,0.066665313206613,0.2301812171936035
0,23,34.0,0.4269581255294373,0.341132852713735,1.7779921040815465,1.986417937552792,0.0125959059223532,0.0613710265606641,0.2440304011106491
0,23,35.0,0.4306535510396562,0.3438394054202878,1.7531685917985205,1.952505336410698,0.0166448017116636,0.07315010484308,0.2861081399023533
0,23,36.0,0.4642583458018015,0.3487413662046015,1.7292752494999006,1.9275760212163813,0.0166972358711063,0.0750353019684553,0.2776359766721725
0,23,37.0,0.4471232893486394,0.3616814353946707,1.6941533808614693,1.92244675515712,0.0153343367855995,0.0700101526454091,0.2148139514029026
0,23,38.0,0.4774531741748111,0.3648954667337019,1.6694566675260956,1.889489257472685,0.017058202298358,0.0754166189581155,0.2672302946448326
0,23,39.0,0.4964996880541291,0.3675625912758265,1.638471339263168,1.8705482058141425,0.0148988047149032,0.0767969600856304,0.2659884877502918
0,23,40.0,0.5063865452130966,0.3767469594675477,1.6072638427509982,1.8583956203241456,0.0133369097020477,0.0701879877597093,0.2455547116696834
0,23,41.0,0.5260131946063767,0.3833529351911705,1.5872588199727675,1.837542610606928,0.0152340093627572,0.0742243640124797,0.240902405232191
0,23,42.0,0.530621577932249,0.4077897932677344,1.557428251060785,1.8183485132524335,0.0121790168341249,0.0662385346367955,0.2234775498509407
0,23,43.0,0.5603871690554195,0.4129572769278651,1.5322625150867537,1.8049498919782967,0.0165641973726451,0.0793030615895986,0.2807070314884186
0,23,44.0,0.557423181265568,0.4197147555603437,1.506927649647582,1.7894914273557991,0.018559465650469,0.0840373467653989,0.2788396365940571
0,23,45.0,0.5567376399550267,0.4174816400919341,1.4774971831078625,1.7599492210081251,0.0141994901932775,0.0713285077363252,0.242318794131279
0,23,46.0,0.5963255087265967,0.4079463836816777,1.45380104897069,1.7513506371399452,0.0186485396698117,0.086241278797388,0.2651212774217129
0,23,47.0,0.5982804087507186,0.4033167540520481,1.429002285003662,1.7382787424942543,0.0211798816453665,0.0890166386961937,0.2622548006474972
0,23,48.0,0.6196479372773668,0.4176635183988126,1.402343002020144,1.7218254941633375,0.0191919889766722,0.0867974422872066,0.2559771910309791
0,23,49.0,0.643648910090571,0.4182081807081807,1.3794440068450629,1.7141080313715442,0.0181505219079554,0.0847067330032587,0.2699802555143833
0,23,50.0,0.6412558169240504,0.404935702913644,1.35600923650405,1.6955677270889282,0.0169680421240627,0.0812357161194086,0.2387833669781685
0,23,51.0,0.668999717618604,0.4538599948526418,1.3337919964509852,1.670423056887484,0.0208660857751965,0.0897541418671608,0.2626389563083648
0,23,52.0,0.6645277812264229,0.4571287168713638,1.311262805789125,1.6708098307423207,0.020065032178536,0.0940956752747297,0.2511601522564888
0,23,53.0,0.6741972632624815,0.4606262269865211,1.283410798334608,1.6557147187748174,0.0152972554787993,0.0767195131629705,0.2171560861170292
0,23,54.0,0.7091312538317247,0.4702327084680026,1.2618021235746495,1.633056514564602,0.0168815583456307,0.0821654982864856,0.2336203120648861
0,23,55.0,0.7174865309475001,0.476642964878259,1.2384529833700142,1.6093412815839394,0.0211455184035003,0.1050587221980094,0.2985168769955635
0,23,56.0,0.7299468199099618,0.4741972964399436,1.2167904405032888,1.6157190498264355,0.0186317013576626,0.0961942113935947,0.239845123142004
0,23,57.0,0.7225682316309686,0.4911297852474323,1.1954761098412907,1.5859737094791455,0.0218094303272664,0.0958544816821813,0.2606100030243397
0,23,58.0,0.744646238899891,0.5091495786348729,1.1750928822685691,1.56628382891074,0.0201612857636064,0.096959251910448,0.2432254552841186
0,23,59.0,0.7401058542503237,0.4995761659364601,1.1575002417844884,1.5724163274655396,0.0214744610711932,0.1026401575654745,0.2492480240762233
0,23,60.0,0.7639477267797541,0.51566046290311,1.135620285950455,1.5482474634017067,0.0179272573441267,0.0920243132859468,0.2479081004858017
0,23,61.0,0.7696757609941436,0.5205748431851372,1.1125774865056954,1.542529123953019,0.0152374722529202,0.0805172342807054,0.2152213603258133
0,23,62.0,0.7780448704068469,0.5239225711652182,1.0979592931036857,1.524789082592931,0.0209720921702682,0.105161678045988,0.2702074833214283
0,23,63.0,0.7798877729227516,0.5159860632287103,1.0769561141144997,1.5217379920784084,0.0221916788723319,0.1097628027200698,0.2604593485593796
0,23,64.0,0.7826292049797096,0.5239721743398215,1.0603301230598898,1.511109237013192,0.0201012375764548,0.1049276944249868,0.2293661311268806
0,23,65.0,0.7891183296642934,0.5347769129019129,1.03867906963124,1.5078859808801237,0.0174149712547659,0.0892582330852747,0.2115911319851875
0,23,66.0,0.7837991807281233,0.5090328652828653,1.0225141950682095,1.4901232733123604,0.0227577085606753,0.0966332014650106,0.2252127565443515
0,23,67.0,0.7879404639917471,0.5147129150805622,1.0052711126851102,1.477517433550166,0.0180949228815734,0.0968696568161249,0.2494968362152576
0,23,68.0,0.8011608424757702,0.5176368089971032,0.9898196297533371,1.483355375542038,0.0198328853584826,0.1045273132622242,0.2519728653132915
0,23,69.0,0.8018632523248037,0.5267499521175992,0.9702803146605398,1.467574075720776,0.021383102517575,0.1096621286123991,0.2589336149394512
0,23,70.0,0.8136385506132598,0.5385302197802199,0.9544631806074404,1.4622429609298706,0.0193093742709606,0.0997218992561101,0.2083809860050678
0,23,71.0,0.8140761301731798,0.5291841736694678,0.9398600587657854,1.4492426521476658,0.0216945763677358,0.1072823256254196,0.2253965809941291
0,23,72.0,0.8186516861431866,0.5129768039694511,0.9187521240290474,1.442106925207993,0.0150432316586375,0.0826964415609836,0.1839755363762378
0,23,73.0,0.8262430470240211,0.5354088857765329,0.9036939195558136,1.4279225311060062,0.0158863284159451,0.0883087813854217,0.2186098210513591
0,23,74.0,0.8368708992742137,0.5504960317460318,0.8876808968244815,1.4291654715592834,0.0191111478488892,0.0978437680751085,0.2185632437467575
0,23,75.0,0.8326578012901192,0.5160765160765161,0.8717396906777924,1.4211563337808368,0.0174553818069398,0.0928263776004314,0.2157340012490749
0,23,76.0,0.8407540647819554,0.534687731930379,0.8562528355448854,1.4133196822528182,0.016234670067206,0.0929560530930757,0.2116711065173149
0,23,77.0,0.8442705007956689,0.5366479925303455,0.8375003527192508,1.409441273787926,0.0145882158540189,0.0817509498447179,0.1725657433271408
0,23,78.0,0.8516176888031253,0.5405119526443056,0.8255813191918766,1.410486677597309,0.0197341074235737,0.1037543360143899,0.2112423665821552
0,23,79.0,0.8500927079765718,0.5458856298929828,0.8076783318145603,1.3982214776948951,0.0157388923689723,0.0810333359986543,0.1889724656939506
0,23,80.0,0.853792984320812,0.5646572517896047,0.7964437716147479,1.3895998097014153,0.0170029534492641,0.0899869576096534,0.2134106010198593
0,23,81.0,0.851395494384112,0.5845875529699059,0.783370719236486,1.3721783859976406,0.0192950305063277,0.106504762545228,0.2018111422657966
0,23,82.0,0.8590183497363947,0.5623869526443056,0.7721401995303584,1.3871230969483823,0.0213819479104131,0.1137914080172777,0.2296821288764476
0,23,83.0,0.8660399903640714,0.5690833812157342,0.7564321889596827,1.369622777248251,0.0201191699597984,0.0948512125760316,0.1665674448013305
0,23,84.0,0.8710901034409871,0.5720963064713065,0.7426420492284438,1.372445768323438,0.0206841337494552,0.1003161389380693,0.1922495402395725
0,23,85.0,0.8763952739993042,0.5981292196365726,0.7290701695516998,1.3718593216490471,0.0175050043035298,0.0861647464334964,0.165656927973032
0,23,86.0,0.8727125763487286,0.5823490507314036,0.7145212844306348,1.3602234865057057,0.0148693202063441,0.0862206555902957,0.199115764349699
0,23,87.0,0.8844299300497779,0.597822847087553,0.7045645907813427,1.3650146489855888,0.0190524477511644,0.0904258508235216,0.1592387445271015
0,23,88.0,0.8922092759651089,0.5880561091958151,0.6904803203601463,1.3634800143625545,0.0163090464193373,0.0867900475859642,0.1872499510645866
0,23,89.0,0.9039726928957218,0.5754707438530968,0.6783678279203527,1.351825874427269,0.0193667311687022,0.0945372078567743,0.1822319775819778
0,23,90.0,0.8990583296891624,0.5950450693097752,0.6665677855996525,1.3524562791846264,0.0178256526123732,0.0944949593394994,0.1740542389452457
0,23,91.0,0.8971638968206214,0.6027248078718668,0.6520656590368233,1.342028904235226,0.0174976612906903,0.0929222200065851,0.1817688643932342
0,23,92.0,0.9058774559522874,0.6084048576695635,0.6402111252148946,1.3372973422894532,0.0168801569379866,0.0864038057625293,0.1487180925905704
0,23,93.0,0.9130323770016594,0.6231664033134621,0.6289115686042636,1.3424626862865754,0.0165815732907503,0.0864851437509059,0.1698054708540439
0,23,94.0,0.9171719861865484,0.6125627708348297,0.6168849367721408,1.3213641575013084,0.0144982822239398,0.0835039671510458,0.1568052899092435
0,23,95.0,0.9113155576756576,0.6265421125715244,0.6076790220597211,1.3107862308107574,0.0157692590728402,0.0847188793122768,0.1529240012168884
0,23,96.0,0.9207020045621044,0.6259441810912398,0.5962385619387908,1.3162948276804782,0.0151329978834837,0.0818401630967855,0.1428555436432361
0,23,97.0,0.92083371797328,0.620896104168163,0.5840384490349714,1.3051703469506626,0.0151031459681689,0.0871427282691001,0.1573172621428966
0,23,98.0,0.9196128913806,0.6088806890277478,0.5742104170369167,1.3044662612608109,0.0158823668025434,0.0870180260390043,0.1610771119594574
0,23,99.0,0.9305603064608536,0.619266980296392,0.5680107981550927,1.3132422778798245,0.0183634529821574,0.0922626890242099,0.1610698699951172
0,23,100.0,0.9314382893578004,0.6081862445833034,0.5594378452675015,1.3026523823025582,0.0182557278312742,0.0964798871427774,0.1662538945674896
0,37,1.0,0.0866866592438979,0.0891737891737892,2.4824620134690227,2.4789788997036286,0.001512002054369,0.0112085691653192,0.0726709868758916
0,37,2.0,0.104690179646817,0.0927350427350427,2.474445972255632,2.4729573754058487,0.0021284359681885,0.0127108667511492,0.0767106432467699
0,37,3.0,0.1028383289715389,0.0982905982905982,2.465010372797648,2.4641690062380386,0.0026568970351945,0.0145779063459485,0.097240025177598
0,37,4.0,0.0948831852826996,0.0844017094017094,2.4553102109946456,2.455557601205234,0.0034252337063662,0.0181579198688268,0.1054471544921398
0,37,5.0,0.0963326830174656,0.0824786324786324,2.44330880688686,2.4463234057371643,0.0036589986993931,0.0208856626413762,0.1282117776572704
0,37,6.0,0.0892724978322804,0.0824786324786324,2.430471643747068,2.4377417536987656,0.0040446779457852,0.0220174714922904,0.1188482083380222
0,37,7.0,0.0892724978322804,0.0824786324786324,2.4161910954643697,2.430774951803273,0.0035943374969065,0.0253940867260098,0.1368985325098037
0,37,8.0,0.0986606589867459,0.088034188034188,2.402534080954159,2.4242294190943925,0.0035033078747801,0.0284924297593534,0.1704725995659828
0,37,9.0,0.1025319162113796,0.076068376068376,2.38983840007408,2.414487098825389,0.0044150027679279,0.0279960799962282,0.1712639853358268
0,37,10.0,0.1463973769275573,0.0881766381766381,2.373538360408708,2.402431479815779,0.0046555316657759,0.0289190909825265,0.1506551094353199
0,37,11.0,0.1672399922515556,0.1057692307692307,2.358264124627207,2.3929149419411844,0.0064706490375101,0.0322791831567883,0.1603927090764045
0,37,12.0,0.1823143239482277,0.1375230434053963,2.3400458176930745,2.3840209889685973,0.0056630480103194,0.0329579515382647,0.1546906754374504
0,37,13.0,0.1793967480253326,0.1322398190045249,2.319817853441425,2.3719309993173883,0.007478324114345,0.0374416764825582,0.1824796982109546
0,37,14.0,0.1998690308646368,0.1420777819674878,2.2992038586560417,2.357477607398198,0.0063086861046031,0.0357280233874917,0.177072387188673
0,37,15.0,0.2247803783823673,0.1405694863415451,2.2773921087676405,2.3425488471984863,0.0075067090801894,0.0365224159322679,0.1713940612971782
0,37,16.0,0.2456114385751296,0.1456175632646221,2.250470297944312,2.32391846865073,0.007885159109719,0.0393620301038026,0.1970986388623714
0,37,17.0,0.2419347242976983,0.1588156737053796,2.2261069269741283,2.303068054133448,0.0112453862093389,0.0441498113796114,0.2061940655112266
0,37,18.0,0.275915592759463,0.1800370789341377,2.196767671435487,2.279030070907768,0.008391571114771,0.0416969889774918,0.2127052210271358
0,37,19.0,0.2884332395086326,0.1856334841628959,2.1665531840978884,2.254179527019632,0.01156874850858,0.0494583584368228,0.2317156419157982
0,37,20.0,0.3002844481709385,0.21210407239819,2.1385018741383277,2.230116375561418,0.0110095852287486,0.0486002992838621,0.2365887761116027
0,37,21.0,0.3176420734594046,0.2445968451483157,2.10749633732964,2.198894865211399,0.0091605214402079,0.0456667505204677,0.2313253842294216
0,37,22.0,0.3170013270817184,0.2596839911178146,2.0756418948080024,2.1766140378754715,0.0104497626889497,0.0490720737725496,0.2264231257140636
0,37,23.0,0.3420235501275,0.2628089911178147,2.046084550782746,2.156484694316469,0.0111069956328719,0.0533430064097046,0.2401065677404403
0,37,24.0,0.3710005488573871,0.282048663482487,2.012063775810541,2.126914303878258,0.0105354185216128,0.0562446722760796,0.2886262722313404
0,37,25.0,0.3731693266516517,0.269215581531758,1.982418074794844,2.1033095737983443,0.012848632177338,0.0566885713487863,0.2719768546521663
0,37,26.0,0.3764661845688802,0.2619134405899112,1.9523379643758136,2.0857392042532736,0.0158222978934645,0.0651731770485639,0.2751049250364303
0,37,27.0,0.3926749951979356,0.277725406401877,1.9275605239120184,2.073553734812243,0.0141814320813864,0.0611879182979464,0.2383819371461868
0,37,28.0,0.4136495665489696,0.2763098081112787,1.896655999445448,2.0452078293109763,0.0136146454606205,0.0588600933551788,0.2613409869372844
0,37,29.0,0.4095266000004041,0.286968430534607,1.86797864483852,2.0248805736673288,0.0140236224979162,0.0609041005373001,0.2605666257441044
0,37,30.0,0.4152623967472488,0.313672445473916,1.8369781185598932,2.0081420821705085,0.0105882305651903,0.05473202932626,0.2625089138746261
0,37,31.0,0.4529377537209342,0.3105654013742249,1.8130756798912495,1.9943175535092408,0.0163366191554814,0.0701291682198643,0.2913161367177963
0,37,32.0,0.4645281072415789,0.3058034966123201,1.7855593947803272,1.9732689528629697,0.0148212602362036,0.0695852283388376,0.2599215134978294
0,37,33.0,0.4669284791029012,0.341065293638823,1.759229931644365,1.9619794248164384,0.0170963662676513,0.0669766068458557,0.2247385196387767
0,37,34.0,0.4871723214584253,0.3318364097775862,1.734540130110348,1.9412033037207592,0.0130316026043146,0.0632499195635318,0.2501068860292434
0,37,35.0,0.4979419653850933,0.347551862625392,1.7047040654163734,1.9195468179110824,0.0147506883367896,0.0695747416466474,0.2534063421189785
0,37,36.0,0.4935269602285742,0.3362537857023151,1.686745911953496,1.9028550016468968,0.0199715136550366,0.0837288610637188,0.2991379424929619
0,37,37.0,0.5260360653492355,0.3605184915846681,1.6573166094574274,1.893668742015444,0.0145947500132024,0.0778610296547412,0.2616450376808643
0,37,38.0,0.5310953384126084,0.3573934915846681,1.636172855601591,1.8700700806475237,0.0155971006024628,0.077663691714406,0.2812015786767006
0,37,39.0,0.540272298558197,0.3678101582513347,1.6113659554836797,1.8599569386449355,0.0175360455177724,0.0740919867530465,0.2487116567790508
0,37,40.0,0.5586876192937988,0.36673953769542,1.5838416221095066,1.843503745122888,0.0155366926919668,0.075292220339179,0.2666856795549392
0,37,41.0,0.5604231960546324,0.3767248886734181,1.5644964610829073,1.8278207107522024,0.0158108780160546,0.0811464060097932,0.277308527380228
0,37,42.0,0.5702758889164786,0.3869404492566257,1.538811510216956,1.82329348175005,0.0174729917198419,0.0781858060508966,0.2653240226209163
0,37,43.0,0.5926725407366193,0.3963704392013216,1.519407106848324,1.7987385837511085,0.0146308008115738,0.0807677004486322,0.2840171866118908
0,37,44.0,0.5911267022910109,0.397397965596495,1.496545407818813,1.7847720096851218,0.015985159901902,0.0822470998391509,0.2787459157407284
0,37,45.0,0.5911465016748253,0.3782474742033565,1.4744097120621624,1.7717456118813877,0.0171039074193686,0.0905866473913192,0.2711012475192547
0,37,46.0,0.6100913286717117,0.3904856173238526,1.4486083418715234,1.7620396627776924,0.0189656908623874,0.0863351412117481,0.2557021602988243
0,37,47.0,0.611436701663144,0.3991749263808088,1.4320063287136602,1.7413125421809057,0.0243776384741067,0.0930978246033191,0.2800915017724037
0,37,48.0,0.6142092069841733,0.4195645245277598,1.4028190813812556,1.7408825556437175,0.0156057744752615,0.0815686509013176,0.2596007660031318
0,37,49.0,0.6309891868041764,0.4157363265819149,1.3814672063378726,1.71572998337362,0.0172015985008329,0.086374431848526,0.2538554184138775
0,37,50.0,0.6299815424905936,0.431708548804137,1.3590830686045627,1.6943414060548805,0.0158292397391051,0.0793287064880132,0.2370278500020504
0,37,51.0,0.6434465990437104,0.43087674172233,1.3371552359824088,1.6942015064173732,0.0162676568143069,0.0826385784894228,0.2404536791145801
0,37,52.0,0.6577132466852603,0.4597370358399771,1.3145982943329158,1.670036670805394,0.0124232741072773,0.0813345611095428,0.2467812187969684
0,37,53.0,0.6722303231231034,0.4576840779046662,1.296086254306868,1.6664673884709675,0.0184225584380328,0.0860131606459617,0.2317197471857071
0,37,54.0,0.6655026526222007,0.4546940464219876,1.27917205212163,1.6652935469287566,0.0178049351088702,0.0940162427723407,0.2695030607283115
0,37,55.0,0.6789369509113157,0.4504383484162895,1.2543219898261275,1.643775116438153,0.0199052458629012,0.1049504242837429,0.2830500565469265
0,37,56.0,0.6897102852047358,0.4648383819339702,1.2347875160329482,1.6375836462810125,0.0163873955607414,0.0849952027201652,0.2586123384535312
0,37,57.0,0.7010109532589742,0.4540708270487683,1.2185153124379178,1.6263610700081137,0.0220670718699693,0.116407049819827,0.2921937145292759
0,37,58.0,0.6986596964240218,0.4477014203117144,1.199704487651002,1.6133270989889386,0.0214781896211206,0.1058682855218648,0.267771951854229
0,37,59.0,0.7207107861675643,0.4360419808949221,1.183538955333186,1.6090849610580795,0.021561237052083,0.100382249802351,0.2303327396512031
0,37,60.0,0.6975082139265774,0.4625340413943354,1.1666796282225964,1.5968073757215475,0.0209888340905308,0.1111078634858131,0.2600366771221161
0,37,61.0,0.7216041398245627,0.4574644922071393,1.1420520226160684,1.5834433813204711,0.0159918058197945,0.0869760923087596,0.2380216866731643
0,37,62.0,0.7359476391790474,0.4669321895424836,1.1278546754051657,1.5747120599637086,0.0187922404147684,0.097146077081561,0.2382214069366455
0,37,63.0,0.7300514885460546,0.4747135285738227,1.107443222812578,1.5666323831711693,0.0195882730185985,0.0984747856855392,0.2327476404607296
0,37,64.0,0.74535708523463,0.4661450477626949,1.087668912784726,1.55283478758801,0.0203410424292087,0.1014925893396139,0.2441321015357971
0,37,65.0,0.7452364205325591,0.4613909238909239,1.0734992335824405,1.5433246596106167,0.026730852201581,0.1121079977601766,0.253223318606615
0,37,66.0,0.7589157717224088,0.4616173178673179,1.059510613422768,1.5436586703377209,0.0240309908986091,0.1094326134771108,0.2530154176056385
0,37,67.0,0.757490897869256,0.4875519972946444,1.034343172522152,1.5194525102089191,0.0193638373166322,0.1007671374827623,0.2490160875022411
0,37,68.0,0.7738164582802171,0.4669056297732768,1.0164412456400254,1.530564772671667,0.0197519797366112,0.0919476393610239,0.2223120145499706
0,37,69.0,0.7744975358495155,0.4742863277789749,1.000799610568028,1.505814133019283,0.0204072031192481,0.1022403519600629,0.2194976955652237
0,37,70.0,0.7773292368652037,0.4918344047020517,0.9834618414149564,1.5003672673784454,0.0185959804803133,0.0930852722376585,0.1985312439501285
0,37,71.0,0.7894361145116179,0.4829935927362399,0.9637216876534854,1.4875603119532268,0.0177743218373507,0.090225058607757,0.20655382797122
0,37,72.0,0.7964619522936859,0.4814177380353852,0.953615201922024,1.477282254175208,0.020517039578408,0.1083977408707141,0.2317256145179271
0,37,73.0,0.7954110673510724,0.5026391432641434,0.9373495936393738,1.4647644223838017,0.0200847252272069,0.1143061984330415,0.2348234467208385
0,37,74.0,0.8190322851011871,0.4941047038473509,0.9192954507528568,1.4691188869805172,0.0200592624023556,0.1038023866713047,0.1920141391456127
0,37,75.0,0.8211354178183345,0.5062983312983313,0.9046595571087857,1.4436806344437874,0.0184633093886077,0.1011819634586572,0.20856624096632
0,37,76.0,0.8296451346791924,0.4965352594029065,0.8882845726667666,1.452403109649132,0.021707943174988,0.1055472064763307,0.2063054479658603
0,37,77.0,0.8357473845671975,0.4884030321530321,0.8753521980023852,1.4395437912009228,0.0201218607835471,0.0982203017920255,0.1984940506517887
0,37,78.0,0.8372679394886441,0.4819927757427757,0.8572986016086503,1.427603231079277,0.0233196336776018,0.1041848491877317,0.2063364721834659
0,37,79.0,0.8443793721533557,0.4894038491464962,0.8445664877985039,1.4440765243837204,0.024504333268851,0.1261610202491283,0.2343621701002121
0,37,80.0,0.8466984564886468,0.5022510713687184,0.8258238039764704,1.409241235119173,0.0218836336862295,0.10913572832942,0.2195112034678459
0,37,81.0,0.8534417229207532,0.4985918833345304,0.8144055389890483,1.4176019183520614,0.0255414498969912,0.1218461338430643,0.2357691004872322
0,37,82.0,0.8577648924116056,0.5027318405994877,0.7942750199168336,1.4079094042723206,0.0202746759168803,0.1130028907209634,0.2068851701915264
0,37,83.0,0.8635478309467168,0.5090085500011972,0.7826395927690992,1.4007717398391373,0.0225531042087823,0.1317945662885904,0.2315317690372467
0,37,84.0,0.8674748923852503,0.4706129994732935,0.7647997339566549,1.397514259678194,0.0199882644228637,0.105820994824171,0.2012623250484466
0,37,85.0,0.8672686860620228,0.5300342359165889,0.7523290026421641,1.3875893888802364,0.0191741727758198,0.1081382855772972,0.1862716190516948
0,37,86.0,0.8751042622967421,0.5144179894179896,0.7386396955041324,1.3853024586863902,0.0236301068216562,0.1253403257578611,0.2132279090583324
0,37,87.0,0.8795503534738693,0.508661327778975,0.724844394010656,1.388090476222422,0.0188129497691988,0.1151265818625688,0.2306060418486595
0,37,88.0,0.8792065056652899,0.524063899063899,0.710287553656335,1.3653735086835663,0.0197591697797179,0.0997735299170017,0.1914286464452743
0,37,89.0,0.902251298865032,0.5197102665852666,0.6954753314747529,1.3671384460624607,0.0189697777386754,0.0971453618258237,0.166098915040493
0,37,90.0,0.8943143485367774,0.5085937687040629,0.6788370034273933,1.3666591822415932,0.015811345539987,0.0889417920261621,0.1695544645190239
0,37,91.0,0.8971014177178106,0.5278920970097442,0.6688325045155544,1.3571317346616725,0.0212973468005657,0.1213391404598951,0.1954178102314472
0,37,92.0,0.9023284950482644,0.5235564204314205,0.656234488066505,1.3532718378922035,0.0162136959843337,0.0943770073354244,0.1816793978214264
0,37,93.0,0.8979392512105931,0.5364673860997391,0.646397976548064,1.3486009891005768,0.0192558858543634,0.0996800307184457,0.1572179067879915
0,37,94.0,0.9075720538244316,0.535064356939357,0.6358127180267783,1.346730995452267,0.0172471918631345,0.0981598747894167,0.1689557842910289
0,37,95.0,0.909515977282,0.5442523911273912,0.6265947136224485,1.351030852602816,0.0212546398397535,0.1159628387540578,0.1903178431093692
0,37,96.0,0.9147446606356834,0.5389691667265197,0.61401768431944,1.3328510879100055,0.0264765941537916,0.1145400553941726,0.179018098860979
0,37,97.0,0.917215978274684,0.5498487963561492,0.6031546529601602,1.3435145753553543,0.0215511275455355,0.1205743160098791,0.1859738156199455
0,37,98.0,0.9291029880340343,0.5488071296894826,0.5895697264110341,1.3220335532879006,0.021257500629872,0.1049823220819234,0.1783066764473915
0,37,99.0,0.9235474324784788,0.5236468732792262,0.5837879356215981,1.3301137877606797,0.0258121844381093,0.1413740366697311,0.2162891961634159
0,37,100.0,0.9308390991451452,0.5331821296894826,0.5693290177513571,1.31895990618344,0.0172583106905221,0.0951283872127533,0.1676585040986538
0,53,1.0,0.0845363078715132,0.082422969187675,2.4898317290287397,2.484762104078271,0.0025864891358651,0.0176908704452216,0.1005114894360303
0,53,2.0,0.1030388614164133,0.0858543417366946,2.4786980890760235,2.476578638471406,0.0019602935062721,0.0161719117313623,0.0996413305401802
0,53,3.0,0.1275454848319277,0.1475530596854126,2.4690939304875394,2.4697261843188056,0.002328239090275,0.0152015308849513,0.089201970025897
0,53,4.0,0.1383588197299307,0.1377545248868778,2.460231008716658,2.4622776864588944,0.0028781591681763,0.0172846713103353,0.1028682067990303
0,53,5.0,0.1350774342474583,0.1139564479638009,2.4492849378024832,2.4540590609627206,0.0029526726575568,0.0181683520786464,0.1142661366611719
0,53,6.0,0.1335179002971069,0.1233618233618233,2.438842933318194,2.445063684178495,0.0042183702462352,0.0213442845270037,0.1313686072826385
0,53,7.0,0.156642111546805,0.1289173789173789,2.4256210243000704,2.436100809053443,0.0030978667782619,0.0211665858514606,0.1307377535849809
0,53,8.0,0.1684651471435596,0.129189710072063,2.412922265482884,2.4265152448895333,0.0033827152801677,0.0245024226605892,0.1583679988980293
0,53,9.0,0.1792323469111063,0.1439332998156527,2.397274405348534,2.41871277765296,0.0040783695294521,0.0286396699957549,0.1714496165513992
0,53,10.0,0.1758148694909693,0.1469834087481146,2.381076897826849,2.409518115821926,0.0044149698223918,0.0267929602414369,0.1714802086353302
0,53,11.0,0.1884124630731695,0.1481816658287246,2.363803602667416,2.3962133424035432,0.0055539468303322,0.0321236881427466,0.1833835914731025
0,53,12.0,0.1869228147576655,0.1682760390480978,2.342439999299891,2.3803583945351083,0.0061976849101483,0.0337856831029057,0.1710720472037792
0,53,13.0,0.1970849423105334,0.2080871878665996,2.320024222018672,2.3647437999988425,0.0058555871946737,0.0334971500560641,0.1775142662227153
0,53,14.0,0.2131831932845976,0.2301632939500586,2.297248151255589,2.346031197186174,0.0064862318104133,0.0354276774451136,0.2042808309197425
0,53,15.0,0.231520837609084,0.2285125481816658,2.268639482236376,2.323809119476669,0.0091532992664724,0.039563875645399,0.1984265372157097
0,53,16.0,0.2689762185928908,0.2353375858890564,2.243610554115445,2.3015820486792204,0.0071297308895736,0.0399648696184158,0.2287355773150921
0,53,17.0,0.2761365788069818,0.2312903259594436,2.217905923431995,2.274511564737079,0.0087355416035279,0.0463878735899925,0.2575174570083618
0,53,18.0,0.3075883500481291,0.2319062133400369,2.1891352457158706,2.253603839326179,0.0094938317779451,0.0471801524981856,0.2471729665994644
0,53,19.0,0.3108967282207713,0.2261495517010223,2.160084883371989,2.2285368086277755,0.0081824278458952,0.0449568275362253,0.2418456748127937
0,53,20.0,0.3135845977963747,0.2421626235964471,2.130556730195588,2.2009111355090965,0.0094722419744357,0.0493780570104718,0.2400572337210178
0,53,21.0,0.3283043011541383,0.2566265501927267,2.1016347735535863,2.175414107311731,0.0128746208501979,0.0565360020846128,0.2855091467499733
0,53,22.0,0.334356815274168,0.2547034732696497,2.07040688383813,2.156593621462241,0.0105114332400262,0.0478096734732389,0.2308112643659114
0,53,23.0,0.3485767095387779,0.2442459569297805,2.0390064038482367,2.133916123160001,0.0125508890487253,0.059005219489336,0.2701641544699669
0,53,24.0,0.3666835367502614,0.2731507667169431,2.008000628153483,2.1035160305856286,0.0142429505940526,0.0571694793179631,0.2677960246801376
0,53,25.0,0.3732234520820319,0.2807592802078096,1.975491754213969,2.0863258400182616,0.009929226944223,0.0528944237157702,0.2431368604302406
0,53,26.0,0.3899733474175915,0.2746250209485504,1.9480017825668932,2.063479481072261,0.0140918376855552,0.0651775635778904,0.2821320034563541
0,53,27.0,0.3963928908903163,0.2914519440254735,1.916020749129501,2.0375528171144683,0.0134142627939581,0.0714138615876436,0.2976871058344841
0,53,28.0,0.4217520262937577,0.2701911106322871,1.8852050360511328,2.029537480452965,0.0128436509985476,0.0662711774930358,0.265782605856657
0,53,29.0,0.4261569249411644,0.2860921077832842,1.861686773861156,2.002725787546443,0.0206322483718395,0.0831929072737693,0.2958337590098381
0,53,30.0,0.4264895095885425,0.3048421077832843,1.8333720347460576,1.9724026082576007,0.0136367112863808,0.0692914491519332,0.2746151015162468
0,53,31.0,0.4442013860311286,0.2996337744499509,1.8129602773516784,1.966569248287157,0.0194617926608771,0.0837821122258901,0.2860108986496925
0,53,32.0,0.4867350917124719,0.3280094837080131,1.7752365430196126,1.9399476078735,0.0136683215387165,0.0740017723292112,0.2999016270041466
0,53,33.0,0.4818071949227958,0.3423525820584644,1.7491744307910695,1.918319510317397,0.0167060031089931,0.0754525922238826,0.2882006168365478
0,53,34.0,0.4944363219891543,0.3208248042806866,1.7255966181848563,1.902283996001057,0.0147431653458625,0.0785257890820503,0.2939359582960605
0,53,35.0,0.4952810384446762,0.3355987694222988,1.701804549553815,1.890540240824908,0.0187916234135627,0.0870932918041944,0.2692341320216656
0,53,36.0,0.5108890835148564,0.3858903283535635,1.675103946760589,1.8642652267697213,0.0161507707089185,0.0924793276935815,0.3337587192654609
0,53,37.0,0.5274516715601842,0.3824575342957696,1.6511700489941763,1.8427502547187369,0.0145730313379317,0.0819249479100108,0.2724485397338867
0,53,38.0,0.5376586187403636,0.3647010192966075,1.627152796352611,1.8322079017244537,0.0150702276732772,0.0815625227987766,0.2739702835679054
0,53,39.0,0.5512950006441716,0.3953774030979913,1.6008182338639805,1.8183943211347209,0.0143117632251232,0.0722335819154977,0.2505100779235363
0,53,40.0,0.5533129928158934,0.4001723766429648,1.5759083289726108,1.8004563306940014,0.0142585886642336,0.0792077500373125,0.2681009918451309
0,53,41.0,0.5751629471393715,0.3976260803466686,1.5528566009858076,1.784859631253385,0.0177346589043736,0.0900017842650413,0.2925579026341438
0,53,42.0,0.5643995531727,0.4219012605042016,1.5296335977666518,1.780692930879264,0.0158407371491193,0.0881055817008018,0.2742990106344223
0,53,43.0,0.5881666356681913,0.428103078838373,1.5017315602770038,1.7468996486444583,0.0138493361882865,0.0780491661280393,0.2348620966076851
0,53,44.0,0.5865713078101297,0.4323587768440709,1.4814837273429422,1.7393755912780762,0.0175330897327512,0.1048237383365631,0.2765064015984535
0,53,45.0,0.5986423051575055,0.4164844890947832,1.4540195072398463,1.721172565701364,0.0123204749543219,0.0764732919633388,0.2712552212178707
0,53,46.0,0.6033761549265887,0.4223464171993583,1.4290908518959493,1.7063068521433864,0.0135452242102473,0.08344048820436,0.2466456703841686
0,53,47.0,0.6080596001368714,0.4298837056189998,1.4077534960765463,1.690260832337127,0.0203059965278953,0.1014489121735096,0.2765745148062706
0,53,48.0,0.6275604542851624,0.4389574205750676,1.389196730595009,1.6753465211254426,0.0143210419919341,0.0967658441513776,0.2804527655243873
0,53,49.0,0.6349674157212597,0.4465126648950179,1.3646397221322153,1.6626617648135658,0.0226397207006812,0.1129952538758516,0.3034227639436722
0,53,50.0,0.65313304003471,0.4782981248054778,1.344223313705594,1.6475785943283432,0.0199355937074869,0.1160304993391037,0.3321525007486343
0,53,51.0,0.6619330266977582,0.4709996498599439,1.3158636827094885,1.635820980729728,0.0200316905975341,0.0997320003807544,0.2728940285742283
0,53,52.0,0.6628115061088463,0.4674204403983816,1.2940797029757032,1.620926329459267,0.0149534398224204,0.0935089793056249,0.2433324344456195
0,53,53.0,0.6898105089308078,0.4457861242787713,1.2744261867859783,1.6214092175165813,0.0190875269472599,0.1111548077315092,0.2797971479594707
0,53,54.0,0.6877194658688656,0.4516264304867246,1.2516793531530044,1.604562603194138,0.0189387826249003,0.1057277675718069,0.2761254236102104
0,53,55.0,0.6874958719085272,0.4446411363690776,1.2299557096817917,1.6057216257884586,0.0223904664162546,0.1125302128493785,0.2739528082311153
0,53,56.0,0.7057590584384421,0.4722829730182671,1.2056118960474052,1.5854158168551566,0.0173924828413873,0.0943548120558261,0.2183019965887069
0,53,57.0,0.7174826978060104,0.4937256847183318,1.186456244132098,1.5460514926362312,0.0223505180329084,0.1140937190502882,0.2747833803296089
0,53,58.0,0.7303257325582974,0.4901799929373458,1.164716188112895,1.5659461226956597,0.0264054485596716,0.1348967421799898,0.3029010109603405
0,53,59.0,0.7317688282892232,0.4830293549043549,1.1437739741568471,1.5352221494433524,0.0206048665568232,0.1172473952174186,0.2755322679877281
0,53,60.0,0.7501160310493744,0.509349712107065,1.1210474916532929,1.5352801221540604,0.0201367444824427,0.1137151215225458,0.2393413484096527
0,53,61.0,0.7661469226783028,0.5066137566137565,1.1010788361231485,1.5185413237275749,0.0229274916928261,0.1226344592869281,0.2405210137367248
0,53,62.0,0.7567104223051556,0.5011678816825876,1.0798972256043378,1.5080581793839904,0.0210705962963402,0.1198102831840515,0.289247989654541
0,53,63.0,0.7670682181550151,0.5141648860398861,1.069051960402844,1.4953623064633073,0.0266587738879024,0.1424856726080179,0.3259789496660232
0,53,64.0,0.7691044762255882,0.4932672855466973,1.04146400012222,1.4984812681702362,0.0150600019842386,0.0975708551704883,0.2105053849518299
0,53,65.0,0.7908066183943264,0.5169569537216596,1.0211773040247898,1.4644295826725575,0.0202048935461789,0.1203110888600349,0.2566508017480373
0,53,66.0,0.789529600494968,0.5153200489597548,1.0029737213078669,1.474169359810051,0.0198884350247681,0.1127799283713102,0.2261671647429466
0,53,67.0,0.7936759645199025,0.5096096237640355,0.9826095803111208,1.4770829293919705,0.0173288641963154,0.1096677258610725,0.2251491248607635
0,53,68.0,0.7982441637394803,0.5096740405563934,0.9726471583048504,1.4512622835992397,0.0205256736371666,0.137580132111907,0.2741506919264793
0,53,69.0,0.8058892417221947,0.5138728033948622,0.9538498242696126,1.4712213949225414,0.0237321257591247,0.130309771746397,0.2623233236372471
0,53,70.0,0.8099819160160715,0.5203326629797218,0.9376689578972612,1.4394035339355469,0.0218815221451222,0.143568092957139,0.2767761647701263
0,53,71.0,0.8119505517342204,0.5186232612703201,0.917099081768709,1.4421392459979003,0.020653827348724,0.1311141904443502,0.2500679045915603
0,53,72.0,0.8239947354602187,0.5483115468409586,0.9056902352501364,1.4287638307987958,0.0192450676113367,0.1208703406155109,0.2430944219231605
0,53,73.0,0.8284048771062286,0.5319512527233116,0.8858644188619127,1.4145472255246392,0.0209132560994476,0.1174882017076015,0.2372738011181354
0,53,74.0,0.8341632116255484,0.5431032135076252,0.8739807159292932,1.4114892496459783,0.0198875674977898,0.1192969586700201,0.2239575199782848
0,53,75.0,0.8389140577703585,0.5553753980224568,0.8579484369240555,1.4140167277434776,0.0176235134713351,0.1148533634841442,0.2156624272465706
0,53,76.0,0.8532737270080765,0.5502346237640356,0.8439942366936628,1.387794334312965,0.0193441601004451,0.1149503942579031,0.2397967018187046
0,53,77.0,0.8483019547409616,0.5741662476956595,0.8287195383333692,1.3924656119839898,0.0191294867545366,0.1112699471414089,0.1930173560976982
0,53,78.0,0.8539384106995628,0.5609309535780124,0.8139104088147481,1.387655892591367,0.0154861328192055,0.1088730860501527,0.2224373444914817
0,53,79.0,0.8631376240106182,0.5671454906749024,0.8000957482001361,1.3728144415493668,0.0182150066830217,0.1147949118167162,0.2082352600991726
0,53,80.0,0.8613630578975399,0.5715895760013406,0.7841191986027886,1.3688783398989974,0.0184392123483121,0.1086527872830629,0.193606574088335
0,53,81.0,0.8690127423962348,0.5506745433216022,0.7682114624509624,1.352396786898032,0.0185769163072109,0.1194240618497133,0.2144125550985336
0,53,82.0,0.869930982942135,0.5552509037803156,0.7554557211258832,1.368160551991956,0.0209715054370462,0.1342272963374853,0.2254100069403648
0,53,83.0,0.8755366381864351,0.5535947712418301,0.7418598137649836,1.3603302199265053,0.0205991277471184,0.136443842202425,0.2429789006710052
0,53,84.0,0.8780018673717152,0.5482619436663555,0.72867817364487,1.3582754820242695,0.0214588507078588,0.1367660034447908,0.2260499410331249
0,53,85.0,0.8807283830058393,0.5561056046350165,0.7155362676171696,1.3515193188327483,0.0192702198401093,0.1308650691062212,0.1992909386754036
0,53,86.0,0.8944787997482774,0.5510893246187364,0.6989458142542372,1.3519566305752455,0.0184755714144557,0.1179589964449405,0.2179250828921795
0,53,87.0,0.8937357423089654,0.5331711317005435,0.6860000804358838,1.3634143848528808,0.0175296652596443,0.1134646087884903,0.1831667236983776
0,53,88.0,0.8885495925933533,0.5519960227680817,0.6759063968471453,1.3390297149789745,0.0194236119277775,0.125472817569971,0.2089745327830314
0,53,89.0,0.8902615257941613,0.5409257613301731,0.6608691545093761,1.350652028774393,0.017690333770588,0.1147805918008089,0.1785975471138954
0,53,90.0,0.8894429462503518,0.5539419934640523,0.6520984048936881,1.3274034467236748,0.0194081319496035,0.13447773642838,0.2150881178677082
0,53,91.0,0.8971142869022416,0.5364206259426849,0.6335471363628612,1.3377661910550347,0.0184733904898166,0.1258084401488304,0.2199604175984859
0,53,92.0,0.9056961337993058,0.5349835553879672,0.6242131216853273,1.3325026638206394,0.0190615025348961,0.1227050833404064,0.1843045204877853
0,53,93.0,0.9059794280609766,0.5415044650338768,0.6135419934403663,1.3114892751321026,0.0184342875145375,0.1371173094958067,0.2021333649754524
0,53,94.0,0.9077557968210412,0.5617819884364003,0.6031847163742664,1.316857333840995,0.018067137338221,0.1332615669816732,0.2241621613502502
0,53,95.0,0.9131667546713054,0.5664828431372549,0.5938858464652417,1.321383857178962,0.0180774237960577,0.1274758633226156,0.1902336813509464
0,53,96.0,0.9158052077880722,0.5451369436663556,0.5838797316831701,1.2996357542344894,0.0216334727592766,0.1536315754055977,0.2124187797307968
0,53,97.0,0.9205929924671612,0.5465919701213818,0.5664597567389993,1.313851013950918,0.0154216992668807,0.11605373211205,0.1718921065330505
0,53,98.0,0.9198989971582402,0.547642390289449,0.56086492024216,1.2991538678092518,0.0169720018748193,0.1197634972631931,0.1758018210530281
0,53,99.0,0.9219288508219834,0.5419214908185498,0.5488431320470922,1.29918591044415,0.0145742876920849,0.1021278761327266,0.155302245169878
0,53,100.0,0.9279445546603194,0.5530022265316384,0.538710016596551,1.3157229779780597,0.0160559818614274,0.1252953168004751,0.1682114712893962
0,71,1.0,0.086458924159153,0.063235294117647,2.4796708293989598,2.473564378146468,0.0019920734048355,0.0171580808237195,0.1011060308665037
0,71,2.0,0.0994597832016888,0.0711538461538461,2.469466456244973,2.467023885113069,0.0023360584164038,0.0166564499959349,0.1004592254757881
0,71,3.0,0.1092530657748049,0.0698717948717948,2.45888851296668,2.460290516930065,0.0025529265403747,0.0172866645734757,0.1223491095006465
0,71,4.0,0.1033537718320327,0.0955128205128205,2.448022665696985,2.4534654973567216,0.0024637134629301,0.0212518288753926,0.1325383260846138
0,71,5.0,0.1059260033444816,0.0871794871794871,2.4394462613498464,2.4483002328324592,0.0030333718168549,0.0239649703726172,0.1554557681083679
0,71,6.0,0.1095491917502787,0.0955128205128205,2.429973400340361,2.4432859777034013,0.0036413128254935,0.0278731286525726,0.1674612592905759
0,71,7.0,0.1199480521491391,0.0955128205128205,2.420732060600729,2.4378063596528152,0.0039674708386883,0.0248520509339869,0.1574457511305809
0,71,8.0,0.1220848042858912,0.1090544871794871,2.4101570110695034,2.429723835539544,0.0035148254828527,0.0278136008419096,0.1439369842410087
0,71,9.0,0.1249839068236385,0.1257211538461538,2.397371285569434,2.421137491861979,0.0033538963180035,0.0263651544228196,0.1353723537176847
0,71,10.0,0.14488838220915,0.123940527065527,2.383099780363195,2.411113308764052,0.0036168230581097,0.028593897819519,0.1482237353920936
0,71,11.0,0.164440323141757,0.1663512413512413,2.3681440961127187,2.4002964743252457,0.0041417790343984,0.0320008816197514,0.149866834282875
0,71,12.0,0.1677968046232384,0.1927846459096459,2.350334510616228,2.388386350938644,0.0043572525028139,0.0314431320875883,0.1544583402574062
0,71,13.0,0.1811720708112937,0.1751310032560032,2.33096588826647,2.376486709748191,0.0058624811936169,0.0358623601496219,0.1632636226713657
0,71,14.0,0.1943305764935184,0.1999352839426368,2.310824897242528,2.3633475385863205,0.0056376495631411,0.0369490347802639,0.1789014860987663
0,71,15.0,0.2329841047371253,0.2078819668893198,2.2875555150649127,2.34927250599039,0.0068216699874028,0.0396138839423656,0.201986514031887
0,71,16.0,0.2400228845152668,0.2394933293830352,2.2628381542131013,2.333494139813829,0.0072882184758782,0.0419400492683053,0.2029901258647442
0,71,17.0,0.2544628730146667,0.2196520595417654,2.2386118365269083,2.313328564852134,0.0069933780469,0.0433352952823042,0.2066406421363353
0,71,18.0,0.2691930215792278,0.2098853216500275,2.213660706725775,2.291658001384516,0.0064767723670229,0.0408199941739439,0.212674830108881
0,71,19.0,0.2868322434632705,0.2199561876032464,2.1852155928518258,2.2720723590631597,0.0094474463257938,0.0518373679369688,0.2507954724133014
0,71,20.0,0.2878971799110457,0.2414535899830018,2.156637730317957,2.2475917174898346,0.0094676205189898,0.0489869313314557,0.2215322963893413
0,71,21.0,0.3045880552647089,0.2562582297876415,2.124359947092393,2.2191275454115598,0.0085612650727853,0.0464036930352449,0.217776358127594
0,71,22.0,0.309168244086919,0.2496522540640187,2.0945643574583763,2.187849740872438,0.0100323129445314,0.0496443342417478,0.2267874218523502
0,71,23.0,0.3309759970116933,0.2443103737221384,2.0613287346035825,2.1585541949875053,0.0104460623115301,0.0529978591948747,0.2443820759654045
0,71,24.0,0.3425370232478942,0.2541142952907659,2.0272134332095875,2.1277206903216483,0.0117313649971038,0.0568003300577402,0.2629373893141746
0,71,25.0,0.3434845245527318,0.2881562133400369,1.9925130152234845,2.099403438896968,0.0132178419735282,0.061454284004867,0.2496948800981044
0,71,26.0,0.3756270566455555,0.280219705403529,1.961305901116016,2.063871745405526,0.0149802379310131,0.0717273633927106,0.3145822435617447
0,71,27.0,0.4008085581829954,0.2882531752017046,1.925520476172952,2.0380655677839257,0.01214529434219,0.0625020330771803,0.285237830132246
0,71,28.0,0.4295498531173611,0.2999787521846345,1.894006057814056,2.005677028634082,0.0138335740193724,0.070797910913825,0.2830345332622528
0,71,29.0,0.4369296918647223,0.3303344735330029,1.861978963777131,1.9774578823440376,0.0143895035143941,0.0669133439660072,0.2796334028244018
0,71,30.0,0.4381886957381123,0.3368302449184802,1.8259635453130685,1.9553722211684303,0.0119781254325062,0.0602197665721178,0.2695509158074856
0,71,31.0,0.4588057647640903,0.3173284164092988,1.7932107794518564,1.933727526116645,0.0133661616127938,0.0655099209398031,0.2431153282523155
0,71,32.0,0.465889542792778,0.3173284164092987,1.7606758510365206,1.909193060863977,0.0137555364053696,0.0740051381289959,0.307955764234066
0,71,33.0,0.4873573195677729,0.3502055950585362,1.7297622965831383,1.8815179912523288,0.0138569739647209,0.0709088323637843,0.2557954266667366
0,71,34.0,0.4887054574577805,0.3356438836218248,1.7003242071937112,1.8727051170392968,0.0162344148848205,0.077056641690433,0.2609457075595855
0,71,35.0,0.493195057027364,0.3554749784529196,1.672457882937263,1.8490574825769184,0.0144395385868847,0.0784267522394657,0.2657665684819221
0,71,36.0,0.5222064943380408,0.3684994403744404,1.6466168903837015,1.8272309878776811,0.0169760617427527,0.0842467490583658,0.3067432604730129
0,71,37.0,0.5317300751111347,0.3672323523426464,1.6152911289065492,1.809170966860892,0.0136629415210336,0.0776257701218128,0.2682474851608276
0,71,38.0,0.5558557423116066,0.3943385794488735,1.5908236597098555,1.785306566063015,0.0160698459949344,0.0847942382097244,0.2963097691535949
0,71,39.0,0.5574331055597992,0.4464800450094568,1.5619340793759215,1.7655331526679554,0.0171038885600864,0.0877488683909177,0.2415311560034752
0,71,40.0,0.5541971802199334,0.4062399746223276,1.5371697056527232,1.752543749480412,0.013263308443129,0.080407153815031,0.2774924822151661
0,71,41.0,0.5775732978326699,0.431245062127415,1.5146050981446808,1.7416654647081748,0.0193816807586699,0.0972881410270929,0.313770592212677
0,71,42.0,0.5851369414774111,0.4595728889846537,1.487997530488407,1.7197002652047697,0.0222061285749077,0.103562356904149,0.2676202543079853
0,71,43.0,0.5862031840580311,0.4057806776556776,1.4606269317514755,1.714803636759177,0.0192004579585045,0.0941892173141241,0.2595396526157856
0,71,44.0,0.6114846732697262,0.4401602414470061,1.4432488894930071,1.7076387145053382,0.0244055662769824,0.1139254216104745,0.3231997117400169
0,71,45.0,0.5996628235732656,0.4579116689410807,1.4168978176864924,1.6752842144034374,0.0228764112107455,0.1065648142248392,0.2814323268830776
0,71,46.0,0.63089617475049,0.4169216404510522,1.3902384711246865,1.676781825635625,0.0221485658548772,0.1146107036620378,0.3020404726266861
0,71,47.0,0.6421348063171982,0.4734172622040269,1.362881970873066,1.6408431050421175,0.017209900310263,0.0996937472373247,0.3039007447659969
0,71,48.0,0.6431886611178439,0.4792984180851827,1.3461868837767956,1.632738318936578,0.0213417173363268,0.1004423331469297,0.2811700962483883
0,71,49.0,0.667929346792454,0.4541344956786133,1.321576321358774,1.6384846479043194,0.0186848507728427,0.0913138445466756,0.259236603975296
0,71,50.0,0.6730399238607374,0.4919817179008356,1.30159535595015,1.6185404391124332,0.021270393859595,0.1065215487033128,0.259471733123064
0,71,51.0,0.684038153125695,0.460665580334698,1.281613571503583,1.605703031879732,0.022100587375462,0.1095240283757448,0.2598987631499767
0,71,52.0,0.6952096661854289,0.4912265226603461,1.262170024946624,1.602127257434801,0.0236691699828952,0.1170505639165639,0.2854869253933429
0,71,53.0,0.7016242505793432,0.5174675746366925,1.2402867032032387,1.5790540747258854,0.0242241031955927,0.1166245937347412,0.2866964936256408
0,71,54.0,0.7077340526649598,0.4464956067897244,1.222753126481,1.590401306919668,0.0243814764544367,0.1139873992651701,0.3000475764274597
0,71,55.0,0.7110962935250074,0.5017268338959515,1.2002861181894935,1.5558137098948162,0.0190291625913232,0.1049156729131937,0.3085276484489441
0,71,56.0,0.747744031026608,0.5196450268141445,1.1791875825208775,1.5498520478434947,0.0215112017467618,0.1130131520330905,0.2811084017157554
0,71,57.0,0.7427842339834575,0.5261228422993129,1.156637701333738,1.546455560059383,0.0211598651949316,0.103236123919487,0.2391284480690956
0,71,58.0,0.7528119200099869,0.5573677547942255,1.135695383127998,1.5274125597942834,0.0175658636726439,0.0978354476392269,0.2687150426208973
0,71,59.0,0.7496921468522232,0.5113116934808112,1.1177309662688013,1.519990242760757,0.0235027503222227,0.1070834305137395,0.2558633983135223
0,71,60.0,0.7669500819840365,0.5266927925016162,1.097134869706397,1.5157375157564537,0.0217673971783369,0.105422381311655,0.2556460686028003
0,71,61.0,0.7703850168306879,0.5573869825708061,1.0791097954207776,1.4985207346664078,0.0213108044117689,0.1039274726063013,0.2622043825685978
0,71,62.0,0.7818681889432887,0.5194062133400369,1.0645626016691618,1.5075900294314857,0.0303072053939104,0.1312546860426664,0.2679996117949486
0,71,63.0,0.7888576546683143,0.5367851307189543,1.046725235265844,1.4890447101373785,0.0253496803343296,0.1280073821544647,0.2806387469172477
0,71,64.0,0.7855602953388331,0.5320256200770909,1.023404294836755,1.4906390288780476,0.020675586303696,0.10825876891613,0.2546176873147487
0,71,65.0,0.7959653727596652,0.5226239106753814,1.0083971465335173,1.4798278438633885,0.0255804723128676,0.122147548943758,0.2456689327955246
0,71,66.0,0.803891728716033,0.5417923579688286,0.9928224374266232,1.4705790390913511,0.0234025376848876,0.1157681513577699,0.2590888813138008
0,71,67.0,0.8004235345870837,0.5313844448035624,0.9755391611772424,1.4610932448814655,0.021172918844968,0.1180015932768583,0.2694887705147266
0,71,68.0,0.805920015369257,0.5414451357466062,0.961297089913312,1.4614139562365651,0.0218084407970309,0.1122719589620828,0.2549090906977653
0,71,69.0,0.8118192209330618,0.5542974454739161,0.9396091641164294,1.440066952815001,0.0158924350980669,0.0917788874357938,0.2170878797769546
0,71,70.0,0.8138948578018056,0.5516835901027077,0.9253456230257072,1.4487789992628426,0.0195143548771739,0.1064986586570739,0.2376839183270931
0,71,71.0,0.8263732359051837,0.5579602995044172,0.9066469143418704,1.4316359840590378,0.0184138829354196,0.1051534637808799,0.2374168671667575
0,71,72.0,0.8277083347385764,0.560106104407575,0.8936342531559514,1.4170697064235294,0.0222115837968885,0.1155519522726535,0.2424130290746688
0,71,73.0,0.8200664517850464,0.5521377995642701,0.8787927868319493,1.4207542216640778,0.0220891595818102,0.1124666146934032,0.2026579566299915
0,71,74.0,0.8369141131516719,0.5776595681007446,0.8664043040836559,1.4048071757130238,0.0289401682093739,0.1393203884363174,0.2493026405572891
0,71,75.0,0.8390586680101629,0.5519150715841893,0.8504424174626668,1.4146227452946805,0.0217236804310232,0.1047336403280496,0.2146785110235214
0,71,76.0,0.8481101611250095,0.574877675429146,0.8422265777400896,1.4097394463659705,0.0286565902642905,0.1334362458437681,0.2583521381020546
0,71,77.0,0.8553332475284497,0.5823407461275109,0.8197784655234392,1.3891565498264355,0.0202170542906969,0.1063691210001707,0.2114919871091842
0,71,78.0,0.8523179781444733,0.5464307410998587,0.8054279486338297,1.405389471985828,0.020478346850723,0.105051914229989,0.2095042057335376
0,71,79.0,0.861512693599687,0.5767672346716464,0.7974095400641946,1.3813310820480873,0.0281074745580554,0.1356209609657526,0.2462491318583488
0,71,80.0,0.868809212276949,0.5794995241686418,0.7805697649132972,1.3831908004037266,0.0188820026814937,0.1047111675143241,0.2248196825385093
0,71,81.0,0.8653838437561054,0.563403780315545,0.766133193174998,1.3841347982143533,0.0202264059334993,0.1099746339023113,0.2126206047832965
0,71,82.0,0.8703001452252618,0.600807267351385,0.7541972585752899,1.3735515838381889,0.0200427589006721,0.1117762401700019,0.2367531433701515
0,71,83.0,0.8740481990670842,0.5624778543896191,0.7440874188554053,1.3637584502669586,0.0219629569910466,0.1098625101149082,0.2064520269632339
0,71,84.0,0.8739965395571544,0.5581637997079174,0.7302369683396582,1.370049750667879,0.0181648291181772,0.1036755871027708,0.2030278444290161
0,71,85.0,0.8815603304593947,0.5787224077665255,0.7186839477688658,1.3570218291775933,0.018199972808361,0.0917663518339395,0.1750422194600105
0,71,86.0,0.8901393184618719,0.5602130916469152,0.7082785872852101,1.3544677084889905,0.0214099697768688,0.1137794777750969,0.2025855407118797
0,71,87.0,0.8921290605575871,0.5767443408987526,0.6988047309950286,1.3533254957747185,0.0257441820576787,0.1238905657082796,0.2047993540763855
0,71,88.0,0.8939214019880866,0.5737139086403792,0.6827672913962719,1.3493842626440111,0.0161721440963447,0.0916557181626558,0.1725800223648548
0,71,89.0,0.896135350308071,0.5586479356699945,0.6726214500034556,1.3588713339005394,0.0207309112884104,0.1091870851814746,0.2028191499412059
0,71,90.0,0.9010304229060946,0.5823232391247097,0.6616539866316552,1.342887189196444,0.0205749324522912,0.1115947049111127,0.2059145830571651
0,71,91.0,0.8916898749744377,0.5667208336325984,0.6512123732005849,1.3510149498095458,0.0204356759786605,0.1105322875082492,0.2017566598951816
0,71,92.0,0.8991416325199638,0.5657402170269816,0.6386736336876364,1.3329974536238045,0.0192661941982805,0.1076522953808307,0.1958177164196968
0,71,93.0,0.9028838796046024,0.5897802497067203,0.6301786483502856,1.3328110349589382,0.0218667176086455,0.1112084500491619,0.2249980755150318
0,71,94.0,0.8999117255875926,0.5596234647705236,0.618299817571453,1.3431194308160366,0.0196921061724424,0.1086144167929887,0.1762212887406349
0,71,95.0,0.9129361889237028,0.5790467362158539,0.6078945244059843,1.3176814632854243,0.0181595836766064,0.0969692729413509,0.1705027036368847
0,71,96.0,0.910593338708512,0.577148947185712,0.5992072453685835,1.315497257243628,0.0214938884600996,0.1120077203959226,0.1744963563978672
0,71,97.0,0.9120561046659588,0.5757077617371736,0.588670370391771,1.3203798820232522,0.0207157297991216,0.1068312749266624,0.1795087903738021
0,71,98.0,0.9126705804239116,0.5883096614714262,0.5781132693384208,1.3061487811735306,0.0210355408489704,0.1064714808017015,0.1780778355896473
0,71,99.0,0.91259177821745,0.5918314868682516,0.5646925755575591,1.317651995297136,0.0171962522435933,0.0974249523133039,0.15361263230443
0,71,100.0,0.9208120618200852,0.5444081585625703,0.5568530744197322,1.3017315480900906,0.0147486373316496,0.0884304922074079,0.1514590606093406
1,11,1.0,0.0821736385595081,0.1044292717086834,2.487516112421073,2.4780641547321567,0.0028880999889224,0.0336827780120074,0.1814289800822734
1,11,2.0,0.1050335785390133,0.1022263071895425,2.467574088713702,2.463167197605562,0.0029888997087255,0.0306060286238789,0.1662690974771976
1,11,3.0,0.1157910628019323,0.1016135620915032,2.449909687977211,2.4472076032288683,0.0029936952050775,0.0265959957614541,0.1567407622933387
1,11,4.0,0.1080506148440931,0.1131535947712418,2.432959025513892,2.433977629306048,0.0031833607936277,0.0283723906613886,0.1687067002058029
1,11,5.0,0.1083279713208934,0.1111111111111111,2.4176549659055824,2.4204367730744494,0.003312007873319,0.0289107020944356,0.1819523572921753
1,11,6.0,0.1178800134816312,0.125,2.4033978686613198,2.4075602977233523,0.004771135689225,0.0372338406741619,0.2002370804548263
1,11,7.0,0.1251332523924788,0.1180555555555555,2.3880213971231496,2.3944373328304853,0.0049540689215064,0.0357248834334313,0.1998294852674007
1,11,8.0,0.128756440798276,0.1302083333333333,2.3736107611188704,2.3818150963303606,0.0055592022836208,0.0432089092209935,0.2175381667912006
1,11,9.0,0.1433384017117586,0.1357230392156862,2.357475963293337,2.3673852914889184,0.0038651904906146,0.0301001225598156,0.1645720042288303
1,11,10.0,0.1646177714965632,0.1544730392156862,2.339660082611384,2.3522620144680406,0.0040376537363044,0.034043613821268,0.1931427270174026
1,11,11.0,0.1846922843194329,0.1491917600373482,2.3225585647657807,2.3371239653705844,0.0073886293685063,0.0470146406441926,0.2362226992845535
1,11,12.0,0.1867938421117136,0.1691059757236228,2.3011698479745903,2.320728249803803,0.0058190344134345,0.0389985153451561,0.1814537681639194
1,11,13.0,0.1940030359203766,0.1694444444444444,2.2815143183165905,2.3096297012983693,0.0088557929266244,0.0470746466889977,0.2311256118118763
1,11,14.0,0.2212955287376049,0.1773080065359477,2.2599072175867416,2.2952885528993323,0.0054097304819151,0.0371864726766943,0.2102220170199871
1,11,15.0,0.2274127535393226,0.1602532679738562,2.238011125489777,2.2787176913763645,0.0069806829560548,0.042787566781044,0.2200798876583576
1,11,16.0,0.2512421735999999,0.1946691176470588,2.2131260011710374,2.260544518747273,0.0069098439998924,0.045841415412724,0.2406372688710689
1,11,17.0,0.2677360095587888,0.1933706816059757,2.19082002546273,2.2398497635090844,0.0079029568005353,0.0479962145909667,0.2249993607401847
1,11,18.0,0.2864796916010416,0.2052170868347339,2.165892521540324,2.2244923509789643,0.010650006821379,0.0508626094087958,0.2412339672446251
1,11,19.0,0.2899136137344077,0.2118551587301587,2.1386572398391426,2.204488884062457,0.0072220540605485,0.046248260885477,0.2603413313627243
1,11,20.0,0.3031743993300536,0.2243143090569561,2.112684178819843,2.189399775668714,0.0090043067466467,0.0491228802129626,0.2385255545377731
1,11,21.0,0.3203188230177182,0.2512313258636788,2.0889062423332065,2.17399114264539,0.0125461582792922,0.059172268025577,0.2797823771834373
1,11,22.0,0.3335421155250251,0.2439075630252101,2.0626962643043667,2.1520088720603807,0.0119809934403747,0.0600467594340443,0.2798466123640537
1,11,23.0,0.3437305424650211,0.2763567927170868,2.038352366054759,2.142250008837006,0.0127049710135906,0.0703187556937336,0.303995668888092
1,11,24.0,0.3708840638250117,0.2731325863678805,2.0080104126649743,2.1302707265820024,0.0096578219672665,0.0554204611107707,0.239255666732788
1,11,25.0,0.3827934323422806,0.2910218253968254,1.9823263944364065,2.115001184700509,0.0110778659582138,0.0575246745720505,0.266053456813097
1,11,26.0,0.4054431837176172,0.3081349206349206,1.9539949295567527,2.088742175751184,0.0115071590989828,0.0578128919005394,0.2472758218646049
1,11,27.0,0.4067569117959541,0.3056139122315592,1.927915634360968,2.0740378735333507,0.0118971825577318,0.065350342541933,0.2642828077077865
1,11,28.0,0.43313671946391,0.3026202147525677,1.8974823227115707,2.056916480939064,0.0117884071078151,0.0575604764744639,0.2407115027308464
1,11,29.0,0.4528498283927673,0.3123511904761905,1.870003815725738,2.04130952315923,0.0131900133565068,0.0636468594893813,0.2479271776974201
1,11,30.0,0.4466804378839817,0.3001079598506069,1.8434673220503563,2.0309150825590776,0.0145261653233319,0.0672575570642948,0.2817874923348427
1,11,31.0,0.4520664319919543,0.307828548085901,1.8142748486761957,2.010969691022613,0.0121183330193161,0.0710434354841709,0.3175206184387207
1,11,32.0,0.4686914275910768,0.3216765873015873,1.7877945507273951,1.9919401950384736,0.0154780626762658,0.0766366086900234,0.2977269738912582
1,11,33.0,0.5019311275865846,0.3019345238095238,1.7569417182136984,1.973260670724,0.0133207277394831,0.0674955220893025,0.27267025411129
1,11,34.0,0.5138505667437485,0.308531746031746,1.7313385762420357,1.961793611740925,0.0151633995119482,0.081823555752635,0.3083125278353691
1,11,35.0,0.503759628580062,0.3269432773109244,1.705010644127341,1.9453191954708664,0.0159818986430764,0.0861924886703491,0.3091492056846618
1,11,36.0,0.5166895789942135,0.299016690009337,1.6771769832162295,1.9348314161131368,0.0152291352860629,0.0857635885477066,0.3389149345457554
1,11,37.0,0.5324344977141594,0.3133024042950513,1.6496759381948731,1.9147983175763013,0.0128289111889898,0.0819101212546229,0.3092726357281208
1,11,38.0,0.5456204113068339,0.3074492296918767,1.6217680290633556,1.904424038864452,0.0135227621067315,0.0745933055877685,0.2633928097784519
1,11,39.0,0.5546292305406278,0.338235294117647,1.5950646620170743,1.8940170227423223,0.0127313768025487,0.0771747175604105,0.3134366273880005
1,11,40.0,0.5532145210085017,0.3140873015873016,1.5694647700178856,1.8818776917880808,0.0149683468043804,0.0860996339470148,0.3188442587852478
1,11,41.0,0.5691335848351743,0.3112861811391223,1.5420909825493307,1.86838305913485,0.0183515432290732,0.0906229484826326,0.2998845875263214
1,11,42.0,0.5613917426087887,0.3486928104575164,1.5159990207821714,1.854836651559412,0.0143700682092458,0.0758372712880373,0.2385763898491859
1,11,43.0,0.5811784377889893,0.3256273342670401,1.493734111505396,1.8418045841025177,0.0169231998734176,0.0936178024858236,0.2984227649867534
1,11,44.0,0.5929749407708328,0.3165499533146592,1.4706181946922752,1.831385787422135,0.0177937098778784,0.1006855592131614,0.324595458805561
1,11,45.0,0.5996472439339094,0.3605392156862745,1.443983592706568,1.8082792885910124,0.0154205663129687,0.0840594451874494,0.2854806408286094
1,11,46.0,0.5907343008766133,0.3389618347338936,1.4201298395792643,1.79781663135664,0.0125676824245601,0.0791632151231169,0.2732535824179649
1,11,47.0,0.5938221321972924,0.3455678104575164,1.398207516296237,1.784708948530389,0.0153409745544195,0.0841081403195858,0.2436818741261959
1,11,48.0,0.6127506177212705,0.3790411998132586,1.375572953972162,1.7690862219714554,0.0231323856860399,0.1060911417007446,0.2752219997346401
1,11,49.0,0.629533328259869,0.3464023109243697,1.3504310004851396,1.759949268674004,0.0161871290765702,0.0892783980816602,0.2828884273767471
1,11,50.0,0.6410412905680977,0.3710142390289448,1.3268073058595844,1.7484498277923766,0.0165958753786981,0.0940382070839405,0.2827249690890312
1,11,51.0,0.6524036152315364,0.3516106442577031,1.308431359833362,1.7431425667373386,0.0170492464676499,0.0993191245943307,0.283828854560852
1,11,52.0,0.6601842601186759,0.3665499533146591,1.2832890445110845,1.735677673971865,0.0189951646607369,0.1026342809200286,0.2772302888333797
1,11,53.0,0.6648084491635967,0.3459646358543418,1.2560827989204255,1.7180208334555993,0.0162015985697507,0.084234844893217,0.222048882395029
1,11,54.0,0.6782254420868196,0.3772146358543418,1.23544576401804,1.710080738603716,0.0156514809932559,0.0884918281808495,0.2664973326027393
1,11,55.0,0.687926748204961,0.4034868113912231,1.2140233554092108,1.689449736352503,0.0199098605662584,0.1114708743989467,0.2850121483206749
1,11,56.0,0.68965117254736,0.3734447945845005,1.1976121771569346,1.6746099771127192,0.023395802360028,0.1137330252677202,0.2654579170048237
1,11,57.0,0.6983988387848995,0.3904586834733894,1.1761790509317436,1.672590226816708,0.0205243998207151,0.1054291538894176,0.2586631625890732
1,11,58.0,0.710675582896214,0.4090423669467787,1.1527719993217318,1.654528787855566,0.0209854980930686,0.1104604117572307,0.2804524078965187
1,11,59.0,0.723611222430475,0.3946165966386554,1.1369127904667573,1.6427725962633213,0.0210596132092177,0.1129859630018472,0.2625206746160984
1,11,60.0,0.7322054985247511,0.4413252801120448,1.1243303719688864,1.6227250550625592,0.0300766644068062,0.1332993526011705,0.2514872066676616
1,11,61.0,0.7411565484578536,0.40968720821662,1.0984528148875516,1.6166057763015025,0.0215092382859438,0.1094841863960027,0.2499610260128975
1,11,62.0,0.7400815995848395,0.3956174136321195,1.0771300745945351,1.609447645717824,0.0241765305399894,0.1204642131924629,0.2631303034722805
1,11,63.0,0.7570024745801583,0.4135066526610644,1.060612608872208,1.6005108490498108,0.0244412682950496,0.1210103072226047,0.2839178517460823
1,11,64.0,0.7545700556578137,0.4245681605975723,1.040215379116582,1.5839729457211915,0.0188016591127961,0.0966471191495657,0.2437647655606269
1,11,65.0,0.7559102837129421,0.4412844304388422,1.023379810183656,1.5759750117917033,0.0233582544606179,0.1198771838098764,0.2698005773127079
1,11,66.0,0.7675425176136814,0.4309086134453781,0.9992923016641654,1.570413164838531,0.0174170725513249,0.0871707797050476,0.2235566824674606
1,11,67.0,0.7748444316819,0.4461863912231559,0.9856274422477274,1.5593213343761376,0.0177810443565249,0.1031970269978046,0.2633518166840076
1,11,68.0,0.7832762494381615,0.4573062558356676,0.970285756447736,1.5690768639716877,0.0221554660238325,0.1235708519816398,0.2540725730359554
1,11,69.0,0.8032190099553658,0.4412844304388422,0.9472666831577524,1.553628965947755,0.0189629294909536,0.1000871360301971,0.2355643734335899
1,11,70.0,0.7888880215838956,0.4273371848739495,0.9343878021427228,1.5416303217058351,0.021521573420614,0.1070965845137834,0.2574749998748302
1,11,71.0,0.8138219289680947,0.4593399859943977,0.9208561046450746,1.520659278835771,0.0207263655029237,0.136264806613326,0.2875079736113548
1,11,72.0,0.8206354615810459,0.4349352240896358,0.90050689683241,1.5252761008471427,0.0183936138637363,0.1128002945333719,0.2247186936438083
1,11,73.0,0.8192321356864408,0.4289828431372549,0.8864385331378264,1.523233001754129,0.0214579796884208,0.1152169723063707,0.2120451740920543
1,11,74.0,0.8357229836674304,0.4513451213818861,0.8704552865495869,1.509730558423601,0.0210922551341354,0.1208198778331279,0.259957306087017
1,11,75.0,0.8264887215994982,0.4516018907563024,0.8513268524525213,1.515784135231605,0.0182079933583736,0.1015010401606559,0.2123399265110492
1,11,76.0,0.832958144936338,0.4596784547152194,0.839875611370685,1.4968921185950557,0.0190010096412152,0.1048742998391389,0.213323313742876
1,11,77.0,0.8466978783847418,0.4631915266106443,0.8290861029250949,1.4968036384977532,0.0207148070912808,0.1142435166984796,0.2429164201021194
1,11,78.0,0.8401461098568612,0.4941439075630252,0.8104696505209978,1.49830035697779,0.0173673711251467,0.091731883585453,0.1839275173842907
1,11,79.0,0.8598967896159722,0.4565534547152194,0.7985612177381328,1.4826455786383363,0.023387674242258,0.1224722974002361,0.2545610070228576
1,11,80.0,0.8462723729086803,0.4792045985060691,0.7853685556673536,1.4891035930644831,0.0186296142637729,0.102506835013628,0.2068286277353763
1,11,81.0,0.8546277038305817,0.4729137488328664,0.773669707775116,1.4751520213290783,0.0214710070285946,0.1203584410250186,0.2247422151267528
1,11,82.0,0.8729583455187818,0.4648867880485527,0.7565950498861425,1.4714671528551,0.0185111397877335,0.1070694457739591,0.2162538990378379
1,11,83.0,0.8652208302163911,0.4673581932773109,0.7453224986207252,1.470018254229303,0.0188700349535793,0.1084980648010969,0.2278502993285656
1,11,84.0,0.8814139594108736,0.4576359710550888,0.7350202733395146,1.4533711283869997,0.0190588640980422,0.1073052529245615,0.1972496584057808
1,11,85.0,0.886892787121754,0.4673581932773109,0.7177101009032305,1.455987509185746,0.0178489843383431,0.1124453041702508,0.1955228969454765
1,11,86.0,0.886892787121754,0.4778157096171802,0.7057604876219058,1.4478266281489085,0.0165945084299892,0.0998797211796045,0.1903000436723232
1,11,87.0,0.9004460714820404,0.4851482259570495,0.6922721615024642,1.4352511245118091,0.0171133489347994,0.1025339383631944,0.2126258909702301
1,11,88.0,0.8908070562028582,0.4771621148459384,0.6813398457040973,1.4302866649345534,0.0189050240442156,0.1096828822046518,0.1864228174090385
1,11,89.0,0.8945444442638425,0.4620594070961717,0.6727924484832614,1.4437771351379756,0.0193797589745372,0.1220091078430414,0.2216966636478901
1,11,90.0,0.9021549581841912,0.4694415266106442,0.6576310253610798,1.4223140654479258,0.0183230997063219,0.1092434711754322,0.1907201744616031
1,11,91.0,0.9091455664315354,0.4930847338935575,0.6447132063846962,1.4275367309355875,0.0162582022603601,0.0983873680233955,0.1518357284367084
1,11,92.0,0.907428508057716,0.4876196311858076,0.6352147740476272,1.4224584871495265,0.0168338394723832,0.0957395117729902,0.1841804459691047
1,11,93.0,0.913869731890244,0.4729137488328664,0.6218963323854932,1.4077684307944844,0.0175170921720564,0.0973349381238222,0.1721269153058529
1,11,94.0,0.9197219854674724,0.49453197945845,0.6103190880195767,1.4140512125026543,0.0201422590762376,0.1205421872437,0.1861188374459743
1,11,95.0,0.9176576106781228,0.480593487394958,0.5970912295229295,1.397590551150621,0.0157616855576634,0.0893900729715824,0.1683474332094192
1,11,96.0,0.9249109581058892,0.5008315826330533,0.5862769255451128,1.3868881837856135,0.018188253045082,0.1089896336197853,0.1909087635576725
1,11,97.0,0.9249109581058892,0.4917950513538749,0.5781313128331128,1.3986855131634597,0.0179890119470655,0.1184536572545766,0.173506423830986
1,11,98.0,0.9307249115942612,0.5021621148459384,0.5666675686836242,1.384187246215414,0.0173930251039564,0.1007253397256136,0.1862404718995094
1,11,99.0,0.9388096347952634,0.4723010037348272,0.5563593460064308,1.3796332686610475,0.0167185224127024,0.1063640546053648,0.1706897877156734
1,11,100.0,0.9304597457554992,0.4903974089635854,0.5473182175673691,1.3814941461269672,0.0158912418410182,0.1046311166137456,0.1703496389091015
1,23,1.0,0.0613684983471383,0.0587797619047619,2.483344080868889,2.4789244070560974,0.0017925217980518,0.0163968908600509,0.071162087842822
1,23,2.0,0.0854052085567505,0.0781541783380018,2.4753277778625487,2.473087659248939,0.0023046458663884,0.0155556215904653,0.0698668388649821
1,23,3.0,0.0949875184265983,0.0828227124183006,2.4679217048719817,2.4666237097520094,0.0024862565624061,0.0171545101329684,0.0739332670345902
1,23,4.0,0.1010244635434221,0.1027369281045751,2.459737045624677,2.459173742836044,0.0033212511334568,0.0192117197439074,0.087826931849122
1,23,5.0,0.0893640014911501,0.1006944444444444,2.450569215475344,2.4511708606629683,0.0032638811971992,0.0186479738913476,0.0961804222315549
1,23,6.0,0.0874191548957726,0.0902777777777777,2.4399825339223824,2.441083102536625,0.0033985999471042,0.0207871627062559,0.1149714235216379
1,23,7.0,0.0898094528023749,0.0902777777777777,2.426540915171305,2.4309186540411774,0.0030908163462299,0.0214810357429087,0.1133974529802799
1,23,8.0,0.0953265806021114,0.0902777777777777,2.41517391204834,2.421189869649312,0.003627477097325,0.0246638967655599,0.1309538874775171
1,23,9.0,0.0986935839691148,0.0902777777777777,2.4034466051587877,2.4123789079090545,0.0032700442243367,0.0261201313696801,0.1350296791642904
1,23,10.0,0.1042930569598921,0.1024305555555555,2.390532113991532,2.405921347747893,0.0037098149186931,0.0319848242215812,0.1572639606893062
1,23,11.0,0.1337053533061757,0.1148897058823529,2.378438501732022,2.396990519303542,0.0040363883599638,0.0282126199454069,0.1382684931159019
1,23,12.0,0.1545844339678651,0.1302083333333333,2.3641911338357366,2.3872322119199314,0.0050523593672551,0.030525054782629,0.1564320251345634
1,23,13.0,0.1655569306740575,0.1517857142857142,2.348903343724269,2.3777480464009844,0.0047586782602593,0.0297477412968873,0.1436793245375156
1,23,14.0,0.1781380311122105,0.1594742063492063,2.3330201214435053,2.3683002771005124,0.0047610722249373,0.0284194978885352,0.1436289586126804
1,23,15.0,0.1855490983058863,0.1803075396825396,2.315337604634902,2.3549387723031128,0.0051159373251721,0.031738257035613,0.1473902966827154
1,23,16.0,0.1821151761725203,0.1809932306255836,2.2953176619959814,2.3391493128601617,0.0065861942712217,0.0370937273837626,0.1780506446957588
1,23,17.0,0.2047209083942418,0.1677170868347338,2.274009278241326,2.3241019390038486,0.0064797088271006,0.0359924705699086,0.1726042069494724
1,23,18.0,0.2053682330904796,0.1720063025210084,2.254476676267736,2.304583227846044,0.0086410414660349,0.0407459232956171,0.1937104389071464
1,23,19.0,0.2429847808317376,0.1833420868347339,2.228015119889203,2.281423131389731,0.007506315014325,0.03841791767627,0.1826139353215694
1,23,20.0,0.2692939279495822,0.1882440476190476,2.201834177503399,2.2556549613997783,0.0112729475367814,0.0498084798455238,0.2138146720826625
1,23,21.0,0.2711829020847122,0.1956261671335201,2.1708445689257454,2.2362242182330974,0.0096565671265125,0.0477460930123925,0.2212058566510677
1,23,22.0,0.2762848994769017,0.2096463585434173,2.143259979696835,2.20965865801072,0.0098745755385607,0.0508989058434963,0.231778796762228
1,23,23.0,0.3348806141079841,0.2350344304388422,2.10999038920683,2.18404946524716,0.01016700360924,0.0543998926877975,0.2245121672749519
1,23,24.0,0.3383938402600237,0.2380864845938375,2.077056880558238,2.1640694832660743,0.0111558279022574,0.0534716816619038,0.2183207646012306
1,23,25.0,0.3421575336835269,0.2534051120448179,2.043035935888104,2.140813311176187,0.0120351118966937,0.0598423657938838,0.2472295388579368
1,23,26.0,0.3646926948777025,0.2474527310924369,2.0091574916652606,2.1211652036249284,0.0102507234551012,0.0547091634944081,0.2241774760186672
1,23,27.0,0.3921081462898154,0.2471638655462185,1.975649429770077,2.101646492467124,0.0126883008051663,0.058738799765706,0.2409665882587433
1,23,28.0,0.3916312310404181,0.2617384453781513,1.944028423346725,2.079819184083205,0.0153308052103966,0.064157685264945,0.2565947249531746
1,23,29.0,0.4067168290403604,0.2422619047619047,1.9085768423828424,2.06306184537312,0.0119344862177968,0.0581828169524669,0.226773764938116
1,23,30.0,0.4362543985939446,0.2704365079365079,1.8797171480515424,2.038676323975332,0.011081363656558,0.0601336192339658,0.2695859521627426
1,23,31.0,0.4308449988761156,0.2740983893557423,1.849064516553692,2.02093901718862,0.0140463204588741,0.064564443193376,0.2424750439822673
1,23,32.0,0.4498949402095133,0.2860031512605042,1.8212962085125493,2.002814470663578,0.0138254112098366,0.0681246956810355,0.2304285019636154
1,23,33.0,0.4573428271261449,0.2892594537815126,1.7879041671752929,1.9859481083570851,0.0151767081115394,0.0706398067995905,0.2519329413771629
1,23,34.0,0.46962662442198,0.3219654528478058,1.7602078606100644,1.952802579783829,0.0144982936326414,0.0724269431084394,0.2615187689661979
1,23,35.0,0.4766286163068451,0.2971230158730158,1.7336580080144546,1.9392329948188285,0.0156936703715473,0.0698365457355976,0.2494114972651004
1,23,36.0,0.5009136128106387,0.3520658263305322,1.699911137188182,1.919171941350903,0.0152475046925246,0.0698320157825946,0.2608414366841316
1,23,37.0,0.5120786941442507,0.3551995798319327,1.6705177409976135,1.905930642545576,0.0134643523488193,0.0689171142876148,0.2665964849293232
1,23,38.0,0.5125188169166904,0.3503122082166199,1.6417443191303926,1.886952043990412,0.0119673993904143,0.0636284397915005,0.2362786009907722
1,23,39.0,0.5317203627684773,0.3605129551820729,1.6154370219099756,1.8684818695282797,0.0178765491582453,0.0773823196068406,0.2671681530773639
1,23,40.0,0.5419936190079874,0.3597047152194212,1.586746186836093,1.852268018666104,0.0146891099866479,0.0716872718185186,0.2750479653477669
1,23,41.0,0.5533112874804255,0.3848856209150326,1.5570853032317815,1.8412802339305536,0.0122849438339471,0.0616483315825462,0.2227568179368972
1,23,42.0,0.5549599194759832,0.3688725490196078,1.5329553720997828,1.828682761220537,0.0171018033288419,0.07723318785429,0.2382016330957412
1,23,43.0,0.5636581888226349,0.3730304621848739,1.5057969051248887,1.8075963188205244,0.0162981844041496,0.0757182911038398,0.2494012676179409
1,23,44.0,0.5883224088298041,0.3646971288515406,1.4851722044103286,1.7895927147047055,0.0169491469860076,0.0868633408099412,0.2608956880867481
1,23,45.0,0.583694620718268,0.3776348039215687,1.461624000119228,1.7901067197675535,0.0200525242835283,0.0836726687848568,0.2474961504340171
1,23,46.0,0.5920084732148069,0.3950280112044818,1.440359748578539,1.768862741233329,0.0194551188033074,0.0888735074549913,0.2583304941654205
1,23,47.0,0.6029939935081245,0.3971113445378151,1.4145777169395894,1.7464504728655843,0.018254020018503,0.0890539437532424,0.2549609690904617
1,23,48.0,0.6292073764953953,0.3860089869281045,1.3899057112488091,1.7432863098629834,0.0178530924022197,0.0879908502101898,0.2660836279392242
1,23,49.0,0.640112815143303,0.399203431372549,1.3645194479063445,1.740264753618184,0.0175206160638481,0.0901709664613008,0.2652772851288318
1,23,50.0,0.639416701946342,0.392953431372549,1.3445945590150123,1.7238105528453398,0.0166734231170266,0.0894186105579137,0.2192570976912975
1,23,51.0,0.65162794750841,0.3863153594771242,1.3214052723903282,1.7106929544866438,0.0162829824257642,0.0787783730775117,0.2359202355146408
1,23,52.0,0.6539504314229955,0.3940359477124182,1.3021613803564334,1.696757080992298,0.021938394755125,0.1024443339556455,0.2774993106722832
1,23,53.0,0.6762568239029588,0.3793300653594771,1.2787561463374717,1.6923737032173654,0.0158178266137838,0.0861739907413721,0.2215068526566028
1,23,54.0,0.6794803657760204,0.3870506535947712,1.258475037649566,1.677398422766014,0.021473332773894,0.1007541753351688,0.2479617111384868
1,23,55.0,0.6880050171351898,0.3834558823529412,1.235963026682536,1.6589225876260791,0.0191982015967369,0.1014594566076994,0.285667210817337
1,23,56.0,0.690421116534985,0.4113970588235294,1.2145012663859946,1.6562587185018869,0.0181941455230116,0.0959294494241476,0.2444096505641937
1,23,57.0,0.6896465924172218,0.3957720588235294,1.194338576933917,1.6387719974009949,0.020420828834176,0.0971863102167844,0.2549529522657394
1,23,58.0,0.7077141917938085,0.408843954248366,1.1705429834478045,1.641257122423522,0.0158237377181649,0.0942184515297412,0.2266498282551765
1,23,59.0,0.725914234434574,0.3894403594771242,1.151698629996356,1.6242554237151288,0.0186365987174212,0.095356922596693,0.2387642599642276
1,23,60.0,0.7185368372745682,0.400204248366013,1.1294654995787377,1.6170641092153697,0.0132999361958354,0.0825464650988578,0.2234248183667659
1,23,61.0,0.735314193325812,0.3865808823529412,1.113925840807896,1.6041302765614889,0.0194765762425959,0.1046716701239347,0.2313465327024459
1,23,62.0,0.7313831035514831,0.4030812324929971,1.0911242947858923,1.5961452715495634,0.0170171880163252,0.0852448092773556,0.2124569378793239
1,23,63.0,0.7534148754680395,0.4606471755368814,1.077115970031888,1.5855070500684207,0.0207999716512858,0.1049258820712566,0.2470777630805969
1,23,64.0,0.7568282086049941,0.4572478991596639,1.0546459296170403,1.583519972993072,0.0160293297376483,0.0918199568986892,0.2311341427266597
1,23,65.0,0.7723217669556051,0.4481967787114846,1.0402836264348498,1.5601101909163435,0.0208410429768264,0.1019221488386392,0.2694900222122669
1,23,66.0,0.7643209252047632,0.4646300186741363,1.0244105558769376,1.5572933544068648,0.0235384351108223,0.1131381187587976,0.237241443246603
1,23,67.0,0.7793877770238161,0.4487249066293184,0.9993619526133818,1.553225441797245,0.0168599414173513,0.0846457220613956,0.1884600073099136
1,23,68.0,0.7805594937699768,0.4454598506069094,0.9873015964732452,1.535136425988914,0.020239774370566,0.1038409210741519,0.218803372234106
1,23,69.0,0.7846400421159818,0.4710609243697479,0.9674501297520656,1.5238820702366576,0.0163265208248049,0.0885748956352472,0.2053210921585559
1,23,70.0,0.7945934043884054,0.4604400093370682,0.9511064141404396,1.5188617699245024,0.0187390558421611,0.1015068721026182,0.2128505408763885
1,23,71.0,0.7836325992773593,0.4771883753501401,0.9342849911427964,1.5057612438879069,0.0173135467339307,0.0914800316095352,0.1941487491130828
1,23,72.0,0.7962642989593253,0.4737161531279178,0.9173212993378732,1.4948026082924837,0.019567372277379,0.0993418246507644,0.2191824913024902
1,23,73.0,0.7989828653705998,0.4755835667600374,0.900895675724628,1.4906395814827913,0.0166550509165972,0.0923691783100366,0.2045889571309089
1,23,74.0,0.809941746395204,0.4956903594771242,0.8825496187397078,1.4801539471868932,0.0188528811559081,0.1073296293616294,0.2287947088479995
1,23,75.0,0.8174883506491253,0.4733689309056956,0.8666225129482793,1.481276194724811,0.0186425817664712,0.0943794436752796,0.1924831978976726
1,23,76.0,0.825025613521754,0.4598272642390289,0.8522818969745262,1.4732732286114665,0.0191833614371716,0.1007196847349405,0.2183397859334945
1,23,77.0,0.8395201225656815,0.4787085667600373,0.8368899712375566,1.4662607026523389,0.0161905454006046,0.0922418106347322,0.190872099250555
1,23,78.0,0.84646638257965,0.4992034313725491,0.8232414341440388,1.4517163482643445,0.0177720407955348,0.0967056807130575,0.2086027525365352
1,23,79.0,0.8554257973974705,0.4963760504201679,0.810650214026956,1.4525962687103,0.0197212700732052,0.1057586260139942,0.1842445619404316
1,23,80.0,0.8687439596400516,0.5047589869281046,0.7958548847366782,1.4445102835547994,0.0213097904343158,0.1150282714515924,0.2090255431830883
1,23,81.0,0.8591123916003691,0.5057598039215686,0.7794598591093923,1.4529639179184592,0.018963253358379,0.1089715529233217,0.1964713297784328
1,23,82.0,0.8693146862863596,0.5152661064425771,0.7653797273542366,1.436677663989321,0.0181368940975517,0.1062999237328767,0.1889407858252525
1,23,83.0,0.8812390024771958,0.5246323529411766,0.7564420538790085,1.4153144761655458,0.0199432484805583,0.1076310761272907,0.1807656064629554
1,23,84.0,0.877773642354227,0.5030228758169935,0.7400841853197884,1.4375879045068864,0.0183292769361287,0.0970304571092128,0.187124878168106
1,23,85.0,0.8752989666532232,0.496376050420168,0.726231353189431,1.4051415588728775,0.0176817567553371,0.098025768995285,0.211459532380104
1,23,86.0,0.8882759453209248,0.5193335667600373,0.7169228733754626,1.4119451088312815,0.0207417663186788,0.1131660491228103,0.2074863463640213
1,23,87.0,0.880526239380496,0.4935982726423902,0.7019051785562552,1.4170554925704144,0.0156817832030355,0.0916193649172782,0.1591323092579841
1,23,88.0,0.8827462104086066,0.5099585667600374,0.6880725624514561,1.4030139622603648,0.0186655297875404,0.0898827034980058,0.1742676943540573
1,23,89.0,0.8921200598490265,0.5360002334267041,0.6762103043350519,1.3931750792723436,0.0184518839232623,0.100273746997118,0.1782515384256839
1,23,90.0,0.8957060652518926,0.536000233426704,0.6615448928346821,1.3982130465422862,0.0163836921565234,0.1046455856412649,0.197462685406208
1,23,91.0,0.9069559184348852,0.5072303921568628,0.65213523682426,1.398100850850167,0.0162351806648075,0.0882670488208532,0.156425904482603
1,23,92.0,0.9020737300790754,0.5169030112044818,0.6399628896339267,1.3800829712455795,0.0160932226572185,0.0941321607679128,0.1886002458631992
1,23,93.0,0.91843484076463,0.5283204948646125,0.6277983172267091,1.37264359067883,0.0159456029068678,0.0934781190007925,0.1713031344115734
1,23,94.0,0.9203287801585694,0.5120419000933707,0.6154273654900345,1.392365494423364,0.0174797989893704,0.092861209064722,0.1515826694667339
1,23,95.0,0.9275380824841508,0.5335696778711484,0.6037503441174825,1.3741319687408808,0.0171871630009263,0.1034851726144552,0.1823199056088924
1,23,96.0,0.9218505192890042,0.4949784080298786,0.5909169867926953,1.3697505356997428,0.0136468280106782,0.0835917983204126,0.145343717187643
1,23,97.0,0.9260163433537162,0.5228057889822596,0.5857392692098431,1.3720060269508136,0.017405409598723,0.1072285491973161,0.1758083365857601
1,23,98.0,0.9291478033020364,0.521376050420168,0.5727756381034851,1.3606747445270155,0.017420751042664,0.1098435912281274,0.1971048638224601
1,23,99.0,0.9277713938587664,0.5114291549953315,0.564000373026904,1.3721085998433582,0.0165441231802105,0.1036092396825552,0.1886933296918869
1,23,100.0,0.9312436160809888,0.523202614379085,0.5548836303692238,1.362123033704137,0.0182016757316887,0.1064856629818677,0.1863492876291275
1,37,1.0,0.0826116958258009,0.0779207516339869,2.483718199823417,2.476842282086434,0.0016429318056907,0.0121872299350798,0.0784425362944603
1,37,2.0,0.1039031429052915,0.0877246732026143,2.475438236722759,2.470963653022721,0.0023237267450895,0.0141652254387736,0.0890169758349657
1,37,3.0,0.0895532677635812,0.1197916666666666,2.465509770898258,2.463705790818796,0.0032379964250139,0.0156898812856525,0.0998808592557907
1,37,4.0,0.09301862788655,0.0856821895424836,2.4535700237049776,2.4550003074329987,0.0035330012906342,0.0182134944479912,0.1108978446573019
1,37,5.0,0.0911246884926106,0.0843837535014005,2.4388049696006027,2.4430277996514675,0.0038721931632608,0.0221503716893494,0.1332307029515504
1,37,6.0,0.0913387525156619,0.0833333333333333,2.4231062711453903,2.432241417247163,0.0039258209289982,0.026174075435847,0.1549779418855905
1,37,7.0,0.0970205706974801,0.088235294117647,2.4087479357625923,2.42313059970472,0.0035521875834092,0.0264181303791701,0.1525297090411186
1,37,8.0,0.1047227185664631,0.085375816993464,2.396872940250472,2.4161261045015774,0.0040683707338757,0.0273572704754769,0.1557986661791801
1,37,9.0,0.1263978027415473,0.0972222222222222,2.382460474500469,2.405799672448424,0.005199140869081,0.0299156666733324,0.1649013422429561
1,37,10.0,0.143227881563753,0.0982726423902894,2.3683621144762226,2.39244955954467,0.0063628752250224,0.0339612923562526,0.1731887906789779
1,37,11.0,0.1511770650058585,0.1204044117647058,2.3515513709947173,2.378627472375272,0.0056240248959511,0.0327503406442701,0.1738391295075416
1,37,12.0,0.1643052092978416,0.1232638888888888,2.334472152298572,2.3639066614342865,0.0067179821198806,0.0366386352106928,0.1497602593153715
1,37,13.0,0.1679703241051085,0.1403186274509804,2.315430656133913,2.350355530631613,0.0067401721607893,0.0397500777617096,0.186783131211996
1,37,14.0,0.1901911404338252,0.1616625816993464,2.2928735228145825,2.3339033352552785,0.0069958122912794,0.0378616852685809,0.19470976293087
1,37,15.0,0.2251301305200599,0.1748657796451914,2.271439733692244,2.3154955065462013,0.0058938295114785,0.039512388408184,0.2010156884789466
1,37,16.0,0.2398497498931541,0.1776114612511671,2.248383132149192,2.292468124592798,0.0078163504367694,0.0414559580385685,0.1989033669233322
1,37,17.0,0.2473048621890147,0.1776114612511671,2.220961653952505,2.270119997171255,0.0095346122980117,0.0483677014708519,0.2360268458724022
1,37,18.0,0.2625404247577421,0.1951622315592903,2.1920744671541104,2.2511186444547757,0.0081025616964325,0.0418615378439426,0.2070809863507747
1,37,19.0,0.2760304166642794,0.2094304388422035,2.1638754321079627,2.2267845988979,0.01227393373847,0.055542416870594,0.2404062375426292
1,37,20.0,0.3167149079120552,0.21109360410831,2.130037017897064,2.201559584521683,0.0093650219496339,0.0438532512634992,0.2189746014773845
1,37,21.0,0.3135125949271335,0.227156279178338,2.097703950545367,2.182349983757064,0.0114483952056616,0.051672731526196,0.2493427284061908
1,37,22.0,0.3262326668225241,0.2526172969187675,2.064568852443321,2.158028664673574,0.0127555776853114,0.0532960491254925,0.246292095631361
1,37,23.0,0.3489254616852553,0.2948383520074696,2.030967170116948,2.1345927912808027,0.0101389535702764,0.0550323734059929,0.2705968357622623
1,37,24.0,0.3751042289172854,0.2954510971055089,1.9993588405496932,2.109834462227906,0.0143692591227591,0.0607600789517164,0.2706680335104465
1,37,25.0,0.3872595159217518,0.3087272408963585,1.9654223895540424,2.0872544226561778,0.0154689396731555,0.0626534223556518,0.268990259617567
1,37,26.0,0.4013076252342325,0.313515406162465,1.9354313827028464,2.065471422037429,0.0122135009150952,0.0613840669393539,0.2664568312466144
1,37,27.0,0.4280211924874864,0.2983455882352941,1.9027013802060893,2.0482366536495955,0.0105742544401437,0.0587375871837139,0.2713969871401787
1,37,28.0,0.4330854217364983,0.3239554154995331,1.8784927120395736,2.028217128042639,0.0149134579114615,0.0646308604627847,0.2669410929083824
1,37,29.0,0.439376291771696,0.364390756302521,1.8498070207296635,1.999975719395474,0.0148034887388348,0.0652446988970041,0.269213818013668
1,37,30.0,0.4534351995814517,0.3672093837535014,1.8207809513690425,1.98142133379829,0.0146883679553866,0.0605323994532227,0.242774061858654
1,37,31.0,0.4705302223821484,0.3629610177404295,1.793058788542654,1.9678884920989268,0.0162673878949135,0.0728029403835535,0.2760963477194309
1,37,32.0,0.4801212855349055,0.3845792483660131,1.763126773927726,1.9439246612187675,0.0141677136998623,0.0697823911905288,0.2976252622902393
1,37,33.0,0.4939072961295612,0.3611665499533147,1.7365580259584914,1.927921484207966,0.0167200327850878,0.0710230972617864,0.2639496251940727
1,37,34.0,0.5023827152674658,0.3807919000933707,1.7086015813490925,1.9136128030585116,0.0156236556358635,0.0718819508329033,0.2781082093715668
1,37,35.0,0.5079208198909364,0.3839256535947712,1.6828173342873067,1.892598677669051,0.0146372269373387,0.0666462024673819,0.2088667266070842
1,37,36.0,0.5235129841037817,0.3898780345471522,1.657361681321088,1.8723643263416176,0.0158791539724916,0.0711787287145853,0.2572496570646763
1,37,37.0,0.5304438989639919,0.3988970588235294,1.6341081221898397,1.8627363097738232,0.0211193922441452,0.0799525119364261,0.282482385635376
1,37,38.0,0.5478198205845312,0.3968224789915966,1.606330586414711,1.8435561395961155,0.0167098897509276,0.0755790760740637,0.2621983215212822
1,37,39.0,0.5523291128918888,0.3730713118580766,1.5820273544274124,1.8277235447302371,0.013650108827278,0.0702669695019722,0.2673669457435608
1,37,40.0,0.5578149112189409,0.3831816059757237,1.55857249101003,1.8108096510700928,0.0172998965717852,0.0882071945816278,0.2843398153781891
1,37,41.0,0.5761427384214782,0.3915557889822595,1.5340191490509931,1.789846012578208,0.0172531998250633,0.0818837564438581,0.2763649001717567
1,37,42.0,0.5817898849548366,0.3942693744164332,1.515254703690024,1.782361136385675,0.0209942057263106,0.0963777545839548,0.2718449793756008
1,37,43.0,0.5880559299934162,0.4020133053221289,1.4909633094189214,1.7623403481477815,0.0209253167267888,0.0932647865265607,0.2630941681563854
1,37,44.0,0.5979061921113359,0.4261116946778712,1.468622544232537,1.7545835936563254,0.0204957178793847,0.0971305593848228,0.2806677967309952
1,37,45.0,0.6125528929416818,0.4235760971055088,1.4484250896117266,1.742160652516156,0.0221745884045958,0.0997375231236219,0.2856136634945869
1,37,46.0,0.6178812310923153,0.4135212418300654,1.4173966749041689,1.7285142664373274,0.019671737216413,0.0916464012116193,0.2685061655938625
1,37,47.0,0.6315439478884631,0.4250787815126051,1.3974999128603467,1.7149460329811954,0.0237070214934647,0.1001008134335279,0.2730811201035976
1,37,48.0,0.6559721813272764,0.4288252801120448,1.3773398352604287,1.699678673546695,0.025001834379509,0.103960009291768,0.2884960696101188
1,37,49.0,0.6448438665220522,0.4487394957983193,1.3549655442144355,1.692305429447332,0.0218362724408507,0.1008376162499189,0.2735551111400127
1,37,50.0,0.6578781980159019,0.4564279878618114,1.3304133111355352,1.6748637751009336,0.018357444088906,0.0906484071165323,0.2915191650390625
1,37,51.0,0.6692655150442334,0.45078197945845,1.310109611118541,1.6704365522903803,0.0191366041544824,0.0916552748531103,0.2543721050024032
1,37,52.0,0.6674098757391502,0.4653974089635854,1.296230970176996,1.6644196905327973,0.020593833643943,0.1025554668158292,0.2926903963088989
1,37,53.0,0.67647412371265,0.4766164799253034,1.273082552236669,1.6373053570470866,0.0224855924025177,0.1050981394946575,0.2623897045850754
1,37,54.0,0.6831296061825021,0.474781162464986,1.2508328255485086,1.628123660764751,0.0228376165032386,0.1028748787939548,0.2329219207167625
1,37,55.0,0.6865528452897284,0.4632236227824463,1.2354420689975514,1.6323058471171814,0.0214139081072062,0.1029393784701824,0.2227496542036533
1,37,56.0,0.7036385191840475,0.470952964519141,1.2123166233885525,1.6104763365356174,0.0195551579818129,0.1041534133255481,0.2483711540699005
1,37,57.0,0.7072953776235146,0.4792862978524743,1.192072778122098,1.6022290245315731,0.0200769007205963,0.1014320123940706,0.2324143648147583
1,37,58.0,0.7048839082789059,0.484188258636788,1.1739323415008245,1.5882330110087195,0.018505202140659,0.0902139488607645,0.2392354793846607
1,37,59.0,0.7104463067836703,0.4803367180205415,1.1572120937646604,1.5793735430790827,0.0222226313780993,0.1067575011402368,0.2706337757408619
1,37,60.0,0.7202533083803585,0.4751283846872082,1.134166537546644,1.5802789623215354,0.0190367549657821,0.1023263651877641,0.2461275458335876
1,37,61.0,0.7364565907830847,0.4744747899159664,1.1151620799419926,1.5599527288470747,0.0236302730627357,0.117769431322813,0.2770940959453583
1,37,62.0,0.7386852394799724,0.4713089402427637,1.0951202920838898,1.5486371531289005,0.0190247071441262,0.0939329862594604,0.2388045713305473
1,37,63.0,0.7414162996604765,0.4585113211951446,1.075942183008381,1.5488822467228365,0.0204170967917889,0.0997493453323841,0.2419525161385536
1,37,64.0,0.7422723598409805,0.456031162464986,1.0548270777160047,1.5390840719437455,0.0206606527790427,0.1048973351716995,0.2534552402794361
1,37,65.0,0.7579036872959041,0.4708712651727357,1.0380295250930038,1.53178889511605,0.0187897842843085,0.1074596121907234,0.264844860881567
1,37,66.0,0.7575534702973573,0.4758549253034547,1.0150254964828491,1.5257951973458013,0.0198247386142611,0.1035579219460487,0.2270716540515422
1,37,67.0,0.7551807175161481,0.4866684173669467,1.0010383961247462,1.5071670211983856,0.0176020353101193,0.1029447689652443,0.2361266762018203
1,37,68.0,0.772145107795756,0.4810224089635853,0.9854531318533656,1.5076487544020252,0.0231662266887724,0.1201633997261524,0.2870711758732795
1,37,69.0,0.7806331612922405,0.4823616946778712,0.9691772993873148,1.5016422694956764,0.028728418983519,0.1332079730927944,0.2485479712486267
1,37,70.0,0.7933272603300842,0.5220938375350139,0.9450892053398432,1.484061055634854,0.0193912801332771,0.0948925074189901,0.2132804803550243
1,37,71.0,0.787180299764935,0.5044176003734827,0.926900394523845,1.4872279999524178,0.0212701137643307,0.1133784130215644,0.2554093487560749
1,37,72.0,0.809022470205437,0.5158846872082167,0.9096016402338064,1.468617232593559,0.0203190424945205,0.1142337471246719,0.2139035537838935
1,37,73.0,0.8093698999643198,0.5417191876750701,0.8954384747673484,1.4591728244307478,0.0184725972358137,0.101282637566328,0.211702786386013
1,37,74.0,0.8111304736224278,0.5050711951447245,0.8800946899488861,1.4707045421092468,0.0209347866475582,0.1144935078918933,0.2400930486619472
1,37,75.0,0.826429550505175,0.5534751400560224,0.8638478529219534,1.439658361779162,0.0241050450131297,0.1233993023633956,0.2643376365303993
1,37,76.0,0.8231328703568771,0.5328168767507002,0.8518016452882804,1.435510583177826,0.0242804549634456,0.1183128580451011,0.2216332145035267
1,37,77.0,0.8277030557056421,0.515843837535014,0.8362170792093464,1.4321644179214388,0.0218419018201529,0.1145060956478118,0.2441729456186294
1,37,78.0,0.8414530557056422,0.5374620681605976,0.8189137832791198,1.4191762808511947,0.0213312683627009,0.1074507180601358,0.2031522057950496
1,37,79.0,0.837244301496888,0.5106355042016807,0.8048995064754112,1.4190413479268904,0.0202280515804886,0.1105292495340108,0.2070758044719696
1,37,80.0,0.8564943006457749,0.5075105042016806,0.7925730057791167,1.4181255772268984,0.0225662845186889,0.1329620741307735,0.2168803699314594
1,37,81.0,0.8466373982888724,0.5249124649859943,0.7758249953681348,1.396181364031233,0.0185868337284773,0.0980205778032541,0.204994972795248
1,37,82.0,0.8539776124459472,0.5040061858076564,0.7583087970228756,1.4097787875395555,0.0209818356670439,0.1045937463641166,0.1962566897273063
1,37,83.0,0.8612062754664452,0.5099002100840336,0.7477163118474623,1.3964378516349567,0.021280353423208,0.1056263111531734,0.1919412612915039
1,37,84.0,0.8785813879586847,0.5580473856209149,0.732550784887052,1.3763836079095242,0.0169324050657451,0.0957110356539487,0.1960613019764423
1,37,85.0,0.8736553491149629,0.541579131652661,0.7170074759745131,1.3720494177214493,0.0164673211984336,0.0888368766754865,0.1810274198651313
1,37,86.0,0.8739961113888645,0.5329073295985061,0.7089157962331585,1.3621591618780553,0.0231478526256978,0.126749649643898,0.2294971086084842
1,37,87.0,0.8811124988406179,0.5455561391223156,0.6975422782056472,1.3448575114357402,0.0223188707605004,0.1181073319166898,0.2206016294658184
1,37,88.0,0.8767773543386382,0.550358893557423,0.6873745069784276,1.351566831035727,0.0197457559406757,0.1096594240516424,0.2125248126685619
1,37,89.0,0.8816960272137805,0.544812091503268,0.6726469455980787,1.3451046696781406,0.0207819426432251,0.1094766911119222,0.1701109893620014
1,37,90.0,0.8815523136554327,0.5433239962651727,0.6638209737983405,1.346690963711259,0.0165324329864233,0.10816833935678,0.2342298217117786
1,37,91.0,0.8921199465056744,0.552748599439776,0.6547595931034462,1.32177866351675,0.0229107621125876,0.1225231029093265,0.2009525448083877
1,37,92.0,0.8985114887396078,0.5427696078431373,0.6422691614020104,1.3148977876414911,0.0222686701454222,0.1234691031277179,0.2096092365682125
1,37,93.0,0.8909333331527313,0.5301207983193277,0.6278924857868867,1.3290061830768924,0.0177277566399425,0.0959834363311529,0.1691951602697372
1,37,94.0,0.8982544945725142,0.5539303221288516,0.6188339855156693,1.3133341200958342,0.0211467235349118,0.1116844527423381,0.1805952340364456
1,37,95.0,0.9040806386989244,0.538859710550887,0.605543433451185,1.3169175866087512,0.0182770795654505,0.1034047193825244,0.1711735241115093
1,37,96.0,0.9149704822564512,0.5482843137254901,0.5963492891367744,1.3094688040264966,0.0174533163662999,0.1015425696969032,0.1823525689542293
1,37,97.0,0.9192987646591774,0.5371235994397758,0.5832457963158103,1.3106158576773468,0.0200758618302643,0.1019603349268436,0.1721528358757496
1,37,98.0,0.9207844357448232,0.5389180672268907,0.574009052211163,1.301103246987924,0.0187274026684463,0.1114270519465208,0.2177041321992874
1,37,99.0,0.919683572035264,0.5264005602240897,0.5662215090265461,1.3026743732260528,0.0159640470519661,0.1030576452612876,0.1688863448798656
1,37,100.0,0.9245070979925109,0.5420255602240897,0.5545339822769165,1.2986177283631275,0.0182200551498681,0.1011879555881023,0.179847165942192
1,53,1.0,0.0670842728272473,0.0777777777777777,2.4899741284987504,2.484981030402099,0.002881533204345,0.0201915223151445,0.1249835938215255
1,53,2.0,0.0901964367963837,0.0793067226890756,2.4782398485669903,2.478071784126688,0.0018968011427205,0.0164077903609722,0.100090742111206
1,53,3.0,0.1261601410892238,0.096813725490196,2.4693948409136603,2.4713913237554785,0.0025170337758027,0.0158918176311999,0.0969036752358079
1,53,4.0,0.1304554246958807,0.1192226890756302,2.4604155203875373,2.464024591728075,0.0031245655263774,0.0177933853119611,0.1096725761890411
1,53,5.0,0.1436920236297224,0.1184202847805788,2.449655466453702,2.455941727880896,0.0033957163104787,0.0207094587385654,0.1252096015959978
1,53,6.0,0.1387781741266106,0.0995710784313725,2.4369975005879123,2.4466783958073903,0.003560162091162,0.0214695995673537,0.1363165359944105
1,53,7.0,0.1429152389244654,0.1107317927170868,2.4214038054148355,2.438471036549856,0.0031467883964069,0.0235297470353543,0.1369773782789707
1,53,8.0,0.1357443452046586,0.116625816993464,2.4069048488841336,2.42905027203306,0.0046787809114903,0.0258338786661624,0.1492141336202621
1,53,9.0,0.1350078132181267,0.1117238562091503,2.3937096371370203,2.4165102476199,0.0037551979185082,0.0308689251542091,0.1763368844985962
1,53,10.0,0.1521516245195466,0.1218341503267973,2.3760053129757157,2.405669948758458,0.0047511584707535,0.0328320232219994,0.1897433884441852
1,53,11.0,0.1601345333176728,0.1172385620915032,2.3575163280262665,2.3928067119869256,0.0048298210604116,0.031138046644628,0.1798611730337143
1,53,12.0,0.1748619372616727,0.1270424836601307,2.336139128254909,2.3750615077611257,0.0053765693446621,0.0351050361059606,0.1980778649449348
1,53,13.0,0.1900020155810989,0.1503880718954248,2.314771032333374,2.3549177138763064,0.0052136711310595,0.0369959427043795,0.1974630914628505
1,53,14.0,0.1997073112918294,0.176438492063492,2.289862133474911,2.335347037343584,0.0064915202092379,0.0362838963046669,0.1896014735102653
1,53,15.0,0.2222476051130888,0.211219070961718,2.2638770916882685,2.31456449892394,0.0099782814504578,0.048240877687931,0.2482824958860874
1,53,16.0,0.2325659150237901,0.2119631185807656,2.235688822877173,2.295858781013263,0.0071543041849508,0.0419236859306693,0.2440213747322559
1,53,17.0,0.2670863443015653,0.2133520074696545,2.2068334261576337,2.267822628190532,0.008103942964226,0.0425822362303733,0.2137017399072647
1,53,18.0,0.2801725894380769,0.2317956349206349,2.176300247977762,2.246983611372096,0.0107227694243192,0.0541783198714256,0.2625757232308388
1,53,19.0,0.2968016018757868,0.2630456349206349,2.1440548036612714,2.223067220146134,0.0080335796810686,0.0453037796542048,0.2512275651097297
1,53,20.0,0.316894244964296,0.264516223155929,2.111063514036291,2.1994658207752296,0.0109601768199354,0.0554166035726666,0.2872316241264343
1,53,21.0,0.3282815619926276,0.2815709617180206,2.0763924982033526,2.1766068230013875,0.0091396385105326,0.0539235156029462,0.2778805233538151
1,53,22.0,0.3366579782551817,0.2871440242763772,2.043680295757219,2.1457431711388764,0.0122751267626881,0.0568561246618628,0.2880518175661564
1,53,23.0,0.3669572680718918,0.2854079131652661,2.011106139070848,2.120850265378783,0.0102237889077514,0.0525135798379778,0.2723713591694832
1,53,24.0,0.3668262226052647,0.3074229691876751,1.9796057588913865,2.0971535564174317,0.0099699525162577,0.0580790834501385,0.2872430011630058
1,53,25.0,0.3916127374948031,0.3205678104575163,1.9477869800492829,2.0758783365847795,0.0098856089171022,0.0596533799543976,0.3024918362498283
1,53,26.0,0.4056704659420664,0.3076709850606909,1.916927388602612,2.0463743929326887,0.0153136167209595,0.0695948656648397,0.2918068766593933
1,53,27.0,0.4262560392701087,0.2986840569561158,1.882338040482764,2.0217990042895253,0.0133247810881584,0.067495223134756,0.2999250665307045
1,53,28.0,0.4359621748841427,0.3266106442577031,1.8544886201035744,2.005647856808273,0.0137111409567296,0.0719006992876529,0.3025889247655868
1,53,29.0,0.4528751238888511,0.3071165966386555,1.8259209880641865,1.986378386175844,0.0122712419833987,0.0672387657687068,0.2727754339575767
1,53,30.0,0.4624100114501697,0.3179709383753501,1.7949661381104414,1.964112659883217,0.0124906408600509,0.067351646721363,0.280627429485321
1,53,31.0,0.4810372617931682,0.3141514939309057,1.766437260309855,1.9489538246357931,0.0134541243314743,0.0708550009876489,0.3076228499412536
1,53,32.0,0.506897332584603,0.3340919701213818,1.7385774682549868,1.9305886241811268,0.0121285917703062,0.0702472459524869,0.3113729171454906
1,53,33.0,0.5131608683964939,0.3501137955182072,1.709045140883502,1.9151915079037816,0.0120625738054513,0.0717636458575725,0.2727737054228782
1,53,34.0,0.5258209095733449,0.3521562791783379,1.6824302369473028,1.8963193166890795,0.014094369020313,0.0756765389814972,0.3073678724467754
1,53,35.0,0.5537425919947375,0.3361344537815126,1.6538211238150504,1.8772759416399625,0.0132432144600898,0.073873583227396,0.2966354414820671
1,53,36.0,0.5590515413741016,0.3466824229691876,1.62949155031466,1.8548476491454085,0.0147359976544976,0.0910835433751344,0.3111731559038162
1,53,37.0,0.5696369986601404,0.3709471288515406,1.5998798795774871,1.846356332654784,0.0136845796369016,0.0849691946059465,0.3190966919064522
1,53,38.0,0.5748384698942205,0.3692197712418301,1.5739391686869602,1.825988951519396,0.0153287902940064,0.0945263914763927,0.3094054013490677
1,53,39.0,0.5840715063593095,0.3797677404295052,1.54706637765847,1.8054692667616892,0.0163212069310247,0.0829490814357996,0.2825048565864563
1,53,40.0,0.5834801955430239,0.3723535247432306,1.5220706640505324,1.7934210032401,0.0146682723425328,0.0810528825968504,0.2704908512532711
1,53,41.0,0.5922165963128286,0.367921335200747,1.4977373852449305,1.7811982659898566,0.0182278491556644,0.1059423610568046,0.3024099916219711
1,53,42.0,0.5997851263815744,0.3538836367880486,1.4749846682829015,1.7612155570081,0.0176911780145019,0.0914155375212431,0.2775293886661529
1,53,43.0,0.6188167107626282,0.3717407796451914,1.4512959765452964,1.7504922567739996,0.0178760625422,0.1100135762244463,0.3137796595692634
1,53,44.0,0.6272564545095002,0.3616304855275443,1.4231705361721565,1.7449065905350905,0.0151767411734908,0.0916461665183305,0.2728769928216934
1,53,45.0,0.6240599376046921,0.3746002567693745,1.397345458759981,1.7187008490929236,0.013655278366059,0.0901929549872875,0.302432682365179
1,53,46.0,0.6403529039210406,0.352891573295985,1.37899751663208,1.7140661731979552,0.0211325515992939,0.1119404807686805,0.3214125782251358
1,53,47.0,0.6481791015222634,0.3873249299719888,1.3552961709452611,1.7069674680924274,0.0227193711325526,0.1171643082052469,0.2787406221032142
1,53,48.0,0.6585908253496849,0.3817606209150326,1.331457252595939,1.68379802322952,0.0203363760374486,0.1084837354719638,0.2742944993078708
1,53,49.0,0.6697483461004449,0.3824959150326797,1.3115886576035445,1.6699042679995475,0.0228566448204219,0.1222924012690782,0.3056916370987892
1,53,50.0,0.6512520102875907,0.3827118347338935,1.2890190059063482,1.657753172005422,0.022071442566812,0.1237915866076946,0.3290637210011482
1,53,51.0,0.6786386435814905,0.3943102240896359,1.2652092924305036,1.6468555602801622,0.0180191805120557,0.1116452906280756,0.2669719308614731
1,53,52.0,0.6818937878542924,0.385670518207283,1.243865654515285,1.6369109400630704,0.0170405090320855,0.1064156610518693,0.2839469164609909
1,53,53.0,0.6975200687794865,0.3793388188608777,1.2203191546832814,1.6261946223896635,0.0184486168436706,0.1088774930685758,0.2911660224199295
1,53,54.0,0.7092012857952216,0.4134482959850607,1.1965587157829136,1.6187671796809993,0.0168181692715734,0.0963766798377037,0.2441157028079033
1,53,55.0,0.7114310494502516,0.4162260737628385,1.175109558946946,1.6093409604574802,0.0171576151624321,0.1015435606241226,0.2534523084759712
1,53,56.0,0.7038304941238738,0.3785947712418301,1.1589596729652554,1.601865274666329,0.0171325432602316,0.1002466920763254,0.2576446197926998
1,53,57.0,0.7295359451731218,0.3966999299719887,1.141127326441746,1.5953690081658447,0.023452014196664,0.1118508875370025,0.2447306253015995
1,53,58.0,0.7360133455673573,0.3994777077497666,1.119726005255007,1.5852208687708929,0.01864481321536,0.1105783116072416,0.2744358032941818
1,53,59.0,0.7406833939865581,0.4050332633053222,1.1004954225876753,1.5801782678570269,0.0180191646795719,0.0959969535470008,0.2537370845675468
1,53,60.0,0.7527564443169021,0.4220967553688142,1.0826761946958654,1.5706610221129198,0.018564898520708,0.1068584527820348,0.2657268308103084
1,53,61.0,0.763036146181122,0.4154907796451914,1.062973226519192,1.55792082061429,0.0191643019206821,0.1223340611904859,0.2679936960339546
1,53,62.0,0.7627051514159242,0.4165003501400561,1.0455911304436478,1.5629446266670903,0.0196638344787061,0.1109927706420421,0.2412404678761959
1,53,63.0,0.7784421441452595,0.4441118113912232,1.0299657251320633,1.536392307140418,0.0186790372245013,0.1335101444274187,0.2909064814448356
1,53,64.0,0.777528314664064,0.4332574696545284,1.0117417873120775,1.5318194507847172,0.0219453009776771,0.1163569297641515,0.2403161525726318
1,53,65.0,0.7873583005696312,0.4384161998132587,0.99153969521616,1.5345571429066405,0.0182049921713769,0.1071419268846511,0.2484522014856338
1,53,66.0,0.7947447918729579,0.436125700280112,0.977540831004872,1.516585478415856,0.0178494127467274,0.1111511774361133,0.2674662508070469
1,53,67.0,0.8047109558722362,0.4346551120448179,0.9638748014674468,1.5099655791852602,0.0230590575374662,0.1330765634775161,0.2694956883788109
1,53,68.0,0.8110746591831823,0.4624649859943977,0.947436596365536,1.507302363948709,0.0255425591021776,0.1344685144722461,0.276100754737854
1,53,69.0,0.8109818528262726,0.4579686041083099,0.9317052345649868,1.4920421253294631,0.0231594240758568,0.137091364711523,0.2494355775415897
1,53,70.0,0.8113471909905239,0.4583479225023343,0.9185339312927396,1.5041196593166104,0.0233594391029328,0.1241089589893817,0.2222055792808532
1,53,71.0,0.8183220669833472,0.4777515172735762,0.8979895142947927,1.4801462599511683,0.0216440041549503,0.1281350217759609,0.2574873268604278
1,53,72.0,0.8263385597177892,0.4604896125116713,0.8850247041851866,1.4803009583399849,0.0222134324721992,0.1354638487100601,0.2469358779489994
1,53,73.0,0.8264393431320944,0.464110644257703,0.8669742020906187,1.4684463690018512,0.0262084887363016,0.1404329612851143,0.2588131465017795
1,53,74.0,0.8329989802004526,0.465251517273576,0.8509430749743593,1.4647955019798504,0.026220366358757,0.1397825852036476,0.2396531291306018
1,53,75.0,0.8415406468671192,0.4600431839402427,0.8370578148785759,1.4657200370314558,0.0241259085014462,0.1263228170573711,0.2418958842754364
1,53,76.0,0.8426494876340741,0.4667396125116713,0.8206380895539827,1.4505652316223234,0.0169147837441414,0.1124188583344221,0.2375623621046543
1,53,77.0,0.8438259477787734,0.4695086367880485,0.8089237598811879,1.4621644873590864,0.0248963921330869,0.1292287521064281,0.2264387942850589
1,53,78.0,0.8486528207382298,0.4953197945845004,0.7918024271142249,1.4456598927988809,0.0182917909696698,0.1026388332247734,0.1799219921231269
1,53,79.0,0.8454140232339755,0.471203898225957,0.7822787394710615,1.4461937056490657,0.0177564672194421,0.123996565118432,0.2404978983104229
1,53,80.0,0.8613983036008395,0.4738737161531278,0.7710234305437873,1.4361270271109403,0.0223579984158277,0.1478423904627561,0.2411667071282863
1,53,81.0,0.8632316565097738,0.4889705882352941,0.749376006453645,1.433535326867414,0.0142344064079225,0.1111842077225446,0.2255894653499126
1,53,82.0,0.8712109662412845,0.4774626517273575,0.736369546955707,1.4228857353594175,0.0191582269035279,0.1231774259358644,0.2137088477611541
1,53,83.0,0.8799691235893424,0.4824054621848739,0.7248757226794373,1.4186130014396985,0.0212091673165559,0.1281364373862743,0.2405996285378933
1,53,84.0,0.8879715015993038,0.4774130485527544,0.7124012206114975,1.419094231001724,0.0177966083865612,0.1167454402893781,0.2052978835999965
1,53,85.0,0.877474835129016,0.4590015172735761,0.7033403090402192,1.410999985136224,0.0214401693083345,0.1259932797402143,0.2289640717208385
1,53,86.0,0.8941540003913461,0.5011729691876751,0.6930501928516463,1.4126218754864304,0.0231036399491131,0.139823131263256,0.2276529446244239
1,53,87.0,0.8951128814159501,0.4924749066293184,0.677523983927334,1.3904694798430042,0.0186313772574067,0.118097860366106,0.1977272145450115
1,53,88.0,0.8993216356247041,0.4767915499533146,0.6630094453400257,1.3989695620960032,0.0200968463905155,0.1194268260151147,0.2225738950073719
1,53,89.0,0.9095360076053806,0.4764122315592904,0.651446681396634,1.3936954969485131,0.0197340417653322,0.1119956094771623,0.1865864396095276
1,53,90.0,0.9043907721115236,0.4865721288515406,0.6420306490916832,1.3964791185051733,0.0175167303532362,0.1174970343708992,0.2036167494952678
1,53,91.0,0.909409617312155,0.4941205648926237,0.6288784008400113,1.4040654890636015,0.0147164743393659,0.1105562262237072,0.1725878566503524
1,53,92.0,0.9156827463102588,0.5045372315592904,0.6240645118788177,1.397846967510923,0.0146653368137776,0.1066780239343643,0.1812631301581859
1,53,93.0,0.913367931495444,0.4876137955182073,0.6103397871933731,1.3944189400362546,0.0151895368471741,0.0995878353714943,0.1577106937766075
1,53,94.0,0.9155882104811796,0.4980304621848739,0.6010530663471596,1.4114271564596503,0.0179023682139813,0.1268700659275055,0.2261375561356544
1,53,95.0,0.9178226041913958,0.4810078197945845,0.590553121473275,1.3929204101393209,0.0162247528787702,0.1187751051038503,0.1885809414088726
1,53,96.0,0.9118386317821572,0.4736753034547152,0.5785161167967553,1.394284413411067,0.0192664540372788,0.1226097177714109,0.1848163343966007
1,53,97.0,0.9195587153025068,0.4809261204481793,0.5685077826182048,1.394313544211303,0.0168994872365146,0.1094946376979351,0.185865331441164
1,53,98.0,0.918921543814513,0.4963352007469654,0.5587748158211802,1.3957962009328355,0.0167168367188423,0.0994525291025638,0.1641721948981285
1,53,99.0,0.9191424699368176,0.4695086367880485,0.5514071106910705,1.3952404041967448,0.0203483356162905,0.1227492671459913,0.2004737928509712
1,53,100.0,0.9196851055957324,0.4986840569561158,0.5422486087855171,1.3809029562233468,0.0178333832882344,0.1145561672747135,0.1854203194379806
1,71,1.0,0.0904712555030688,0.0733543417366946,2.479023200390386,2.4732200365800123,0.0019342297455295,0.0187899181619286,0.1074026431888341
1,71,2.0,0.0924915851902337,0.0901027077497665,2.468323613148109,2.465929089213264,0.002538968110457,0.020233835093677,0.1084033474326133
1,71,3.0,0.0902503293807641,0.09109477124183,2.457467857996623,2.458006538582977,0.0028522395878098,0.0208946033380925,0.1208942010998725
1,71,4.0,0.095653673999857,0.093954248366013,2.4463690916697183,2.450464635205692,0.0028774691745638,0.0231480477377772,0.143883366137743
1,71,5.0,0.0865888408861108,0.1008986928104575,2.43469794217278,2.445820283607618,0.002993298927322,0.0235405471175909,0.1336922813206911
1,71,6.0,0.0919040953008344,0.1008986928104575,2.425200085546456,2.440019180083416,0.002667371998541,0.0228229509666562,0.1435515619814396
1,71,7.0,0.1007659379436427,0.0988562091503268,2.4145038754332298,2.431090878311699,0.0030419537215493,0.0263283126987516,0.1508603356778621
1,71,8.0,0.1112780888596105,0.0808823529411764,2.4029826313841576,2.42256793185804,0.0036168998340144,0.0286044459789991,0.1476133167743683
1,71,9.0,0.1290852364221929,0.0938521241830065,2.391189865972481,2.413060952925824,0.0032633502269163,0.0293680280447006,0.1366757396608591
1,71,10.0,0.1489807495242278,0.0987540849673202,2.376521402246812,2.4037520109549075,0.003516198368743,0.0280576716177165,0.1429062262177467
1,71,11.0,0.1655706548725643,0.1134599673202614,2.361513198590746,2.3927424800466506,0.0044370260438881,0.0328838587738573,0.1673800759017467
1,71,12.0,0.1736042762578558,0.1173698646125116,2.345397009569056,2.3764134751269097,0.0052490674424916,0.0373505973257124,0.1683039851486683
1,71,13.0,0.1818115415791992,0.1441555788982259,2.326890753764732,2.3625799664378877,0.0051418576622381,0.0371331311762332,0.1758555807173252
1,71,14.0,0.211038561245641,0.159094887955182,2.306358632854387,2.345107057390834,0.0058584219077602,0.0399262895807623,0.193903736770153
1,71,15.0,0.2275775593925394,0.1796218487394958,2.2828512584461884,2.3295286929113623,0.0052245261613279,0.0369162037968635,0.1830289363861084
1,71,16.0,0.2387801316867076,0.2008928571428571,2.26198888759987,2.310238718281131,0.0080750461202114,0.0482326420024037,0.2343311086297035
1,71,17.0,0.2495305851846704,0.1912202380952381,2.2362405992021746,2.2900389609252207,0.0070739851798862,0.0418114410713315,0.2033294811844825
1,71,18.0,0.2640286932952134,0.2396737861811391,2.2126895848442527,2.268902523277779,0.0096339433221146,0.0518721835687756,0.2489668875932693
1,71,19.0,0.2840191859468691,0.2473039215686274,2.184366789051131,2.250832870867125,0.0090724375331774,0.0499661294743418,0.2284831441938877
1,71,20.0,0.3109085443803162,0.2378063725490196,2.152209806442261,2.227866604483339,0.0069166742032393,0.0436040749773383,0.2142470628023147
1,71,21.0,0.3312796882775489,0.2778273809523809,2.1247218225516527,2.202077586269943,0.0098934846464544,0.0570434536784887,0.2560403347015381
1,71,22.0,0.330404744025456,0.277156279178338,2.091772803138284,2.1765373049403083,0.0104561257176101,0.0582394944503903,0.2873550206422806
1,71,23.0,0.3487170362863968,0.3039915966386554,2.062599946938309,2.149537145738771,0.0116521643940359,0.0561728635802865,0.2450481317937374
1,71,24.0,0.3684677719387268,0.2970150560224089,2.030270622290817,2.1264970880993723,0.0110041953157633,0.0562827922403812,0.2616821378469467
1,71,25.0,0.3794772297875796,0.3094742063492063,1.9957554789150465,2.104433718517688,0.0107973197009414,0.0577558502554893,0.2681060098111629
1,71,26.0,0.399421052639227,0.3421130952380952,1.9683839835372623,2.0733756087940827,0.0127360729966312,0.0634121308103203,0.2690213993191719
1,71,27.0,0.4133124507548045,0.3216269841269841,1.9348097184125117,2.0534606445470507,0.0110232005827128,0.0600227825343608,0.2538619823753834
1,71,28.0,0.4276292458295252,0.3289098972922502,1.9024653808743344,2.037126556656065,0.0129954076837748,0.0697193164378404,0.2784960195422172
1,71,29.0,0.4238434857423612,0.3112424136321195,1.8698954362495277,2.009744493213631,0.0122675132006406,0.0664311153814196,0.2680555060505867
1,71,30.0,0.4527796997883344,0.3231150793650794,1.8418900415009145,1.980265902344292,0.0184394419193267,0.0880258046090602,0.3128598034381866
1,71,31.0,0.4610965108888917,0.3247519841269841,1.804327725429161,1.970603487195348,0.0108955893665552,0.0615780688822269,0.2446908764541149
1,71,32.0,0.4763309563716941,0.3300916199813258,1.7723526131873035,1.9426096289820924,0.0139911284204572,0.0688651148229837,0.2625370286405086
1,71,33.0,0.4854860256365225,0.3251896591970121,1.742451774372774,1.9257114208661592,0.0150241239462047,0.0813945326954126,0.3077869936823845
1,71,34.0,0.4843493731925783,0.3296539449112979,1.7118424939174277,1.9135972811625557,0.0157444588840007,0.0821111816912889,0.2866527438163757
1,71,35.0,0.501987450254516,0.3088206115779645,1.683097462093129,1.8920820373049851,0.0198353249579668,0.0910304319113493,0.2988746240735054
1,71,36.0,0.5166179168293122,0.3219070961718021,1.6506714951758292,1.873617035397411,0.0207215123809874,0.0954967364668846,0.3127213269472122
1,71,37.0,0.5274250497880396,0.3538106909430438,1.6244092740264593,1.8550786964992092,0.0196233047172427,0.0910915192216634,0.2882963344454765
1,71,38.0,0.5439702704019487,0.3302491830065359,1.5943611631206438,1.8349451285142164,0.0177234541624784,0.0926154591143131,0.324758380651474
1,71,39.0,0.5515447162775086,0.337094421101774,1.562708787357106,1.8223939675551195,0.0182651034556329,0.0908458996564149,0.2790394946932792
1,71,40.0,0.5878933329343482,0.3469246031746031,1.5328738750195972,1.797635191996422,0.0169714370276778,0.0891689006239175,0.2605857811868191
1,71,41.0,0.5735286173385602,0.3351511437908496,1.5033330468570485,1.7818942584935025,0.0154896476306021,0.0878427252173423,0.2948857769370079
1,71,42.0,0.5728745438864215,0.3585229925303455,1.4805864058288871,1.7638357052436242,0.016276137670502,0.0804856121540069,0.2674532122910023
1,71,43.0,0.589213506637395,0.3470559056956115,1.4522766080557132,1.7490805831886609,0.014799999538809,0.0850504543632268,0.3000703118741512
1,71,44.0,0.6069095168392932,0.3494368580765639,1.4239144147611131,1.736026828105633,0.0169163474347442,0.0872328598052263,0.2281223200261593
1,71,45.0,0.6190565188287388,0.3742209383753501,1.4021972296284697,1.721135103490931,0.01618392043747,0.1003188882023096,0.3087330386042595
1,71,46.0,0.6229765329231716,0.3668796685340803,1.371839151662939,1.706121538517743,0.0158460149541497,0.0860580150038003,0.2396628446877002
1,71,47.0,0.625216172603824,0.3619777077497666,1.348759878850451,1.6838035907971085,0.0190695330966264,0.0979375354945659,0.2870148606598377
1,71,48.0,0.6386833482963165,0.3741304855275444,1.3216180338579069,1.6731933940797163,0.0177459854166954,0.0941340383142232,0.2641459815204143
1,71,49.0,0.660092787881528,0.3751809056956116,1.3002467356476128,1.6585702402351876,0.0147318430244922,0.0839270744472742,0.2690991126000881
1,71,50.0,0.660032678019851,0.3803892390289449,1.277466745002597,1.6486520386306491,0.0181568074040114,0.1064972281455993,0.3327641859650612
1,71,51.0,0.6856064054106547,0.3999066293183941,1.253273559551613,1.63385967883838,0.0186782146338373,0.0984730161726474,0.300510324537754
1,71,52.0,0.702478405807896,0.3893674136321195,1.2295261289559158,1.6235256307929224,0.0162248832639306,0.087522629648447,0.2622835151851177
1,71,53.0,0.6956096438959457,0.3953518907563025,1.2064872615477618,1.6042077315629586,0.0206201025284826,0.1048057097941637,0.2737148255109787
1,71,54.0,0.7058206114242792,0.4046451914098973,1.188344768449372,1.601301481737893,0.0187742384150624,0.1019424069672823,0.2581143043935299
1,71,55.0,0.7270775512654474,0.3949404761904762,1.166249612265942,1.5845376076782949,0.0217020707204937,0.1093889959156513,0.2588205896317959
1,71,56.0,0.7268018970148183,0.433984010270775,1.1400988190781836,1.5732975753806753,0.019538227468729,0.1017615105956792,0.2285912446677684
1,71,57.0,0.7514793400498196,0.4276523109243697,1.117587903434155,1.5604315826878743,0.0192168618086725,0.1049630492925643,0.24207778647542
1,71,58.0,0.7591328680837824,0.4182277077497665,1.111078461478738,1.5506203223967694,0.0258181979879736,0.1307473462074995,0.284684456884861
1,71,59.0,0.7348134266182337,0.422079248366013,1.082672301460715,1.5587043550592907,0.0191934406757354,0.1095057539641857,0.2495329193770885
1,71,60.0,0.7666128887749643,0.4464927637721755,1.06023332231185,1.5241842361596911,0.0222401758655905,0.1180213894695043,0.260804820805788
1,71,61.0,0.7576877291310602,0.4262955182072829,1.046242839682336,1.5226365955623649,0.0259864032268524,0.1413445230573415,0.2692735195159912
1,71,62.0,0.7686255493623585,0.4254872782446312,1.026506920421825,1.5247551633056098,0.0282919988967478,0.1422451753169298,0.308699406683445
1,71,63.0,0.7862758162319805,0.4551645658263306,1.0040352101419483,1.4974810350576095,0.0185082347597926,0.1156311966478824,0.2622485272586345
1,71,64.0,0.7908498786603365,0.4383753501400559,0.9913391697640512,1.5037872551460942,0.0198544175364077,0.1116255521774292,0.2482228763401508
1,71,65.0,0.7936141063026129,0.4415411998132585,0.9679112626057044,1.488598159784396,0.0236998703330755,0.1159942280501127,0.2432185374200344
1,71,66.0,0.8022962779869856,0.4509482959850607,0.9514583087434956,1.4814062619350366,0.0205401857383549,0.1157347299158573,0.2343222796916961
1,71,67.0,0.8001471300508268,0.429983660130719,0.9396260892643647,1.4772203455309896,0.0308010475710034,0.1456229425966739,0.2752883955836296
1,71,68.0,0.8158255464789534,0.4341999299719888,0.9180480545642328,1.4753869461590017,0.0217395152430981,0.1135139781981706,0.2307104095816612
1,71,69.0,0.8218457002763335,0.4495273109243697,0.8990082867005292,1.4575398292767223,0.01858507306315,0.1024184450507164,0.2038952223956585
1,71,70.0,0.8181153689288755,0.4503034547152194,0.88443844388513,1.4523038215185764,0.024953749962151,0.1266049966216087,0.2606615759432316
1,71,71.0,0.8356684773993771,0.4600752801120448,0.8699101847760817,1.4385374847953842,0.0235832473263144,0.1244425661861896,0.2226864956319332
1,71,72.0,0.8329354931324309,0.4447158029878618,0.848248100047018,1.4268305999992867,0.0174069085624068,0.1008182670921087,0.2064075507223606
1,71,73.0,0.8296335977887003,0.4496498599439775,0.8311582298839794,1.4371151747788198,0.0178595799952745,0.1066027283668518,0.2152609750628471
1,71,74.0,0.8513356782848169,0.4614320728291317,0.8205743892520082,1.4191744475675052,0.0218271347694098,0.1280449293553829,0.2525267414748668
1,71,75.0,0.8432203016751649,0.4332487161531279,0.8028886603374107,1.4191635522616686,0.01968803582713,0.1104268934577703,0.2227498069405555
1,71,76.0,0.8549398139533223,0.4603816526610644,0.7891409866950091,1.4085193823075153,0.0201784064993262,0.1164457164704799,0.2281546369194984
1,71,77.0,0.8593334262395923,0.4663340336134454,0.7741266577851539,1.404276603777733,0.016571287298575,0.1035123560577631,0.2093871831893921
1,71,78.0,0.8503305514598334,0.4635650093370682,0.7618156276497187,1.3999150652857222,0.0192527377512305,0.1071064416319131,0.2212593853473663
1,71,79.0,0.8584298058598595,0.4676324696545284,0.7421699395366743,1.3923105241278926,0.018109863391146,0.1046202071011066,0.2204721495509147
1,71,80.0,0.8751237017619204,0.4677229225023342,0.7315910654909471,1.3791797210478924,0.0170539820101112,0.1036006584763526,0.1972836181521415
1,71,81.0,0.8786001327383511,0.4621177637721754,0.7156962023061865,1.38701129382884,0.0142888196278363,0.0918161999434232,0.2003285139799118
1,71,82.0,0.8872396822363067,0.4614641690009337,0.7036612157728158,1.3724164003451196,0.0192320374771952,0.110355470329523,0.2002038285136222
1,71,83.0,0.8837283529247112,0.4695173902894491,0.6886540539124433,1.3761574453150731,0.0174200758337974,0.1112472955137491,0.2086138129234314
1,71,84.0,0.8989400332602537,0.4955503034547152,0.68018772835825,1.3664983997683553,0.017169990343973,0.1143040750175714,0.2324696257710456
1,71,85.0,0.8892895258266322,0.4785772642390289,0.6671849089510301,1.3721129400490304,0.0261406912468373,0.143239002674818,0.2344084493815899
1,71,86.0,0.9007075823609677,0.4962535014005602,0.6533452206966923,1.347504714536949,0.015172449639067,0.096884673461318,0.177539836615324
1,71,87.0,0.9045516968890696,0.5064046451914098,0.6410710386201447,1.3452778920619446,0.0180407923180609,0.1093519534915685,0.1929206512868404
1,71,88.0,0.8989839698455201,0.4962535014005602,0.6295548109447255,1.3422347695164427,0.0164470807649195,0.1003167536109685,0.1712731271982193
1,71,89.0,0.9080994022030792,0.4844391923436041,0.6179543144562665,1.345767053626698,0.0159307541325688,0.1113482918590307,0.1956061385571956
1,71,90.0,0.9121821825931514,0.498328081232493,0.6079299749112597,1.3455591251158856,0.0177676433231681,0.1043625753372907,0.185724202543497
1,71,91.0,0.913278529590877,0.48968837535014,0.5972642851810829,1.329744676866475,0.0169706880114972,0.1054042447358369,0.1868951767683029
1,71,92.0,0.9164099895391974,0.4955503034547151,0.5879643837610881,1.3362660069437422,0.0158600776921957,0.0949173755943775,0.1609310768544674
1,71,93.0,0.9111196189724482,0.4990721288515405,0.5800821439892638,1.3270733039054643,0.0221802475862205,0.1310297381132841,0.1950202882289886
1,71,94.0,0.928119825232439,0.4791812558356675,0.5675607559727688,1.320169272507436,0.0200267871841788,0.1221881248056888,0.1948464550077915
1,71,95.0,0.9228102073141254,0.5132498832866479,0.5574735597068188,1.308913165295618,0.0175485434010624,0.113560875877738,0.2023306414484977
1,71,96.0,0.9275411215287354,0.5129931139122316,0.5504869220303554,1.3215295365576207,0.0202872389927506,0.1234019752591848,0.1974804177880287
1,71,97.0,0.9352027372647947,0.4948967086834734,0.5393856415561601,1.309442675325292,0.0156667295377701,0.1067037712782621,0.1838996075093746
1,71,98.0,0.9368948032737212,0.5143003034547152,0.5269765033441431,1.3140455082323423,0.0129858471918851,0.0971901901066303,0.166623942553997
1,71,99.0,0.9373980238856378,0.5328256302521007,0.5164142101418738,1.3089459690116567,0.015347329666838,0.0940644219517707,0.1657221540808677
1,71,100.0,0.9434624173994752,0.5192518674136322,0.5099431610574909,1.2978052204177224,0.0149353386368602,0.0891351718455553,0.1402403973042965
2,11,1.0,0.1074447218510764,0.0650755494505494,2.4906199759210064,2.477530027690687,0.0167389306705445,0.1232724320143461,0.6730701565742493
2,11,2.0,0.116530712043773,0.0855120573870574,2.47188571322034,2.4749811518262006,0.0107009760104119,0.0770749695599079,0.33043994307518
2,11,3.0,0.1191874853643238,0.0898656898656898,2.4604877565804046,2.4695427013419526,0.0053276400547474,0.0385974399745464,0.1859219998121261
2,11,4.0,0.12131167356235,0.0975274725274725,2.447831266339992,2.462354516425328,0.0037544196718954,0.0240122181654442,0.1162034317851066
2,11,5.0,0.1337137052393465,0.1276365995115995,2.433588991388243,2.455700403068498,0.0092452618759125,0.0407497022300958,0.1513220354914665
2,11,6.0,0.136924198916146,0.1106990231990232,2.419975212907698,2.4487498977728057,0.0098048633430153,0.0799802057445049,0.4281866937875748
2,11,7.0,0.1426778300837719,0.1429296398046398,2.404693965093899,2.4429820755071807,0.0163549528457224,0.1356648974120617,0.9264716118574142
2,11,8.0,0.1436360280432302,0.1381295787545787,2.393968933507016,2.4365477701376754,0.0078921571373939,0.0826970715075731,0.5741441726684571
2,11,9.0,0.1419432882995786,0.1428800366300366,2.384488196400871,2.429145372401901,0.0179111528676003,0.1523748748004436,1.0112147957086564
2,11,10.0,0.1413331889868327,0.1414415445665445,2.3743110288653457,2.4242176939869484,0.0095690104179084,0.0659778323024511,0.3475803136825561
2,11,11.0,0.1364491216829233,0.1558646214896215,2.3655654566097444,2.4201702806684704,0.0213034849148243,0.1171313323080539,0.5873992949724197
2,11,12.0,0.1149783421412156,0.1503586691086691,2.357653251633077,2.4177931582021435,0.0213941375724971,0.1575434416532516,0.7057540595531464
2,11,13.0,0.1167838072350545,0.1388507326007326,2.349845903426351,2.415380713535331,0.020578768569976,0.0874707765877246,0.3551858127117157
2,11,14.0,0.136040141565477,0.1455471611721611,2.341447904560766,2.408374677624619,0.0304204410873353,0.1750456757843494,0.9517954915761948
2,11,15.0,0.1637389626899598,0.1745154151404151,2.3292722897222866,2.401342298552307,0.0113701548427343,0.0431725494563579,0.1741501435637474
2,11,16.0,0.1668587862695098,0.183058608058608,2.3172686629825168,2.3930020053484284,0.0062249744776636,0.0337628891691565,0.174281632527709
2,11,17.0,0.1746034577557021,0.1889613858363858,2.3055968205598827,2.379500877090365,0.0178278853185474,0.0900904849171638,0.4021650493144989
2,11,18.0,0.1751412970550363,0.2310363247863247,2.2906150376355208,2.368689715513709,0.035843813419342,0.1778478845953941,0.6445790499448776
2,11,19.0,0.180819785388227,0.1983801651564809,2.2804422908359103,2.3645490805308023,0.0065738861449062,0.0368334580562077,0.1639731049537658
2,11,20.0,0.1881286804978804,0.1990918803418803,2.2705355582878606,2.3570037459769444,0.0113675730302929,0.0496162243187427,0.2424871116876602
2,11,21.0,0.2175028342272958,0.2142094017094017,2.25550310700028,2.341289873011628,0.0253630370832979,0.1236411288380622,0.6171526551246643
2,11,22.0,0.222985385648008,0.2086042429792429,2.2407955495934737,2.3318455735145256,0.0306960246525704,0.0959747582674026,0.4713418900966644
2,11,23.0,0.2074592978927116,0.2033463064713064,2.2310856559820342,2.3238691307647885,0.0310540627688169,0.1909495115280151,1.0496817886829377
2,11,24.0,0.1723773973484738,0.148889652014652,2.2255543772472506,2.3423142237970005,0.02811084901914,0.160997025668621,0.6981703639030457
2,11,25.0,0.1415720078387193,0.1442498473748473,2.2470514518708047,2.3601927506296256,0.019266247190535,0.1341774567961692,0.7498039960861206
2,11,26.0,0.1524052404778336,0.1498054029304029,2.2533143407884864,2.341626980151349,0.0405624289065599,0.206637392938137,1.0773747563362122
2,11,27.0,0.1906683410963065,0.1588396897220426,2.222137477198075,2.30359539232756,0.0214640101417899,0.1645964652299881,1.1893580168485642
2,11,28.0,0.2456939591050561,0.2089757804831334,2.192797993823566,2.281520358303137,0.0230982488021254,0.2345780335366726,1.036803326010704
2,11,29.0,0.2664426322042404,0.2062003968253968,2.175747885341533,2.276645887664884,0.0158378800377249,0.108374036103487,0.5113499820232391
2,11,30.0,0.2528360215235595,0.2229662698412698,2.16834765289262,2.271357978296559,0.0234491232782602,0.0710781589150428,0.3098569303750992
2,11,31.0,0.2473373112494807,0.2281746031746031,2.155789728517885,2.2734594345092773,0.0140855826437473,0.0808508269488811,0.449801504611969
2,11,32.0,0.2570895928137984,0.2286324786324786,2.1473454151004843,2.263687384755988,0.0205039961263537,0.1099203437566757,0.7397975087165832
2,11,33.0,0.2746968440063008,0.2110615079365079,2.131802986472206,2.243298077443887,0.0291358336806297,0.135440157353878,0.5438977271318436
2,11,34.0,0.3028480787185714,0.2345352564102564,2.119850178211056,2.232572538810864,0.049090314283967,0.1885076388716697,0.9688012719154356
2,11,35.0,0.277720399765236,0.234060110211426,2.1211649311913385,2.2285934038329542,0.0461646720767021,0.2063279293477535,1.1223833382129669
2,11,36.0,0.2759402571274477,0.2254634984898142,2.109708809713174,2.2324971260383117,0.0200175235047936,0.0945913933217525,0.3500430256128311
2,11,37.0,0.2710976732924657,0.2151574850588008,2.099950190873174,2.232042029587149,0.0294291282072663,0.1270073600113392,0.6111385196447372
2,11,38.0,0.2940807537319987,0.231366276267592,2.0874809194029424,2.21428390413697,0.0299131479114294,0.136017020791769,0.8332460075616837
2,11,39.0,0.3117800396146091,0.2466822103335261,2.0675355165790164,2.201019971691377,0.0295434484258294,0.152779783308506,0.8287888437509536
2,11,40.0,0.2999320811001795,0.2557690299466615,2.061555736478541,2.201821869576884,0.0479921681806445,0.1608793623745441,0.6209035903215409
2,11,41.0,0.3098282003839903,0.2340132004218691,2.063791783000061,2.206941200278656,0.0197459081187844,0.093568992614746,0.4932935982942581
2,11,42.0,0.3231305907433804,0.2592446307132839,2.05784136277658,2.1891994741227894,0.0169860407710075,0.0724862158298492,0.325693130493164
2,11,43.0,0.3495658608786617,0.2494310342220559,2.029798691500465,2.1727095207972837,0.0268775260075926,0.1527052506804466,0.8729209631681443
2,11,44.0,0.362295677568361,0.2856734478541754,2.0087664949963666,2.169463464391162,0.0166061801835894,0.1105977810919284,0.6153824359178544
2,11,45.0,0.3682960074805627,0.2896798581105856,2.002759852604559,2.1624420790644416,0.0103966927155852,0.0510643161833286,0.2095759382471442
2,11,46.0,0.389371398985394,0.28590149960119,1.9919139153776115,2.1454278070327133,0.0242935061454772,0.1047862648963928,0.564324015378952
2,11,47.0,0.3978896471948903,0.3057522081032143,1.9718773430086247,2.1331652158882184,0.0260770200751721,0.1533238872885704,1.1079426050186156
2,11,48.0,0.3705623312883017,0.3193529166052386,1.959787989685177,2.1371138528076528,0.013393384963274,0.0597561448812484,0.2492090612649917
2,11,49.0,0.3649812885987682,0.3175584488181237,1.9555436707379523,2.1326794847410326,0.0305210188031196,0.164181250333786,0.924255320429802
2,11,50.0,0.3574867994171614,0.2602225539338542,1.944355312611392,2.132240784795661,0.0279886318370699,0.1841502256691455,1.0952767163515091
2,11,51.0,0.3593373045001631,0.2692323758113231,1.93513077230249,2.1232889646675157,0.057907723262906,0.2101976886391639,0.8491518020629882
2,11,52.0,0.3241889202599801,0.2461381819934451,1.9319430220196816,2.138084594269245,0.0304287284612655,0.1880414687097072,1.0693987548351287
2,11,53.0,0.362529629790587,0.2678174626800787,1.9394488190582155,2.108519984964739,0.092430598475039,0.3438828758895397,0.978533273935318
2,11,54.0,0.3843227925547762,0.3073438096561161,1.912561842804996,2.08190005146272,0.0346471292898058,0.1788785345852375,0.7550958216190338
2,11,55.0,0.3874120588149752,0.3042282483168706,1.9412882553438928,2.095475831226996,0.0438183832913637,0.1905578628182411,0.7777974545955658
2,11,56.0,0.3863392635570691,0.288640719445673,1.9513824790077132,2.0900684309284587,0.0403795771300792,0.19704010784626,1.1358904361724853
2,11,57.0,0.4054808937456886,0.3138070359722836,1.923181603294135,2.071411162091975,0.0388198845088481,0.193631237745285,0.9683334350585936
2,11,58.0,0.4055381990939751,0.2949571444637234,1.8788216671748468,2.0624022483825684,0.0251490827649831,0.1094312280416488,0.6212958544492722
2,11,59.0,0.3896182307193189,0.2704244585823533,1.854963777125695,2.0723400576072826,0.0401304999366402,0.2222433291375637,1.2196582734584809
2,11,60.0,0.378912763427482,0.2867611737677527,1.8581635006222343,2.091886322400723,0.0535005612298846,0.2016775481402874,0.94845210313797
2,11,61.0,0.357415991631508,0.2811272974101921,1.8724132127929152,2.087797304343062,0.0280936937779188,0.1147271052002906,0.5863523542881012
2,11,62.0,0.373087383912937,0.2795608813700919,1.868628645036188,2.059002955754598,0.0419042017310857,0.2340653046965599,1.2211486220359802
2,11,63.0,0.4008454548411853,0.274880727144659,1.8441280914328948,2.0483273414143346,0.0360130490735173,0.1811165794730186,0.9301967531442642
2,11,64.0,0.4114527133072564,0.2867150003276165,1.837899376774392,2.048593656361452,0.0391003582626581,0.1835219547152519,0.8911917269229889
2,11,65.0,0.4166946750956462,0.3111858997985159,1.836677634925173,2.0380285831919887,0.0407347548753023,0.1550891742110252,0.8827719271183014
2,11,66.0,0.4252542624413551,0.3151116463229466,1.8158198306899789,2.024539974000719,0.0317362356930971,0.1727793738245964,0.8582008957862854
2,11,67.0,0.4200387438529502,0.2987017490306964,1.7920198254650332,2.0166854935082776,0.0313525483012199,0.1555839031934738,0.8761690855026245
2,11,68.0,0.4518150428168381,0.2784471194010667,1.772594984511883,2.011659492526138,0.045151051133871,0.1938631057739258,1.2241892158985137
2,11,69.0,0.4308326751541333,0.3011447358970578,1.7714443927155137,2.0180721966146726,0.0236527567729353,0.1048117123544216,0.4496070563793182
2,11,70.0,0.4353598818778925,0.3080011846168967,1.7724075735661022,1.9952759686966388,0.0329799532890319,0.1528179571032524,0.9572726309299469
2,11,71.0,0.4462576510908727,0.3514226664574962,1.7505375156160916,1.9770758416917589,0.0293898193165659,0.1550078347325325,0.9491896152496336
2,11,72.0,0.4501842050787364,0.3316526216874514,1.7442036897350706,1.9745101608030975,0.0532628839835524,0.2181881487369537,1.0348021805286407
2,11,73.0,0.4527229144091329,0.3479720661318958,1.7427054390340289,1.9870775533698453,0.0903755184262991,0.3221190571784973,0.9105125486850738
2,11,74.0,0.4215736591816012,0.3035484954215604,1.7677160213332892,2.0246883846862973,0.0443881068378686,0.2311999797821045,1.0173451364040376
2,11,75.0,0.4072796910133031,0.321855047687091,1.7776923839576528,2.015903545401947,0.0765477739274501,0.2551841795444488,0.8685223460197449
2,11,76.0,0.4046661402052571,0.3193889662252666,1.764577105960883,2.0265243067378886,0.0426294114440679,0.1932452693581581,1.086194735765457
2,11,77.0,0.4214920694643851,0.3177277461816935,1.7464707429878428,2.028285547306663,0.0492731619626283,0.2416797935962677,1.00898197889328
2,11,78.0,0.4172343335889541,0.3254213257502731,1.7280683138100956,2.0244238864608675,0.0319269858300685,0.1530582129955291,0.6482170522212982
2,11,79.0,0.4272515023588512,0.3242517351069982,1.7192893416328503,2.005134943633052,0.0517081797122955,0.1525182753801345,0.5382983803749084
2,11,80.0,0.4699590407386271,0.3350034407600197,1.6958586846643489,1.9739505610270809,0.0479628337547183,0.1876124247908592,1.0345973283052443
2,11,81.0,0.4923212164863814,0.3261714452987672,1.6646750012801173,1.9568240517064144,0.0268144542351365,0.1438806317746639,0.7765643447637558
2,11,82.0,0.4734608133079556,0.3462256540042918,1.6645203734699048,1.950013992382072,0.0295574720948934,0.2051685854792594,0.9861703872680664
2,11,83.0,0.4617651522767423,0.332027014021983,1.6541344694226805,1.9500004311054076,0.0658842889592051,0.2260549381375312,0.8221931993961334
2,11,84.0,0.4309131859516801,0.2992402882205514,1.649358754037184,1.977895778522157,0.0458863697946071,0.1599502354860305,0.7927208244800568
2,11,85.0,0.4306580943420086,0.3140263854079643,1.66086691885199,1.980435163654082,0.0589605305343866,0.3002206072211265,1.1646754145622251
2,11,86.0,0.4177530249142248,0.3174769857335647,1.646405221425999,2.001696523867156,0.0475055146962404,0.1661324620246887,0.6324649572372436
2,11,87.0,0.4353356409768523,0.3374505307071096,1.6517617377156637,1.979057584589685,0.0462715484201908,0.2505896106362343,1.224269688129425
2,11,88.0,0.4694323202983852,0.3104778506094295,1.616497688823276,1.9502140471809788,0.0306707940995693,0.1456970244646072,0.709870558977127
2,11,89.0,0.459908361437818,0.3227298347364136,1.5957576294391476,1.937710176434433,0.0485207287594676,0.1394939422607422,0.495173704624176
2,11,90.0,0.4749043406891068,0.3190757342073131,1.6054609718843278,1.9258680211173165,0.0458373114466667,0.190597528219223,0.9555956602096558
2,11,91.0,0.4874449875172974,0.3365934357323676,1.5809749878405597,1.918711468490244,0.0549480997025966,0.2898302555084228,1.0529835224151611
2,11,92.0,0.4932249487460964,0.3267338508727828,1.5739972809834322,1.9291388409876684,0.0449635941535234,0.2292061775922775,1.054963010549545
2,11,93.0,0.5038760224248898,0.3328933468349103,1.571034644779406,1.910161154312,0.0372796118259429,0.2000642865896225,1.0334659218788147
2,11,94.0,0.5140437987743333,0.342154949024144,1.559654807719106,1.9003851783205887,0.0446932345628738,0.2364099219441414,0.8945798337459564
2,11,95.0,0.5076353859918816,0.3418687768629718,1.565219072338201,1.8952502890637049,0.0352359937503933,0.1978873014450073,1.0190221309661864
2,11,96.0,0.5241967040113557,0.3365029316944951,1.556531985484601,1.8884545090602851,0.0366600399836897,0.1512689590454101,0.6854625880718231
2,11,97.0,0.511906117623343,0.3189815641731277,1.5522152058794716,1.8908573932815016,0.0281037393957376,0.1362423837184906,0.6182940363883972
2,11,98.0,0.509284599888311,0.3352895617311252,1.5477172045679817,1.8891958820889567,0.046293581277132,0.2235993504524231,0.9495811522006988
2,11,99.0,0.5283278996852977,0.3522949333804597,1.526100785643966,1.8725878056029828,0.0844433395192027,0.3202810078859329,1.2841020107269288
2,11,100.0,0.4763165727500423,0.2980455947561211,1.5300708307392648,1.9282806574949745,0.0349017411470413,0.1770166158676147,0.9135045409202576
2,23,1.0,0.0680670875857694,0.0638702596423184,2.482682519024111,2.4799231116534672,0.0012387080612825,0.0133533374231774,0.0586922511458396
2,23,2.0,0.0838304118856791,0.0710077300150829,2.4726288509183,2.475206803160104,0.0016634285384498,0.0146490888611879,0.0692373722791671
2,23,3.0,0.0942327235772357,0.0723443223443223,2.4614759183998927,2.468259511635317,0.0039117984240874,0.0268848542124032,0.0968699604272842
2,23,4.0,0.0860377145438121,0.0782967032967033,2.448932516644573,2.460951894347431,0.0022972785518504,0.016359250806272,0.0850627392530441
2,23,5.0,0.0837595980126468,0.0837912087912087,2.434351311324865,2.452705932639496,0.0107578775845468,0.0712726902216673,0.2501484185457229
2,23,6.0,0.0853150406504065,0.0837912087912087,2.42029834304869,2.4464643308293748,0.0029750516288913,0.0217656444641761,0.1168122351169586
2,23,7.0,0.0870880902957965,0.0833943833943833,2.4067194261978475,2.442055610188267,0.004672278324142,0.0262809498235583,0.1207496609538793
2,23,8.0,0.0882156165311653,0.0893467643467643,2.394256150280988,2.436878352137337,0.0126443397253751,0.0572981804609298,0.2164803743362426
2,23,9.0,0.1007047574478675,0.1053189865689865,2.383747880686561,2.4319383275439166,0.0204566963482648,0.1658219050616026,0.7920574694871902
2,23,10.0,0.1170575973426907,0.1049221611721611,2.373565478631628,2.426808852201317,0.0082709767855703,0.0722794868052005,0.2782965779304504
2,23,11.0,0.1220243129682574,0.1150324552898082,2.366516971216332,2.4226899858106647,0.0058898582588881,0.0324766749516129,0.139846071600914
2,23,12.0,0.1459569844912612,0.1364549666020254,2.358496737526639,2.4152834526976648,0.0042011610072222,0.0271813509694766,0.1200153961777687
2,23,13.0,0.1616018440463711,0.1484207785678374,2.346431038300661,2.4081273078918457,0.027769168652594,0.1689887754619121,0.6738063812255859
2,23,14.0,0.1660983049584762,0.154273953171012,2.3354938987635263,2.4064105546962447,0.0093493850901722,0.0426377288997173,0.1527478463947773
2,23,15.0,0.1720865580265258,0.1604831034978093,2.3278375129718296,2.40267859286035,0.0209100533276796,0.1945348508656025,0.8846508443355561
2,23,16.0,0.1722012703474802,0.1414900254973784,2.316274041553222,2.4021175367790355,0.0164890102110803,0.0967318344861269,0.3986329481005669
2,23,17.0,0.1661549865998559,0.1423447263520793,2.3044508567795186,2.4011030434167875,0.0075099945999681,0.0406464517116546,0.1561701849102973
2,23,18.0,0.1826998639710315,0.1473405067155067,2.294535044805813,2.3945712834073785,0.0292026540264487,0.1496734723448753,0.7987317323684693
2,23,19.0,0.1917574801255384,0.1751972904546433,2.279960791734692,2.383048895506831,0.0114947721362113,0.0444956757128238,0.165536692738533
2,23,20.0,0.2148765853674311,0.1907524868921927,2.2702322048053407,2.3731049208613166,0.0086618338711559,0.0411764800548553,0.1628651574254035
2,23,21.0,0.2355677932926816,0.1998123608417726,2.259000958987379,2.3628643423493148,0.0213623499497771,0.1207094706594944,0.5383783042430877
2,23,22.0,0.2517547039676938,0.2147750125691302,2.244952298512003,2.3480928571600663,0.0071745710913091,0.0351399522274732,0.1540906615555286
2,23,23.0,0.2649952677927313,0.236302790346908,2.230331790842276,2.3376642653816626,0.0244987826794385,0.080623160302639,0.3574930340051651
2,23,24.0,0.2683735752091167,0.2414996767937944,2.214581359664366,2.3280220310590423,0.0269781431183218,0.1537930101156234,0.8739214658737182
2,23,25.0,0.2657932676736445,0.216773953171012,2.1982212443100777,2.329879569728472,0.0210022628307342,0.0684486597776413,0.2369628995656967
2,23,26.0,0.2622448660165282,0.2235401853048912,2.1963873820462885,2.329556483274315,0.0173863067291677,0.0903897508978843,0.3637449920177459
2,23,27.0,0.2655706451410056,0.2122890181713711,2.188643947679397,2.3211744263855336,0.0218643808737397,0.137628922611475,0.6483184218406677
2,23,28.0,0.2652699701725307,0.1932910022983552,2.175407032985204,2.3119843884518274,0.0270099835470318,0.1641014322638511,0.8933870226144791
2,23,29.0,0.2963544411128463,0.2282087193851899,2.160721753772936,2.291574872725191,0.0179226042702794,0.0665060020983219,0.260623487830162
2,23,30.0,0.3026341081484544,0.254618257559434,2.14515147664626,2.2675734598037094,0.043461894057691,0.1582373820245265,0.5333796590566635
2,23,31.0,0.3121366429867802,0.2486604898369604,2.1309811636718394,2.2489998549745795,0.0184328362345695,0.0623019009828567,0.2508541375398636
2,23,32.0,0.307603670640783,0.2616565215829922,2.1166526072206557,2.236340450264557,0.0361647019162774,0.1749401248991489,0.7664554983377456
2,23,33.0,0.3265083402174625,0.2675794997486174,2.102553488450673,2.239532596186588,0.0514593755826354,0.2077768810093402,0.7836140155792236
2,23,34.0,0.3147724252952053,0.2537003369723958,2.090329565732335,2.2411160190203034,0.0145836632698774,0.0671290218830108,0.3234560340642929
2,23,35.0,0.3108912739048717,0.2276343550240609,2.088140144682767,2.241734981536865,0.011633834731765,0.0562579154968261,0.2103696763515472
2,23,36.0,0.3374035132120474,0.2392327443798032,2.0748607707999605,2.217560812743784,0.0189697051420807,0.1017096795141696,0.3268494307994842
2,23,37.0,0.3518670195260238,0.2850191679235797,2.0484855992984587,2.1919225377646105,0.0300400648266077,0.1492239981889724,0.5960261076688766
2,23,38.0,0.3850229040608148,0.3091263107807225,2.028355101163392,2.1772958855879936,0.0611930530518293,0.1550971038639545,0.3663046538829803
2,23,39.0,0.3601522170435256,0.3086684353228471,2.024930047245286,2.190642022249992,0.0210409296676516,0.0777243912220001,0.2998992979526519
2,23,40.0,0.3728623824104854,0.3220814928535517,2.025091847016333,2.1773244930289644,0.0274107482284307,0.0719846434891224,0.2519394338130951
2,23,41.0,0.373788288469756,0.2982109189829778,2.00008242125632,2.1617712890892697,0.0247835487127304,0.0909824177622795,0.3679369270801544
2,23,42.0,0.3753363965350604,0.2804938321482439,1.9741508017274136,2.1578293557752644,0.0470170855522155,0.1601176351308822,0.7092314809560776
2,23,43.0,0.3707371306838525,0.274530004309416,1.964114994217313,2.163043037492629,0.0242013361304998,0.1215962417423725,0.8646297425031662
2,23,44.0,0.3451506649342466,0.2668617126337714,1.973072351535626,2.1677150837859216,0.0437173532322049,0.1639812938868999,0.7755409628152847
2,23,45.0,0.3539093358928342,0.2699283559577677,1.9672939647243268,2.1671587904991463,0.0267837557941675,0.1232579171657562,0.6670000940561295
2,23,46.0,0.3567131390811898,0.2803362691230338,1.9556573970973143,2.149013278080009,0.0341067776083946,0.1125794038176536,0.5210605442523957
2,23,47.0,0.3702453997331949,0.287926976346094,1.936409158316272,2.1256569087156776,0.0691112922504544,0.2334940940141678,0.8170425593852997
2,23,48.0,0.354995072157169,0.2311332866479925,1.953695936277364,2.135761320939538,0.051672863587737,0.1021761856973171,0.302662381529808
2,23,49.0,0.3959120036727808,0.2702614379084967,1.9741822206950792,2.1034695000676384,0.0539268195629119,0.1805721178650856,0.8710238516330719
2,23,50.0,0.3432656068606365,0.2872692666810313,1.9184965171776784,2.116555615475303,0.0412581712007522,0.1586503952741623,0.777319586277008
2,23,51.0,0.3454536620557716,0.276887614019967,1.912543722528231,2.109887429148133,0.0304190840572118,0.1216756269335746,0.7924720108509063
2,23,52.0,0.3605235568669491,0.2811916433239962,1.8890614665274963,2.0966124074500905,0.0387926120311021,0.1539503909647464,0.8478012472391129
2,23,53.0,0.3675445108849934,0.2756360877684407,1.8753785445676208,2.093995297164248,0.0365080719813704,0.1478279799222946,0.7588031053543091
2,23,54.0,0.3403118500655553,0.2767273576097105,1.87030426335846,2.100182594611631,0.0371541766449809,0.1159241989254951,0.5034070193767548
2,23,55.0,0.3388052315271847,0.2548027544351074,1.8690489776882744,2.100169409088224,0.0222667215391993,0.1203338682651519,0.7195537209510803
2,23,56.0,0.3592910033475081,0.2551499766573296,1.8608441850130557,2.099563583993075,0.0477240420877933,0.1814577370882034,0.7397541701793671
2,23,57.0,0.3589120522864695,0.2659138655462185,1.8502066495590508,2.0937376963464835,0.0451686101034283,0.1977994531393051,0.8027680814266205
2,23,58.0,0.3975295258416096,0.2801908263305322,1.8156571694981984,2.0520056974121004,0.0293840868398547,0.1226388290524482,0.6253949582576752
2,23,59.0,0.3996936675022839,0.3033173525820584,1.7954005205143264,2.027180821574919,0.0413412624970078,0.1583971627056598,0.6481424957513809
2,23,60.0,0.4117975112873532,0.3192808213028801,1.7904632105464824,2.009662517330103,0.0415222091600298,0.1124318547546863,0.4338847488164902
2,23,61.0,0.4320926259416583,0.3196776466997055,1.790031133339419,1.9898658509840048,0.0373262170702219,0.1245113119482994,0.5119353055953979
2,23,62.0,0.4312245053730137,0.3196776466997055,1.7628580236527889,1.9756814206552784,0.0676053201779723,0.2646561868488788,1.1110923260450365
2,23,63.0,0.4186301305973434,0.3050622171945701,1.759861791110643,1.986362250924808,0.0389856312423944,0.1150412037968635,0.562848350405693
2,23,64.0,0.4149880504281164,0.3196776466997055,1.7724526391508053,1.980242379227577,0.0349853098392486,0.1145791515707969,0.5837140560150147
2,23,65.0,0.46180505332144,0.3085779824750413,1.7507119048640971,1.9513469076993173,0.0589892979711294,0.277310649305582,1.225115704536438
2,23,66.0,0.4174603208170336,0.3029580101271278,1.7238074878038254,1.98124767395488,0.0649784941226244,0.275593351572752,1.0166946619749069
2,23,67.0,0.3959400866885436,0.2850692199956905,1.74175779164186,2.0317198177527267,0.0435491554439067,0.18118766695261,0.7600836634635926
2,23,68.0,0.4122692987887064,0.309034361607891,1.7668390390236244,2.0020040461891577,0.0356332428753376,0.12208052277565,0.4468176126480102
2,23,69.0,0.4328574991971075,0.3371235994397759,1.730404707539616,1.957890374618664,0.0675488550215959,0.2261145785450935,0.7209186017513275
2,23,70.0,0.4024154261260812,0.3048929828341593,1.708107195286258,1.9795863858440463,0.0606985229998826,0.2453153453767299,1.011659950017929
2,23,71.0,0.3729724332918473,0.3101980653934988,1.7555800283629062,2.008183846696776,0.1184134777635335,0.4055998504161834,1.3325528621673584
2,23,72.0,0.4245442024186209,0.3219304388422035,1.7360842520730535,1.955134611380728,0.0806347206234932,0.2865192770957946,1.1205496430397033
2,23,73.0,0.4667186120509417,0.3336046918767507,1.698052109682072,1.963772595974437,0.037612959742546,0.150872653722763,0.7614640653133392
2,23,74.0,0.4428377286712608,0.3245525988173047,1.6993293083666825,1.969000971108152,0.0459822487086057,0.2221952974796295,0.8125698387622833
2,23,75.0,0.4520239954008945,0.3311525144245732,1.677350869769009,1.9523544262724315,0.042344257235527,0.1789695128798484,0.8337688714265823
2,23,76.0,0.4478256669700202,0.3223474646268763,1.6537948203133328,1.9425257974200776,0.046262102946639,0.1617202460765838,0.8144674181938172
2,23,77.0,0.4465624880183599,0.3174863535157652,1.6563489697365268,1.943370089196322,0.0331046380102634,0.1097935959696769,0.5289963752031326
2,23,78.0,0.441890947635893,0.3103728991596639,1.6454914169237165,1.924589957410132,0.0417075581848621,0.1270763888955116,0.4054168581962585
2,23,79.0,0.4428106566818419,0.322624883286648,1.6280166609013058,1.9132286707560224,0.0299100058153271,0.136861865222454,0.6300740420818329
2,23,80.0,0.449495548108643,0.3272902750843927,1.6114465321248967,1.910988825803612,0.0692133283242583,0.2502486862242222,0.8914253145456315
2,23,81.0,0.4200095332593364,0.3209870059134765,1.622800201758539,1.965251219900031,0.0309690799564123,0.1260898113250732,0.6761587023735046
2,23,82.0,0.4188216837949088,0.3276216480744344,1.68249096693816,1.9556179423081248,0.0872781403362751,0.3445187121629715,1.276699161529541
2,23,83.0,0.4178072898324818,0.3222757158418923,1.639884006210238,1.9575252344733791,0.0348651584237813,0.1622108951210975,0.5304240643978119
2,23,84.0,0.4394796379561821,0.3065723950398873,1.6518864213374622,1.9430030598277932,0.0566602781414985,0.2267741203308105,1.2387069046497343
2,23,85.0,0.5222034017048278,0.3378574090454895,1.6139446564352768,1.8746178735766492,0.0649603921920061,0.2918232701718807,1.186374840140343
2,23,86.0,0.4731603456719948,0.3280608194694882,1.5858789468601666,1.882698989053916,0.0476508079096674,0.1321221277117729,0.5485328614711762
2,23,87.0,0.4676275960931242,0.3090340859690705,1.6332229755775274,1.886443997684278,0.0718214213848114,0.3164438605308532,1.1474074006080628
2,23,88.0,0.4939923981083249,0.3290762256319531,1.597224037782026,1.8739413880465323,0.055193106085062,0.2265461862087249,1.1999413251876831
2,23,89.0,0.4780186519330624,0.3400399487280292,1.5615446860330149,1.882466262544108,0.0486617824062705,0.170679635554552,0.659703466296196
2,23,90.0,0.4943314835524128,0.3629730985961636,1.561342887246353,1.869969552023369,0.1421463530510664,0.3094848245382309,0.9814117968082428
2,23,91.0,0.4751366047252951,0.3562207192818648,1.5676455517493726,1.8946092735257063,0.0436028849333524,0.1668812163174152,0.8239226073026658
2,23,92.0,0.4705682300837224,0.3283437351548806,1.6089287789476778,1.9066639936458296,0.0503167040646076,0.1500613495707511,0.5849446833133698
2,23,93.0,0.5055846295748287,0.3475576707291103,1.597938241549635,1.882354293650354,0.0414656396955251,0.0995252072811126,0.3038091361522674
2,23,94.0,0.533234296363304,0.3888231608432846,1.5541166397098445,1.84639542981198,0.0443293116986751,0.1860085263848304,1.1705175906419754
2,23,95.0,0.5352685360594945,0.4012427333731512,1.526597290824496,1.83785427244086,0.0502787051722407,0.2006475105881691,0.7752768725156785
2,23,96.0,0.5458522279800647,0.3930093427384449,1.5104650586669208,1.846654176712036,0.04482197239995,0.1779840618371963,0.6204576909542083
2,23,97.0,0.5342193455982736,0.3397077881985002,1.5095381450931928,1.847827677141156,0.0407358389347791,0.112333670258522,0.55022434592247
2,23,98.0,0.533680054884454,0.3347275066121815,1.5177732269201594,1.8508071028001127,0.0373361878097057,0.1679411888122558,0.749078369140625
2,23,99.0,0.5388572481466302,0.3570489351836101,1.507174268568236,1.8441059352361668,0.0370175939053297,0.1296505883336067,0.5227236598730087
2,23,100.0,0.545805151527449,0.3785295669099848,1.489593704773901,1.8235714100954823,0.0667985212057828,0.165385952591896,0.5767050981521606
2,37,1.0,0.0960674385934607,0.0936304436304436,2.481977038913303,2.484630364423607,0.0049802716588601,0.0394985005259513,0.1984928503632545
2,37,2.0,0.0930885483409762,0.1278566341066341,2.471923436802498,2.479467007151821,0.0021657670622516,0.013131477870047,0.0841715842485427
2,37,3.0,0.0852608101996492,0.0954708485958485,2.46011641848157,2.472889653423376,0.0033739937003701,0.016881682537496,0.1014748778194189
2,37,4.0,0.0893027867896279,0.0950129731379731,2.445457211247197,2.4645583922402903,0.0055632090661674,0.0311373781412839,0.1765966594219207
2,37,5.0,0.0863283338403111,0.0842490842490842,2.4297376417974283,2.4569478829701743,0.0117857808247208,0.0574806816875934,0.4477206960320473
2,37,6.0,0.0872766992976052,0.0950129731379731,2.416836867787917,2.453293600974724,0.0142949740868061,0.0889532506465911,0.5553396612405777
2,37,7.0,0.1014995147640769,0.1018200549450549,2.405516481771339,2.45357460585254,0.0103421319276094,0.0751280684024095,0.5637103617191315
2,37,8.0,0.1125702855668012,0.1022779304029303,2.397680822171663,2.447451965153566,0.0041103112511336,0.0246217990294098,0.1142733624204993
2,37,9.0,0.1066888239035451,0.1022779304029303,2.3882783133151704,2.4426700790026032,0.0081177662126719,0.0422928124666214,0.2210076719522476
2,37,10.0,0.1106396315084876,0.1137858669108669,2.3774925914191827,2.43403204560977,0.0044575680047273,0.0267251517972908,0.1259332001209259
2,37,11.0,0.1220849735341867,0.1257516788766788,2.364202236803884,2.425059198636061,0.0051854511722922,0.0288440709933638,0.131334576383233
2,37,12.0,0.149705325681982,0.1424679487179487,2.349026061870433,2.416531884879397,0.0184795976616442,0.1111618913710117,0.7325237184762955
2,37,13.0,0.1661467034497182,0.1638354700854701,2.334122594569394,2.4122289997792383,0.0123117319308221,0.0919930234551429,0.4138547092676162
2,37,14.0,0.1743272141924365,0.167886396011396,2.3211809115567865,2.4060201310274896,0.0103603253141045,0.0439324371516704,0.1894979357719421
2,37,15.0,0.2110451949827209,0.1901086182336182,2.3064880389683893,2.3932317209522624,0.0195976673625409,0.0824407003819942,0.3932825416326523
2,37,16.0,0.2236091944621509,0.1575905575905576,2.288792915046796,2.3787690254679896,0.0158882870338857,0.0671143770217895,0.2689419537782669
2,37,17.0,0.2462426918135444,0.2189905342478872,2.2666141591806395,2.3568735861638834,0.0193982694298028,0.0691298395395279,0.325183680653572
2,37,18.0,0.268864639226007,0.2010608944432474,2.2429473358288146,2.334932753914281,0.016669625788927,0.0813719250261783,0.4314618438482284
2,37,19.0,0.276411256682476,0.2456490609064138,2.217086772937291,2.31927053830777,0.0237939601764082,0.1300251230597496,0.7092212080955506
2,37,20.0,0.2684418103758485,0.2320881664631664,2.194105746918022,2.312496362373843,0.0121195180341601,0.0498675800859928,0.2140563517808914
2,37,21.0,0.2927058442201528,0.2277308679882209,2.1759114702310245,2.2929642074986507,0.0274417204782366,0.1198963560163974,0.6042661041021347
2,37,22.0,0.3239537485161834,0.2381475346548876,2.150273262176365,2.2726528212340957,0.0309987058863043,0.1549662798643112,0.7283919662237167
2,37,23.0,0.3375206075807237,0.269815757499581,2.131323276207461,2.256571713943928,0.0431691646575927,0.1519041031599045,0.5770111054182052
2,37,24.0,0.3180207474981009,0.256077847805789,2.1317424899653385,2.2479882965310973,0.0293103834614157,0.1266274847090244,0.7694247245788575
2,37,25.0,0.3529493375008704,0.2940687920467332,2.115208062744512,2.225015776896337,0.0334815789014101,0.1612636923789978,0.7892278134822845
2,37,26.0,0.3720627660119633,0.2912696168210874,2.0776801399784945,2.22237589624193,0.0281487062573432,0.1364365503191948,0.8417553842067719
2,37,27.0,0.3391670502467747,0.3020257248198424,2.070166176057931,2.231040935070194,0.0321504509076476,0.1323676854372024,0.6487257748842239
2,37,28.0,0.3338606416930483,0.2865077120591826,2.0588194603576064,2.196880993090178,0.0381821151822805,0.1363453991711139,0.6242535799741745
2,37,29.0,0.3752642407723672,0.3019209072517896,2.030123678099575,2.172014495782685,0.0123607089743018,0.0473497243598103,0.230914756283164
2,37,30.0,0.3736355541186028,0.3233434185640068,2.0091088956791987,2.1567528415144537,0.0390534576028585,0.1824900470674038,0.9889097273349762
2,37,31.0,0.3466532808713722,0.315987559553736,1.9963876306429709,2.164372604492812,0.0255195902660489,0.1342970550060272,0.8948476314544678
2,37,32.0,0.3336475677178992,0.2778983815748522,1.9988053319049857,2.164692776942114,0.0340995881706476,0.1385678574442863,0.5707179248332978
2,37,33.0,0.3422950172395196,0.2826525054466231,1.9809109039938704,2.1439113170779938,0.03601765781641,0.1588106989860534,0.8780476868152618
2,37,34.0,0.350369868043678,0.316349595393713,1.9601507019578368,2.1345260756754736,0.014426908455789,0.0809886142611503,0.4351235926151275
2,37,35.0,0.3617474749011694,0.3413408418923125,1.944464411651879,2.119294788405212,0.0189123505726456,0.0694532208144664,0.2903591990470886
2,37,36.0,0.410655809718484,0.3491365574569909,1.9191669195483767,2.0960723991282504,0.0429517538286745,0.2397061794996261,1.138841313123703
2,37,37.0,0.3351791558285903,0.280888948584382,1.913060813851756,2.11165544164111,0.0247987570241093,0.0825116366147995,0.404114431142807
2,37,38.0,0.3374276540706358,0.2772793637247971,1.9263425835391927,2.0947376175930628,0.0324751775711774,0.1162129968404769,0.4406816124916076
2,37,39.0,0.4086068230218926,0.2941589692557185,1.9006654867651869,2.067655683260912,0.016255790516152,0.0698672145605087,0.3454994797706604
2,37,40.0,0.4434557813519105,0.3540543162834184,1.8650343446006552,2.050965585206684,0.0631483832374215,0.227822133898735,0.9549115866422652
2,37,41.0,0.4693592460380694,0.351009058594198,1.8571744415959883,2.0558078372687625,0.0322085455060005,0.123934568464756,0.7931457817554474
2,37,42.0,0.4694629121330831,0.3642783941061805,1.8659500074200692,2.0469880438687507,0.0580420572310686,0.1973558485507965,0.936564475297928
2,37,43.0,0.4376848418032684,0.3524269013723348,1.840249600233855,2.0548719097996315,0.0378115925937891,0.0899914674460888,0.3799946546554565
2,37,44.0,0.4426683689312633,0.3410278973262719,1.8329755325763544,2.0599739370290298,0.054018616862595,0.2551831156015396,1.318993592262268
2,37,45.0,0.4000457996322912,0.3039209070942817,1.8311650436988816,2.069037289647331,0.0372794933617115,0.1874131143093109,0.7418231129646301
2,37,46.0,0.3671992995396338,0.2891423033450898,1.8452007382469104,2.0529054493932,0.0538413185626268,0.1584543377161026,0.6906955480575562
2,37,47.0,0.4029135366481247,0.3364590933089385,1.8278934943978085,2.027944436547352,0.0337713245302438,0.1446673423051834,0.8482470750808716
2,37,48.0,0.4305856939805551,0.3185331195006117,1.7991739251227872,2.011502493194669,0.0610797941684722,0.219148775935173,0.8049731552600861
2,37,49.0,0.4183121640078651,0.2809496993804269,1.7810547867713615,2.0250205491718494,0.0511824615299701,0.2304369822144508,0.8743369340896606
2,37,50.0,0.4322704949057376,0.2799063119399806,1.7701300984470003,1.996565388657196,0.0238606519997119,0.0798817187547683,0.30473093688488
2,37,51.0,0.4224668608545612,0.3139854136661412,1.746289578794736,1.9885343076192843,0.0536561783403158,0.2113974332809448,1.144835066795349
2,37,52.0,0.3692149957823742,0.2704921830405576,1.7560215384407118,2.0255663130018444,0.0522942770272493,0.1987254306674003,0.960266089439392
2,37,53.0,0.3862496181883832,0.2750208855472013,1.761640637009232,1.9962970185698123,0.0231800970272161,0.084784922003746,0.3951793551445007
2,37,54.0,0.3996378435509733,0.3202589807852965,1.73268722186544,1.9780405104508876,0.0212701696902513,0.0954470261931419,0.3860383033752441
2,37,55.0,0.4261038715879368,0.3347552398152243,1.7151248650244104,1.954614796136555,0.0309261040762066,0.1231218099594116,0.6089277386665344
2,37,56.0,0.4511880248570525,0.3270737922924455,1.6868147471262465,1.9462671133509848,0.0272713590413332,0.1602156624197959,0.8757754564285278
2,37,57.0,0.4672192140972473,0.3558912403242898,1.6762042061859637,1.9364532664505365,0.0470346616581082,0.1535919114947319,0.6714402318000794
2,37,58.0,0.5046376944384384,0.3372204825474949,1.6645699300264056,1.9262825006629989,0.0299892989918589,0.1643742620944976,0.7283602297306061
2,37,59.0,0.4975944618270578,0.3696704485887922,1.6566515819371097,1.9147274243204215,0.0403719931840896,0.1638028085231781,0.8367620944976807
2,37,60.0,0.4717663484823389,0.3799035791779599,1.6448203499554193,1.9149830571392128,0.063651580363512,0.260749739408493,1.3549888134002686
2,37,61.0,0.3934727181534475,0.2998815264972386,1.651102782690037,1.986632263451292,0.0370564628392457,0.1174708716571331,0.6585461497306824
2,37,62.0,0.4069148940440845,0.3337779505639413,1.699890412782368,1.9670028595896487,0.04212302044034,0.1365353733301162,0.6466166019439697
2,37,63.0,0.478145700787794,0.368763750439447,1.6568245489230164,1.9155726342173347,0.0448762867599725,0.2275132119655609,1.0633878529071807
2,37,64.0,0.4693885029462609,0.3712655310662276,1.6279343145864982,1.918003895826507,0.0897989906370639,0.2265010520815849,0.715878301858902
2,37,65.0,0.4427243956026186,0.3350406244369092,1.6461547331968014,1.9646190160896344,0.0894595943391323,0.384388741850853,1.0635486185550689
2,37,66.0,0.4557563986378684,0.3447540931577309,1.680587611700359,1.948043659416556,0.0709054969251155,0.2798126548528671,1.2042022049427032
2,37,67.0,0.5034329114139277,0.4083053126783777,1.623953528803924,1.929017326288056,0.0605912648141384,0.2194643631577491,1.1650118052959442
2,37,68.0,0.4773009241512662,0.395502369863825,1.610298542018987,1.955740579387598,0.0286197580397129,0.1589665830135345,0.8506651699543
2,37,69.0,0.5006409867273517,0.4091971972099681,1.6163194234143456,1.9108632447426777,0.0458752982318401,0.2775391221046447,0.9589424729347228
2,37,70.0,0.4890569409009682,0.3735751244942421,1.5790741278646518,1.8995035607912387,0.0336839370429515,0.1319694340229034,0.7609503388404846
2,37,71.0,0.4786194506685539,0.3519646747587924,1.5996410911775705,1.9076853502563569,0.0520971018821001,0.2187234371900558,1.0424818515777587
2,37,72.0,0.4849968401262503,0.3179259738083267,1.586769121199788,1.911203072085018,0.0433963121846318,0.2390400514006614,1.147086215019226
2,37,73.0,0.498203448169581,0.3390403917977447,1.5763345489725036,1.9091714251111125,0.1034054189920425,0.3838230580091476,1.071396571397781
2,37,74.0,0.4974079368816804,0.3676657746994434,1.5604057683814572,1.9227449677841009,0.0478767324239015,0.2235220283269882,0.8873097419738769
2,37,75.0,0.4703254913814893,0.3715938641538487,1.5964381355523598,1.9509140929283453,0.0938212156295776,0.2666801050305366,0.9862258791923524
2,37,76.0,0.4867393007286467,0.4090476395236457,1.6238049075849803,1.9270150584784167,0.0714850269258022,0.2695379316806793,0.8062496900558471
2,37,77.0,0.5390272611542423,0.4160703535800285,1.5939495440347384,1.8526498811286796,0.1036707505583763,0.3098471760749817,0.8484550893306733
2,37,78.0,0.4818108717253835,0.3572132434845283,1.5419379350734732,1.861645529841819,0.060916219651699,0.2147084891796112,0.8710325062274933
2,37,79.0,0.4668091815750443,0.3394674902124592,1.5641977796312894,1.8729578612143531,0.0542739257216453,0.2287322431802749,0.9271741032600402
2,37,80.0,0.4936729223169565,0.359482121121053,1.5426493715821652,1.8431818143666137,0.0555335443466901,0.1652886778116226,0.6676657974720002
2,37,81.0,0.4916004685248915,0.3626760032623035,1.5183230178398,1.8344558658655623,0.0314065251499414,0.1863065540790557,1.0979480564594268
2,37,82.0,0.5129118262212068,0.3658776151036213,1.5138754505395424,1.8271536157842267,0.0611372137442231,0.3151727482676506,1.224223330616951
2,37,83.0,0.5337666736979217,0.4039815555101932,1.49078161918629,1.860740389740258,0.030655150860548,0.1686515390872955,0.8394131422042846
2,37,84.0,0.4997067842593072,0.3859067721780569,1.518770550426684,1.8667257285257528,0.0475183647125959,0.2146245658397674,0.7344072163105011
2,37,85.0,0.5201680959406765,0.4044462274338435,1.499684454172443,1.8186157851191287,0.0283905962482094,0.119916757941246,0.4511995375156402
2,37,86.0,0.5140046187404462,0.4038978991281622,1.4836539078874198,1.8113928510431656,0.0478437878191471,0.1612926676869392,0.6436979293823242
2,37,87.0,0.5554969573237823,0.4370736694362855,1.4719851834964566,1.8106590990434608,0.0472887199372053,0.183757309615612,0.8446713745594024
2,37,88.0,0.5694923046365771,0.4324919340205717,1.456428813655474,1.802400277371992,0.0371566543355584,0.1796837419271469,1.0658236682415008
2,37,89.0,0.6028081862142641,0.4312605569668262,1.4395836642843474,1.7797318452980089,0.0465416420251131,0.2357964321970939,1.2463757514953613
2,37,90.0,0.5602173345897021,0.3913050009702486,1.4372306251154077,1.8040330730683625,0.0366039641201496,0.2113647401332855,1.0210311591625214
2,37,91.0,0.5671864963811575,0.3767530786493634,1.4675010691376922,1.8290415054176288,0.0783004105091094,0.3729268476366997,1.2736976981163024
2,37,92.0,0.5515977342903865,0.3948015896642058,1.5029059148903712,1.8680396644692672,0.0444036964327096,0.2067531555891037,0.8492561221122742
2,37,93.0,0.5585658514970081,0.3779342658115878,1.5273342857583925,1.8228265067987277,0.0685658320784568,0.2798251137137413,1.1122874915599823
2,37,94.0,0.5909389917557378,0.4922155265615018,1.4666560716331587,1.7519495501155742,0.0422979410737752,0.1735521510243415,0.79357830286026
2,37,95.0,0.5777853092870633,0.4690525136055321,1.4270739085957789,1.756430066816988,0.0366799738258123,0.205780927836895,0.92267085313797
2,37,96.0,0.6061180098824578,0.473816875490637,1.4209367476011578,1.7523304907202024,0.0419773463159799,0.199389474093914,0.8864990532398224
2,37,97.0,0.6101903959977063,0.4597252739377352,1.4029503305520696,1.749781766830132,0.0421966299414634,0.2010730057954788,0.8843261450529099
2,37,98.0,0.5843131734186687,0.422336663522809,1.3990351433410049,1.7544421340987,0.0554431397467851,0.2105674535036087,0.7632704436779022
2,37,99.0,0.5483969385458848,0.4261554228078996,1.4161554414626452,1.7850659576772947,0.0652041871100664,0.2624454990029335,0.8827100276947022
2,37,100.0,0.5394077831223817,0.4337267526218764,1.4265179978011877,1.7780391960813289,0.0792950414121151,0.3417194068431854,1.2876673102378846
2,53,1.0,0.0773287063100138,0.0527574277574277,2.490430800305937,2.4821737244812367,0.0028823409928008,0.0189237839542329,0.110434029623866
2,53,2.0,0.0948502777389587,0.0741249491249491,2.476472889470775,2.478680681764034,0.0064920330187305,0.0493431339040398,0.2552356898784637
2,53,3.0,0.1351404828995869,0.0763125763125763,2.46648518058524,2.4748437237321284,0.0019236987645854,0.0124019172042608,0.083045645058155
2,53,4.0,0.1266566025155703,0.088013838013838,2.4557501377418025,2.4709523170315038,0.0094248670618981,0.1042370622977614,0.5862934112548828
2,53,5.0,0.1211899853927617,0.0903222934472934,2.445239079161229,2.4663404052020512,0.0041424565017223,0.0253108210861682,0.1364964663982391
2,53,6.0,0.1310503878870928,0.1074353886853886,2.435374383573179,2.4612062033156903,0.0030759931745706,0.0203008248470723,0.1149779140949249
2,53,7.0,0.1489537446688875,0.100821632071632,2.4239015109822533,2.457346953843769,0.0153449635487049,0.1079600408673286,0.4869254380464554
2,53,8.0,0.1387297289757164,0.1051269332519332,2.411540611445555,2.453330615807695,0.0040082084946334,0.0284727565944194,0.1377745404839515
2,53,9.0,0.136134511644997,0.1265453296703296,2.400456974148518,2.448388848388404,0.0128048574086278,0.1083878464996814,0.6494350016117096
2,53,10.0,0.1395559208590892,0.1377060439560439,2.387602203770688,2.444299299117417,0.0145069567020982,0.0718045759946107,0.3919394433498382
2,53,11.0,0.149927548054494,0.1324977106227106,2.3771360771000736,2.4384145234760486,0.0044372837117407,0.025598145648837,0.1317408084869384
2,53,12.0,0.1610468399446919,0.1436584249084249,2.367665684943543,2.4312621083175925,0.0118147009983658,0.0908092226833105,0.4528462037444115
2,53,13.0,0.1770193194111526,0.1432615995115995,2.3565944737625864,2.42028922644275,0.017800579406321,0.1150425419211387,0.4929136008024216
2,53,14.0,0.1889412402365086,0.1659302503052503,2.3465910487704806,2.410234791493555,0.0141056306660175,0.061829125136137,0.2739722087979316
2,53,15.0,0.1802783608758616,0.1714247557997558,2.3320178111859,2.400149755310594,0.0127847447991371,0.0660892222076654,0.3420234024524688
2,53,16.0,0.1872609765319798,0.1535676129426129,2.318943469845064,2.3917625187433256,0.0175390873104333,0.1120235804468393,0.4845719099044799
2,53,17.0,0.1992306594276255,0.1796588827838827,2.3027658058188814,2.38172681986937,0.019588064821437,0.120222683250904,0.8935617506504059
2,53,18.0,0.168934586196684,0.1398809523809523,2.296855801030209,2.3807541487509742,0.0111993972212076,0.05748727992177,0.3022152811288833
2,53,19.0,0.1817015169909043,0.1398809523809523,2.2916319639826845,2.3713891018203825,0.0226610349491238,0.1213733352720737,0.6365610390901566
2,53,20.0,0.2008372544515118,0.170795177045177,2.274781032844826,2.3572850603806343,0.0333248291164636,0.1358613342046737,0.6266539096832275
2,53,21.0,0.2275467741861353,0.184118080993081,2.257219052454184,2.349569730591356,0.0325014594011008,0.161507748067379,0.752522525191307
2,53,22.0,0.210627842253415,0.1839834117407646,2.2506637340865403,2.3511554706863493,0.0226054454222321,0.0808049045503139,0.2615669637918472
2,53,23.0,0.2139644717209276,0.2099973963944552,2.241740707300792,2.334292646039996,0.0116250112303532,0.0433035932481288,0.1947621136903762
2,53,24.0,0.2202697464465205,0.2321471216691805,2.2145333945402625,2.3138964343489263,0.0296059416607022,0.1340094290673733,0.5795471251010895
2,53,25.0,0.234529128426526,0.2201961233211233,2.1938658587881466,2.298441621992323,0.0202035677619278,0.0774680353701114,0.3762718796730041
2,53,26.0,0.2353089977254705,0.2041170634920635,2.178575061682837,2.2856779907181948,0.0204224216751754,0.0853347770869732,0.5179261207580567
2,53,27.0,0.2460123748993635,0.2100694444444444,2.164257290302894,2.268357520912126,0.0094793950236635,0.0391693405807018,0.1914649754762649
2,53,28.0,0.2540329563247699,0.2169173759247289,2.145200339441876,2.2493498576314828,0.0097976035671308,0.0414306499063968,0.1995914757251739
2,53,29.0,0.2710789860348277,0.2472592562666092,2.124056945767319,2.2372927791193917,0.0104161745868623,0.041707831248641,0.189068142324686
2,53,30.0,0.2607877663569086,0.2483707264957264,2.1027303590179653,2.2209690899876824,0.0319020120427012,0.2190190590918064,1.1937925964593887
2,53,31.0,0.233970500578211,0.2066391941391941,2.0892733663146257,2.229315840012846,0.0086018831236287,0.0376319747418165,0.1801877997815609
2,53,32.0,0.2341477428686728,0.1999836152409682,2.099147371381347,2.220509471949081,0.0141368573531508,0.0632510751485824,0.2881498828530311
2,53,33.0,0.2582037769489476,0.2497153989801048,2.082263009590015,2.187748051526253,0.0136652190238237,0.0625146247446537,0.3189103990793228
2,53,34.0,0.2882279079945592,0.3026190925087984,2.046857440913165,2.1624025726876064,0.0345000881701707,0.1522523418068885,0.7441141575574874
2,53,35.0,0.2767342312460658,0.2644284636931696,2.0258058778956154,2.1602518419076127,0.0450755141675472,0.1495286040008068,0.6626855224370957
2,53,36.0,0.2712149734143259,0.2631482198142414,2.019614380470261,2.154539986660606,0.0127750225365161,0.0494965686462819,0.2297210454940796
2,53,37.0,0.3162944322409809,0.2925828664799253,2.005928265421014,2.1036747519732915,0.0679905949160456,0.2403635822236537,0.8171061038970947
2,53,38.0,0.3643811182952987,0.3445946872901207,1.9789660725212468,2.091350643258346,0.0141878433525562,0.0501865308731794,0.2147247869521379
2,53,39.0,0.3897756446833278,0.332542088472816,1.984560272963191,2.0840399962419656,0.0425084270536899,0.1668897151947021,0.8093412756919861
2,53,40.0,0.349055535722179,0.3288629875026934,1.9565059013998765,2.090099174376817,0.060749533586204,0.21872643455863,1.1389198184013367
2,53,41.0,0.3036390835225513,0.2874034870358399,1.9512460822018036,2.13478504147446,0.0186397069133818,0.0602276027202606,0.245990639925003
2,53,42.0,0.2791344934655451,0.2571837068160597,1.9735880074677643,2.126428736580743,0.0345526173710823,0.1177443802356719,0.4371971487998962
2,53,43.0,0.3335013748688198,0.2741192749029436,1.9430106425145917,2.0717007807123733,0.040469417721033,0.1736815541982651,0.9156406164169312
2,53,44.0,0.3796889341541232,0.288235294117647,1.9007559566237544,2.045273828227617,0.0476569024845957,0.1547366246581077,0.5363327920436859
2,53,45.0,0.3568594394012396,0.2884633458646616,1.9129038970140453,2.0474319722917347,0.0373911194503307,0.1692991569638252,0.8340593636035919
2,53,46.0,0.3691696081130131,0.3130908357495044,1.896365847039176,2.027752427329794,0.051989733800292,0.2128364771604537,0.913953161239624
2,53,47.0,0.3729888818185168,0.3012979989566677,1.857989449714824,2.0446165082050345,0.0124793089926242,0.0573884260375052,0.2553454160690308
2,53,48.0,0.3811729567018069,0.2957251726601572,1.8659188707901952,2.029193407610843,0.0393927548080682,0.2008176460862159,0.9156362473964692
2,53,49.0,0.4079362516960588,0.3083719739582742,1.8355604691347416,1.9983848493698744,0.0399825414642691,0.2083189271390438,0.8436910331249237
2,53,50.0,0.4165085329762794,0.2829704469507101,1.813912820165385,1.983353052222938,0.0393607473000884,0.1726916752755642,0.8177478402853012
2,53,51.0,0.4481969459942105,0.2960812468262159,1.8203063894201208,1.984093349579482,0.0318857496604323,0.1504886917769909,0.547783225774765
2,53,52.0,0.4863022137314214,0.3297234098317689,1.8080907425685235,1.9636948896430388,0.0300512503832578,0.170631830394268,0.7836460411548615
2,53,53.0,0.4800662467748773,0.3092462884839046,1.7764475919582223,1.9649396772273104,0.06099339351058,0.2399239681661129,0.8592985093593597
2,53,54.0,0.4340815972809025,0.3005361450698138,1.7750884108608462,1.999803870742084,0.076014219596982,0.3029883563518524,1.3705934822559356
2,53,55.0,0.4345044046177125,0.3248200275386808,1.7716049534535547,1.9687397940117013,0.0346263326704502,0.1358083620667457,0.4811314642429352
2,53,56.0,0.4467704365891896,0.3719350262597167,1.7709250826584666,1.946995829281054,0.0705576553940773,0.294981324672699,1.5352847754955292
2,53,57.0,0.4569265812912548,0.2967551561785308,1.7455257876807022,1.9805004276030245,0.0635801114141941,0.1886412814259529,0.6262061357498169
2,53,58.0,0.4494052573779417,0.3158900346013349,1.7511644804919209,1.9628689449433,0.0331824582070112,0.1215999811887741,0.4502988338470459
2,53,59.0,0.4620549383411552,0.3334408049094581,1.7299949060871356,1.935349674949869,0.0373408373445272,0.1842885836958885,0.9267926275730132
2,53,60.0,0.4852441175817409,0.357554917491063,1.696879775668213,1.9178339159279536,0.0505956282839179,0.1926485493779182,0.8513322830200195
2,53,61.0,0.4803468089266238,0.3503222926597539,1.69738267039695,1.9217964696605303,0.0936996007338166,0.4272014558315277,1.305569440126419
2,53,62.0,0.427913966080254,0.3465874653955149,1.6984753817842717,1.9941975512699772,0.0231889752671122,0.0931866541504859,0.3506757915019989
2,53,63.0,0.4219859122468737,0.3380932416826379,1.7362431327269556,2.005163113276164,0.0417713575065136,0.1672705397009849,0.6227100193500519
2,53,64.0,0.4849123221318919,0.3438150625747374,1.7239151753877338,1.952872285368847,0.0901514142751693,0.3985560238361358,1.3449382185935974
2,53,65.0,0.414060108669888,0.3169549297451774,1.6934797289775827,1.9664225550422887,0.0520494859665632,0.2198243051767349,1.042146807909012
2,53,66.0,0.4212757066052536,0.3386959968422817,1.7545304310019718,1.9661620688020136,0.0636437378823757,0.2745586693286895,1.4860285460948943
2,53,67.0,0.4320789702004861,0.3584660416123264,1.7236522103843168,1.922189819882488,0.0731671560555696,0.2281139895319938,0.7985733628273011
2,53,68.0,0.4584637187221743,0.3476256038852787,1.6848847870705883,1.90749618602775,0.0414937689900398,0.1479790732264518,0.6269992172718049
2,53,69.0,0.4962298461763383,0.3438649650143457,1.6545996958749336,1.892310781088489,0.0385340835899114,0.1970827743411064,1.0641669392585755
2,53,70.0,0.5015379456133131,0.3579155830123322,1.628400086659437,1.891331906207124,0.0524654790759086,0.3807518854737282,1.4326947391033171
2,53,71.0,0.5400167893457822,0.373516267730664,1.6127283380277906,1.8602631663718416,0.0653484120965004,0.3072454661130905,1.171412420272827
2,53,72.0,0.4984241641945359,0.3923498611095359,1.6052488541742511,1.8799405014305783,0.0733657840639352,0.273987765610218,0.8461230039596558
2,53,73.0,0.5312995035397029,0.4160163480596917,1.619169425778454,1.8603140296991805,0.0647705104202032,0.319295397400856,1.205050379037857
2,53,74.0,0.4809906777403309,0.3598072489229609,1.598256374892668,1.8884248454668369,0.0791865626350045,0.32756939381361,0.9908395648002624
2,53,75.0,0.4476977541890947,0.3292769812603404,1.6199052252499913,1.9195576808605972,0.054984263703227,0.1725859239697456,0.6209996521472931
2,53,76.0,0.4212103414292331,0.322464811948171,1.6350353914975655,1.9177896105058008,0.043476777523756,0.1780577510595321,0.7698008716106415
2,53,77.0,0.4494723286536766,0.3308807660491097,1.6227104342007033,1.8840297230503016,0.0402829967439174,0.1831636279821396,0.8401599943637847
2,53,78.0,0.5260793929105894,0.4265052242219425,1.5736029821994475,1.818437137101826,0.0567658685147762,0.2394695073366165,0.8637358188629151
2,53,79.0,0.5522010592568309,0.411218980394677,1.5481240498392206,1.820722386850948,0.0580059992149472,0.279811230301857,1.2309928476810454
2,53,80.0,0.4916141996858978,0.3934285618205897,1.5636648034956488,1.8442473062994884,0.0603671625256538,0.181879299879074,0.6426821023225784
2,53,81.0,0.4816715789434878,0.3798156700826979,1.580511866954335,1.858595058234812,0.0591227643191814,0.2668199017643928,1.1016379952430726
2,53,82.0,0.5399473573502243,0.4038979621313212,1.5610690405029537,1.8609975234806888,0.0458170946687459,0.1567859813570976,0.5965916633605957
2,53,83.0,0.5296322502978313,0.4018318483488761,1.5389720187549705,1.8632389125768205,0.0394158404320478,0.1878357127308845,0.8468929648399353
2,53,84.0,0.5481823227981377,0.4418100618565015,1.5328023857772932,1.8329175083260787,0.0299463778734207,0.1577329769730568,0.9240163147449494
2,53,85.0,0.5610820805582196,0.4576003427686865,1.5130559617315815,1.8039912738298116,0.0407632382586598,0.203597754240036,1.0054676055908205
2,53,86.0,0.5585967554982852,0.4299828214011651,1.4888205003087749,1.789997841182508,0.0501476570963859,0.2513143837451935,0.983045357465744
2,53,87.0,0.5491074170476715,0.4045703830340053,1.4863779679608855,1.811323603691413,0.0518297296017408,0.2505579262971878,0.8282697588205338
2,53,88.0,0.5707111098655658,0.4137973098596164,1.503978340714066,1.7925758103878178,0.0697244212031364,0.3622222557663918,1.1035085320472715
2,53,89.0,0.5780246658771366,0.4597237894258017,1.4708446134135968,1.7655775282118056,0.0545292764902114,0.2517064943909645,1.211679708957672
2,53,90.0,0.5412880014154858,0.4188018555375366,1.4684233251835634,1.8052899161277456,0.0358027458190918,0.1528255730867385,0.6308680027723312
2,53,91.0,0.545587694941661,0.4131062439595721,1.491230613306949,1.783576830785874,0.0536196555942296,0.2059261962771415,0.8288097441196441
2,53,92.0,0.5715435792846113,0.4315953085012682,1.4635047252647593,1.748454673945555,0.0554522030055522,0.2754967018961906,1.0168127119541168
2,53,93.0,0.5519964350576069,0.4199891382553921,1.4359635716525667,1.7660542182755052,0.0583823930472135,0.1777971744537353,0.6086746573448181
2,53,94.0,0.5513775822613838,0.4246545300531368,1.4484556303967742,1.7813644388265777,0.0398523371666669,0.1707079291343688,0.6127303779125214
2,53,95.0,0.5668844198278994,0.4498650747973503,1.4437323190547802,1.7514777427528336,0.0359536658972501,0.1375344961881637,0.5664829611778259
2,53,96.0,0.5834118915338788,0.4566188874335159,1.415132497718692,1.727018439978884,0.0405256900936365,0.2050513833761215,0.9317529439926148
2,53,97.0,0.6056305150437797,0.4367914585987342,1.398212129144873,1.717796862473962,0.0281893953680992,0.1359439328312874,0.4813608944416046
2,53,98.0,0.6078717845608171,0.4153420016229614,1.3873948825497842,1.715424791414138,0.0319363981485366,0.1538857385516166,0.7862826347351074
2,53,99.0,0.6065032099966868,0.4550347793188351,1.3759985451112713,1.7225861033500984,0.0437373114749789,0.200504895299673,0.89127436876297
2,53,100.0,0.6038818335714469,0.4573199038949813,1.37852663347828,1.732536840857121,0.0486049886792898,0.2120592519640922,0.7716754585504532
2,71,1.0,0.0807185499391225,0.0925925925925926,2.477497880686561,2.478981397305316,0.0106117306277155,0.094143765233457,0.5684875890612602
2,71,2.0,0.08130081300813,0.0885416666666666,2.466221046261853,2.475607779988072,0.0038156381808221,0.0265386164188385,0.1325823590159416
2,71,3.0,0.0851851851851851,0.0885416666666666,2.4589090877109103,2.4727012637065866,0.0029991148272529,0.0290479358285665,0.1541325896978378
2,71,4.0,0.0830014932802389,0.0833333333333333,2.4518386030290094,2.468266852417885,0.0027525341371074,0.0222484461963176,0.123770804144442
2,71,5.0,0.08130081300813,0.0833333333333333,2.4421710642690084,2.4655242886459616,0.0092546085361391,0.0857435017824173,0.5599829599261283
2,71,6.0,0.0811201445347786,0.0892857142857142,2.433246805421558,2.4634752705780385,0.0076816647313535,0.076943189650774,0.4415974169969558
2,71,7.0,0.0862127371273712,0.0892857142857142,2.425612055070219,2.461407975146645,0.0051347044762223,0.0519069653004407,0.2638908892869949
2,71,8.0,0.0900552456322435,0.1063988095238095,2.4173553896229167,2.4584183609276486,0.0030321802943944,0.0264576122397556,0.1524970829486847
2,71,9.0,0.1214647420188741,0.1050251831501831,2.408320641657065,2.454177913610001,0.0074159284587949,0.056644744426012,0.2600478306412697
2,71,10.0,0.1349499497876184,0.1355311355311355,2.398875707771346,2.446838737231249,0.0121241170447319,0.1031021453440189,0.5631971508264542
2,71,11.0,0.1646384408214649,0.1679830586080586,2.3877124358803674,2.4409569606446384,0.0097753122448921,0.0704369414597749,0.3277618795633316
2,71,12.0,0.1857860642671414,0.1826923076923077,2.3791404778962013,2.4348795776478727,0.0137156890705227,0.0904521647840738,0.4586397439241409
2,71,13.0,0.1783835819976379,0.1883585164835165,2.3672234050014564,2.425551860653169,0.0099294577725231,0.086634225025773,0.5070011243224144
2,71,14.0,0.1743494196819591,0.1712454212454212,2.358479776112889,2.4170851902654995,0.0147504097316414,0.1273794423788786,0.6064493387937546
2,71,15.0,0.1732235151383392,0.1398809523809523,2.350255121729295,2.411220843331856,0.0051887308247387,0.0327356209978461,0.1569023929536342
2,71,16.0,0.170850829953154,0.1546957671957672,2.3383727445472284,2.403806920637164,0.0046089553579804,0.0320753707259427,0.1436677753925323
2,71,17.0,0.199913577190664,0.1848099816849816,2.322696491524025,2.393519663671304,0.0149130824021995,0.1277343742549419,0.6295378923416137
2,71,18.0,0.2332388271935078,0.2316341066341066,2.304129276126913,2.383530983450817,0.0253490571863949,0.1696806393563747,0.8107584953308106
2,71,19.0,0.2416097419767076,0.2201465201465201,2.2905101181238483,2.377749779071027,0.0270801875740289,0.1264792121946811,0.7602627366781235
2,71,20.0,0.2544501020003553,0.2305544333117862,2.2829832891274613,2.3647206359439426,0.0169748391024768,0.0778091639280319,0.3215224862098694
2,71,21.0,0.2495555503519017,0.2357131634705164,2.2741356876626115,2.3562240809725044,0.0316798545420169,0.1239002294838428,0.5894364893436432
2,71,22.0,0.2358672213063235,0.2112446581196581,2.2624602684965374,2.354781793572052,0.0171950493007898,0.068224111944437,0.239043790102005
2,71,23.0,0.2332397368009568,0.2036935286935287,2.2509915935598155,2.3440981190107024,0.0108943950384855,0.0466551702469587,0.1783520258963108
2,71,24.0,0.2272004482477911,0.232061457061457,2.2304850252051103,2.331528889505486,0.0287623778916895,0.1624493151903152,0.7550950437784195
2,71,25.0,0.1679831633262941,0.1502098595848595,2.2127452380011188,2.340643154947381,0.0189789736643433,0.0958525188267231,0.4793359875679016
2,71,26.0,0.1790971002631222,0.1513011294261294,2.218449769196687,2.333365914417289,0.0359330395236611,0.1456209413707256,0.4736285656690597
2,71,27.0,0.218761752305684,0.1920914733414733,2.1996840668468214,2.309015194574992,0.040632340312004,0.1407169491052627,0.5783581048250198
2,71,28.0,0.260593758505451,0.2184638278388278,2.1735536001811484,2.284910723479868,0.0204504575580358,0.1179446332156658,0.5057341933250428
2,71,29.0,0.2989135101840748,0.2810900428547487,2.161240465227391,2.2725145830745586,0.037459072843194,0.157891746610403,0.6332690984010696
2,71,30.0,0.3258178809466323,0.2833093173166702,2.159361598087333,2.270780242674532,0.0357726303860545,0.1308547466993332,0.6809947639703751
2,71,31.0,0.300988215185042,0.2856112637362637,2.143036807954428,2.263320627268295,0.0151202300563454,0.0505296021699905,0.2086741983890533
2,71,32.0,0.3099397912320425,0.2651302401302401,2.1242284096240067,2.2600477369208085,0.0418003754690289,0.1837252587080002,1.126510053873062
2,71,33.0,0.2791172874714863,0.2515160765160765,2.1024721342685395,2.271047444371452,0.0294928163290023,0.1153490200638771,0.7509546250104904
2,71,34.0,0.2622425834562857,0.2306827431827431,2.105986255186576,2.2776854289205453,0.0308026284910738,0.1459540240466594,0.791816645860672
2,71,35.0,0.2549697921209454,0.22756919006919,2.0994580884193583,2.2729545727110745,0.0140222147107124,0.0622778035700321,0.2735262453556061
2,71,36.0,0.2417473906902257,0.2359254171754171,2.0930483750200177,2.265504565155297,0.0311872567981481,0.142027810961008,0.5968998789787292
2,71,37.0,0.2496619802141357,0.2300226393976393,2.08210974780672,2.2525523043515387,0.0421200696378946,0.1164088480174541,0.5436664819717407
2,71,38.0,0.2963169078274912,0.224434015059015,2.058280089677658,2.2238226313340035,0.0192158166319131,0.0711327701807022,0.3075324565172195
2,71,39.0,0.2986370526452754,0.2510098697598698,2.036730630588345,2.206465454826578,0.026234439201653,0.10555419921875,0.5201574265956879
2,71,40.0,0.3494164288049484,0.3059614337187866,2.0228367734838417,2.186813733731097,0.0087227791780605,0.0426718736067414,0.2404768627136945
2,71,41.0,0.3372843215158708,0.2988654863654863,2.006132506952416,2.175003078248766,0.0442650131881237,0.2150019019842148,1.1223131179809571
2,71,42.0,0.3028247692133496,0.2842592592592592,2.005087608017652,2.202785468240928,0.0323747841641306,0.1131771743297576,0.5432724475860595
2,71,43.0,0.3228901047791004,0.3009755291005291,2.0244180184823497,2.174409820322405,0.0468040395528078,0.2633019469678402,1.1601893067359923
2,71,44.0,0.3664413707133421,0.3136391640551857,1.9892357060319037,2.139525400964837,0.0401813646778464,0.1615654461085796,0.8398625552654266
2,71,45.0,0.3709923264008082,0.2685695550149884,1.9824167562042296,2.1487464556219984,0.057308404892683,0.2221291996538639,1.0361274540424348
2,71,46.0,0.3828808595869472,0.2692518162235655,2.003670864402667,2.134290285277785,0.0401297273114323,0.2085982203483581,1.1690178513526917
2,71,47.0,0.3901869504038024,0.2812341625809118,1.9781057170027645,2.118563180778459,0.0206438085064291,0.0950959876179695,0.3182176768779755
2,71,48.0,0.3603361069600309,0.2849502857823291,1.9606349498440183,2.1216457280499195,0.0381413852795958,0.1781915761530399,0.976104348897934
2,71,49.0,0.3540909067967084,0.2704300107357383,1.9617814906159337,2.1397315312547294,0.0302533151581883,0.1547284670174122,0.7760517686605454
2,71,50.0,0.365667598284437,0.2644367801101547,1.9613445709090949,2.1393359028107937,0.0366004506126046,0.148668772727251,0.8946644067764282
2,71,51.0,0.3713362148045636,0.2853459771222929,1.9437113830685384,2.138962464025844,0.0469128528609871,0.1727031961083412,0.7329088270664215
2,71,52.0,0.3769230371714132,0.2894286999550157,1.9179329742000348,2.1225111135962416,0.0366796437650919,0.204993388056755,1.3429560303688048
2,71,53.0,0.3652622317074547,0.2580858529871688,1.9098325853924072,2.122236926653232,0.0479444498196244,0.1766310922801494,1.0253701150417327
2,71,54.0,0.3277279666305365,0.2531929449692607,1.9335145508801492,2.1478625877558835,0.0407668735831975,0.1509299091994762,0.8879118412733078
2,71,55.0,0.3377674961433235,0.2472385557911873,1.9422966320844652,2.131860391438356,0.0385376714169979,0.180435074865818,0.9180365622043608
2,71,56.0,0.3998842758011839,0.2709661439924598,1.901781019411589,2.098154238092969,0.020504298992455,0.0728739812970161,0.3558998674154282
2,71,57.0,0.4132804303291826,0.3225828483665171,1.8736302211270692,2.0810106330447726,0.0228777321055531,0.0844660229980945,0.4378110110759735
2,71,58.0,0.421386388875699,0.3261313831650519,1.8639244324514967,2.0697807359416585,0.0352925270795822,0.1316340550780296,0.6518713265657425
2,71,59.0,0.4207488289558023,0.3079141496904655,1.844573531234473,2.055491982147708,0.0565815048292279,0.1395342051982879,0.6665939033031464
2,71,60.0,0.4217395694930748,0.3185997177773493,1.8353505638840135,2.0569765337726524,0.042547744885087,0.151303493976593,0.7330517649650574
2,71,61.0,0.4275282529495496,0.3413128842405158,1.8262709302511828,2.064140326098392,0.0662196278572082,0.2288086116313934,1.0370010733604431
2,71,62.0,0.3544608447094737,0.2909384170897329,1.8240066048694632,2.112767367335091,0.0390568427741527,0.1038403138518333,0.4207632482051849
2,71,63.0,0.3544034379989394,0.2886566710579868,1.866999365200541,2.110071477834244,0.0511912059038877,0.1777267903089523,0.9106735289096832
2,71,64.0,0.4319138795175181,0.3103281708544866,1.8280631375824037,2.0428875398914714,0.075212912261486,0.2512591227889061,0.9781864047050476
2,71,65.0,0.4249370763582622,0.3032888712165028,1.776655323382242,2.0483078628952742,0.0251322243362665,0.08842763453722,0.5938858807086944
2,71,66.0,0.3839489757336425,0.284659699462331,1.791645497490323,2.055083248350355,0.0368063129484653,0.144866344332695,0.6772356569766999
2,71,67.0,0.4141498486703096,0.3164169418329635,1.7886837532645778,2.013868054451301,0.0502706747502088,0.1207561418414115,0.5179597735404968
2,71,68.0,0.4249534719195966,0.3310306505643193,1.757682120823256,1.9957204792234635,0.0267564345151186,0.1673593036830425,0.8894676327705383
2,71,69.0,0.4374634001073088,0.3388881525394683,1.7490085474928918,1.98417613938538,0.0780960271134972,0.3130000174045563,1.2116058945655823
2,71,70.0,0.3717367551634092,0.3323074135187138,1.7413758952715244,2.04272020490546,0.081028676405549,0.2469383761286735,1.033454328775406
2,71,71.0,0.3809434192547941,0.3160497042946733,1.8034726141953796,2.052813697279545,0.0544220753014087,0.1575204536318779,0.7984803795814515
2,71,72.0,0.4151775785393266,0.3562115050698642,1.7835501123357702,2.0006463890187223,0.0547500077635049,0.1579851657152176,0.7397741675376892
2,71,73.0,0.4593124792616359,0.393234464838567,1.735665960851004,1.969090105497349,0.031429061666131,0.1028181716799736,0.4073460161685943
2,71,74.0,0.4850428894993823,0.3539889150667014,1.702022840637445,1.9594025632791352,0.0382902551442384,0.1540606208145618,0.7292580544948578
2,71,75.0,0.5113218079757152,0.3777690360894695,1.682590274550529,1.945638867149576,0.0202346011996269,0.0846735320985317,0.4866361200809478
2,71,76.0,0.5274978030444208,0.3869996289113935,1.6717238077643322,1.9426108522024768,0.0717487830668687,0.2963480398058891,1.28533416390419
2,71,77.0,0.4725124223668054,0.328161447327469,1.6657041257817378,1.9993415046156495,0.0497420478612184,0.1747915022075176,0.6477755010128021
2,71,78.0,0.4355339913448497,0.3100721378294908,1.7053429664459376,2.0140050607815123,0.0827602908015251,0.2725158229470253,1.2014191329479218
2,71,79.0,0.4520102818596552,0.3137197293447293,1.694767049181531,1.9952700284489413,0.0560650989413261,0.166160599887371,0.7561391651630401
2,71,80.0,0.4584090959522384,0.3148109991859992,1.6918722033268294,1.988800441312511,0.0537618990987539,0.2254463613033294,0.9806065857410432
2,71,81.0,0.4845649891345664,0.3191646316646316,1.6865254182796965,1.9621271173856407,0.0896728318184614,0.2779684916138649,1.397755378484726
2,71,82.0,0.4284928179286944,0.2821341036414566,1.6574531261451528,1.9980313185362788,0.0599212545901537,0.2742756724357605,1.4013590872287751
2,71,83.0,0.3941237677890368,0.2490653205726735,1.7403420537535907,2.067315253597951,0.060173312574625,0.216691854596138,1.0935188591480256
2,71,84.0,0.4311068896547684,0.2841809384572543,1.7650680676770722,2.02432568240584,0.0700342163443565,0.2772651463747024,1.2451460540294648
2,71,85.0,0.4852197272697772,0.3385460178223336,1.6911798794599535,1.9699130204685948,0.0684671092778444,0.2430852547287941,0.9732403755187988
2,71,86.0,0.5171079621141763,0.345494813422445,1.6413473495033517,1.9550546707465637,0.0302192253991961,0.132779686152935,0.8009504973888397
2,71,87.0,0.5060041771313838,0.3479942511192511,1.6325371088805023,1.9488860563925132,0.0487123535946011,0.1886656239628791,0.817292794585228
2,71,88.0,0.5106855000066751,0.3366414835164835,1.6327751705288656,1.9566431289527848,0.0270300157368183,0.1010384783148765,0.3691853940486908
2,71,89.0,0.5114282561350789,0.3538156288156288,1.6285698948315477,1.9388055187916893,0.0675307173281908,0.1644363731145858,0.6526113271713256
2,71,90.0,0.5198358409843652,0.3579124919198448,1.6040681358898825,1.9023301287701253,0.0384086992591619,0.1920315742492676,1.0037709772586825
2,71,91.0,0.5583900804781934,0.4166066640331345,1.564444580970452,1.8751307579509,0.0482581147924065,0.1548213601112365,0.5769436299800873
2,71,92.0,0.5418901287091064,0.3876604808590103,1.5590723443914345,1.876900701494942,0.0476259710267186,0.1898067608475685,0.806027528643608
2,71,93.0,0.5674896201296317,0.405292501616031,1.550071544814528,1.85751361805096,0.0488300276920199,0.2389269098639488,1.197848215699196
2,71,94.0,0.5518664679392572,0.4183410661835584,1.5332096045942103,1.853922028290598,0.0800396876409649,0.2675617888569832,0.8930195242166519
2,71,95.0,0.5338358327238706,0.3843422304819364,1.5303001977779247,1.8604717596232545,0.0382432175800204,0.2123329877853393,1.1144277095794677
2,71,96.0,0.4988835631985577,0.3592288838612367,1.5456415312564395,1.8764579344911183,0.0694126769900322,0.249643850326538,0.9412937045097352
2,71,97.0,0.5057901190205963,0.3532268997342527,1.556156722890471,1.8654621783752887,0.0839346248656511,0.1917059615254402,0.7720142126083374
2,71,98.0,0.5173315162373382,0.369934416074122,1.5380733752111246,1.8564618163638644,0.0514198159798979,0.1967594221234321,0.8610692024230957
2,71,99.0,0.5061225666032884,0.3835587035083939,1.5201309080477114,1.847016137245803,0.0370586981996893,0.1559236980974674,0.5142125338315964
2,71,100.0,0.5299485978683466,0.3835587035083939,1.5149954068265696,1.843760703739367,0.0448727527633309,0.1874200537800789,0.8120514810085296
3,11,1.0,0.0903874160205244,0.0948283538357067,2.488751769065857,2.480409030353322,0.0032172484789043,0.0327179366722703,0.1750858277082443
3,11,2.0,0.1150530509597156,0.1208066239316239,2.467551946640014,2.465884758444393,0.0033897830871865,0.0296829710714519,0.1631972230970859
3,11,3.0,0.1117501127631604,0.1200129731379731,2.4497532844543457,2.452826642990112,0.00362763175508,0.0292492974549531,0.1658361926674842
3,11,4.0,0.1033858233882327,0.1179563492063492,2.4353206753730774,2.439265826169182,0.0038293933612294,0.0292509943246841,0.1969890296459198
3,11,5.0,0.1049316003063501,0.1004960317460317,2.417897880077362,2.426911732729744,0.0033559168223291,0.0259183212183415,0.1559824496507644
3,11,6.0,0.0992041953236259,0.1004960317460317,2.4040390849113464,2.415326323228724,0.0040591492434032,0.0349966343492269,0.2190460972487926
3,11,7.0,0.1047082943991536,0.105704365079365,2.39220267534256,2.404328545402078,0.004728487052489,0.0357031431049108,0.2026511617004871
3,11,8.0,0.1176953866719601,0.1288308913308913,2.3778688311576843,2.3911997149972355,0.0047067603445611,0.0335199460387229,0.1797710172832012
3,11,9.0,0.1412563680748868,0.1368894993894993,2.364459455013275,2.3796737390405998,0.0053149892482906,0.0407090922817587,0.2028529681265354
3,11,10.0,0.1531057938856886,0.1522081268404797,2.34803569316864,2.366795307047227,0.0043533929856494,0.037606693804264,0.1939504854381084
3,11,11.0,0.1762598299469082,0.1792766465560583,2.3312984108924866,2.3519128827487723,0.0060773239238187,0.036624738946557,0.1900233589112758
3,11,12.0,0.1821637962864147,0.1803925445469563,2.314192473888397,2.3374073000515208,0.0059757193084806,0.0373699311167001,0.1738950759172439
3,11,13.0,0.1969905908952539,0.1784874235241882,2.295898199081421,2.3216129779815677,0.008274505380541,0.0484053967520594,0.227698091417551
3,11,14.0,0.1949123095008631,0.2016139497757144,2.2763959169387817,2.3059002315296846,0.0065224645659327,0.0422166092321276,0.2006937861442566
3,11,15.0,0.2120817935040635,0.1914726205167381,2.256906032562256,2.2873555071213665,0.0065347225172445,0.0437904093414545,0.2279993072152137
3,11,16.0,0.2088989155999312,0.2138550991492168,2.2343244552612305,2.267092606600593,0.0070435144007205,0.0413037221878767,0.1930705197155475
3,11,17.0,0.2220320387678976,0.2249662102603279,2.2116870880126958,2.249069553263048,0.006256453692913,0.0439483541995286,0.2350539863109588
3,11,18.0,0.2314481464614906,0.2226195985387161,2.1912567019462585,2.237430275187773,0.0110019041458144,0.0548150073736906,0.2262768857181072
3,11,19.0,0.2680139956665274,0.248947437366555,2.1667827367782597,2.214886822420008,0.0102973440662026,0.0553773744031786,0.2503398396074772
3,11,20.0,0.2755779868931325,0.2526544941986118,2.1443079710006714,2.1953249594744517,0.0097115724347531,0.0573834981769323,0.2607899308204651
3,11,21.0,0.3122302498368181,0.2606634990826167,2.1145315766334534,2.179688773435705,0.0111481635831296,0.056355238892138,0.2420480884611606
3,11,22.0,0.3264962772995244,0.2598087982279158,2.089300751686096,2.160756071876077,0.0089966394007205,0.049124851822853,0.2392265871167183
3,11,23.0,0.3495571107503052,0.2629768923886571,2.0613739490509038,2.14176282602198,0.0090459508355706,0.0500281006097793,0.2406551800668239
3,11,24.0,0.3677185548284221,0.2789491146108793,2.033274322748184,2.1191586382248824,0.0089632535818964,0.0526275467127561,0.242678016424179
3,11,25.0,0.3905569174032366,0.2904074479442126,2.0070387423038483,2.1020979684941907,0.0094298648182302,0.0555427214130759,0.2547857090830803
3,11,26.0,0.4021411400108857,0.3140823025014201,1.9781011939048767,2.082744533875409,0.0099916963372379,0.0572909358888864,0.2530524022877216
3,11,27.0,0.3944675754884073,0.3011102867720515,1.9482727348804476,2.0635471512289607,0.0083276822697371,0.0538571998476982,0.2750773839652538
3,11,28.0,0.4119527782371581,0.318631654293419,1.918291985988617,2.043360541848575,0.0103763188235461,0.0666359569877386,0.2961976379156112
3,11,29.0,0.4170852829841636,0.3011102867720515,1.8878691494464876,2.023360356162576,0.0123488139361143,0.0713592935353517,0.3331293538212776
3,11,30.0,0.4466771224344061,0.3323068679686327,1.8550932109355929,2.0059788325253654,0.0109472863841801,0.0629072953015565,0.2576960399746895
3,11,31.0,0.4583730138363542,0.3367013501204678,1.8270706832408905,1.9866978448979995,0.0150211350992321,0.0732610756531357,0.2876962572336197
3,11,32.0,0.4772736289171903,0.3543874018138724,1.798791080713272,1.9613279987783996,0.0141518558375537,0.0723386770114302,0.3060735240578651
3,11,33.0,0.4824088984013737,0.359124678426149,1.7717776000499723,1.958949059598586,0.0157945624087005,0.0840969737619161,0.2964136675000191
3,11,34.0,0.4955425320924987,0.3958403932668639,1.7382627427577972,1.925217800981858,0.0114946784451603,0.0610028970986604,0.258038017898798
3,11,35.0,0.5181008967021644,0.3707432681697387,1.710911065340042,1.917795077492209,0.0153474505059421,0.0745436493307352,0.2795426324009895
3,11,36.0,0.5272553639925203,0.3938201912466618,1.6839398741722107,1.898692098785849,0.0140793563332408,0.0680047990754246,0.2443524561822414
3,11,37.0,0.5296961003922231,0.4013959488224194,1.6601473093032837,1.8806031297234929,0.0151536471676081,0.0734110502526164,0.2769288830459118
3,11,38.0,0.5365798753227399,0.3707841178429413,1.6296817362308502,1.8782783957088696,0.0164228293579071,0.0832873992621898,0.2754162438213825
3,11,39.0,0.5420854518213477,0.4042777075865311,1.606591284275055,1.8475756406784056,0.0159597862511873,0.0850733211264014,0.3003920689225197
3,11,40.0,0.5497519676845424,0.3938201912466618,1.577698051929474,1.8291948725195493,0.0121343564242124,0.0761462394148111,0.300632894039154
3,11,41.0,0.562502280855198,0.406133225434696,1.5496054887771606,1.819467659557567,0.013772132107988,0.0764683727174997,0.3066369220614433
3,11,42.0,0.5865747981723962,0.4101804853643089,1.526687115430832,1.7928256848279167,0.0163976985495537,0.0986441178247332,0.3505017384886741
3,11,43.0,0.5879984749684134,0.4165498921013627,1.4979728162288666,1.7819284789702472,0.0192566383630037,0.0903193447738885,0.2798873111605644
3,11,44.0,0.5952958230104423,0.4219097283435519,1.474927693605423,1.7607981106814217,0.0185701451264321,0.0958835016936063,0.3248501904308796
3,11,45.0,0.60424392775123,0.4115426648514884,1.4491094946861267,1.7589482489754171,0.018662029877305,0.0912174694240093,0.2553151771426201
3,11,46.0,0.6109661948458376,0.4198531044119279,1.4230250418186188,1.7368214186500102,0.0161619554273784,0.0901876352727413,0.3176148608326912
3,11,47.0,0.6176744944744796,0.3990339113500878,1.3957127630710602,1.7254788945702946,0.0143038122914731,0.0822571665048599,0.2936443798243999
3,11,48.0,0.6341385012628248,0.4040819882731648,1.3691714107990265,1.718369973407072,0.014679105952382,0.0856230929493904,0.2924927398562431
3,11,49.0,0.6322015914991672,0.4274697116608881,1.349584698677063,1.693548571362215,0.019230774603784,0.105317547917366,0.3355631083250046
3,11,50.0,0.6397893477063541,0.4331244735656501,1.32765194773674,1.6789808932472678,0.0197050792630761,0.1048781014978885,0.3247484713792801
3,11,51.0,0.6597421962762241,0.4235314726123549,1.3021869659423828,1.67766535282135,0.0160783205647021,0.0859765540808439,0.2599262148141861
3,11,52.0,0.6768432591699698,0.459488999562529,1.279973417520523,1.654821502461153,0.0183962958399206,0.0944700706750154,0.2638601548969745
3,11,53.0,0.6703954634668551,0.440454908653438,1.252989023923874,1.652056719275082,0.0143692884594202,0.0848267469555139,0.2733882516622543
3,11,54.0,0.6867289526726846,0.4737257228066051,1.2311193645000458,1.6313251733779908,0.017033135285601,0.1006708666682243,0.2890967354178428
3,11,55.0,0.6835423007730071,0.4691709842445137,1.2097883820533752,1.613711965785307,0.0145129240117967,0.0822221059352159,0.2555520944297313
3,11,56.0,0.6896842538726667,0.460855606811489,1.1881138682365415,1.6075897258870742,0.0180362337268888,0.1054959315806627,0.26918700709939
3,11,57.0,0.697147346335759,0.4663005091313915,1.168026626110077,1.5913933136883904,0.0173499232623726,0.0937376245856285,0.2335160449147224
3,11,58.0,0.7139858939669897,0.468864611695494,1.1435045301914215,1.5901665140600765,0.0156753356568515,0.0914736930280923,0.2752819545567035
3,11,59.0,0.7294444247978609,0.4887169815478638,1.1217640340328217,1.5668234516592587,0.0146245814394205,0.0906428024172782,0.2684053443372249
3,11,60.0,0.7379128634686868,0.4631984029042853,1.101843744516373,1.5798285175772275,0.0176697461865842,0.0960601828992366,0.2442264147102832
3,11,61.0,0.7436364758996162,0.4740729450288274,1.0827438831329346,1.5544857151368086,0.0151783567853271,0.0884875617921352,0.2298927791416645
3,11,62.0,0.7463980712700039,0.4685173894732719,1.0634020566940308,1.5513324050342336,0.0153738602530211,0.0925933551043272,0.257205743342638
3,11,63.0,0.764865029987352,0.4863495573054397,1.042386680841446,1.5347655240227194,0.0167125619482249,0.098120953887701,0.2682815864682197
3,11,64.0,0.7680621874398282,0.4796285005843829,1.0255586057901382,1.5183088905671065,0.0157444761134684,0.105744831264019,0.2837102934718132
3,11,65.0,0.7780248252748067,0.4927598137156961,1.0037999004125595,1.5145103412515977,0.0160773294046521,0.0966587960720062,0.2562077268958092
3,11,66.0,0.774577790723539,0.4870031520766815,0.9867860376834868,1.492545765988967,0.0174285254906862,0.097360236570239,0.2411263212561607
3,11,67.0,0.7856854291004338,0.5038709248268072,0.9726701229810716,1.4889258707270905,0.0207397518679499,0.1308082342147827,0.3044497929513454
3,11,68.0,0.787773341188346,0.4946717906276729,0.9555973559617996,1.4796449731377994,0.020354013191536,0.1104346495121717,0.2434046417474746
3,11,69.0,0.803219416229276,0.4919051128609952,0.9309976398944856,1.466631080122555,0.0178888849914073,0.0983137674629688,0.2575282528996467
3,11,70.0,0.8150911053222196,0.4715088424647247,0.9138625413179398,1.4741920541314515,0.016114612808451,0.1008798200637102,0.2274800352752208
3,11,71.0,0.8261443880828193,0.5070566280125104,0.8958562165498734,1.465150333853329,0.0175747233442962,0.1045849584043026,0.2697362005710602
3,11,72.0,0.820277902651874,0.4976253525885879,0.8823960721492767,1.454457688331604,0.0171923614107072,0.1052831877022981,0.2527424469590187
3,11,73.0,0.8275940495324808,0.4946693625002449,0.8632846623659134,1.455810643644894,0.0130097172223031,0.0813780426979065,0.1976335979998111
3,11,74.0,0.841422649310558,0.5241201200760024,0.8464708477258682,1.4371531949323766,0.0142829047981649,0.0976166687905788,0.2413360439240932
3,11,75.0,0.8393217449883994,0.5161971402780227,0.8326233923435211,1.4420462047352511,0.0181087655946612,0.1178000960499048,0.2348957546055317
3,11,76.0,0.8428302892896266,0.5050364259923084,0.8204834312200546,1.4333594855140237,0.0193377248942852,0.1200573947280645,0.2512794472277164
3,11,77.0,0.8598579838173211,0.5440831431640255,0.8026421368122101,1.4018004711936505,0.0168529446236789,0.104746775701642,0.2587400451302528
3,11,78.0,0.8562086859607061,0.5182173422982247,0.787717878818512,1.4020591763889088,0.0159059674479067,0.1021684259176254,0.2334785498678684
3,11,79.0,0.8532533080053283,0.5178205169013993,0.7734009176492691,1.3928641655865837,0.0165313649922609,0.1028487607836723,0.2335692271590232
3,11,80.0,0.8633284022877397,0.5349922340731165,0.7649374902248383,1.3883393147412468,0.0215273201465606,0.1293230056762695,0.2569915167987346
3,11,81.0,0.8623801150044756,0.5163122212754565,0.7492327243089676,1.3796722650527955,0.0174854833167046,0.1094800289720296,0.2275992818176746
3,11,82.0,0.8823784579231612,0.5363366412998766,0.7367198765277863,1.391491344395806,0.0244246320798993,0.1308866199105978,0.2395236305892467
3,11,83.0,0.8770054789939511,0.5580691571500395,0.7240986078977585,1.369218433604521,0.0205113035626709,0.1144299153238534,0.1881572566926479
3,11,84.0,0.8810258132778336,0.5167950717583071,0.7064042091369629,1.389593542323393,0.0161598098929971,0.1004455685615539,0.2027950547635555
3,11,85.0,0.8981315751200474,0.5463044512676866,0.693809986114502,1.3480988530551683,0.0178146238904446,0.1095195822417736,0.2286852784454822
3,11,86.0,0.9032306427191148,0.5510913310545663,0.6847107261419296,1.366642702327055,0.0202004290185868,0.1151384878903627,0.2360024973750114
3,11,87.0,0.911246515734988,0.5446810746443099,0.673324704170227,1.3486874832826503,0.0175093538127839,0.102157924324274,0.2027533315122127
3,11,88.0,0.9059778954663676,0.5529104269913093,0.6609009355306625,1.355783632222344,0.0181345709133893,0.1158424839377403,0.2343801781535148
3,11,89.0,0.9071648830819268,0.5435155734788087,0.6462921053171158,1.368238639831543,0.0174107577186077,0.1080216765403747,0.2192122153937816
3,11,90.0,0.9147691042575764,0.5480138529770883,0.6367243677377701,1.3509896993637085,0.0155175696127116,0.1007101722061634,0.2108162231743335
3,11,91.0,0.9099353269237992,0.5586670886303239,0.627658411860466,1.3447259173673742,0.0165872774086892,0.1065979041159153,0.2033212631940841
3,11,92.0,0.9130502675387396,0.5351933401565755,0.6165531724691391,1.3342173730625826,0.0149518440011888,0.0957505106925964,0.1947775967419147
3,11,93.0,0.9173846447454572,0.5351933401565755,0.605727806687355,1.336785717571483,0.0160681423731148,0.1114211734384298,0.2149912677705288
3,11,94.0,0.92019294755376,0.5701750251382605,0.5963106453418732,1.3395599168889665,0.0153757813386619,0.0974621064960956,0.1835976019501686
3,11,95.0,0.922483712344525,0.5555896105528458,0.5840976238250732,1.327961418207954,0.0137770818546414,0.0930916033685207,0.1970224827528
3,11,96.0,0.9148233171841298,0.5653881453513806,0.5753268301486969,1.32858546481413,0.0139485569670796,0.0824619885534048,0.1554000303149223
3,11,97.0,0.9220868869476996,0.5642226441858794,0.5647603198885918,1.3299035394892973,0.0144883682951331,0.0934419296681881,0.164054375141859
3,11,98.0,0.923980826341639,0.5559864359496712,0.5554299429059029,1.312263292424819,0.0138079901225864,0.0925910454243421,0.163972221314907
3,11,99.0,0.9223628225959756,0.572653102616338,0.5424979329109192,1.3353192189160514,0.0151445688679814,0.0930178388953208,0.1750014908611774
3,11,100.0,0.924256761989915,0.5662428462060815,0.5355010777711868,1.3118734331691966,0.0167846942786127,0.1144975069910287,0.1894936636090278
3,23,1.0,0.0644583746127596,0.0731559290382819,2.4828445315361023,2.4785828842836266,0.0015816866362001,0.0188513689208775,0.0783059131354093
3,23,2.0,0.0853079024911629,0.0850606909430438,2.4737472534179688,2.4725159925573013,0.0021410555345937,0.0183523676823824,0.0811061188578605
3,23,3.0,0.1010080297870349,0.0616479925303454,2.4642868041992188,2.466326623804429,0.002606910013128,0.0189865580759942,0.0888461228460073
3,23,4.0,0.1051304861891265,0.0619047619047619,2.454104781150818,2.458776190701653,0.0030121654854156,0.0204712701961398,0.0969191864132881
3,23,5.0,0.0968685944165965,0.0841269841269841,2.439882516860962,2.449281072616577,0.003406626114156,0.026415595319122,0.1330911889672279
3,23,6.0,0.1001312469953584,0.0781746031746031,2.4277884364128117,2.438215743794161,0.0042683778447099,0.0275201415643095,0.1432140916585922
3,23,7.0,0.0961019429660544,0.0781746031746031,2.413308978080749,2.429822958216948,0.0038600959815084,0.0236016646958887,0.1291704028844833
3,23,8.0,0.0964503750218035,0.0894868203691733,2.4009629487991333,2.4227640881257897,0.0041251518996432,0.0287621831521391,0.1511501632630825
3,23,9.0,0.1006850953759546,0.0894868203691733,2.389569878578186,2.4176527163561654,0.0046570948325097,0.0288878427818417,0.1600656099617481
3,23,10.0,0.1018773344101389,0.0915070223893753,2.3770750761032104,2.4116483071271118,0.0050100247608497,0.0314466101117432,0.1611849963665008
3,23,11.0,0.1195181856224186,0.1235583044406573,2.3642558455467224,2.40430064201355,0.0055200445931404,0.0306245223619043,0.1641140356659889
3,23,12.0,0.1304068815263121,0.1338234681984682,2.34949803352356,2.39484242551467,0.0060404579853639,0.0364654599688947,0.1852039992809295
3,23,13.0,0.1645037846149863,0.1518523143523143,2.334823250770569,2.38384724224315,0.0057723833015188,0.0345636960119009,0.1743758954107761
3,23,14.0,0.1780795553488117,0.1631645315468844,2.319027364253998,2.375092026766609,0.0074004788184538,0.0340473870746791,0.1592244189232587
3,23,15.0,0.1788457044228413,0.1547881040528099,2.301287055015564,2.3632701845730053,0.0074106780812144,0.0380146326497197,0.1981834918260574
3,23,16.0,0.2208929900915963,0.1790757037080566,2.2794178128242493,2.3507095056421616,0.0055748557206243,0.0308088888414204,0.1524523645639419
3,23,17.0,0.2316443312784776,0.179533579165932,2.2584007382392883,2.3360271538005155,0.0077191712334752,0.0414501503109931,0.1949272230267524
3,23,18.0,0.2510905172948319,0.1963605022428551,2.234322965145111,2.3185261866625617,0.0080085982335731,0.0411081751808524,0.1979052722454071
3,23,19.0,0.2816006258796681,0.226445613210319,2.205944418907165,2.2970518953659957,0.0095241217641159,0.0468652267009019,0.2225402481853962
3,23,20.0,0.2968452542753825,0.2328558696205755,2.174933969974518,2.278188576417811,0.0084262382006272,0.0401663640514016,0.1801108792424202
3,23,21.0,0.3360306294886323,0.2417077815974874,2.143510520458221,2.252790922277114,0.0086488659726455,0.0452664988115429,0.2149135470390319
3,23,22.0,0.3478015066950495,0.253215718105424,2.1097143292427063,2.224053082746618,0.0100807417184114,0.047516536898911,0.2316693477332592
3,23,23.0,0.3504807136751684,0.2480073847720906,2.07653945684433,2.2018504731795367,0.0107500815065577,0.0508718537166714,0.2276041395962238
3,23,24.0,0.3658548551883862,0.2752067581111698,2.0446730852127075,2.181925891427433,0.0088805614504963,0.0482580456882715,0.2317668870091438
3,23,25.0,0.3663520011014265,0.2740048350342468,2.016104996204376,2.1533310665803795,0.0137542778393253,0.0606365641579031,0.2573104463517666
3,23,26.0,0.3909642139559109,0.2858599937644055,1.981478989124298,2.123243351543651,0.0125753309112042,0.056941669434309,0.2588520161807537
3,23,27.0,0.4005604245344034,0.2932154038771685,1.949672818183899,2.105718834259931,0.0129116887692362,0.061195527203381,0.2463342025876045
3,23,28.0,0.40549150662354,0.2908230046097693,1.9154196679592133,2.0818192650290097,0.0124573074281215,0.0598324900493025,0.2306310385465622
3,23,29.0,0.4190625996806958,0.3126980046097693,1.8831287622451784,2.0602136920480167,0.0142279502470046,0.0672999629750847,0.2817752510309219
3,23,30.0,0.4319728876365765,0.3019341157208804,1.850924700498581,2.042443670946009,0.0130037036724388,0.0631072921678423,0.2442800961434841
3,23,31.0,0.451006031451765,0.3325621682239328,1.8189070224761963,2.0120144339168773,0.0148842900525778,0.0686365626752376,0.2881516180932522
3,23,32.0,0.4523941089264686,0.3428883820427937,1.7847924828529358,1.988884937061983,0.0136427853722125,0.0639824932441115,0.2327430471777916
3,23,33.0,0.4638250643188,0.3262129618747265,1.7502143681049347,1.9736287958481733,0.0131393915507942,0.0669009601697325,0.2528538145124912
3,23,34.0,0.4772948403973684,0.3246992794786912,1.7248378992080688,1.9465770581189323,0.0183181352913379,0.0746635254472494,0.2720929123461246
3,23,35.0,0.4840714788049654,0.3665490963285081,1.693989336490631,1.9259979724884035,0.0166625676210969,0.0851849671453237,0.2875062748789787
3,23,36.0,0.4971254992526028,0.3543875650493297,1.6626786589622498,1.9091998969807344,0.0176235728431493,0.0794457886368036,0.2764169126749038
3,23,37.0,0.518117105256997,0.3361576128120245,1.6302383542060852,1.8786167846006503,0.017681561410427,0.0820715669542551,0.287662360817194
3,23,38.0,0.5303851544827524,0.3487824063191709,1.5992181897163391,1.8722811460494997,0.0129436792340129,0.0764815174043178,0.2736712172627449
3,23,39.0,0.5344228602757776,0.3681891433729669,1.5773918330669403,1.8433765677844776,0.0212731212377548,0.1012029554694891,0.3314654342830181
3,23,40.0,0.5448187263227295,0.3621146622984858,1.5458476841449738,1.820240186242496,0.0153621372301131,0.0889775436371564,0.2803846523165703
3,23,41.0,0.5552629776052566,0.3981271791933556,1.520540028810501,1.80899717948016,0.018240894889459,0.0922219697386026,0.287412416189909
3,23,42.0,0.5772205649351843,0.4096961657623422,1.4941700398921969,1.7917986140531652,0.0192818471696227,0.1031897775828838,0.3021994605660438
3,23,43.0,0.5909734493107982,0.3927673429511664,1.4644197821617126,1.783424321342917,0.0140557177364826,0.0857970602810382,0.2643657140433788
3,23,44.0,0.6085351626651945,0.398524004590181,1.4448041021823883,1.7770878385095037,0.0263315266929566,0.0997697729617357,0.2451476715505123
3,23,45.0,0.6185054568251989,0.4032248592910357,1.4106303453445437,1.7428220847073723,0.0145913979504257,0.0853615067899227,0.2481883130967617
3,23,46.0,0.622319801186285,0.4276143586805351,1.389996737241745,1.7439520120620728,0.0177146638743579,0.0888477303087711,0.2710835821926594
3,23,47.0,0.6330698577746171,0.4143359704021468,1.365110844373703,1.7234738504185396,0.0183975584805011,0.0890970956534147,0.2438918650150299
3,23,48.0,0.6403784249415875,0.4151906712568476,1.3406356871128082,1.7036038538988898,0.015057363314554,0.0914074797183275,0.2651934027671814
3,23,49.0,0.6513118670400531,0.4271564832226597,1.314951390028,1.7009499816333546,0.0145502323284745,0.0761819016188383,0.2192045040428638
3,23,50.0,0.6655017855308833,0.4338775399437165,1.2932245433330536,1.6706274495405309,0.0187241313979029,0.0957215949892997,0.2461672276258468
3,23,51.0,0.6834314721735955,0.4449886510548275,1.2685312926769257,1.659056404057671,0.0157009088434278,0.0957731157541275,0.26325848326087
3,23,52.0,0.6865917271499599,0.4507453126938421,1.2431818842887878,1.6539635503993315,0.0151390733662992,0.0842199679464101,0.2558907121419906
3,23,53.0,0.6891726172156524,0.4551285111946876,1.2233017683029177,1.6377698491601382,0.0176345154177397,0.0983586683869361,0.2448752485215664
3,23,54.0,0.7039733031813616,0.4245855247693482,1.2008391320705414,1.6206941464368034,0.0172766959294676,0.091157466173172,0.2281556650996208
3,23,55.0,0.7173722957876713,0.4711415830901124,1.180262327194214,1.6146888746934778,0.0186638056766241,0.1103482414036989,0.2535528428852558
3,23,56.0,0.7258319232846625,0.4715940717778952,1.155823141336441,1.5979118024601655,0.0175405249465256,0.0924621485173702,0.2202210240066051
3,23,57.0,0.7412438234330145,0.4630219249704543,1.136791616678238,1.584750064681558,0.0170697947032749,0.1001856811344623,0.2512587383389473
3,23,58.0,0.7364650994469736,0.4687785866094689,1.119313418865204,1.5981435453190522,0.0183527935296297,0.1190830469131469,0.2536922842264175
3,23,59.0,0.7500695611873237,0.4822526942012236,1.0965878367424011,1.5722350120544433,0.0178928738459944,0.1076818723231554,0.2857430428266525
3,23,60.0,0.7682203283450595,0.4923629883188707,1.077335238456726,1.5787262874491077,0.0198477669619023,0.1143062803894281,0.2576024755835533
3,23,61.0,0.7688447304460352,0.4862999541308365,1.0575400590896606,1.5505220216863296,0.0206618411466479,0.1089580301195383,0.2618492394685745
3,23,62.0,0.7811065002533977,0.480744398575281,1.0365980863571167,1.5370435953140258,0.0191352823749184,0.1142462138086557,0.2670458070933819
3,23,63.0,0.7890608711105039,0.4747920176228999,1.0189024657011032,1.5475224228466258,0.0217406651936471,0.1288026329129934,0.2872255444526672
3,23,64.0,0.795976315510751,0.4867710108518931,0.997888833284378,1.5312122611438528,0.0184801230207085,0.1086815875023603,0.2525113672018051
3,23,65.0,0.7940033678235174,0.4743341421650245,0.9816579818725586,1.5251737384235158,0.0203808688092976,0.1140899658203125,0.231997612863779
3,23,66.0,0.7961753942180586,0.4808550518109342,0.9649318903684616,1.517502187280094,0.0215778276324272,0.1188087258487939,0.234150905162096
3,23,67.0,0.8187004775358249,0.4852991371373723,0.9463102519512177,1.5091539270737593,0.0170245801564306,0.108479356393218,0.2325010672211647
3,23,68.0,0.8160911317905906,0.4803971763530586,0.9247328639030457,1.5157631383222692,0.0179843886289745,0.1184370387345552,0.2711540535092354
3,23,69.0,0.8304930711293305,0.4810507711243004,0.917298287153244,1.4956710324567908,0.0223156530410051,0.1241297628730535,0.2538278251886368
3,23,70.0,0.8356488280708015,0.4824173783732606,0.8944237381219864,1.4939553162630868,0.0170923192054033,0.1167719475924968,0.2368309944868087
3,23,71.0,0.8391202983431837,0.4748416207975031,0.8800811618566513,1.4954009196337532,0.0182342929765582,0.1155687067657709,0.2194772846996784
3,23,72.0,0.8601813404756542,0.4869225137607489,0.862242802977562,1.48075149900773,0.0181347886100411,0.1178788486868143,0.2342007458209991
3,23,73.0,0.8626027842800769,0.4977768554974437,0.8487848937511444,1.4831830235088572,0.0176607312168926,0.1122144944965839,0.2217923253774643
3,23,74.0,0.8697349429015974,0.4810605856561738,0.834062397480011,1.4823844404781563,0.0166634570341557,0.1083462480455637,0.2285886704921722
3,23,75.0,0.8801448504543621,0.4866657443863327,0.8222527951002121,1.482199154180639,0.0184760601259768,0.1156054884195327,0.2296689748764038
3,23,76.0,0.8693857471800611,0.4668690378249201,0.8066203147172928,1.4775697062997255,0.0148957937490195,0.1003217864781618,0.2303064353764057
3,23,77.0,0.8780771562438106,0.4810605856561738,0.7962742894887924,1.478027705585255,0.0209083128720521,0.1172536574304103,0.2187117598950863
3,23,78.0,0.8695545677212221,0.4917634244840127,0.7818452566862106,1.4676796282038969,0.021429821383208,0.1115960199385881,0.1961660049855709
3,23,79.0,0.8835270423927849,0.4530841299223652,0.7720341831445694,1.4812376990037806,0.0226818930823355,0.1138800792396068,0.2025487385690212
3,23,80.0,0.8837142280459057,0.4790899868105751,0.7552555501461029,1.445331968980677,0.0185823617503047,0.1101775653660297,0.1959173120558262
3,23,81.0,0.8878429935728476,0.4524305351511233,0.7441306710243225,1.4720076967688167,0.0192271270789206,0.11684076115489,0.2029122374951839
3,23,82.0,0.8747578644162898,0.4793467561849914,0.7317081093788147,1.4526964397991404,0.0185622121207416,0.1234428361058235,0.2161653190851211
3,23,83.0,0.8823769120353374,0.485042367762956,0.7214930057525635,1.4507214854745305,0.017957997508347,0.1150857955217361,0.238544899970293
3,23,84.0,0.899749462652569,0.4649324327633151,0.7072015702724457,1.4455201976439531,0.0199135332368314,0.1175167225301265,0.2050007879734039
3,23,85.0,0.8929566522883299,0.491055798776387,0.6927463561296463,1.4479602659449855,0.0171743165701627,0.1112518068403005,0.185114573687315
3,23,86.0,0.8972379159337053,0.4809455046587399,0.682154506444931,1.448357892036438,0.0196025986224412,0.1133659239858388,0.1915795877575874
3,23,87.0,0.909250895026342,0.4836193014501838,0.6750645041465759,1.429968407574822,0.0195753450971096,0.1147152502089738,0.2020374797284603
3,23,88.0,0.897400599931366,0.4710023228405581,0.6604294627904892,1.4414098949993357,0.0182236623950302,0.103622892871499,0.1984858587384224
3,23,89.0,0.9114460993492058,0.496097019810255,0.6536395400762558,1.4267692173228543,0.0213188107591122,0.1221801731735467,0.1957730203866958
3,23,90.0,0.9111307901989196,0.4782352859558741,0.6420646160840988,1.430769115335801,0.0203867855016142,0.1140635851770639,0.1787186115980148
3,23,91.0,0.8989792301750194,0.4938471046926929,0.6298901736736298,1.4354704856872558,0.0149372892919927,0.1075251307338476,0.195372000336647
3,23,92.0,0.911387647163094,0.529173583769172,0.6182635128498077,1.421609720061807,0.0161735527217388,0.1020318642258644,0.1660339497029781
3,23,93.0,0.9143093286562038,0.4906589733795615,0.6090389788150787,1.4325594649595372,0.0221993261948227,0.1127485055476427,0.1861680448055267
3,23,94.0,0.9184908111303692,0.4802014570396922,0.6015916615724564,1.428432554357192,0.024836614029482,0.1346657406538725,0.2071569971740245
3,23,95.0,0.9205033620714916,0.4980089967222321,0.5919129997491837,1.4155185615315158,0.0236633722670376,0.1189694013446569,0.1840733177959919
3,23,96.0,0.9148137632460044,0.4985411035043388,0.5771669149398804,1.450142448088702,0.0153390511404722,0.0992887038737535,0.1676441319286823
3,23,97.0,0.9258548359943942,0.5044438812821165,0.5640790164470673,1.4217554765589098,0.0134315446484833,0.0896199885755777,0.1554899178445339
3,23,98.0,0.9278389629785212,0.4947304125612948,0.560174822807312,1.4117181090747608,0.0192228336818516,0.122922696173191,0.1839947886765003
3,23,99.0,0.9316139578249446,0.4877363649422472,0.5481709539890289,1.4336597162134508,0.0186920999549329,0.1199487596750259,0.1753989532589912
3,23,100.0,0.9294978490015188,0.4913125681508035,0.5369813591241837,1.4206085695939903,0.0137381984386593,0.100090779364109,0.1523401439189911
3,37,1.0,0.0876847924112361,0.089842796092796,2.481540024280548,2.4756856385399315,0.0016097759653348,0.0131895784288644,0.0892735887318849
3,37,2.0,0.0963066754252164,0.0846344627594627,2.4724475145339966,2.4685884756200456,0.0026293735136277,0.0142874962184578,0.0983196422457695
3,37,3.0,0.0778337619826981,0.0841269841269841,2.461026608943939,2.460512186499203,0.0033414525096304,0.0182238765992224,0.126173609867692
3,37,4.0,0.0837455561999635,0.0841269841269841,2.4474286437034607,2.450706947551054,0.0041654295637272,0.0199839253909885,0.1208923701196909
3,37,5.0,0.0889583221574103,0.0857503607503607,2.43094402551651,2.439017946579877,0.0042914789519272,0.0233493079431355,0.1485423352569341
3,37,6.0,0.0855909752186347,0.0837301587301587,2.415859699249268,2.4314948811250576,0.0036818307708017,0.0228137620724737,0.1398954801261425
3,37,7.0,0.0834542230818826,0.0892857142857142,2.4029391407966614,2.423609458698946,0.0036065804306417,0.0238302932120859,0.1528841741383075
3,37,8.0,0.0905909752186348,0.0845848595848595,2.3906493186950684,2.415092911439783,0.0057143347803503,0.0358077557757496,0.2189487740397453
3,37,9.0,0.096671114591457,0.0965506715506715,2.376001298427582,2.4051108248093547,0.0044898831984028,0.031740456353873,0.1823875233530998
3,37,10.0,0.1203004985475887,0.1139259229332758,2.360298991203308,2.3955116215874166,0.0049642162630334,0.0316963964141905,0.16578259319067
3,37,11.0,0.1381668068342395,0.1447752819076348,2.343927204608917,2.3826410798465503,0.0060964317526668,0.0338092553429305,0.1820374466478824
3,37,12.0,0.1613068913113393,0.16872008710244,2.3248302340507507,2.364500814325669,0.0060561700956895,0.0363599257543683,0.1665385626256466
3,37,13.0,0.1733825322871953,0.1734705449778979,2.3038923740386963,2.346646095724666,0.0064675635658204,0.0389043521136045,0.1893222369253635
3,37,14.0,0.1832935709112594,0.1623098306921836,2.283630847930908,2.3309185168322397,0.0068135410547256,0.0446564918383955,0.2330715358257293
3,37,15.0,0.2126254531458772,0.1893321139644669,2.260103404521942,2.308924851698034,0.0072419869247823,0.0480267601087689,0.2470987513661384
3,37,16.0,0.2586846239566974,0.2019569074716133,2.231596052646637,2.2895072263829848,0.0076817588414996,0.0407972410321235,0.200567327439785
3,37,17.0,0.2820379980395548,0.231056015063368,2.204316258430481,2.2646643330069147,0.0107848277548328,0.0503266705200076,0.2440865971148014
3,37,18.0,0.2586589805775809,0.2203732133879192,2.176009774208069,2.243492176953484,0.0091706281527876,0.0439663333818316,0.2033773250877857
3,37,19.0,0.2700151029767754,0.2261909250879839,2.1455231308937077,2.2237204355352067,0.0121195999672636,0.049761245958507,0.2441159859299659
3,37,20.0,0.3313825659599994,0.2513785030329148,2.1118361353874207,2.2006126459907085,0.0085581496823579,0.0530073773115873,0.2416525445878505
3,37,21.0,0.3474025115748001,0.2846153234020881,2.0780962705612183,2.175716893813189,0.0115971313789486,0.0562335411086678,0.2728564217686653
3,37,22.0,0.3349195183775211,0.2619908890129478,2.047607183456421,2.1594607801998364,0.0144371096976101,0.0564559688791632,0.2675561420619488
3,37,23.0,0.3621294378062856,0.2743093099710746,2.012297213077545,2.1387000532711253,0.0123087225947529,0.0585453631356358,0.2732388414442539
3,37,24.0,0.3871892562219866,0.2948073168661403,1.9792962670326235,2.1089699997621425,0.0138875418342649,0.0627270098775625,0.2858271859586239
3,37,25.0,0.3944876402252783,0.2979291745835863,1.9467796087265012,2.0877490941215964,0.0115419826470315,0.0571242105215787,0.2745421789586544
3,37,26.0,0.4091999571132568,0.3266166431607608,1.9150334298610687,2.070838316749124,0.0116849467158317,0.0560340611264109,0.2610099799931049
3,37,27.0,0.4438314100829854,0.3530307723322429,1.8838321566581728,2.0437426006092743,0.0147032754030078,0.0660885814577341,0.2810129709541797
3,37,28.0,0.4678524338076566,0.3517181960196666,1.8487122654914856,2.0175216057721306,0.0102100220974534,0.0563309416174888,0.2701961472630501
3,37,29.0,0.4660694365107221,0.3646129401644107,1.822594702243805,2.0044920079848345,0.0140897408127784,0.0655159037560224,0.2657531686127186
3,37,30.0,0.4785538413407418,0.3949548205062911,1.7900028824806211,1.979285064865561,0.0175228714942932,0.0806430429220199,0.333379290997982
3,37,31.0,0.4912849115365981,0.3765787521302227,1.7652220726013184,1.961099473167868,0.018571434309706,0.0849178601056337,0.3417779356241226
3,37,32.0,0.488486162625276,0.3875845967757732,1.736652672290802,1.951820015907288,0.015958062140271,0.0756403934210538,0.2911223769187927
3,37,33.0,0.4995112697370092,0.3943012257350493,1.7047736644744873,1.9228551149368287,0.0147541256155818,0.0757509917020797,0.2907798513770103
3,37,34.0,0.5070401297658693,0.3922446018034253,1.678665041923523,1.9021219491958616,0.0167574922088533,0.0839320700615644,0.3237756043672561
3,37,35.0,0.525563711891275,0.3921393353378647,1.6479887962341309,1.889257581093732,0.0141733135096728,0.066187678836286,0.2475796304643154
3,37,36.0,0.5527706581027806,0.4112540645628881,1.625737339258194,1.870780037431156,0.0141250579617917,0.0764686185866594,0.3210900723934173
3,37,37.0,0.5522425829950479,0.3911130944219179,1.5979219377040863,1.86222188612994,0.0130880267824977,0.0733075123280286,0.2965650632977485
3,37,38.0,0.5626769662409813,0.4102036443948209,1.5745330154895782,1.8428549892762127,0.0180304083041846,0.0873600523918867,0.3332749828696251
3,37,39.0,0.5724944844119727,0.4181762273674038,1.5470266342163086,1.829127872691435,0.0159806830342859,0.0796684175729751,0.2732691131532192
3,37,40.0,0.592089241554732,0.4299959231944526,1.5218816697597504,1.811840551039752,0.0166513451840728,0.0780079625546932,0.3104113936424255
3,37,41.0,0.5992266305082303,0.4182868806030571,1.4990403354167938,1.8002694915322697,0.0153579234611243,0.0769403390586376,0.3069187998771667
3,37,42.0,0.6171028891619744,0.4123344996506761,1.476508229970932,1.7924616575241088,0.0183863409329205,0.0891309343278408,0.2830625623464584
3,37,43.0,0.6068429346618983,0.4365522957434722,1.4567817747592926,1.7840996377608356,0.0191299924626946,0.0891077369451522,0.2894027605652809
3,37,44.0,0.6078811084180274,0.4404534395343218,1.433831423521042,1.765428534676047,0.0199395592790097,0.1041308902204036,0.3564797714352608
3,37,45.0,0.6161463375999295,0.4299959231944525,1.4088075757026672,1.762844931378084,0.0178969004191458,0.0844000577926635,0.2676361687481403
3,37,46.0,0.6429239065355531,0.4418510819246113,1.3853069245815277,1.739129961238188,0.0169232110492885,0.0886724721640348,0.3122718706727028
3,37,47.0,0.6510333443790335,0.4260947794036029,1.362185001373291,1.7299720750135534,0.0185335201676934,0.0993816591799259,0.3313330039381981
3,37,48.0,0.652792492677955,0.4303431454166748,1.336177408695221,1.723376415757572,0.0165814324282109,0.0846292153000831,0.255908902734518
3,37,49.0,0.6615763833739591,0.4598843558402382,1.3192130625247955,1.7129387855529783,0.0190692297182977,0.0849821493029594,0.2881853505969047
3,37,50.0,0.671274621643626,0.4650926891735715,1.2992705702781675,1.704601161620196,0.0213344045914709,0.0953005310148,0.3126808479428291
3,37,51.0,0.6852093930607904,0.4702514193323017,1.2741852700710297,1.6851804046069874,0.01415452407673,0.0807098001241684,0.2763414233922958
3,37,52.0,0.6843468614687757,0.4581705263690558,1.2552696466445925,1.687439018137315,0.0207236884161829,0.0960897076874971,0.2716844044625759
3,37,53.0,0.7026316162276945,0.4884735566720861,1.2332232892513275,1.6566285007140216,0.016758672427386,0.0901682153344154,0.3147357627749443
3,37,54.0,0.7138389986633,0.4697866879852173,1.2109370231628418,1.6525906310361975,0.022305981721729,0.1001448333263397,0.2779242545366287
3,37,55.0,0.7131918865724187,0.4746886487695311,1.1887822449207306,1.6512383096358356,0.0160909879487007,0.0925204362720251,0.2827102243900299
3,37,56.0,0.721181648085607,0.4913553154361978,1.167859524488449,1.6372821092605592,0.0201445566490292,0.0943974331021308,0.2654408514499664
3,37,57.0,0.7256847930242918,0.503833033796269,1.1525362730026243,1.64227294921875,0.0196041220333427,0.1082346178591251,0.2599968910217285
3,37,58.0,0.7451962842431001,0.5114087913720265,1.1323403120040894,1.6245830185273114,0.0195229602977633,0.1026300936937332,0.2635307274758816
3,37,59.0,0.7499202716542771,0.5215501206310029,1.111336499452591,1.6072408746270572,0.0181971685960888,0.0993532482534647,0.2681642062962055
3,37,60.0,0.7588373702598256,0.5280754580386934,1.0884471833705902,1.60883986529182,0.0176767043303698,0.09335408359766,0.2568157389760017
3,37,61.0,0.7751787959653629,0.5169643469275821,1.0668338537216189,1.597135689679314,0.0177655983716249,0.0923000406473875,0.2494841553270816
3,37,62.0,0.7783059465925134,0.520896525859761,1.0499684810638428,1.5929767047657686,0.0199885924812406,0.10179771669209,0.2379094660282135
3,37,63.0,0.7842890482595056,0.5336310135942489,1.0279512405395508,1.58563731137444,0.0148441207129508,0.083825608715415,0.2283664382994175
3,37,64.0,0.799706926564922,0.5323548591930944,1.009733721613884,1.5749658472397747,0.0175885891076177,0.0991922989487648,0.2441288717091083
3,37,65.0,0.7978658125961485,0.5340278389910742,0.9885621666908264,1.559477424621582,0.0172308643814176,0.0978657808154821,0.2493621073663234
3,37,66.0,0.801241719685081,0.5284722834355186,0.970173254609108,1.563908698979546,0.0184092801064252,0.0963113978505134,0.2754275389015674
3,37,67.0,0.8002806886608503,0.5215909703042055,0.9561298787593842,1.5519531768911026,0.0177402775734663,0.1033157370984554,0.2556922510266304
3,37,68.0,0.8110676107979465,0.5215501206310028,0.9381606578826904,1.559206468918744,0.0196813147049397,0.1048664916306734,0.2338945418596267
3,37,69.0,0.8217368805525823,0.5291258782067604,0.925644502043724,1.541959170734181,0.0194114616606384,0.1089092269539833,0.2421053983271122
3,37,70.0,0.8216023035538939,0.5278001206310029,0.906372919678688,1.52776260656469,0.0208371782209724,0.1168626137077808,0.2777391858398914
3,37,71.0,0.8425838007636139,0.5212437480819833,0.8892965316772461,1.5419903993606567,0.0215518902987241,0.10758295096457,0.2288128770887851
3,37,72.0,0.8351780928439688,0.5196449996082348,0.8729292005300522,1.5221955649993,0.0194604685530066,0.1046993676573038,0.2502434439957142
3,37,73.0,0.835665015909289,0.5315001583383936,0.8539801239967346,1.536145148557775,0.0174535040277987,0.1030925307422876,0.2402672655880451
3,37,74.0,0.852883886856383,0.5220620270252622,0.837381049990654,1.523909724459929,0.0186919984407722,0.0974756721407175,0.2231772467494011
3,37,75.0,0.8517475734988151,0.5311529361161713,0.823161393404007,1.5089213188956765,0.0168886908795684,0.0955351162701845,0.2494189217686653
3,37,76.0,0.8473121860059365,0.5250854741663565,0.8069936782121658,1.5142888209399057,0.0177375078201293,0.0963928140699863,0.2138149254024028
3,37,77.0,0.859060797070657,0.5342846083654907,0.7918526977300644,1.5011394584880156,0.0174446695018559,0.0986391901969909,0.2372503243386745
3,37,78.0,0.8607441243898727,0.5405842115400938,0.7758741825819016,1.4999206430771772,0.0208260384388268,0.1085138823837041,0.2239199914038181
3,37,79.0,0.8663689834642092,0.5322644063452887,0.7601426094770432,1.5000086531919592,0.0164759268518537,0.0931132044643163,0.1987982988357544
3,37,80.0,0.8777196857927455,0.5398401639210463,0.7509174793958664,1.4777448415756225,0.0227247518487274,0.134647000581026,0.2715380564332008
3,37,81.0,0.8727166940192369,0.5296756756315579,0.7358014285564423,1.4801840698017794,0.0201945672743022,0.1137088518589735,0.2258759252727031
3,37,82.0,0.8882228941682943,0.5338877829686652,0.7228474617004395,1.4726469965542064,0.0207793954759836,0.1067787781357765,0.2291038855910301
3,37,83.0,0.887970022580446,0.5230874721683546,0.7140786498785019,1.485336251819835,0.022697779815644,0.1161796990782022,0.2239397168159485
3,37,84.0,0.8942398638502872,0.5373620864429688,0.6981228440999985,1.45402110043694,0.0189534546807408,0.1065888274461031,0.1994046084582805
3,37,85.0,0.8958493045450938,0.5657309398118221,0.6817645132541656,1.478454449597527,0.0195776601321995,0.1047588158398866,0.2106890082359314
3,37,86.0,0.8981194260225323,0.5417521408330231,0.6727946996688843,1.4452402984394748,0.0246839551255106,0.1333816312253475,0.2542760781943798
3,37,87.0,0.8964559810664046,0.5492782952341776,0.6636981815099716,1.4550521892659805,0.02227523480542,0.1235213186591863,0.2066155709326267
3,37,88.0,0.8932088814843283,0.5222601744660568,0.646588534116745,1.4799036755281336,0.0181215337943285,0.1031713802367448,0.1868052706122398
3,37,89.0,0.9056536589291057,0.547654918610801,0.6343353986740112,1.442805614190943,0.019457793328911,0.1038583423942327,0.1832900419831276
3,37,90.0,0.9079596941554832,0.5433755174563998,0.6198222041130066,1.4663609602872063,0.0201212372630834,0.1214246284216642,0.232042659074068
3,37,91.0,0.909822931391061,0.5413553154361977,0.6077795177698135,1.446586300345028,0.0166864343918859,0.09484295360744,0.210227970033884
3,37,92.0,0.9137911853593148,0.5293895034703858,0.5996701270341873,1.448949749329511,0.019410632783547,0.1140719335526228,0.2037186026573181
3,37,93.0,0.9118070583751882,0.5437723428532252,0.5872576087713242,1.4437339656493242,0.0207792199216783,0.1154606435447931,0.2007151506841182
3,37,94.0,0.9117168707850004,0.5464529955338779,0.573845848441124,1.4312904287787045,0.0169332411605864,0.0918630938977003,0.1637956649065017
3,37,95.0,0.9078388044069342,0.5497247238056061,0.5652403235435486,1.4431942617191988,0.0148417665623128,0.0948166958987712,0.1690936870872974
3,37,96.0,0.9137911853593148,0.5118681359490183,0.5555242747068405,1.4332654209697948,0.0179782880004495,0.1010403409600257,0.1840935163199901
3,37,97.0,0.9135801080205782,0.53175692771281,0.5477832108736038,1.4317180998185102,0.0174047648906707,0.0968101788312196,0.1702781431376934
3,37,98.0,0.9078388044069342,0.5062515303324125,0.5386685132980347,1.4492710702559528,0.018002388998866,0.1044668424874544,0.1804609633982181
3,37,99.0,0.917230901671372,0.5253466713025537,0.5280091688036919,1.4199993315865012,0.0140156636480242,0.0852043163031339,0.1611705496907234
3,37,100.0,0.9192457308138604,0.5289316280125104,0.5202323123812675,1.4296968796673943,0.018584189005196,0.1095445025712251,0.1998829655349254
3,53,1.0,0.0876612060602719,0.0375137933961463,2.490655303001404,2.4861940524157355,0.0034212566097266,0.0218681171536445,0.1277482025325298
3,53,2.0,0.1014145972148789,0.0686783804430863,2.476565897464752,2.48080852171954,0.0021963871549814,0.0176755534484982,0.1096481513231992
3,53,3.0,0.1302315249679768,0.0999915117562176,2.467140376567841,2.4747357256272258,0.0023495767673011,0.0175652876496315,0.106629692018032
3,53,4.0,0.1352805704933364,0.1264026822850352,2.456727683544159,2.4666960996740004,0.0031268468592315,0.0187107822857797,0.1176299713551998
3,53,5.0,0.1232477147978667,0.1174603174603174,2.443891644477844,2.4593234987819894,0.003947852354031,0.0208517205901443,0.1223364938050508
3,53,6.0,0.1046480422568346,0.1260486041736041,2.4294918179512024,2.448714480680578,0.004447050683666,0.0236859885044395,0.1528605781495571
3,53,7.0,0.1108616965607847,0.1237540237540237,2.4129425287246704,2.4383766398710365,0.0037956248852424,0.0251132613047957,0.1372062359005212
3,53,8.0,0.1215105343828748,0.1122460872460872,2.3986313343048096,2.428744826597326,0.0040527381934225,0.0271054869517684,0.1705512851476669
3,53,9.0,0.1306349179193719,0.111080586080586,2.384012579917908,2.416817042406868,0.0038253414095379,0.0285747447051107,0.1518927365541458
3,53,10.0,0.1351425635920409,0.1241508491508491,2.3699379563331604,2.4051511147442985,0.0049131054547615,0.0367195736616849,0.2019296176731586
3,53,11.0,0.1659653725900297,0.1561955609749727,2.352154493331909,2.389626200058881,0.0052756348159164,0.0341940536163747,0.1723969876766204
3,53,12.0,0.1985403767244526,0.1777729419273536,2.333440363407135,2.373170350579654,0.0061172968707978,0.0370155973359942,0.2002100721001625
3,53,13.0,0.2159077576981053,0.1822170272537919,2.311025559902191,2.352990846072926,0.0057752204593271,0.0357549069449305,0.1888108365237712
3,53,14.0,0.2173385201218991,0.20566659647542,2.288115739822388,2.333815024880802,0.0066849803552031,0.035817306023091,0.1972810477018356
3,53,15.0,0.2299357641477146,0.2037812269429916,2.263535439968109,2.314330580655266,0.0075581059791147,0.0393954794853925,0.2017979770898819
3,53,16.0,0.2331112394660471,0.2229755742623389,2.239660918712616,2.2922837257385256,0.0076837497763335,0.0412788181565701,0.208730436861515
3,53,17.0,0.24839032274387,0.2255641417406123,2.2128908038139343,2.2682375038371365,0.0081989907193928,0.0423236060887575,0.221544824540615
3,53,18.0,0.2520533051350755,0.2443980855745561,2.1850337386131287,2.242294017006369,0.0087624451844021,0.0444492641836404,0.2194797657430172
3,53,19.0,0.2824983966947789,0.2788368290206525,2.1565387845039368,2.2194962978363035,0.0092424617614597,0.0509471502155065,0.2752971388399601
3,53,20.0,0.3025920885565781,0.2722820888262064,2.125215470790863,2.1968150615692137,0.0086974657606333,0.0468622324988245,0.2259043827652931
3,53,21.0,0.313006449609237,0.2864327869842575,2.0910662412643437,2.1674175711239085,0.0093678225530311,0.050370062701404,0.239411287009716
3,53,22.0,0.32091898151354,0.2937046001384236,2.0584718585014343,2.1453264040105484,0.0094657989684492,0.0519008748233318,0.2767217606306076
3,53,23.0,0.340352516241018,0.3020446057210763,2.028649538755417,2.1205226954291847,0.0140615694690495,0.0725334901362657,0.3470336571335792
3,53,24.0,0.3811189821290643,0.3088065121153356,1.9938727021217344,2.1003292813020598,0.0097502676071599,0.0539772948250174,0.2564570233225822
3,53,25.0,0.3976900881838237,0.3306815121153356,1.960184395313263,2.077649727989645,0.0109841593075543,0.0573383057489991,0.2674272134900093
3,53,26.0,0.3841921738980453,0.3419528796367031,1.927182912826538,2.0545365670148064,0.0099811676191166,0.0552764227613806,0.2617164589464664
3,53,27.0,0.4022259179400183,0.3305353959765724,1.898948848247528,2.035693090102252,0.0125973697286099,0.0679010460153222,0.2689069099724293
3,53,28.0,0.4185074881173553,0.3596753532415297,1.8647831678390503,2.0091554108787983,0.0137296568136662,0.0805310979485511,0.3095919042825699
3,53,29.0,0.4435278586620421,0.3620427774839539,1.8281062841415403,1.9894294037538416,0.0102611370384693,0.0645226165652275,0.2429099678993225
3,53,30.0,0.4590214392036245,0.3608772763184527,1.7966690063476562,1.966073148390826,0.0132705678697675,0.0713076284155249,0.2666388973593712
3,53,31.0,0.4588891275691631,0.3619685461597226,1.7702777087688446,1.939107931361479,0.0127711379900574,0.0853960793465375,0.3300430402159691
3,53,32.0,0.4916212782448233,0.3945101263115969,1.7321512401103971,1.918690629566417,0.0138573921285569,0.0823508687317371,0.2882400639355182
3,53,33.0,0.5142795881723897,0.4026410680822445,1.7030399143695831,1.900282589127036,0.0141778993420302,0.0836059739813208,0.2862258553504944
3,53,34.0,0.5134424545109177,0.4093374966536731,1.6693016588687897,1.8810846539104689,0.0138058203738182,0.0860605183988809,0.2688561081886291
3,53,35.0,0.5268011142653443,0.3994529367691132,1.6391264200210571,1.86150642563315,0.0124769820831716,0.0838893670588731,0.3031355254352093
3,53,36.0,0.5421944510872525,0.3969748592910357,1.610063910484314,1.843346222709207,0.0151691355276852,0.083973491564393,0.2909153550863266
3,53,37.0,0.553385883768047,0.4109608732770498,1.5815713107585907,1.818902850151062,0.0186926359310746,0.101004434749484,0.3070456460118294
3,53,38.0,0.5402010446205716,0.4105029978191743,1.5545345544815063,1.8115090229932,0.0190312566701322,0.0966367460787296,0.3022733777761459
3,53,39.0,0.5702500989097475,0.4005938097849862,1.5277704000473022,1.797020087522619,0.0184747595340013,0.1105985809117555,0.3224896043539047
3,53,40.0,0.5823442504439983,0.4165660320072085,1.4976679980754852,1.7799585230210249,0.0151139262598007,0.0931328367441892,0.283408872783184
3,53,41.0,0.565868245024224,0.4105029978191743,1.47184556722641,1.7667184212628533,0.0168527057394385,0.1008798722177743,0.3230791762471199
3,53,42.0,0.595491677147656,0.4192806784718548,1.4430538415908811,1.744966929099139,0.0151179742533713,0.0923791006207466,0.2923580035567283
3,53,43.0,0.5963335784074905,0.4339271431183196,1.4196442663669586,1.7371987300760603,0.0189729426056146,0.1024936512112617,0.2914443612098694
3,53,44.0,0.618934311008223,0.4428154770066534,1.4023367166519165,1.7232135492212632,0.0207587154582142,0.1162934247404336,0.3554267734289169
3,53,45.0,0.6458748125787938,0.4388222480134244,1.3676498532295227,1.709256330658408,0.0132057748269289,0.0791495088487863,0.2333302311599254
3,53,46.0,0.6375431493079207,0.4224688097849862,1.35104238986969,1.6982708973043106,0.0225529200397431,0.1167765334248542,0.3157583922147751
3,53,47.0,0.6596062474728425,0.4383147693809457,1.3229695856571198,1.683737357924966,0.0172169229481369,0.1135088447481393,0.3191084787249565
3,53,48.0,0.6637046809377969,0.4691277064438828,1.3088992834091189,1.677381669773775,0.0244314023293554,0.1389461234211921,0.3188908472657203
3,53,49.0,0.6542187433615635,0.4319905380567144,1.2809878289699554,1.6680759640300975,0.0189212225377559,0.1168134436011314,0.2624760195612907
3,53,50.0,0.6717141103885859,0.4586205869294104,1.2602730691432953,1.6356698933769676,0.019230336882174,0.1220383625477552,0.3345313221216202
3,53,51.0,0.6841477982730115,0.4611148859310623,1.240256816148758,1.6360020483241362,0.0201174649409949,0.125362804159522,0.3006596267223358
3,53,52.0,0.6834543357154373,0.4494710559048794,1.2130791544914246,1.613325803420123,0.0167013830505311,0.1114983092993497,0.307606540620327
3,53,53.0,0.6988544988507922,0.4745283923592746,1.1931942403316498,1.610258514740888,0.0199385595042258,0.1111591458320617,0.2969348356127739
3,53,54.0,0.7190633981754524,0.4463282020267313,1.1773428320884705,1.6108009731068331,0.0188588842283934,0.1210372149944305,0.2905816547572613
3,53,55.0,0.7197606376292714,0.4567404409316174,1.1544093787670135,1.5900517099043905,0.0200921148061752,0.1142522674053907,0.2857296653091907
3,53,56.0,0.7258634502086574,0.4408788719450483,1.1329655945301056,1.5923736558241002,0.0182211741339415,0.1073502507060766,0.2364604994654655
3,53,57.0,0.7357210394279489,0.4690170532082297,1.1170116066932678,1.5582136392593384,0.021626828238368,0.1360225118696689,0.3130198419094085
3,53,58.0,0.7633540330560123,0.4410790190201954,1.09672150015831,1.577534740111407,0.0258903349749743,0.1307658776640892,0.2686232849955559
3,53,59.0,0.7612305272218906,0.4426979678817913,1.077800840139389,1.5577206317116232,0.0227250054012984,0.131786935031414,0.283746387809515
3,53,60.0,0.761386228494613,0.4658357777843072,1.0658481270074844,1.5348342923557057,0.0296736890450119,0.1552935279905796,0.321181982755661
3,53,61.0,0.7669597606535111,0.4564384961443783,1.0360441654920578,1.5634294439764584,0.0169442202895879,0.1139244381338357,0.2948033884167671
3,53,62.0,0.7874231387388403,0.4819836821675056,1.0233071148395538,1.5220527115990137,0.0178188835270702,0.1148996818810701,0.2581406943500042
3,53,63.0,0.7798422645138486,0.4740607023695258,1.002572014927864,1.5183438918169807,0.0202946448698639,0.1231672521680593,0.289231888949871
3,53,64.0,0.796577138049634,0.4685459964871729,0.9869413524866104,1.5178127429064583,0.0214111735112965,0.1321841832250356,0.2649844363331795
3,53,65.0,0.8048085520257288,0.4755734257572492,0.9730574190616608,1.5101515517515294,0.0207496148068457,0.147296892479062,0.2993092760443687
3,53,66.0,0.8080296060394659,0.4598425471587235,0.9523919373750688,1.503884879280539,0.0187419259455055,0.1256598103791475,0.3090840652585029
3,53,67.0,0.8033933085308281,0.5218919560831325,0.9356456100940704,1.4795048363068524,0.0210335589945316,0.1358447968959808,0.2681382969021797
3,53,68.0,0.8048390928969548,0.4935727058888823,0.9256161898374556,1.4990789876264683,0.0234814905561506,0.1460608430206775,0.2975929640233516
3,53,69.0,0.8245855077369645,0.4785658377570141,0.902292400598526,1.4839878292644726,0.0188579652458429,0.1177974976599216,0.2299223206937313
3,53,70.0,0.8401007491820377,0.5215447338609104,0.8887068778276443,1.454353604597204,0.0173917659558355,0.1236983593553304,0.248439259827137
3,53,71.0,0.8332688507364169,0.4929191111176405,0.8803718984127045,1.462880668920629,0.0203504497185349,0.1432025488466024,0.276276271790266
3,53,72.0,0.8452785264874745,0.4865384207295971,0.8610081672668457,1.4647333004895378,0.019797941436991,0.1232752557843923,0.2564880810678005
3,53,73.0,0.8374656249179937,0.5044114382349677,0.8446988463401794,1.4432614003910738,0.0178319360129535,0.1197751741856336,0.2260580062866211
3,53,74.0,0.8458667158822841,0.4873635555620849,0.8331100791692734,1.457675709443934,0.0173463230021297,0.1240321174263954,0.2186186835169792
3,53,75.0,0.8579141210351828,0.5037125660287425,0.8204402476549149,1.4396793042912204,0.021868088748306,0.1521598026156425,0.289291825145483
3,53,76.0,0.8624792038753416,0.5298645390557155,0.8055610656738281,1.4201110952040727,0.0199368633329868,0.140266241505742,0.2698940448462963
3,53,77.0,0.8711158504019355,0.4917467540629305,0.7943636476993561,1.4478503479677087,0.0173821849748492,0.1169756893068552,0.2203598208725452
3,53,78.0,0.8777665145045975,0.5419818539303832,0.7777577936649323,1.408930705575382,0.0153875011019408,0.1217242237180471,0.2192193493247032
3,53,79.0,0.8765438904552257,0.5104744724230018,0.7677210569381714,1.416123109705308,0.0196832616347819,0.1421167273074388,0.2323483116924762
3,53,80.0,0.876867421525847,0.5068442382780617,0.7510580271482468,1.4259206056594849,0.0197935500182211,0.1280205119401216,0.2451509460806846
3,53,81.0,0.87442495653538,0.5362616142027906,0.7448409646749496,1.3912983571781832,0.0241946540772914,0.1568194665014743,0.2913758903741836
3,53,82.0,0.8705683184082251,0.4875392377230612,0.7283831536769867,1.42601017110488,0.0172168056014925,0.1239128354936838,0.2418974936008453
3,53,83.0,0.8905339480167118,0.5345663527648822,0.7155231088399887,1.3875486009261186,0.0208384110592305,0.125900249928236,0.2040135189890861
3,53,84.0,0.8948964796004977,0.5241496860982154,0.7055618315935135,1.4011640646878412,0.0185166904702782,0.1313569322228431,0.2511725276708603
3,53,85.0,0.8877353074393256,0.5092725493460787,0.6940059512853622,1.4038103089613072,0.0216352094430476,0.1302935257554054,0.2083958834409713
3,53,86.0,0.896898424801531,0.5412874094859389,0.6803456693887711,1.3713601617252125,0.0195411560125648,0.1260955482721328,0.206893041729927
3,53,87.0,0.9087653778335074,0.5155775392907745,0.6685834527015686,1.3970124258714565,0.0191184151917696,0.1333232298493385,0.2198932096362114
3,53,88.0,0.9017084374838844,0.5234002517090752,0.6578389108181,1.3797651290893556,0.0180970663204789,0.1128508187830448,0.1911083459854126
3,53,89.0,0.9016337899092366,0.528503318576848,0.6446662247180939,1.378535868139828,0.0172092146240174,0.1259484644979238,0.1755743697285652
3,53,90.0,0.8997867480621949,0.5276486177221471,0.6365434378385544,1.378682973805596,0.0189241825137287,0.1420049089938402,0.2239173054695129
3,53,91.0,0.9062967856436608,0.5165375066110359,0.6209928840398788,1.3763902509913726,0.0184431411325931,0.1122512258589267,0.1927886232733726
3,53,92.0,0.9032849165603634,0.5212383613118907,0.6164903938770294,1.3643822263268863,0.0178495743311941,0.1303678844124078,0.1973901987075805
3,53,93.0,0.8990405498159966,0.53169587765176,0.6070742905139923,1.3647179000517902,0.0173590714111924,0.1288065649569034,0.2071487680077552
3,53,94.0,0.9089689441085024,0.5205847665406489,0.5960033982992172,1.3667672087164486,0.016835022252053,0.1336707826703786,0.2080055698752403
3,53,95.0,0.9160117161032724,0.5402680244592009,0.5920295566320419,1.3462095288669362,0.0175261453259736,0.1381298080086708,0.2201203070580959
3,53,96.0,0.915913557760433,0.5168438791600556,0.5807481706142426,1.383341254907496,0.0161738451570272,0.1188847552984952,0.1923267915844917
3,53,97.0,0.9142386664578822,0.5227466569378334,0.5699505507946014,1.3440760556389304,0.0183373824693262,0.1319365482777357,0.2027699574828148
3,53,98.0,0.9173067095259252,0.4996697338609102,0.5590531229972839,1.3450137068243588,0.0169879493769258,0.1189139243215322,0.1687091886997223
3,53,99.0,0.9197191277310264,0.4985042326954091,0.5508704781532288,1.3657939363928402,0.0174162581097334,0.1254807654768228,0.1854555830359459
3,53,100.0,0.9103606000798158,0.516336400527577,0.5411621406674385,1.3340563942404355,0.0155387744307518,0.1200052145868539,0.1840471364557743
3,71,1.0,0.0808659830544329,0.0773809523809523,2.4787046313285828,2.473745320825016,0.0019560988002922,0.0205982765182852,0.1293924860656261
3,71,2.0,0.0803627932351336,0.0773809523809523,2.465908885002136,2.467398393855375,0.0027258169138804,0.0202058292925357,0.1283760499209165
3,71,3.0,0.0758319694489907,0.0773809523809523,2.45444792509079,2.461091995239258,0.0033548272331245,0.022384887561202,0.1338203214108944
3,71,4.0,0.0793780687397708,0.0829365079365079,2.4411638379096985,2.452951369566076,0.0035311144310981,0.0202428982593119,0.1301998272538185
3,71,5.0,0.1105662068428025,0.0746031746031746,2.427444338798523,2.44600476657643,0.0032108063460327,0.0245163235813379,0.1485764998942613
3,71,6.0,0.1021263606369989,0.0964285714285714,2.415374457836151,2.439922621670892,0.0032864276436157,0.0267758439294993,0.1781946420669555
3,71,7.0,0.0986726158002753,0.0841269841269841,2.404542565345764,2.4359668114606072,0.0037627145648002,0.0274313739500939,0.1581316776573658
3,71,8.0,0.1028266178266178,0.0781746031746031,2.392402231693268,2.43088926707997,0.0040406846674159,0.0291536040604114,0.1435840278863906
3,71,9.0,0.1047858595223114,0.090995115995116,2.380187571048737,2.42191504871144,0.004452942579519,0.0287933619692921,0.1588267646729946
3,71,10.0,0.117918153090145,0.1085164835164835,2.367459297180176,2.411840882020838,0.0056507926201447,0.0361293759196996,0.1719239801168441
3,71,11.0,0.1363535272398049,0.133773865023865,2.353261888027191,2.4001198067384606,0.0040569829870946,0.031069116666913,0.1680471785366535
3,71,12.0,0.1622186752630076,0.1393790237540237,2.3388688564300537,2.3890808077419505,0.0054804786341264,0.0331817590631544,0.1701036430895328
3,71,13.0,0.1674345016438574,0.1442401348651348,2.3211302161216736,2.377387425478767,0.0051031979965046,0.0325808459892869,0.1645801365375518
3,71,14.0,0.1773184879716127,0.144526307026307,2.303621530532837,2.3620448168586283,0.0061420074198395,0.0387695832177996,0.1713654175400734
3,71,15.0,0.2056139994510148,0.1501678876678876,2.2821635603904724,2.344298076629639,0.0057373121380805,0.0349943153560161,0.1729551814496517
3,71,16.0,0.2182670208474567,0.1781713996787526,2.2597060203552246,2.3267587184906007,0.0067564927740022,0.0416584825143218,0.1953801214694976
3,71,17.0,0.2391103838336769,0.1833797330120859,2.234626889228821,2.3052459352156696,0.0068982200464233,0.0399889275431633,0.1942111551761627
3,71,18.0,0.2345028457963071,0.2063956060279589,2.206426739692688,2.2830676751978256,0.0067782389232888,0.0409283470362424,0.1970478408038616
3,71,19.0,0.2673251502823747,0.1994832577553165,2.178157687187195,2.2580040174372056,0.0081711505772545,0.0458715865388512,0.2078013271093368
3,71,20.0,0.2917423071035273,0.2286232150202738,2.148802638053894,2.2324105739593505,0.0071528520202264,0.0417087925598025,0.2124487161636352
3,71,21.0,0.3050509348066617,0.2053451858598917,2.1170157194137573,2.207370469149421,0.0103127094916999,0.0522249191999435,0.2564936652779579
3,71,22.0,0.3372921376857918,0.2451029158749747,2.083648234605789,2.179194220374612,0.0088772850576788,0.0497022056952118,0.2534152045845985
3,71,23.0,0.3670947448816453,0.2583857319151437,2.052358955144882,2.1476520594428568,0.0104534169659018,0.0532546089962124,0.2421413622796535
3,71,24.0,0.3698956690914954,0.2687979708200296,2.017384856939316,2.1197551643147188,0.0089917134027928,0.052525863982737,0.2404929250478744
3,71,25.0,0.400994797411878,0.3104520683564801,1.983741670846939,2.094926747153787,0.0121606413740664,0.062277678400278,0.2796092629432678
3,71,26.0,0.4287685341445812,0.300341774238833,1.9477310180664065,2.0685684596790987,0.0112763666547834,0.054673196747899,0.2472980059683323
3,71,27.0,0.4318477141510724,0.3015933004903593,1.9133244156837463,2.0414090100456685,0.0143565030302852,0.0785471368581056,0.3364659883081913
3,71,28.0,0.4539922330657374,0.3168127215921334,1.876463383436203,2.020021236644072,0.0118875801563262,0.0644912077113986,0.2569661512970924
3,71,29.0,0.4602289514301154,0.3346404616625205,1.839311271905899,1.9915397868436928,0.0154117553029209,0.0718616722151637,0.2915222197771072
3,71,30.0,0.4646141985789105,0.3281559739280327,1.8032775819301603,1.9625770007862764,0.0123991842847317,0.0686275651678443,0.2585425749421119
3,71,31.0,0.4736765328764366,0.3477019712313831,1.773006647825241,1.951359291637645,0.0134472378995269,0.07575542666018,0.2673595175147056
3,71,32.0,0.4913956128755223,0.3333147040867629,1.7380446791648865,1.9214894028270944,0.013318802928552,0.0734783299267292,0.2821877263486385
3,71,33.0,0.5130424076298492,0.3481667025784672,1.7004842460155487,1.880656483594109,0.0136842897627502,0.0770253706723451,0.2652656063437462
3,71,34.0,0.5301621024999332,0.3804313129680777,1.6685959100723269,1.8603220462799075,0.0124787017703056,0.0772722568362951,0.2812459319829941
3,71,35.0,0.5312812640197918,0.3535761419952596,1.6328456103801727,1.837925539297216,0.0155127083417028,0.0824007410556078,0.2868335992097854
3,71,36.0,0.5528488333809337,0.3784111109478756,1.5980917513370514,1.812221360206604,0.0155787752009928,0.083531679585576,0.2525936216115951
3,71,37.0,0.5712524879672185,0.4025074190515367,1.5669143795967102,1.793165094712201,0.016773005016148,0.0966239105910062,0.3150572329759598
3,71,38.0,0.5772734271848364,0.3998336222600928,1.5413415431976318,1.775713166068582,0.0194899761117994,0.0974888671189546,0.2941796705126762
3,71,39.0,0.584738211126194,0.3888244108832344,1.5068785548210144,1.766874593846938,0.0153409666381776,0.0864877868443727,0.2933974787592888
3,71,40.0,0.5959434580913193,0.4209985684250389,1.4809604287147522,1.741047588516684,0.0187013284303247,0.093748103827238,0.2829253375530243
3,71,41.0,0.6042039355155598,0.418415224481401,1.452342301607132,1.7371155654682833,0.0197275411337614,0.0949198454618454,0.2839655503630638
3,71,42.0,0.618714393303503,0.4396706234941529,1.4231216609477997,1.7210030177060296,0.0143132735975086,0.0857161376625299,0.2848881222307682
3,71,43.0,0.6283931033217488,0.4493742776831012,1.3950375318527222,1.6945379243177523,0.0164187878835946,0.0918821990489959,0.2714106813073158
3,71,44.0,0.6426050580172457,0.4466980527642292,1.3736459910869598,1.6822992577272302,0.0203450501430779,0.1019127797335386,0.2811573296785354
3,71,45.0,0.6543978629915318,0.4334064832226597,1.344548612833023,1.6604207627913532,0.016512437723577,0.1054272595793008,0.305750124156475
3,71,46.0,0.6682885332803785,0.4701221980633745,1.318362295627594,1.6481301307678222,0.01501155924052,0.0964746307581663,0.2559185549616813
3,71,47.0,0.6601792324075295,0.4411789191200956,1.2907351553440094,1.6409288238076605,0.0171752157621085,0.095309279859066,0.2438389025628566
3,71,48.0,0.6948781761438371,0.4601834440069733,1.2660436630249023,1.6223947020138012,0.0158683632034808,0.0996756665408611,0.2604271583259105
3,71,49.0,0.715117212175556,0.4455369793605088,1.2508016228675842,1.6028230695163503,0.0212583630345761,0.126323465257883,0.3243654817342758
3,71,50.0,0.6979255122683101,0.4571919910155204,1.2265885472297668,1.602269709811491,0.0179288277868181,0.1075509544461965,0.2592010051012039
3,71,51.0,0.7318713890865274,0.4563372901608195,1.2078841626644137,1.5781114466050092,0.0226973653770983,0.1193634755909442,0.2993271648883819
3,71,52.0,0.7187297001521555,0.4583574921810215,1.1893061697483065,1.575856431792764,0.02683248789981,0.1307424213737249,0.2839200794696808
3,71,53.0,0.7330269396997844,0.461892845716375,1.1646523475646973,1.561000540677239,0.0218500834889709,0.1103209238499403,0.2725497633218765
3,71,54.0,0.7509106222111263,0.477899061722591,1.144170582294464,1.5547668975942277,0.0202744882553815,0.1143132783472538,0.274018183350563
3,71,55.0,0.7424208897296228,0.4575027913263207,1.118492990732193,1.5471347668591668,0.0148849771358072,0.0914583783596754,0.2339882403612136
3,71,56.0,0.7505997451449301,0.4730039568274862,1.1017580479383469,1.5226548265008366,0.0164782330393791,0.1084048543125391,0.2903812304139137
3,71,57.0,0.7638313758917583,0.4992665830901125,1.0807973891496658,1.5198238569147446,0.0151446131058037,0.1037761252373457,0.2788711972534656
3,71,58.0,0.7693789711454104,0.5243637081872375,1.0623149275779724,1.501760738036212,0.0159972684923559,0.1120707225054502,0.2763887494802475
3,71,59.0,0.778222796696553,0.5103530660515955,1.0407684296369553,1.4976071666268742,0.01722151809372,0.1112242005765438,0.3077968657016754
3,71,60.0,0.7851430458076614,0.4873867962103255,1.0273244082927704,1.4902052444570204,0.0226333034224808,0.1341541949659586,0.2773168347775936
3,71,61.0,0.7955919960386563,0.4925455263690557,1.0074015706777573,1.4702976942062378,0.0172749755438417,0.1012306548655033,0.215941023081541
3,71,62.0,0.7927309049176867,0.4929423517658811,0.9896979779005052,1.48138247237486,0.0188203474972397,0.1221158355474472,0.2873496264219284
3,71,63.0,0.8063664411140131,0.4864824921810216,0.9706830829381944,1.4529755410026102,0.0165725236292928,0.1104525923728942,0.2470938079059124
3,71,64.0,0.8057205552373837,0.5096090184325478,0.9513424187898636,1.4594159336651074,0.0211709202267229,0.1191657613962888,0.2326588071882724
3,71,65.0,0.8149796612190042,0.5091511429746723,0.9334671050310136,1.4443439399494844,0.0163347842171788,0.1018221769481897,0.2072285860776901
3,71,66.0,0.8329342145939003,0.514053103758986,0.9202722758054732,1.437168000726139,0.0202645738609135,0.1302998848259449,0.2861364372074604
3,71,67.0,0.8365114627508059,0.5031987620222914,0.905205637216568,1.4264227488461665,0.0196506413631141,0.137528121471405,0.2965928986668587
3,71,68.0,0.847877099815531,0.5111713449948744,0.8834102600812912,1.427462997156031,0.0172506789676845,0.1186389364302158,0.2602279931306839
3,71,69.0,0.8464036737144455,0.510774519598049,0.8660885542631149,1.4263770075405344,0.0153145755175501,0.1040559839457273,0.1941023357212543
3,71,70.0,0.8446245506003457,0.52188563070916,0.8542110174894333,1.4055687988505643,0.0187188168056309,0.1253011263906955,0.2427045032382011
3,71,71.0,0.857738053620254,0.529858213681743,0.8402592539787292,1.413732227157144,0.0167380201164633,0.1184807680547237,0.2233476154506206
3,71,72.0,0.8641645054190462,0.5111713449948744,0.8235760927200317,1.4074471515767717,0.0169173043686896,0.1136633660644292,0.229641456156969
3,71,73.0,0.855590529066324,0.5396621352503704,0.8116312325000763,1.39653300818275,0.0226611793041229,0.1380194630473852,0.2513339444994926
3,71,74.0,0.878068714837193,0.5236490633549457,0.7996645122766495,1.3848693006178912,0.0173600977286696,0.1266926620155573,0.2340738736093044
3,71,75.0,0.8642995977753931,0.5186566497228261,0.7832537889480591,1.3922320211634915,0.017983563710004,0.1182693131268024,0.2370222434401512
3,71,76.0,0.887217949265173,0.5423359320418143,0.7682062685489655,1.374116887765772,0.0181670719757676,0.1062103249132633,0.2015785276889801
3,71,77.0,0.8685236383496079,0.5243026581261875,0.758233979344368,1.3882328818826115,0.0233650794252753,0.1348672453314066,0.2498490512371063
3,71,78.0,0.8859563140749663,0.522703909652439,0.7506885081529617,1.3590888444115137,0.02902795933187,0.1617510505020618,0.2618526108562946
3,71,79.0,0.8954078915252836,0.5351569998628821,0.7322468012571335,1.3607263803482057,0.0232391515746712,0.1393067743629217,0.2508844546973705
3,71,80.0,0.8943587952561932,0.5276058704367528,0.7218822240829468,1.3726714653127334,0.0248412541113793,0.1466002725064754,0.2453707717359066
3,71,81.0,0.9049400471440652,0.5170377008612302,0.7054900377988815,1.3473862493739408,0.0243593589402735,0.1449216194450855,0.2468717843294143
3,71,82.0,0.8953285978113615,0.5360363288672112,0.690331220626831,1.3672228111940272,0.0191840422339737,0.1223742607980966,0.2072107829153537
3,71,83.0,0.907944156855492,0.5123368461603756,0.677197203040123,1.3464297168395098,0.0174134967382997,0.125363890081644,0.2477018982172012
3,71,84.0,0.9078894786649254,0.5292046189105012,0.6677857339382172,1.3421899823581471,0.0221144568640738,0.1374654620885849,0.2275370731949806
3,71,85.0,0.906932044693554,0.5217395145703969,0.6521292179822922,1.3544143494437724,0.0170681236777454,0.1260043364018201,0.2104584239423275
3,71,86.0,0.9130394873863626,0.531878415701945,0.6423759162425995,1.3374391667983112,0.0151015960145741,0.1089379582554102,0.1891876086592674
3,71,87.0,0.9139385803651132,0.5351816280125103,0.6307198107242584,1.3365214081371533,0.0188187845051288,0.126971723511815,0.220110572874546
3,71,88.0,0.9218055440247596,0.5227943625002448,0.6205717921257019,1.3391474653692808,0.0200885920785367,0.1194684691727161,0.1947490982711315
3,71,89.0,0.923699483418699,0.5291681969990794,0.6060530543327332,1.325019927585826,0.016643249662593,0.1074442341923713,0.1993403621017933
3,71,90.0,0.925683610402826,0.5280026958335782,0.5994723588228226,1.3233275834251852,0.0182248009368777,0.1158409584313631,0.2310797609388828
3,71,91.0,0.925683610402826,0.5411340089648913,0.585396483540535,1.3277464740416582,0.0153900340665131,0.105837631970644,0.1764052025973796
3,71,92.0,0.9218473382738712,0.5439228867537692,0.5759020298719406,1.3200547064051908,0.0143872189801186,0.115281730890274,0.199302352964878
3,71,93.0,0.9254563376755534,0.5370911767970591,0.5680983811616898,1.3220818645813883,0.0197486360557377,0.1268209423869848,0.2209297493100166
3,71,94.0,0.9314216025693896,0.5291681969990794,0.557111531496048,1.3309465464423684,0.0174879590049386,0.1283198557794094,0.1950783096253872
3,71,95.0,0.9348791370983528,0.5419026847335671,0.5481275767087936,1.324986860331367,0.0184885957278311,0.1372988130897283,0.2020973525941372
3,71,96.0,0.9295276631754504,0.5414448092756915,0.5370652005076408,1.332866723397199,0.0145622654817998,0.1106942612677812,0.1776343435049057
3,71,97.0,0.936773076492292,0.5434650112958935,0.5303029417991638,1.3000607630785774,0.0199432652443647,0.133053233847022,0.2325770668685436
3,71,98.0,0.93718072439994,0.556743399574282,0.5165821984410286,1.324173073207631,0.0151556655764579,0.1073619145900011,0.1709549874067306
3,71,99.0,0.9368632640824798,0.5487141943024295,0.5122180134057999,1.3098373202716602,0.0191637964453548,0.141683941707015,0.2277252785861492
3,71,100.0,0.9386685116804104,0.5663958182340535,0.4962803050875664,1.3278054167242612,0.0151027920655906,0.1107018385082483,0.1796964704990387
4,11,1.0,0.0870717907357045,0.0926384588923288,2.4906276023805374,2.4724781724828238,0.0044344156514853,0.0463009141385555,0.23632193505764
4,11,2.0,0.1080298927063444,0.1019575593395252,2.4700670873144723,2.455074373786972,0.0055034449789673,0.0627791162580251,0.3435371562838554
4,11,3.0,0.114486725413977,0.0967492260061919,2.4556956903479907,2.440870048026361,0.0061291923280805,0.0494720689952373,0.2704686850309372
4,11,4.0,0.1172156524220193,0.0879772961816305,2.4452194944893804,2.430075940295789,0.0069131812546402,0.0626100994646549,0.4127403423190117
4,11,5.0,0.1251302302454118,0.0807533539731682,2.43437281564052,2.4216735631051147,0.0080648184288293,0.0643549922853708,0.4421684026718139
4,11,6.0,0.1384448185260055,0.0999562185320699,2.424212965983825,2.4157532037362546,0.0064359141979366,0.0556495133787393,0.3086921602487564
4,11,7.0,0.1348509606428339,0.1156237295556181,2.416180294311464,2.4091053418153843,0.011643898114562,0.0970374189317226,0.5520421743392945
4,11,8.0,0.1431982700949666,0.1100243925321324,2.4088120683157954,2.4019785336488804,0.0065273270010948,0.0460465565323829,0.2208034604787826
4,11,9.0,0.1402764951547146,0.1095083966600994,2.4030569462460765,2.3946761167966404,0.0107426795177161,0.0856233388185501,0.3998255640268325
4,11,10.0,0.1491902637569331,0.0975466741720611,2.395156026350385,2.3877999317011183,0.0095023044385015,0.0765640720725059,0.4468793004751205
4,11,11.0,0.1452079009349846,0.0904869124683366,2.3873843590109263,2.3805221650727404,0.0050984651781618,0.0313202045857906,0.1620054990053177
4,11,12.0,0.1430261591045865,0.1110857580671822,2.379646387545515,2.373079888214021,0.0097225592471659,0.0797006279230117,0.3280548602342605
4,11,13.0,0.1559823588399016,0.1312095970764701,2.371643439341148,2.366762886385946,0.0099398043937981,0.0844012640416622,0.3890567094087601
4,11,14.0,0.1570839877740773,0.111583325515214,2.3612310784336192,2.359365120441956,0.0112821181304752,0.075203425809741,0.3387721806764602
4,11,15.0,0.1610760589993912,0.1355067704912906,2.3499560922036373,2.348250458226401,0.0160806218162179,0.1185261394828558,0.5717585921287537
4,11,16.0,0.1756320669789514,0.1644697751508897,2.339547193467849,2.3457840843313544,0.0069265526719391,0.0454968765377998,0.1983115434646606
4,11,17.0,0.1818909501175338,0.1519654751852894,2.330729891817857,2.341094771785849,0.0100991700775921,0.0670631200075149,0.3198705673217773
4,11,18.0,0.2033382732355896,0.1460753041248397,2.3199243619748127,2.3316243343804715,0.0156043153256177,0.0982904568314552,0.4946659922599792
4,11,19.0,0.2178858071020325,0.1831018192763548,2.307562726944801,2.323510181268997,0.0136929460801184,0.0964491032063961,0.5168879479169846
4,11,20.0,0.2092104123369121,0.1758606772054914,2.294774073107233,2.3086377488085503,0.007579175941646,0.0424075216054916,0.1826230555772781
4,11,21.0,0.2164547251083405,0.1735214959189417,2.280769867655832,2.29099879321262,0.0098101749084889,0.0424527913331985,0.1965775325894355
4,11,22.0,0.2327420953195829,0.1775728453263282,2.2656241279631737,2.272317879298735,0.0133639529347419,0.0972979962825775,0.515972962975502
4,11,23.0,0.2448671069771694,0.206920599180661,2.248075082608234,2.260793362848857,0.0155868844129145,0.0923592858016491,0.4407990872859955
4,11,24.0,0.2330558373286536,0.212435305063014,2.2318461330948174,2.249560370247745,0.0184576557949185,0.110878998786211,0.4940677016973495
4,11,25.0,0.2589057525687665,0.2151074405041123,2.2162140621749344,2.237906801630054,0.0150376766920089,0.0700951918959617,0.2812382966279984
4,11,26.0,0.2756792227151969,0.2295362682553085,2.203156670707673,2.233694619681003,0.0389080869033932,0.1456394620239734,0.5920110464096069
4,11,27.0,0.2822480889460173,0.2127836022766362,2.195158539115223,2.2412349288985576,0.0277666971087455,0.1472442284226417,0.5407666385173797
4,11,28.0,0.311872440236402,0.2495757693029364,2.179294226234525,2.206675278364554,0.0313747553154826,0.1318246886134147,0.5784984052181243
4,11,29.0,0.3135657835205907,0.2235636160365262,2.1624649424497258,2.192219907715476,0.0233776398003101,0.1421931691467762,0.6214939922094345
4,11,30.0,0.2924721784774176,0.2391201097663946,2.1531542191709527,2.17449812211934,0.0208483926951885,0.1110711500048637,0.5334041148424149
4,11,31.0,0.3287087757267528,0.2407884964193013,2.143532102673898,2.1623300730124027,0.0244947630912065,0.1631567366421222,0.8069480508565903
4,11,32.0,0.3300907910345401,0.2722370347660596,2.113771230794113,2.1626793872675245,0.0261138632893562,0.1271187208592891,0.559584978222847
4,11,33.0,0.3221318037887386,0.2588081025871274,2.0988400056668293,2.179464977873853,0.0229798305779695,0.1196199372410774,0.643057519197464
4,11,34.0,0.3240246449567958,0.2368160681337926,2.0939418596980173,2.173122789732804,0.0284713916480541,0.1389251843094825,0.544432133436203
4,11,35.0,0.3032492482410495,0.2247806179888223,2.069655456431645,2.146432478752362,0.0249747939407825,0.1018355056643486,0.5295045971870422
4,11,36.0,0.3116291626440002,0.2388800516219247,2.0566237770629763,2.1181567914387176,0.0242845620959997,0.1416702508926391,0.7171654343605042
4,11,37.0,0.3547437726869017,0.2856916271293206,2.032512882804129,2.1054202889549662,0.0250846102833747,0.1253605082631111,0.5962606430053711
4,11,38.0,0.340113720277394,0.2747181149174183,2.016861034274565,2.1063612819423336,0.0224920604377985,0.1161756284534931,0.6300909906625748
4,11,39.0,0.3374958161872255,0.2850068576074768,2.0085870440368057,2.0901416829351844,0.0299583453685045,0.1321750447154045,0.5715228199958802
4,11,40.0,0.3578060136640763,0.3069538820312814,1.992018173640804,2.066061592666355,0.032877847738564,0.1766142711043357,0.8172609657049179
4,11,41.0,0.3604739256260013,0.2745706596035543,1.9695514064818505,2.056722282657962,0.0123684284742921,0.0543181624263525,0.2576797693967819
4,11,42.0,0.3425373356624355,0.2865041391357181,1.9692651395204,2.055655912534725,0.0293526627123355,0.1371999740600586,0.7029638230800629
4,11,43.0,0.3918634181812073,0.2930605116847377,1.954134651659064,2.045346209283411,0.0346862316131591,0.1604825973510742,0.6488395214080811
4,11,44.0,0.3880494820129478,0.3035553595441366,1.941678878398257,2.0406392283693573,0.0234082398936152,0.1276766553521156,0.5836556315422058
4,11,45.0,0.4012241954041266,0.3243719816475234,1.928300537487876,2.0087137363366123,0.0286749089136719,0.1691161796450614,0.8392667293548584
4,11,46.0,0.391150130320363,0.2941771764527183,1.9139116422675464,1.978811845271545,0.023656752333045,0.1082444913685321,0.613307535648346
4,11,47.0,0.4200927553001221,0.2908497848900326,1.9013594050351748,1.9671753285199227,0.0271106036379933,0.1435061424970626,0.7353666424751282
4,11,48.0,0.4372203560428445,0.3067189475471209,1.8814170573935896,1.975980448299611,0.0209826342761516,0.1433964490890503,0.6848669528961182
4,11,49.0,0.4192071238853753,0.319158133747917,1.8809462660481493,1.981453064630723,0.0253296414390206,0.1289169028401375,0.656666362285614
4,11,50.0,0.436155832005496,0.3343628121104902,1.872897810973082,1.9682341496619955,0.0357913540676236,0.1498667865991592,0.659582006931305
4,11,51.0,0.4340247370277565,0.3214285155848623,1.8587958664281825,1.9542308954092171,0.0267946505919098,0.1454956576228142,0.7769601047039032
4,11,52.0,0.4398068078449217,0.3217757378070845,1.844921268841636,1.9297206387717345,0.0229320403188467,0.0935315832495689,0.4857753753662109
4,11,53.0,0.4519431964145809,0.3594070403280929,1.8227779076720956,1.9066787217495709,0.0348989408463239,0.1832276731729507,0.8708740711212158
4,11,54.0,0.4573414456928094,0.3529246886154781,1.7945716501673836,1.910596405966042,0.0297117346897721,0.1451455652713775,0.7557047247886658
4,11,55.0,0.4487338856729753,0.3629167336791175,1.790574699988161,1.8960200597548629,0.0274508506059646,0.1840834610164165,0.7421287387609482
4,11,56.0,0.4569895041679555,0.3640737176050643,1.785214045168361,1.8904920414354676,0.0502382831647992,0.2098223060369491,0.833176851272583
4,11,57.0,0.4471664161883728,0.3402672512386134,1.7842200154924208,1.903116744650892,0.0525646682828664,0.2306568369269371,0.8317601919174195
4,11,58.0,0.4254350099299906,0.3805431722130638,1.7667789728261154,1.8700659042279395,0.0431856513023376,0.1807528734207153,0.6542850434780121
4,11,59.0,0.3964320577727433,0.3289529667528894,1.7927748730210478,1.8905561118436285,0.0546897206455469,0.2553969100117683,1.1140043199062348
4,11,60.0,0.4094199840890371,0.3288371608611546,1.79701067408699,1.888789056320868,0.0342522531747818,0.1427785813808441,0.6198366463184357
4,11,61.0,0.423060742571121,0.3170827302212751,1.7959300070885091,1.9113648502078988,0.0478721059858799,0.1709797218441963,0.6684647917747497
4,11,62.0,0.4722704653635703,0.3606542816488636,1.76408850404539,1.888118347472693,0.0472881145775318,0.2168069243431091,0.7079756855964661
4,11,63.0,0.4651592803648474,0.409873698283141,1.7222267366105015,1.8629114754806608,0.0243445895612239,0.1105394303798675,0.5177645802497863
4,11,64.0,0.458953072059475,0.3905458415423586,1.715151668986458,1.8562080867191744,0.0291984299197793,0.1604119881987571,0.9540006220340728
4,11,65.0,0.4657445036344413,0.4034203852992553,1.7096259807334335,1.835955613463588,0.0328189596533775,0.1336094841361045,0.5287473618984222
4,11,66.0,0.4879824765278093,0.391743675141508,1.687598074456597,1.8076434156598424,0.0443349646404385,0.2018547885119915,0.8074649512767792
4,11,67.0,0.4716326835147824,0.3387875884005915,1.679501499183447,1.8517191367741872,0.0258313801139593,0.1185966417193412,0.5260839462280273
4,11,68.0,0.4947098191784043,0.3605575324228575,1.6917008926896269,1.8173116586617464,0.0626262452453374,0.2457339972257614,0.7135376811027527
4,11,69.0,0.5145818079363712,0.3926749248343675,1.6561418034223268,1.822914211707708,0.0336865093559026,0.1260011985898018,0.5485143721103668
4,11,70.0,0.507910078154839,0.4068053936087992,1.6589701333398486,1.809469768281519,0.0391403194516897,0.1981327436864376,0.9182565093040468
4,11,71.0,0.4882567373413837,0.3796354606435876,1.640758680926223,1.794110734787213,0.0423898978158831,0.1551374927163124,0.6460527837276459
4,11,72.0,0.4626955931917138,0.3473857186415237,1.648220630935194,1.8099210318729015,0.0384628953412175,0.1547271385788917,0.592398178577423
4,11,73.0,0.4852409352099401,0.3797839490660697,1.633603796420858,1.781248142027996,0.0369133215397596,0.1532745443284511,0.603746372461319
4,11,74.0,0.5139744673819222,0.4290122448500932,1.6086337301981588,1.7651312612217558,0.0486839888617396,0.2115287780761718,0.7422779083251954
4,11,75.0,0.4919646467398826,0.4275052465164694,1.5950157609895046,1.7625984454296044,0.0383076481521129,0.1811039313673973,0.676129412651062
4,11,76.0,0.500865218430408,0.3929075697264552,1.629438429027216,1.768191275511973,0.0468557883054018,0.21329046189785,0.8789680421352386
4,11,77.0,0.5272360209135325,0.4507734353709585,1.6058722465418656,1.7387352278952062,0.0482032261788845,0.2179059818387031,0.6957346200942993
4,11,78.0,0.510248866841312,0.3574801531457878,1.5755189476310048,1.7808921915539624,0.0259923465549945,0.1468623086810112,0.619542783498764
4,11,79.0,0.488414452977123,0.3559137371056876,1.5986055534637391,1.772162392999999,0.0415963780134916,0.2122733816504478,0.8861033499240876
4,11,80.0,0.507171560009606,0.4028427798551637,1.5762331801165868,1.7401401072564209,0.0328610002994537,0.1684263780713081,0.7147240936756134
4,11,81.0,0.5341077686422432,0.4329456104610903,1.5637988909673135,1.7207213597890187,0.0300360847264528,0.1321015089750289,0.5233728349208832
4,11,82.0,0.5500639354912672,0.4658845755207985,1.541382557223279,1.7106112277014016,0.0246645310893654,0.1209543988108634,0.5527486026287078
4,11,83.0,0.5584583975721394,0.4724601164229647,1.5256749164269592,1.712147093383518,0.0370770093053579,0.182335190474987,0.6480384647846222
4,11,84.0,0.545743872566581,0.4501296132488083,1.5143375709826843,1.7128161869105505,0.0285553684458136,0.1292602881789207,0.5201876282691955
4,11,85.0,0.5605240596292028,0.4490488141029936,1.5117523484656783,1.6922030519451616,0.0393036633729934,0.2167478427290916,0.7657807290554046
4,11,86.0,0.5670393244906322,0.482093002671563,1.4899125646524392,1.67518186780828,0.0317329866811633,0.154972094297409,0.5931634604930878
4,11,87.0,0.5634012486851031,0.4799465380250984,1.4910389338022076,1.674117897389203,0.0421480879187583,0.219297257065773,0.7975080698728562
4,11,88.0,0.5551432627145513,0.4594834484830615,1.4919946810614737,1.662298743541424,0.0354434195905923,0.1750243484973907,0.6094238579273223
4,11,89.0,0.5597984500635077,0.4617788483016811,1.4856188612689305,1.6716658892716176,0.0270520880818367,0.1291149601340294,0.5068482220172882
4,11,90.0,0.566186764873975,0.4425380658643043,1.4709973159003351,1.657721845355965,0.0241481520235538,0.119472262263298,0.4710354924201965
4,11,91.0,0.5747311755460451,0.4656108994634536,1.4495999367784431,1.642799115039893,0.0233881469815969,0.1310457184910774,0.608598580956459
4,11,92.0,0.5738041059839571,0.4459471567733952,1.4407253024179183,1.63327238051849,0.0799822909757494,0.2766481533646583,0.6743784964084625
4,11,93.0,0.5356605467822674,0.3841268864004932,1.4482248961229731,1.692763463279905,0.0284825509414076,0.1451549567282199,0.5153713583946228
4,11,94.0,0.5552249457824566,0.3971789573086012,1.4767998563640312,1.6611538547030569,0.0427138149738311,0.1639218673110008,0.5160559296607972
4,11,95.0,0.5877101143448529,0.4459096856445927,1.4332489169525264,1.6293544896255585,0.0238718235865235,0.1166844695806503,0.5554310917854309
4,11,96.0,0.5878364810725633,0.4024937147905414,1.4151111075850311,1.6350538829374597,0.0430474881082773,0.2010340273380279,0.5662649095058441
4,11,97.0,0.5860093710347669,0.3942562092620142,1.420153781133867,1.6557903959906313,0.0583960626274347,0.2553436800837517,0.7692886769771576
4,11,98.0,0.6058598574611013,0.4296019264962763,1.4119585321107264,1.6346108730022724,0.0332315985113382,0.1792370572686195,0.8204731404781341
4,11,99.0,0.6117562247871399,0.4640692221864823,1.3992426643575675,1.6067972077420478,0.0311583288013935,0.1671428516507148,0.6992331594228745
4,11,100.0,0.5982297851768736,0.4720100300885905,1.3884691440641648,1.590592775119127,0.0334507063031196,0.1682762637734413,0.4890835613012314
4,23,1.0,0.0753543422951317,0.0472370766488413,2.48288817906658,2.479257917968479,0.0013202354268287,0.0125703289697412,0.0505974546074867
4,23,2.0,0.1192311995648461,0.0641711229946524,2.473681382168128,2.4731390179967034,0.0034027435816824,0.0228437827900052,0.0904045969247818
4,23,3.0,0.1120232761315188,0.0779153766769865,2.464865174274964,2.465821182939428,0.0031509289285168,0.0206425841897726,0.0854470118880272
4,23,4.0,0.1015290865149887,0.0903930950370578,2.4547941211596536,2.455364450195132,0.0058388491626828,0.0345246752724051,0.1582467183470726
4,23,5.0,0.1008139758244741,0.0959486505926134,2.4439775637615515,2.443088850326087,0.0029495475813746,0.0205592676997184,0.115880075097084
4,23,6.0,0.0966969123324106,0.0828173374613003,2.433239855191123,2.431310917498797,0.002834125875961,0.0180088975233957,0.1034531111828982
4,23,7.0,0.0942692884867136,0.087719298245614,2.422221237583383,2.4172624497724,0.0124995201360434,0.0768540933728218,0.3030598327517509
4,23,8.0,0.0980955298234533,0.087719298245614,2.4108328949152726,2.4047781038566454,0.0108342404011636,0.0850578337907791,0.4570960089564323
4,23,9.0,0.1121932741843556,0.0980392156862745,2.404248825770872,2.394037661467784,0.0093652377370744,0.062181257456541,0.3118964225053787
4,23,10.0,0.1279689145840561,0.1176470588235294,2.3997403471386387,2.386034023126907,0.0083801287226378,0.0531579539179801,0.2633721619844437
4,23,11.0,0.1469298202330917,0.1394127028801951,2.393037301557073,2.378130560090556,0.0085366972256451,0.0542571395635604,0.2751846313476562
4,23,12.0,0.1633966913057258,0.1068111455108359,2.3805187574156528,2.3714346462452904,0.0153363583609461,0.0668794803321361,0.2553921431303024
4,23,13.0,0.2019802019267104,0.1092753189792663,2.3667126082260785,2.3677993878810364,0.0050032668747007,0.0282469555735588,0.1096073983237147
4,23,14.0,0.2056343907052793,0.1239091769084029,2.356417817364407,2.35940413785404,0.0169574856758117,0.0741565786302089,0.3039701268076896
4,23,15.0,0.205878970620112,0.1104449096225412,2.343558108296376,2.345059313012298,0.0232656103558838,0.1256291698664426,0.5069354102015495
4,23,16.0,0.1802790870255076,0.1460658246552209,2.3321162485426967,2.3401076130613068,0.0194277711212635,0.09925222620368,0.4035315752029419
4,23,17.0,0.1683707987674353,0.1215560207336523,2.3285057572539216,2.3303189446940227,0.0065142285078763,0.0337633719667792,0.1491270631551742
4,23,18.0,0.2046724277362375,0.1589875144635206,2.3194707710919213,2.315138764635346,0.0172195662744343,0.1167145431041717,0.5324313312768936
4,23,19.0,0.2113806848624277,0.1518557283359914,2.297914532835845,2.303198030009072,0.0086098545230925,0.0436421751976013,0.1984863638877868
4,23,20.0,0.2012468344170272,0.1314566915282859,2.2807434996742217,2.2927041575753475,0.0232100295834243,0.0904573731124401,0.3815542161464691
4,23,21.0,0.1966844814209235,0.1390324491040435,2.2691422139624216,2.2852985703733544,0.0145324612967669,0.0783264733850956,0.3198331847786903
4,23,22.0,0.2228778575803051,0.1652934140163242,2.254300468162804,2.2717754812635613,0.0222714417614042,0.0739107146859169,0.2722544938325882
4,23,23.0,0.2445971314142407,0.1871684140163242,2.2330620251740925,2.2574760617589105,0.0165906538255512,0.0632673934102058,0.2442080169916153
4,23,24.0,0.2591092373272224,0.1937105184976701,2.213576572878352,2.2282749181668438,0.0213846053928136,0.0790880560874938,0.3692773848772049
4,23,25.0,0.2854514888784406,0.2228406354567345,2.1851569966119557,2.1997117248512583,0.0229472551494836,0.0930962368845939,0.4664682596921921
4,23,26.0,0.3166365605945273,0.2283384346561591,2.1671205383330467,2.19253388241198,0.012273917440325,0.0406076591461896,0.1770051954314112
4,23,27.0,0.3272487260624159,0.2386583520968195,2.142936418956356,2.1722434850839467,0.0278505435213446,0.0775918707251548,0.3784087389707565
4,23,28.0,0.3412835519188502,0.2538364488538637,2.112727539084765,2.1505375247029863,0.0261667240411043,0.109159105271101,0.5020325541496277
4,23,29.0,0.2973888586195617,0.2394605888607436,2.0983679582172794,2.145753610768967,0.0256026335060596,0.1056511044502258,0.4638311117887497
4,23,30.0,0.3195610051598093,0.2638062122775745,2.088871597779864,2.1196168301373546,0.0387496445327997,0.1344323113560676,0.6918349176645279
4,23,31.0,0.3380848273955377,0.2468221299684148,2.0590514812024185,2.126844849106828,0.0252927193418145,0.1035777457058429,0.5039349228143692
4,23,32.0,0.352690557411802,0.3086538762235357,2.0612223241115823,2.118884102127256,0.039338955655694,0.1340115167200565,0.608651527762413
4,23,33.0,0.3553216495350753,0.2711095083966601,2.039666232431909,2.1202480186372115,0.0423685457557439,0.1417471475899219,0.5084747493267059
4,23,34.0,0.3258402021754885,0.2595509076836476,2.015959766588322,2.118720432710365,0.025521358475089,0.1032830603420734,0.586698853969574
4,23,35.0,0.3717608994304723,0.2796435719423335,1.9989363609121005,2.0716798065682136,0.0312104579061269,0.1011219322681427,0.4563067734241485
4,23,36.0,0.3786670200588973,0.3342158035462989,1.9670438942742252,2.0248290406176324,0.0248473463580012,0.1034185871481895,0.5087750583887101
4,23,37.0,0.3525337317990494,0.309385359008037,1.9532515334711928,2.010644694051799,0.0247337544336915,0.103363762050867,0.5023094028234482
4,23,38.0,0.3450742635313104,0.3128689175032054,1.9382121739220528,1.992151033243484,0.0420794984325766,0.1196511358022689,0.4700656831264496
4,23,39.0,0.3482452905770175,0.2895864605810426,1.9181325542323784,1.992184531759228,0.0246499322354793,0.0783113658428192,0.3839855492115021
4,23,40.0,0.3648489113314741,0.3093053210119773,1.8950674329750268,1.9716086246558195,0.0470103878527879,0.1492365770041942,0.7434610337018966
4,23,41.0,0.3636939207497918,0.2965321754698689,1.874091733290528,1.972939265550241,0.0270804151892662,0.1232300356030464,0.8223901897668838
4,23,42.0,0.4059567070445329,0.3453956163805234,1.8711046490687804,1.9438479412236864,0.0353824276477098,0.1394612431526184,0.6975417375564575
4,23,43.0,0.4212613285681594,0.3536249687275228,1.8543348293823956,1.9407023501819407,0.028829051554203,0.1225656650960445,0.6540633559226989
4,23,44.0,0.4246530574533094,0.3384499014916971,1.840439432325994,1.9438088871318209,0.0274897187948226,0.1049122139811515,0.5683326065540314
4,23,45.0,0.416514408976615,0.3336463512837351,1.8192021976649069,1.9430701365837684,0.023632931895554,0.0938853107392787,0.4770523726940155
4,23,46.0,0.4369216591900962,0.3699351291553304,1.8102453181715792,1.916001185862976,0.0408434297889471,0.1466603845357895,0.5303006857633591
4,23,47.0,0.4531784767916986,0.3599607725865466,1.7805963360381962,1.9018706866269983,0.0306487480178475,0.1403750598430633,0.6212192833423614
4,23,48.0,0.4251563557689577,0.3459350666103762,1.779808291665311,1.8864095006468733,0.0431989938020706,0.157758579403162,0.7402279704809189
4,23,49.0,0.4563511010954419,0.3530963661381618,1.764769664534335,1.8835803982774184,0.0323007585480809,0.1313546784222126,0.6890316486358643
4,23,50.0,0.4424947856383827,0.330168516768749,1.7463978348075184,1.9015909560333344,0.0253303300589323,0.0853289246559143,0.3365695625543594
4,23,51.0,0.4378067077255207,0.3439534246713039,1.7499085664749146,1.8912361528746475,0.0357662450522184,0.1291139230132102,0.5654325127601624
4,23,52.0,0.4492604747453972,0.3324694311536417,1.7211049359132344,1.8689694954798768,0.0412580195814371,0.1904551804065704,0.6615216374397278
4,23,53.0,0.4803363098600859,0.347460186227601,1.7147174526281397,1.858110228233789,0.0409083932638168,0.1396458983421325,0.5609474450349807
4,23,54.0,0.4443882006407002,0.3785642805766644,1.6995210963000584,1.8231573542194253,0.0501539073884487,0.1921024322509765,0.6517284929752349
4,23,55.0,0.4424887688410525,0.3718761308351091,1.6965908224944477,1.81829035282135,0.0612851079553365,0.2512969300150871,0.8813255846500396
4,23,56.0,0.489939041599276,0.3688242302503138,1.6776955076692632,1.8225853414930533,0.0290564261376857,0.1313125997781753,0.5857617646455765
4,23,57.0,0.454489181164913,0.3431174722680141,1.6668309914926611,1.845998201849898,0.049339398369193,0.1786607086658477,0.7928207755088806
4,23,58.0,0.439500437006336,0.3056549433968165,1.6668619246798266,1.87298105736456,0.0435507468879222,0.1794700413942337,0.6145231604576111
4,23,59.0,0.4514237180925511,0.3340843195332359,1.668675049733559,1.824437037022156,0.0453530862927436,0.2152091309428215,1.0852182447910308
4,23,60.0,0.4780060514992925,0.3587398755355411,1.6492310479457275,1.7959329686926666,0.0462669171392917,0.1811252400279045,0.7205734252929688
4,23,61.0,0.4539114102493962,0.3506215404822215,1.6597392373511763,1.8042050769343176,0.0402804005891084,0.1632705971598625,0.7539254009723664
4,23,62.0,0.4924345445277096,0.3592150217343715,1.647509207753356,1.782482073857234,0.0409534465521574,0.1469713732600212,0.6425386428833008
4,23,63.0,0.4978147947987772,0.3272404775307252,1.611768364906311,1.7770177527997622,0.0328112002462148,0.1208011731505394,0.509624820947647
4,23,64.0,0.5195907073671631,0.3536798910154173,1.5878048907921936,1.7572981845697708,0.0455738957971334,0.1588241040706634,0.6016662687063217
4,23,65.0,0.5011348948404021,0.3734224012571536,1.564551557548315,1.7412525500066185,0.0307795969769358,0.1380372732877731,0.5534445881843567
4,23,66.0,0.5085975677790987,0.3823647660818713,1.557628063840161,1.737550989410581,0.0641156297177076,0.2610410034656524,0.9540073931217192
4,23,67.0,0.5252930294278678,0.3833533253811891,1.5446149444765618,1.7509004110415307,0.0393178090453147,0.1709745742380619,0.6416051477193833
4,23,68.0,0.555009540298394,0.3633655635300372,1.543325199691238,1.7327490734630788,0.0355087924748659,0.1787865698337555,0.8424099653959274
4,23,69.0,0.5415535966237853,0.3937922736877845,1.5364223871713485,1.722862050378111,0.0297299779951572,0.1382943421602249,0.601563349366188
4,23,70.0,0.5354197398790264,0.3657884964193014,1.5338937313176315,1.7069550844339223,0.0479736244305968,0.1757011532783508,0.5774700939655304
4,23,71.0,0.535610621092944,0.3963420555622567,1.5170588451600724,1.7015713968220547,0.0267390079796314,0.1259949564933777,0.5742593288421631
4,23,72.0,0.5358103969321174,0.4278050015859613,1.5130841597508828,1.7009383461179113,0.0369856189936399,0.1250810906291008,0.4498411297798156
4,23,73.0,0.5577321957491131,0.4461632160838817,1.492914933638814,1.708045463590227,0.0639337997883558,0.1901574820280075,0.5813297510147095
4,23,74.0,0.5152349542932049,0.3887685038130084,1.4991957700669998,1.78962851064445,0.04823765065521,0.1772037379443645,0.725894370675087
4,23,75.0,0.5415229083382179,0.3871532803711596,1.5387832283509844,1.755242385102447,0.0630699560046195,0.2111730024218559,0.820251601934433
4,23,76.0,0.5491198455644145,0.4594240307765849,1.4886937062564063,1.6984851543719952,0.0512203812599182,0.1750648215413093,0.6405144155025482
4,23,77.0,0.5240840606917035,0.4514469942682017,1.482877698853786,1.7105566051584729,0.0523054342716932,0.1658835470676422,0.5476142227649688
4,23,78.0,0.5284444428951308,0.4495517844298804,1.505956999522703,1.6672220032596023,0.0563111148774623,0.200233107805252,0.6969068467617034
4,23,79.0,0.5334288529597281,0.4503884209186066,1.4661470874274287,1.644353559031289,0.0568698119372129,0.1976358011364936,0.6945199131965637
4,23,80.0,0.5049145031677825,0.3687542162000366,1.4574907480046906,1.717303247141415,0.0376457527279853,0.1475420996546745,0.6553083717823028
4,23,81.0,0.5393810634987047,0.3864636105638427,1.489734760518204,1.680917037309274,0.0754664227366447,0.2721082627773284,0.9790907084941864
4,23,82.0,0.5640587971570014,0.4452292440102037,1.428796398500524,1.6596115016372952,0.0474582325667142,0.1884427815675735,0.7493476420640945
4,23,83.0,0.5706607847950232,0.5043855321235352,1.4285773655783804,1.6341240286121708,0.0491155743598938,0.1673560634255409,0.5893489301204682
4,23,84.0,0.5925960302894994,0.4834659062987236,1.4141310402391485,1.6201859508040388,0.0438198532909154,0.1655607223510742,0.5851801484823227
4,23,85.0,0.5882246673810023,0.4641421540705596,1.408371147478601,1.6307837546929804,0.0460299413651228,0.1501172393560409,0.5845175385475159
4,23,86.0,0.5974803372674714,0.4171349301283512,1.3985842211237214,1.6393221334592831,0.0495196230709552,0.1970227912068367,0.647915381193161
4,23,87.0,0.5844580216815659,0.4551232694034551,1.3863186910458576,1.604203574050813,0.048934643343091,0.2376584947109222,0.7548469543457031
4,23,88.0,0.555654898413057,0.4297531791823588,1.3844653866634296,1.6573389768600464,0.0440440312027931,0.1801302835345268,0.6922982156276702
4,23,89.0,0.5720950585302289,0.4239009260003842,1.4101847238577758,1.6328106949315269,0.0447851944714784,0.1770122587680816,0.7300374507904053
4,23,90.0,0.5971820120946262,0.4518348707106447,1.364157312111168,1.6125046628466724,0.0426595827564597,0.1789836384356022,0.6509861946105957
4,23,91.0,0.5590261846815798,0.4246512699976322,1.3541357249369417,1.649536890391062,0.0331772899255156,0.1460695460438728,0.508158141374588
4,23,92.0,0.5567149103518285,0.4274138582865363,1.3804305369751926,1.6423565904064292,0.0538847882300615,0.2254833310842514,0.782486891746521
4,23,93.0,0.5629760136369079,0.4426002617953082,1.372421240064421,1.6372267684992954,0.0449113059788942,0.1763975441455841,0.6289667963981629
4,23,94.0,0.5954606421036793,0.4768643841109012,1.3442635000447818,1.5850872182281766,0.0464917778968811,0.1684549033641815,0.5723879635334015
4,23,95.0,0.6078123887679359,0.4723059319421549,1.320139825112161,1.5664300975009535,0.0290636640042066,0.1124264791607856,0.4983014047145843
4,23,96.0,0.6226275989203921,0.4560360906723135,1.320791472488804,1.5651399870595988,0.043119678646326,0.1717397332191467,0.6506897300481796
4,23,97.0,0.6166646506722094,0.4581530419185218,1.293143911584342,1.5618508673278535,0.0345442246645689,0.1436387509107589,0.5941774904727936
4,23,98.0,0.5986886765117247,0.4407626268210633,1.2824719685060968,1.562481091572688,0.0232418680563569,0.1000536516308784,0.4837306529283524
4,23,99.0,0.5902638126462314,0.4717257437265176,1.2857046331413062,1.560169456273141,0.0451902654021978,0.2050290659070014,0.6669876992702484
4,23,100.0,0.5934361645992786,0.4736837358547884,1.284269118123481,1.5702556682056223,0.0489309091120958,0.185025069117546,0.7043037176132202
4,37,1.0,0.1008860039825085,0.0730134158926728,2.4826679777078597,2.4805743666090203,0.0035080783301964,0.0185354940593242,0.0961909979581832
4,37,2.0,0.1080176067933027,0.0724974200206398,2.473414997182468,2.473779737596681,0.0045421176357194,0.0408342879265546,0.2487099558115005
4,37,3.0,0.1010748893452661,0.0860071301247771,2.464707560112504,2.464427356889262,0.0032395931659266,0.0167384361848235,0.1049741432070732
4,37,4.0,0.0909480976550245,0.0839869281045751,2.4556196858446886,2.4541456487757216,0.0078911376884207,0.0598550174385309,0.3039028972387314
4,37,5.0,0.0863794520149503,0.0909090909090909,2.446418443078661,2.4450034587340945,0.0084965340327471,0.0395630981773138,0.2854418188333511
4,37,6.0,0.0869784196721886,0.0958110516934046,2.436217395248116,2.4349737731662726,0.0058339787647128,0.0325901666656136,0.227264030277729
4,37,7.0,0.0852423085610775,0.0926212590299277,2.425802178883831,2.426987343285916,0.0066305103711783,0.0560306169092655,0.4380895480513572
4,37,8.0,0.0886806076395742,0.088235294117647,2.416590310256305,2.414350142845741,0.0068589676637202,0.054763088747859,0.3938372299075127
4,37,9.0,0.0886436691052952,0.0958110516934046,2.408579350445521,2.401041634689421,0.0105566585902124,0.0693900201469659,0.4936998888850212
4,37,10.0,0.0925000520840186,0.088235294117647,2.4002581477629072,2.389039186330942,0.0074669771827757,0.0337312590330839,0.1721418738365173
4,37,11.0,0.1005477168386103,0.088235294117647,2.392397515040891,2.382412615612414,0.0144622527528554,0.0594406489282846,0.3456213071942329
4,37,12.0,0.1146033647603396,0.0833333333333333,2.3826308185488334,2.377129724039834,0.0122854358516633,0.0669255673885345,0.3649554923176765
4,37,13.0,0.1245463929234525,0.0926212590299277,2.372302120297799,2.3684026390843136,0.0080029806122183,0.0404321175068616,0.2088204026222229
4,37,14.0,0.1472359249359929,0.1116427432216905,2.362053236608839,2.3600290385929084,0.0155400726012885,0.0789441339671611,0.4290238827466964
4,37,15.0,0.1516009408191659,0.1325185875785721,2.3512469757391785,2.352583057076268,0.0124078885652124,0.0627227168530225,0.3218186378479004
4,37,16.0,0.1494451226909033,0.1099305751008537,2.3425451790776237,2.343003759722738,0.0155195203609764,0.0493496119976043,0.1953546166419983
4,37,17.0,0.1546161762747109,0.1227146660099446,2.330440292098643,2.3283164501190186,0.013245528563857,0.0675152391195297,0.3526767581701279
4,37,18.0,0.1579907041713152,0.1279638490164805,2.315290561445956,2.3126043737287354,0.0185373913496732,0.0804069891571998,0.5531902760267258
4,37,19.0,0.1521420887232357,0.106060606060606,2.3023304605298467,2.307122511271189,0.0199590024538338,0.0791205652058124,0.3934837609529495
4,37,20.0,0.1429771150035907,0.1112689393939393,2.298269540883224,2.308116409200183,0.0254063984379172,0.0931506417691707,0.4493510156869888
4,37,21.0,0.1596948088594425,0.1307765151515151,2.2886647742082173,2.295591345905552,0.0196541674435138,0.1090152665972709,0.6443091750144958
4,37,22.0,0.1803829424810068,0.1817849548112705,2.264655892487166,2.277370000026635,0.0193551890552043,0.0699261136353015,0.2570562541484832
4,37,23.0,0.2077292599329073,0.1839444170810269,2.237046166616655,2.2624599848978617,0.015936573036015,0.0791115902364254,0.3768929183483124
4,37,24.0,0.2264027337155636,0.1964221354410983,2.2138403065009804,2.2447717641232283,0.0182653583586215,0.0893235571682453,0.4823479384183883
4,37,25.0,0.2270017850534967,0.2024920255183413,2.1916644916460206,2.213828290002586,0.023076868802309,0.1030303098261356,0.5303280800580978
4,37,26.0,0.2123604220438726,0.1797647527910686,2.172043314239858,2.2047345976857744,0.0146097727119922,0.0467075683176517,0.2249814242124557
4,37,27.0,0.2342660542278604,0.2167504182693811,2.1613703813070453,2.186606346502812,0.0244994144886732,0.0849912770092487,0.4270516514778137
4,37,28.0,0.2732231017640352,0.2434755840135097,2.1322687572078483,2.1823440402217167,0.017583904415369,0.0696077488362789,0.2678303152322769
4,37,29.0,0.3010349657186164,0.254960498952372,2.1044956812134976,2.156071071794047,0.0186341533437371,0.0940915010869503,0.4322957426309585
4,37,30.0,0.3127384149560601,0.2514626723895299,2.078417408791034,2.1237972939508203,0.0225571353919804,0.1350034266710281,0.6373127549886703
4,37,31.0,0.3167103465465727,0.2874993159145636,2.054702007816924,2.09165785298545,0.0240920387208461,0.1165874786674976,0.6318512380123138
4,37,32.0,0.3192240035245154,0.2841851313890788,2.037388808996297,2.0965639359852264,0.0384140411391854,0.1478715732693672,0.6584052264690399
4,37,33.0,0.3374387414031072,0.2776694130602799,2.033500743283372,2.119999853111583,0.0248542943969368,0.1072805523872375,0.4969790875911712
4,37,34.0,0.3314949429936032,0.2725188360830776,2.0296543757739234,2.0895156634629832,0.0326649989932775,0.1272885531187057,0.520246398448944
4,37,35.0,0.3341750240596425,0.2953749542081585,1.9911238423581248,2.0700882130120632,0.025046026147902,0.1046965926885604,0.6222998291254044
4,37,36.0,0.3172305208944346,0.285913801325953,1.9766336721205064,2.053775386697442,0.0420283365994691,0.1625116728246212,0.7302971661090851
4,37,37.0,0.3395606431020765,0.283738032693141,1.9579244578394908,2.038354149936924,0.0242512568831443,0.1185016676783561,0.6820906281471253
4,37,38.0,0.3370566564605519,0.2796992900030826,1.9713109657458292,2.042543545277161,0.0481980726122856,0.1462293654680252,0.6233397960662842
4,37,39.0,0.3563282170335042,0.283796710470472,1.978490918526853,2.008149403792161,0.042323837801814,0.1508955702185631,0.528056013584137
4,37,40.0,0.3740449004016833,0.3541786870250492,1.9368286754370665,1.9857842061646591,0.0338362764567136,0.1551091894507408,0.7998779356479645
4,37,41.0,0.3694215679847978,0.3107879296056541,1.9100059275497256,2.0061975498876627,0.0272718681022524,0.1076125308871269,0.4930186301469803
4,37,42.0,0.394428831280435,0.3272761476999093,1.9020797955850683,1.993777135420128,0.0327390914782881,0.1421332165598869,0.6346155047416687
4,37,43.0,0.4159799340530423,0.3535493842672634,1.8785365138072447,1.9490978936471883,0.0286749254912138,0.1209359005093574,0.6154926598072052
4,37,44.0,0.3832204350911357,0.2987096333748811,1.8592550763824107,1.943517153079693,0.0365720923990011,0.1554519087076187,0.6148426115512848
4,37,45.0,0.403906162559778,0.3086839899436648,1.8499625211559845,1.951957389447816,0.025281448662281,0.096205760538578,0.3821452438831329
4,37,46.0,0.4261989936976939,0.3494117004856169,1.8377514033929847,1.934813093856947,0.0301237445324659,0.1298269845545291,0.58877814412117
4,37,47.0,0.4319758733707501,0.3898464409687319,1.8174665994681276,1.8971557299766315,0.0377503084018826,0.1305413477122783,0.6512924998998642
4,37,48.0,0.4513125021763639,0.4027283421343019,1.8091106419433416,1.880992538124852,0.0443084847182035,0.1658333986997604,0.6610210299491882
4,37,49.0,0.4466401381994886,0.3652277557753564,1.7853781796614947,1.88753491745898,0.0202415384352207,0.0843161836266517,0.3167336881160736
4,37,50.0,0.435924054848527,0.3790392452834403,1.7919058918025244,1.8842617760043168,0.031594069674611,0.13579131513834,0.6450341820716858
4,37,51.0,0.4635318841270888,0.3978718660510456,1.7689303674586552,1.8609878805262097,0.0364544227719306,0.1514883384108543,0.6852408736944199
4,37,52.0,0.4508774235482962,0.3969451955423317,1.7409448855581915,1.8754043529724933,0.0404374731704592,0.1714451417326927,0.7358714163303375
4,37,53.0,0.4435644897216046,0.396223694820831,1.7514004892876176,1.8923449227090416,0.056792140007019,0.1945662334561348,0.6827670276165009
4,37,54.0,0.4160922895915298,0.3309971257242929,1.7517333142024534,1.8595878887458663,0.0523982338607311,0.1557274803519249,0.5309525609016419
4,37,55.0,0.3923991789463314,0.3241817221306385,1.756516433411535,1.842944260885024,0.0488250479102134,0.1741618141531944,0.604234927892685
4,37,56.0,0.4314015325868429,0.3617196400091136,1.772234758978224,1.8055072853551108,0.0460153385996818,0.163746029138565,0.7619369149208068
4,37,57.0,0.4885956801135372,0.3937386916489083,1.7187577555615614,1.7776687907044,0.0420435708016157,0.1562704712152481,0.6760982632637024
4,37,58.0,0.497839072410641,0.4058779412881579,1.6870331606512403,1.790337164726483,0.0341586828231811,0.1579770967364311,0.617482140660286
4,37,59.0,0.5113212332247287,0.3708915922828462,1.660252121635912,1.776713298622673,0.0516996057704091,0.1948551468551159,0.7211028039455414
4,37,60.0,0.4766128903446932,0.3589341697604082,1.645915606142482,1.7826419892395742,0.0455723708495497,0.178788623213768,0.7652195155620575
4,37,61.0,0.464636530005571,0.3776112239154035,1.6583596398394396,1.796720574593403,0.0550985474139451,0.2080257847905159,0.8006914615631103
4,37,62.0,0.4513874955054366,0.3448846743641635,1.6405319267673717,1.7802231537519828,0.0630509205162525,0.1978266328573227,0.6723125994205474
4,37,63.0,0.4316103380613059,0.3767945515526785,1.6777006550057854,1.7722414520365246,0.0608383912593126,0.2284320250153541,0.7937434315681458
4,37,64.0,0.4954846440353759,0.3930965587989581,1.6702942504957028,1.7848325727959355,0.0607752878218889,0.2414457246661186,0.7503015697002411
4,37,65.0,0.4952364903777677,0.367033741327472,1.6354722503558208,1.833215472966256,0.0446439936757087,0.1740798071026802,0.8087587535381318
4,37,66.0,0.5056765435234879,0.4261680968240566,1.6410544674684102,1.7870764337347809,0.0520904194563627,0.2298077821731567,0.7529389202594757
4,37,67.0,0.4901964928590667,0.3951226802523242,1.6083595608922758,1.735295491105706,0.0354907482862472,0.1750329703092575,0.6814272165298462
4,37,68.0,0.4674685822607154,0.4030394055548854,1.6130056279178724,1.7313979215170503,0.0540378004312515,0.1926398038864135,0.8575865268707276
4,37,69.0,0.4649503061417155,0.3892934905222057,1.6016346376229815,1.7483038457893056,0.0329326462000608,0.1461172387003898,0.6711081087589263
4,37,70.0,0.4764299653447388,0.3894069649390856,1.5910482420531693,1.7524002818666269,0.0463252510875463,0.1914954185485839,0.7028453886508942
4,37,71.0,0.4782863750014006,0.3492146838799315,1.5660615375533642,1.7668000636016123,0.026146282069385,0.1036981865763664,0.4821001827716827
4,37,72.0,0.4747498328450376,0.3501844657320663,1.5700460213167655,1.7608259662368593,0.0601528562605381,0.2190357893705368,0.8614156007766723
4,37,73.0,0.4813368681079847,0.3629455350720831,1.5699593120975717,1.7511676542857697,0.0451811265200376,0.1688348546624183,0.8345788478851318
4,37,74.0,0.4830329242448304,0.3908011589803385,1.5621344746318773,1.7275744055855204,0.0365550000220537,0.1385952204465866,0.5880910217761993
4,37,75.0,0.5305671397826653,0.4471076448920876,1.5366359165206491,1.6851629145752045,0.0354600433260202,0.180646850168705,0.7191071599721909
4,37,76.0,0.5401470489996326,0.4400462218380175,1.5110144603577105,1.6739468560416315,0.0359766293317079,0.1648172616958618,0.5977067589759827
4,37,77.0,0.552501870152546,0.4281004846117076,1.5040448607173875,1.662005265788919,0.0381905190646648,0.137049400806427,0.6069399416446686
4,37,78.0,0.5474950211762322,0.4533971822381265,1.5021291358925488,1.6700328080611822,0.0345205368474125,0.153633975982666,0.6285432279109955
4,37,79.0,0.5420524957099105,0.435115236285902,1.493171100022728,1.701574142867997,0.0533209044486284,0.1709092795848846,0.6304157465696335
4,37,80.0,0.5164856127182155,0.4027160704792284,1.5006901522090927,1.7412945095603989,0.0484413478523492,0.2126852869987487,0.7349463403224945
4,37,81.0,0.5271398668565123,0.4219498166092594,1.49946344037928,1.6771691099426451,0.0550460264086723,0.2165020927786827,0.8239807605743408
4,37,82.0,0.5406934839920562,0.4224701124468926,1.476128379194653,1.6598470182813836,0.0449236279353499,0.1954849392175674,0.6697899401187897
4,37,83.0,0.5172979069935556,0.4215805082000902,1.50071063811677,1.6602878119113178,0.0509458623826503,0.190015697479248,0.8419020891189575
4,37,84.0,0.5238736213905186,0.381382866144863,1.4853632579981586,1.6679744466522035,0.0506810706108808,0.1942329853773117,0.8654742419719696
4,37,85.0,0.5588353367068772,0.4133104039063791,1.4559636744543736,1.6699763705744546,0.0480316240340471,0.1991061151027679,0.6884285390377045
4,37,86.0,0.5693302207399952,0.4029665434754444,1.4439826299244327,1.6797738491430791,0.0657861405983567,0.2290823742747307,0.8701169312000274
4,37,87.0,0.5571714100169547,0.4119792713736211,1.429214658440319,1.6429737792212582,0.0651951435953378,0.2441204652190208,0.7791613668203354
4,37,88.0,0.5547834799534528,0.4507063251935543,1.4084744332829338,1.6159709536817652,0.0513306194916367,0.169329322874546,0.614139050245285
4,37,89.0,0.52059517519044,0.3970857541581226,1.4546641334021602,1.660245953226936,0.0427985891699791,0.1784082174301147,0.6699271976947785
4,37,90.0,0.5539610176413289,0.4497630691032394,1.458311485873122,1.6235402095952682,0.05084606744349,0.196585413813591,0.7086368381977082
4,37,91.0,0.5385013693624316,0.3984695612694839,1.4046667039626304,1.6589155147766923,0.0367566127330064,0.1813600480556488,0.7491357564926148
4,37,92.0,0.5574297486916469,0.406205199384379,1.4092042170146095,1.6511270513195964,0.0395183946937322,0.1551840081810951,0.5452901661396027
4,37,93.0,0.5473779166473336,0.4286467198522152,1.388665326374514,1.6129249334335327,0.0381818270310759,0.1697873622179031,0.8389101922512054
4,37,94.0,0.5523586971450314,0.4719809913598613,1.38791324841837,1.60748407544469,0.0467612538486719,0.2159628093242645,0.8658610820770264
4,37,95.0,0.588477245405637,0.4639771917538944,1.382941587889705,1.5934539983963825,0.0685602292418479,0.2576636105775833,0.7977944731712341
4,37,96.0,0.596248366828074,0.4482944353977635,1.3737470064645612,1.6377239855083487,0.0509515345096588,0.200294055044651,0.7985752880573272
4,37,97.0,0.5954080063362579,0.5151758211258984,1.3934392595105598,1.6252716772655058,0.0626395612955093,0.2202777847647667,0.7067924499511719
4,37,98.0,0.6140498162429654,0.4898447656574591,1.3643788182781829,1.5731855884811583,0.0559507355093956,0.2265879139304161,0.7882810652256012
4,37,99.0,0.6103544393048072,0.5276570995224246,1.3409052753262949,1.555425112064068,0.0390759985893964,0.1864904999732971,0.7498535543680191
4,37,100.0,0.6149306927297449,0.488659189752456,1.3336512175051618,1.5522563429273797,0.0321676649153232,0.1509913980960845,0.6908265590667725
4,53,1.0,0.078743301615642,0.0554664289958407,2.490293302424687,2.4814151814703407,0.0044616993516683,0.0224786737933754,0.1271124541759491
4,53,2.0,0.1140847984912934,0.0924539512774806,2.476283882378604,2.474831459790292,0.0045004963874816,0.0269379096105694,0.1398944735527038
4,53,3.0,0.1425357330772464,0.1343434343434343,2.4681097774654046,2.4683816503490923,0.0051326569635421,0.0307513765990734,0.1514175444841385
4,53,4.0,0.1330458291064593,0.137225193107546,2.4594261785425564,2.4600434514897813,0.0051112666726112,0.0287930151447653,0.1948444083333015
4,53,5.0,0.1346405398757022,0.10502861431654,2.4486032506371287,2.448227265882774,0.003205499658361,0.0148819893598556,0.0889236561954021
4,53,6.0,0.1223133309659465,0.1067407824373768,2.436625012163986,2.4373054264565197,0.0071203584317117,0.0544228844344615,0.2771585702896118
4,53,7.0,0.1131843753484291,0.1067407824373768,2.424166097715207,2.4259050160470093,0.0133210997562855,0.0599053431302309,0.388554348051548
4,53,8.0,0.1271294904503591,0.096281604747162,2.413605688147044,2.4138887394109423,0.0111820633057504,0.0590286556631326,0.3117921948432922
4,53,9.0,0.1323165090122377,0.1257606052787941,2.40590399063051,2.404923903166189,0.0112937613856047,0.0695183139294386,0.4523701444268226
4,53,10.0,0.1386947742040927,0.1187008435750695,2.3962434813206297,2.394704095005284,0.0083280672319233,0.0410548117011785,0.2039407312870025
4,53,11.0,0.1419642164612969,0.1099289137505081,2.382667985871608,2.3805582029579657,0.0074202762916684,0.0449724994599819,0.2377706557512283
4,53,12.0,0.1715000462840808,0.1174764283703912,2.3692653457478325,2.3673641004505948,0.0132153208367526,0.0771965380758047,0.5375539153814316
4,53,13.0,0.2066708352637604,0.1516603730806517,2.3536746919387044,2.362763778697809,0.0161848642863333,0.0946005634963512,0.5121443301439286
4,53,14.0,0.2011290314761759,0.1529987373737373,2.3420816126500585,2.354740213360307,0.014407752174884,0.0781738460063934,0.3793464094400406
4,53,15.0,0.2024279383696876,0.155880496137849,2.3300671493960725,2.3322834474800604,0.0074691661633551,0.0319998949766159,0.1663212165236473
4,53,16.0,0.234914026309903,0.1900644408481095,2.315452746380164,2.3148977925791545,0.0183248055167496,0.0909938458353281,0.4443397104740142
4,53,17.0,0.2593310784560185,0.1952243995684398,2.295843991787981,2.3032051910310103,0.020709809102118,0.1021911773830652,0.5876302629709244
4,53,18.0,0.2006741980446188,0.1920190683929074,2.2885698353734,2.313675932630279,0.0192419831641018,0.1014204695820808,0.6001024872064591
4,53,19.0,0.1777315579002309,0.1909588336929668,2.2875853197120044,2.313365610393547,0.0096399769186973,0.0427943009883165,0.2072684340178966
4,53,20.0,0.2387907465829998,0.1712854160803077,2.2695360016730044,2.28150295082634,0.0197287740185856,0.1072976037859916,0.5530974179506302
4,53,21.0,0.2853536126527448,0.2025106912781061,2.2359484383104378,2.2440240058673204,0.0160481177270412,0.0687208376824855,0.3190737575292587
4,53,22.0,0.2721833279569041,0.2066652398598993,2.220945592984151,2.231629958519569,0.0211118774488568,0.114031933248043,0.6547116309404373
4,53,23.0,0.2619896975325107,0.2082930700190762,2.2151988322632787,2.229760670803002,0.0100185666233301,0.0479209378361702,0.2315136671066284
4,53,24.0,0.2743469594093494,0.2195417800293961,2.206653335215053,2.226141155118773,0.021441007591784,0.0827959135174751,0.3870162755250931
4,53,25.0,0.3112348339616976,0.2437450159489633,2.1824050738189933,2.223242192578739,0.0181074425578117,0.0711120411753654,0.3319263517856597
4,53,26.0,0.3289570138419322,0.2831372939925571,2.162024847728269,2.213323941597572,0.0196116963401436,0.1013591192662715,0.52367482483387
4,53,27.0,0.3348175059001326,0.2579332410795259,2.138375323106343,2.189346196383414,0.0253380270674824,0.1205160997807979,0.6779055178165436
4,53,28.0,0.30699456590664,0.2499804547018169,2.118297270763709,2.176825983284493,0.0293753994628787,0.1374468043446541,0.6048995137214661
4,53,29.0,0.2765162570658692,0.245511519998749,2.1181183083975825,2.1855614143010427,0.0236223189160227,0.1048925675451755,0.5034953832626343
4,53,30.0,0.3454166262246969,0.2360969407699283,2.108614287951577,2.1594237505331546,0.0361135520040988,0.1571809507906437,0.8143929094076157
4,53,31.0,0.3120961289439333,0.2326634182381086,2.08114297473477,2.131726714986316,0.026830662600696,0.1171555407345295,0.5530233234167099
4,53,32.0,0.3021993173288966,0.2231693873721737,2.0776817752229566,2.116746185799322,0.0217421045526862,0.107907822728157,0.4967886954545975
4,53,33.0,0.308388796265236,0.258510316008381,2.069942832920802,2.1101562835761074,0.0352861208841204,0.1534631565213203,0.9432128816843032
4,53,34.0,0.3344970821429587,0.2830386879632235,2.043564678630013,2.102678087336072,0.0347094919532537,0.1298032730817794,0.700641718506813
4,53,35.0,0.3183600289288379,0.2559813498764737,2.0148154891418577,2.119537487537903,0.0328650683164596,0.1424017928540706,0.6829145580530167
4,53,36.0,0.3353075792255524,0.2634178472026769,2.031549598456357,2.1254498041593117,0.0411464028060436,0.1688076928257942,0.662316906452179
4,53,37.0,0.3190597668986127,0.2642420724270569,2.01426003415297,2.057039493639793,0.0320631302893161,0.1238460317254066,0.5686571717262268
4,53,38.0,0.3616981653120871,0.2826819862713825,1.9785054676263716,2.027449638885859,0.0280473258346319,0.1682087406516075,0.9325702488422394
4,53,39.0,0.3503461997417965,0.2800364324358133,1.9592925045740743,2.0318151380888807,0.0468807697296142,0.1455218955874443,0.5611099362373352
4,53,40.0,0.324717129563854,0.2464357194233355,1.9835098522646415,2.037517920048279,0.0370973538607358,0.1524555683135986,0.7580704748630523
4,53,41.0,0.3927577758054882,0.2731891281233386,1.977801511259858,2.0214631416388515,0.041510684788227,0.1425254508852958,0.6392899572849273
4,53,42.0,0.4118431108187748,0.3208980282703192,1.929532623012706,2.004269158346413,0.0359336800873279,0.1456398949027061,0.7915534794330596
4,53,43.0,0.3681301103933482,0.3015130154932786,1.907330465687852,2.0348610652268992,0.0273122480139136,0.1035211235284805,0.4316656708717346
4,53,44.0,0.3827413424152945,0.3036011234637395,1.912625618945764,2.005606583589633,0.0418833129107952,0.1548477753996849,0.7009747743606567
4,53,45.0,0.363153953808949,0.2886280568846358,1.88726419558321,1.9762630956412768,0.0264555158093571,0.1314685247838497,0.7241489708423614
4,53,46.0,0.352970995059261,0.2669298441067017,1.892126614017709,1.963718359992349,0.0422837609425187,0.1125483691692352,0.4527967691421509
4,53,47.0,0.3841684062928663,0.3024113034368452,1.8670469926025155,1.9431646702557623,0.0364698739722371,0.1522606901824474,0.7983449697494507
4,53,48.0,0.4235612139997438,0.3333926672742462,1.836280013800595,1.933014544509572,0.0252903312444686,0.1313648916780948,0.7094950914382935
4,53,49.0,0.4213305788378778,0.3243834575297423,1.81917068559372,1.930907832094904,0.0250209370627999,0.1465756274759769,0.7545597970485687
4,53,50.0,0.4303592672813597,0.3609045871139524,1.8087963482749136,1.902937051107192,0.0263376602903008,0.1077152006328105,0.652726286649704
4,53,51.0,0.4495167832198907,0.3552754853935194,1.8010081363559234,1.8876522081138116,0.0301481988281011,0.1596519440412521,0.7425531089305878
4,53,52.0,0.4759534885784686,0.3811331889215016,1.7866777121324948,1.8687150104511416,0.0335574869066476,0.1495752677321434,0.7592276692390442
4,53,53.0,0.463944328736462,0.3770194900129111,1.7672696507858394,1.861584911685018,0.0255246814340353,0.1452070124447345,0.6797322034835815
4,53,54.0,0.4283460880025429,0.3674804351565188,1.7807988304108495,1.879353231226904,0.0316546589136123,0.1260238960385322,0.6240234732627868
4,53,55.0,0.4530815131738983,0.3912397554715666,1.775954381037315,1.8478557012490264,0.0392786763608455,0.1758551746606826,0.8845663368701935
4,53,56.0,0.480417250067606,0.3906155344913084,1.7422688100124613,1.834626779753781,0.0378626778721809,0.156732702255249,0.7446602940559387
4,53,57.0,0.46903013028183,0.4059341619422889,1.7294556046274383,1.842709511694824,0.0437064424157142,0.1833363309502601,0.8705719828605651
4,53,58.0,0.4863051885058363,0.4092640106281747,1.7263664809646309,1.8688778940742536,0.0319565081968903,0.14897321164608,0.6950159311294556
4,53,59.0,0.5044040048164388,0.4210816423858219,1.7187326385817174,1.8419414370723024,0.0370238725095987,0.1685717642307281,0.7670372784137726
4,53,60.0,0.4731352435269808,0.4193666820795304,1.7001988948087283,1.839013232987308,0.0435730807483196,0.1530884727835655,0.6650507867336273
4,53,61.0,0.4698661626838118,0.3914494485992164,1.6994418425318796,1.828068525833491,0.0399008084088563,0.2021825015544891,0.8619614183902741
4,53,62.0,0.4867284562253367,0.3899488024875022,1.7006247572397908,1.8126391010171563,0.0447114318609237,0.1924489423632621,0.8136609971523285
4,53,63.0,0.4828216376488652,0.4082249267330536,1.7087435982106725,1.8109457295321851,0.0325298357754945,0.1402643948793411,0.7025907397270202
4,53,64.0,0.5087801607198504,0.4018401200192996,1.687918343896532,1.791633341439377,0.0301088824868202,0.15503701120615,0.7206407964229584
4,53,65.0,0.511111254111874,0.4072810982447205,1.6509712818531674,1.7914839023669091,0.0370754491537809,0.1530506208539009,0.6550157546997071
4,53,66.0,0.513977271462074,0.4224718017190927,1.638960503418622,1.765825800641754,0.0414654204621911,0.2033324271440506,0.7600313156843186
4,53,67.0,0.5197097521450625,0.4216264117289659,1.6204538113412226,1.7455463381208611,0.0423248847946524,0.1763707175850868,0.6939335644245148
4,53,68.0,0.5219789597789118,0.4107312203190686,1.6188140949850416,1.7401355427397778,0.044879725575447,0.2133700102567672,0.9597601652145386
4,53,69.0,0.4758815827784792,0.35410555968799,1.6140253645900622,1.7989093326252592,0.0475366223603487,0.1908587783575058,0.7576629161834717
4,53,70.0,0.4724266008880471,0.3603882561796648,1.6377919091324862,1.816083211165208,0.0552708331495523,0.2290636703372001,0.9401302635669708
4,53,71.0,0.5190089826498,0.4172669725785051,1.6021339032900472,1.7364844140216444,0.0356803301721811,0.1867875069379806,0.7864924728870392
4,53,72.0,0.5091897826595274,0.3972339214792775,1.5961522527241985,1.7143686889896732,0.0575628135353326,0.2227928787469864,0.9308350205421448
4,53,73.0,0.5177108279391914,0.3834896677969432,1.5977231765071709,1.7345472122790546,0.0277292564511299,0.1355205759406089,0.6287851214408875
4,53,74.0,0.5016430111219944,0.4088482262921117,1.606017752844072,1.756581062395897,0.055101553723216,0.2138762071728706,0.8076730608940125
4,53,75.0,0.580616005091089,0.4398711099272245,1.5899096685624772,1.7160575925951174,0.0422537937760353,0.2165365621447563,1.0067103683948515
4,53,76.0,0.5507955859929543,0.4485738075134359,1.5552513766381528,1.705356937893749,0.0313495613634586,0.1320944838225841,0.6203631848096848
4,53,77.0,0.5256879296692926,0.4373810528996287,1.5564082508421129,1.714160675833211,0.0371799923479557,0.1611830279231071,0.6841642022132873
4,53,78.0,0.5260766109035386,0.432745536412332,1.5559575641201628,1.7137452152353772,0.0460667621344327,0.2207568064332008,0.9626630306243896
4,53,79.0,0.5115704249557833,0.4380494881365624,1.559558077081168,1.7186826016070575,0.0362663589417934,0.1840818017721176,0.7347122132778168
4,53,80.0,0.5243394432959102,0.4334371328276126,1.5413440210809968,1.7031223385997072,0.0370044764131307,0.1578969299793243,0.6026229679584503
4,53,81.0,0.5365110612161084,0.4227283616796,1.5168928812450009,1.6844811566482634,0.0269422005861997,0.1353955373167991,0.6751327157020569
4,53,82.0,0.5634880307262725,0.4608542998539128,1.5045955032690026,1.65960563075613,0.0283202005550265,0.1469397157430648,0.7003116130828857
4,53,83.0,0.5872866844801337,0.4654144692167137,1.4906602736113137,1.6434833954071857,0.0316477783024311,0.1563485473394394,0.6804280996322631
4,53,84.0,0.5783157382131546,0.4620885993951009,1.46824185903898,1.647065892022037,0.0297840256243944,0.1494305819272995,0.7548812955617905
4,53,85.0,0.5519028525532486,0.4672109334164288,1.470248093864797,1.6778261054902388,0.0379342475906014,0.1578065499663353,0.5755297243595123
4,53,86.0,0.5501021382810297,0.4418789006830803,1.472482819501528,1.67882491780456,0.0851676300168037,0.2781846597790718,0.829276829957962
4,53,87.0,0.5778140519161956,0.4066445358047525,1.45386255575989,1.689571848282447,0.0283171478658914,0.1386930331587791,0.6054612457752228
4,53,88.0,0.5473249405525241,0.4065069369055437,1.4728600385124118,1.70184171905179,0.0424936980009078,0.1358385294675827,0.4860249161720276
4,53,89.0,0.5623518592003635,0.3976689439731236,1.4621924064502645,1.6755026056921694,0.0370630335062742,0.1723557785153389,0.7008939325809479
4,53,90.0,0.5890207390882283,0.4326808275144187,1.4347763386218,1.648352225856668,0.0288389757275581,0.1553030341863632,0.6245610296726227
4,53,91.0,0.6053372792354555,0.4780575826821958,1.417697470011878,1.6411590456257206,0.0382019530981779,0.2105122625827789,0.9080827951431274
4,53,92.0,0.598680248400793,0.4399921372057594,1.4108562747792048,1.654788226065551,0.0374236248433589,0.0993348136544227,0.3092051029205322
4,53,93.0,0.5973562697611849,0.4263730711582879,1.4104482728683532,1.625286985431197,0.0288858471438288,0.1554480597376823,0.6647585988044739
4,53,94.0,0.6095237265090089,0.4584683075782147,1.38982309534392,1.6005560547642457,0.0550599686801433,0.2481033354997635,0.9252303183078766
4,53,95.0,0.6063167202604892,0.4438008317362032,1.3802580666449282,1.6249071916884923,0.046576914191246,0.2033528760075569,0.6304622650146484
4,53,96.0,0.6154536234353465,0.4444719335102463,1.396970885736933,1.640002004493623,0.03739227168262,0.1771656259894371,0.8431021690368652
4,53,97.0,0.6091445357642766,0.4818266281791823,1.3847709434969415,1.6133111313249937,0.0363788329064846,0.151161053776741,0.668528699874878
4,53,98.0,0.6302350671511606,0.5019246673948686,1.369582460084314,1.5761263829011185,0.0344937562942504,0.1743111804127693,0.817564594745636
4,53,99.0,0.6621450524626017,0.5285377687757719,1.3480610365069794,1.5559606044250127,0.0297401661053299,0.1643717601895332,0.6554332643747329
4,53,100.0,0.6587672576894302,0.5117397995880968,1.3389811757009782,1.5445656522491271,0.0470550099387764,0.1840387776494026,0.6297893196344375
4,71,1.0,0.0719605791034362,0.0888888888888888,2.480093043138081,2.4676690821111555,0.0025517034111544,0.0262512806802988,0.1076307341456413
4,71,2.0,0.0897112912150506,0.0940972222222222,2.468740641374996,2.46063772320042,0.005921954056248,0.0462877662852406,0.2247940227389335
4,71,3.0,0.118939800800703,0.0811051693404634,2.4600853817936046,2.4531471009790544,0.0049418188864365,0.0516067566350102,0.277387848496437
4,71,4.0,0.1128763286763006,0.0860071301247771,2.451064401099654,2.4457013409518638,0.0025252467934478,0.0154133204370737,0.0874403536319732
4,71,5.0,0.1012263138907875,0.1007130124777183,2.4414966412555383,2.4348641739794488,0.0071680225431919,0.0394381608814001,0.2007493913173675
4,71,6.0,0.0980735638630375,0.088235294117647,2.431469529519285,2.424983983914528,0.0084277180023491,0.0605794936418533,0.4629601582884788
4,71,7.0,0.1031955252349989,0.088235294117647,2.422238071604925,2.417143459150777,0.0074655251111835,0.0625271342694759,0.3715515285730362
4,71,8.0,0.0996504591899328,0.0958110516934046,2.4154534126534077,2.407583516024979,0.0046773510985076,0.0280505113303661,0.1193208500742912
4,71,9.0,0.1056246437355459,0.1017634326457855,2.4069245186297348,2.397917147924209,0.0093623084481805,0.0746618829667568,0.2918357282876968
4,71,10.0,0.1174241617955623,0.1142411510058569,2.398970865553919,2.387257293836605,0.0092796511016786,0.0524218820035457,0.2409019842743873
4,71,11.0,0.1376679763982795,0.1323010065270127,2.3881535029133008,2.378565682461981,0.0100155579857528,0.0860225416719913,0.4775090336799621
4,71,12.0,0.1382509709202438,0.1370907214560465,2.378336240345402,2.3752083594982443,0.0113605728838592,0.0735982943326234,0.343833315372467
4,71,13.0,0.1249938587914511,0.1169668824467586,2.3748574442436725,2.372078143633329,0.0130801067687571,0.0751749835908413,0.3259512990713119
4,71,14.0,0.1501402288676324,0.139109262125903,2.3687758334415894,2.353677223420002,0.0147317725233733,0.1008841089904308,0.5237338900566101
4,71,15.0,0.1716146173632975,0.156016726866185,2.353142587127389,2.336330096397174,0.0090899881906807,0.0475504726171493,0.1906681805849075
4,71,16.0,0.1836348961388955,0.1521467578259374,2.341993337475372,2.3274179958027497,0.014673048723489,0.0817538261413574,0.4201803147792816
4,71,17.0,0.1889247082771118,0.1837347518752317,2.33096662291293,2.3209503092004,0.0149669216014444,0.0858020082116127,0.3296590059995651
4,71,18.0,0.1756534072208564,0.1575831429062853,2.317777526981636,2.31295922945237,0.0130145542323589,0.0903412833809852,0.4470855593681335
4,71,19.0,0.1974782680569754,0.1681141495673229,2.3022597550418125,2.310597415506487,0.019209565129131,0.1037240326404571,0.4460456341505051
4,71,20.0,0.2221081738144008,0.1930961678929945,2.2896698504570394,2.298108686356855,0.0200333031825721,0.1010924249887466,0.5176526963710785
4,71,21.0,0.1994516317504639,0.1731365093884443,2.2791707218852952,2.2851015590351715,0.013729914650321,0.0909317962825298,0.4031241565942764
4,71,22.0,0.2090095000384354,0.1761870418023668,2.266931036566946,2.2729619325265378,0.0190914383158087,0.1247754350304603,0.6440227627754211
4,71,23.0,0.2205905811313946,0.1647867580046372,2.251421648240739,2.258291236042271,0.0175325123593211,0.11005450040102,0.5653679847717286
4,71,24.0,0.2479126833435144,0.2052405411925535,2.235880842468618,2.243882206064709,0.0108429972082376,0.0481766380369663,0.1997485041618347
4,71,25.0,0.2708079241453902,0.2154900955597549,2.2191161626971647,2.232490191092858,0.0286634318530559,0.128800618648529,0.4450217008590698
4,71,26.0,0.2618607751031563,0.220272885868861,2.2055013652905417,2.2211515621320737,0.024386323057115,0.1168828807771205,0.5733858197927475
4,71,27.0,0.2810416592641436,0.2136882703639669,2.1936076030656984,2.2057360855079966,0.0280773887410759,0.1316278085112571,0.600177475810051
4,71,28.0,0.2768860004932233,0.2481873411246476,2.1754406732343976,2.1904505441880087,0.0181520633399486,0.0695653468370437,0.2766452461481094
4,71,29.0,0.2944708201222159,0.2562168846805069,2.1588375150925456,2.1833700639961737,0.0253084542229771,0.0971560999751091,0.4012406319379806
4,71,30.0,0.3077729024117602,0.282210609522916,2.1381704584633794,2.17754266530099,0.0372118029743433,0.1446461386978626,0.505018076300621
4,71,31.0,0.3057418900444016,0.2104390041503044,2.1120455274322154,2.173245245183008,0.0186763999983668,0.0839995436370372,0.3987339049577713
4,71,32.0,0.303976299523012,0.231799669628617,2.1019251411527047,2.1695605241335354,0.0274528767913579,0.1150133043527603,0.5601035594940186
4,71,33.0,0.3328841576711918,0.282179434772314,2.080720105523729,2.1591435593260817,0.0213581040501594,0.0871093221008777,0.3732002377510071
4,71,34.0,0.3322015554878297,0.2923064959636167,2.065767917651611,2.144422665150208,0.030538916029036,0.1340896852314472,0.6126006573438645
4,71,35.0,0.347160828670787,0.3046688970644079,2.0655622644647087,2.1211873144793087,0.0292673554271459,0.1320883557200431,0.7337794423103332
4,71,36.0,0.3747918375572951,0.2642135921354188,2.0464758696723075,2.0826817094927,0.0304652465507388,0.1363087989389896,0.6138231456279755
4,71,37.0,0.3389662065768888,0.2541383259843012,2.035889970653252,2.0715558641761014,0.0324950646609067,0.1148577913641929,0.6429518520832062
4,71,38.0,0.3216613111909864,0.2332337081563087,2.038667809638532,2.067134414198836,0.0503401476889848,0.2124669179320335,1.065177422761917
4,71,39.0,0.3163748015546727,0.2808514294872653,2.0138452507642457,2.1185994557375034,0.0276995483785867,0.1078554973006248,0.4486657619476318
4,71,40.0,0.2863208716442199,0.2838577336835851,2.0372125081978885,2.152958277414536,0.0328008204698562,0.1409077554941177,0.700609278678894
4,71,41.0,0.3341788490109758,0.3078127443162272,2.022580795250978,2.081263030069114,0.0303969405591487,0.1082668021321296,0.5101304650306702
4,71,42.0,0.3915888187049801,0.3407500480255898,1.9634654211163056,2.025691366759983,0.027672185562551,0.1415481060743331,0.6966450423002243
4,71,43.0,0.3933129310698899,0.3186390385500292,1.938865728415404,2.021709842794745,0.0250972345471382,0.126201032102108,0.6621352732181549
4,71,44.0,0.4194762494899471,0.3194896499269564,1.93127286851638,2.0333489595785648,0.0277735048905015,0.1183338083326816,0.5177191853523254
4,71,45.0,0.4385170736429535,0.3351978710144345,1.9214551773516584,2.028655413339829,0.0381662359461188,0.1540797717869281,0.5784154593944549
4,71,46.0,0.4312259186049379,0.334729816966659,1.906363891720308,2.0127934929887217,0.0467564916238188,0.1859265215694904,0.7915761470794678
4,71,47.0,0.4331696101117994,0.3178845621183082,1.8918450987292637,2.0098210848294773,0.0342110017314553,0.1645379558205604,0.7104014396667481
4,71,48.0,0.4197906360290377,0.3162318117039479,1.8833740008016504,1.9980341809741136,0.0250865675508976,0.0966956108808517,0.4727149367332458
4,71,49.0,0.4172540571996658,0.3222625134583338,1.8639709031071643,1.963207503042277,0.0286850849166512,0.1151524692773819,0.4040365397930145
4,71,50.0,0.3925897555691788,0.3217394254352458,1.8451053957067112,1.949091671486578,0.013488086219877,0.0557331746444106,0.2356856849044561
4,71,51.0,0.4192425442365451,0.3384142452834403,1.834880177149049,1.933170199394226,0.0290765151381492,0.13453289270401,0.6938083410263062
4,71,52.0,0.4492584980386931,0.3577590087071511,1.8110002552952749,1.9280614563699303,0.0231764100492,0.1016600593924522,0.6346917986869812
4,71,53.0,0.4620120899981122,0.3676650544587851,1.7932917042001213,1.9130204006059637,0.0329480109736323,0.1559946022927761,0.7904279679059982
4,71,54.0,0.4252982651313918,0.4035542845527365,1.7881218176407572,1.922061092754793,0.0279574025422334,0.149953019618988,0.7613997280597686
4,71,55.0,0.4615977667349448,0.40075422513503,1.7883492740675633,1.9138395243142483,0.0388638194650411,0.1698748722672462,0.7170649588108062
4,71,56.0,0.4707356500504597,0.3764230093951456,1.777673104393807,1.910589138431662,0.0634018678218126,0.2700562328100204,0.867289787530899
4,71,57.0,0.4431205239595897,0.3659042185454724,1.7820585933640771,1.8882697827717256,0.0356998402625322,0.1466751605272293,0.8091122210025787
4,71,58.0,0.4640237148580813,0.3781459274299831,1.7792261880659408,1.8545663032306017,0.0410839382559061,0.148686072230339,0.5226190686225891
4,71,59.0,0.4762860952570598,0.3457939216356399,1.7685112405843773,1.852464613829844,0.0391975738108158,0.1570658668875694,0.665037989616394
4,71,60.0,0.5105408453772715,0.386858439548068,1.746173705572284,1.823705643591796,0.0404614746570587,0.1594012811779976,0.6159628301858902
4,71,61.0,0.4767406323657323,0.3906554068996019,1.7166663867490302,1.873727780827404,0.0370213039219379,0.1739951573312282,0.6675783216953277
4,71,62.0,0.4751006033395851,0.4017370046104566,1.7453249233705987,1.889354329137407,0.0616783075034618,0.1955014154314995,0.7470485448837281
4,71,63.0,0.4689687902793806,0.3806411220788155,1.7275807546734343,1.848482485353594,0.038446295261383,0.1552759140729904,0.6388697922229767
4,71,64.0,0.4715764361041116,0.3505794901692734,1.7173774196016185,1.849267489105992,0.0571154627948999,0.1983835414052009,0.5227532982826233
4,71,65.0,0.4609610676854918,0.3463225102640737,1.73497783998571,1.8303475535127536,0.0436875477433204,0.1538284376263618,0.5269095540046692
4,71,66.0,0.5188230971955576,0.3831260694070291,1.7014779654922187,1.787007166083748,0.0495062466710805,0.1696065187454223,0.7309225678443909
4,71,67.0,0.481576385951186,0.3899370194648832,1.6599658249881015,1.826455324359194,0.0344886014237999,0.1701639153063297,0.6756955444812774
4,71,68.0,0.4813876805463151,0.3887690901719539,1.6703031879454735,1.8501118809513792,0.0402304872870445,0.1374999821186065,0.4953699171543121
4,71,69.0,0.4921174389764416,0.3901205079320404,1.6648285240514733,1.802770003764587,0.0454288735985755,0.2009527072310447,0.7721455454826355
4,71,70.0,0.5157045279015763,0.4017741965207135,1.6322038813787676,1.777123046344554,0.0456484358757734,0.1852052345871925,0.6915015697479248
4,71,71.0,0.5246663578560474,0.4089967705583031,1.629511784950583,1.7946978363059682,0.0405626989901065,0.16435457020998,0.6027351677417755
4,71,72.0,0.5144522235527674,0.4029155442081139,1.6337244204510046,1.7871060681766306,0.0440751034766435,0.2167713969945907,0.9050730049610138
4,71,73.0,0.5338628760901197,0.3823995287907827,1.63178288936615,1.7657444039745445,0.0436629898846149,0.1466613620519638,0.5487600028514862
4,71,74.0,0.5280059404059565,0.4150792673528742,1.611581186376193,1.757918964476275,0.037163695693016,0.1538926318287849,0.6905444681644439
4,71,75.0,0.5689183081800263,0.4075629274835931,1.590659915241286,1.743671840464575,0.0354229561984539,0.1777374237775802,0.7521325469017028
4,71,76.0,0.5556516428011989,0.4170966771876214,1.576594631031793,1.7461690521804538,0.0474631365388631,0.2101890832185745,1.008508962392807
4,71,77.0,0.5316432479361412,0.4180440377905548,1.5752567423920687,1.7570124857524445,0.0599928237497806,0.2219153925776481,0.697295606136322
4,71,78.0,0.5410239164153537,0.3902788667301051,1.5664930056041315,1.741822872641524,0.0343303885310888,0.1349648177623748,0.7170988321304321
4,71,79.0,0.5532231446365183,0.391589434816989,1.5759576893038325,1.7282583367895092,0.0546091001480817,0.255063384771347,0.9029163897037508
4,71,80.0,0.5610701403104619,0.4350292090520418,1.555921389435052,1.7207265612641736,0.0452568363398313,0.2444472417235374,0.7734847068786621
4,71,81.0,0.5386716923716004,0.422484980834439,1.5496086295012834,1.7396253460257716,0.0518088303506374,0.1994774013757705,0.6285293996334076
4,71,82.0,0.5455324390299794,0.4285957205848846,1.576244498969052,1.7520421637585883,0.0511636573821306,0.2237895786762237,0.7437982201576233
4,71,83.0,0.5658837686203307,0.4652696385571771,1.5652774743996705,1.7040605636743398,0.0377490170300006,0.1457127779722213,0.506183123588562
4,71,84.0,0.5920292266501873,0.5048475969335102,1.5282671850479066,1.6672197016033194,0.0349242102354765,0.1763521507382393,0.6836713671684265
4,71,85.0,0.5631123973544186,0.5126561808934099,1.5101886403235945,1.6608642523105328,0.0263983586803078,0.1581872925162315,0.7891131520271302
4,71,86.0,0.603867888130906,0.5226305374621937,1.500719192426956,1.65446630314257,0.0389411818236112,0.1731799036264419,0.570357370376587
4,71,87.0,0.580359350795581,0.4336257449550793,1.4774713632197696,1.674060977422274,0.028371718339622,0.1511005356907844,0.5438480287790298
4,71,88.0,0.5796325917301561,0.4506804835171707,1.4855655278677142,1.6836924341303356,0.0338853657245636,0.1495089516043663,0.6463043361902236
4,71,89.0,0.5994714584705186,0.4250774133417322,1.4722433182979835,1.6561286646938889,0.0693518418818712,0.275916177034378,0.9389106392860412
4,71,90.0,0.5352144828988534,0.4099227709425078,1.4651166901050374,1.6917226173468596,0.0382397603243589,0.1795490086078643,0.6463668763637542
4,71,91.0,0.5556125361711467,0.44520017735962,1.511354863875571,1.668763471778328,0.0966520220041275,0.3446985185146332,1.2021899044513702
4,71,92.0,0.5497525011937705,0.4113250064778702,1.4602504486239838,1.7347841791852692,0.0312907665967941,0.1769321382045746,0.7062094867229461
4,71,93.0,0.5675115456940365,0.4288717979217205,1.5152333552735324,1.7305714456287362,0.0598742149770259,0.2333708733320236,0.9095230102539062
4,71,94.0,0.611556562094476,0.4844249103150032,1.460509514530345,1.6717614048331446,0.038929284363985,0.2130753919482231,0.8575560271739959
4,71,95.0,0.6017784909437244,0.413898284592944,1.431418353017666,1.7061535888875023,0.0576796643435955,0.2091255336999893,0.8089430570602417
4,71,96.0,0.5726845921879716,0.3982901912758723,1.474370678111273,1.7401438105035816,0.0921359527856111,0.3493009224534035,0.902185606956482
4,71,97.0,0.5236596774885648,0.425585591094492,1.4704522631975463,1.744046942016782,0.0568203054368495,0.2677503168582916,0.8493043303489685
4,71,98.0,0.5697015027157205,0.4808407354169737,1.4700228022230275,1.687753562391157,0.0540466792881488,0.226365278661251,0.859373140335083
4,71,99.0,0.5748250787699476,0.4930260561162263,1.4164311760594408,1.633470916889123,0.049004378542304,0.2037435710430145,0.8568178057670593
4,71,100.0,0.5161253351422924,0.4310873970800441,1.4334833385415575,1.6548264040749454,0.0461878735572099,0.2148639440536499,0.7144748985767364
